range_lo,range_hi,angle_lo,angle_hi,gt_count,missed,miss_rate,source,n_fp,fp_per_frame,score_mean,score_std,fp_score_mean,fp_score_std,x_mean,y_mean,z_mean,distal_mean,perp_mean,yaw_mean,width_mean,length_mean,box_height_mean,x_std,y_std,z_std,distal_std,perp_std,yaw_std,width_std,length_std,box_height_std,n_fp_car,n_fp_truck,n_fp_bus,n_fp_construction_vehicle,fp_width_mean,fp_width_std,fp_length_mean,fp_length_std,fp_height_mean,fp_height_std,fp_yaw_std
0.0,5.0,-180.0,-170.0,0,0,1.0,no_data,0,0.0,,,,,,,,,,,,,,,,,,,,,,,0,0,0,0,0.0,0.0,0.0,0.0,0.0,0.0,0.7853981633974483
0.0,5.0,-170.0,-160.0,0,0,1.0,no_data,0,0.0,,,,,,,,,,,,,,,,,,,,,,,0,0,0,0,0.0,0.0,0.0,0.0,0.0,0.0,0.7853981633974483
0.0,5.0,-160.0,-150.0,0,0,1.0,no_data,0,0.0,,,,,,,,,,,,,,,,,,,,,,,0,0,0,0,0.0,0.0,0.0,0.0,0.0,0.0,0.7853981633974483
0.0,5.0,-150.0,-140.0,3,0,0.0,measured,0,0.0,0.7964081962903341,0.047375762128835076,,,0.08556358019510905,0.07638208071390788,0.050581773122151695,0.09135167168296114,0.05170651501360727,0.03092323491970698,0.3338934580485026,0.05359784762064616,0.154342254002889,0.038957475658706366,0.020467644061903215,0.03152630246067539,0.04709874431461883,0.04306941540114633,0.020472339633559582,0.12691916544841403,0.047074621302537305,0.10373216151817999,0,0,0,0,0.0,0.0,0.0,0.0,0.0,0.0,0.7853981633974483
0.0,5.0,-140.0,-130.0,51,0,0.0,measured,1,0.000125,0.7558147778698042,0.07433185758662249,0.42036736011505127,,0.1505717997457467,0.09107587384242638,0.05300960470648373,0.13035161419557767,0.10817792772461103,0.029213787275640404,0.3700591162139294,0.16151689781862147,0.09193291149887384,0.10001832984078193,0.04707301312802702,0.04741678401297728,0.09475078953073719,0.07425965968844533,0.02081780411293584,0.31659765716033433,0.13870724785336272,0.07630919156128141,1,0,0,0,1.9924407005310059,0.0,4.037205696105957,0.0,1.7784098386764526,0.0,0.7853981633974483
0.0,5.0,-130.0,-120.0,113,1,0.008849557522123894,measured,2,0.00025,0.7332783586212567,0.07693003674447567,0.6028476059436798,0.1487657129764557,0.1296974771789142,0.10287633325372424,0.05199858865567616,0.14007581500102856,0.08363152429277322,0.032198696658659695,0.3850348038332803,0.2115484390939985,0.1350122775350298,0.09956014302881688,0.046911057425525975,0.04739565500604184,0.06984791675753042,0.08957481587982076,0.023217127690836323,0.24089009449883694,0.10317944477959777,0.08482349219914133,2,0,0,0,2.1219139099121094,0.15389871157534743,5.234604120254517,0.43894863764774256,1.7176144123077393,0.17376859042471735,0.0040755633725110055
0.0,5.0,-120.0,-110.0,53,1,0.018867924528301886,measured,3,0.000375,0.7380004960757035,0.08252476814112952,0.31045140822728473,0.19314342653951114,0.1618532630113455,0.07689644740178035,0.05646885816867535,0.11765336201507462,0.14209099279568788,0.04912861404185465,0.3296757936477661,0.15788297699047968,0.08963188758263221,0.14427183252491838,0.05649264837202646,0.04535503360988965,0.0875992261901314,0.12003972298532613,0.03077527556434984,0.24306459989147938,0.10990085893731702,0.06860837066169713,2,1,0,0,2.3299970229466758,0.6860340980109395,6.595990180969238,3.374232866884977,2.194438378016154,0.9872869368539077,1.511491051086087
0.0,5.0,-110.0,-100.0,55,0,0.0,measured,4,0.0005,0.7180598237297752,0.08646486047048445,0.2602002751082182,0.13240543566711455,0.17953095761212437,0.08829037926413796,0.0673052126711065,0.09614577292317666,0.17163034353197437,0.037575961168940096,0.3027744986794212,0.14663883339275013,0.10381637269800359,0.18808524164434282,0.058579657288271025,0.049214647935708164,0.08785892038311378,0.18003892862758572,0.02670653421943592,0.303203410504417,0.12253950842236046,0.08739615422994533,3,1,0,0,2.1421023309230804,0.18188086477183332,5.157997488975525,0.9063217730066745,1.832600712776184,0.19448043751275568,0.6526228464585568
0.0,5.0,-100.0,-90.0,43,0,0.0,measured,3,0.000375,0.7090502353601678,0.07419412754257156,0.31020717322826385,0.24275677121751812,0.1606343374046129,0.09253113768821539,0.06318979485090388,0.09946710666756978,0.15569088275499177,0.034491112071403596,0.28959823763647746,0.1464067531186481,0.10141139252241267,0.1323318590512493,0.056100605274336,0.05375506321645516,0.06380388925406015,0.1296923593031231,0.02717057206271178,0.2834160582223184,0.10155691871554799,0.0701086372142427,2,1,0,0,2.2266120513280234,0.5296120207353789,5.7841494878133135,1.7480939263274888,2.122808814048767,0.847088608238865,1.3260497091957886
0.0,5.0,-90.0,-80.0,64,1,0.015625,measured,2,0.00025,0.7623091392100804,0.09595726289925792,0.31933990865945816,0.20996292680501938,0.11345946810223044,0.09769249719286723,0.05813110536999173,0.09913509965265095,0.11294592353222575,0.026711144656430753,0.22387170791625977,0.15106461161658877,0.07274294467199416,0.10751183716208888,0.05772416354096861,0.04369036709406035,0.060202068174767434,0.10535136666452721,0.02495330617528739,0.16001957926589452,0.07859150010642349,0.050076736566923644,1,1,0,0,2.692996621131897,0.5693501440034785,8.342297554016113,3.380179947972006,2.5284382104873657,0.7753083056846941,2.1435133586745665
0.0,5.0,-80.0,-70.0,47,0,0.0,measured,2,0.00025,0.7293616875689081,0.08055549516556122,0.40914759784936905,0.2884266600012779,0.15967161604698668,0.09045845904248825,0.07595388686403315,0.09836153261601924,0.1525301465858698,0.03501094202406518,0.3384483722930259,0.16168367862701416,0.11974696402854108,0.11703722642293607,0.07889137691676495,0.06312566529389246,0.09404347559981673,0.10869548051792245,0.026554938470496506,0.2700106113985351,0.11275998555319042,0.07678939364105088,1,0,1,0,2.662528097629547,1.0645999748849226,11.76110577583313,9.979508874048264,2.90463525056839,1.9040094224698354,0.03415437172329014
0.0,5.0,-70.0,-60.0,64,1,0.015625,measured,5,0.000625,0.7394229301384517,0.07663398983269418,0.38962072134017944,0.25578541596653864,0.1716557646554614,0.08451308144463433,0.07074648898745341,0.12345436125122815,0.1456589218748572,0.04248268047411416,0.3054509427812364,0.15832393510001047,0.08976670863136413,0.1476695825957384,0.051809449328827896,0.06255067177272361,0.08847303083882042,0.12966768725851932,0.043220242616967615,0.2845928525379224,0.10170179164716818,0.0646970672208911,5,0,0,0,2.003253149986267,0.13660223008566236,4.620049285888672,0.559914548101578,1.704442286491394,0.16229777170280982,1.3235811957259176
0.0,5.0,-60.0,-50.0,64,0,0.0,measured,1,0.000125,0.7385655320249498,0.08712204737278131,0.7853370308876038,,0.1696355976164341,0.08557657897472382,0.060649643652141094,0.1517136453545347,0.11959307287110059,0.04595776061531803,0.34233466163277626,0.18019243329763412,0.09673403017222881,0.16238003084669844,0.06365868957830544,0.05001957960311487,0.11295710952696827,0.1282203110513395,0.037691412147383294,0.30547877299073645,0.14557859653113367,0.09487300003144741,1,0,0,0,1.9807158708572388,0.0,4.1502580642700195,0.0,1.7561928033828735,0.0,0.7853981633974483
0.0,5.0,-50.0,-40.0,51,1,0.0196078431372549,measured,6,0.00075,0.7239121347665787,0.09445015641477235,0.206945039331913,0.2020968284133683,0.22366846084594727,0.09697020530700684,0.06515429377555847,0.1799469547750712,0.17242008214538232,0.040685603006379766,0.3991706991195679,0.15178468227386474,0.10604987859725952,0.16351266083972632,0.06643080163434775,0.04730817809715296,0.11777274429117549,0.12083142057193168,0.03478600235176061,0.29776467861671574,0.1417220016157867,0.07902961950161737,6,0,0,0,2.1162939071655273,0.0683696399023518,4.951884587605794,0.4024328706313706,2.0453563133875527,0.054495457021690105,2.4542342485683912
0.0,5.0,-40.0,-30.0,5,0,0.0,measured,0,0.0,0.672215211391449,0.10057247944669424,,,0.29344401359558103,0.10497555732727051,0.0801859974861145,0.2815923376169769,0.11576023825889754,0.04641224108636379,0.25186977386474607,0.1044813871383667,0.07680528163909912,0.18643293231087463,0.08327806020131236,0.06256074193970573,0.20397674913173894,0.06723495191845236,0.040768646613438396,0.1592826777444372,0.1261210185115182,0.06814439204412864,0,0,0,0,0.0,0.0,0.0,0.0,0.0,0.0,0.7853981633974483
0.0,5.0,-30.0,-20.0,0,0,1.0,no_data,0,0.0,,,,,,,,,,,,,,,,,,,,,,,0,0,0,0,0.0,0.0,0.0,0.0,0.0,0.0,0.7853981633974483
0.0,5.0,-20.0,-10.0,0,0,1.0,no_data,0,0.0,,,,,,,,,,,,,,,,,,,,,,,0,0,0,0,0.0,0.0,0.0,0.0,0.0,0.0,0.7853981633974483
0.0,5.0,-10.0,0.0,0,0,1.0,no_data,0,0.0,,,,,,,,,,,,,,,,,,,,,,,0,0,0,0,0.0,0.0,0.0,0.0,0.0,0.0,0.7853981633974483
0.0,5.0,0.0,10.0,0,0,1.0,no_data,0,0.0,,,,,,,,,,,,,,,,,,,,,,,0,0,0,0,0.0,0.0,0.0,0.0,0.0,0.0,0.7853981633974483
0.0,5.0,10.0,20.0,0,0,1.0,no_data,0,0.0,,,,,,,,,,,,,,,,,,,,,,,0,0,0,0,0.0,0.0,0.0,0.0,0.0,0.0,0.7853981633974483
0.0,5.0,20.0,30.0,0,0,1.0,no_data,0,0.0,,,,,,,,,,,,,,,,,,,,,,,0,0,0,0,0.0,0.0,0.0,0.0,0.0,0.0,0.7853981633974483
0.0,5.0,30.0,40.0,1,0,0.0,measured,0,0.0,0.816002607345581,,,,0.08238530158996582,0.17335891723632812,0.09643739461898804,0.1737071470839764,0.08164850981718824,0.04122447967529297,0.4593973159790039,0.0228956937789917,0.0013664960861206055,,,,,,,,,,0,0,0,0,0.0,0.0,0.0,0.0,0.0,0.0,0.7853981633974483
0.0,5.0,40.0,50.0,24,0,0.0,measured,1,0.000125,0.7381103411316872,0.07134790819978892,0.14829689264297485,,0.1705272098382314,0.05009384950002035,0.0564636637767156,0.12011387238500548,0.12900867266977276,0.04150903087693362,0.2861384153366089,0.1278257817029953,0.07531819740931193,0.1435818779734508,0.040536161689908076,0.04161322847815843,0.09533912680902022,0.11699457284776842,0.03659483614125221,0.274081428420982,0.09059221978835738,0.0632421802814024,1,0,0,0,2.0891852378845215,0.0,4.8623480796813965,0.0,1.9783320426940918,0.0,0.7853981633974483
0.0,5.0,50.0,60.0,68,0,0.0,measured,1,0.000125,0.7542603550588384,0.054087943251552105,0.23405960202217102,,0.13381468899109783,0.06134773352566887,0.042783458443248976,0.09795715243126658,0.10455421296268942,0.03354632602841936,0.26594211774713855,0.1264589183470782,0.07730737503837137,0.09721668368750314,0.035297008104129515,0.03814925752045131,0.07502633918241403,0.0788082421769151,0.023618541578935264,0.1842129031522936,0.08399408995049099,0.07250603388502531,0,1,0,0,2.478065252304077,0.0,6.051938056945801,0.0,1.9840120077133179,0.0,0.7853981633974483
0.0,5.0,60.0,70.0,89,0,0.0,measured,0,0.0,0.746745265601726,0.05500517696152934,,,0.1353635573655032,0.07502602459339613,0.04622785361965051,0.11557045683504684,0.10213941366466839,0.035248723965499267,0.2322739322533768,0.11466925733544853,0.06908303834079357,0.1050377847920409,0.05343474239388764,0.03710372522446393,0.0694710386343458,0.09604784969948339,0.03143056596822474,0.2133099406750536,0.07430274126284746,0.06030365099711001,0,0,0,0,0.0,0.0,0.0,0.0,0.0,0.0,0.7853981633974483
0.0,5.0,70.0,80.0,64,0,0.0,measured,0,0.0,0.7455362845212221,0.05078070598207912,,,0.13931302074342966,0.07294070720672607,0.04838372953236103,0.09315770899158796,0.1293329296480672,0.04081205538710719,0.2800147607922554,0.1092558242380619,0.07985850423574448,0.13787871967839,0.06324498346539681,0.03160552709665869,0.07558594129998861,0.12891987368923521,0.02993623403078582,0.20602516329262827,0.08666434762019937,0.0695241194791008,0,0,0,0,0.0,0.0,0.0,0.0,0.0,0.0,0.7853981633974483
0.0,5.0,80.0,90.0,87,0,0.0,measured,0,0.0,0.7711051401050611,0.04781403685430511,,,0.10033208238838733,0.04638408792429957,0.033388750306491195,0.05067085326305134,0.09867813602917708,0.020846643210816914,0.23274175051985116,0.08217607421436529,0.07396720469683066,0.0982072861120283,0.05146502999629766,0.031811887417274094,0.05459951039802618,0.09604849967941341,0.025270113552217276,0.08578567391369064,0.06802185215137299,0.04698124477784648,0,0,0,0,0.0,0.0,0.0,0.0,0.0,0.0,0.7853981633974483
0.0,5.0,90.0,100.0,295,0,0.0,measured,2,0.00025,0.7831916873737917,0.028356635158155948,0.42378144338727,0.3221151940524578,0.07777817136276577,0.1072096161923166,0.05670857086020001,0.11309167850432239,0.07291865435922973,0.040370056825317795,0.18466178279812054,0.24878728470559847,0.1102678399975017,0.09771853037444143,0.0924255902998869,0.06338790101681081,0.09559125680211233,0.09159803703120252,0.01941164939419818,0.15637928535611675,0.21981825300644367,0.06560701775560984,1,0,1,0,2.5967817306518555,0.711913882140306,8.674461126327515,5.504257369773837,2.635508894920349,1.1424990677569409,0.07624216920669787
0.0,5.0,100.0,110.0,95,1,0.010526315789473684,measured,1,0.000125,0.7722851266252234,0.059881264541470434,0.7485684752464294,,0.22387606603034,0.07783466957985087,0.04051843031923821,0.10530568502534046,0.21445413669920038,0.04108894343950484,0.30464187074214855,0.2113720343468037,0.08387418883912107,0.1926518764098589,0.07076691129368537,0.04291944941229088,0.08389720558374461,0.1848859778276789,0.028514472908146023,0.18104583412544553,0.20337777816914657,0.06831761457063883,1,0,0,0,2.2387070655822754,0.0,5.607710838317871,0.0,1.9391241073608398,0.0,0.7853981633974483
0.0,5.0,110.0,120.0,67,0,0.0,measured,0,0.0,0.7646010838337799,0.06423777833367189,,,0.1606777870832984,0.07648841302786301,0.04545741472671281,0.11399262795244003,0.14713340622410886,0.03347503275032941,0.3402457735431728,0.1707147199716141,0.09161672307484185,0.14652356790007903,0.09350340047620728,0.0462591708858736,0.10932428975651483,0.12363458923339911,0.021760154609704416,0.26320125698916214,0.22041709863296285,0.09757271925906945,0,0,0,0,0.0,0.0,0.0,0.0,0.0,0.0,0.7853981633974483
0.0,5.0,120.0,130.0,82,0,0.0,measured,0,0.0,0.7580753135971907,0.06769143857667585,,,0.2008140058052249,0.10165127021510427,0.0523820483103031,0.1664302676935178,0.16460698752790515,0.02991766349849768,0.34780472080882,0.19083757807568805,0.09008283004528139,0.19668307467970442,0.09596817988140714,0.051337591448994316,0.15966714680057995,0.1351490916140818,0.02677089162397015,0.2690676628377863,0.19167441313877015,0.08378743159529381,0,0,0,0,0.0,0.0,0.0,0.0,0.0,0.0,0.7853981633974483
0.0,5.0,130.0,140.0,45,0,0.0,measured,0,0.0,0.7469514542155795,0.06702479318424728,,,0.2028287516699897,0.09548311233520508,0.0438781115743849,0.19484693699912886,0.11329123466558513,0.035587156588459914,0.40356791814168297,0.20044177373250324,0.07309700383080377,0.16124596456471252,0.10088281073245256,0.042672203328554176,0.15545297528788046,0.10709000699905921,0.023918297926366024,0.3781388847407355,0.18975833214512464,0.06794631685078009,0,0,0,0,0.0,0.0,0.0,0.0,0.0,0.0,0.7853981633974483
0.0,5.0,140.0,150.0,5,0,0.0,measured,0,0.0,0.7752867698669433,0.04835657412995574,,,0.11851592063903808,0.05295672416687012,0.03297743797302246,0.09977346582266157,0.06841156320673011,0.029654837970156223,0.28701009750366213,0.07754523754119873,0.11899900436401367,0.0529801570254391,0.03441017202211313,0.02759474636766488,0.06269617839780044,0.047704274526432965,0.022787169076680953,0.18537451642742625,0.04481146377909511,0.09342821020776863,0,0,0,0,0.0,0.0,0.0,0.0,0.0,0.0,0.7853981633974483
0.0,5.0,150.0,160.0,0,0,1.0,no_data,0,0.0,,,,,,,,,,,,,,,,,,,,,,,0,0,0,0,0.0,0.0,0.0,0.0,0.0,0.0,0.7853981633974483
0.0,5.0,160.0,170.0,0,0,1.0,no_data,0,0.0,,,,,,,,,,,,,,,,,,,,,,,0,0,0,0,0.0,0.0,0.0,0.0,0.0,0.0,0.7853981633974483
0.0,5.0,170.0,180.0,0,0,1.0,no_data,0,0.0,,,,,,,,,,,,,,,,,,,,,,,0,0,0,0,0.0,0.0,0.0,0.0,0.0,0.0,0.7853981633974483
5.0,10.0,-180.0,-170.0,683,0,0.0,measured,0,0.0,0.8064014194301421,0.05693956695105098,,,0.14788615616313885,0.036524622550774176,0.09312264636529836,0.14823006288231594,0.03464314732307221,0.02774298746984079,0.29279491527886903,0.09472563326096989,0.1253983311213302,0.09674510450490123,0.02837341191995723,0.061208293427203485,0.09686596080411997,0.02852569763879421,0.02889611710618228,0.3193034207762506,0.08548377324808469,0.09494470308856769,0,0,0,0,0.0,0.0,0.0,0.0,0.0,0.0,0.7853981633974483
5.0,10.0,-170.0,-160.0,8,0,0.0,measured,0,0.0,0.8113628253340721,0.03758807060953346,,,0.08022570610046387,0.042685434222221375,0.09421788156032562,0.07712674269738604,0.03656440106884641,0.03879754280205816,0.5211615562438965,0.12601853907108307,0.12103870511054993,0.046516097326367384,0.02191982842101736,0.06884252363581594,0.047829118761003014,0.03645986747718838,0.028208960999061967,0.30911387660043904,0.07970732200513136,0.09268708602641164,0,0,0,0,0.0,0.0,0.0,0.0,0.0,0.0,0.7853981633974483
5.0,10.0,-160.0,-150.0,208,0,0.0,measured,7,0.000875,0.7737266719341278,0.08603307756756383,0.41359652898141314,0.20479809906867602,0.1322048008441925,0.06462140495960529,0.05424708672440969,0.12879794981617293,0.07028094119328594,0.026686278316796794,0.33284994615958285,0.12275845614763406,0.0988003766307464,0.12597719477315644,0.04859893576469796,0.054948851905465605,0.12172603908650836,0.0595028935601224,0.019792371053464913,0.2906987110917294,0.09426955502593228,0.07578607399052353,7,0,0,0,2.202681984220232,0.06165375159557525,5.847063337053571,0.13436619287557525,1.9721340451921736,0.038026624578049825,0.01685393667191441
5.0,10.0,-150.0,-140.0,148,2,0.013513513513513514,measured,5,0.000625,0.7791489511728287,0.0721495526800702,0.6668443739414215,0.17328914700226064,0.12880982438178912,0.05945937110953135,0.052247421790475715,0.12177407827340032,0.0720095961555399,0.03218963910061675,0.292006839219838,0.13438214953631572,0.08992175614997132,0.11907029660186871,0.047239866611967225,0.05624875065788642,0.11146314965425662,0.06401864097053601,0.05218748301518162,0.2588344034862037,0.09767923442941495,0.08308892406481339,4,0,1,0,2.362526774406433,0.4607187457605385,7.001196384429932,3.4652987338006507,2.196189594268799,0.8312426104595043,1.1391015658230539
5.0,10.0,-140.0,-130.0,127,0,0.0,measured,4,0.0005,0.793299876564131,0.08581548578739055,0.44105412252247334,0.21112641918091796,0.08321497196287621,0.04945549439257524,0.04567008131132351,0.07676815060164995,0.06105595319605884,0.04759566674392128,0.20335046137411764,0.19236862072794456,0.07518682705135796,0.09084286692774123,0.04742254619127569,0.04016369628491521,0.07643326134548986,0.06639789180332763,0.07779791145677539,0.2301347460012306,0.11826694649451769,0.07527733523140526,4,0,0,0,2.1025297045707703,0.2606931261455068,5.275498270988464,0.934703640353652,1.7551900446414948,0.21194725674352743,0.7275118551447557
5.0,10.0,-130.0,-120.0,84,1,0.011904761904761904,measured,1,0.000125,0.7754800010876484,0.05841772097078621,0.1571841537952423,,0.10807210853300898,0.05066227912902832,0.04528115923146168,0.05964510782663748,0.10104128313061385,0.04099263838655035,0.1334020567227559,0.11247450903237584,0.10519037835569267,0.07250214550820562,0.040038110495477564,0.03486567863141945,0.05193014766046712,0.06813397496322335,0.05723629158674358,0.12236545933072288,0.07458341817286297,0.06955713450849109,1,0,0,0,1.849805235862732,0.0,4.384912490844727,0.0,1.621490716934204,0.0,0.7853981633974483
5.0,10.0,-120.0,-110.0,117,3,0.02564102564102564,measured,4,0.0005,0.8003959357738495,0.05707578767746429,0.3882290758192539,0.20318172238785004,0.11280348740125958,0.038307867552104746,0.0545378541737272,0.06107475972750733,0.10030307447241552,0.02511952981953264,0.13516874480665775,0.0711359182993571,0.09087792300341423,0.05763604652814746,0.03286077643845059,0.04305141108734354,0.03949037467509096,0.056952096163684685,0.017711836734581765,0.12439812095596484,0.05188292479586355,0.06816819403098377,4,0,0,0,1.8701411485671997,0.05635224435581812,4.3259851932525635,0.306331036947281,1.5370170772075653,0.05024717626103778,1.118497769159545
5.0,10.0,-110.0,-100.0,27,2,0.07407407407407407,measured,2,0.00025,0.7328931081295014,0.0976598789143293,0.21516337990760803,0.0887535810470581,0.11328917026519775,0.07702884674072266,0.0598073673248291,0.07760152954043219,0.11287344310855703,0.04915627893991768,0.17960692405700684,0.14291877269744874,0.13928043365478515,0.09654893383731106,0.053572866266068074,0.0399116922930837,0.05112761787728087,0.097893733704797,0.048652004744133955,0.15563561782024615,0.15532644821524336,0.09999859122913664,2,0,0,0,1.869368851184845,0.0600832828316752,4.433417081832886,0.2727342797627238,1.5476132035255432,0.042501303506870654,0.11248778918630212
5.0,10.0,-100.0,-90.0,29,2,0.06896551724137931,measured,1,0.000125,0.71919838697822,0.07726444739544892,0.23711958527565002,,0.14038021462383093,0.08398640597308124,0.07389264195053666,0.09115801498580713,0.1386034887478295,0.03836467973370519,0.24179093926041215,0.11046619768495913,0.15061226597538702,0.13930697018651222,0.07522398889041478,0.056148118892231,0.0804183684539886,0.13355739110665235,0.02619705525902054,0.19556233204952742,0.09455262612381249,0.09490160942625492,1,0,0,0,2.253028392791748,0.0,5.274779796600342,0.0,1.9509180784225464,0.0,0.7853981633974483
5.0,10.0,-90.0,-80.0,26,0,0.0,measured,2,0.00025,0.7266409878547375,0.06905468650032016,0.5174440070986748,0.2872229292988777,0.05851016344072727,0.06587674067570613,0.06626201134461623,0.06695448818165337,0.057919294244565774,0.08395804813559292,0.18722956226422235,0.09123258178050701,0.12173096033243033,0.04305877419603238,0.05702393590003646,0.03922067311277351,0.05734017980018283,0.04175556412908562,0.17247835292598945,0.1685628203089064,0.08113769608432325,0.07136597382803314,2,0,0,0,1.854566216468811,0.03985844322414653,4.364128351211548,0.339777440276397,1.5276023149490356,0.007981432996205025,1.057003832572736
5.0,10.0,-80.0,-70.0,28,2,0.07142857142857142,measured,1,0.000125,0.7160794826654288,0.06914098207211657,0.11535760015249252,,0.11915020300791813,0.08838791113633376,0.05825961323884817,0.09308107077793247,0.1151866285754403,0.032571136861896284,0.18985154995551476,0.11476944960080661,0.11115309366813073,0.0843305428403183,0.08097621953109095,0.04410739714356283,0.0718597975798694,0.09263966023901431,0.014725771012197558,0.19408017042755296,0.07270255661493405,0.06539050808091791,1,0,0,0,2.446523427963257,0.0,5.758825302124023,0.0,2.058008909225464,0.0,0.7853981633974483
5.0,10.0,-70.0,-60.0,31,0,0.0,measured,2,0.00025,0.7364095237947279,0.07493735120656916,0.2324625626206398,0.13043179363012314,0.08381292896886025,0.05148981463524603,0.06461156375946538,0.05644212391394973,0.07686291652899434,0.03564864148650212,0.22235049739960702,0.10398796296888782,0.13266356914274155,0.058720219529798,0.04034227696640346,0.049837952410753346,0.05301580689505336,0.053357984369525144,0.026115604642880742,0.17176672358927375,0.07328224233184759,0.08661305090233254,1,1,0,0,2.3564778566360474,0.4788952520789739,6.709669828414917,3.1274327152975125,2.2770581245422363,0.7158392710232167,3.621852506144383
5.0,10.0,-60.0,-50.0,38,0,0.0,measured,0,0.0,0.7695276313706448,0.05309124196020671,,,0.11582967482115093,0.0629021682237324,0.05415221578196475,0.09885835871841127,0.08477680517891298,0.033865012620624746,0.23179952094429418,0.13407258297267713,0.12093780542674817,0.07835954570116715,0.06001923533853227,0.04869722566729395,0.07253337615307462,0.06996106709113908,0.026344434296960637,0.1630799739872803,0.08583940968932287,0.08354855421972987,0,0,0,0,0.0,0.0,0.0,0.0,0.0,0.0,0.7853981633974483
5.0,10.0,-50.0,-40.0,82,0,0.0,measured,4,0.0005,0.7574659949395715,0.0760485702474826,0.3010974545031786,0.2806371768343828,0.12054637583290659,0.06129212495757312,0.050873252676754466,0.11058631944586438,0.0766399530679689,0.02478713565585899,0.2555362073386588,0.1492352660109357,0.09428168360779925,0.12326061729722433,0.04279068834693593,0.036293564857868055,0.10788303951597776,0.07463651535214694,0.023883950501277302,0.21395847031265547,0.09592634831700766,0.09169860240046518,3,0,1,0,2.2794644832611084,0.7820180118726774,8.35167682170868,7.580577944090499,2.252453535795212,1.3887233739644704,1.6971126953006037
5.0,10.0,-40.0,-30.0,165,1,0.006060606060606061,measured,6,0.00075,0.7670385928415671,0.08364238804692578,0.5460665163894495,0.3067760884574628,0.1559848567334617,0.06622413309609018,0.061327542837073167,0.14744756743288057,0.0817048825409887,0.02522477287433233,0.27702874381367754,0.14469562216502865,0.08566439079075325,0.13415282077388838,0.05088532583414675,0.045011486524130256,0.12419094256002947,0.07391443603563762,0.02032437080494812,0.24133066823303626,0.10035466933425197,0.09716066333919218,4,0,2,0,2.4836285511652627,0.7450607051139623,9.73354991277059,7.779625217118361,2.599709232648214,1.3529089774932972,0.028269599167236134
5.0,10.0,-30.0,-20.0,225,3,0.013333333333333334,measured,11,0.001375,0.7694865457445115,0.0982745006196631,0.5976765325123613,0.21001763654819738,0.1495335424268568,0.07588449469557754,0.05394108204154281,0.1496007618049724,0.0763050210173616,0.026547472992188292,0.3174255646026886,0.15667777125899857,0.08521122706902994,0.1341724369579208,0.059648505829218476,0.041684308988248944,0.13241125220228925,0.06279601944348799,0.023427186872029333,0.26627422681067625,0.11440486230639776,0.07529599999922644,10,0,1,0,2.206316416913813,0.4144773428874289,6.390701554038308,4.309731784196124,2.0136134841225366,0.7717366655325123,0.9115442500360353
5.0,10.0,-20.0,-10.0,47,1,0.02127659574468085,measured,3,0.000375,0.7666048770365508,0.05487293670914233,0.7322147488594055,0.037175203192569437,0.15473893414372983,0.06378229286359705,0.053022820016612175,0.15809216262137288,0.06506516701202038,0.02806099949647551,0.30718957341235614,0.1306879390840945,0.08495171692060388,0.1398069902294848,0.052952505167422524,0.04130566461985078,0.13848457352070812,0.04424585855864092,0.02366564399328777,0.2507957151610592,0.09928762485376805,0.07018202975733924,3,0,0,0,2.0430206060409546,0.17835994175464162,5.0380299886067705,0.45727181308135656,1.7569791475931804,0.31950984284346134,0.023806566336438587
5.0,10.0,-10.0,0.0,1,0,0.0,measured,0,0.0,0.8765547871589661,,,,0.22526073455810547,0.39884185791015625,0.10783648490905762,0.28781204160550816,0.3563445732177659,0.06657963991165161,0.43045997619628906,0.09705281257629395,0.5407724380493164,,,,,,,,,,0,0,0,0,0.0,0.0,0.0,0.0,0.0,0.0,0.7853981633974483
5.0,10.0,0.0,10.0,55,0,0.0,measured,0,0.0,0.7115532593293623,0.044553170281893185,,,0.04988082538951527,0.04475093863227151,0.0560482837937095,0.048370093276691735,0.04536246762585113,0.037926732198419896,0.17710992206226694,0.1372725400057706,0.10125480781901966,0.06065038888939982,0.059247403275169384,0.039168483772073465,0.05617014143024043,0.06424144718403502,0.02334207914252827,0.1133855273054745,0.038729504148087415,0.07305826072613344,0,0,0,0,0.0,0.0,0.0,0.0,0.0,0.0,0.7853981633974483
5.0,10.0,10.0,20.0,16,0,0.0,measured,0,0.0,0.7761671021580696,0.0640160251124506,,,0.1113932728767395,0.04905286431312561,0.0671587809920311,0.10645238413073291,0.054276324414561865,0.017688560521122554,0.23023229837417603,0.20014213770627975,0.13752001523971558,0.07915548561521642,0.032534371247262044,0.04601583909331898,0.07227774792017415,0.051348014873653564,0.013846837370940356,0.17594452258297463,0.061393432114354135,0.05978663880134949,0,0,0,0,0.0,0.0,0.0,0.0,0.0,0.0,0.7853981633974483
5.0,10.0,20.0,30.0,285,0,0.0,measured,0,0.0,0.7953634983614871,0.05154698297500252,,,0.13542148523163378,0.041285314058002676,0.07979708491710194,0.1301464940618914,0.05956663632459542,0.02765123415690288,0.3423938182362339,0.13140538659012108,0.17066144985065126,0.09925392868572346,0.04184364671488495,0.04981378656208426,0.09805618613521937,0.0392985906890689,0.014369636393440108,0.1747557255229507,0.07272015361945922,0.1025586511239151,0,0,0,0,0.0,0.0,0.0,0.0,0.0,0.0,0.7853981633974483
5.0,10.0,30.0,40.0,177,0,0.0,measured,7,0.000875,0.7796597612106194,0.051115042883657064,0.13448105965341842,0.022850417196244168,0.13372262992427847,0.05929105699399097,0.05399820595811316,0.1307972419045937,0.061714567558520346,0.0245855241363417,0.29513178841542387,0.11858808724893688,0.07373769875973632,0.10449697425505733,0.04340490587346849,0.04302339261709698,0.09866391306803687,0.059578524612446414,0.017948426619555542,0.20362792541040767,0.09067680564164132,0.07357777608414474,5,2,0,0,2.093446816716875,0.24749575096168666,5.154411997113909,0.6293999740841496,1.78215491771698,0.1824360974027796,0.10958545075817963
5.0,10.0,40.0,50.0,293,1,0.0034129692832764505,measured,12,0.0015,0.7693398397875159,0.07666716093946062,0.20511933788657188,0.09868785587945639,0.1273600312128459,0.06324919854124932,0.05811945440834516,0.11535414279224687,0.08526866708290792,0.028559682093559944,0.2936430361172924,0.12274732859167334,0.08840118001585137,0.1293647243571428,0.05029600517940502,0.049114534882113065,0.09857421186100512,0.09587366490442267,0.02383603322242167,0.274517740457431,0.08151241978670185,0.09258200573671978,5,7,0,0,2.26252489288648,0.31506894693417997,5.50217080116272,0.8033590175911769,1.8919236759344737,0.23432766925946763,0.3120423587096935
5.0,10.0,50.0,60.0,186,3,0.016129032258064516,measured,11,0.001375,0.7426854668419218,0.08625669116824326,0.29533238031647424,0.2061563657611769,0.14827205574577623,0.061182726927793744,0.06813920130495166,0.1078564946453813,0.11842102036322183,0.028563411804133118,0.3161092612261329,0.1267959257292617,0.11305468460249771,0.1459228637110019,0.05806644875850581,0.060420610582791426,0.09740083397220149,0.12348942972946016,0.021445125533429803,0.29989179589567266,0.10816063353743761,0.09856347574927232,8,3,0,0,2.2866833860223945,0.4429093849289147,6.942330577156761,5.1783474192543375,2.1864948055960913,0.7714314230367487,1.4718485155948817
5.0,10.0,60.0,70.0,146,4,0.0273972602739726,measured,12,0.0015,0.7298184803254167,0.08500299356017046,0.41796736357112724,0.2522290153553479,0.16948911673586134,0.07677651794863419,0.07861639496306298,0.10014556342198828,0.15665878991206364,0.029998818571951538,0.3606457995696807,0.16382750323120976,0.1118261478316616,0.1528270928933743,0.09147262192131472,0.06407763015763324,0.09946563006128004,0.14791900956372123,0.02466179586223319,0.3806595802229872,0.14302733080341312,0.10402657916872683,9,3,0,0,2.2487438221772513,0.388144610141815,6.032214244206746,2.6110808719116316,2.0862847566604614,0.62568772567463,0.926064710013523
5.0,10.0,70.0,80.0,140,5,0.03571428571428571,measured,12,0.0015,0.7258661424672163,0.08594571609884546,0.4514127280563116,0.21393247405214047,0.16473258203930324,0.07976502665766963,0.08530821800231933,0.0955496493027992,0.16172644887835094,0.0351472812854377,0.33692355155944825,0.1551485882865058,0.11104532171178746,0.1794451875849875,0.07305966084017078,0.06964804219818943,0.0871205300136091,0.16781658426384657,0.027971155415404143,0.32202822737143194,0.14154265826310122,0.09385787990267849,9,3,0,0,2.134869704643885,0.2877144855369633,5.32412584622701,0.7910831340737815,1.808393955230713,0.32131575657142203,1.2474110441388968
5.0,10.0,80.0,90.0,206,8,0.038834951456310676,measured,12,0.0015,0.7053626223344995,0.07735438286351562,0.4236805935700734,0.23207204449599148,0.18396135853371828,0.07560394749496922,0.06946519167736323,0.07737027470252719,0.1830551093248791,0.034271272574860755,0.31586995028486153,0.14451145704346474,0.1160265098918568,0.15986781284725882,0.06187864364582453,0.07013189725044425,0.06344023749125641,0.15945038803330475,0.03325612693357069,0.29057562493289885,0.11775045390388315,0.06828277891870638,8,4,0,0,2.1770202616850534,0.2462537291827417,5.379368185997009,0.7431298915985947,1.8410518070062,0.2701525788118102,1.4037383641457373
5.0,10.0,90.0,100.0,192,7,0.036458333333333336,measured,20,0.0025,0.7057504256834854,0.08779345212362426,0.40380886420607565,0.25645000493138537,0.16578017641362305,0.0744577897561563,0.06961510761364086,0.07790728561041135,0.16450763297909676,0.03716952919820976,0.2974110358470195,0.14026594548612029,0.10635080079774599,0.15571967245816115,0.06756455030059277,0.07084287333775953,0.069825959077119,0.15437824708907474,0.03290078673896674,0.24041797065900122,0.11999532432069228,0.06793665348379699,16,4,0,0,1.978554719686508,0.1953335585289652,4.6873658180236815,0.6956365065289475,1.6528932332992554,0.20304893034848973,1.8120873059350304
5.0,10.0,100.0,110.0,148,9,0.060810810810810814,measured,9,0.001125,0.7344829982562031,0.08297047858879524,0.43037011722723645,0.19038053924200357,0.1448379420548034,0.07799786629436685,0.0831500141740703,0.09188375711972684,0.13602076624429313,0.028214355656483184,0.31195223588737653,0.16144030643024032,0.09872690808001182,0.15462959718122823,0.05685258811059485,0.06659591319442688,0.07813154012836056,0.14544900986082776,0.02074290930522715,0.29089816566812027,0.1380295920840506,0.07947687913212176,8,1,0,0,2.0510462125142417,0.19267088272613628,4.900324874454075,0.9434598870361941,1.7284606562720404,0.21948634356525842,1.340483761494226
5.0,10.0,110.0,120.0,147,4,0.027210884353741496,measured,7,0.000875,0.7488239816018751,0.08667007532811964,0.4487795116645949,0.23739846201865963,0.1462925314069628,0.06853315713522318,0.07983485885433383,0.10034111038213436,0.12722114749997424,0.027995799316330557,0.3013171065937389,0.14659146328906078,0.10032731169587249,0.14532411422373795,0.056195959225476794,0.06196923616573781,0.09361944190621822,0.1239242658796178,0.022573979861757795,0.2806210258654412,0.12828174134930503,0.08191268577119697,6,1,0,0,1.9948277984346663,0.19503729720807905,4.79645620073591,0.855375580667876,1.6562109334128243,0.18093770233613007,1.5596576560903461
5.0,10.0,120.0,130.0,174,2,0.011494252873563218,measured,8,0.001,0.7667813458761503,0.08896539000451614,0.4044599328190088,0.2728313138027844,0.11712629296058832,0.06092673124268998,0.07254754630632179,0.10088179465701703,0.09177417733222999,0.02914153445979357,0.2722664960595064,0.13319388170574986,0.09083780923555064,0.11862773468207864,0.059972299503751644,0.0636519210302967,0.08768814011626899,0.09386695473327823,0.02586572266247582,0.26537173442794226,0.13555896745309937,0.08419947864274718,7,1,0,0,2.0253373086452484,0.18493040304336467,4.813565313816071,0.6748030841897694,1.7525352537631989,0.2741102352797471,0.2104190140695507
5.0,10.0,130.0,140.0,227,1,0.004405286343612335,measured,7,0.000875,0.7762702876883271,0.07851414455876353,0.34380864671298433,0.235186326502151,0.12584133485777188,0.05577998140216928,0.058696331176082646,0.10173004704041434,0.09804221278610116,0.029590391879792125,0.28346441804835226,0.11456317078750745,0.09301355349279083,0.10517444385606446,0.05412399953568134,0.049840116329134904,0.08355934956901483,0.0774278760586021,0.02419042557987618,0.2610112649979178,0.11960743615669885,0.08542764378553686,6,1,0,0,2.0053799663271223,0.22037047693305306,4.720726898738316,0.7777485991507639,1.759064061301095,0.33681093340993834,0.03944150591267302
5.0,10.0,140.0,150.0,224,0,0.0,measured,4,0.0005,0.7973963714071682,0.06286934950939979,0.21996672451496124,0.15235462443947304,0.12819874180214746,0.05362987305436816,0.03422121783452375,0.1155490296841458,0.08506356245508448,0.026617545570675194,0.25993907132319044,0.09165339065449578,0.07325777038931847,0.09789720122445013,0.05030389838357381,0.03552543913088972,0.08347485457979192,0.062209208466525806,0.02131581392315108,0.1984463627464591,0.10764192208766861,0.06035745276221732,1,3,0,0,2.2531601190567017,0.07235358677559982,5.600748419761658,0.0815820437907891,1.9618873298168182,0.08437299467577825,0.06303270667021246
5.0,10.0,150.0,160.0,430,0,0.0,measured,0,0.0,0.8230087310768838,0.049520721021239264,,,0.14210847921149675,0.044001018723776174,0.03854662970054981,0.12725737410230328,0.08219531932295185,0.016739685394426235,0.2909382842307867,0.07124997294226358,0.05187124790147293,0.0989738693531656,0.044290251251102176,0.04027551448175192,0.08879070628212075,0.05526358094680744,0.015788767316916242,0.15572700702739967,0.08652608656548143,0.0541532696764962,0,0,0,0,0.0,0.0,0.0,0.0,0.0,0.0,0.7853981633974483
5.0,10.0,160.0,170.0,38,0,0.0,measured,0,0.0,0.7847472005768826,0.07185548850496006,,,0.12045362121180485,0.04306366255408839,0.0948888079116219,0.11910338856643095,0.05396723809488759,0.021628503206430855,0.29360837685434443,0.10182751479901765,0.1462633264692206,0.11246159628003688,0.03480389207897012,0.10247064240842493,0.1052667796605903,0.045202882447916745,0.016699835852314597,0.25824320927513467,0.10172794074115685,0.11517084502936557,0,0,0,0,0.0,0.0,0.0,0.0,0.0,0.0,0.7853981633974483
5.0,10.0,170.0,180.0,104,0,0.0,measured,0,0.0,0.7308649197220802,0.05734145543366441,,,0.12431255670694205,0.09745662960575338,0.19141273085887617,0.12408182028420482,0.09555603228646738,0.05790881771491303,0.16347200136918288,0.1036727439898711,0.23028881274736845,0.10530882353138653,0.06725802169712744,0.07303476710678582,0.10599246243922712,0.0693061373905702,0.0376190147631403,0.20156109920548673,0.08376451381596865,0.08512443025995628,0,0,0,0,0.0,0.0,0.0,0.0,0.0,0.0,0.7853981633974483
10.0,15.0,-180.0,-170.0,357,12,0.03361344537815126,measured,9,0.001125,0.8053544882414998,0.06688125821594162,0.7441972394784292,0.2308729081260252,0.12567462368287902,0.03473202452178289,0.08081749608551246,0.12577973712325982,0.03434135361636643,0.02726618075150917,0.25100897360539093,0.08219795641691788,0.1478065922640372,0.09418600816678878,0.02701687853019523,0.0671397608654035,0.09427281069283448,0.026722775869977577,0.02157235612360435,0.26376511522700197,0.08857503295049927,0.13635339960079382,9,0,0,0,2.1526554425557456,0.03008020116136637,4.771293534172906,0.07762439293480551,2.221557299296061,0.08759043651682517,0.10542484618045296
10.0,15.0,-170.0,-160.0,432,4,0.009259259259259259,measured,17,0.002125,0.7925390588972613,0.0759511502631584,0.4496330868671922,0.25876527542695993,0.133702387319547,0.05641317311848435,0.054549171963584754,0.13668540132242152,0.050476504435369114,0.02571243515718107,0.31273285083681623,0.11570585331070089,0.09510988971897374,0.13723614101506917,0.0506268049525533,0.05028034407716136,0.13837843608987802,0.04556575739838345,0.01956868497436367,0.28750022005410936,0.10974398155850283,0.08650449162083393,17,0,0,0,2.1507010600146126,0.13786397660275934,5.454273756812601,0.6062729703215294,1.890055726556217,0.1897532242997832,0.02757676293083659
10.0,15.0,-160.0,-150.0,130,1,0.007692307692307693,measured,4,0.0005,0.7927535721497943,0.06734757791549224,0.6060141734778881,0.28732392381663385,0.10803091063979985,0.05338650156361188,0.051292507685432136,0.10590254352159233,0.0538746534642146,0.02660953005899444,0.2690314632053523,0.13724029803460883,0.07483526810195094,0.09520403956480512,0.05536488572825883,0.049794669042627145,0.09673461881907905,0.05634236803438065,0.021086269297394742,0.207698400457769,0.09222803196668097,0.06881254625694808,4,0,0,0,1.9690876007080078,0.11416731411379821,4.680532813072205,0.4801639054377422,1.6450178921222687,0.15722156713406957,1.43626109453005
10.0,15.0,-150.0,-140.0,78,1,0.01282051282051282,measured,1,0.000125,0.7932230729561347,0.05634827098691507,0.1081981509923935,,0.10605351336590656,0.050136801484343296,0.057531682701853964,0.0890470411228782,0.07589065342579616,0.02443507104187411,0.19510591339755368,0.10286515602817783,0.10961226519052085,0.1164913933315988,0.056252712418456224,0.0499475086681146,0.10281724365653626,0.07896522355975666,0.02130655388580559,0.19561288224825762,0.0970304474668863,0.07945892145780407,1,0,0,0,2.0313637256622314,0.0,4.836819171905518,0.0,1.6875404119491577,0.0,0.7853981633974483
10.0,15.0,-140.0,-130.0,27,0,0.0,measured,1,0.000125,0.7885559444074277,0.05082976968154767,0.1383494734764099,,0.07742913564046223,0.047324834046540434,0.05230786403020223,0.07631741941915474,0.055482601764723236,0.024178571897209622,0.19382785867761682,0.10224466853671604,0.11815838019053142,0.058586807975810555,0.04276657837755617,0.043220810632224285,0.048008985092710656,0.04784114341720612,0.022712817956067884,0.15466115151035198,0.08813546613520361,0.07164973777820474,1,0,0,0,1.8829725980758667,0.0,4.7513957023620605,0.0,1.5947455167770386,0.0,0.7853981633974483
10.0,15.0,-130.0,-120.0,39,2,0.05128205128205128,measured,2,0.00025,0.7489175345446613,0.05765130508468791,0.6817997694015503,0.022971034049987793,0.08620282765981313,0.07146440969931113,0.05165057085655831,0.07828184600335282,0.08670749755881246,0.03651784014309178,0.3231090339454445,0.09507547842489707,0.11337434601139378,0.06393751031449589,0.06843399596016393,0.04129497495914302,0.04622554014587987,0.07433887455516106,0.03076407370511733,0.2883935878067092,0.06596002319395058,0.10345381745261754,2,0,0,0,1.9562862515449524,0.044268773746023504,3.98907732963562,0.1362270437569117,1.589906930923462,0.0677326829553114,0.29418230520773564
10.0,15.0,-120.0,-110.0,26,0,0.0,measured,6,0.00075,0.7446952026623946,0.0880740806180742,0.23446478818853697,0.09653655668709953,0.09221282372107872,0.07727307539719802,0.07305799539272602,0.08819586372571421,0.09917052150349052,0.032321029485991366,0.2939170782382672,0.0965051009104802,0.11823516625624436,0.09352266506550197,0.07804034050109555,0.0586633840408244,0.05880648295315603,0.0907723058841072,0.023273315300877388,0.2215206498311867,0.06780879791822389,0.0887765581723715,6,0,0,0,2.090707858403524,0.30525744372757113,4.79636021455129,0.7330851606214243,1.7235478361447651,0.25457190948475256,1.966974254514717
10.0,15.0,-110.0,-100.0,24,1,0.041666666666666664,measured,15,0.001875,0.743916700715604,0.08707028282097634,0.2689868211746216,0.200175602931611,0.0772978222888449,0.06364648238472316,0.07917231321334839,0.07084566350236175,0.07730770105818179,0.03289524100840316,0.3059451372727104,0.09374704049981158,0.1160688244778177,0.10815037968317827,0.05163871032470808,0.05402047113412042,0.053231903049762976,0.10276023013730079,0.02671558395779713,0.20296432457831728,0.06615440457985426,0.09981181190322651,12,3,0,0,2.0146441141764324,0.17363694116923456,4.717740837732951,0.5087942047045961,1.7174079895019532,0.19225202126245158,1.8181458019320662
10.0,15.0,-100.0,-90.0,23,1,0.043478260869565216,measured,8,0.001,0.7524843229488893,0.1188774072593304,0.3936000568792224,0.1674253405036468,0.07208619148216465,0.09952020645141602,0.08664574135433543,0.0994434359777334,0.07429165594001186,0.05239317209455569,0.3081052736802535,0.07760637998580933,0.13632612336765637,0.060822563331088084,0.09069112068835572,0.05343544498022814,0.08773801743748978,0.06259989833204185,0.08696221154675425,0.20279894994242104,0.06097375222890995,0.10877941710231691,6,2,0,0,1.9572470784187317,0.12446270540502911,4.604487627744675,0.4830836056955034,1.705709621310234,0.21520409395284906,1.9732870004417506
10.0,15.0,-90.0,-80.0,26,1,0.038461538461538464,measured,9,0.001125,0.7446026349067688,0.1205302685072624,0.3727554894155926,0.1650185022050189,0.06879731349647045,0.11684234619140625,0.08257229328155517,0.11763066182605937,0.06721219609292711,0.08232539429288323,0.31066662788391114,0.0801308822631836,0.12005444526672364,0.06536220964278924,0.13255048247101425,0.07871144997556041,0.1349145450810942,0.06058602710874187,0.10204985754921311,0.3022086970204233,0.05142665179110926,0.11044308517928011,8,1,0,0,1.9457951784133911,0.10935951269957196,4.410330269071791,0.44081595525843414,1.6337583859761555,0.1725609099718212,1.6750980217532494
10.0,15.0,-80.0,-70.0,21,0,0.0,measured,9,0.001125,0.7566215055329459,0.07932047046749546,0.3526124788655175,0.18970507774186648,0.08819171360560826,0.13603655497233072,0.10804302635647002,0.14341854365240436,0.06644074991262346,0.07183261108671161,0.3400505270276751,0.0727430127915882,0.1499025197256179,0.06532791351472621,0.125418109859364,0.06944941338322792,0.1333680270577102,0.059252667861642384,0.08796021211864298,0.2702548340197728,0.0515825585693672,0.12268222670748523,7,2,0,0,1.9884730577468872,0.1018900654836767,4.607054233551025,0.5324543741356108,1.6811577876408894,0.18191656315204174,1.9926282656629475
10.0,15.0,-70.0,-60.0,26,0,0.0,measured,7,0.000875,0.7386634773932971,0.10255035563475401,0.215388080903462,0.1307683257249053,0.08563542366027832,0.13713649603036734,0.08883223166832557,0.1448953762852753,0.05885838490230093,0.07015638698178989,0.35197348778064436,0.09036489633413461,0.11949300765991211,0.06310991843036941,0.15329073565727416,0.07000681694947947,0.16042816946848934,0.058519899781435354,0.10082759078625812,0.3106857318514994,0.07227471809174443,0.09107631478938738,5,2,0,0,2.081737620489938,0.22211909361310603,4.960321085793631,0.6753036256880383,1.7856721367154802,0.19343680578644537,1.6576278524065726
10.0,15.0,-60.0,-50.0,32,1,0.03125,measured,4,0.0005,0.7529995864437472,0.06926300970900916,0.39834991097450256,0.26651331850919613,0.07406479312527564,0.06757016335764239,0.07416656132667296,0.0807058288745764,0.05705546601456449,0.030546089025604593,0.25290752226306545,0.0945824384689331,0.12322083211714221,0.05687268535872323,0.06682028625756414,0.0668115786353664,0.07499668397810813,0.04855423697412769,0.02777658661316943,0.236740077584269,0.0661719112757673,0.1052415014687323,4,0,0,0,2.1417954862117767,0.276488884344175,4.739272832870483,0.81022174710068,1.7183867394924164,0.2280663012065664,2.0509716400729725
10.0,15.0,-50.0,-40.0,28,0,0.0,measured,3,0.000375,0.7416340751307351,0.06207252478453035,0.11850065489610036,0.017235002510656565,0.08997024808611188,0.08699359212602888,0.06393663159438542,0.1026479162264912,0.07171669437909459,0.04094269403953289,0.2303023338317871,0.12200937952314105,0.10838035600525993,0.07434074262161512,0.05483319029484543,0.059929200636271385,0.07984337420462759,0.046269990495189685,0.04891384358678698,0.2122096606781939,0.07914328694947749,0.08364961560376333,3,0,0,0,1.8423409859339397,0.09454598543243783,4.429196039835612,0.4104349507116179,1.5455270608266194,0.060624201221724516,1.735344205024881
10.0,15.0,-40.0,-30.0,70,0,0.0,measured,6,0.00075,0.7764095706599099,0.05810903638590849,0.21342043578624725,0.11942813879649401,0.1049309321812221,0.061588382720947264,0.054294639825820924,0.10103027582415255,0.07085667118617121,0.028706724379610804,0.23480893203190395,0.09061527592795236,0.10471370049885341,0.08204918185807257,0.06464906809751987,0.042997571216153566,0.0823607468509246,0.06086150308304354,0.026022052131319726,0.15770997358395086,0.07395818997819395,0.06709351558580282,6,0,0,0,1.8554122646649678,0.08665495923054281,4.449918429056804,0.34260389352807785,1.5323163668314617,0.06145834684768113,1.5117059575865737
10.0,15.0,-30.0,-20.0,119,0,0.0,measured,8,0.001,0.7509495540827262,0.07276299097399433,0.2256340254098177,0.19348417693893719,0.10077890828877938,0.06574901011811585,0.0505183409242069,0.10727550539775384,0.05796108127597848,0.024735923760747656,0.20529070822130732,0.12393243673468839,0.08310919348933116,0.07000869549811913,0.0679848845210396,0.044673721677620085,0.08123078606933481,0.0503638863632625,0.022333450419387443,0.1491522354221288,0.06711954596068502,0.07981110940521775,7,1,0,0,1.947083368897438,0.05346177483294197,4.703041672706604,0.34779963580303586,1.6312947124242783,0.06373415488906248,1.3520454799903228
10.0,15.0,-20.0,-10.0,403,3,0.007444168734491315,measured,19,0.002375,0.7701355715468526,0.08381227576482932,0.6176529848261884,0.1505260905691,0.1626343297958374,0.07422137558460236,0.05992545172572136,0.16611658290845807,0.06991251542244908,0.026580729505094495,0.3128498750925064,0.14095496147871017,0.09041144758462906,0.13881502430969067,0.06264619709545648,0.05082388314343141,0.1392942787632809,0.05716222336801777,0.021398331357261845,0.23726845844278652,0.1049092575572518,0.06709509569163097,18,1,0,0,2.0359249616924084,0.1335940176350422,5.038337632229454,0.5091444718951655,1.7615886299233687,0.16164525694258414,0.9979464341698235
10.0,15.0,-10.0,0.0,5,0,0.0,measured,0,0.0,0.7417301177978516,0.03309289380624097,,,0.11699790954589843,0.10721494555473328,0.08297277688980102,0.12228669673244182,0.1012223974255106,0.029804885387420654,0.20462980270385742,0.04214484691619873,0.08634097576141357,0.06737812664101821,0.09829587414524364,0.030248380533512857,0.07191686838904354,0.09493892939599696,0.014024383097631063,0.1519701228457359,0.019982126140782732,0.04246599029677863,0,0,0,0,0.0,0.0,0.0,0.0,0.0,0.0,0.7853981633974483
10.0,15.0,0.0,10.0,264,0,0.0,measured,1,0.000125,0.7389333408438798,0.05785402997156879,0.12380720674991608,,0.10020264351006711,0.05088142864406109,0.03462288235173081,0.09954818232196404,0.05128995343959309,0.033768311694149775,0.16203091632236133,0.15130366204362927,0.06510331865512964,0.05906613006523316,0.052622893850088476,0.044035265648751404,0.0581561806486365,0.05445020615413255,0.023237421563392605,0.14562811708382714,0.0449792674016269,0.05515764721363316,1,0,0,0,1.9303492307662964,0.0,4.593234539031982,0.0,1.6079812049865723,0.0,0.7853981633974483
10.0,15.0,10.0,20.0,343,0,0.0,measured,2,0.00025,0.759609560229688,0.05717570656485624,0.18987953662872314,0.03472837805747986,0.1439401415277153,0.06778411406469761,0.07124705391097,0.1457926320013311,0.06151110211509508,0.02783519207297766,0.2871186962628156,0.11726569816600477,0.09739082825774702,0.12121638068228387,0.05675790302755798,0.059759171816896633,0.1260262172915004,0.04802714118349158,0.023298809368689496,0.22694749787597487,0.0945165089178879,0.08589135568128685,1,1,0,0,2.0434283018112183,0.5280944484574988,5.085944652557373,1.4606378102456627,1.6972939372062683,0.4214608143825113,1.2999024794467875
10.0,15.0,20.0,30.0,375,2,0.005333333333333333,measured,10,0.00125,0.7638736574963014,0.056423202579604495,0.40736613869667054,0.2678682075660405,0.145224722077316,0.06567475814921607,0.06952397769002429,0.1448926276166098,0.06163148047589194,0.02729704425647013,0.3257866231749588,0.11366445193661441,0.11499726452712399,0.10830890779346199,0.05119987463970301,0.05609519758054947,0.1072629312506851,0.0588046859284248,0.021839419918218576,0.25403267147208586,0.09968825826885074,0.09987708312369488,8,2,0,0,2.327444839477539,0.6144806996555975,8.561490869522094,7.504504302596632,2.2529145002365114,1.1006385731452235,2.1064238988211077
10.0,15.0,30.0,40.0,325,1,0.003076923076923077,measured,12,0.0015,0.7501325024130904,0.07218810273118191,0.29304303725560504,0.19880711045598237,0.14235802197162015,0.07211655893443543,0.06821542260823427,0.13319840273409078,0.08821357618323358,0.03239524674821651,0.3041550502365018,0.11638970728273745,0.12608357307351667,0.14034595922550303,0.052078009389400756,0.05909579814508066,0.11913132489773785,0.09033266153095816,0.026001779796571922,0.30796418850296176,0.09990837849311653,0.10359536540678982,12,0,0,0,2.1188774406909943,0.17082352627989572,5.570602973302205,0.7001929127114422,1.894121875365575,0.30049151917972977,1.9294505903354968
10.0,15.0,40.0,50.0,188,0,0.0,measured,14,0.00175,0.7529690119814365,0.08974967848555683,0.37757230017866406,0.21985738152421916,0.11309825613143597,0.08572171850407377,0.05989016941253175,0.11486324428054992,0.08912361527466216,0.029500309245666084,0.24916379882934245,0.13592857249239657,0.1096860741047149,0.10879863916226494,0.0842599746897733,0.05036715800940168,0.10702787009469009,0.08052805174757671,0.02974858183729291,0.21895995755395883,0.1130852259535092,0.07739253871354096,11,3,0,0,2.0455657243728638,0.248938643190008,5.017605338777814,0.9445914615576033,1.732602059841156,0.28767178271494154,1.814985115403735
10.0,15.0,50.0,60.0,174,3,0.017241379310344827,measured,17,0.002125,0.7627231347979161,0.0771194628966574,0.28396324550404267,0.17035061723900943,0.12102240568016008,0.07802735992342408,0.055292003336008526,0.11095914466406594,0.10104418393909104,0.031141228532000027,0.25712767539665715,0.11494121635169313,0.13719789605391652,0.10877917918174734,0.08004588022765978,0.046183928012902574,0.09416517299155364,0.08709767873532082,0.031716760577899156,0.20359573165954326,0.11729404960490974,0.0983755596078573,15,2,0,0,1.9363207396338968,0.1838951454565543,4.5629198410931755,0.761991555541418,1.6044033765792847,0.15012125526637043,1.610425389993543
10.0,15.0,60.0,70.0,128,7,0.0546875,measured,21,0.002625,0.7628764942411549,0.10343753639226873,0.3346640843720663,0.21356436687605032,0.12306472486700894,0.05534231170149874,0.06442662162229049,0.07727273764357968,0.10838976496130394,0.029679856508776744,0.2429076364217711,0.12747339571803068,0.15553536986516528,0.11738902017639039,0.05559014210535377,0.0546397964483977,0.07547704015664987,0.10799047738674054,0.028688918537589325,0.2619785341585671,0.09700321144121278,0.10433861017565041,14,7,0,0,2.1201485792795816,0.20712482724994058,5.152657190958659,0.8448897293622224,1.7440770467122395,0.1534052200608999,2.2470852366529748
10.0,15.0,70.0,80.0,88,6,0.06818181818181818,measured,19,0.002375,0.7313856108159553,0.12130218959034779,0.2832966780191974,0.21048448310981224,0.1203590849550759,0.06456938022520484,0.06785539955627627,0.07448264835137369,0.11643674319429428,0.028190536450907102,0.1765503912437253,0.12325968102711003,0.14672397258805064,0.15964873868808133,0.047773110652983106,0.058877927802669365,0.06017312942870077,0.15394647928314598,0.02701114206934495,0.20338449039588957,0.07614607732012013,0.11966878405604861,14,5,0,0,2.0493495840775338,0.21514216728825084,4.9139084815979,0.7562939511922311,1.742238301979868,0.17365402899359225,1.7070921245429354
10.0,15.0,80.0,90.0,64,5,0.078125,measured,18,0.00225,0.7448387843067363,0.07899507466275175,0.34786540932125515,0.24449889304046438,0.09951031908898031,0.06760422658112089,0.06279768175997977,0.06881670743290583,0.09990733067169898,0.0352374364141758,0.1601347519179522,0.13181357060448598,0.14851115517697092,0.0923321450456291,0.06248085930277669,0.06647550261495183,0.061858144180268006,0.0914225021506494,0.043299607125185914,0.1345889996997985,0.09537305077716628,0.1315786384086911,12,6,0,0,2.13222293721305,0.1965404193377651,5.195162826114231,0.6514640671038001,1.8233709335327148,0.18265133041196238,2.478935628662259
10.0,15.0,90.0,100.0,71,4,0.056338028169014086,measured,22,0.00275,0.7231158017000155,0.12285138911714968,0.38110739636150276,0.22298778841861294,0.07130734867124415,0.07465043708459655,0.06886494871395737,0.07461396542407317,0.07159479139492562,0.0323244821441147,0.17244472432492383,0.15610881705782306,0.16737704134699125,0.09901060177482525,0.0699993996337909,0.0727540322319779,0.07032015643372742,0.09860252812324989,0.040749336233023487,0.14475963449151882,0.1265877240909316,0.13344638238614254,16,6,0,0,2.0758713429624382,0.22637665128852927,5.2600110010667285,1.8123002413472376,1.749330146746202,0.21901169790871175,2.330162607297362
10.0,15.0,100.0,110.0,76,2,0.02631578947368421,measured,15,0.001875,0.7015990753834312,0.14748497803501218,0.2546845311919848,0.1837605171794038,0.11161605409673743,0.07447283976786845,0.07429159331966091,0.0817510466686691,0.11148237889818105,0.038327121360613996,0.20813324644758896,0.16915668023599162,0.17233633350681615,0.15273031823232,0.05669875456607609,0.07604262053801086,0.06527500855915364,0.14551036077643476,0.04835217298889291,0.24539078048526505,0.1273058092544795,0.13850024751575815,8,7,0,0,2.216878628730774,0.2402564613718361,5.493394788106283,0.9653703208957046,1.8513568719228108,0.15556880718885116,2.2161097678499786
10.0,15.0,110.0,120.0,110,1,0.00909090909090909,measured,12,0.0015,0.7272774242206451,0.12042821540346349,0.39845554530620575,0.2483421899073711,0.14218684073981888,0.06715142836264514,0.06876635715502118,0.0842380006615799,0.13136280270509962,0.0377522758250133,0.2892680058785535,0.16432392487832165,0.14964279669140457,0.2055843742344087,0.059066440259703805,0.06568028136935884,0.10271850908056201,0.18861832495091216,0.05042963235050859,0.3745665241705607,0.13220421735882615,0.13101429908869233,6,6,0,0,2.2058107952276864,0.30041563561613654,5.881901144981384,2.115645331958619,1.7849948008855183,0.24264476122417458,1.57622981925188
10.0,15.0,120.0,130.0,131,1,0.007633587786259542,measured,16,0.002,0.7361392663075373,0.06695982098825932,0.2932502618059516,0.20908748327239274,0.14468345642089844,0.0648284178513747,0.05858916135934683,0.10970919545770075,0.12098680817279817,0.026965995746077782,0.2396884349676279,0.13690702640093289,0.12389715084662804,0.17476335318622457,0.05533343987352819,0.046717820132244875,0.10360715623792831,0.14605371397062442,0.02718728897510591,0.25421986041981226,0.10109062888063339,0.10420022613040829,9,7,0,0,2.1701061725616455,0.30861177051603556,5.304966866970062,0.95691116161516,1.7528197392821312,0.2253551982426642,2.1359792256570214
10.0,15.0,130.0,140.0,150,1,0.006666666666666667,measured,9,0.001125,0.7375019084687201,0.09732925632119922,0.4485195221172439,0.24181682362377863,0.14240566036045152,0.06255548272356891,0.05437876034102984,0.12531377660135834,0.09977958382796528,0.022739204891447262,0.29876832674013687,0.16298089971478352,0.10613268413799722,0.15681031122064887,0.056566114334739334,0.04457361537047538,0.12240091924152442,0.10649068753358343,0.03016986976369922,0.31409643747597854,0.13573894479631904,0.08770169801127005,4,5,0,0,2.2173518339792886,0.30650592064475124,5.3660843637254505,0.8804243504205553,1.7926487922668457,0.19824418709872121,1.9400240417397456
10.0,15.0,140.0,150.0,273,4,0.014652014652014652,measured,16,0.002,0.7724528739775867,0.08575877066646323,0.32647553784772754,0.20744233277844398,0.13555782346477296,0.05589522925451342,0.06644970931971383,0.12389503259360914,0.0800831119351404,0.02025663703400693,0.3104993348671158,0.14426623312514067,0.09782220129629936,0.12980505621887864,0.05224957730091665,0.06259545481437298,0.11497155514770398,0.07808859514911667,0.01688123331047856,0.2924795958234862,0.12880724567648166,0.0808766955460453,9,7,0,0,2.1564230248332024,0.16764300228007897,5.353813856840134,0.643444476911405,1.9148375540971756,0.25587581757078587,1.086346111658354
10.0,15.0,150.0,160.0,320,0,0.0,measured,6,0.00075,0.7851540646515787,0.0776753643978034,0.529620960354805,0.18019232185444634,0.11673051714897156,0.05061701685190201,0.058523019403219224,0.11396655363978567,0.06505701777791495,0.01950353428399012,0.28501092717051507,0.11216578371822834,0.08672788888216018,0.10973607748479573,0.04835919271765379,0.05622895466893165,0.10092122681493834,0.05623903731738348,0.016855370737133973,0.24645288974739485,0.1036379641756717,0.07914209292120909,4,2,0,0,2.201559623082479,0.19113439382785435,5.6760326226552325,0.5492147306942939,2.0071046948432922,0.34560525927249874,0.014363417393525337
10.0,15.0,160.0,170.0,571,0,0.0,measured,3,0.000375,0.790827060956671,0.06812720321639693,0.14420812080303827,0.024684873677854442,0.09786709553306032,0.03600505438034672,0.03724815966577747,0.09301781391818306,0.04849131859862984,0.018068273970836875,0.22365734957145517,0.07237226887884991,0.08409861215568049,0.08436816183201437,0.0425740873988761,0.03345888772837276,0.08147022612104317,0.04651615362434353,0.014306797296400288,0.17007830510235714,0.09774491991535475,0.05683628782369881,2,1,0,0,2.2526004314422607,0.24495623957615428,5.604992866516113,0.8281996533906864,1.9219096899032593,0.16681050447231102,1.0175551217373244
10.0,15.0,170.0,180.0,74,0,0.0,measured,0,0.0,0.7158238984443046,0.07843519748998184,,,0.1406317272701779,0.038175757178357125,0.06372983874501409,0.14060513067775762,0.03845985207704492,0.0271245711663977,0.273146796870876,0.06605809121518522,0.13843234165294752,0.0918859079598265,0.03029869571127521,0.04138609189550201,0.09164387146937997,0.030791882403435816,0.018280604607651234,0.1525933852018058,0.05316903236901928,0.0784038696109141,0,0,0,0,0.0,0.0,0.0,0.0,0.0,0.0,0.7853981633974483
15.0,20.0,-180.0,-170.0,1092,70,0.0641025641025641,measured,159,0.019875,0.7983711924105008,0.06275880691453792,0.4922419233048487,0.31295028633100047,0.11882203525759702,0.03906106616243029,0.07178915188503825,0.11882297628325682,0.03911075657259013,0.03079087888063996,0.26868748664855957,0.09282490966837934,0.1188157715209543,0.0967402699924644,0.03253926398725395,0.07037312122059271,0.09691202494957483,0.03195989579506864,0.025505864792933368,0.2862447766799503,0.08993481804521641,0.1274809102085929,159,0,0,0,2.0251013700317286,0.09018454595332093,4.4543474305350825,0.14289049128107906,1.6809309376110821,0.20159815147109478,0.23263491500880426
15.0,20.0,-170.0,-160.0,608,1,0.001644736842105263,measured,15,0.001875,0.7831967020349015,0.08108686623812282,0.5227640668551127,0.2449654690127762,0.12350757668006558,0.04460079705302759,0.045696547337772425,0.124415176315112,0.04278884193298777,0.02941177753735372,0.24425409113162824,0.12634492053035062,0.08228307402703475,0.13793467236064605,0.05279382664178705,0.04060057352789719,0.13987175056872242,0.046716023666660084,0.024874771402766387,0.2554110797644594,0.09709219962092076,0.07820627932887586,14,1,0,0,2.165938218434652,0.3491491967852408,5.803310298919678,2.901969820777181,1.9029664993286133,0.6354438134080358,1.417271931651496
15.0,20.0,-160.0,-150.0,90,0,0.0,measured,3,0.000375,0.7767742421891954,0.0725414249810952,0.1744174212217331,0.09615652142602708,0.08869411680433485,0.058637359407213,0.062299503220452204,0.08267738044481696,0.07211684792720695,0.030999247376708776,0.1984939737452401,0.11665583749612173,0.11820217768351236,0.08549146315245698,0.05891335275777825,0.041822845386887963,0.07636371667522329,0.06493653411166418,0.036473458428564184,0.16134913043514607,0.08896919937474915,0.09362344942041886,2,1,0,0,2.034673055013021,0.22589541638845567,5.117074966430664,0.7903388460005171,1.7496329545974731,0.2859759665713861,0.6352710989284079
15.0,20.0,-150.0,-140.0,54,0,0.0,measured,8,0.001,0.7618693361679713,0.08883387764447317,0.12602407578378916,0.02202830521528829,0.06038227787724248,0.07254106027108652,0.05743935152336403,0.0650798871432699,0.07034549152046653,0.04259830670605464,0.29578157707496927,0.08152808745702107,0.10410687217005977,0.05268375708462071,0.05970157865806792,0.037684783212999486,0.05174812147969351,0.058192213372588224,0.03791558982453004,0.29330805729453796,0.05430050401402827,0.10200376300419163,6,2,0,0,1.9659730792045593,0.21510695478480912,4.877001762390137,0.6875745098149078,1.6715330630540848,0.2396676481388228,2.060598424802322
15.0,20.0,-140.0,-130.0,57,1,0.017543859649122806,measured,11,0.001375,0.7737311199307442,0.06509145132554733,0.28430911695415323,0.21493024522962392,0.07566210201808385,0.08564598219735282,0.07062955626419612,0.08716283274945416,0.0857692602643312,0.050656645223988876,0.3997409130845751,0.09943031626088279,0.1429992275578635,0.09577109705864474,0.06583748358986001,0.05151493771081041,0.07389134341872562,0.0784411191543166,0.045580293207739805,0.3929531836158021,0.06329244428463972,0.10420852934276634,9,2,0,0,2.0362862565300683,0.18770239271329345,4.773289377039129,0.6506984524222559,1.7281252145767212,0.23233787871107542,1.3887219898101684
15.0,20.0,-130.0,-120.0,31,1,0.03225806451612903,measured,15,0.001875,0.7785595248142878,0.10228352480479821,0.33956148078044257,0.21562692341699677,0.07957441012064616,0.07338768641153971,0.07212831576665242,0.07504832363126547,0.08319491604941737,0.14300590831570653,0.354217537244161,0.0727923591931661,0.15099066098531086,0.08461320958327717,0.04708014935779963,0.05498305207510238,0.059608086545971765,0.07061873720492864,0.3599289265245492,0.35752027548198007,0.0658896947836943,0.11693536778069263,12,3,0,0,1.919500462214152,0.0857955083940964,4.576318677266439,0.2976364077255515,1.6791636943817139,0.1690142767449683,1.7241432140035147
15.0,20.0,-120.0,-110.0,32,0,0.0,measured,22,0.00275,0.7379189347848296,0.1379280400060849,0.28767484561963513,0.19497929050243812,0.05534365773200989,0.10865858197212219,0.0759261529892683,0.10064836966785352,0.06731035737123292,0.15476820105686784,0.24978278949856758,0.06751099228858948,0.13020523265004158,0.046126153297008345,0.10555789007696559,0.06693202551450955,0.09895158400568234,0.06072481831472636,0.3272979241194712,0.3353628882884412,0.05729947143747663,0.09892505695956681,18,4,0,0,1.9386191151358865,0.0819112380111515,4.593526255000722,0.3243977016119681,1.6799288608811118,0.15159492210260497,1.9667253530625886
15.0,20.0,-110.0,-100.0,48,3,0.0625,measured,13,0.001625,0.7498582700888315,0.10039232836361071,0.403736096735184,0.23830663153840356,0.06845393710666232,0.10272384219699436,0.08548415369457668,0.09933447964694617,0.07559659451177184,0.07573723943391862,0.2970173809263441,0.09119780196083917,0.1241954935921563,0.07781440927564005,0.10464049402819568,0.06681499045736404,0.10206009711773796,0.07902149815277253,0.16367004571467741,0.2652663499836883,0.08829646616146039,0.10051493766101546,11,2,0,0,2.0733545560103197,0.4264862040151095,5.661406517028809,3.629492463155699,1.9162258093173687,0.8998848603226413,1.7991990265651066
15.0,20.0,-100.0,-90.0,41,7,0.17073170731707318,measured,15,0.001875,0.7135779717389275,0.08009949458399368,0.3140401696165403,0.21953021608307474,0.07991793343578191,0.07490087957943187,0.09043118182350607,0.07605601881214574,0.07816508102018566,0.05549424991149961,0.25624314476461973,0.07990014202454511,0.14034629569334142,0.1045378420183398,0.07808335942513206,0.05043157117286182,0.0791449776068614,0.10423034064296294,0.0449476182884279,0.3271719766329655,0.05772904928423575,0.09464207905194733,13,2,0,0,1.9123374621073406,0.10841674016470278,4.459835720062256,0.2395640825790675,1.5958648363749186,0.0770667217916389,1.6794253252043831
15.0,20.0,-90.0,-80.0,49,1,0.02040816326530612,measured,10,0.00125,0.7044849923501412,0.1309787895781543,0.44121564999222757,0.27015335041481814,0.12939593525758633,0.10901463031768799,0.1100874866048495,0.1079889355045523,0.1305365922018971,0.07511550895751358,0.3554027092953523,0.09172304595510165,0.1240403950214386,0.2024459685883296,0.1121511757929823,0.09731378519731201,0.1112318334101586,0.20277036582061733,0.11718608116888071,0.3673202840696314,0.10559826122268988,0.10218403838185279,10,0,0,0,1.9195152163505553,0.0647006126007872,4.4625650405883786,0.12634886565892586,1.6373064041137695,0.06183675127512582,1.627950807858154
15.0,20.0,-80.0,-70.0,43,1,0.023255813953488372,measured,20,0.0025,0.7208251122917447,0.09934263195351976,0.26274076774716376,0.2530893066151519,0.1442136423928397,0.11458106268019903,0.06654311361766997,0.1201757479967056,0.1463200700199274,0.10957125739308682,0.3525287296090807,0.13205523717971074,0.13347999822525752,0.2069577213626034,0.10434615603010375,0.06399837105383274,0.10200780274790802,0.20344200197681164,0.21793787880593923,0.34539703248139575,0.10164683291221233,0.11163467442947768,17,3,0,0,1.9281252562999724,0.0949771023938308,4.57796151638031,0.4661111052332671,1.675874549150467,0.15792774573317853,1.5557851904204525
15.0,20.0,-70.0,-60.0,39,5,0.1282051282051282,measured,17,0.002125,0.7601682158077464,0.07289388873923452,0.3841397560694638,0.2678154857087312,0.06736160727108226,0.08421039581298828,0.06364278407657847,0.07798420333454582,0.07231612828467937,0.14739657624783492,0.22993888749795802,0.12045789466184728,0.108929644612705,0.05717312665646107,0.06493460079062215,0.047590782035350464,0.06720857713051363,0.05732446658206851,0.31367267850099256,0.19256715716980272,0.10561029953378057,0.10838742986750943,15,2,0,0,1.9212827191633337,0.10022457553732363,4.454298103556914,0.3836072245589293,1.6417145869311165,0.1373536336176936,1.8658525124982122
15.0,20.0,-60.0,-50.0,39,2,0.05128205128205128,measured,16,0.002,0.7489684868503261,0.10434843243611243,0.43609047401696444,0.1838080697052117,0.10278900249584301,0.08998025430215371,0.059032480458955504,0.10566552206466215,0.09907064467095358,0.05619950371671088,0.28101708599039027,0.10942133375116296,0.1045044789443145,0.18563401969508253,0.07685029977699495,0.057382938929563164,0.12426532907244349,0.15035263830122947,0.1417523998226924,0.2739492321846067,0.10574984903025292,0.07619360579432273,14,2,0,0,1.9714248850941658,0.11172931209301352,4.541620880365372,0.4237840584649802,1.6736046895384789,0.1517107668572348,1.7873222702384794
15.0,20.0,-50.0,-40.0,54,1,0.018518518518518517,measured,21,0.002625,0.714000366768747,0.11637903350083266,0.32861944075141636,0.22119196480035963,0.06891907386060031,0.0979777642016141,0.06191955309993816,0.07887529690000519,0.0931252506438727,0.039323314986938425,0.19593980627239876,0.14860342133719967,0.10105948403196514,0.043586543479296774,0.08343167181363643,0.07488250422459661,0.06016917239998525,0.06852851653139522,0.03574392924714515,0.2260065356916285,0.11717800988284194,0.09982235870296095,19,2,0,0,1.9983004047757102,0.20007829263614824,4.690797669546945,0.557153937342089,1.6856470902760823,0.17698634872031654,1.6804499063393354
15.0,20.0,-40.0,-30.0,82,0,0.0,measured,12,0.0015,0.737129610122704,0.08893423393803505,0.24847270424167314,0.12274299546828875,0.08518687690176614,0.12404052222647317,0.05418044764821122,0.08844580219139941,0.12210460776887715,0.038155008360192734,0.2719987456391497,0.13334803174181684,0.09876935365723401,0.060648784170377376,0.09243277425819059,0.04242592036518241,0.07697964309606038,0.0787838010890256,0.03383052127636672,0.27573339952508447,0.08399252067273076,0.08731661295926282,12,0,0,0,2.148272007703781,0.2844637652129193,5.05903418858846,0.7962787497951832,1.8118201792240143,0.20784528104737798,1.5412876501100272
15.0,20.0,-30.0,-20.0,65,0,0.0,measured,31,0.003875,0.7526435801616082,0.09258631808036277,0.27101690923013994,0.17594723016118408,0.12886971693772536,0.0776769051185021,0.06483451403104341,0.12727257986474558,0.0751165570442917,0.03608147703238678,0.26784812487088716,0.12028742936941293,0.11418767342200646,0.10124665283007278,0.06641109111127783,0.047528713011374096,0.1086608070588684,0.06045201027245466,0.03205860431602454,0.2253890989268789,0.10640097213408327,0.07768333485506204,30,1,0,0,2.0646723778017106,0.2844075632199844,4.860088409916047,0.6889152756268602,1.713637767299529,0.24518740672306144,1.5055865897195793
15.0,20.0,-20.0,-10.0,250,4,0.016,measured,24,0.003,0.7588395158934399,0.10775713304302999,0.4528840435668826,0.2374069474097183,0.15344271621083824,0.08381338138890461,0.06695754717035991,0.15548712482520724,0.0812400364528988,0.03449790831535712,0.3105108650719247,0.14557741085688272,0.09194799700403601,0.1335468218258959,0.07432630520425372,0.05507861387597043,0.13448736212434353,0.07117206785441203,0.026710592357135826,0.23979036045562013,0.09760866604129083,0.07325499201572548,23,1,0,0,2.021525373061498,0.20415219860791622,4.840459853410721,0.6521290666135773,1.7175096770127614,0.2187580864347277,1.2211184083316726
15.0,20.0,-10.0,0.0,198,4,0.020202020202020204,measured,31,0.003875,0.7349268063595614,0.09419658909343917,0.5228088738456849,0.20520514887357094,0.1543564059070705,0.07306259947339284,0.06893364270937812,0.15485439555377606,0.07473352344949198,0.03722960751066906,0.3240548765536436,0.14839094877243042,0.08828586462846737,0.12084660840652135,0.06546629755757574,0.06060668409546674,0.12071534906126076,0.06258277332565845,0.03478834719565915,0.23490309133525494,0.09651061008031042,0.06657323810469225,29,2,0,0,1.9912740069050943,0.19234814861658875,4.766074103693808,0.6090379130300012,1.6991145033990183,0.19991897714237247,0.880187467401073
15.0,20.0,0.0,10.0,240,2,0.008333333333333333,measured,28,0.0035,0.6878663807356057,0.06464922752034177,0.249671590381435,0.1709983267300696,0.10320554861501485,0.07758243278670712,0.06053766082314884,0.10233628433432611,0.0785212146220365,0.04477906584779536,0.2580725715941742,0.17851225919082386,0.14765007656161525,0.07222564658774609,0.06986315607894251,0.06038615547796111,0.07168838349027114,0.07064207796939931,0.03421926998307653,0.16917155056057379,0.05709466209701015,0.0990000642572479,15,13,0,0,2.245323896408081,0.2632970972982272,5.603612644331796,1.0576420295510771,2.0625434390136173,0.3359310641330908,1.5240222540150052
15.0,20.0,10.0,20.0,638,4,0.006269592476489028,measured,20,0.0025,0.7662051928814277,0.07094880839497507,0.264852037280798,0.1646787181051007,0.1117956751152544,0.06464997187773888,0.06989724111481796,0.11416247464047757,0.0586373859459793,0.03290574114647455,0.23535422684642418,0.11722229726683078,0.08743780888969589,0.10820219751403815,0.05807175986758007,0.06507349265360285,0.11190028025145608,0.05258184394144932,0.03257577437701723,0.21918786806547683,0.08242641407394259,0.0936579396814224,14,6,0,0,2.1716811418533326,0.41691749156769536,6.101545464992523,4.458074298257997,1.8677547454833985,0.6210184451119962,2.2387302852474797
15.0,20.0,20.0,30.0,441,10,0.022675736961451247,measured,51,0.006375,0.7404182730998904,0.07353726133518142,0.45286912529491913,0.27240733522410754,0.14710279407191443,0.07158347238244148,0.07449843062048998,0.14565706676107593,0.07214894321858212,0.03022627401196118,0.29584065114262487,0.13601681278919123,0.12209519902957287,0.12878905435734955,0.05699357461983339,0.06292589219153347,0.12441495887466503,0.06854035683825505,0.02779871424111561,0.2873440596506828,0.10714300940316675,0.1016488630621096,47,4,0,0,2.065902978766198,0.27166873472390307,5.242586243386362,2.5860762485255946,1.8174651861190796,0.41624193212928967,1.5326120459303876
15.0,20.0,30.0,40.0,284,2,0.007042253521126761,measured,37,0.004625,0.7292355579581666,0.09647763035307517,0.4589281645981041,0.2544746142282413,0.1156342384663034,0.07484467147935367,0.07643411324379291,0.11512314599003173,0.07840507712632655,0.035431756161808735,0.2340799756083928,0.1343149652717807,0.11797546790846695,0.09555068325841092,0.07197341703179518,0.06128012888324973,0.09722829216406535,0.06655127441265077,0.04595560592169114,0.1952672400150971,0.10475989133354001,0.08997707207581726,32,5,0,0,1.9902225765022072,0.1796278098198112,4.740967789211789,0.6609426523801647,1.6624727506895323,0.1524697466131295,1.981832644777132
15.0,20.0,40.0,50.0,147,5,0.034013605442176874,measured,23,0.002875,0.7321434072415594,0.1001822734781721,0.37919230176054913,0.2398220902629481,0.09680966256370008,0.05753287463121011,0.05776600980422866,0.08756859807018012,0.07403811563382748,0.034709518446954614,0.19252374642331835,0.12162613868713379,0.14418196426311009,0.07733391504945546,0.05463624795913875,0.05361375830035682,0.06969485315975896,0.0603367379414215,0.03970722988925754,0.1790236682628665,0.10200862473011607,0.12941296860933232,17,6,0,0,2.085885094559711,0.23777705240275904,5.069652080535889,0.9022563819811402,1.7119413717933323,0.1662705527579474,2.3314060850109164
15.0,20.0,50.0,60.0,106,5,0.04716981132075472,measured,23,0.002875,0.7635105438161605,0.0884328979831599,0.3269027306333832,0.22084500551233774,0.08034830754346187,0.07075629848064763,0.05611032660644833,0.08091717481241775,0.07714464411953079,0.0364088989574663,0.19429007143077284,0.1585701857462968,0.14564908377014765,0.09975186832472151,0.06991427745460314,0.056805114229955926,0.07269782117467419,0.09228698297460859,0.03217212655656429,0.22195091441544673,0.15731452657958883,0.14063789834765636,17,6,0,0,2.0370162569958232,0.21410097792316843,4.941986996194591,0.8573810994781587,1.6371825259664785,0.13856336645343212,2.1741734687567575
15.0,20.0,60.0,70.0,109,3,0.027522935779816515,measured,20,0.0025,0.7822688593054717,0.07842889120900876,0.2021616816520691,0.17380770917075228,0.07985626976445036,0.06888565027488852,0.05682392052884372,0.07022551184515906,0.0792688356159307,0.029938849462192607,0.1980735310968363,0.14717156144807925,0.10677061890656094,0.09859428986833899,0.05515946460393088,0.05983789380163494,0.06312788260691128,0.09319526161919009,0.026846482080357673,0.25499806102609945,0.1425268828905919,0.10706908037299907,19,1,0,0,1.99067662358284,0.14025106784000413,4.688092756271362,0.4874803820278994,1.6259597539901733,0.15920688434044655,2.0250853965814093
15.0,20.0,70.0,80.0,117,0,0.0,measured,18,0.00225,0.7709853593100849,0.08827367768637129,0.2474704153007931,0.18107907068776896,0.09614269550030048,0.07574700901650974,0.06880378315591404,0.07394269644679317,0.099054300042639,0.031407535751028906,0.22360785394652277,0.14220860982552552,0.10872179830176198,0.131138763003358,0.07692035077991577,0.059648447543427414,0.07763791629713915,0.129569363807366,0.024898311220571855,0.2978194513873737,0.14470512986175335,0.10566480013106204,16,2,0,0,2.0377145409584045,0.15202423265993434,4.851468457116021,0.5328575119231306,1.7349362307124667,0.18558777462933326,2.223866821893513
15.0,20.0,80.0,90.0,121,4,0.03305785123966942,measured,35,0.004375,0.7443875709914753,0.11867168807866636,0.22788419659648623,0.14250695249312298,0.09677797984172645,0.0992326899471446,0.0719049868420658,0.09963725091499577,0.09537027749003335,0.037339738861921386,0.23343613820198256,0.12613796474587205,0.10636054246853559,0.1364422585575182,0.09622511104622886,0.0671538420689219,0.09687983748495768,0.136675131399212,0.055398175288304596,0.26082030129201345,0.13770956303271598,0.10557877270194568,30,5,0,0,1.9892540080206735,0.22946753006443457,4.669949116025652,0.7332609828923561,1.658250481741769,0.247645594917194,1.9607903783777392
15.0,20.0,90.0,100.0,166,4,0.024096385542168676,measured,26,0.00325,0.7620344789307795,0.09094813512015018,0.22213734514438188,0.16465476097685183,0.09255168048871888,0.08503147407814309,0.08956009517481298,0.08778340686193073,0.09041476488594456,0.03404334024178213,0.20976209198987042,0.12535062027566227,0.11949651623949592,0.11520430791548295,0.08793180710919674,0.08059423950880097,0.09020679145832088,0.11305829891736972,0.037926853472711894,0.23595994751474128,0.12492534170249281,0.11061692612924873,23,3,0,0,2.005012191258944,0.1924796383235606,4.736105698805589,0.678167005625267,1.696402343419882,0.20497375198197565,2.231864427107901
15.0,20.0,100.0,110.0,205,1,0.004878048780487805,measured,13,0.001625,0.7629199347951833,0.09406913119992194,0.26651825641210264,0.1714712201021019,0.08276189191668641,0.06739930078095081,0.06062215186801611,0.07324494956647165,0.07992344543012624,0.038666986330824216,0.1935444205415015,0.11066658999405656,0.09686537291489396,0.12882785290770277,0.05600226659962809,0.0590537719840492,0.0628757593814049,0.12417377003332554,0.03881813782529845,0.23774844988435412,0.12205886926108661,0.09643260259767554,10,3,0,0,2.0558062608425436,0.18621085243278687,5.016412624946008,0.6641679373645872,1.770230247424199,0.22012946643915224,2.302318166938535
15.0,20.0,110.0,120.0,121,1,0.008264462809917356,measured,22,0.00275,0.7646876893937588,0.10015763485829526,0.24528661302544855,0.16014148408447137,0.10785595178604127,0.07258032162984213,0.06461947709321976,0.08647041486924299,0.1005319484747263,0.03153244824123972,0.21561856071154276,0.146405890583992,0.12410070399443308,0.13121018798462117,0.07917763893754738,0.06324239856286118,0.08589710399962357,0.12419300936422416,0.026782159318593846,0.23450522288512052,0.14363217144043858,0.09938268260220927,20,2,0,0,1.9516573277386753,0.18109830519259398,4.634022322568026,0.5453127340554464,1.585119209506295,0.1347396750135612,2.5328763439503956
15.0,20.0,120.0,130.0,101,3,0.0297029702970297,measured,15,0.001875,0.743732641850199,0.12857770031568963,0.28422956764698026,0.20183395807598636,0.08382966080490424,0.07872728425629284,0.06868867484890685,0.08328556997731668,0.08254867636675634,0.04490994073215948,0.1657119235213922,0.17769251672589048,0.10092747211456299,0.08407251700150131,0.06930598916336088,0.06905462435259223,0.07102436316555,0.07938309181742757,0.055640391434949914,0.16909065292511982,0.16528573019022078,0.1085565867245864,10,5,0,0,2.1600703954696656,0.28610491433164,6.069170920054118,2.760657293231431,1.9030389149983724,0.357853013868814,2.178595440603835
15.0,20.0,130.0,140.0,109,5,0.045871559633027525,measured,25,0.003125,0.7265532065469485,0.12108777342410883,0.2636381584405899,0.15683017339875535,0.07296074353731595,0.06616055965423584,0.07842075996674024,0.0720872339432129,0.06824316747794433,0.026728060383950387,0.1723330433552082,0.15620581347208756,0.13592641284832588,0.07022274967965163,0.05429010222487909,0.08794673050384992,0.04803170489938543,0.07360975236264973,0.028495865238262454,0.1516085543271105,0.1317925771275958,0.14162286906421992,16,9,0,0,2.183582639694214,0.3098183826610669,6.107964172363281,2.427752430163561,1.8419199800491333,0.2913637084924613,2.1562747446850543
15.0,20.0,140.0,150.0,191,0,0.0,measured,21,0.002625,0.7510045101349266,0.09999430803207875,0.40429079603581203,0.2515404184131726,0.1027762727587635,0.054194180753218565,0.061240278613504937,0.10041015841432681,0.06522271188749132,0.02828620766323687,0.2672150834068578,0.1345297597465715,0.12497009282336809,0.10998976211866453,0.0436246412258607,0.048370519213111494,0.09367205079192337,0.06625838365360408,0.029159529175828782,0.2484932856364782,0.11279427183890021,0.11076989985458277,10,11,0,0,2.237302087602161,0.27235233454984553,5.435284273965018,0.7305418704295602,1.8228216852460588,0.210072355015525,1.7517616690188123
15.0,20.0,150.0,160.0,370,0,0.0,measured,10,0.00125,0.7771986731202216,0.07916328170044837,0.32020304575562475,0.2203278929180027,0.10953769426088075,0.05530323337864231,0.07567047847283853,0.10863558563452658,0.05819321076240857,0.023255341460575382,0.2725992241421261,0.12484207217757766,0.12074504349682783,0.09752055113818862,0.04642646486607558,0.0642740672096172,0.09295834744019174,0.053788790807878274,0.020027103892926276,0.2418777828658613,0.10784202618759266,0.10256611851111148,5,5,0,0,2.313166379928589,0.1285602943612804,5.79095196723938,0.40766770553589615,2.031171667575836,0.1589103493162197,1.5506234551870772
15.0,20.0,160.0,170.0,523,0,0.0,measured,11,0.001375,0.7977625477496342,0.07127110738570822,0.3647353229197589,0.1981051209186309,0.11712462496347227,0.049080081925109514,0.05707665531402792,0.11726285951097144,0.0464313472082461,0.021588006479889073,0.2831963585621996,0.10070830572175705,0.09333228039240062,0.08041575488080842,0.039451756675646696,0.04687905143508431,0.08048707118510746,0.04201844952202657,0.018153166933921393,0.1907478553140312,0.08813813911616572,0.08489253647775194,4,2,5,0,2.7558937831358477,0.7020034467599118,13.298868786204945,9.005736198072634,3.1043317968195137,1.4157925737306305,0.9475115876009185
15.0,20.0,170.0,180.0,369,0,0.0,measured,10,0.00125,0.7847299091215056,0.0712909326760354,0.4128794752061367,0.3124009035039246,0.12316402187192343,0.04831166456369582,0.055623196327912454,0.12260777835825322,0.05036606587908998,0.024281630713838587,0.24769786121399423,0.07481570909339884,0.1470490044694606,0.10647736421850883,0.03697869256209177,0.056516135231135786,0.10639998764445982,0.03630262709888579,0.019964391012479273,0.19843056083114302,0.09743389556047116,0.13197476840427563,5,0,5,0,2.717469000816345,0.8001373691998167,13.999145221710204,9.933828596492772,3.1268452048301696,1.5634398675346388,0.035926158223701786
20.0,25.0,-180.0,-170.0,1425,52,0.036491228070175435,measured,156,0.0195,0.7932966919012167,0.08448777632745798,0.3931100370410161,0.28576093314974843,0.10645400739810107,0.04800530808461587,0.06247089430961136,0.10686098476799709,0.04788097466932933,0.03127789250376503,0.2170122357415007,0.0786372826035146,0.08228150850130708,0.16656436035200778,0.09486745624317468,0.05380632362818482,0.1685890454406434,0.09080947993177593,0.030350041642498778,0.31168541530967897,0.09705919100792583,0.11220046998810757,133,10,13,0,2.1538539704604025,0.41140825173472995,5.629682877124885,3.211293394914242,1.9587109891267924,0.6998836403271005,0.4634888850392747
20.0,25.0,-170.0,-160.0,496,6,0.012096774193548387,measured,50,0.00625,0.755361920139011,0.11029991219272305,0.33765857890248296,0.22654171228274841,0.15493491815060986,0.064324139575569,0.06883317219967745,0.15364307014228212,0.06587977339962882,0.027207754531121658,0.3398287561475014,0.1342274847687507,0.11712689083449694,0.1624436121974924,0.07215978854241915,0.05904327504322807,0.16440926265453773,0.06899741174991983,0.04623204590430069,0.34468892116080047,0.09661033911081562,0.09564844053702233,40,7,3,0,2.171059396266937,0.3713689354026611,5.864952964782715,3.826166594733393,1.9743838858604432,0.6684723438943424,1.8178286736010218
20.0,25.0,-160.0,-150.0,91,1,0.01098901098901099,measured,11,0.001375,0.7641635580195321,0.07935035684803121,0.26766822554848413,0.19695965930727463,0.12104981740315755,0.071533113055759,0.07502026359240214,0.12191182489588555,0.07626998999185632,0.03357852584443878,0.307772962252299,0.09713879691229926,0.1075540926721361,0.11431839039024301,0.08491363307806536,0.058061010578926715,0.11150735103552128,0.08328007122328974,0.04798945382513755,0.23265259854452053,0.08103854880114998,0.08441340233365519,9,2,0,0,2.052759517322887,0.11372710919589862,4.776065826416016,0.42936247046854614,1.733471848747947,0.1573783647247848,1.529283696915456
20.0,25.0,-150.0,-140.0,85,3,0.03529411764705882,measured,40,0.005,0.7350493495057269,0.09800672495246059,0.27831969410181046,0.19435577463899215,0.10632234666405654,0.11532033362039705,0.07506896373702258,0.1283215535746317,0.08467942131301177,0.05839317164769987,0.31137790912535135,0.10964533468572105,0.1190660726733324,0.07781657486689088,0.0943476571519671,0.061731061752993435,0.09946647638855989,0.07764995202626643,0.05408451217654386,0.30891312111964686,0.07356746158436424,0.10952559880467819,35,5,0,0,1.98607117831707,0.15361803541500788,4.699939608573914,0.4885965411508,1.69030040204525,0.17448840170874536,1.45860363676966
20.0,25.0,-140.0,-130.0,251,3,0.01195219123505976,measured,23,0.002875,0.6317199533504825,0.0644167359978389,0.27319682778223703,0.19211216570358208,0.02814817044042772,0.07071843839460804,0.0760446907051148,0.047969920837196,0.06301801863926604,0.025098388370644792,0.06903414284029315,0.05944965539440032,0.048728692916131786,0.07824927301944072,0.06140710808528762,0.04445347169926652,0.07950963704261714,0.05561503680291925,0.014295560101431876,0.08135390062128399,0.02512516028291375,0.04624291288828861,21,2,0,0,1.9391326645146245,0.11622785756581194,4.4793894601904825,0.25373736984924516,1.653264196022697,0.13604136601664288,1.9923419496413535
20.0,25.0,-130.0,-120.0,45,3,0.06666666666666667,measured,17,0.002125,0.7299290909653618,0.1127264987663105,0.24771230711656458,0.17727889178311856,0.13331358773367746,0.1241678964524042,0.07833073820386614,0.15791568265646125,0.11367735837031047,0.04080759631045176,0.4157973471141997,0.1875210376012893,0.12710028886795044,0.20118814896619183,0.10726663335975735,0.05450451247433445,0.16230106189529572,0.14481519869602894,0.036599199931315815,0.4829709348207435,0.13749932862506697,0.07714574222490539,15,2,0,0,1.9948542328441845,0.1954115830180323,4.628705389359418,0.5494795517963815,1.7212909179575302,0.19570829686126265,1.8226783122227195
20.0,25.0,-120.0,-110.0,43,3,0.06976744186046512,measured,36,0.0045,0.705508891120553,0.10729634432414926,0.26336041444705593,0.1983152871917796,0.09128735065460206,0.13947091102600098,0.091697196662426,0.14961409281026422,0.11888799412777144,0.03363103195417185,0.41147851943969727,0.21178126633167266,0.15344120562076569,0.1967775209232926,0.16207247090548144,0.07846068384776875,0.14907999380597092,0.18447443592468912,0.022492474807240193,0.4987453325615745,0.15781933891596775,0.09383356723701003,33,3,0,0,1.9639503988954756,0.28834269268500057,4.9606799549526635,2.3284440602407837,1.7633041507667966,0.6405291194752557,1.846045535240176
20.0,25.0,-110.0,-100.0,62,2,0.03225806451612903,measured,35,0.004375,0.673356352498134,0.14294445212528695,0.31491250140326366,0.23249234380788686,0.08796215852101644,0.10408706665039062,0.09813140829404195,0.10553717692735577,0.1023902298323671,0.042431597494636306,0.3052772045135498,0.1320781926314036,0.12352785269419352,0.1557294035098417,0.12368445512847963,0.0839096526796785,0.12404134490583553,0.1453025815618906,0.0394512919854733,0.3532633398617582,0.11603666921388392,0.10920935790226642,35,0,0,0,1.9227689266204835,0.09631973520643389,4.417169366564069,0.30665829488470303,1.6131743805749075,0.1084585761304184,1.7274107690119536
20.0,25.0,-100.0,-90.0,60,3,0.05,measured,37,0.004625,0.650988639446727,0.1281928288057976,0.2842623438384082,0.19018479274778594,0.08407164626477058,0.11370588603772615,0.09561447093361303,0.11582239121726619,0.08663541869859959,0.05147267701780703,0.2588454505853486,0.11570619072830468,0.13857189395971464,0.1179334872171948,0.12537100784036437,0.06934680922370275,0.12461799247476338,0.11477413084228834,0.06161983223980952,0.24407710807696875,0.08473088415640166,0.11568609987925643,37,0,0,0,1.9061375663087174,0.10780744795062967,4.373233402097547,0.35493666829906345,1.595801424335789,0.11245441046214141,1.7235119546352602
20.0,25.0,-90.0,-80.0,55,4,0.07272727272727272,measured,40,0.005,0.6654164054814506,0.11105249017538271,0.2660276660695672,0.2124539874701051,0.10405147367832708,0.11343140695609298,0.11281577278585996,0.10964617820692903,0.10635812801710369,0.05054243247898489,0.29909389626746086,0.10331183321335737,0.14088621092777626,0.1059681616938798,0.1262415278548391,0.08132114976019027,0.12726250606906106,0.10644006137215768,0.035809048407739616,0.2602025150727903,0.08042682354618282,0.11537936024193556,39,1,0,0,1.9561461150646209,0.21994793874279037,4.566415190696716,0.9672382975263946,1.6576406627893447,0.31623596743413135,1.8047134430484024
20.0,25.0,-80.0,-70.0,64,7,0.109375,measured,31,0.003875,0.7043200030661466,0.10250062061061968,0.2609557588734934,0.1894703062645877,0.08106844467029237,0.08456176623963473,0.10726136701148853,0.08272478854712961,0.07729208718509022,0.040649844466193845,0.25183214221084327,0.10360978360761676,0.1563736409471746,0.0981693143221565,0.0733540729383066,0.07159196922259697,0.06890815530644924,0.1057120053381593,0.03802703739468892,0.20188657679508698,0.13106913714499122,0.10762568934043582,31,0,0,0,1.9669726048746417,0.18847532957589117,4.5347941844694075,0.5475935031197084,1.65668745194712,0.19556771823339406,1.5039886620786524
20.0,25.0,-70.0,-60.0,68,3,0.04411764705882353,measured,32,0.004,0.6275396745938521,0.18204717542849688,0.23324141069315374,0.12917461817515757,0.10415716904860277,0.09722116910494291,0.12538867317713223,0.10394174066184146,0.1052366817171798,0.04461791249565207,0.2746573851658748,0.09253473832057073,0.12844451207381027,0.12656537055488992,0.057401359806870784,0.0935520018757409,0.06214040826443657,0.11778924292055787,0.043277717237889174,0.30485740029449,0.10202109006536295,0.10753027408247895,27,5,0,0,1.9516122117638588,0.17045006752230424,4.708001360297203,0.5109518451623416,1.6943866237998009,0.1747070342617684,1.6114700430406765
20.0,25.0,-60.0,-50.0,64,3,0.046875,measured,20,0.0025,0.6685649447265218,0.14941669473773597,0.2765762384980917,0.16749988907698654,0.11315278537937852,0.08172132148117316,0.10655515311194248,0.09960592098859011,0.10601453193342564,0.091340912257718,0.2803978724557845,0.11051985181745935,0.09878172444515541,0.16357735760996175,0.06935348898544116,0.08745782029003016,0.09198554611515035,0.1463817762212938,0.21618500636485893,0.3977314498013224,0.10048605966139915,0.0826225831104687,20,0,0,0,1.9028306245803832,0.13113929956413958,4.481698632240295,0.3020466931477558,1.6107426762580872,0.09167961413857986,1.8191482663349152
20.0,25.0,-50.0,-40.0,67,5,0.07462686567164178,measured,30,0.00375,0.7340655591218702,0.11033262254103443,0.2578467073539893,0.1650162521863392,0.10199923669138262,0.12426222524335308,0.06356619154253314,0.10925519068067563,0.11445107270116858,0.11344761934150195,0.32837214489136973,0.1715849022711477,0.10352516366589454,0.08963463071523518,0.10453807279627488,0.061742324723759096,0.08866865494884596,0.10913132223112615,0.3005708768185671,0.2695576757214396,0.13611449418811314,0.08697147118547198,27,3,0,0,2.003682561715444,0.19078353874667983,4.760653909047445,0.6805665233827612,1.703000275293986,0.20332653428587577,1.698051947985541
20.0,25.0,-40.0,-30.0,58,1,0.017241379310344827,measured,34,0.00425,0.7350530410022066,0.09188400137180114,0.2957724359105615,0.1649518018527251,0.1034816775405616,0.11127945414760657,0.07934460200761494,0.09907812248263122,0.11173831154535782,0.04912205242205447,0.26152670174314263,0.1980857995518467,0.09740793286708363,0.08399580491658477,0.08563517286136484,0.06106789442230916,0.09561960076798967,0.07768667777591216,0.0363582813939186,0.2344218481932423,0.13467545863018304,0.08604360355198108,32,2,0,0,2.0008031725883484,0.17641801917819927,4.701649567660163,0.5806197428258079,1.6572177620495068,0.16347006519665044,1.8437206834974187
20.0,25.0,-30.0,-20.0,112,2,0.017857142857142856,measured,34,0.00425,0.7131851323626258,0.10642512373481132,0.24568169585922184,0.15091130910772196,0.09905790849165483,0.1451149507002397,0.06429611877961593,0.10739692323728388,0.12633088575336185,0.05577028783635579,0.25143382766030054,0.14221208095550536,0.10773634260351007,0.09813654833929221,0.11627927414828694,0.06224110937994685,0.1300916527688697,0.09800530563023924,0.05037554217830863,0.29203089000227833,0.09516629413702789,0.09900343547511944,31,3,0,0,1.9633613614475025,0.1777984035066568,4.699403103660135,0.5792066806554081,1.644561213605544,0.16934969709814035,1.8141645056034055
20.0,25.0,-20.0,-10.0,189,0,0.0,measured,49,0.006125,0.7331866604625863,0.0961831682573453,0.25189586637579664,0.1751936240118598,0.11039754070302166,0.08263518066002579,0.09066813994967748,0.1096408968189534,0.08728000824715035,0.039072860876820194,0.2218786736644765,0.13212321485791886,0.12221462449068746,0.08050666543045494,0.07049298770617675,0.06045630929316608,0.083202193364792,0.062491947440174764,0.03027991625441992,0.15877208477618893,0.08841972087045495,0.08361842750019483,46,3,0,0,1.974924934153654,0.17612036486413893,4.691870163898079,0.5258591382968705,1.6759485906484175,0.16725651701714206,1.5215518320051857
20.0,25.0,-10.0,0.0,417,9,0.02158273381294964,measured,116,0.0145,0.692254099045314,0.1189367930589171,0.4259484687113556,0.1868938016672776,0.17715182491377288,0.09288716070153111,0.07998092370290383,0.17869295360844034,0.0914470852851706,0.04791949809241844,0.3215818001943476,0.14088422147666707,0.11818900733601813,0.1444658859684744,0.07558960353896488,0.06534480590735019,0.143987829297335,0.07462397740060678,0.03968070433052573,0.2626550035637269,0.09611581783665062,0.0915185703391067,110,6,0,0,1.9574743067396099,0.10488852829235472,4.638747665388831,0.42295036692564225,1.6647085084997375,0.1265957814448626,0.9587679634211564
20.0,25.0,0.0,10.0,393,8,0.020356234096692113,measured,86,0.01075,0.6850969477133317,0.07020991181331775,0.310593122313189,0.18172098492069835,0.176262937273298,0.08963075742857264,0.09614650909002725,0.17683033054430047,0.08818209677120524,0.04211070814948119,0.4333410609852184,0.15575559882374554,0.16038441936691086,0.1270556202868194,0.07730660075399591,0.08707357858669272,0.12836656840367985,0.07548982067091586,0.035671657135730346,0.28358542433321865,0.09161719894454999,0.1402099159790364,52,34,0,0,2.151537225689999,0.2977516613662813,5.151693003122197,0.9467051377249542,1.9767473492511483,0.4271765135078199,1.5362630256367291
20.0,25.0,10.0,20.0,685,9,0.013138686131386862,measured,115,0.014375,0.7395258105233223,0.11121628145907661,0.4572372788320417,0.23315501724567536,0.22546399979901738,0.07237484927713518,0.08380788317798862,0.22469577748414796,0.0810048025421049,0.03638100361189831,0.46606633155303595,0.12467656579948741,0.13298307614918997,0.2457809974829654,0.06652228415868001,0.06661983827206538,0.24238055321477714,0.07146568404399753,0.031334401864413886,0.512217752238637,0.09310489383123315,0.10967465437420792,101,14,0,0,2.004595024689384,0.26642211568258534,5.178176334629888,2.9537245247990875,1.7647136138833088,0.44761139062677985,1.2686885232177367
20.0,25.0,20.0,30.0,234,4,0.017094017094017096,measured,66,0.00825,0.6970118634078813,0.10072596177764936,0.39292156876939716,0.20100870565863257,0.14354403951893682,0.07904690866884978,0.08704106859538867,0.14734298686035396,0.07514976708732961,0.03262682604503922,0.30660074897434403,0.14365160465240479,0.09889715754467508,0.11569847664357732,0.06689616912763323,0.06910414422091123,0.1175535939962714,0.05948318469502414,0.03159082155411487,0.23239343647543015,0.12047475236379379,0.08213690861227112,52,14,0,0,1.9785010597922585,0.19347727280196325,4.747541644356468,0.7029342631094175,1.6532592105142998,0.16258936231695253,1.959449415893557
20.0,25.0,30.0,40.0,154,2,0.012987012987012988,measured,58,0.00725,0.7078778629044169,0.13010404532329994,0.2615129630370387,0.17972393453676339,0.11820065975189209,0.07662544752422132,0.09340776542299672,0.11151825472174397,0.08995080698105244,0.027501706842195415,0.2512340357429103,0.1495352073719627,0.1029238191090132,0.09586234927919035,0.083405800022108,0.0844741812694988,0.08475796866367498,0.0909812650824568,0.03765260468107538,0.2303155802722065,0.13456889111400352,0.12551245537365677,50,8,0,0,2.0256503327139495,0.21544024474461768,4.913556945735011,1.025209640442436,1.6741984301599964,0.1894256474325006,2.1203986219501023
20.0,25.0,40.0,50.0,213,11,0.051643192488262914,measured,30,0.00375,0.7485888634282764,0.09006074002760377,0.31233901555339494,0.21744987029557714,0.08152240809827747,0.1102393358060629,0.08025009030162698,0.10285822413011597,0.09407521169654548,0.04085159468075008,0.24935291781283841,0.13316476286047757,0.11285669378714987,0.0869405827402235,0.09915607150996347,0.06813440317414687,0.09326655069951721,0.08978082434053498,0.03649810879459104,0.192533073367082,0.1259041645391281,0.09147940041095008,28,2,0,0,1.9894285917282104,0.1533121529321642,4.6872923374176025,0.552149306483504,1.6685332258542378,0.15037119882214556,2.3201471545461905
20.0,25.0,50.0,60.0,168,1,0.005952380952380952,measured,49,0.006125,0.7386645126842453,0.10454694106218906,0.25534380501022147,0.14577233397344658,0.10699880337286852,0.08324120001878567,0.0764259071407204,0.10239678309562156,0.09512282372905659,0.040512287124138735,0.2530659415764723,0.15425016423185428,0.10147375832060854,0.13272690120938524,0.07463648002889814,0.07062744074774417,0.10128860191487514,0.10849904192734745,0.04510453995318794,0.24683372476926316,0.1278061942235318,0.09071088063736497,45,4,0,0,2.0060704070694593,0.23263020845222526,4.703818720214221,0.7781405609791302,1.6778746843338013,0.29337200944743236,1.3933741593123015
20.0,25.0,60.0,70.0,133,8,0.06015037593984962,measured,48,0.006,0.745225756406784,0.09741479867017655,0.35844638540099066,0.19413816878529355,0.09437012100219727,0.11441975402832032,0.08669374895095826,0.12500986992251595,0.09983471013022666,0.03679508654223841,0.22773999214172364,0.13434214496612548,0.10485212230682373,0.14915594763794882,0.15210034048657567,0.07169942281538472,0.14775635855654407,0.14125590863060095,0.03584624073477135,0.2574012784062451,0.11168903583241482,0.09117189567358049,44,4,0,0,2.029645673930645,0.2128897382732469,4.7723908970753355,0.7640128453714585,1.67311546454827,0.19771366896368814,1.7298991058697817
20.0,25.0,70.0,80.0,103,2,0.019417475728155338,measured,42,0.00525,0.7295932257824606,0.11678490797217027,0.23961014637634867,0.15714664320940303,0.145740804105702,0.11290510574189744,0.08936022236795708,0.12888933711360026,0.15109097815829034,0.038898795198465425,0.35252108196220777,0.14810242629287265,0.10833826513573674,0.35140766428206993,0.10565444955759516,0.07406330641734614,0.14120763803596806,0.33054139252044473,0.03627030447196222,0.5296082637417168,0.12655581520065903,0.12142226203702637,32,8,2,0,2.217587377343859,0.5101381227347547,6.784139162018185,5.248782513100693,2.0329592994281223,0.8870023566398999,2.1639022155663654
20.0,25.0,80.0,90.0,128,3,0.0234375,measured,33,0.004125,0.716671338558197,0.08697692914224145,0.25406320709170715,0.14944799183504803,0.11582623812556267,0.11557960510253906,0.08046534585952758,0.1168096794767798,0.11711150378430973,0.04457728822044345,0.2949518280029297,0.13983440017700197,0.12921361255645752,0.17812429675211258,0.11552335865906896,0.06899780582734528,0.11392830079071431,0.1775077766863612,0.046932289291803306,0.2840406360149684,0.10432568042574988,0.12166956247623054,25,7,1,0,2.192158655686812,0.4567011571360046,6.019563732725201,3.687913191512716,1.9536807970567183,0.7895699191111344,2.141369143294963
20.0,25.0,90.0,100.0,113,11,0.09734513274336283,measured,44,0.0055,0.7225926150293911,0.08490366699812558,0.35088547793301667,0.2015046686605433,0.1131526829273093,0.09006401136809704,0.07914920940118678,0.09520707089726195,0.11101906740397255,0.0457341336456375,0.253285195313248,0.12763138378367705,0.11443967094608382,0.16410132688168688,0.07263839102256697,0.07089578847998566,0.07173204214132753,0.16305070250136688,0.04810082642848723,0.24496893515298326,0.09917772880330876,0.0800410894567749,34,7,3,0,2.196860058741136,0.4881863325506523,6.31702968749133,4.430131537741078,2.0002988441423937,0.8913870810664066,2.0707016608830786
20.0,25.0,100.0,110.0,116,5,0.04310344827586207,measured,38,0.00475,0.7111763603783943,0.11145523029115212,0.3179863820734777,0.16673531890612112,0.15016968830211744,0.10029443964227899,0.07902711253982407,0.12333961458355806,0.1364110096744458,0.040923317366473685,0.35438417099617625,0.12957410662023872,0.1227004979107831,0.24686125934887826,0.11233281932152614,0.0666326677039817,0.12578459468825645,0.2377533705860745,0.052465406884611474,0.3730652824182383,0.11354566907208473,0.11401851228418501,31,5,2,0,2.096005461717907,0.41488556490283546,5.749519348144531,4.120148988636308,1.8158723680596602,0.7555018026711385,1.8618934980496313
20.0,25.0,110.0,120.0,140,4,0.02857142857142857,measured,44,0.0055,0.7122555090224042,0.1168559340094527,0.3619470645419576,0.20594127284441457,0.12446482742533964,0.08033404630773208,0.07592344897634842,0.0934596028348135,0.11733738205251588,0.0385040870441565,0.27594171376789317,0.13088740759036122,0.1014759032165303,0.182061762168944,0.0772432458555905,0.06521565877461527,0.10672480864545937,0.16481842484131345,0.034917684016089565,0.2600634622740134,0.11483464196482418,0.07851357168623879,35,8,1,0,2.1134397983551025,0.3610018073627537,5.452805459499359,3.01889467831962,1.8296858424490148,0.6078444909958661,2.0035002249315688
20.0,25.0,120.0,130.0,152,6,0.039473684210526314,measured,31,0.003875,0.7195721947371143,0.12314193785134629,0.3004093369649303,0.2022674240363998,0.1100653491608084,0.08323834693595154,0.0687896580728766,0.11208033972625993,0.1012324677965297,0.044750396675373824,0.2384687596804475,0.12907738065066404,0.10100274951490637,0.15169891923551782,0.10007158444193458,0.05305283901896679,0.10770942911380953,0.13288548222854096,0.04242247598179671,0.23204511758588195,0.09263986011896115,0.0877199938035431,27,4,0,0,1.9961119621030745,0.19384262754962153,4.59549682371078,0.6364361830991397,1.6507865075142152,0.17478948768818464,2.19312464965319
20.0,25.0,130.0,140.0,249,2,0.008032128514056224,measured,18,0.00225,0.7477534348182833,0.07393945008836325,0.2399087097081873,0.19158479562658978,0.09491182628430818,0.09368491462367749,0.05029141347900576,0.12136453747429511,0.060822244482555986,0.03274343044791054,0.19277281124099546,0.15056281244223899,0.09137699912916794,0.10523486220046871,0.06435767803129269,0.04079650144499945,0.08202073514085653,0.08857374084517186,0.027276032630259652,0.15375773808410845,0.12774974502261888,0.08064139912136754,16,2,0,0,2.0222496721479626,0.17617019676401494,4.670749293433295,0.5985808283385249,1.6919301218456693,0.14300993788325897,1.3780201752500751
20.0,25.0,140.0,150.0,129,6,0.046511627906976744,measured,27,0.003375,0.7360822712866272,0.12290228162749643,0.2947003623401677,0.1816560745185302,0.08456231714264165,0.06960121402895547,0.08284634642484712,0.09338902712912621,0.06724060011865222,0.03004110632886466,0.19308895987223804,0.17253153498579815,0.1462553158039,0.08271356416503428,0.07401253093054555,0.08662026611779788,0.07913129892819483,0.06935367145264108,0.02654344668393055,0.2180792720259847,0.14045562557069258,0.14226363597267574,15,12,0,0,2.2194307115342884,0.29000353231131526,6.0834188726213245,2.4060777217643796,1.9708467854393854,0.3023474692388615,1.6868083329859291
20.0,25.0,150.0,160.0,245,1,0.004081632653061225,measured,28,0.0035,0.751277674661308,0.10743687617249527,0.35252843850425314,0.24743371353132615,0.1167696264923596,0.05845861161341433,0.07803052028671639,0.11384986642315965,0.06504410574336508,0.02694436586324562,0.27628269938171884,0.14374206251785404,0.11440391032422176,0.1166677265782771,0.05124885304716541,0.07225099987946608,0.11353341726192723,0.0566391533731796,0.026065169290950124,0.2705841763314799,0.1086860074371403,0.09374814467449616,16,12,0,0,2.1548712892191753,0.2879521373188293,5.151432650429862,0.8113425549384259,1.7608844126973833,0.20690678830997486,1.983340337107393
20.0,25.0,160.0,170.0,511,0,0.0,measured,15,0.001875,0.779355595723057,0.07782929806580072,0.37692128817240395,0.21202817501780669,0.13044671956340395,0.05990044571415552,0.07133302844900441,0.12969448546062154,0.06191291713735087,0.02620013773181286,0.2693132407044711,0.12073270588704985,0.11873905696047729,0.12077953866483639,0.05661263580827421,0.06304094272626279,0.11770487820769297,0.06236016608075347,0.026308721589301046,0.22217260214891238,0.10380547103029619,0.09057885692494778,10,5,0,0,2.128807028134664,0.2454852100553626,5.279366366068522,0.7305172145211265,1.8788072268168132,0.28803905095723464,0.35089844775249246
20.0,25.0,170.0,180.0,662,1,0.0015105740181268882,measured,13,0.001625,0.7787488279201981,0.09668211314439668,0.42358387261629105,0.3149270757486883,0.19152008783799257,0.07718971744760922,0.06168360473889627,0.19111546610578373,0.07746016374878802,0.025024492518852,0.41435842362546704,0.10671792755328942,0.10847906067223484,0.33107614204839625,0.1497781262495097,0.052731023152594106,0.3236047138221202,0.16564385379742227,0.020727572239239923,0.5824561973313918,0.10730752120246258,0.09376755538297692,7,0,6,0,2.601049166459304,0.7435159283029257,11.288289877084585,8.484147404512768,2.81016573539147,1.3974162236747962,0.14980191319130615
25.0,30.0,-180.0,-170.0,1222,22,0.01800327332242226,measured,110,0.01375,0.7734189793157081,0.0850713422267754,0.5996069608086889,0.19434837655779977,0.15218152840932211,0.058103053211719574,0.0823727998137474,0.15276211681972424,0.05766874516716848,0.03549129758937521,0.31640449504057566,0.09679213494062423,0.11154001454512279,0.14951699383526854,0.04927036782134142,0.07315413729339654,0.1495318883774044,0.047920233995628926,0.0338374780111555,0.3070721321373245,0.10003403036949268,0.12716066102674983,108,2,0,0,2.0172317699952558,0.1692126728730115,4.458200584758412,0.559512391958005,1.7327534502202815,0.31202036419390133,0.6778124268557559
25.0,30.0,-170.0,-160.0,515,14,0.027184466019417475,measured,82,0.01025,0.7712781583358665,0.14178652864047786,0.29451901302105044,0.16330871370171535,0.13725773398271815,0.07604696555527861,0.07541003067812282,0.140950632617633,0.08092231660823575,0.02637172470139779,0.34177968649569146,0.10202092158342312,0.1584895397136787,0.15122512275691374,0.19350214185319212,0.07484642702335609,0.16170354685828883,0.17992054895355228,0.02509313070600039,0.44857508025348125,0.11055070885868129,0.0936014000426488,60,20,2,0,2.304786917639942,0.5095105168344783,6.612847845728805,3.8107518115881396,2.291812595797748,1.039232308270554,1.4432003202762675
25.0,30.0,-160.0,-150.0,117,5,0.042735042735042736,measured,52,0.0065,0.7390888431774718,0.11891892892664087,0.29146169111705744,0.19971650114796569,0.11769625118800572,0.1074614269392831,0.08315569534897804,0.13331896635470003,0.08574796170208933,0.061633903586276614,0.33180877353463856,0.11226480986390795,0.13431644971881593,0.08535190951983679,0.09190311690780838,0.07015515088121509,0.10186756967241724,0.07501890230252864,0.08258030035871809,0.3385893490837025,0.11678965336034958,0.09465507901267359,42,10,0,0,2.074261649296834,0.2956211551048678,5.119096205784724,1.8882557198383705,1.8375015625586877,0.559708752741048,1.9372590845053386
25.0,30.0,-150.0,-140.0,50,8,0.16,measured,111,0.013875,0.7308599278330803,0.15881575227189007,0.1745956075621081,0.13092668353048426,0.08506965637207031,0.11253881454467773,0.11638557343255906,0.1096123407768615,0.09512043469585653,0.055870869171883185,0.2205809922445388,0.11315639246077765,0.13375812768936157,0.07909471153791013,0.13898207108275543,0.10425302067871176,0.11173129267584221,0.10921161375867754,0.07559226115793931,0.17731471858818473,0.09698780917538088,0.10742422355321687,108,3,0,0,1.9131152662071023,0.08968201080402503,4.218183618408066,0.3986701371721621,1.5560040237667325,0.12668439128553657,1.0299373947035069
25.0,30.0,-140.0,-130.0,63,5,0.07936507936507936,measured,34,0.00425,0.6411354919445926,0.1932270565246621,0.2967943139374256,0.2074470030318617,0.13272048687112742,0.08149163476352034,0.1076413958237089,0.1295013782653772,0.09400289905734822,0.04980259235530025,0.36564770238152866,0.16089796403358722,0.1087596293153434,0.20033175038624323,0.09638556536459264,0.07744916062720479,0.18781650297326236,0.11312122171495727,0.06179681504842009,0.45195010616070713,0.12938616502883163,0.08505198321251865,26,8,0,0,1.9844677869011373,0.1509144288748668,4.660360911313226,0.541430993963023,1.7086619839948767,0.17982746455852336,1.4608765002731972
25.0,30.0,-130.0,-120.0,162,11,0.06790123456790123,measured,51,0.006375,0.6601817339954786,0.13122919456846505,0.2550595762098537,0.18122410024438143,0.0671192952339223,0.0901010904880549,0.10650791533735414,0.09234542621774391,0.06379413632532022,0.04696162563683911,0.2932947471441812,0.1725239295833158,0.12728451419350328,0.07619379596700045,0.0917221344872771,0.06364186944232453,0.09927107909375309,0.06625355900877783,0.04269399990934781,0.20270208291262332,0.07922695439268139,0.05821231694667539,45,6,0,0,1.9507369924994076,0.11809962831992656,4.56624119422015,0.44645190754228053,1.6831490876627904,0.17869761034630033,1.7891877367293725
25.0,30.0,-120.0,-110.0,68,7,0.10294117647058823,measured,39,0.004875,0.6922014282375085,0.12947595360627054,0.28252095671800465,0.20131941460190955,0.0774609456296827,0.10882759094238281,0.08857596506837939,0.11087254188789727,0.07541677794916198,0.06322698973527631,0.3462637057069872,0.09436034960824935,0.1018024311691034,0.06306560274227346,0.1069052354134929,0.07369675442860334,0.09574177883545357,0.07812005568824312,0.059935656178148514,0.2509858750662064,0.07247915749016526,0.07836226714639528,38,1,0,0,1.9058716236016688,0.12552391588815764,4.351289822505071,0.4627376432139739,1.5867348450880785,0.12954873971555236,1.5790689706233845
25.0,30.0,-110.0,-100.0,53,5,0.09433962264150944,measured,33,0.004125,0.6834432749698559,0.1383134594899388,0.2949397543614561,0.1978464365136052,0.07964027921358745,0.1570202112197876,0.07536863659818967,0.15593328216975386,0.08524673359288547,0.05616089266022476,0.2964893678824107,0.1272578090429306,0.08019976069529851,0.09634203415480024,0.1499345977874449,0.06592006077382237,0.15372403413423585,0.08687243070445479,0.04225522588879835,0.287041397152751,0.15667984019879733,0.06193238472837689,28,5,0,0,1.9651172413970486,0.15268028465344108,4.630265568241929,0.5803271586333717,1.6814766038547864,0.17093298801908646,1.6110487734550998
25.0,30.0,-100.0,-90.0,57,6,0.10526315789473684,measured,42,0.00525,0.701029731946833,0.10033855182536654,0.297115343667212,0.1812213944871128,0.061476750701081516,0.20594204173368566,0.07949400766223085,0.20663942428511098,0.05725383675281017,0.05324066776024518,0.35024484933591354,0.16017232922946706,0.10870126649445179,0.061668029232523396,0.16654864299364508,0.05685420353375565,0.16610528264954716,0.0645297863530055,0.03771496342089077,0.34489528300338873,0.19761152554863187,0.10814602780793113,35,7,0,0,2.0073489915756952,0.16076328408272733,4.778874749229068,0.6191906906215491,1.7065100868542988,0.172142965426603,1.639510497786247
25.0,30.0,-90.0,-80.0,54,7,0.12962962962962962,measured,84,0.0105,0.6329912494154687,0.16463591984934403,0.23096751199946516,0.1569637048307767,0.0852151760395537,0.12472278513806931,0.07803050381072024,0.12494508497899508,0.084513956013703,0.05472793160859465,0.2687298896464896,0.14124423392275545,0.09951097153602763,0.05776455469700602,0.12875374533652717,0.05561674447097226,0.12810534654784744,0.05972275313427295,0.04260976241302639,0.21795999051067713,0.1049098285743164,0.08848363271826448,75,9,0,0,2.049155960480372,0.16549370455946058,4.9256785767419,0.594612576066677,1.7954421625250863,0.21503312862739224,1.6167365017597575
25.0,30.0,-80.0,-70.0,56,3,0.05357142857142857,measured,60,0.0075,0.6975172370109918,0.1334220107817107,0.20988825385769208,0.14676468510355697,0.07895628011451578,0.11820695985038325,0.09809520896875633,0.11759430035443416,0.08350713145691271,0.053638229809753996,0.21717730558143472,0.09775936378622954,0.11543589942860154,0.06917364267652747,0.11743385980657305,0.06889075999122474,0.11091141405686022,0.07536233507992227,0.05017165735917188,0.1997151676695755,0.08699290911968231,0.10396495697589661,57,3,0,0,1.9417510410149892,0.1404528649694759,4.595038167635599,0.5114989251755431,1.6252043743928273,0.16079289062095767,1.6242284625825705
25.0,30.0,-70.0,-60.0,54,5,0.09259259259259259,measured,91,0.011375,0.6612293422222137,0.1642311480937521,0.24050980110417355,0.16161385303038003,0.09653134248694595,0.1039070985755142,0.11492804726775811,0.11901014907428142,0.09494004049523894,0.06264865801842634,0.23195059445439553,0.08588545663016182,0.10053790102199632,0.12266408082043621,0.10907472706965511,0.07992062991223765,0.1233062512171427,0.0931520239415684,0.07319899614469685,0.19586216083571437,0.07329020394066031,0.08110042188612222,86,5,0,0,1.937750947344434,0.146482206742735,4.45113434110369,0.4864965570655254,1.6220275661447545,0.13686490137797075,1.6701596194039965
25.0,30.0,-60.0,-50.0,117,6,0.05128205128205128,measured,84,0.0105,0.6617557925281224,0.1208105480196583,0.251520202450809,0.17115448299594038,0.0909571175102715,0.16675029789005313,0.10532189167297638,0.14114972250642052,0.13880474432727075,0.054473817635570666,0.3204178724203024,0.10571828081801131,0.1143735561284933,0.08255327882895645,0.12899685699915162,0.07155809074866076,0.10688146328021615,0.09444810018709263,0.05253207854332165,0.2246478494273421,0.10067217467763875,0.09306280965682023,74,10,0,0,1.9842186754658109,0.1625931727218834,4.623082515739259,0.5442491907890791,1.6684144423121499,0.16846828790813495,1.7087986111427818
25.0,30.0,-50.0,-40.0,93,10,0.10752688172043011,measured,77,0.009625,0.6744286970919874,0.09751110729220581,0.30423605529131825,0.19357422376484146,0.1089320125350033,0.16871045583701996,0.09394538977059973,0.15944626154021696,0.11565302245059211,0.05153869496558024,0.3793683432670961,0.17575662179165577,0.11645446197096124,0.1141256542129084,0.15075810394161912,0.08288289642532656,0.17558503843212742,0.0803320264585517,0.10820786783904172,0.24228058592414375,0.11927381026389082,0.09319820183728407,63,12,2,0,2.082328561064485,0.3758909263670391,5.2987576800507385,2.313781973876108,1.8789532927723673,0.6437918740415965,1.6642747957387192
25.0,30.0,-40.0,-30.0,99,6,0.06060606060606061,measured,56,0.007,0.6625361400906757,0.12082895563157414,0.25078222195484806,0.14948968662566597,0.10915024049820439,0.1332794415053501,0.08265955473787041,0.13558707758785174,0.10359604744234108,0.06374790742183718,0.2769989909664277,0.18102086231272707,0.12456854953560778,0.0748179827478205,0.12434839576904627,0.06970032206448419,0.1039814959763815,0.10396773750354611,0.11202143674120499,0.20437776220660314,0.1297538010047991,0.1014002557806601,47,9,0,0,2.0469664058515002,0.18043882934973038,4.890408984252384,0.6447607088089197,1.7718598970345087,0.22420979366552915,1.7126970429977757
25.0,30.0,-30.0,-20.0,97,7,0.07216494845360824,measured,80,0.01,0.6385074890322155,0.12391149080613946,0.24950841860845685,0.1592801288488863,0.0953068627251519,0.12596253289116754,0.08991425103611417,0.11137111897788038,0.11183703121078119,0.08531971065516923,0.21849503517150878,0.11903761757744682,0.15509630971484714,0.08980165625728553,0.129516682125125,0.07192914803599042,0.10797583330144392,0.11497407499325282,0.08678632104666138,0.20322789386453047,0.0927742157607284,0.1432943471818577,69,11,0,0,2.0003509894013405,0.1847824107130836,4.690411478281021,0.5709937635720848,1.689373154938221,0.19476322135317778,1.668452179930313
25.0,30.0,-20.0,-10.0,86,7,0.08139534883720931,measured,70,0.00875,0.6204182756475255,0.13017364161823014,0.21181901821068355,0.11172786725231716,0.09992179387732397,0.06045509290091599,0.09903690482996687,0.10250952494992296,0.06556171271228374,0.056863595945295,0.21444309814066825,0.10697230357158033,0.16692493837090988,0.08826453696178124,0.049103423244796315,0.08450376245411713,0.08379764029245258,0.04485947403777573,0.054840427705555424,0.16569210705606946,0.09188508894708487,0.11656793760658136,67,3,0,0,1.9424153804779052,0.11540795733914085,4.602755219595773,0.36579583463695214,1.6370916417666843,0.1265731739672371,1.8436630804792844
25.0,30.0,-10.0,0.0,259,12,0.04633204633204633,measured,222,0.02775,0.6556265722764166,0.14816229565276853,0.390901331831743,0.18339645107880767,0.18201393250994355,0.11575166259699987,0.08128279447555542,0.18284099332118112,0.11475020437710684,0.05637371461944621,0.3526476722979835,0.1372722425924139,0.11298267995780296,0.14793984437690963,0.08486636908589161,0.06514695682452806,0.14770660610476483,0.08485480214777993,0.045892546334593165,0.26780168125100456,0.11071864387035361,0.08695924443714625,217,5,0,0,1.9415971813975155,0.0734128673303421,4.493880222509573,0.2842045245024195,1.6558201388195828,0.09713514184591693,1.2427308302397644
25.0,30.0,0.0,10.0,684,6,0.008771929824561403,measured,112,0.014,0.7167593622277971,0.13897789203380967,0.33298612499077407,0.17648757780796753,0.19165851514248017,0.08352959159745184,0.10235867932834457,0.1898637971331084,0.0909963925799762,0.04876267484385431,0.4209685167380139,0.09683007019459322,0.15184874977685708,0.20082061028165754,0.07497274740671073,0.08257150780174273,0.19788410587798694,0.07857025635164745,0.044196950385154775,0.40869119462006315,0.09422178867292795,0.14231858938768846,91,21,0,0,2.0533105422343527,0.2509728295544841,4.850318101899965,0.8206284521788916,1.8184053780777114,0.3698543713829475,1.1339572903526018
25.0,30.0,10.0,20.0,402,6,0.014925373134328358,measured,181,0.022625,0.6456950038972528,0.13326046538999256,0.3960948488906602,0.18994389351769633,0.18410577677717113,0.08344093597296512,0.09054610434204641,0.1809911128943095,0.08611163012772753,0.04495748311403004,0.3677475518650479,0.12654717853575043,0.13038358844891942,0.1668189288189835,0.07549817165295228,0.0791327589825709,0.16641667023385828,0.08073631061871597,0.03875978214368354,0.38407316776574874,0.11310974962969354,0.10388568311122569,170,11,0,0,1.9694937928605474,0.19935700789419702,4.810853483927184,1.898547581331755,1.7177467484500526,0.32010460035533045,1.2746587054494563
25.0,30.0,20.0,30.0,204,12,0.058823529411764705,measured,93,0.011625,0.6549674999744942,0.13721669594647357,0.268105857314602,0.15116882583864796,0.14448781808217367,0.07818260788917542,0.0801474613447984,0.14325391416713112,0.08184447790554672,0.03825160661368918,0.3196805343031883,0.15609271017213663,0.11507999772826831,0.11368170159061461,0.066037425151834,0.071269911659672,0.10858396839656195,0.07254681155737071,0.038507587010900596,0.22295317705940013,0.10919178530560059,0.08641896360120041,83,10,0,0,1.9911870328328942,0.16700712429913256,4.707923760978124,0.5589965437781116,1.6642084096067695,0.14295015036353936,1.7972034356587807
25.0,30.0,30.0,40.0,169,20,0.11834319526627218,measured,85,0.010625,0.6739185436459996,0.11899457293748666,0.36933321610969655,0.20141235124470386,0.12371210443893535,0.10079031822665425,0.08456362133858188,0.126184220873925,0.10221860129165099,0.055225269115865075,0.24590288712674338,0.1501689397248646,0.13153865753404245,0.11414073935525151,0.09548252124297038,0.06374888043532262,0.11781460470637208,0.08577302691824688,0.06569227716792196,0.20512670427046217,0.10175081288217887,0.10129142807585301,75,8,2,0,2.042072622916278,0.29181298677325546,5.097695474063649,1.893994651849459,1.7378046807120828,0.45893926269301266,2.2096265409811364
25.0,30.0,40.0,50.0,227,6,0.02643171806167401,measured,92,0.0115,0.7603672908711757,0.11278373841317199,0.2702763070068929,0.18034007390764742,0.09093801576087918,0.09553755678202772,0.08004546462141011,0.09464457033257895,0.09451756629681791,0.05039921737251671,0.2224438373859112,0.10057368159833537,0.08939320792979245,0.10642847255882501,0.08575151453367076,0.05883366593680035,0.1012278151141316,0.08910249097267339,0.06385423041072626,0.17904766315493303,0.1002202634073099,0.08534509511811414,82,10,0,0,2.0223748489566473,0.15166473512388332,4.719485438388327,0.627484497968813,1.6798495507758597,0.1528941056855376,1.8340024456448767
25.0,30.0,50.0,60.0,190,9,0.04736842105263158,measured,80,0.01,0.7122125380276316,0.10921053426647832,0.3215928727760911,0.1913709528851958,0.10858682242546293,0.11252981786569838,0.07597707286065454,0.12971570598349852,0.09693304186291642,0.04688088664436484,0.2129069691863508,0.12170277181909887,0.08496967270888017,0.17434607962551815,0.11045828708604179,0.06392190783547255,0.1317474570457205,0.15320598930363954,0.04461467611952318,0.18305871724374514,0.10937624748854323,0.07425067328823416,70,8,2,0,2.099962393939495,0.3746049875450051,5.531593224406242,3.394415205501828,1.827881397306919,0.6448117228089635,2.0564815271827004
25.0,30.0,60.0,70.0,146,9,0.06164383561643835,measured,65,0.008125,0.7171607524374105,0.11084285650349682,0.3708168383974295,0.22306515710559605,0.118671257130421,0.1005985371387788,0.09450498375579389,0.12096179133834518,0.11797329226978039,0.04205821889552673,0.23984282512734406,0.17334309155053465,0.1558850229221539,0.27135771743157844,0.10645916250379216,0.09422004350556837,0.14181427019269996,0.24598934357207727,0.046482505940141416,0.35266925947037464,0.13317277833769958,0.18855261835927542,56,2,7,0,2.1473100313773523,0.44828612620134545,5.9624698932354265,3.8464694899202483,1.9621374753805307,0.7496451025927079,2.037513071759674
25.0,30.0,70.0,80.0,132,7,0.05303030303030303,measured,43,0.005375,0.7095460853576661,0.13115546967921474,0.31219628418600837,0.1878898506563107,0.1187063980102539,0.09190422058105469,0.09181436967849732,0.10131194023392986,0.11705976949069337,0.05502462423440548,0.24265195751190186,0.1577699246406555,0.14534556102752685,0.18423017190000007,0.06421589641915912,0.09069752768131174,0.07697293268344652,0.17524297716979043,0.07030162183243595,0.26185152634855896,0.11733361742105873,0.1448845851612249,36,5,2,0,2.1343610868897547,0.40878379015325306,5.734381165615348,3.286947662843024,1.9281281815018765,0.7052849823167704,2.1184416618262
25.0,30.0,80.0,90.0,134,4,0.029850746268656716,measured,32,0.004,0.6835936257472405,0.13471975818030915,0.3025205589365214,0.17981067627451933,0.1010486582150826,0.09469620631291316,0.0968972086906433,0.09475911393564639,0.10097725096320126,0.05452247422236582,0.2774109248931591,0.16306703549164991,0.14400021296281082,0.17955921121410812,0.0787880186453085,0.08116905399516625,0.0776107484500459,0.18007815489415174,0.06153832195617977,0.2638911941218732,0.13440277479536122,0.14296673620323547,26,6,0,0,2.066672708839178,0.307794756430229,5.143858328461647,2.3598375163486134,1.8309848457574844,0.5460868241073662,2.3251675903879505
25.0,30.0,90.0,100.0,152,4,0.02631578947368421,measured,39,0.004875,0.7019815416754903,0.12718665684742192,0.2646462166538605,0.16855095332665385,0.08654012641793973,0.13353579753154032,0.11710854398237693,0.1310312893891681,0.08790519964983705,0.05376090551666191,0.231848143645235,0.12427347294382148,0.1331063766737242,0.1037218977151889,0.1303622157772884,0.08867313606192487,0.12907405613810255,0.107316854120936,0.047244021118500755,0.2009239967035153,0.11568112807200387,0.16545308378668624,28,10,1,0,2.1632008185753455,0.31720273007870164,5.243017569566384,1.5758697882851573,1.8331713615319667,0.36007982092802576,2.0525916046466066
25.0,30.0,100.0,110.0,137,3,0.021897810218978103,measured,42,0.00525,0.7060901151219411,0.14097180575489157,0.28534945597251254,0.16024168334990915,0.09742455695992086,0.09922068866331187,0.11983364420150643,0.09761976858810135,0.1008365444046342,0.050260397925316884,0.2141297477394787,0.1462055102213105,0.14238062812321223,0.11380714183711421,0.08631696778917304,0.09641123186227153,0.0832126321302686,0.1145294886324009,0.04946259440348388,0.25983981629472436,0.13736349977870813,0.15923801726421544,37,4,1,0,1.9763322898319788,0.24293366545038567,4.71442509265173,1.614001475213785,1.6774764231273107,0.3555378333329894,2.3219478236844733
25.0,30.0,110.0,120.0,119,5,0.04201680672268908,measured,32,0.004,0.69798249790543,0.1477444360789267,0.26685259281657636,0.1522564279353951,0.1272917295757093,0.08851859444066097,0.10837441316822119,0.08769271812293476,0.13069675285951945,0.037315370248953754,0.2753908069510209,0.16824269922156082,0.17684538531721683,0.18408220145645018,0.06928154541102424,0.10251838288880329,0.09193237451120757,0.17176058891561508,0.04231978126581193,0.31276459885710145,0.17164407392022726,0.1926625334903496,28,3,1,0,2.0883470438420773,0.39017411874999947,5.549266532063484,3.4866932351955597,1.8709324523806572,0.7201808620482592,1.9399539212515124
25.0,30.0,120.0,130.0,141,7,0.04964539007092199,measured,68,0.0085,0.6932571031042,0.13586079246713495,0.2556028951178579,0.16432809818458788,0.10074909409480308,0.07998167578853778,0.08075774116302604,0.09373536201161489,0.09700173600308193,0.035675043953756654,0.3002321915840035,0.11855988093276522,0.10781225250728095,0.1452147300411596,0.07137492568163858,0.07058277029521838,0.09337528751031698,0.12575590269708253,0.04235372461082426,0.47534769723423437,0.10299872139248853,0.14139025838989303,55,11,2,0,2.1245477024246666,0.38245325031699573,5.645749982665567,3.456714166627683,1.881634855971617,0.6741787574939155,1.9516832777806554
25.0,30.0,130.0,140.0,160,4,0.025,measured,67,0.008375,0.7183692715106866,0.11329435250304688,0.3253576324057223,0.19187047569523372,0.10651632455679086,0.0726927610544058,0.07172747109180842,0.09208085509354198,0.09089975288040196,0.05021946590619821,0.24322102008721766,0.11094470131091583,0.07959085473647484,0.10493549978911541,0.05976212575974427,0.06487199107175122,0.08336559865750619,0.08672637263321384,0.0568038972567008,0.24539118015057834,0.1022632627613824,0.07150754182551879,54,13,0,0,2.0081854542689537,0.1821984073847536,4.614405788592438,0.7055815550030415,1.6654637215742425,0.1747900516317616,1.66077873671969
25.0,30.0,140.0,150.0,335,2,0.005970149253731343,measured,25,0.003125,0.7246109979736196,0.0822507309549111,0.19985119462013246,0.10624100260952872,0.0596140555075339,0.08571041954888238,0.055878925967860864,0.0800897745043832,0.07247647676431859,0.04438372061554489,0.154299416699567,0.12212336242377937,0.06079875456320273,0.07603674740446462,0.07568558362384757,0.051215331017193375,0.07424506725554335,0.0723219502054641,0.044060971548349995,0.14459948210587414,0.0777188310437875,0.08049719920172549,22,3,0,0,2.05759726524353,0.18309958375308452,5.008210067749023,1.4454616150331934,1.7766515350341796,0.22741227593580624,2.0693659715286055
25.0,30.0,150.0,160.0,240,5,0.020833333333333332,measured,36,0.0045,0.6560935887884587,0.14955585162210128,0.33202290845414,0.23038458122137878,0.07637333971388796,0.06481763555648479,0.07736916465962186,0.0708366232015024,0.06976133157074692,0.045743728631705345,0.1642399513975103,0.13518208797941816,0.11351814320746889,0.0817216868289061,0.042803487422462164,0.08107184847731644,0.0791782494794917,0.04889907741584647,0.035618135681644,0.23294675669583262,0.12029689671031851,0.13785056719244274,23,13,0,0,2.192540748251809,0.3170663626995142,5.883842494752672,2.437806481023814,1.8673948513136969,0.33116241542512864,2.0742247209882647
25.0,30.0,160.0,170.0,548,6,0.010948905109489052,measured,47,0.005875,0.7578723777594162,0.08846294983493522,0.4792232004568932,0.24048782352478928,0.139094092309255,0.05953943157547954,0.07563585735775008,0.13862753630916952,0.06223097981296575,0.027858588224552654,0.30376903465313226,0.13459348898532206,0.11231949606504828,0.1277266323701964,0.05160415172294987,0.05725275191673771,0.12639391864674657,0.05294790058945719,0.025642700786381988,0.27417730715877653,0.11200012910842659,0.096529794514327,38,9,0,0,2.0262580450544965,0.2271119991371475,4.79504107414408,0.6474824218603188,1.69712229992481,0.2480298493888043,1.2974130028794482
25.0,30.0,170.0,180.0,671,2,0.0029806259314456036,measured,12,0.0015,0.7765294487166298,0.0796134315669374,0.2675053756684065,0.22740939979806468,0.1274776230656691,0.05342942392049839,0.07689760734503935,0.12749769631768168,0.05149633785078768,0.02727990053737791,0.26509553327688723,0.12339826816935176,0.10823175493733588,0.10641183444464093,0.04027059792163743,0.061672408697691576,0.10690879228847414,0.04139350242309329,0.022948630630266552,0.2263539410338298,0.1035374296874183,0.10281252775866227,8,3,1,0,2.3938819766044617,0.5725614560778118,8.653335611025492,6.915223024529749,2.3030735353628793,0.9721906641040028,1.3383070515111737
30.0,35.0,-180.0,-170.0,906,48,0.052980132450331126,measured,145,0.018125,0.7314989108913568,0.10120841141043545,0.5145372992959516,0.24822572662694317,0.24827054386094455,0.07118102426496595,0.09313958390053613,0.24845109793062214,0.07092646243937642,0.04490591853771001,0.5007314512501786,0.12993323664009432,0.16645680065755245,0.22098742555351208,0.05678645765424733,0.08349314468153121,0.22097507871645364,0.056361765757175476,0.03963499526885918,0.37564353501759923,0.10222637895199009,0.15874524307072754,144,1,0,0,2.013658174153032,0.11578182475609532,4.459143189726205,0.3194220087068353,1.7068327714656961,0.16242655362072625,1.0556320957009941
30.0,35.0,-170.0,-160.0,170,6,0.03529411764705882,measured,32,0.004,0.6792581333528932,0.15545989890595452,0.2281886988785118,0.15981031969873882,0.1211261865569324,0.11312200964950933,0.0889474233476127,0.13571846196806564,0.10370258718418666,0.04830489621812004,0.3979469624961295,0.12228939954827471,0.13654816150665283,0.10114291390257964,0.23829767605866928,0.08728834930118251,0.12046325311262661,0.22538564889204393,0.054747726161886806,0.6719636338577205,0.10088487661220061,0.08944421192531078,23,9,0,0,2.1259547509253025,0.33597671009259467,5.210914634168148,1.5022566141269214,1.9357169270515442,0.6158434262076566,1.2405187691196147
30.0,35.0,-160.0,-150.0,155,15,0.0967741935483871,measured,97,0.012125,0.6892246367675917,0.1310433510931841,0.25981832203484073,0.1652071287147425,0.1387848036629813,0.10787415504455566,0.10777851087706429,0.15513385148778597,0.08055734256228833,0.08270201538486509,0.3060973490987505,0.12777105825287954,0.11764440025602069,0.1378917395798699,0.1028133403686613,0.07598963871967676,0.15567395801052158,0.07544793791536011,0.09528976285465338,0.30908983493824616,0.1002437086771207,0.09433646722584861,77,20,0,0,2.107399482087991,0.4073624854508417,5.4176507291105604,2.582933065142314,1.9480294640531246,0.8114334121331127,1.6788193333250654
30.0,35.0,-150.0,-140.0,103,12,0.11650485436893204,measured,78,0.00975,0.7024123780019991,0.10268684477994035,0.21252934529613227,0.11540838884506557,0.1549110622196407,0.10588907933497167,0.12218419830877703,0.1722763627069443,0.101341103981519,0.05051508724575357,0.42321390896053107,0.1659104286969363,0.1346223878336477,0.1983690707267957,0.1311488617094641,0.0771355931455571,0.19756312047235408,0.11304819943114684,0.04233798395752097,0.4746622431863182,0.13115104677413175,0.10096509444045922,64,14,0,0,1.9947366607494843,0.25004223737839415,4.907968952105596,1.7145421646385135,1.7580535824482257,0.5062303770246853,1.4734151979724535
30.0,35.0,-140.0,-130.0,92,11,0.11956521739130435,measured,92,0.0115,0.6494879757548556,0.1477574307522752,0.24829125145207281,0.16913285209602666,0.1193187383957851,0.12368185726212866,0.10392646657096015,0.15323450159273017,0.09803304143352314,0.049885640113588474,0.32976292680811,0.14254142472773423,0.1265943521334801,0.12607173870763003,0.13756808235639037,0.06996001108734885,0.14381746689961683,0.10285169058235863,0.04678554953442685,0.3075222875916873,0.10873952074106248,0.08694878755180639,81,11,0,0,1.9862253056920094,0.17741918652039626,4.643270832041035,0.6594054298479918,1.690136528533438,0.20979632091375702,1.5679766158478676
30.0,35.0,-130.0,-120.0,47,7,0.14893617021276595,measured,53,0.006625,0.6546625066548586,0.1609271573122823,0.2768557185553155,0.21556232445222132,0.06597707271575928,0.12299442291259766,0.08974707052111626,0.11258328871810024,0.10487775195145566,0.057221924967085516,0.2668671190738678,0.1002782016992569,0.09404555261135102,0.09211893104291288,0.1750331576664212,0.05871420271991234,0.14971063991371553,0.1118726529343179,0.050819548701368,0.23950616142777803,0.07427747183586356,0.07835541257260821,50,3,0,0,1.9413906245861414,0.0996393178976494,4.509305252219146,0.45829524888975226,1.6407873113200349,0.15163710670046734,1.860581199949875
30.0,35.0,-120.0,-110.0,58,6,0.10344827586206896,measured,64,0.008,0.6911390681679432,0.10767365322743958,0.27569997659884393,0.2019082720762214,0.07100457411545974,0.17015380125779372,0.09244900483351487,0.16869619440616412,0.08568611917271898,0.043335383982218846,0.2288775214782128,0.134098802621548,0.0848576151407682,0.06735560299126746,0.16603849685873048,0.07903752072073912,0.1446136457673753,0.09688086370941822,0.03850636442747056,0.19218613272693166,0.16538252473117473,0.09473488028200118,56,8,0,0,1.9536555614322424,0.10251489722290297,4.718282762914896,0.6726665046370518,1.7491810899227858,0.2693741985184349,1.6980200205219762
30.0,35.0,-110.0,-100.0,46,3,0.06521739130434782,measured,77,0.009625,0.6680917497291121,0.10709909203172857,0.29087218158430866,0.19893465980354574,0.07289679105891737,0.13019224654796513,0.12941198709399201,0.13367716246672828,0.06599375524416605,0.034926981917572125,0.21888139636017556,0.18059528982916542,0.09753354760103447,0.062400921352289265,0.12044176244208309,0.10216621689699987,0.11895629435067935,0.06548814298508492,0.028763090393724617,0.19677693828387197,0.1962095761363522,0.08709194993019975,76,1,0,0,1.9276096371861247,0.09004722030571674,4.504803285970317,0.38102745519364606,1.6380209303521491,0.11831572487673941,1.8264730207529642
30.0,35.0,-100.0,-90.0,48,2,0.041666666666666664,measured,78,0.00975,0.6789314695026564,0.08141419115924453,0.2871957440406848,0.16644070894364457,0.07648895616116731,0.16676716182542883,0.1037588119506836,0.1675042213232202,0.07143115174831072,0.05084747247136743,0.26358335951100226,0.10852082397626794,0.0930671380913776,0.059538521199024544,0.11065645634951249,0.09106773481636768,0.11344741259184134,0.0584905504450076,0.06147916277808958,0.17996798263868866,0.10049552604487062,0.09282369141862729,73,5,0,0,1.9255739557437408,0.14703227443488737,4.56169191079262,1.1326784373363472,1.6333040396372478,0.21341978296500744,1.8340872472249046
30.0,35.0,-90.0,-80.0,76,2,0.02631578947368421,measured,86,0.01075,0.693450857658644,0.07819062145664162,0.28890433171114255,0.175424872392208,0.05805472254350379,0.09254803528656831,0.05447726797413181,0.09338208372444523,0.05658173980974529,0.0360603830213535,0.235467520920006,0.07661695093721957,0.08595442449724353,0.05799340929676378,0.06641751323319224,0.05373982422005966,0.06892652299804294,0.05511296415303374,0.027721212209885104,0.14491967864540597,0.08929513070350373,0.06686434852337979,75,11,0,0,1.9552138253699902,0.16777675480233684,4.578186281891757,0.5573769042445028,1.650113417658695,0.18184313582008774,1.9127564262389094
30.0,35.0,-80.0,-70.0,23,2,0.08695652173913043,measured,155,0.019375,0.6517650690816698,0.16073320660178267,0.3707775669713174,0.16714823510673055,0.07317395437331427,0.11982018607003349,0.049054517632439024,0.12303109198897418,0.06982473019561508,0.026256395287922833,0.23558489481608072,0.11787340754554385,0.07071244716644287,0.07473510463813815,0.09771635762007949,0.03816007302819412,0.09485439263097616,0.07639128651890084,0.020418782158987517,0.16436276080868029,0.11115385783763379,0.06697499361264461,154,1,0,0,1.9707008169543359,0.08123250291187999,4.627336692810059,0.3264549181139655,1.6397151493257092,0.07890906898661806,1.885038798794983
30.0,35.0,-70.0,-60.0,48,2,0.041666666666666664,measured,87,0.010875,0.6100940367449885,0.18193991350655497,0.37020763746280777,0.19527913634798041,0.09245379074760106,0.1761213385540506,0.06868958214054936,0.17294190751223856,0.10477061265192536,0.05482986788591389,0.21661260335341745,0.10466139212898586,0.09086683003798775,0.06983275585902791,0.18079623092176628,0.05893392599182738,0.16342609409494752,0.09765473538693757,0.04919177730533739,0.16510505457814229,0.0892657727346933,0.06711929803381453,78,9,0,0,1.9963276112216644,0.23563063885103624,4.793160808497462,1.3709818111205843,1.7176247821457085,0.3641530640942988,1.8210756261152876
30.0,35.0,-60.0,-50.0,61,0,0.0,measured,80,0.01,0.6468489443669554,0.13202043920192907,0.21076155910268426,0.1331427489671185,0.07519811098692847,0.16586366246958248,0.08740882599940066,0.15114668760799174,0.11383402106023079,0.035212199499731575,0.2951021194458008,0.11928320517305468,0.1085461690777638,0.06003697846716443,0.14312146497995,0.0629831766136337,0.12187205928072346,0.08122437187425172,0.03335208796303821,0.2122328486222489,0.12161001119316255,0.11654469158783354,74,6,0,0,1.955058927834034,0.1621743356072632,4.606167471408844,0.46790868073510705,1.6606924444437028,0.1841308470733586,1.7416320918990222
30.0,35.0,-50.0,-40.0,90,11,0.12222222222222222,measured,143,0.017875,0.6018032674925237,0.1364893647526227,0.27982222695242276,0.17833442858376145,0.16046507147294056,0.16121700142003312,0.11291151710703404,0.1883550641950448,0.09782495598529142,0.06193707681512139,0.4175806981098803,0.1531654611418519,0.14594545847252954,0.15458555035143487,0.1681864568227333,0.07490283773540188,0.21978093083620182,0.10282182436162596,0.0655580800903302,0.3472330300842064,0.12436331973663527,0.11720492059869615,119,21,3,0,2.0448043988301206,0.27308397522322425,5.061913153508327,1.9493716600642301,1.7821191799390566,0.45250214909217945,1.7643934396989192
30.0,35.0,-40.0,-30.0,76,7,0.09210526315789473,measured,82,0.01025,0.597129518247169,0.1580772361779521,0.2389333174541229,0.13295529026897937,0.09190943621206975,0.10484170222627943,0.08644099684729092,0.08975065607054726,0.1061678230072983,0.08361635560483663,0.24175852709922238,0.08320956644804581,0.13878621571305869,0.10804667764838227,0.09980499143325382,0.061339378787336925,0.10440503113072146,0.10414917389859633,0.11195031610165257,0.2474608317657627,0.08259319111996538,0.10968394991559724,77,5,0,0,1.9498856082195188,0.15210478208749592,4.521712640436684,0.40616235585169225,1.6688156738513853,0.2147976821563363,1.8558588270533918
30.0,35.0,-30.0,-20.0,55,3,0.05454545454545454,measured,83,0.010375,0.6180369773736367,0.15426539144287982,0.2266032590744007,0.13405319362687,0.12216454285841721,0.10963806739220253,0.09462138895805065,0.11784209280896069,0.1051204298288824,0.047866739370833376,0.22667642281605646,0.15221135432903582,0.12063059210777283,0.10283624149451144,0.08383166998038795,0.07357763597625659,0.10753963284111265,0.08969886606370982,0.0417329901815566,0.20051612047291528,0.11538383511731291,0.10882784993191336,75,8,0,0,1.9714586849672249,0.1441886939892071,4.662951486656465,0.4351165472524799,1.6856378948832134,0.1935585896095263,1.8736964623431576
30.0,35.0,-20.0,-10.0,60,10,0.16666666666666666,measured,114,0.01425,0.5335317379236222,0.1504571014914854,0.2155747367232515,0.10868798512728647,0.1775564193725586,0.11724209785461426,0.10536720514297486,0.17616653161636944,0.11770416215438802,0.06711969549140953,0.3012892293930054,0.1546447443962097,0.14000576496124267,0.12064813655432895,0.08927223351051407,0.08223890917323995,0.12351792759129415,0.08747514511612224,0.07462522110963164,0.26799069572229794,0.1302657322132878,0.09591954101399502,112,2,0,0,1.9534443418184917,0.12832029766426029,4.571630038713154,0.33783930254856254,1.6518636607287223,0.1284356675090955,1.8510015050561157
30.0,35.0,-10.0,0.0,231,22,0.09523809523809523,measured,229,0.028625,0.591835946985409,0.1854377543395387,0.3049410725394711,0.13073775272762173,0.19539215233907745,0.13049051800127806,0.08012755464708976,0.19499075576706273,0.13353688619975387,0.059737963681335056,0.3801413666118275,0.14994416966963042,0.12335159333699057,0.14999772507243475,0.10168003017727369,0.06744433641288113,0.14933251477370912,0.09945008682007159,0.05310620225212158,0.31651842724704915,0.1334635914252615,0.0997638787003519,222,7,0,0,1.9305244127215255,0.0832338223516482,4.480879143335934,0.29833170071459475,1.6428927157123017,0.08612124510665811,1.1032010469945908
30.0,35.0,0.0,10.0,398,18,0.04522613065326633,measured,228,0.0285,0.6831972452370744,0.1558613689520788,0.3254939175554012,0.14104885255756372,0.2489525744789525,0.10507289676093741,0.0972985000986802,0.2454938644013775,0.11546588499913397,0.041626866909742107,0.49819973644457366,0.0890895266281931,0.16499123510561492,0.23408899230437907,0.09157650547292459,0.08941740720784111,0.22905117624917196,0.10068545698193378,0.03935201421192891,0.4350423145123122,0.0828579916792013,0.18838946462314507,148,80,0,0,2.1683272400446105,0.3128206174282705,5.043998996416728,0.8524494797705822,2.0251360227141464,0.4498359930542432,0.9276271029554878
30.0,35.0,10.0,20.0,358,21,0.05865921787709497,measured,282,0.03525,0.554386658422671,0.14691570005095347,0.33750931485324887,0.1563854754935555,0.1673822261459396,0.0886270172164419,0.09432019306573387,0.1678187186297983,0.08878432072823736,0.05409926155053083,0.3413670409680828,0.11213768129886435,0.14397971955534258,0.14290374886974694,0.07632263598866525,0.07878274928441795,0.14020973936503164,0.08008517386512895,0.05046856607357056,0.3033282178579985,0.09749471960095463,0.10830514202834411,275,7,0,0,1.9533039919028046,0.13292114027793778,4.613222452765661,1.1252345309459533,1.674777756768761,0.2015588873038569,1.3745603502666437
30.0,35.0,20.0,30.0,111,14,0.12612612612612611,measured,123,0.015375,0.556563044024497,0.1727503533371317,0.26596976653104876,0.1710428551498653,0.18181777246219596,0.10482838227576816,0.12205526816476252,0.18550236549168125,0.09797017298954974,0.05566436302498727,0.3689202451214348,0.17731565912974248,0.14174784950374328,0.15087555454803772,0.09248865420654177,0.10041288074945258,0.15347295112409065,0.08832353653152421,0.06711036837967467,0.28196669453695455,0.10885826971473804,0.08077963275524674,116,5,2,0,2.01872987766576,0.2624911600962066,4.964504156655412,1.7629420965793852,1.7376305010260604,0.4035715110356112,2.025321020679404
30.0,35.0,30.0,40.0,146,17,0.11643835616438356,measured,150,0.01875,0.6648695160483205,0.13670057740230307,0.3105843919018904,0.16423913203470386,0.1581006604571675,0.08303174307180006,0.09590791408405748,0.13984723775430588,0.10857584717246614,0.06007521602012648,0.28768903340480123,0.13522169941155485,0.15099632370379545,0.13956848984497625,0.07551001997801093,0.07362482994947776,0.13043394164784433,0.09333937025017627,0.07514737704544204,0.24555971088661838,0.0909248094185664,0.12246699142919268,141,9,0,0,1.9881712611516316,0.1304041709108753,4.671470732688904,0.5282217749185675,1.6755819058418273,0.15435997292809933,2.0444399589029163
30.0,35.0,40.0,50.0,116,5,0.04310344827586207,measured,119,0.014875,0.6761160276763074,0.1449555597946795,0.33389590818341036,0.18580764603605524,0.14551729769320101,0.10399292610787056,0.0881608407776635,0.1521218507894798,0.1219032336216843,0.04331088648680331,0.2689075792157972,0.13412812056842152,0.13774150878459485,0.21941420048102564,0.10367314628617735,0.07228613807596158,0.16956896626736798,0.15532364619074607,0.037398188366582014,0.20601980171527223,0.12351049808415401,0.16543077512225432,106,10,3,0,2.0448340998978174,0.3140553251997925,5.148443366299157,2.960974670775529,1.786097700856313,0.5565593377166851,1.9988835682120707
30.0,35.0,50.0,60.0,311,20,0.06430868167202572,measured,78,0.00975,0.6483592026422114,0.13452500775703463,0.339413012831639,0.21119052584017026,0.1271613733874973,0.16645979471632705,0.09384161397763544,0.17437919281482553,0.14081976790109227,0.05592178101555064,0.24728176704387075,0.20747298514310436,0.12084912065787823,0.18348871191465393,0.16283120540040996,0.08009672345362284,0.16469170469839167,0.1633992640011446,0.0663860880081084,0.27814223682792,0.12810070678095675,0.1616464202135719,68,6,4,0,2.1109109948842955,0.3760185151372073,5.5110060679606905,2.843966868321685,1.876304091551365,0.6362412816745417,2.0537942784196828
30.0,35.0,60.0,70.0,172,12,0.06976744186046512,measured,79,0.009875,0.6981865791603923,0.13739697812772866,0.3324824183990684,0.19008987593313684,0.06939289569854737,0.11363638639450073,0.08995369262993336,0.11363484074877846,0.06993942136499935,0.04633852613599487,0.2282841417938471,0.11757883690297603,0.1062217615544796,0.06147531814565141,0.0915512221379102,0.0646925850798511,0.09147806597377987,0.060965621911938085,0.05035642581515101,0.1789021918318035,0.1014465822879069,0.08268980777348806,59,20,0,0,2.017517670800414,0.26522318886441726,5.025404573995856,2.000165566199347,1.7422362022762057,0.4566785256234988,1.8110529378580078
30.0,35.0,70.0,80.0,121,8,0.06611570247933884,measured,56,0.007,0.6508520244233376,0.1401712161901258,0.360608787674989,0.23839207390337921,0.07558349592495808,0.1232873359612659,0.08861417844232204,0.12865416571503593,0.07435324621333723,0.06903912343275621,0.2817240542015143,0.1313698428921995,0.1250508686082553,0.07442889780685098,0.11447298395689218,0.06368969699415242,0.11320881303465977,0.06826288905688167,0.08336409322236929,0.23349301158125618,0.13366763443454902,0.10130687975830333,53,3,0,0,1.9253211383308684,0.09266784291525913,4.420613991362708,0.352312767123197,1.5817184490816933,0.08560156795866987,1.917619251112898
30.0,35.0,80.0,90.0,102,6,0.058823529411764705,measured,48,0.006,0.6454043289025625,0.15080833404021182,0.2909371453958253,0.16170583130829214,0.08202474843710661,0.1317462921142578,0.08601618123551209,0.1335837366398507,0.08088264880926845,0.07505363051525955,0.2697991852958997,0.18368691330154738,0.13107986624042192,0.0900642937226497,0.10707897274290712,0.07530180147447946,0.10721159642613248,0.0882138553071659,0.07988929310924134,0.2589490144186811,0.16694475151841295,0.09772198012057719,47,1,0,0,1.9725763574242592,0.22616603119216314,4.682035441199939,1.5171053227353026,1.6630782907207806,0.3614394801040483,2.0191428344228437
30.0,35.0,90.0,100.0,117,7,0.05982905982905983,measured,66,0.00825,0.6321089435707439,0.15396676736193599,0.2401149206315026,0.15939970696225444,0.09481084709140387,0.1450624639337713,0.07869991280815818,0.14685207050438484,0.09799074808098286,0.07913876457105673,0.2508461713790894,0.16133458831093528,0.11858893524516713,0.10085346335682469,0.13092838023329817,0.07133456225698526,0.12718047501844754,0.10001643086760457,0.0846157901297019,0.23584318888842243,0.14634599450020494,0.10251790383879873,66,0,0,0,1.9752829977960298,0.09859958651004837,4.502107894781864,0.2837381201857908,1.6639379371296277,0.1026634743526479,1.6924162339357913
30.0,35.0,100.0,110.0,145,4,0.027586206896551724,measured,35,0.004375,0.6988448364303467,0.1250964769829191,0.2449402270572526,0.1666140573059942,0.10531195173872278,0.1412198357548274,0.08985772369601203,0.1441359943597727,0.10787286054975724,0.05918726026512548,0.23448706265036942,0.16571026152752816,0.09443471786823679,0.10035235407908304,0.13672858807623112,0.06802899291438415,0.12646809551601287,0.1067381509089308,0.06308420393491596,0.20451997132930802,0.16649606347164897,0.08387027754641657,35,0,0,0,1.9623973437717983,0.09677015883696868,4.50833455494472,0.2684752816245707,1.6295265402112689,0.11680303145661027,1.9478363270935235
30.0,35.0,110.0,120.0,224,4,0.017857142857142856,measured,47,0.005875,0.7188883599232544,0.09878000620699066,0.2390112800801054,0.144358202627926,0.07506587722084739,0.0691254355690696,0.07997658902948553,0.08206171508890096,0.07055501611517503,0.04835158239980462,0.16659380495548248,0.08959925987503746,0.07368634397333318,0.08660008625738681,0.07171072949254072,0.05847734232982666,0.07169244183898393,0.07876086484103295,0.05660880681973387,0.19080197352372144,0.1097345072327635,0.08676766185057475,45,2,0,0,1.9530735497779035,0.12437234908056535,4.5195673830965735,0.4640234588928148,1.643083853924528,0.12760220566889027,1.8969774076784993
30.0,35.0,120.0,130.0,190,1,0.005263157894736842,measured,53,0.006625,0.7564964731218954,0.08010463252375097,0.2753984469850108,0.17405923018151512,0.07298935784233941,0.12559670746011078,0.07073602411482069,0.1203338781284131,0.10416727303567755,0.033025580538045225,0.20982802639562617,0.11168872584741582,0.09974468385100996,0.1084677018210464,0.07290901820211965,0.06626615015429137,0.07477677587324558,0.08520749585267363,0.029589804088595534,0.2314227399246424,0.1272395327008794,0.08515374692525898,48,5,0,0,1.9798564888396353,0.19727928058788616,4.77484548766658,1.4701251319762265,1.7103650367484902,0.3060379496870771,2.1685390545073173
30.0,35.0,130.0,140.0,143,3,0.02097902097902098,measured,46,0.00575,0.7161893567868641,0.10011119246770182,0.2504761457119299,0.1380469901113558,0.1182770047869001,0.08673740114484514,0.08998769564288003,0.11406847704590754,0.0995538675673658,0.03030932809412205,0.25154426268168856,0.15321461047445026,0.10543272239821298,0.12406447772154762,0.0812976423113718,0.07834230166849639,0.10926517949994417,0.09301966696393806,0.029470903043944237,0.2506957903003847,0.13271272441981868,0.08961885086168153,33,11,2,0,2.182279296543287,0.42945639056686774,6.205230889113053,4.266896754442272,1.964489758014679,0.7523625059212202,2.2782177694853547
30.0,35.0,140.0,150.0,214,9,0.04205607476635514,measured,75,0.009375,0.7360163374644954,0.11177622454825932,0.33056197653214137,0.20659457919039587,0.10010029862566693,0.0845068303550162,0.09583117234997633,0.11290518840187723,0.0818418838144758,0.04668314528236828,0.24369298074303603,0.13797017713872398,0.09058992513796178,0.12229352946350153,0.07511589061601406,0.07548785528154181,0.10810665152945781,0.08140549682914117,0.05955171694977305,0.23623742575803475,0.09901938905704048,0.07141970075849181,68,7,0,0,1.985083317756653,0.14544622149238665,4.545060195922852,0.589826584725042,1.630604345003764,0.14466974940634178,1.8769798480301048
30.0,35.0,150.0,160.0,210,8,0.0380952380952381,measured,104,0.013,0.7079180600029407,0.11926020069242355,0.1979569184522216,0.1196490117526826,0.09776313706199721,0.08087693582666983,0.09813446872452698,0.10007160095270068,0.07994618406800057,0.05105944035544614,0.20824963031428875,0.17070613816232966,0.13475115523479952,0.09789688535479729,0.0661086300083634,0.1035643718574137,0.09375671151861233,0.06969090487008792,0.05861897757381914,0.20460927681680904,0.1330362614408597,0.14148434028254278,86,18,0,0,2.1202311997230234,0.21943502470235343,4.7685164625828085,1.5622339684858468,1.8187335821298451,0.23611886604147841,1.4747701550598442
30.0,35.0,160.0,170.0,419,3,0.007159904534606206,measured,59,0.007375,0.7285727832036523,0.10561330457708293,0.381381033588264,0.2244189575574672,0.13659397913859442,0.06207465208493746,0.10464657649684411,0.13787118721215827,0.06320013343334634,0.030378560470257682,0.3123278526159433,0.14773167813053498,0.12010652772509135,0.13525480993011604,0.051604772549334925,0.07508419731764572,0.1335476354259665,0.05128744164346226,0.029399442046735953,0.26902865873598825,0.11151006503593264,0.09978488546727146,49,10,0,0,2.0307592436418695,0.2066374418015599,4.768156326423257,0.6467568047545693,1.69137865810071,0.22312121638515095,1.2490252080619437
30.0,35.0,170.0,180.0,801,5,0.006242197253433208,measured,50,0.00625,0.7340177377713984,0.09228097394502847,0.41878191322088243,0.23794270170989534,0.15605070602953733,0.06317258002844887,0.08660708936914127,0.1555515251519302,0.06341130092454533,0.03131698302799021,0.31220727529957065,0.11036601153450395,0.09010016723493834,0.12957685191492738,0.04673468602392437,0.06496489964193315,0.13008922267538625,0.04665204423585995,0.028618167977621355,0.28864627546970345,0.08610072482259053,0.08034743033138814,41,6,3,0,2.101913149356842,0.3935819230091499,5.8248569297790525,4.434782606912698,1.8851149344444276,0.709478281519744,0.6077366919073592
35.0,40.0,-180.0,-170.0,857,52,0.060676779463243874,measured,242,0.03025,0.7209735704504925,0.08269804626329595,0.4399165457560996,0.22356254874452705,0.20553598344696233,0.08081175846898038,0.11544175236861898,0.20694919915218407,0.07895083064428639,0.051035285781114915,0.4671847106507106,0.12086243599838352,0.17202125484158534,0.1649848369896727,0.0926972721627744,0.09655735817471207,0.16588319282903616,0.08949817399801388,0.04495532442970159,0.37312027378751356,0.10316681496713365,0.16687833491969828,237,5,0,0,2.0146315230810936,0.13741245143276237,4.524532446191331,0.532059405623578,1.725604266667169,0.23475896494905954,0.9632017840040282
35.0,40.0,-170.0,-160.0,288,31,0.1076388888888889,measured,69,0.008625,0.6844132568121885,0.1166675365341743,0.3261935738981634,0.207792695260747,0.19695645640332413,0.08444841177083175,0.08762978092705694,0.19744929107598672,0.08313605037204347,0.049995027535900925,0.511697541878845,0.15429550710819112,0.10859938122419067,0.1485698934033472,0.15664017705960515,0.07452945733785596,0.1512092841071305,0.15417673380459598,0.05907065267947721,0.5271960596934266,0.0998682790192439,0.10375158644126348,69,0,0,0,1.9688664536545242,0.09538412975094293,4.5096631706624795,0.3007988235692544,1.64481240424557,0.1264260855589518,1.2033941014200218
35.0,40.0,-160.0,-150.0,109,2,0.01834862385321101,measured,115,0.014375,0.7075604810335926,0.10747588926123158,0.20388567369917165,0.11464795312651607,0.09863163600458164,0.0979955619740709,0.11376055267369636,0.09969069570990167,0.09887480362814859,0.047551023850857,0.23752701839553975,0.13504959489697607,0.12242944218287959,0.10378245851656438,0.10663663481440445,0.0756523186602296,0.10727353708270089,0.10124933089149059,0.050316136482963215,0.2469237956482687,0.09560661695152141,0.07340848267895136,114,1,0,0,1.9116288444270257,0.15393732145043112,4.537427682461946,1.2486719766541916,1.6270813745001087,0.33292582218212685,1.4159514497041068
35.0,40.0,-150.0,-140.0,226,31,0.13716814159292035,measured,109,0.013625,0.676805552916649,0.0968321283513323,0.3044521799738254,0.2155367889297458,0.11547884818835136,0.12392378586989183,0.16220246446438324,0.1274550301913898,0.10983445072694922,0.057658641478471793,0.32254032966418145,0.2839448941059602,0.23645850389431686,0.13613825739680985,0.09055285556720222,0.10236049621936481,0.13697916285707593,0.09140148531093825,0.04832322123844628,0.2802903664868286,0.1563213556905025,0.209687735426074,102,7,0,0,1.9557557849709046,0.15498985127946727,4.5480252493412126,0.5267215499403907,1.702212713180332,0.21315241575972546,1.8942129114484743
35.0,40.0,-140.0,-130.0,233,35,0.15021459227467812,measured,99,0.012375,0.6744433917632007,0.09766288567031604,0.2912036459704842,0.21803249653598675,0.19537235992123383,0.14671367105811534,0.18166964614030087,0.1758837158606608,0.16853582054809577,0.05257365897147422,0.397211704591308,0.231746150387658,0.348625417309578,0.13016466012660477,0.16390690996211324,0.10091474856334041,0.16703084601508017,0.12753378510205376,0.04759814198651612,0.33058597987826144,0.15788333580843666,0.18630745789814823,91,8,0,0,1.934775380173115,0.10347605411393065,4.544196087904651,0.4712377531320409,1.666549057671518,0.15040551553543452,1.8773174410499307
35.0,40.0,-130.0,-120.0,70,10,0.14285714285714285,measured,49,0.006125,0.6383295970658461,0.1549944390159603,0.30713034968595115,0.19369526441704002,0.09179706573486328,0.14414364496866863,0.13244873980681102,0.14593246874592308,0.10321061053113058,0.05879736572564565,0.32110497951507566,0.1587658683458964,0.12032723625500998,0.08124265928751033,0.12758664327057187,0.07883499064936865,0.12276731480608867,0.07114972766186277,0.05896676866534915,0.26353498391057767,0.14611201901032217,0.14464330422978647,46,3,0,0,1.9397027346552635,0.11641853201855336,4.5166334522013765,0.4501694769391375,1.6991272410567926,0.1945410499976148,1.9595517825291058
35.0,40.0,-120.0,-110.0,40,1,0.025,measured,90,0.01125,0.6947030707811698,0.11656489800592229,0.27101960844463774,0.17045970023534007,0.05724914257342999,0.23898173601199418,0.10598123532075149,0.22113905919498905,0.11340437825525893,0.048313703773173206,0.30612903986221707,0.1340592304865519,0.12804872256058913,0.05017516750194786,0.2147677423490805,0.08542267851445462,0.19234274201552903,0.10135925288354229,0.06818851314117667,0.2024097646078199,0.11787153503951292,0.08136299883576141,83,7,0,0,1.9237311561902364,0.08267271737229444,4.509218306011624,0.2722962268874917,1.623669895860884,0.10885542917249107,1.8073566487731823
35.0,40.0,-110.0,-100.0,53,1,0.018867924528301886,measured,79,0.009875,0.6648904807292498,0.12393064025059773,0.269530559359472,0.16775729448009635,0.0603486207815317,0.1440577873816857,0.1289552736740846,0.13972705713362862,0.06776683889451346,0.03853998654039334,0.3221820547030522,0.08151539472433236,0.10935103664031395,0.05612837465933294,0.08293267893576274,0.1125944674437074,0.08159395281577884,0.06040908646733554,0.03831876157717456,0.22124303803104223,0.07543076040439811,0.07562094179242716,74,5,0,0,1.9337813582601426,0.1334439861180392,4.503546923021727,0.40208358304004416,1.6240574559078942,0.1615874033878852,1.8292461773892092
35.0,40.0,-100.0,-90.0,60,5,0.08333333333333333,measured,87,0.010875,0.5939576322382146,0.14575141899155827,0.27293280332252895,0.17370259015538975,0.09443721502003345,0.16231925270774147,0.14975904605605386,0.16203104734251658,0.09285512353429057,0.08054638183731633,0.3598484472794966,0.1126312104138461,0.09480685104023326,0.10052441214859235,0.11773855100406558,0.0903118332311788,0.12097555932094556,0.09860137416993668,0.05993432612801941,0.24611292361306347,0.10904537213153073,0.08813106309533217,80,7,0,0,1.9480107159450137,0.1344363205630465,4.639431635538737,0.5589904520752095,1.6477745264426045,0.14607673129538667,1.6052142972928847
35.0,40.0,-90.0,-80.0,54,8,0.14814814814814814,measured,73,0.009125,0.6355919267820276,0.20012991081611015,0.24906692123168137,0.15706238082505375,0.08501281526000441,0.18248914635699728,0.11524102286152217,0.18355905968130898,0.08550989966308987,0.06538146759325707,0.25384547399437946,0.09856860534004543,0.11074927578801694,0.07611575610167466,0.1826135274555138,0.0928977820306765,0.18087493955859443,0.07713080410192348,0.07020752518232176,0.16407836379768279,0.07943495900226513,0.10176183922466249,72,1,0,0,1.9766286725867284,0.19437301722794678,4.553974595788407,0.5326236190626006,1.6487410640063351,0.18003784814223084,1.5252640044150167
35.0,40.0,-80.0,-70.0,52,0,0.0,measured,83,0.010375,0.7104432046986543,0.1264624648717592,0.28197723636067057,0.18821110833672655,0.06259486308464637,0.14266659663273737,0.102726827447231,0.1387411338151268,0.07309042754289699,0.04668685106130747,0.33746777131007266,0.12229234897173367,0.09996927472261283,0.04567624858234085,0.1522151170162529,0.07581296309752841,0.14744771110275612,0.05652871741008246,0.03669988793045315,0.24555134548243793,0.09686293009059993,0.0700220622553622,82,1,0,0,1.971294377223555,0.1302836057360575,4.590479730123497,0.4193219911546921,1.6595847836459976,0.1376617591891663,1.722422616920596
35.0,40.0,-70.0,-60.0,71,7,0.09859154929577464,measured,88,0.011,0.6763557107187808,0.13622457739068353,0.27100356812165544,0.16012821139520958,0.06990711390972137,0.19030293822288513,0.11531399749219418,0.1891792453242834,0.09459210593620825,0.03903886458505473,0.4680916629731655,0.14514780044555664,0.11491020768880844,0.0573269180100099,0.1753427331057884,0.08301810518333493,0.15881112936554875,0.07194605114744558,0.03209366372582444,0.2988592242048828,0.08246298058597679,0.08166118158881878,83,5,0,0,1.9778054424307563,0.15195387541436658,4.580307402394035,0.446637510953097,1.651509627699852,0.14219989405794173,1.7175359594795858
35.0,40.0,-60.0,-50.0,71,1,0.014084507042253521,measured,120,0.015,0.5786248641354698,0.13612715722525853,0.2760829043885072,0.1843577558388779,0.09256880623953682,0.23188653673444476,0.08686960765293666,0.21915359284244942,0.13857861222373938,0.0407669739496893,0.4241065536226545,0.1486719182559422,0.12458861555371965,0.08523427706730001,0.20040855453390466,0.06626376020988808,0.17619221179503336,0.1072044588905924,0.04592697239837558,0.2761924889254868,0.09986212569781927,0.08097501955359199,101,19,0,0,2.0228431463241576,0.1567545623886142,4.75576101342837,0.5292376545611426,1.7469537784655889,0.2386448859549279,1.7490647176655647
35.0,40.0,-50.0,-40.0,39,4,0.10256410256410256,measured,57,0.007125,0.5741139731236866,0.1691763759419182,0.231032049838911,0.15670571040247464,0.08442050388881138,0.1652198246547154,0.11021209784916469,0.1437125131887473,0.11191634146788602,0.05023312446262155,0.2503491197313581,0.17809193815503802,0.08449358599526542,0.08657547375968024,0.1565290321803569,0.08860778744159704,0.1535074558212812,0.09837667193244076,0.04895829393156004,0.229023540653174,0.20908129110594845,0.09883079741347943,56,1,0,0,1.9259492974532277,0.10104471338224685,4.544402896312246,0.3575252263669489,1.6428083536917704,0.11548441660145081,2.0681190289834674
35.0,40.0,-40.0,-30.0,53,5,0.09433962264150944,measured,114,0.01425,0.5248146715263525,0.15311698045091857,0.24384133968698352,0.14856331455730767,0.15135053793589273,0.14148879051208496,0.1351201186577479,0.15252755238085944,0.11844311611688337,0.0728218604007466,0.2743803933262825,0.11301273604234059,0.13695578773816428,0.12978156130779223,0.12510816384368462,0.08619439398496648,0.16552887980186556,0.10357670322350217,0.09887497915767755,0.19784113260673997,0.0936057166142695,0.13817027740955184,109,5,0,0,1.949053822902211,0.1289236706513041,4.56916081905365,0.4644278593141933,1.636767500325253,0.158650573314208,1.9319294004449281
35.0,40.0,-30.0,-20.0,32,4,0.125,measured,95,0.011875,0.6032459299479213,0.14192236384181076,0.18910773710200662,0.07707735801376064,0.09056227547781807,0.09278815133231026,0.07484880515507289,0.1104643602869517,0.07476098307551378,0.11655637522529094,0.2649475804397038,0.20311036280223302,0.1133623378617423,0.09043928747746738,0.08426364699944719,0.057564740185093465,0.09781485339363405,0.06878567193846769,0.19861007152844873,0.2673946604100485,0.14778025116010104,0.09863468141222045,92,3,0,0,1.9257630624269184,0.10434512778333463,4.545464974955508,0.408968361398471,1.6380780295321815,0.14012322691177234,2.0608152345121358
35.0,40.0,-20.0,-10.0,56,10,0.17857142857142858,measured,117,0.014625,0.5101899835078613,0.15955718712360478,0.219302455520528,0.11723985616484053,0.13030168284540591,0.16929014869358228,0.13778049012889032,0.14398677075696276,0.1631747150661552,0.06513332508572281,0.35403611867324164,0.17398964062980984,0.13599242334780487,0.1343278274103471,0.13097927045144256,0.08848782129653025,0.13730196153118396,0.12094300753481484,0.08993069266745601,0.3698861248758088,0.15650781760887345,0.11272917802340952,107,10,0,0,2.0108026469874587,0.15995550184140514,4.7160662443209915,0.49870047938922335,1.7081836675986266,0.17946386299607958,1.948951883055149
35.0,40.0,-10.0,0.0,226,27,0.11946902654867257,measured,406,0.05075,0.5450446435704304,0.18226468444451158,0.271365142918279,0.10847735611025071,0.18104041401465334,0.11625722099572944,0.11634547926073698,0.1814743975764377,0.11685211174422894,0.056394090280038604,0.41377084219276006,0.12523717916191524,0.12258893520987812,0.14753312923993067,0.09145648668156547,0.09024961288819257,0.145707876740212,0.09275520352385026,0.05742205141591889,0.27992498160366175,0.11603719132654246,0.09385032426095224,405,1,0,0,1.9197111379336842,0.0680242543097503,4.453123250618357,0.2708340794068972,1.6346202310670186,0.09575900200200874,0.9721346073288578
35.0,40.0,0.0,10.0,312,16,0.05128205128205128,measured,398,0.04975,0.6100392678400149,0.1858948069941928,0.3511271964590154,0.1595895627232249,0.28983836560635956,0.13214653307521665,0.13396192160812584,0.2811532772230819,0.14903550120137385,0.055976018549503154,0.6426386333800651,0.09019107593072427,0.25399018381092997,0.22768975502148217,0.10235711608836962,0.10920989495091096,0.22173124607176822,0.11560751161007057,0.040959815034204504,0.4742004706084719,0.07265529415551807,0.24101229331791885,311,86,1,0,2.0707215055748445,0.25183987454948864,4.7296369638874305,1.0616654747048995,1.880855390474425,0.40262416064023077,0.8569991042379559
35.0,40.0,10.0,20.0,288,22,0.0763888888888889,measured,422,0.05275,0.5085732020381698,0.16322695553994088,0.2764370315553735,0.13224313819825106,0.1860576715684475,0.12270700483393848,0.09003166551876784,0.18139592360656226,0.12597689303505236,0.0609773260248055,0.3798235152897082,0.13418354172455638,0.1540262976983436,0.14910551164712674,0.10326715880481373,0.07584126339512216,0.1461010167588883,0.11158342214744445,0.06335581740390579,0.3495790651361004,0.11540831811173828,0.10004097526302023,411,11,0,0,1.9379074754308185,0.09975877921501879,4.548533196132895,0.8871650403529758,1.6558977806172666,0.15791147105282577,1.3617007671436838
35.0,40.0,20.0,30.0,140,13,0.09285714285714286,measured,148,0.0185,0.683935380240125,0.1199714061401711,0.26971072683463226,0.14590613655928136,0.10807617067352054,0.09416924123688945,0.12006952771990317,0.11793309542216729,0.08907401271066377,0.047592522961931255,0.2263908874331497,0.29478902047074684,0.2447917921336617,0.11468894523924174,0.07120395017976582,0.08984219638980573,0.1051229617148923,0.07667222135774843,0.0578100273747955,0.30736511753644935,0.17241387804048924,0.10201276853310864,145,3,0,0,1.9841641042683575,0.12994112779087327,4.642365528119577,0.42601707520371385,1.6901219809377515,0.1715633080757152,2.0453643849788237
35.0,40.0,30.0,40.0,78,5,0.0641025641025641,measured,149,0.018625,0.6307863611472796,0.14106805431075858,0.2663645370794623,0.1654453186311479,0.1489685006337623,0.07254984607435253,0.09558785696552224,0.14045381726373085,0.10442598331443338,0.04553137214532956,0.2918910784264133,0.16010829030650936,0.16161069967975356,0.20182433826211446,0.09291674981991942,0.08090713009626568,0.1748620373984731,0.12495154004747812,0.05609960786740382,0.29477982909967565,0.12084233581576279,0.13271919282648287,138,9,2,0,2.018147778991085,0.2621567186943838,5.069672475725213,2.537853598680418,1.7396997869414772,0.5111674369891075,2.0993801689545415
35.0,40.0,40.0,50.0,128,12,0.09375,measured,81,0.010125,0.6481940517651623,0.15167907320025215,0.27180603036174067,0.19414149802901495,0.1289903213237894,0.12131641651022024,0.13870127242186975,0.15121220428650042,0.1163200422066038,0.054604271715222225,0.25547330132846174,0.2154774316425981,0.1971800471174306,0.1549402007955993,0.11624261808570552,0.10744738371762545,0.14094735084255178,0.11230916854128026,0.04646054042737958,0.25528270018164995,0.17015971918895778,0.21943929094986028,73,6,2,0,2.0354230992587996,0.29239599215856255,5.139584102748353,2.592709780736195,1.7785031736632924,0.5329544764314211,1.9717635200788453
35.0,40.0,50.0,60.0,142,9,0.06338028169014084,measured,100,0.0125,0.6727913423140246,0.1406329222001549,0.3197018221020699,0.19395907701363038,0.09749738076575716,0.11714404686949306,0.10108194942761184,0.12290542608742921,0.09982604852964044,0.042573220639370676,0.25738856173995744,0.11791166909655235,0.11506092817263495,0.1279103387947253,0.10347031904928784,0.07726213217190933,0.11724070692289167,0.10714131593990164,0.0445000356917392,0.3005306014688673,0.07651584268156424,0.09584624766585957,95,5,0,0,1.9603872978687287,0.12043984743122063,4.589684894084931,0.4407616658139469,1.6413982212543488,0.14025832631623952,1.990845940705414
35.0,40.0,60.0,70.0,137,15,0.10948905109489052,measured,65,0.008125,0.6743377725609013,0.15070606411524332,0.31179859661138976,0.18724520424119784,0.08726718777515849,0.11162432686227267,0.11551251030359112,0.10802984548214968,0.09825821265730676,0.04656177149363825,0.2465811948307225,0.12785484165441793,0.1129832003937393,0.09674118359601165,0.12326191848925516,0.08234680732611444,0.10555583078357333,0.11027580097615822,0.04519998708417865,0.23709492186489775,0.09831551927623541,0.08816500396133232,62,3,0,0,1.9922607568594126,0.2833865166628273,4.844020326320941,1.9772757629829438,1.715032040155851,0.4517780679916751,1.6294989898268295
35.0,40.0,70.0,80.0,184,5,0.02717391304347826,measured,84,0.0105,0.6408729872890024,0.11562229294358857,0.2809106327948116,0.17937580019567168,0.07308669063632049,0.11382349110182437,0.10215093503451214,0.11374247514098901,0.08024976823933633,0.04666765018929505,0.22935554435133268,0.11447736337864199,0.21458617535383342,0.08400827571914146,0.09029269419674193,0.06428483190327285,0.09473665723137582,0.0717997375506698,0.04214060960084429,0.23936068372553618,0.07726962171975335,0.14188621677176455,83,1,0,0,1.9800670402390617,0.18283837064170708,4.628421678429558,1.0200653524317422,1.6716873546441395,0.28292661738341757,1.6286055299258322
35.0,40.0,80.0,90.0,71,14,0.19718309859154928,measured,125,0.015625,0.5547393625765517,0.16687125918434442,0.267531335413456,0.14636895802957373,0.10262755219612205,0.1548198900724712,0.11331554881313391,0.15679494232696992,0.098998707163003,0.06086504884621372,0.29259430734734787,0.13111791485234311,0.18758914763467355,0.11928489614974555,0.1317027855753967,0.07403235128770605,0.1339850137251248,0.11721237625527689,0.0585346027765533,0.20194495864482542,0.1271882193133248,0.15356618643192282,117,8,0,0,1.9707192668914795,0.12335034990358039,4.555047309875488,0.44057128162998127,1.6473476457595826,0.1319242144160727,1.5448978856542581
35.0,40.0,90.0,100.0,70,10,0.14285714285714285,measured,100,0.0125,0.5544423518081506,0.18481996617061228,0.24186510011553763,0.14185017583042553,0.11349913279215494,0.12989387512207032,0.10454339484373729,0.1303581633047228,0.11532490875326028,0.05522701753492806,0.27272011041641236,0.1291534682114919,0.15555570721626283,0.11475805675170275,0.1126874077871101,0.06840339786903894,0.11079127090377396,0.11425648504309362,0.046845136418304595,0.20339888889640212,0.12359639058551805,0.10683638619924682,98,2,0,0,1.9445927846431732,0.1003456144293337,4.518848795890808,0.3783650819267271,1.634973658323288,0.12659300963860592,1.8442778026924271
35.0,40.0,100.0,110.0,76,4,0.05263157894736842,measured,83,0.010375,0.644389627294408,0.14124295844695886,0.2331349600151361,0.14137171032190773,0.07517457670635647,0.12947008344862196,0.09938547511895497,0.12563089530728647,0.08479383373238743,0.04713251529197447,0.3155955241786109,0.13673483828703561,0.14746005336443582,0.06007077234832787,0.101318030255568,0.0772799468180703,0.0899126619657529,0.07231982826342953,0.04489890808254424,0.21261948593931057,0.10526136822933892,0.09320579175896958,80,3,0,0,1.9627405807196376,0.1599370671685273,4.674386328961476,1.210746311999203,1.667979296431484,0.259043175655876,1.9092764319678885
35.0,40.0,110.0,120.0,103,11,0.10679611650485436,measured,56,0.007,0.6770089168263518,0.13445449907222456,0.24576623924076557,0.1557111006209806,0.09609912789386252,0.14705264050027597,0.11112717247527579,0.14335651126348403,0.10586052045979362,0.050086860144215935,0.33877246794493304,0.14588460714920706,0.14016680484232696,0.0664012254939437,0.16430923365466757,0.07617666695807723,0.15707732356156068,0.07638942191447097,0.05355335895242659,0.3180921891485003,0.13867502653700917,0.12380407254239391,54,2,0,0,1.9373677309070314,0.11436631740798034,4.464322022029331,0.5111902934157849,1.641360572406224,0.153027251577887,2.117898922736889
35.0,40.0,120.0,130.0,320,14,0.04375,measured,85,0.010625,0.6854764274717157,0.0928658152878668,0.2416921804932987,0.15246336688963094,0.10927487042994281,0.05519114600287543,0.08907678294805141,0.08214725072386313,0.09792848062104302,0.06664786475344826,0.14515776922500212,0.1228447542860617,0.1222748752512963,0.08267911671745358,0.06316013114332096,0.061319303503906054,0.06972441953215514,0.06791498814311996,0.06330567382836191,0.13396744351096312,0.09936693610608811,0.10953797919921714,75,10,0,0,2.0011116097955144,0.19610958482515134,4.67782260389889,0.6176095095628509,1.6900435069028068,0.22379663599658448,1.7553889964648333
35.0,40.0,130.0,140.0,218,4,0.01834862385321101,measured,94,0.01175,0.6355980693528028,0.12261262377458541,0.23207512172929784,0.16687067142618,0.18002879062545635,0.13360340795784353,0.09675981675353006,0.20242992786482053,0.08773620823231736,0.0906590571116103,0.26247293592613435,0.1878021922066947,0.11624533216529917,0.13048242319344913,0.08023407281795737,0.08967724799190592,0.14174610709819274,0.0703983555743504,0.06796142318925062,0.24103110263251434,0.13578922212983588,0.08140985110513739,89,5,0,0,1.975838156456643,0.1840823485109953,4.599863278104904,0.743102570184295,1.6719126574536587,0.22745342283280953,1.8537533471143466
35.0,40.0,140.0,150.0,207,7,0.033816425120772944,measured,98,0.01225,0.695399257838726,0.10091393536530506,0.30777962969578043,0.19348465252539707,0.11837923049926757,0.09688657760620117,0.10240420907735824,0.1258869538949111,0.1012836377520144,0.05013703999884957,0.2641344392299652,0.1352095466852188,0.09414775252342224,0.14951016198145045,0.10332803858907051,0.0821097896085997,0.14000813392590677,0.1035492405843218,0.07656244461761448,0.24877545645185636,0.1157375142922117,0.08411282947800044,82,14,2,0,2.0874033059392656,0.343283364115847,5.479291008443249,3.434512691185293,1.8246595591914898,0.6063883242462662,1.9434891175265205
35.0,40.0,150.0,160.0,224,6,0.026785714285714284,measured,74,0.00925,0.6998349797629982,0.12020804405198103,0.2533004842698574,0.16874820393024473,0.09990362289848678,0.08055714510996408,0.09428538156485339,0.1050014071161227,0.08072671189747903,0.04787620255712102,0.2447766492126185,0.1474814491534452,0.11538897030944124,0.10747117826562494,0.1009470711924317,0.07704241046385563,0.11441492556059686,0.08704987154189965,0.05347326573772171,0.26977989099801647,0.11635882455522197,0.09523225346623075,66,8,0,0,2.0147995755479142,0.19322663285428127,4.6468035594837085,0.6170320921919196,1.737275308853871,0.2332169682021443,1.8604092482587358
35.0,40.0,160.0,170.0,371,15,0.04043126684636118,measured,77,0.009625,0.7075696199964941,0.11822415291793728,0.34269443357532675,0.1823536241779966,0.11465336231703169,0.06585429089792659,0.12205971107724008,0.11696049077082014,0.06602046109268998,0.02983636507984749,0.2736035491643327,0.14131185278463898,0.11943777792909172,0.12221941812478225,0.052234829722501395,0.09024354490722142,0.11957157566860487,0.05303230459873457,0.025151202210902435,0.2904631261817679,0.13210782211779304,0.11649880252997151,62,15,0,0,2.002176808072375,0.1857867066462476,4.746049274097789,0.6173518166346713,1.6929378850119454,0.20431301190639023,1.6840704310336043
35.0,40.0,170.0,180.0,763,14,0.01834862385321101,measured,151,0.018875,0.7020276178107242,0.10326478072421284,0.45339409888580146,0.2128376945840444,0.16455015480438762,0.06627702790602186,0.09585203634244259,0.16511159770112663,0.06559615996186219,0.03768052009118516,0.3190446393352962,0.12254142554325159,0.12060656853129613,0.14129723783001305,0.05581299864666202,0.07138042394782394,0.14153399555048618,0.05433995138828499,0.0385351667869305,0.2808223462148001,0.11435444128671016,0.1041901678042048,132,17,2,0,2.074416081636947,0.40613605989891943,5.557535978342524,3.711943172225239,1.8437020249714124,0.7071816713099142,1.0041152296074551
40.0,45.0,-180.0,-170.0,1040,149,0.14326923076923076,measured,440,0.055,0.6886906422984052,0.108295737624886,0.4592932301658121,0.22866150987447484,0.21800964903483622,0.0924069320999387,0.13079308714261895,0.21740722305699728,0.09373979819110295,0.05544392489848666,0.4390907541803773,0.10893206684677689,0.206772693479904,0.17191885747322233,0.08131133175720807,0.11547614689578933,0.1712978014009033,0.08269756485167576,0.04974243154499117,0.3363743256585377,0.09117690818604707,0.17957919551656193,439,1,0,0,2.017648735371503,0.09132133042161415,4.479871556433764,0.24894452758138977,1.7160953090949491,0.12078504410428471,1.092156289775772
40.0,45.0,-170.0,-160.0,209,14,0.06698564593301436,measured,136,0.017,0.6513820253121547,0.14009077306286968,0.26333413492230806,0.15747802682943493,0.13619063939803686,0.11984140200492663,0.1007016869691702,0.13069919117565254,0.12412068623251257,0.061686712829815055,0.2967069882612962,0.12059761988811003,0.13966796153630967,0.12703234109437128,0.16007620184544488,0.07988021640974727,0.12361569246923024,0.16401949648101571,0.06661433442921981,0.31091004301756,0.08133854396566821,0.11437953238496706,131,5,0,0,1.9382547131356072,0.10803886917772826,4.468582822996027,0.3704266088825523,1.6324432623737,0.17564528306865612,1.5231347944105476
40.0,45.0,-160.0,-150.0,80,4,0.05,measured,123,0.015375,0.6699836124715052,0.1631949688852755,0.1856863125552976,0.12336962496808657,0.13346636922735916,0.11071920394897461,0.12706210856374942,0.151263989900197,0.11704728057564634,0.05213671832853921,0.3233831524848938,0.1711858165891547,0.13541807312714427,0.1920612609782472,0.15014860771133567,0.0811296683002782,0.1821350093362237,0.1405351345658732,0.07287640502843218,0.3502901209100622,0.0927857376265355,0.09813116528261415,116,7,0,0,1.9470680322104352,0.11273804111879747,4.579678508324352,0.4324951495669974,1.689374925644417,0.21727561801730255,2.155485532146405
40.0,45.0,-150.0,-140.0,55,5,0.09090909090909091,measured,161,0.020125,0.5757399629056453,0.16110859483837608,0.2552764881749331,0.12005290116233268,0.104951171875,0.10930915832519532,0.12052776277065277,0.11579581410688976,0.1074489583497173,0.06687607950044779,0.288986964225769,0.11525670528411865,0.1573745608329773,0.08380909014725607,0.11963489317646245,0.09376856175359284,0.10202160629034619,0.09453758227908003,0.06533887620036734,0.23355034966733382,0.08002639616368157,0.10910430428945869,155,6,0,0,1.9592319682518147,0.08769717094820668,4.616004585479358,0.32407367755689714,1.6674117701394218,0.1405508773466697,1.501747583666815
40.0,45.0,-140.0,-130.0,57,12,0.21052631578947367,measured,118,0.01475,0.6282814297411177,0.12025817552449086,0.258053027282832,0.18163066557019397,0.09753879970974393,0.15694156222873265,0.08305650220976936,0.16088144320401865,0.10777984746813822,0.049071613396859705,0.3102340592278375,0.1269744873046875,0.11069890393151177,0.10024515480295638,0.12677105968303048,0.06235833549730484,0.11338671397361781,0.09954186478483226,0.04869440412503038,0.2298885185389442,0.08004923448175785,0.09200649826961148,102,16,0,0,1.9545684355800435,0.13360183581239576,4.684766486539679,0.5847564617198335,1.7305832050614438,0.26907548309399393,1.9326632907157406
40.0,45.0,-130.0,-120.0,121,7,0.05785123966942149,measured,95,0.011875,0.6081467949246105,0.09447375507294163,0.25228278127155807,0.16183212072798184,0.16013710958915844,0.1979759785166958,0.17991988256312252,0.23865199829065709,0.09558745493360382,0.05169001621748885,0.3508499358829699,0.1114971679553651,0.18465454327432732,0.1231462655435193,0.14637891084200444,0.09459549190922005,0.16417261035780775,0.09157393937860105,0.043819072778754256,0.20642285554837014,0.08826389727444242,0.09289074924271322,82,13,0,0,2.001856232944288,0.18327647870642452,4.750732597551848,0.6463166037476524,1.780329522333647,0.31555574656353585,1.945509555812959
40.0,45.0,-120.0,-110.0,53,10,0.18867924528301888,measured,66,0.00825,0.6585905586564264,0.12325042519433056,0.2822516948887796,0.22547337137319357,0.10407294783481331,0.2079725930857104,0.13849290798223296,0.18691849670222577,0.1560965896997997,0.04994622471246368,0.47088660195816395,0.1602140276931053,0.14341436153234438,0.12837158704971882,0.19771293745688379,0.09387584977638579,0.1655141944145974,0.1515052133336496,0.05523851848028918,0.45501959811640735,0.18313198048410229,0.13878820396176378,63,3,0,0,1.959077658075275,0.14890896768691625,4.69079047983343,0.5627450942695019,1.734316596479127,0.22742345276172213,2.0710153563756766
40.0,45.0,-110.0,-100.0,69,13,0.18840579710144928,measured,120,0.015,0.6549286900886467,0.14206763547284,0.35062314849346876,0.22799658721450441,0.10176746334348406,0.12599052701677596,0.14380982568088388,0.13299760126695132,0.09977141072970415,0.06509776938972729,0.27545076608657837,0.16925216785499028,0.15407384080546244,0.10092770216799715,0.11013481136052442,0.09266386898822572,0.11483047714358448,0.08784971490494994,0.062328339175222576,0.23162945539426966,0.11090015292016404,0.1590698901701984,113,7,0,0,1.962875618537267,0.1507327376134908,4.586131771405538,0.5147836730821651,1.7019477635622025,0.20993339572928166,1.7127249515249958
40.0,45.0,-100.0,-90.0,51,16,0.3137254901960784,measured,163,0.020375,0.5594624519348145,0.09454214388459407,0.3552950610595247,0.21460838220347803,0.11011931278875896,0.14742071969168527,0.10290471272143935,0.15256307943870104,0.10250461720955337,0.04837642307075285,0.2135446275983538,0.14330814225333077,0.09401117733546666,0.0971632396617502,0.16173000293802597,0.08843468665516235,0.16406244217298616,0.09358015786758793,0.0573027052071838,0.24233596683048264,0.1220883765950971,0.09426583858012733,159,4,0,0,1.95619826082803,0.08287409417359817,4.565699567092708,0.373687995414272,1.6813010774507113,0.14045973610235868,1.6428553648601405
40.0,45.0,-90.0,-80.0,50,16,0.32,measured,156,0.0195,0.5927675088100574,0.13532684053917599,0.3613034387429555,0.20323215620009263,0.08269038270501529,0.12902921788832722,0.18586822401951342,0.12936521064645318,0.0817397877598306,0.06096712050988242,0.30676869785084443,0.18539094223695643,0.10323929786682129,0.06714793268658016,0.09082643521967099,0.09608229222121531,0.0929821946211558,0.06466904602961183,0.0600226045536613,0.27997536265203177,0.12432290108763551,0.11375938382204635,150,6,0,0,1.9711821461335206,0.1878482450632549,4.572890057013585,0.6714790346158823,1.7018146232152596,0.26296218562339285,1.671623580889129
40.0,45.0,-80.0,-70.0,71,11,0.15492957746478872,measured,93,0.011625,0.6269241094589233,0.0824620861511726,0.3885351206346225,0.22718232560400087,0.11725584665934245,0.13658097585042317,0.13425290137529372,0.1486285515051276,0.10622293212659083,0.03962496177603801,0.3378772656122843,0.17289830247561136,0.10164942741394042,0.08059793646793152,0.133717300121556,0.08690254819124478,0.12850779243603613,0.08301584129474376,0.03842278581980119,0.242239863880477,0.14248157024045008,0.07397147819362285,89,4,0,0,1.997736398891736,0.2643821642174848,4.636420849830873,0.8698866353606661,1.7115492000374743,0.39892997631848875,1.6955935346029307
40.0,45.0,-70.0,-60.0,58,8,0.13793103448275862,measured,116,0.0145,0.6190503995120525,0.16232619870078666,0.20688016160294928,0.13152979172478213,0.09864839553833007,0.17292030334472655,0.15125111103057862,0.14190598397111628,0.1313118603239238,0.05004399176443918,0.3502026844024658,0.1387123131752014,0.08868688821792603,0.06396187410731162,0.13444615219124198,0.09810533512419008,0.1328236407372471,0.08232614373473099,0.04825534511429095,0.2934555333503617,0.12814918714170423,0.06197902588787674,108,8,0,0,1.9647027212997963,0.13973562453899388,4.533811236249989,0.5411114542550128,1.651864013795195,0.19353731979914784,1.5108493108620762
40.0,45.0,-60.0,-50.0,99,3,0.030303030303030304,measured,93,0.011625,0.6262480722119411,0.15896656921998867,0.2222231318873744,0.11161184483044982,0.09367406368255615,0.1654918591181437,0.09822830930352211,0.1607143373333986,0.11391695647664142,0.07282283638799969,0.34503163894017536,0.20599020520846048,0.169681495676438,0.06994540521841731,0.15377135332136505,0.08583121777545663,0.1304286553898978,0.09424738251221944,0.07915374360443353,0.281191629943307,0.13183704436603055,0.09828840147008568,81,12,0,0,2.073894641732657,0.22510334513600108,4.94247301163212,1.2336743100739875,1.7723277666235482,0.3336048145353161,1.6392406762739418
40.0,45.0,-50.0,-40.0,44,5,0.11363636363636363,measured,79,0.009875,0.5072157360040225,0.12639010324598246,0.25632560375747804,0.1728678389297482,0.08910511701534955,0.15177477323091948,0.13900646414512244,0.1192943691513084,0.13163476526893927,0.06824404531685073,0.2775358236753024,0.1113734306433262,0.11389666642898168,0.07939778822704711,0.17169060910805312,0.10844331583051567,0.12092840908299345,0.14343792956152246,0.06114603748405302,0.22956855700405498,0.08853292611995477,0.10535343442836687,76,3,0,0,1.9707488289362267,0.1439259616985394,4.615854450418979,0.3994961065001217,1.6779436899136893,0.18961005864302022,1.774490398514526
40.0,45.0,-40.0,-30.0,45,6,0.13333333333333333,measured,138,0.01725,0.38794528272671575,0.1376340283764375,0.2387024626351785,0.15596343243024532,0.12165240752391326,0.14941161718124,0.11190717189739911,0.14441204673898037,0.13435316733067956,0.07493900870665526,0.3224795720516107,0.1550389650540474,0.14268730542598626,0.1520913005586304,0.14236006200861281,0.10002531932989149,0.1646306213822745,0.12046757345422275,0.07999166344465,0.24299877670321723,0.07954962405355166,0.09453067604568015,126,12,0,0,1.990824850573056,0.1747964067250939,4.680077789486319,0.5175209314046956,1.6760430370551953,0.18560959679459688,1.9755888019715635
40.0,45.0,-30.0,-20.0,51,12,0.23529411764705882,measured,119,0.014875,0.5010532832298523,0.20692073744151887,0.19980817720168778,0.10129757448725349,0.23546385153745994,0.1898058866843199,0.10476279105895604,0.26860433266648487,0.1246287925546751,0.14720738516162868,0.5702778544181433,0.22567124244494316,0.20805763281308687,0.33168052914913443,0.17609321410569054,0.07589409625635198,0.36206324368529375,0.11713188115469642,0.19569228568063263,0.5086380140609129,0.14430102418892007,0.1853251687050101,104,15,0,0,2.0098288790518497,0.2164398181093401,4.749488948773937,0.6236138528522152,1.7048259953490825,0.22006166083249473,2.0794234582605595
40.0,45.0,-20.0,-10.0,37,9,0.24324324324324326,measured,224,0.028,0.41955715763781753,0.16719884977697727,0.23387624792355513,0.1075706987258305,0.11232008252825056,0.20810910633632115,0.12313969220433917,0.13465935000855014,0.1891926624673237,0.05771568256303995,0.31748558793749126,0.1435920468398503,0.12021020480564662,0.12429748409906122,0.21472931223922695,0.07334902282130662,0.16100109852182104,0.19399841588505307,0.044898923247294734,0.3109659284031534,0.12118731762677508,0.081755432757137,217,7,0,0,1.9630879956696714,0.12269660958281822,4.566903578383582,0.3977249674673334,1.6395608798733778,0.14164065517567492,1.620545324711162
40.0,45.0,-10.0,0.0,178,32,0.1797752808988764,measured,525,0.065625,0.4789638090623568,0.2105557975351415,0.23601448453608012,0.09089069317053229,0.18709940453098245,0.12350688895134077,0.10659314385832172,0.1854965398542944,0.12474058870186876,0.05592159667109739,0.37145383553962186,0.14056667399733033,0.138104111364443,0.1403384674397123,0.09152210042821715,0.08525968710681153,0.14054589496220987,0.09278464175753307,0.05155500039057271,0.25455870413989296,0.1297501029871235,0.09029098429892794,525,0,0,0,1.9274204749152775,0.06545115134284556,4.482533678781419,0.29565670336974853,1.6297735668364026,0.07809071228096102,1.069972178094404
40.0,45.0,0.0,10.0,323,20,0.06191950464396285,measured,720,0.09,0.506435491267604,0.22433372080900982,0.2770312605529196,0.11284702443650908,0.33592663503716097,0.110935112824141,0.134663986294183,0.33192717786811615,0.11994930703444077,0.0571740093579381,0.7373701156956134,0.0972166639743465,0.28665370044141714,0.22483633652696847,0.08644680374279849,0.12201936258859296,0.22408622133021228,0.09164938204549761,0.05354096587919241,0.4410277665230831,0.07544081045323713,0.2752817386628596,673,47,0,0,1.995528691344791,0.21197038984581434,4.707134957114856,1.3382955376655477,1.7645514832602607,0.3542283671520658,1.0825585641760647
40.0,45.0,10.0,20.0,201,21,0.1044776119402985,measured,434,0.05425,0.5104139073027505,0.15593718467741977,0.23045260929566924,0.09610414233398196,0.15849855211046007,0.1056707567638821,0.11775172717041439,0.15334469102637827,0.11320976317993858,0.05438703879169109,0.31344649526808,0.12697789006763036,0.15902766187985737,0.1224293371720573,0.09080156182563742,0.10075778764858846,0.12167791886603735,0.09157185922391733,0.04898985573809854,0.2601182570113742,0.10967580891586377,0.10719617556230839,410,24,0,0,1.9653524099956459,0.12341649026914882,4.637688664247364,0.6310121128332052,1.6798664117189046,0.15044904019479266,1.3077155427365397
40.0,45.0,20.0,30.0,105,7,0.06666666666666667,measured,171,0.021375,0.6181085955123512,0.12115236966869244,0.26180801680039245,0.15141507706388502,0.1438433588767538,0.10008361388225945,0.11068401774581597,0.14292559300055568,0.1070474525356539,0.04829679299135039,0.230008670261928,0.17058329801170194,0.20951838396033462,0.11637248734785792,0.09245934848541042,0.08441275095467507,0.11504013439547178,0.08762313532333757,0.0376704848809115,0.19047386873550037,0.14400051173278058,0.14163361890256562,153,17,1,0,2.027137775867306,0.20950881338790073,4.831833292866311,0.9193983845749549,1.7670216372138576,0.3207875676938869,1.973473823913391
40.0,45.0,30.0,40.0,110,13,0.11818181818181818,measured,191,0.023875,0.6242526444731299,0.16309301587353447,0.24517263526691815,0.14802268090160092,0.15014418375860786,0.1626193056401518,0.1389240518058698,0.16869474560447958,0.14907283120480758,0.04906865767968554,0.38774071280489264,0.22879937629109806,0.2201264592790112,0.1751298385332523,0.1686773888301253,0.1539840520283664,0.1842077345567338,0.15328966260695723,0.05991670673886098,0.4394146032342994,0.19022359867724367,0.21147650788013694,164,21,6,0,2.049889856608126,0.2743540521158441,5.184356326208064,2.320460009803825,1.7884534497535665,0.4540241752948128,2.156314869653794
40.0,45.0,40.0,50.0,101,10,0.09900990099009901,measured,108,0.0135,0.6266314408608845,0.17917414413714206,0.24542559131428046,0.1300281679292029,0.10712185534802111,0.14848499507694454,0.13801925981437768,0.14315424378204786,0.11405525165515248,0.0572808790935137,0.2725321434356354,0.16376239650852079,0.12590178683563902,0.08012281011729686,0.12780790356687927,0.0988790009994982,0.11058347153452872,0.10269843451532097,0.05828259062022072,0.23863072272816976,0.13244801092927588,0.12338019132771488,106,2,0,0,1.9421837892797258,0.09810207896439359,4.489146857349961,0.32270065283740573,1.6074698059647172,0.1232213198659275,1.7380870455437636
40.0,45.0,50.0,60.0,109,11,0.10091743119266056,measured,152,0.019,0.6038740249920864,0.13623802280821992,0.319003383727058,0.148170102241417,0.11772025361353038,0.15491976056780135,0.109854700613995,0.16764748044855746,0.11082997095819992,0.06279025579109955,0.31970844220141975,0.12228123752438293,0.15190993279826884,0.0886946151638095,0.13502495730756345,0.07949857839359355,0.12159278232175526,0.09371712385734948,0.06046310826539079,0.31092061786288416,0.08849969714603775,0.08434080657998548,139,13,0,0,1.9823790788650513,0.30181283440896317,4.751424778448908,1.630185109975776,1.6940968773866956,0.4891196310533655,1.670198581887197
40.0,45.0,60.0,70.0,160,11,0.06875,measured,116,0.0145,0.5623766379868425,0.13576358219228696,0.2759627254101737,0.17377862433492192,0.11072896150934616,0.10311221436366139,0.10723564528778895,0.11735297741191328,0.09194875636179779,0.052996990324454665,0.19106384411754224,0.20867756629150186,0.2027073610549005,0.07602470281748058,0.0984163481849694,0.07929548743875595,0.09729604541672855,0.081644039211757,0.04413971749628485,0.17182134127844392,0.10722184761310619,0.15767284082218888,112,4,0,0,1.9653469796838432,0.16088937091519642,4.593065013145578,0.687765389083715,1.6554292594564373,0.24860837580807918,1.5309003009694229
40.0,45.0,70.0,80.0,86,1,0.011627906976744186,measured,98,0.01225,0.6189507452880635,0.12441151123433593,0.2491296146597181,0.14866968561394972,0.06798574223237878,0.1525732152602252,0.11763067876591402,0.15508935640409124,0.06655481455517989,0.048751609886300847,0.2826939021839815,0.10141782339881449,0.13854258761686436,0.05336940209825958,0.11884025982111072,0.10531851563670995,0.11473047276560772,0.056803295723714786,0.036046546249756645,0.2290364358307896,0.06907695267888626,0.14230050963645946,96,2,0,0,1.9428235633032662,0.0808948195181924,4.491966904426108,0.3083638985896087,1.6287560061532624,0.09751450514562206,1.7628836228854554
40.0,45.0,80.0,90.0,77,3,0.03896103896103896,measured,126,0.01575,0.5648131044329824,0.12203096672188171,0.24425192951919542,0.14176539098114918,0.09696984250803252,0.204684541032121,0.10569367134893262,0.20637577190066797,0.09637038196109304,0.04436040735452422,0.4357424523379352,0.21201020962483175,0.1650883297662477,0.08959796268565366,0.1575428028275558,0.08706479513268052,0.1560207073734967,0.08902679628906558,0.05880162688853968,0.28986338103137455,0.12786864549587992,0.14687343344312473,126,0,0,0,1.9423821861781772,0.07545705965607813,4.497867614503891,0.3078222937321394,1.626306016293783,0.09633854324084948,1.6353131814079447
40.0,45.0,90.0,100.0,59,14,0.23728813559322035,measured,134,0.01675,0.48779139551851486,0.15448827450014843,0.2419376109184614,0.1325342339604758,0.12342519644233915,0.24990293714735243,0.12028396262062921,0.24583355757457157,0.12459894928697914,0.05234838612647737,0.5277472019195557,0.20016695128546821,0.20225020779503716,0.11842974168213127,0.17196464965429872,0.08029865351583049,0.17747215803397257,0.11758953391735569,0.04515283261413831,0.3353107015965044,0.14214813822903663,0.17140916028335576,131,3,0,0,1.964312134394005,0.1027359047353321,4.524794824087798,0.3609434668290179,1.6440852693657377,0.14137394141457849,1.622576348341621
40.0,45.0,100.0,110.0,50,6,0.12,measured,104,0.013,0.5620534335347739,0.1431611146156389,0.26254036320516694,0.15622248875997619,0.10189236294139516,0.2084948799826882,0.14997668022459204,0.21242645452996645,0.10864101038983197,0.05233347284968486,0.47270941734313965,0.15347276763482529,0.21031597256660461,0.08625853276898751,0.20065212926758672,0.08122234663349474,0.188726097415158,0.09491350004925647,0.0337916342219891,0.3081378036286215,0.13414915861206342,0.15977794399038345,100,4,0,0,1.975465599160928,0.14741027544772678,4.723701940133021,1.3178182363139093,1.683614623088103,0.22826163199471214,1.870633812130574
40.0,45.0,110.0,120.0,94,5,0.05319148936170213,measured,107,0.013375,0.6657820447777094,0.13197060080129472,0.2021748732044318,0.12112841267235915,0.12027767267120018,0.13171631030822067,0.12780563550048998,0.13307634203717483,0.12146380637869493,0.04624897953710967,0.3148144925578257,0.13513067733036,0.13145458698272705,0.09109524135378036,0.12197210491976748,0.09259831322177574,0.11017035083892969,0.10193707395400861,0.04499568909667516,0.26016051412581725,0.1473395072641487,0.09673697434449992,96,11,0,0,1.9874794004119445,0.13010363499951066,4.613446072997334,0.508521731864246,1.686229496358711,0.17299531802618184,1.8649685425693752
40.0,45.0,120.0,130.0,83,6,0.07228915662650602,measured,95,0.011875,0.6344802348644702,0.15296568820695,0.2335821645040261,0.12854976972527368,0.10787267808790331,0.1184497189212155,0.11402243995047234,0.11783506001313353,0.10228096628316824,0.06723864949307781,0.2505157651839318,0.1978119294364731,0.12230754053437864,0.09773476028250072,0.1262965464268605,0.09340171014138188,0.12532747014923645,0.10543376779322763,0.047481743514690596,0.19404511635636296,0.1395936894014934,0.10272420703876628,90,5,0,0,1.9812904533587004,0.13280031637971318,4.609606647491455,0.4934204949262743,1.674441801874261,0.15032291872699596,1.8029160143850265
40.0,45.0,130.0,140.0,125,8,0.064,measured,134,0.01675,0.5844336590196333,0.1661279292719624,0.2132473496803597,0.14771890479282615,0.11332559178018162,0.09507097749628572,0.12113865471293783,0.10975648485349791,0.11132333316045118,0.0672442697162352,0.24851539196112218,0.1470360322895213,0.11271163439139342,0.11282443430376816,0.0812158364119242,0.10918469659705744,0.09402534499089953,0.08903038582683308,0.09663018165779949,0.24486368915631618,0.13819221657545047,0.11500608634348541,132,2,0,0,1.9742248342997992,0.13675558967383708,4.675869502238373,0.5294422884263893,1.7306312731842497,0.18682644869806336,1.7822300879712905
40.0,45.0,140.0,150.0,163,7,0.04294478527607362,measured,94,0.01175,0.616478707211522,0.15875985939644988,0.27544830628532047,0.1604202501488014,0.15338960060706505,0.10614285102257362,0.1237275745624151,0.15081334338345587,0.13162149703644332,0.05018175358328277,0.2960921449538989,0.1446646505441421,0.12331133469557151,0.2966190098221405,0.10723673767258309,0.10680132052471812,0.24301170360641577,0.187493088346791,0.0678125550173442,0.6028790411343464,0.13252790484990734,0.1169766344941472,76,14,4,0,2.1054572424990066,0.38159976044688054,5.763529744554074,4.016034542167627,1.8990600781237825,0.6847153262282235,1.9704569755469035
40.0,45.0,150.0,160.0,216,7,0.032407407407407406,measured,141,0.017625,0.6719331508190438,0.1349772417627873,0.2615191399099979,0.16990231095409336,0.11098042173248729,0.08347096967925295,0.11637528746892391,0.10914053911286879,0.08528144640458486,0.040507475344769894,0.23215523062710558,0.13535665724266088,0.11017829778662139,0.13394232472586462,0.07560990035209889,0.09159484022094912,0.12913482209442062,0.0841491266459457,0.041414990108326985,0.24313732297077048,0.11143707782176401,0.0957911603293174,134,7,0,0,2.0024873153537723,0.11885575991836811,4.788295377230813,0.5094053370729555,1.7563063109174688,0.18707279849358857,1.869814632467311
40.0,45.0,160.0,170.0,386,11,0.02849740932642487,measured,96,0.012,0.668143658121427,0.10331454930382328,0.34810591985781986,0.18279175159922317,0.11725972493489584,0.06861527633666992,0.11335464445749918,0.11581746735755778,0.07193773847379806,0.03492511913048371,0.2591789608001709,0.17067380205790203,0.14149529902140298,0.10549411682418265,0.06345670689526925,0.09193950760536386,0.10606455108008755,0.06144305180740449,0.03774819617426994,0.24547277005457438,0.12395942877437145,0.13215331452673054,78,18,0,0,2.021766781806946,0.20702314958082443,4.853684047857921,1.0703525859750354,1.7289825566112995,0.22394665364793065,1.9090004178053708
40.0,45.0,170.0,180.0,606,11,0.018151815181518153,measured,363,0.045375,0.6716074836855175,0.10741486844155905,0.4414524533901333,0.16798948882407233,0.1571222128988314,0.0840629888776721,0.10460573585093522,0.15769126970461977,0.08199867291031135,0.04697240567762517,0.3080203216616847,0.11671664614637359,0.14419512468225815,0.13628954872225763,0.08576289843724956,0.08228882799649999,0.13652476767072588,0.0863409557330408,0.0421487460762997,0.2576845200058325,0.11014750782262586,0.13043586237507807,352,11,0,0,1.949518425405518,0.17145601412234002,4.576349722124,1.1555609073151123,1.6341678721845643,0.2735272201885391,0.7070078614939231
45.0,50.0,-180.0,-170.0,1146,112,0.09773123909249563,measured,388,0.0485,0.6839032671495379,0.09756261673746684,0.42202393522428483,0.22052837922481439,0.18574032516036781,0.07553067854902845,0.12011839273589262,0.18599806396353066,0.07514636906215581,0.06133685732794282,0.36933796410403813,0.10000184875853518,0.19113116107549613,0.16194277214384026,0.06547277769272765,0.10585446578058362,0.16194716254483907,0.06517175633245591,0.05090518568010056,0.33795225655928074,0.08638901360201413,0.15682785403104926,384,4,0,0,2.007831754758186,0.09139433677694697,4.488540178721713,0.2717340419554759,1.6943776733482008,0.10639458069463753,1.1191162456639179
45.0,50.0,-170.0,-160.0,195,19,0.09743589743589744,measured,207,0.025875,0.622401037930765,0.1595330288449744,0.24127111817903565,0.16232894408399548,0.1172998384995894,0.1262590532953089,0.10920944809913635,0.12311566508326101,0.119629296397172,0.07027203378748982,0.25864705172452057,0.09108806469223717,0.1519768021323464,0.10301324068609241,0.1396019228385091,0.07884800699219366,0.11124701040844555,0.1340018372923459,0.07501503388358817,0.3155181801697055,0.06507557106283302,0.10007612271182328,199,8,0,0,1.9606451032242338,0.12796773828357705,4.5436726008060475,0.4892415808351426,1.6631284508728175,0.22956286688653119,1.6167405877317635
45.0,50.0,-160.0,-150.0,67,6,0.08955223880597014,measured,128,0.016,0.6180458271601161,0.15081807260392338,0.2199282866786234,0.1337149833546133,0.13101565251584912,0.1635582407966989,0.12669936579759003,0.16075884006585672,0.14152973257261217,0.07014146843824409,0.3228942331720571,0.177443160385382,0.16769505524244466,0.13254721233815997,0.14048202423938658,0.08896534036197147,0.15313526746486839,0.10906824453866469,0.06931904766465119,0.3104720272676554,0.10566014843532918,0.10778231236727129,125,3,0,0,1.9195560468360782,0.08520800544359362,4.492426246404648,0.32883066388494575,1.626213070936501,0.12906351630854315,1.9301183531805741
45.0,50.0,-150.0,-140.0,53,11,0.20754716981132076,measured,119,0.014875,0.563107389779318,0.15918174294906035,0.20568945396597646,0.1306557977340201,0.12237612406412761,0.1395805903843471,0.09768334102062952,0.14050155445773244,0.12351252785332428,0.08131765876077347,0.30147615500858854,0.1645428737004598,0.14567554280871436,0.1065176048324355,0.0917282322842976,0.08675667565670238,0.10999489672881295,0.08440270755196769,0.0767586584876014,0.2348445384877433,0.1301400001057601,0.10634471240548989,114,5,0,0,1.9606251406068562,0.12306760774701732,4.576306363113788,0.45277403748085016,1.664946910713901,0.13828869393112322,2.0394211646193474
45.0,50.0,-140.0,-130.0,32,7,0.21875,measured,83,0.010375,0.5911014741659164,0.17505406195996848,0.2676880235772535,0.16084788237693315,0.08350006103515625,0.24895851135253907,0.10092603981494903,0.20754258289388525,0.1677419973304543,0.0539759333933695,0.3883957767486572,0.11144954681396485,0.13422385215759278,0.05801301990581491,0.2189369439253577,0.08728290171212709,0.16662803678923732,0.14586052390830104,0.041353359099084254,0.21766999579464494,0.06793521655624925,0.09246241629351235,77,6,0,0,1.9321739874690411,0.10926697471357488,4.5476668771491,0.38486539626603716,1.6978968942021748,0.21856399058666315,2.071693744655637
45.0,50.0,-130.0,-120.0,20,2,0.1,measured,49,0.006125,0.6663939671383964,0.13780696125731454,0.2518658534604676,0.17119456117711274,0.07888645595974392,0.13725577460394967,0.1422953489753935,0.12208273500771871,0.11712934458707408,0.048509818450030356,0.3802588913175795,0.08272658454047309,0.08954626321792603,0.0646125754210154,0.14809527708838954,0.09459259104403882,0.10629820562921949,0.1060491891722322,0.03738615535655042,0.19477300323637148,0.06466544247853542,0.06271016930657,47,2,0,0,1.9488061569174941,0.10008442979348832,4.607932951985573,0.5006033909794778,1.6776665862725706,0.16431868771891883,1.5969052260609395
45.0,50.0,-120.0,-110.0,112,25,0.22321428571428573,measured,146,0.01825,0.6598248885965895,0.09469632275445146,0.41747164823216937,0.23006841089062757,0.26895326855538904,0.14070041700341235,0.0668042177098921,0.08707552242904436,0.2813214468635914,0.04285830018231568,0.528319761670869,0.1836787804789927,0.14529267809856897,0.13188127847525627,0.08465115807873498,0.07519246790307625,0.09377884906193974,0.14550801553455023,0.03828097450013596,0.27048551246685026,0.13768927454170274,0.1248962680273358,143,3,0,0,1.9594732106548467,0.0901258626458627,4.540967905358093,0.3776706331628347,1.6788730988763783,0.12207421658215777,1.7443584898644018
45.0,50.0,-110.0,-100.0,76,14,0.18421052631578946,measured,155,0.019375,0.6063664060446524,0.15419429455969838,0.3058327068244257,0.19832035878575374,0.1347155724802325,0.11076558020807081,0.09797689588289828,0.1311491112464158,0.12148172247961488,0.04630830853724561,0.3187232517427014,0.14680467690190963,0.13374744307610295,0.1318257571246098,0.10484777854898482,0.07599929297012631,0.11978023820345961,0.11172816294124098,0.0392187604542778,0.3055693574881873,0.12388526931335152,0.11048620621921208,147,8,0,0,1.994650815379235,0.14892240547153526,4.73631079581476,0.6493814178737102,1.7394078077808504,0.25789760270144624,1.6912991329899767
45.0,50.0,-100.0,-90.0,91,12,0.13186813186813187,measured,125,0.015625,0.5271584650006476,0.1502418597800735,0.2642829686999321,0.1702909300171766,0.10453655669772172,0.14803198319447192,0.10433387907245491,0.149170293919515,0.10545765226515934,0.06610661704527622,0.28726375857486003,0.08747646627546865,0.08086167106145545,0.08379029711840574,0.14246344962909893,0.0848858857390972,0.14104527640645068,0.08301292128477403,0.05654880185870503,0.23871046661355697,0.058864950074019595,0.06923254855525313,117,8,0,0,1.9952752180099487,0.22414821293950526,4.805741134643554,0.9641154101204621,1.7584369831085205,0.42704792063534036,1.8392572202007562
45.0,50.0,-90.0,-80.0,78,11,0.14102564102564102,measured,156,0.0195,0.5444453750083695,0.13213924244924438,0.26844149722884864,0.15823289845196775,0.12736655404763436,0.1541492405222423,0.11886711763357048,0.15371575895558456,0.1278654492212496,0.07589729533196463,0.31957071574766244,0.09461780982231026,0.10835003141146987,0.08469169442604044,0.14021052589047384,0.09054404346799493,0.13731799596437338,0.08933959059272162,0.06765252740188274,0.23724505757491332,0.07577649950291918,0.11844714982006588,146,10,0,0,2.0057749358507304,0.20000668936625188,4.7174084186553955,0.7293278889333624,1.7596019147298274,0.34358571012197475,1.7391202015297735
45.0,50.0,-80.0,-70.0,58,15,0.25862068965517243,measured,162,0.02025,0.5524435868096906,0.14604661603518077,0.3026298002604349,0.18678189272716667,0.15159141185671784,0.12807420242664425,0.12550294399261475,0.105646252921814,0.1620916055967079,0.0847132079533065,0.3503823391226835,0.11503567252048226,0.10062799065612084,0.1543094898320403,0.12966630171550012,0.09281778191483143,0.12077437828015486,0.1672915303248709,0.09846717603944781,0.3300654309689324,0.09661850350041486,0.06905886755000198,158,4,0,0,1.9520252067365764,0.1108896751868159,4.5414646186946355,0.4820561327219528,1.6903578521292886,0.17732112089171193,1.7033428218782287
45.0,50.0,-70.0,-60.0,53,8,0.1509433962264151,measured,156,0.0195,0.5531217432684369,0.14072686893770603,0.3009286743039504,0.1811443132227012,0.11673973931206597,0.1643434312608507,0.16999905127514567,0.15546152916470946,0.11546328480411264,0.07467242022999064,0.30954117245144314,0.11842524475521511,0.11529803540971544,0.07194952005065039,0.14968518307974657,0.11205434727179134,0.14860515888173306,0.09292882850937426,0.10075808718518404,0.2933630845618479,0.09120988999935646,0.08346379189511158,148,8,0,0,1.961106708416572,0.11358320903204983,4.537086318700742,0.4104358736654539,1.670353590677946,0.1244095356882727,1.811540181800385
45.0,50.0,-60.0,-50.0,55,6,0.10909090909090909,measured,97,0.012125,0.5951466700252221,0.14047036953974038,0.22571004427892646,0.14164585029035193,0.11001372823909837,0.17459939450633769,0.15698895475123914,0.16165783774199852,0.14250315474343866,0.03922292213066816,0.3360265809662488,0.18077391750958502,0.12476045501475432,0.09044696315604948,0.12410218370175682,0.10690190279708263,0.10635798327893146,0.09174719551207049,0.032706704594365255,0.25941707129915875,0.16896352151686228,0.08324946413188442,95,2,0,0,1.993097044757961,0.15955891256877147,4.651629831373077,0.5618101424035844,1.7021713871316813,0.19709429968339912,1.7821662911317737
45.0,50.0,-50.0,-40.0,24,5,0.20833333333333334,measured,91,0.011375,0.49441298999284444,0.18965331058414767,0.20982550600400338,0.12709049736343195,0.04192392449629934,0.16640964307283101,0.13326667170775564,0.12803634296388947,0.11227048096475034,0.03248810595928325,0.26930319635491623,0.06146607900920667,0.16464141168092428,0.04022006883450809,0.11430899657115177,0.10028092540868161,0.08827223107488068,0.08569733130263948,0.0340437798953099,0.1969067955102171,0.057457972712652725,0.07901548481461054,81,10,0,0,2.0479863790365367,0.23557348948614934,4.899440943539798,1.1861258535066563,1.7671542744060138,0.35052382817211925,2.0214182046020683
45.0,50.0,-40.0,-30.0,12,3,0.25,measured,169,0.021125,0.42726867232057786,0.127158533206877,0.17967914388729975,0.08779269697497243,0.1680840386284722,0.20303853352864584,0.06693304909600152,0.21149175997425362,0.13828969074523012,0.07948251874387838,0.5442512300279405,0.09060821268293592,0.12413374582926433,0.1236454196083053,0.1371016393453674,0.06753172160849497,0.1874385909766491,0.06764547989105857,0.13688040858622122,0.4333818523372423,0.08554156466533731,0.09448843934554682,164,5,0,0,1.9147100526200245,0.10005930392888233,4.41207727172671,0.3431618096895137,1.5854365924406333,0.114937055497362,1.7972066554288766
45.0,50.0,-30.0,-20.0,38,5,0.13157894736842105,measured,139,0.017375,0.4286252355033701,0.20253753438019492,0.1804293484674941,0.09478642847265988,0.15143955115116003,0.13975045175263376,0.0937048973459186,0.14662176971155064,0.1530919125575435,0.12625520406917468,0.33362314195343945,0.12818871844898572,0.1278456702376857,0.1502607464433923,0.12304817934652235,0.09753426027558525,0.1388751200421869,0.12634040038540334,0.17230530271139485,0.40313247013944287,0.09832281798531578,0.15780709945327231,137,2,0,0,1.953489745263573,0.09108067454962802,4.566243391242816,0.2900599345210961,1.6561518821784917,0.10673950231176652,2.0638969273745613
45.0,50.0,-20.0,-10.0,46,14,0.30434782608695654,measured,194,0.02425,0.40655552432872355,0.161548659584506,0.21477856740509113,0.10010194039574924,0.261305570602417,0.14814835786819458,0.17173300310969353,0.26285403489265674,0.12435496557677371,0.05028282270423423,0.39129434525966644,0.23601026833057404,0.2541341781616211,0.3121874816448561,0.11143649744648944,0.1126622791244524,0.32319725013377365,0.10533181005191465,0.058290882586028735,0.39113468541266716,0.18525071725914957,0.22734892300865361,184,10,0,0,1.990544246029608,0.12451603047869818,4.774274281619751,1.2664579171544723,1.6923277851232548,0.1455005454278996,1.6979921397202369
45.0,50.0,-10.0,0.0,149,31,0.2080536912751678,measured,304,0.038,0.39880479133482705,0.19877351709144875,0.23213679331207746,0.0845629984834162,0.2624067532814155,0.1636742769535315,0.10434332540479757,0.2586612573898469,0.16671425302178738,0.05971894950778085,0.480551834833824,0.18121864229945814,0.17243311970920885,0.1477821758193343,0.11308968833664244,0.07186609027521312,0.14742245602078557,0.1176552311953062,0.047227064666282736,0.2881711783492157,0.1495129236071746,0.09080112665762977,303,1,0,0,1.9361724626076848,0.0739458090968362,4.446884036064148,0.29319831796249235,1.6413884876590026,0.09960312887523246,1.0233580454340416
45.0,50.0,0.0,10.0,195,17,0.08717948717948718,measured,761,0.095125,0.4482252539208766,0.17506054389536052,0.2611669972734758,0.08971881773657626,0.2564417378286297,0.11823472234137943,0.11544484167956234,0.25421993626024414,0.12299145889944026,0.06007809218178864,0.6062874753823441,0.08659406860222978,0.19629391927397652,0.1577954037154532,0.08684819123998827,0.08656009731981523,0.15802783637663184,0.0863501024830682,0.045354798869273856,0.39667492155797596,0.07643938961064235,0.21676260060827143,737,24,0,0,1.9663311827355083,0.2015601312324395,4.735477721017545,1.8702766238703885,1.706234854561584,0.3145969565809025,0.9885972190352413
45.0,50.0,10.0,20.0,75,10,0.13333333333333333,measured,314,0.03925,0.5322196895113358,0.20307200676297735,0.22952285226268374,0.11059374829676574,0.16483952448918268,0.10417817189143254,0.12942176048572246,0.17011921367149185,0.10455458131073271,0.05606527164124279,0.32357169664823093,0.12743864793043871,0.20154901284437912,0.13225277707438451,0.09295929357083765,0.09611771294071274,0.1282516778364831,0.08852506671217117,0.04682107966629206,0.2516010843485962,0.10003871707475452,0.16867527523043332,306,8,0,0,1.958927744892752,0.10463261513472331,4.570067887093611,0.38902394036762783,1.6720842233129367,0.14748588530034468,1.4512381148643307
45.0,50.0,20.0,30.0,53,13,0.24528301886792453,measured,210,0.02625,0.5605330064892768,0.14549627506523097,0.22003471226919266,0.135647344363381,0.18482751846313478,0.13349542617797852,0.15135008841753006,0.2003935081849529,0.1360694106053056,0.0546286587785703,0.39750280380249026,0.16061377823352813,0.23430831134319305,0.2063253689460265,0.11089223527670054,0.1316101203712429,0.18337572156126528,0.12062499004681762,0.06010966999710528,0.38868201354245474,0.11864654060026252,0.2073204975096868,204,5,1,0,2.010208632832482,0.17932507866671477,4.746641911779132,1.2331498956635438,1.72972857100623,0.27799672495331346,2.2716295077063515
45.0,50.0,30.0,40.0,56,6,0.10714285714285714,measured,119,0.014875,0.6002192249894143,0.16678194254447853,0.2393730013560848,0.14982334081326293,0.17393913269042968,0.12029182434082031,0.19187519073486328,0.16843368962703553,0.14218989611025065,0.06117686905373965,0.5061837768554688,0.2283124804496765,0.2702113389968872,0.26501685840735334,0.09495042269959071,0.1701832334319083,0.23033196264762787,0.14944489125074553,0.06668832113736957,0.6987195478308523,0.18333348043920467,0.27389157054828017,100,17,2,0,2.117715486959249,0.3324181448635563,5.338248308967142,2.3431006792763514,1.8907353276966,0.5462590408023676,1.9619230021812089
45.0,50.0,40.0,50.0,78,8,0.10256410256410256,measured,132,0.0165,0.592253936614309,0.17645740118711067,0.2860851265828718,0.16524730342240462,0.13930320739746094,0.14988340650285994,0.12986512098993575,0.16001107851400995,0.14826154064589364,0.04818004434546077,0.35794176374162945,0.18735138518469674,0.16243262801851546,0.1263334686308762,0.14526933956771526,0.1076528959012096,0.11561011758458963,0.1341007698748857,0.04689182807227662,0.28553624754355367,0.13862970823877652,0.11183994467494614,117,15,0,0,1.9814932996576482,0.11997213153591396,4.6707140839461125,0.5083695866019909,1.6914180399793568,0.1918302038309049,1.6732333053168975
45.0,50.0,50.0,60.0,112,12,0.10714285714285714,measured,79,0.009875,0.649761016368866,0.14269102944829948,0.2413951911126511,0.14344473340104766,0.10322332382202148,0.09724254608154297,0.11177903592586518,0.12208626409825368,0.08579864040400233,0.036910128017240244,0.18246793746948242,0.17105134725570678,0.08318759799003601,0.11074023042555299,0.13718714341506213,0.07765479985649915,0.13754519219847677,0.10004866730155151,0.048819810945221545,0.2971736979475406,0.08125365350209088,0.08623605035499192,75,4,0,0,1.992619920380508,0.16283334341797243,4.782872263389297,1.4124086671964802,1.7121969310543206,0.18224312183672356,1.7258493749194972
45.0,50.0,60.0,70.0,58,8,0.13793103448275862,measured,152,0.019,0.539676313996315,0.14391150493304286,0.2546213617254245,0.13606637832984184,0.06844261169433594,0.18202873229980468,0.13176040530204772,0.18061167904329434,0.09038712809707551,0.07278930608426229,0.4112073802947998,0.11682259559631347,0.1685174012184143,0.0677415176056651,0.16996732360703107,0.10776180680994492,0.1580861864888966,0.07426305197602742,0.05702422022960098,0.5849542078879819,0.0816031518884427,0.09514715156195167,138,14,0,0,1.9785781181172322,0.10679166643698809,4.69182246609738,0.4476401046299642,1.6670330307985608,0.12562714853229837,1.732382502827964
45.0,50.0,70.0,80.0,54,9,0.16666666666666666,measured,135,0.016875,0.5355845638447337,0.13784099032190553,0.2688692161882365,0.15160311612653654,0.11886511908637153,0.17878858778211806,0.09230472776624891,0.18571906536334562,0.10316664411082098,0.07837969832897479,0.3349493662516276,0.13634152412414552,0.1145079771677653,0.0884419214581134,0.14169012951137577,0.06215326655829796,0.1517151744724036,0.0764193697106936,0.0757048330998842,0.2538437832923442,0.126173310020702,0.09316188529366509,134,1,0,0,1.9566502924318667,0.075371305201587,4.493554878234863,0.3014906177380513,1.626064254619457,0.09153069974994035,1.8127674104005578
45.0,50.0,80.0,90.0,41,3,0.07317073170731707,measured,102,0.01275,0.46091198372213465,0.13046661102232698,0.24933437258005142,0.1303210550316748,0.0930191490210985,0.17677989758943258,0.07550155018505297,0.17975715136481776,0.08998430785363402,0.06662282911054533,0.29425376339962606,0.1751993267159713,0.1684745895235162,0.10280946884761255,0.1703919449549052,0.06270527206908393,0.16697067616474223,0.10591449495220408,0.05324549606531454,0.21099287573543843,0.11327318636755583,0.12536041038736356,101,1,0,0,1.9514182993009979,0.08304943495844269,4.532942711138258,0.3317146371096671,1.645295963567846,0.10438775807971896,1.5901441032909045
45.0,50.0,90.0,100.0,73,18,0.2465753424657534,measured,103,0.012875,0.4463483918796886,0.12266447138156811,0.22259141244355915,0.13205212107564468,0.09123516462065957,0.13551434603604404,0.12324372855099765,0.1333265906948346,0.09273323292073118,0.0675723578663212,0.2523926778273149,0.1328538634560325,0.1632017135620117,0.07029717379947975,0.13053041429263065,0.08794965726660799,0.1279681488924266,0.07691940937983605,0.07358119451175386,0.25773952851636467,0.09714824888046245,0.08538003107579491,99,4,0,0,1.9716357143179883,0.15003272471204762,4.736447149110072,1.138196815110525,1.6992025757298885,0.2180704181348444,1.920402356586554
45.0,50.0,100.0,110.0,59,7,0.11864406779661017,measured,73,0.009125,0.46589068022484964,0.16681418433138653,0.2641857973720929,0.14490795337947876,0.0665599199441763,0.1506671905517578,0.13689115185004014,0.14733915338648,0.06835480067795283,0.05270951993944355,0.2766124468583327,0.19473651739267203,0.15678983468275803,0.06227523009239883,0.12139411358646883,0.08550526615111947,0.1258440218006872,0.05939391912394228,0.04658112584237098,0.2127066693417543,0.10835306206698522,0.12875713627845142,73,0,0,0,1.9330964072109902,0.1028485740925561,4.499142143824329,0.45448723321662116,1.6389367302803144,0.12977440050115366,1.91745297390032
45.0,50.0,110.0,120.0,63,5,0.07936507936507936,measured,99,0.012375,0.6285022188877237,0.1452277190187787,0.24711667723727948,0.13379567440779766,0.1060824229799468,0.12318098134007947,0.15434904242384023,0.13062757755209814,0.10616707358096258,0.04214402060394568,0.2616482767565497,0.19714667673768668,0.2102053638162284,0.11374092198877013,0.09439874838353685,0.12167726976257091,0.10506304203014515,0.09434988781091458,0.03011507667838179,0.2672376135346645,0.1402851397107759,0.17441624062627392,98,1,0,0,1.9466989124664154,0.10828012738314571,4.5331183732158005,0.3779664829387615,1.6292566663087016,0.11837807886275777,1.7885786080077286
45.0,50.0,120.0,130.0,59,3,0.05084745762711865,measured,98,0.01225,0.6421951744705439,0.16421139642275798,0.21475720435989146,0.15141127651855912,0.09163498878479004,0.13594675064086914,0.11285144197089332,0.13403237191515086,0.09645916588897578,0.040634836540241616,0.2740379444190434,0.1156093840088163,0.11456565133162908,0.07496516027855801,0.12371105909402579,0.08361140970629143,0.1147839833864629,0.0857804250974115,0.047617055608465075,0.23096583642426202,0.07985147264501322,0.11140240962112039,91,7,0,0,1.9838043353995498,0.18288215771674676,4.64498342299948,0.5620947106432156,1.6798466030432253,0.24409236656594163,1.7924420961611103
45.0,50.0,130.0,140.0,58,4,0.06896551724137931,measured,99,0.012375,0.6288932636380196,0.15129560587257704,0.22607825402960632,0.14287896946606293,0.11630390308521411,0.10908045592131438,0.10888994623113561,0.1252370942005081,0.10817212634172733,0.05227170784879306,0.2892731648904306,0.16298606660630968,0.16184310559873227,0.13205329402120425,0.0919711255495096,0.08670771926044077,0.11046687624320738,0.10832097998791056,0.03925019787595767,0.29847663737657126,0.10635811075761735,0.12129773754357033,96,3,0,0,1.9684968235516789,0.16083350341193056,4.621401635083285,0.5989997309890154,1.6730078193876479,0.2014729276908793,1.948009118231169
45.0,50.0,140.0,150.0,103,7,0.06796116504854369,measured,87,0.010875,0.5797321122760574,0.16944097518042278,0.29299498948900177,0.18862200014577157,0.11902435620625813,0.1070508360862732,0.13215881772339344,0.12697976968177382,0.10577663596150212,0.04310899573624224,0.27963631351788837,0.15996006379524866,0.1430064601202806,0.12232337893565529,0.10228951613402958,0.11147390299867685,0.10845696502590754,0.10944113091454588,0.04645140525012669,0.26095903214953325,0.14019489126590556,0.11271433690788009,71,16,0,0,2.033454044111844,0.19476845761771525,4.750992887321559,0.7094193450254718,1.7543103050911564,0.3253654058147314,2.102298364964283
45.0,50.0,150.0,160.0,206,20,0.0970873786407767,measured,136,0.017,0.6421397012728517,0.16902362474501553,0.29991332353914485,0.16482528941738334,0.109878416984312,0.09078239625500094,0.10905769659626868,0.10393229107411987,0.09635219222620271,0.04245629097575164,0.20008844457646852,0.1198670421877215,0.10626617746968423,0.09349817336397274,0.0949162836215507,0.09008959510435344,0.08836882867335574,0.1008513924142493,0.049769525420861875,0.17768165884450715,0.09245827320743032,0.0803868986877491,126,8,2,0,2.039408814381151,0.27470274441212283,5.050557227695689,2.625187643578945,1.7584675944903319,0.47624349207427175,1.8562470035095608
45.0,50.0,160.0,170.0,311,16,0.05144694533762058,measured,169,0.021125,0.6497847037800287,0.1281651507645079,0.2630379749296685,0.15879049539910353,0.11619441145557469,0.10011194196798033,0.12666821904101613,0.11998420123099518,0.0973125214812043,0.04162495541773314,0.23341492313449666,0.19377139382443184,0.15682780742645264,0.1118249325485661,0.10529589405415606,0.08622021665037621,0.10955902280460166,0.1060493666284436,0.04106880640879795,0.23472907018506078,0.14258123352164456,0.10772192550874644,147,22,0,0,2.0105296232291225,0.20204531860355787,4.756208294242091,0.7480580170891284,1.6972934409711489,0.2591347832306846,1.9490034146474098
45.0,50.0,170.0,180.0,743,31,0.04172274562584118,measured,387,0.048375,0.6473829709412007,0.10056353296708727,0.37314597012845735,0.18448473343360505,0.1800823211669922,0.09054201069089134,0.11798180179314667,0.17940401373950265,0.0917555444464087,0.05590268587915196,0.35402462556121056,0.13543531533037678,0.17269874841309665,0.17007152969472913,0.07330975353980916,0.08458154467501403,0.16955879203772253,0.0746396626052242,0.046384004709196076,0.29961872426412495,0.10777249590047767,0.14155295015746316,361,26,0,0,1.9848014464366035,0.15787636277261083,4.594158534855806,0.5445041615304335,1.6549830384340705,0.18032907521355696,1.0850230287686289
50.0,55.0,-180.0,-170.0,1007,131,0.1300893743793446,measured,628,0.0785,0.65747499061944,0.107171829062089,0.37025341391563416,0.20104654148529688,0.18305257684019602,0.08815052134057158,0.1696573176068258,0.1831946232458151,0.08804914272220841,0.05949201894710344,0.37361151143296123,0.10421259721664533,0.22059184829938358,0.15356054174284076,0.07830420012654046,0.12204401120806459,0.15339495763367877,0.07841054451113318,0.04843987704769512,0.33346976191665306,0.08442908337811196,0.17817849929773952,587,39,2,0,2.0280605123680866,0.1633291211006863,4.718981114922056,1.2185223946040502,1.7748091308174618,0.2651167765964822,0.7352243684897214
50.0,55.0,-170.0,-160.0,112,25,0.22321428571428573,measured,200,0.025,0.6079932156650499,0.18191452732640787,0.21108739778399468,0.1364517313771815,0.12063493399784483,0.1722011237308897,0.13839305543351446,0.1377804338668226,0.1621998472213175,0.0674547844856679,0.3617268156731266,0.1313523355571703,0.15996149353597355,0.11446387648900358,0.18671707646745417,0.1220485827176379,0.12513414772396772,0.1766931426471785,0.08894574760595761,0.3871996088360925,0.10567203809767972,0.13653736661019555,196,4,0,0,1.958459380865097,0.106495783169978,4.605030941963196,0.7838812468537348,1.6394965493679046,0.13698869736219432,1.4789946070710558
50.0,55.0,-160.0,-150.0,148,13,0.08783783783783784,measured,126,0.01575,0.8106120844682058,0.14318392851130893,0.21127281408934367,0.12772315094183012,0.04695773654513889,0.06604905305085358,0.05583222817491602,0.056144994784869055,0.056907312630540254,0.022540658925346034,0.14275017844306098,0.05938253226103606,0.12349787818060981,0.06379671881389748,0.050563881855066016,0.07197897491871717,0.06637446076115636,0.048968992214179954,0.03235429606839759,0.1716283532584257,0.10149168939055117,0.07842065333407008,118,8,0,0,1.9712270687496851,0.12870915364496865,4.664267188026791,0.46306685405567116,1.687525208980318,0.18397139634815068,1.74160858553057
50.0,55.0,-150.0,-140.0,32,10,0.3125,measured,92,0.0115,0.5412080782380971,0.15094017538415405,0.23855131686381673,0.13650625782199385,0.2222258827903054,0.15920691056685013,0.09846784987232902,0.217008468597629,0.17138110424765765,0.05196030721762797,0.701464674689553,0.19841916452754627,0.16794136437502774,0.19531821590573764,0.11447452099825896,0.037634524018319224,0.1801263310156691,0.13067192244377407,0.05890939636402346,0.47405055180408073,0.1223576910204509,0.13383320664619647,88,4,0,0,1.9223184624443883,0.09437389806850312,4.488125585991403,0.3511815409803334,1.6527911515339562,0.14671464560043723,2.059555489657011
50.0,55.0,-140.0,-130.0,22,5,0.22727272727272727,measured,73,0.009125,0.5990520566701889,0.17681770608865274,0.23639502202811308,0.1710008396213331,0.05369051764993107,0.2184935177073759,0.19195006174199722,0.15644536413286592,0.1654454268055104,0.053940352271584904,0.3727860310498406,0.09406781196594238,0.14000452967251048,0.030447273754529484,0.18000849019286558,0.11366495174827225,0.12804525548988432,0.1253365602019895,0.06085842611727392,0.232418890804257,0.0806141640591741,0.07511410010920816,69,4,0,0,1.9277213958844746,0.09038147467321954,4.568200258359517,0.4265719311640601,1.6733252316305083,0.17130238996620856,1.966363495179223
50.0,55.0,-130.0,-120.0,26,12,0.46153846153846156,measured,96,0.012,0.6628121605941227,0.17554053082407395,0.3193008108840634,0.20326125315129503,0.10189710344587054,0.1755098615373884,0.13092069966452463,0.16294415296403356,0.1207373893280291,0.0447538131761162,0.25267025402614046,0.24509272405079432,0.28430507864270893,0.052535402374670685,0.1418834942713744,0.09991339496941634,0.13241644904577443,0.07358801187726674,0.02921187930362987,0.28844545642529185,0.22100226055960856,0.22798181036222825,94,2,0,0,1.9640791478256385,0.13555072794722473,4.624395442505677,0.5388058629635808,1.6954021515945594,0.1817018812248665,1.6886990123241663
50.0,55.0,-120.0,-110.0,17,5,0.29411764705882354,measured,104,0.013,0.6464175631602606,0.08463453688387129,0.23512398451566696,0.1421203589761436,0.09373966852823894,0.07376702626546223,0.14247777809699377,0.08953554691591085,0.07403658920756966,0.04026661177868215,0.19363139073053995,0.08881582816441853,0.1075262725353241,0.04929021735035876,0.039203708090310894,0.08339610011171822,0.06149160687650853,0.03026396297632968,0.029690648793586502,0.12361759646682585,0.09812380908072946,0.13636901158289397,100,4,0,0,1.9341013809809318,0.08995849579174188,4.5632957976598005,0.35551637869431935,1.6783423217443318,0.1387236423318017,1.9112706644472819
50.0,55.0,-110.0,-100.0,94,13,0.13829787234042554,measured,94,0.01175,0.5396214911231288,0.09889527583663875,0.2899957142294721,0.17021409859319606,0.17794498396508487,0.1664418820981626,0.16074313462516407,0.1958063613328092,0.14460995883127292,0.042634974884679724,0.5006926030288508,0.06372673128858025,0.24617485205332437,0.09585105560313552,0.11093523337169911,0.12996359388757245,0.12105442140263975,0.0833967866615776,0.04105807475908346,0.24685744919782127,0.06357350138704462,0.22191090417012457,84,10,0,0,2.002140322898297,0.1568142117497067,4.804663802715058,0.5752161852924125,1.7379059296973207,0.19130244029354845,1.6153085938958354
50.0,55.0,-100.0,-90.0,18,5,0.2777777777777778,measured,91,0.011375,0.4265487835957454,0.11997209745290877,0.24903323141100642,0.1314465352195471,0.10037855460093571,0.17273066594050482,0.11368468633064857,0.17337725747490554,0.09869754557528118,0.06967166967901296,0.4119124412536621,0.11561062702765831,0.24902751812568077,0.09259859179330358,0.12199375194936284,0.06222849354795883,0.12492762657666026,0.08922399398495338,0.07129724613084967,0.2337245655375352,0.08453658051316927,0.17335823475824666,87,4,0,0,2.0093617151071737,0.1207204131461343,4.731321984594995,0.4870407699248664,1.7426149465225556,0.17257664069399845,1.8738405878722602
50.0,55.0,-90.0,-80.0,11,0,0.0,measured,137,0.017125,0.5832473147999157,0.12920217581732843,0.2115265390951268,0.1198097697924402,0.03794959458437833,0.13777125965465198,0.16622090610590848,0.13702222037863207,0.04042425165180424,0.07533288541664715,0.6285880262201483,0.1654511039907282,0.18164209886030716,0.027019817927177944,0.08685361830017589,0.11008348213902124,0.08495334013135608,0.03268691313088499,0.06970760907506732,0.40680185946678443,0.07844372040037466,0.09971409886065494,135,2,0,0,1.9933199926014364,0.11897375656370565,4.550667741872968,0.41746672676112,1.7198275849766975,0.1268725864143,1.5092562771237568
50.0,55.0,-80.0,-70.0,15,5,0.3333333333333333,measured,101,0.012625,0.6210045754909516,0.06620990278881711,0.2856833477421562,0.184244285718276,0.16909828186035156,0.09552421569824218,0.1094968318939209,0.08284104092988845,0.18839458662008451,0.02960449161576193,0.8620436429977417,0.1292724132537842,0.15472241640090942,0.0644755840078462,0.12141926422042686,0.10544511728018081,0.09711290347675432,0.06951812007012617,0.022291385608634116,0.3242023398637065,0.10979589021083781,0.1181269733109087,92,9,0,0,2.0136414789917447,0.15527334597302425,4.807402674514468,0.6157283199013062,1.7388801019970734,0.20518676426784338,1.6401391264451946
50.0,55.0,-70.0,-60.0,31,15,0.4838709677419355,measured,110,0.01375,0.537123292684555,0.18520624463577307,0.27465279833836986,0.17859104587888416,0.157678484916687,0.12047481536865234,0.12763915490359068,0.11425654709259488,0.15090686880005683,0.04843481083694523,0.29947206377983093,0.09643708914518356,0.11095606535673141,0.10182577941553586,0.11547366781400481,0.08010164410415735,0.13096672213672822,0.10049686136359866,0.026981690039105957,0.15589552320981045,0.060905021044547175,0.07704980893549329,102,8,0,0,2.008962164141915,0.17772236619924092,4.7860628214749426,0.6460061260292966,1.7489601297812027,0.247708705588783,1.7444156979307357
50.0,55.0,-60.0,-50.0,29,15,0.5172413793103449,measured,151,0.018875,0.4376085762466703,0.13984336081041956,0.2738997572601236,0.17158458931604917,0.13311781202043807,0.0779824938092913,0.1915541504110609,0.1322305129718663,0.10602768960635914,0.04220659111815144,0.23100083214896067,0.10039592640740531,0.10903412103652954,0.12963880935380254,0.09571651416439064,0.13245976193007644,0.09754139799721745,0.10737033736075101,0.025272721980935726,0.16975256558367632,0.08724992972351545,0.05486181096114963,148,3,0,0,1.9888241504201827,0.1341315351313598,4.626474652069294,0.4140705669839985,1.7014089585929517,0.1593344684826777,1.8124404014373425
50.0,55.0,-50.0,-40.0,14,3,0.21428571428571427,measured,79,0.009875,0.5637831444090063,0.17631826782328267,0.19554768917681295,0.10656083186200925,0.07169827547940341,0.1391663984818892,0.14140701293945312,0.12351694885522252,0.09252237947871253,0.06473625284204845,0.17826435782692648,0.06984840739857066,0.09319147196683017,0.053040307287581814,0.09287020229408362,0.10109294274871324,0.08488236915175305,0.07017288573747334,0.054200228707811715,0.13637409570432,0.09939634576497806,0.04794321254207438,79,0,0,0,1.9767244269576254,0.12323473695705486,4.60766046862059,0.3884350796776608,1.6963803783247742,0.12677830090549566,1.832064589200972
50.0,55.0,-40.0,-30.0,8,0,0.0,measured,102,0.01275,0.4661131463944912,0.10438792105158162,0.17964037515076936,0.09080030260471438,0.28652334213256836,0.22394084930419922,0.08762123435735703,0.36358194587001436,0.09194453712590073,0.08091770485043526,1.0086491107940674,0.14602063596248627,0.2217995971441269,0.07994833332776671,0.13079467292461547,0.053883971727848215,0.11189620604732443,0.0507712698633808,0.06809362232387653,0.4753047643486074,0.10423262007891866,0.1405177458301417,96,6,0,0,1.9724138975143433,0.14461049412967153,4.676858707970264,0.5647981011367874,1.6909698808894438,0.22082766630117576,1.8343582528776434
50.0,55.0,-30.0,-20.0,20,6,0.3,measured,103,0.012875,0.39772985130548477,0.23080895465050305,0.15824950587691614,0.07200595386713085,0.12364632742745536,0.11194569723946708,0.08393666999680656,0.09650158526847794,0.12973336613467232,0.16348149522746575,0.16154267532484873,0.09418342794690814,0.13301067692892893,0.05658619275765259,0.09684578692686963,0.06154687985960699,0.053924012390088115,0.10653757887623572,0.22177702960803178,0.16141621518294189,0.0680655264778987,0.12019237784651257,102,1,0,0,1.9562374388129966,0.07022857731031436,4.583340728167191,0.2669534501016434,1.662403025673431,0.10215959419988634,1.7730614453557836
50.0,55.0,-20.0,-10.0,26,10,0.38461538461538464,measured,145,0.018125,0.2896172315813601,0.16052715875060808,0.19410634282334097,0.07986449566493246,0.14679980278015137,0.11851251125335693,0.18736007437109947,0.15487984907821656,0.10902857956482637,0.06039237429681843,0.21183428168296814,0.19037894904613495,0.18992071598768234,0.1152577546631749,0.07228214650821661,0.11910551539445616,0.10884036824553818,0.0798951285214632,0.07419934690210699,0.12764366162941954,0.15353404711248325,0.2112291437097688,136,9,0,0,2.015202121076913,0.18593537821074949,4.863352262562719,1.4904021691776776,1.7346282293056619,0.2597927846651202,1.7020893794071903
50.0,55.0,-10.0,0.0,161,41,0.2546583850931677,measured,307,0.038375,0.42046385575085876,0.26478869478756867,0.20157529845688166,0.0789302059325877,0.220171324412028,0.11013745268185933,0.14669616818428038,0.21455367827993402,0.1161942518919715,0.056497663860457605,0.4159247895081838,0.20993879735469817,0.1602630615234375,0.15260167020050858,0.08445858545367735,0.12071055165889473,0.1530520713691301,0.08981576362115136,0.04748482675850962,0.2749654249251978,0.15866718390021362,0.09599017334913736,302,4,1,0,1.9664517078026886,0.13288418453429668,4.612805089267146,1.1943078159647056,1.6848185967156475,0.17472829185346284,1.3112455068542974
50.0,55.0,0.0,10.0,155,17,0.10967741935483871,measured,649,0.081125,0.3944406419236591,0.16602325423980213,0.23188259671851189,0.0880892791423578,0.30306221782297327,0.12333254321761754,0.14751879244610883,0.30430263681684605,0.12184498631415364,0.05513863813785342,0.593865460243778,0.1368982083555581,0.2635811316794243,0.2461931578848348,0.09548418443556185,0.11908280294508426,0.2456142067461862,0.09493835123803453,0.04636727047874349,0.45890187906010615,0.10472068974261547,0.20858080409737303,588,56,5,0,2.077284848928819,0.375000097627797,5.297451297013528,2.991611141530646,1.8537289749124934,0.5194999495111553,1.012854732870454
50.0,55.0,10.0,20.0,30,7,0.23333333333333334,measured,211,0.026375,0.4689218583314315,0.1609944450011432,0.2160808640704336,0.10838401611605562,0.156646728515625,0.1341086263241975,0.13295899525932645,0.1565091456185386,0.13880192480359937,0.04508255025380082,0.2687711301057235,0.07637262344360352,0.2678777083106663,0.13272327308669019,0.10423854749546455,0.10900989659920379,0.12758019120412284,0.10472187466288982,0.03509447041189603,0.2555225718519104,0.06618680945716061,0.18083664734328384,200,11,0,0,2.00929624435461,0.18966529978583088,4.813187297486581,1.292132994214193,1.7252025937582078,0.24038097599872588,1.586018892733947
50.0,55.0,20.0,30.0,24,4,0.16666666666666666,measured,153,0.019125,0.49620269909501075,0.18925016252964047,0.22851748297027513,0.13465415297231792,0.2909954071044922,0.11130485534667969,0.11002941727638245,0.2917226807520795,0.1469245684862601,0.0508151881882938,0.5541282892227173,0.22252706289291382,0.29027681350708007,0.34876784267665895,0.07381101508042583,0.0981127929624834,0.30475598680003924,0.15680882957177145,0.0482912109356402,0.6364837997513885,0.2038650571830308,0.2651853506574673,132,19,2,0,2.1460525732414397,0.44266611756264346,6.016127520916509,4.055908604118451,1.923861887719896,0.6730992977598205,2.150402271589819
50.0,55.0,30.0,40.0,30,9,0.3,measured,87,0.010875,0.5031506887504033,0.21430352863337007,0.24551707360593752,0.15921933471487457,0.10754467192150298,0.1407015664236886,0.16028170074735368,0.10607014524474215,0.14326075065333524,0.0675317090637567,0.20398723511468797,0.17874490647088914,0.20825427486782983,0.07692681562443737,0.103712690543133,0.11649145314819818,0.07048048196825397,0.10627712673063781,0.057589889527153625,0.1540632251028232,0.20825830884682509,0.16750177817227044,74,13,0,0,2.0664587747091536,0.2989170299469675,5.210157208059026,2.5326407299161198,1.8086260105001515,0.43185474645160904,2.179800347790614
50.0,55.0,40.0,50.0,32,0,0.0,measured,83,0.010375,0.5971979987807572,0.1880141617654309,0.2125706612525216,0.1062711461802292,0.12960529327392578,0.20544302463531494,0.16409053094685078,0.19549869515077747,0.14920701555646484,0.03679507588094566,0.27445437759160995,0.13432717695832253,0.14681219682097435,0.08100512659855104,0.18047402620938638,0.12642500919689503,0.1472663972799243,0.12636141825204492,0.027881823782453515,0.21414216415736903,0.11101387220091204,0.10859221027444395,78,5,0,0,2.012123793004507,0.11936813388914795,4.726479042007263,0.47264642085133113,1.72754122550229,0.16312420938594224,1.7122039062120589
50.0,55.0,50.0,60.0,20,3,0.15,measured,109,0.013625,0.5434109603657442,0.12068510777562841,0.2539884089876752,0.13973575662661852,0.09100599849925321,0.12814690085018382,0.11867078262216904,0.13554136614826295,0.07719097170549484,0.10625863636194749,0.21160066829008214,0.1274926171583288,0.10278813277973849,0.09436023309687011,0.12731428737321063,0.08706497485280842,0.14271294218280015,0.07155144584947105,0.10198740954043482,0.13071679847191775,0.11793895122694058,0.06038618848674424,105,4,0,0,1.9931155497874689,0.15381706426062808,4.667541678892363,0.4978063019083505,1.6955054932778035,0.20823551296723433,1.6296990968071958
50.0,55.0,60.0,70.0,49,10,0.20408163265306123,measured,78,0.00975,0.48863577193174607,0.15733298548507316,0.25919343263675004,0.14982323196622457,0.1206206297263121,0.21183874668219152,0.12924088117403862,0.20478356380929627,0.13161363361966114,0.05135307151886291,0.3499632003979805,0.15321518213321,0.14488000441820192,0.11179690648035193,0.17783876633527185,0.10605008729932171,0.18177303137677137,0.10606731129228536,0.056054493178438844,0.2676212915482823,0.13237351690707855,0.09163387904937373,72,6,0,0,1.9886955481309156,0.12262047119591926,4.637481793379172,0.5000420575373062,1.6790944291995122,0.16322763914740718,2.0237895129093633
50.0,55.0,70.0,80.0,59,9,0.15254237288135594,measured,145,0.018125,0.478623299151659,0.16018904349779509,0.26677925956660303,0.16303144611186088,0.10940219879150391,0.14340667724609374,0.1800886845588684,0.1433642216850653,0.11354439306735781,0.0880261837484597,0.2630094051361084,0.14452433586120605,0.1542890453338623,0.0793100639259709,0.10717006563587977,0.11435968585997171,0.0997159684579948,0.08319207754111206,0.06507826195069624,0.21221068446317107,0.11067380157355089,0.11843057367636553,142,3,0,0,1.9569485442391756,0.13703870196221288,4.516776663681556,0.4380266956520715,1.652031605819176,0.15195895059180242,1.6935749758421617
50.0,55.0,80.0,90.0,70,14,0.2,measured,155,0.019375,0.5069065719310727,0.11808672150246603,0.28372995891878683,0.1579909447606599,0.12573211560291903,0.13276454380580358,0.22419600295169012,0.13014888863907675,0.12685757327021482,0.08805391727151779,0.28249813829149517,0.1092604547739029,0.13904400595596858,0.08407255039561229,0.11504662028373071,0.12121685515894917,0.11460427264778265,0.08702408365250738,0.08373437028572979,0.24391746491171443,0.09565915269601283,0.09784677480661357,152,3,0,0,1.9975612740362845,0.11240974218212611,4.63102017987159,0.44994557178138095,1.6953263959577007,0.1262683158447131,1.6777601082339257
50.0,55.0,90.0,100.0,64,33,0.515625,measured,157,0.019625,0.4862053495260977,0.13590762431179904,0.29942648473438943,0.1580414299113441,0.0890573061281635,0.1542259954637097,0.25231604422292403,0.1555992613649054,0.08190805279894739,0.06267906670937781,0.33043549137730754,0.09589523269284156,0.14282431910114904,0.06094060833013404,0.1828749650349252,0.12433190866068261,0.1855576404995761,0.05934791347099193,0.05565682501079555,0.34217409560202194,0.06771544321959672,0.09046083150683339,155,2,0,0,2.018790476641078,0.10141564792913366,4.788701122733438,1.0762106635639106,1.7190935011881932,0.11891868624266466,1.5919728587323707
50.0,55.0,100.0,110.0,49,17,0.3469387755102041,measured,130,0.01625,0.5251885401085019,0.12429946995100065,0.325967011314172,0.16313148559008284,0.08865818381309509,0.13202166557312012,0.18941975757479668,0.13196574304876243,0.08308353449659413,0.03382949257882151,0.2906781882047653,0.10357799753546715,0.14014797657728195,0.07575044439364984,0.10165559603935807,0.14533760050853975,0.10864263972320555,0.0723942646955195,0.03571514348539429,0.1929298564433049,0.12475108029939745,0.08256324885779326,127,3,0,0,1.9847077507239121,0.12515003380816425,4.636478576293358,0.8955614062444556,1.701462869460766,0.15812173547827885,1.7427622529221218
50.0,55.0,110.0,120.0,38,7,0.18421052631578946,measured,62,0.00775,0.5080446922971357,0.18450185713264358,0.22064090135597414,0.11341530469090681,0.12064349266790575,0.16855264479114163,0.15657042111119918,0.17788421589769385,0.09806321393308472,0.04385508734701308,0.32362048856673703,0.15031299667973672,0.15241606389322587,0.08620242594363661,0.17396499638266225,0.1318480340605604,0.17953414735305895,0.08466301634110651,0.043445045154941166,0.28067536599674714,0.10525018027002829,0.17268796114344384,61,1,0,0,1.950563121226526,0.1004865142053179,4.483160157357493,0.3498160310698712,1.6391443802464394,0.14350469143145222,1.89697180874189
50.0,55.0,120.0,130.0,34,4,0.11764705882352941,measured,63,0.007875,0.5709214270114898,0.1392970171940791,0.2316882751054234,0.14016090591740255,0.12700106302897135,0.10190556844075521,0.1077605148156484,0.1388390771526564,0.10181325903271383,0.038804876605933104,0.2837306658426921,0.19305167198181153,0.12241322596867879,0.14908720079287788,0.08111690643402908,0.08326092086472091,0.11207851400398208,0.11453007674231493,0.03467139831340319,0.3106954097870647,0.10818240509833944,0.09544909077133933,63,0,0,0,1.9302554111632089,0.07767223565141367,4.454668741377573,0.3760141687645423,1.6223865577152796,0.12866984577032464,1.6746228572576343
50.0,55.0,130.0,140.0,29,4,0.13793103448275862,measured,61,0.007625,0.6291601812839508,0.20602449907479425,0.20145711327185395,0.13270965168502172,0.06368484497070312,0.14514984130859376,0.1739749312400818,0.12459396086551473,0.10647243653585921,0.03299598181216098,0.2756125259399414,0.13680922508239746,0.12372016429901123,0.05314645392086644,0.09126929536275097,0.11010203237078844,0.07451863061365359,0.062175595024528456,0.02708864460673686,0.14040754503578093,0.10046676597584073,0.08976670333655018,61,0,0,0,1.9569037351451937,0.06918541799074418,4.562657590772285,0.31228259368715905,1.6415653619609896,0.11663556923788752,1.6611865140374364
50.0,55.0,140.0,150.0,66,8,0.12121212121212122,measured,58,0.00725,0.5504494476421126,0.19428159737711656,0.27754188521668827,0.18200265835624227,0.11599100047144396,0.13787749717975484,0.13346508350865594,0.15279495037971141,0.11551626373961235,0.04226003599132384,0.3015844164223507,0.1746461370895649,0.15818324376796855,0.09962159164779763,0.1175042105968272,0.09049205459324036,0.11583815401909532,0.07801945573313157,0.044625950326212735,0.23845828738737074,0.15365211614516355,0.11249933628554094,54,4,0,0,1.968658344498996,0.13449528727908575,4.554959926111945,0.5378067643577648,1.6554786850666177,0.1502396490507561,1.9592108032337299
50.0,55.0,150.0,160.0,133,12,0.09022556390977443,measured,112,0.014,0.6294569895287191,0.1653740815336042,0.23940515325271658,0.14522363011081538,0.1268709671398825,0.09065900755322669,0.1291632371500504,0.12446070683078712,0.09574384314130864,0.0436406850142578,0.2641606409687641,0.1203280165175761,0.10552293899630712,0.17286904736822403,0.07942273724499069,0.11241713834595211,0.1557897963957229,0.10760652850883089,0.03970535016744871,0.31110823290361245,0.0909403979924972,0.08413164106676513,95,16,1,0,2.0546107526336397,0.2624163944646977,5.0660104134253094,2.20597921882434,1.795764024768557,0.45066877569890773,1.9057122955409893
50.0,55.0,160.0,170.0,170,19,0.11176470588235295,measured,189,0.023625,0.6253048672976084,0.14524401963768255,0.2860745313385176,0.1643747053339481,0.14459554406980804,0.10984094253438988,0.1377092090663531,0.14522740317034769,0.10860944646016527,0.04366449978358698,0.30373262253818134,0.20700177135846473,0.1834673084170613,0.13728277812378323,0.09863488663331338,0.0904508607613308,0.13859226085390725,0.09722901208823287,0.04165348082398904,0.2717459074966697,0.16651343820105505,0.14870668861653155,172,17,0,0,2.0102973268145607,0.18194626158704014,4.727464132208042,0.6265499713822938,1.7168351127987815,0.19406877973136166,1.9698271512982324
50.0,55.0,170.0,180.0,459,37,0.08061002178649238,measured,584,0.073,0.5783925805223215,0.1218408998030774,0.31263205687170975,0.17105329834862695,0.2025019840041608,0.10052462757710738,0.11030889715628601,0.20218655122750445,0.10080240448608929,0.05960108950170135,0.3817935848688062,0.13881434253041777,0.1643482243280275,0.17278966738313364,0.08193563054188895,0.0850114430554168,0.1723784682783532,0.08322925211947818,0.04942927208709782,0.3320590871114405,0.12001023190316673,0.13554512212388342,493,90,1,0,2.0413067667451625,0.22607263798926971,4.985678000401144,1.670486719156289,1.8005856585829225,0.3857712989786026,1.0285997163060114
