# DAIR-V2X-Seq SPD PointPillars (infrastructure-side, train-calibrated) - Polar binned error distributions (angle+distance)
# normal: param1=mu(0), param2=std, param3=mae; miss_detection constant: param1=miss_rate

error_type,dist_min,dist_max,angle_min,angle_max,distribution,param1,param2,param3
miss_detection,0.0,5.0,-180.0,-170.0,constant,1.000000,,
distal,0.0,5.0,-180.0,-170.0,normal,0.000000,0.126547,0.077571
perpendicular,0.0,5.0,-180.0,-170.0,normal,0.000000,0.112768,0.070274
height,0.0,5.0,-180.0,-170.0,normal,0.000000,0.084922,0.052250
yaw,0.0,5.0,-180.0,-170.0,normal,0.000000,0.401671,0.104889
width,0.0,5.0,-180.0,-170.0,normal,0.000000,0.114259,0.083224
length,0.0,5.0,-180.0,-170.0,normal,0.000000,0.203165,0.115768
box_height,0.0,5.0,-180.0,-170.0,normal,0.000000,0.094437,0.062387
miss_detection,0.0,5.0,-170.0,-160.0,constant,1.000000,,
distal,0.0,5.0,-170.0,-160.0,normal,0.000000,0.126547,0.077571
perpendicular,0.0,5.0,-170.0,-160.0,normal,0.000000,0.112768,0.070274
height,0.0,5.0,-170.0,-160.0,normal,0.000000,0.084922,0.052250
yaw,0.0,5.0,-170.0,-160.0,normal,0.000000,0.401671,0.104889
width,0.0,5.0,-170.0,-160.0,normal,0.000000,0.114259,0.083224
length,0.0,5.0,-170.0,-160.0,normal,0.000000,0.203165,0.115768
box_height,0.0,5.0,-170.0,-160.0,normal,0.000000,0.094437,0.062387
miss_detection,0.0,5.0,-160.0,-150.0,constant,1.000000,,
distal,0.0,5.0,-160.0,-150.0,normal,0.000000,0.126547,0.077571
perpendicular,0.0,5.0,-160.0,-150.0,normal,0.000000,0.112768,0.070274
height,0.0,5.0,-160.0,-150.0,normal,0.000000,0.084922,0.052250
yaw,0.0,5.0,-160.0,-150.0,normal,0.000000,0.401671,0.104889
width,0.0,5.0,-160.0,-150.0,normal,0.000000,0.114259,0.083224
length,0.0,5.0,-160.0,-150.0,normal,0.000000,0.203165,0.115768
box_height,0.0,5.0,-160.0,-150.0,normal,0.000000,0.094437,0.062387
miss_detection,0.0,5.0,-150.0,-140.0,constant,1.000000,,
distal,0.0,5.0,-150.0,-140.0,normal,0.000000,0.126547,0.077571
perpendicular,0.0,5.0,-150.0,-140.0,normal,0.000000,0.112768,0.070274
height,0.0,5.0,-150.0,-140.0,normal,0.000000,0.084922,0.052250
yaw,0.0,5.0,-150.0,-140.0,normal,0.000000,0.401671,0.104889
width,0.0,5.0,-150.0,-140.0,normal,0.000000,0.114259,0.083224
length,0.0,5.0,-150.0,-140.0,normal,0.000000,0.203165,0.115768
box_height,0.0,5.0,-150.0,-140.0,normal,0.000000,0.094437,0.062387
miss_detection,0.0,5.0,-140.0,-130.0,constant,1.000000,,
distal,0.0,5.0,-140.0,-130.0,normal,0.000000,0.126547,0.077571
perpendicular,0.0,5.0,-140.0,-130.0,normal,0.000000,0.112768,0.070274
height,0.0,5.0,-140.0,-130.0,normal,0.000000,0.084922,0.052250
yaw,0.0,5.0,-140.0,-130.0,normal,0.000000,0.401671,0.104889
width,0.0,5.0,-140.0,-130.0,normal,0.000000,0.114259,0.083224
length,0.0,5.0,-140.0,-130.0,normal,0.000000,0.203165,0.115768
box_height,0.0,5.0,-140.0,-130.0,normal,0.000000,0.094437,0.062387
miss_detection,0.0,5.0,-130.0,-120.0,constant,1.000000,,
distal,0.0,5.0,-130.0,-120.0,normal,0.000000,0.126547,0.077571
perpendicular,0.0,5.0,-130.0,-120.0,normal,0.000000,0.112768,0.070274
height,0.0,5.0,-130.0,-120.0,normal,0.000000,0.084922,0.052250
yaw,0.0,5.0,-130.0,-120.0,normal,0.000000,0.401671,0.104889
width,0.0,5.0,-130.0,-120.0,normal,0.000000,0.114259,0.083224
length,0.0,5.0,-130.0,-120.0,normal,0.000000,0.203165,0.115768
box_height,0.0,5.0,-130.0,-120.0,normal,0.000000,0.094437,0.062387
miss_detection,0.0,5.0,-120.0,-110.0,constant,1.000000,,
distal,0.0,5.0,-120.0,-110.0,normal,0.000000,0.126547,0.077571
perpendicular,0.0,5.0,-120.0,-110.0,normal,0.000000,0.112768,0.070274
height,0.0,5.0,-120.0,-110.0,normal,0.000000,0.084922,0.052250
yaw,0.0,5.0,-120.0,-110.0,normal,0.000000,0.401671,0.104889
width,0.0,5.0,-120.0,-110.0,normal,0.000000,0.114259,0.083224
length,0.0,5.0,-120.0,-110.0,normal,0.000000,0.203165,0.115768
box_height,0.0,5.0,-120.0,-110.0,normal,0.000000,0.094437,0.062387
miss_detection,0.0,5.0,-110.0,-100.0,constant,1.000000,,
distal,0.0,5.0,-110.0,-100.0,normal,0.000000,0.126547,0.077571
perpendicular,0.0,5.0,-110.0,-100.0,normal,0.000000,0.112768,0.070274
height,0.0,5.0,-110.0,-100.0,normal,0.000000,0.084922,0.052250
yaw,0.0,5.0,-110.0,-100.0,normal,0.000000,0.401671,0.104889
width,0.0,5.0,-110.0,-100.0,normal,0.000000,0.114259,0.083224
length,0.0,5.0,-110.0,-100.0,normal,0.000000,0.203165,0.115768
box_height,0.0,5.0,-110.0,-100.0,normal,0.000000,0.094437,0.062387
miss_detection,0.0,5.0,-100.0,-90.0,constant,1.000000,,
distal,0.0,5.0,-100.0,-90.0,normal,0.000000,0.126547,0.077571
perpendicular,0.0,5.0,-100.0,-90.0,normal,0.000000,0.112768,0.070274
height,0.0,5.0,-100.0,-90.0,normal,0.000000,0.084922,0.052250
yaw,0.0,5.0,-100.0,-90.0,normal,0.000000,0.401671,0.104889
width,0.0,5.0,-100.0,-90.0,normal,0.000000,0.114259,0.083224
length,0.0,5.0,-100.0,-90.0,normal,0.000000,0.203165,0.115768
box_height,0.0,5.0,-100.0,-90.0,normal,0.000000,0.094437,0.062387
miss_detection,0.0,5.0,-90.0,-80.0,constant,1.000000,,
distal,0.0,5.0,-90.0,-80.0,normal,0.000000,0.126547,0.077571
perpendicular,0.0,5.0,-90.0,-80.0,normal,0.000000,0.112768,0.070274
height,0.0,5.0,-90.0,-80.0,normal,0.000000,0.084922,0.052250
yaw,0.0,5.0,-90.0,-80.0,normal,0.000000,0.401671,0.104889
width,0.0,5.0,-90.0,-80.0,normal,0.000000,0.114259,0.083224
length,0.0,5.0,-90.0,-80.0,normal,0.000000,0.203165,0.115768
box_height,0.0,5.0,-90.0,-80.0,normal,0.000000,0.094437,0.062387
miss_detection,0.0,5.0,-80.0,-70.0,constant,1.000000,,
distal,0.0,5.0,-80.0,-70.0,normal,0.000000,0.126547,0.077571
perpendicular,0.0,5.0,-80.0,-70.0,normal,0.000000,0.112768,0.070274
height,0.0,5.0,-80.0,-70.0,normal,0.000000,0.084922,0.052250
yaw,0.0,5.0,-80.0,-70.0,normal,0.000000,0.401671,0.104889
width,0.0,5.0,-80.0,-70.0,normal,0.000000,0.114259,0.083224
length,0.0,5.0,-80.0,-70.0,normal,0.000000,0.203165,0.115768
box_height,0.0,5.0,-80.0,-70.0,normal,0.000000,0.094437,0.062387
miss_detection,0.0,5.0,-70.0,-60.0,constant,1.000000,,
distal,0.0,5.0,-70.0,-60.0,normal,0.000000,0.126547,0.077571
perpendicular,0.0,5.0,-70.0,-60.0,normal,0.000000,0.112768,0.070274
height,0.0,5.0,-70.0,-60.0,normal,0.000000,0.084922,0.052250
yaw,0.0,5.0,-70.0,-60.0,normal,0.000000,0.401671,0.104889
width,0.0,5.0,-70.0,-60.0,normal,0.000000,0.114259,0.083224
length,0.0,5.0,-70.0,-60.0,normal,0.000000,0.203165,0.115768
box_height,0.0,5.0,-70.0,-60.0,normal,0.000000,0.094437,0.062387
miss_detection,0.0,5.0,-60.0,-50.0,constant,1.000000,,
distal,0.0,5.0,-60.0,-50.0,normal,0.000000,0.126547,0.077571
perpendicular,0.0,5.0,-60.0,-50.0,normal,0.000000,0.112768,0.070274
height,0.0,5.0,-60.0,-50.0,normal,0.000000,0.084922,0.052250
yaw,0.0,5.0,-60.0,-50.0,normal,0.000000,0.401671,0.104889
width,0.0,5.0,-60.0,-50.0,normal,0.000000,0.114259,0.083224
length,0.0,5.0,-60.0,-50.0,normal,0.000000,0.203165,0.115768
box_height,0.0,5.0,-60.0,-50.0,normal,0.000000,0.094437,0.062387
miss_detection,0.0,5.0,-50.0,-40.0,constant,1.000000,,
distal,0.0,5.0,-50.0,-40.0,normal,0.000000,0.126547,0.077571
perpendicular,0.0,5.0,-50.0,-40.0,normal,0.000000,0.112768,0.070274
height,0.0,5.0,-50.0,-40.0,normal,0.000000,0.084922,0.052250
yaw,0.0,5.0,-50.0,-40.0,normal,0.000000,0.401671,0.104889
width,0.0,5.0,-50.0,-40.0,normal,0.000000,0.114259,0.083224
length,0.0,5.0,-50.0,-40.0,normal,0.000000,0.203165,0.115768
box_height,0.0,5.0,-50.0,-40.0,normal,0.000000,0.094437,0.062387
miss_detection,0.0,5.0,-40.0,-30.0,constant,1.000000,,
distal,0.0,5.0,-40.0,-30.0,normal,0.000000,0.126547,0.077571
perpendicular,0.0,5.0,-40.0,-30.0,normal,0.000000,0.112768,0.070274
height,0.0,5.0,-40.0,-30.0,normal,0.000000,0.084922,0.052250
yaw,0.0,5.0,-40.0,-30.0,normal,0.000000,0.401671,0.104889
width,0.0,5.0,-40.0,-30.0,normal,0.000000,0.114259,0.083224
length,0.0,5.0,-40.0,-30.0,normal,0.000000,0.203165,0.115768
box_height,0.0,5.0,-40.0,-30.0,normal,0.000000,0.094437,0.062387
miss_detection,0.0,5.0,-30.0,-20.0,constant,1.000000,,
distal,0.0,5.0,-30.0,-20.0,normal,0.000000,0.126547,0.077571
perpendicular,0.0,5.0,-30.0,-20.0,normal,0.000000,0.112768,0.070274
height,0.0,5.0,-30.0,-20.0,normal,0.000000,0.084922,0.052250
yaw,0.0,5.0,-30.0,-20.0,normal,0.000000,0.401671,0.104889
width,0.0,5.0,-30.0,-20.0,normal,0.000000,0.114259,0.083224
length,0.0,5.0,-30.0,-20.0,normal,0.000000,0.203165,0.115768
box_height,0.0,5.0,-30.0,-20.0,normal,0.000000,0.094437,0.062387
miss_detection,0.0,5.0,-20.0,-10.0,constant,1.000000,,
distal,0.0,5.0,-20.0,-10.0,normal,0.000000,0.126547,0.077571
perpendicular,0.0,5.0,-20.0,-10.0,normal,0.000000,0.112768,0.070274
height,0.0,5.0,-20.0,-10.0,normal,0.000000,0.084922,0.052250
yaw,0.0,5.0,-20.0,-10.0,normal,0.000000,0.401671,0.104889
width,0.0,5.0,-20.0,-10.0,normal,0.000000,0.114259,0.083224
length,0.0,5.0,-20.0,-10.0,normal,0.000000,0.203165,0.115768
box_height,0.0,5.0,-20.0,-10.0,normal,0.000000,0.094437,0.062387
miss_detection,0.0,5.0,-10.0,0.0,constant,1.000000,,
distal,0.0,5.0,-10.0,0.0,normal,0.000000,0.126547,0.077571
perpendicular,0.0,5.0,-10.0,0.0,normal,0.000000,0.112768,0.070274
height,0.0,5.0,-10.0,0.0,normal,0.000000,0.084922,0.052250
yaw,0.0,5.0,-10.0,0.0,normal,0.000000,0.401671,0.104889
width,0.0,5.0,-10.0,0.0,normal,0.000000,0.114259,0.083224
length,0.0,5.0,-10.0,0.0,normal,0.000000,0.203165,0.115768
box_height,0.0,5.0,-10.0,0.0,normal,0.000000,0.094437,0.062387
miss_detection,0.0,5.0,0.0,10.0,constant,1.000000,,
distal,0.0,5.0,0.0,10.0,normal,0.000000,0.126547,0.077571
perpendicular,0.0,5.0,0.0,10.0,normal,0.000000,0.112768,0.070274
height,0.0,5.0,0.0,10.0,normal,0.000000,0.084922,0.052250
yaw,0.0,5.0,0.0,10.0,normal,0.000000,0.401671,0.104889
width,0.0,5.0,0.0,10.0,normal,0.000000,0.114259,0.083224
length,0.0,5.0,0.0,10.0,normal,0.000000,0.203165,0.115768
box_height,0.0,5.0,0.0,10.0,normal,0.000000,0.094437,0.062387
miss_detection,0.0,5.0,10.0,20.0,constant,1.000000,,
distal,0.0,5.0,10.0,20.0,normal,0.000000,0.126547,0.077571
perpendicular,0.0,5.0,10.0,20.0,normal,0.000000,0.112768,0.070274
height,0.0,5.0,10.0,20.0,normal,0.000000,0.084922,0.052250
yaw,0.0,5.0,10.0,20.0,normal,0.000000,0.401671,0.104889
width,0.0,5.0,10.0,20.0,normal,0.000000,0.114259,0.083224
length,0.0,5.0,10.0,20.0,normal,0.000000,0.203165,0.115768
box_height,0.0,5.0,10.0,20.0,normal,0.000000,0.094437,0.062387
miss_detection,0.0,5.0,20.0,30.0,constant,1.000000,,
distal,0.0,5.0,20.0,30.0,normal,0.000000,0.126547,0.077571
perpendicular,0.0,5.0,20.0,30.0,normal,0.000000,0.112768,0.070274
height,0.0,5.0,20.0,30.0,normal,0.000000,0.084922,0.052250
yaw,0.0,5.0,20.0,30.0,normal,0.000000,0.401671,0.104889
width,0.0,5.0,20.0,30.0,normal,0.000000,0.114259,0.083224
length,0.0,5.0,20.0,30.0,normal,0.000000,0.203165,0.115768
box_height,0.0,5.0,20.0,30.0,normal,0.000000,0.094437,0.062387
miss_detection,0.0,5.0,30.0,40.0,constant,1.000000,,
distal,0.0,5.0,30.0,40.0,normal,0.000000,0.126547,0.077571
perpendicular,0.0,5.0,30.0,40.0,normal,0.000000,0.112768,0.070274
height,0.0,5.0,30.0,40.0,normal,0.000000,0.084922,0.052250
yaw,0.0,5.0,30.0,40.0,normal,0.000000,0.401671,0.104889
width,0.0,5.0,30.0,40.0,normal,0.000000,0.114259,0.083224
length,0.0,5.0,30.0,40.0,normal,0.000000,0.203165,0.115768
box_height,0.0,5.0,30.0,40.0,normal,0.000000,0.094437,0.062387
miss_detection,0.0,5.0,40.0,50.0,constant,1.000000,,
distal,0.0,5.0,40.0,50.0,normal,0.000000,0.126547,0.077571
perpendicular,0.0,5.0,40.0,50.0,normal,0.000000,0.112768,0.070274
height,0.0,5.0,40.0,50.0,normal,0.000000,0.084922,0.052250
yaw,0.0,5.0,40.0,50.0,normal,0.000000,0.401671,0.104889
width,0.0,5.0,40.0,50.0,normal,0.000000,0.114259,0.083224
length,0.0,5.0,40.0,50.0,normal,0.000000,0.203165,0.115768
box_height,0.0,5.0,40.0,50.0,normal,0.000000,0.094437,0.062387
miss_detection,0.0,5.0,50.0,60.0,constant,1.000000,,
distal,0.0,5.0,50.0,60.0,normal,0.000000,0.126547,0.077571
perpendicular,0.0,5.0,50.0,60.0,normal,0.000000,0.112768,0.070274
height,0.0,5.0,50.0,60.0,normal,0.000000,0.084922,0.052250
yaw,0.0,5.0,50.0,60.0,normal,0.000000,0.401671,0.104889
width,0.0,5.0,50.0,60.0,normal,0.000000,0.114259,0.083224
length,0.0,5.0,50.0,60.0,normal,0.000000,0.203165,0.115768
box_height,0.0,5.0,50.0,60.0,normal,0.000000,0.094437,0.062387
miss_detection,0.0,5.0,60.0,70.0,constant,1.000000,,
distal,0.0,5.0,60.0,70.0,normal,0.000000,0.126547,0.077571
perpendicular,0.0,5.0,60.0,70.0,normal,0.000000,0.112768,0.070274
height,0.0,5.0,60.0,70.0,normal,0.000000,0.084922,0.052250
yaw,0.0,5.0,60.0,70.0,normal,0.000000,0.401671,0.104889
width,0.0,5.0,60.0,70.0,normal,0.000000,0.114259,0.083224
length,0.0,5.0,60.0,70.0,normal,0.000000,0.203165,0.115768
box_height,0.0,5.0,60.0,70.0,normal,0.000000,0.094437,0.062387
miss_detection,0.0,5.0,70.0,80.0,constant,1.000000,,
distal,0.0,5.0,70.0,80.0,normal,0.000000,0.126547,0.077571
perpendicular,0.0,5.0,70.0,80.0,normal,0.000000,0.112768,0.070274
height,0.0,5.0,70.0,80.0,normal,0.000000,0.084922,0.052250
yaw,0.0,5.0,70.0,80.0,normal,0.000000,0.401671,0.104889
width,0.0,5.0,70.0,80.0,normal,0.000000,0.114259,0.083224
length,0.0,5.0,70.0,80.0,normal,0.000000,0.203165,0.115768
box_height,0.0,5.0,70.0,80.0,normal,0.000000,0.094437,0.062387
miss_detection,0.0,5.0,80.0,90.0,constant,1.000000,,
distal,0.0,5.0,80.0,90.0,normal,0.000000,0.126547,0.077571
perpendicular,0.0,5.0,80.0,90.0,normal,0.000000,0.112768,0.070274
height,0.0,5.0,80.0,90.0,normal,0.000000,0.084922,0.052250
yaw,0.0,5.0,80.0,90.0,normal,0.000000,0.401671,0.104889
width,0.0,5.0,80.0,90.0,normal,0.000000,0.114259,0.083224
length,0.0,5.0,80.0,90.0,normal,0.000000,0.203165,0.115768
box_height,0.0,5.0,80.0,90.0,normal,0.000000,0.094437,0.062387
miss_detection,0.0,5.0,90.0,100.0,constant,1.000000,,
distal,0.0,5.0,90.0,100.0,normal,0.000000,0.126547,0.077571
perpendicular,0.0,5.0,90.0,100.0,normal,0.000000,0.112768,0.070274
height,0.0,5.0,90.0,100.0,normal,0.000000,0.084922,0.052250
yaw,0.0,5.0,90.0,100.0,normal,0.000000,0.401671,0.104889
width,0.0,5.0,90.0,100.0,normal,0.000000,0.114259,0.083224
length,0.0,5.0,90.0,100.0,normal,0.000000,0.203165,0.115768
box_height,0.0,5.0,90.0,100.0,normal,0.000000,0.094437,0.062387
miss_detection,0.0,5.0,100.0,110.0,constant,1.000000,,
distal,0.0,5.0,100.0,110.0,normal,0.000000,0.126547,0.077571
perpendicular,0.0,5.0,100.0,110.0,normal,0.000000,0.112768,0.070274
height,0.0,5.0,100.0,110.0,normal,0.000000,0.084922,0.052250
yaw,0.0,5.0,100.0,110.0,normal,0.000000,0.401671,0.104889
width,0.0,5.0,100.0,110.0,normal,0.000000,0.114259,0.083224
length,0.0,5.0,100.0,110.0,normal,0.000000,0.203165,0.115768
box_height,0.0,5.0,100.0,110.0,normal,0.000000,0.094437,0.062387
miss_detection,0.0,5.0,110.0,120.0,constant,1.000000,,
distal,0.0,5.0,110.0,120.0,normal,0.000000,0.126547,0.077571
perpendicular,0.0,5.0,110.0,120.0,normal,0.000000,0.112768,0.070274
height,0.0,5.0,110.0,120.0,normal,0.000000,0.084922,0.052250
yaw,0.0,5.0,110.0,120.0,normal,0.000000,0.401671,0.104889
width,0.0,5.0,110.0,120.0,normal,0.000000,0.114259,0.083224
length,0.0,5.0,110.0,120.0,normal,0.000000,0.203165,0.115768
box_height,0.0,5.0,110.0,120.0,normal,0.000000,0.094437,0.062387
miss_detection,0.0,5.0,120.0,130.0,constant,1.000000,,
distal,0.0,5.0,120.0,130.0,normal,0.000000,0.126547,0.077571
perpendicular,0.0,5.0,120.0,130.0,normal,0.000000,0.112768,0.070274
height,0.0,5.0,120.0,130.0,normal,0.000000,0.084922,0.052250
yaw,0.0,5.0,120.0,130.0,normal,0.000000,0.401671,0.104889
width,0.0,5.0,120.0,130.0,normal,0.000000,0.114259,0.083224
length,0.0,5.0,120.0,130.0,normal,0.000000,0.203165,0.115768
box_height,0.0,5.0,120.0,130.0,normal,0.000000,0.094437,0.062387
miss_detection,0.0,5.0,130.0,140.0,constant,1.000000,,
distal,0.0,5.0,130.0,140.0,normal,0.000000,0.126547,0.077571
perpendicular,0.0,5.0,130.0,140.0,normal,0.000000,0.112768,0.070274
height,0.0,5.0,130.0,140.0,normal,0.000000,0.084922,0.052250
yaw,0.0,5.0,130.0,140.0,normal,0.000000,0.401671,0.104889
width,0.0,5.0,130.0,140.0,normal,0.000000,0.114259,0.083224
length,0.0,5.0,130.0,140.0,normal,0.000000,0.203165,0.115768
box_height,0.0,5.0,130.0,140.0,normal,0.000000,0.094437,0.062387
miss_detection,0.0,5.0,140.0,150.0,constant,1.000000,,
distal,0.0,5.0,140.0,150.0,normal,0.000000,0.126547,0.077571
perpendicular,0.0,5.0,140.0,150.0,normal,0.000000,0.112768,0.070274
height,0.0,5.0,140.0,150.0,normal,0.000000,0.084922,0.052250
yaw,0.0,5.0,140.0,150.0,normal,0.000000,0.401671,0.104889
width,0.0,5.0,140.0,150.0,normal,0.000000,0.114259,0.083224
length,0.0,5.0,140.0,150.0,normal,0.000000,0.203165,0.115768
box_height,0.0,5.0,140.0,150.0,normal,0.000000,0.094437,0.062387
miss_detection,0.0,5.0,150.0,160.0,constant,1.000000,,
distal,0.0,5.0,150.0,160.0,normal,0.000000,0.126547,0.077571
perpendicular,0.0,5.0,150.0,160.0,normal,0.000000,0.112768,0.070274
height,0.0,5.0,150.0,160.0,normal,0.000000,0.084922,0.052250
yaw,0.0,5.0,150.0,160.0,normal,0.000000,0.401671,0.104889
width,0.0,5.0,150.0,160.0,normal,0.000000,0.114259,0.083224
length,0.0,5.0,150.0,160.0,normal,0.000000,0.203165,0.115768
box_height,0.0,5.0,150.0,160.0,normal,0.000000,0.094437,0.062387
miss_detection,0.0,5.0,160.0,170.0,constant,1.000000,,
distal,0.0,5.0,160.0,170.0,normal,0.000000,0.126547,0.077571
perpendicular,0.0,5.0,160.0,170.0,normal,0.000000,0.112768,0.070274
height,0.0,5.0,160.0,170.0,normal,0.000000,0.084922,0.052250
yaw,0.0,5.0,160.0,170.0,normal,0.000000,0.401671,0.104889
width,0.0,5.0,160.0,170.0,normal,0.000000,0.114259,0.083224
length,0.0,5.0,160.0,170.0,normal,0.000000,0.203165,0.115768
box_height,0.0,5.0,160.0,170.0,normal,0.000000,0.094437,0.062387
miss_detection,0.0,5.0,170.0,180.0,constant,1.000000,,
distal,0.0,5.0,170.0,180.0,normal,0.000000,0.126547,0.077571
perpendicular,0.0,5.0,170.0,180.0,normal,0.000000,0.112768,0.070274
height,0.0,5.0,170.0,180.0,normal,0.000000,0.084922,0.052250
yaw,0.0,5.0,170.0,180.0,normal,0.000000,0.401671,0.104889
width,0.0,5.0,170.0,180.0,normal,0.000000,0.114259,0.083224
length,0.0,5.0,170.0,180.0,normal,0.000000,0.203165,0.115768
box_height,0.0,5.0,170.0,180.0,normal,0.000000,0.094437,0.062387
miss_detection,5.0,10.0,-180.0,-170.0,constant,1.000000,,
distal,5.0,10.0,-180.0,-170.0,normal,0.000000,0.126547,0.077571
perpendicular,5.0,10.0,-180.0,-170.0,normal,0.000000,0.112768,0.070274
height,5.0,10.0,-180.0,-170.0,normal,0.000000,0.084922,0.052250
yaw,5.0,10.0,-180.0,-170.0,normal,0.000000,0.401671,0.104889
width,5.0,10.0,-180.0,-170.0,normal,0.000000,0.114259,0.083224
length,5.0,10.0,-180.0,-170.0,normal,0.000000,0.203165,0.115768
box_height,5.0,10.0,-180.0,-170.0,normal,0.000000,0.094437,0.062387
miss_detection,5.0,10.0,-170.0,-160.0,constant,1.000000,,
distal,5.0,10.0,-170.0,-160.0,normal,0.000000,0.126547,0.077571
perpendicular,5.0,10.0,-170.0,-160.0,normal,0.000000,0.112768,0.070274
height,5.0,10.0,-170.0,-160.0,normal,0.000000,0.084922,0.052250
yaw,5.0,10.0,-170.0,-160.0,normal,0.000000,0.401671,0.104889
width,5.0,10.0,-170.0,-160.0,normal,0.000000,0.114259,0.083224
length,5.0,10.0,-170.0,-160.0,normal,0.000000,0.203165,0.115768
box_height,5.0,10.0,-170.0,-160.0,normal,0.000000,0.094437,0.062387
miss_detection,5.0,10.0,-160.0,-150.0,constant,1.000000,,
distal,5.0,10.0,-160.0,-150.0,normal,0.000000,0.126547,0.077571
perpendicular,5.0,10.0,-160.0,-150.0,normal,0.000000,0.112768,0.070274
height,5.0,10.0,-160.0,-150.0,normal,0.000000,0.084922,0.052250
yaw,5.0,10.0,-160.0,-150.0,normal,0.000000,0.401671,0.104889
width,5.0,10.0,-160.0,-150.0,normal,0.000000,0.114259,0.083224
length,5.0,10.0,-160.0,-150.0,normal,0.000000,0.203165,0.115768
box_height,5.0,10.0,-160.0,-150.0,normal,0.000000,0.094437,0.062387
miss_detection,5.0,10.0,-150.0,-140.0,constant,1.000000,,
distal,5.0,10.0,-150.0,-140.0,normal,0.000000,0.126547,0.077571
perpendicular,5.0,10.0,-150.0,-140.0,normal,0.000000,0.112768,0.070274
height,5.0,10.0,-150.0,-140.0,normal,0.000000,0.084922,0.052250
yaw,5.0,10.0,-150.0,-140.0,normal,0.000000,0.401671,0.104889
width,5.0,10.0,-150.0,-140.0,normal,0.000000,0.114259,0.083224
length,5.0,10.0,-150.0,-140.0,normal,0.000000,0.203165,0.115768
box_height,5.0,10.0,-150.0,-140.0,normal,0.000000,0.094437,0.062387
miss_detection,5.0,10.0,-140.0,-130.0,constant,1.000000,,
distal,5.0,10.0,-140.0,-130.0,normal,0.000000,0.126547,0.077571
perpendicular,5.0,10.0,-140.0,-130.0,normal,0.000000,0.112768,0.070274
height,5.0,10.0,-140.0,-130.0,normal,0.000000,0.084922,0.052250
yaw,5.0,10.0,-140.0,-130.0,normal,0.000000,0.401671,0.104889
width,5.0,10.0,-140.0,-130.0,normal,0.000000,0.114259,0.083224
length,5.0,10.0,-140.0,-130.0,normal,0.000000,0.203165,0.115768
box_height,5.0,10.0,-140.0,-130.0,normal,0.000000,0.094437,0.062387
miss_detection,5.0,10.0,-130.0,-120.0,constant,1.000000,,
distal,5.0,10.0,-130.0,-120.0,normal,0.000000,0.126547,0.077571
perpendicular,5.0,10.0,-130.0,-120.0,normal,0.000000,0.112768,0.070274
height,5.0,10.0,-130.0,-120.0,normal,0.000000,0.084922,0.052250
yaw,5.0,10.0,-130.0,-120.0,normal,0.000000,0.401671,0.104889
width,5.0,10.0,-130.0,-120.0,normal,0.000000,0.114259,0.083224
length,5.0,10.0,-130.0,-120.0,normal,0.000000,0.203165,0.115768
box_height,5.0,10.0,-130.0,-120.0,normal,0.000000,0.094437,0.062387
miss_detection,5.0,10.0,-120.0,-110.0,constant,1.000000,,
distal,5.0,10.0,-120.0,-110.0,normal,0.000000,0.126547,0.077571
perpendicular,5.0,10.0,-120.0,-110.0,normal,0.000000,0.112768,0.070274
height,5.0,10.0,-120.0,-110.0,normal,0.000000,0.084922,0.052250
yaw,5.0,10.0,-120.0,-110.0,normal,0.000000,0.401671,0.104889
width,5.0,10.0,-120.0,-110.0,normal,0.000000,0.114259,0.083224
length,5.0,10.0,-120.0,-110.0,normal,0.000000,0.203165,0.115768
box_height,5.0,10.0,-120.0,-110.0,normal,0.000000,0.094437,0.062387
miss_detection,5.0,10.0,-110.0,-100.0,constant,1.000000,,
distal,5.0,10.0,-110.0,-100.0,normal,0.000000,0.126547,0.077571
perpendicular,5.0,10.0,-110.0,-100.0,normal,0.000000,0.112768,0.070274
height,5.0,10.0,-110.0,-100.0,normal,0.000000,0.084922,0.052250
yaw,5.0,10.0,-110.0,-100.0,normal,0.000000,0.401671,0.104889
width,5.0,10.0,-110.0,-100.0,normal,0.000000,0.114259,0.083224
length,5.0,10.0,-110.0,-100.0,normal,0.000000,0.203165,0.115768
box_height,5.0,10.0,-110.0,-100.0,normal,0.000000,0.094437,0.062387
miss_detection,5.0,10.0,-100.0,-90.0,constant,1.000000,,
distal,5.0,10.0,-100.0,-90.0,normal,0.000000,0.126547,0.077571
perpendicular,5.0,10.0,-100.0,-90.0,normal,0.000000,0.112768,0.070274
height,5.0,10.0,-100.0,-90.0,normal,0.000000,0.084922,0.052250
yaw,5.0,10.0,-100.0,-90.0,normal,0.000000,0.401671,0.104889
width,5.0,10.0,-100.0,-90.0,normal,0.000000,0.114259,0.083224
length,5.0,10.0,-100.0,-90.0,normal,0.000000,0.203165,0.115768
box_height,5.0,10.0,-100.0,-90.0,normal,0.000000,0.094437,0.062387
miss_detection,5.0,10.0,-90.0,-80.0,constant,1.000000,,
distal,5.0,10.0,-90.0,-80.0,normal,0.000000,0.126547,0.077571
perpendicular,5.0,10.0,-90.0,-80.0,normal,0.000000,0.112768,0.070274
height,5.0,10.0,-90.0,-80.0,normal,0.000000,0.084922,0.052250
yaw,5.0,10.0,-90.0,-80.0,normal,0.000000,0.401671,0.104889
width,5.0,10.0,-90.0,-80.0,normal,0.000000,0.114259,0.083224
length,5.0,10.0,-90.0,-80.0,normal,0.000000,0.203165,0.115768
box_height,5.0,10.0,-90.0,-80.0,normal,0.000000,0.094437,0.062387
miss_detection,5.0,10.0,-80.0,-70.0,constant,1.000000,,
distal,5.0,10.0,-80.0,-70.0,normal,0.000000,0.126547,0.077571
perpendicular,5.0,10.0,-80.0,-70.0,normal,0.000000,0.112768,0.070274
height,5.0,10.0,-80.0,-70.0,normal,0.000000,0.084922,0.052250
yaw,5.0,10.0,-80.0,-70.0,normal,0.000000,0.401671,0.104889
width,5.0,10.0,-80.0,-70.0,normal,0.000000,0.114259,0.083224
length,5.0,10.0,-80.0,-70.0,normal,0.000000,0.203165,0.115768
box_height,5.0,10.0,-80.0,-70.0,normal,0.000000,0.094437,0.062387
miss_detection,5.0,10.0,-70.0,-60.0,constant,1.000000,,
distal,5.0,10.0,-70.0,-60.0,normal,0.000000,0.126547,0.077571
perpendicular,5.0,10.0,-70.0,-60.0,normal,0.000000,0.112768,0.070274
height,5.0,10.0,-70.0,-60.0,normal,0.000000,0.084922,0.052250
yaw,5.0,10.0,-70.0,-60.0,normal,0.000000,0.401671,0.104889
width,5.0,10.0,-70.0,-60.0,normal,0.000000,0.114259,0.083224
length,5.0,10.0,-70.0,-60.0,normal,0.000000,0.203165,0.115768
box_height,5.0,10.0,-70.0,-60.0,normal,0.000000,0.094437,0.062387
miss_detection,5.0,10.0,-60.0,-50.0,constant,1.000000,,
distal,5.0,10.0,-60.0,-50.0,normal,0.000000,0.126547,0.077571
perpendicular,5.0,10.0,-60.0,-50.0,normal,0.000000,0.112768,0.070274
height,5.0,10.0,-60.0,-50.0,normal,0.000000,0.084922,0.052250
yaw,5.0,10.0,-60.0,-50.0,normal,0.000000,0.401671,0.104889
width,5.0,10.0,-60.0,-50.0,normal,0.000000,0.114259,0.083224
length,5.0,10.0,-60.0,-50.0,normal,0.000000,0.203165,0.115768
box_height,5.0,10.0,-60.0,-50.0,normal,0.000000,0.094437,0.062387
miss_detection,5.0,10.0,-50.0,-40.0,constant,1.000000,,
distal,5.0,10.0,-50.0,-40.0,normal,0.000000,0.126547,0.077571
perpendicular,5.0,10.0,-50.0,-40.0,normal,0.000000,0.112768,0.070274
height,5.0,10.0,-50.0,-40.0,normal,0.000000,0.084922,0.052250
yaw,5.0,10.0,-50.0,-40.0,normal,0.000000,0.401671,0.104889
width,5.0,10.0,-50.0,-40.0,normal,0.000000,0.114259,0.083224
length,5.0,10.0,-50.0,-40.0,normal,0.000000,0.203165,0.115768
box_height,5.0,10.0,-50.0,-40.0,normal,0.000000,0.094437,0.062387
miss_detection,5.0,10.0,-40.0,-30.0,constant,1.000000,,
distal,5.0,10.0,-40.0,-30.0,normal,0.000000,0.126547,0.077571
perpendicular,5.0,10.0,-40.0,-30.0,normal,0.000000,0.112768,0.070274
height,5.0,10.0,-40.0,-30.0,normal,0.000000,0.084922,0.052250
yaw,5.0,10.0,-40.0,-30.0,normal,0.000000,0.401671,0.104889
width,5.0,10.0,-40.0,-30.0,normal,0.000000,0.114259,0.083224
length,5.0,10.0,-40.0,-30.0,normal,0.000000,0.203165,0.115768
box_height,5.0,10.0,-40.0,-30.0,normal,0.000000,0.094437,0.062387
miss_detection,5.0,10.0,-30.0,-20.0,constant,1.000000,,
distal,5.0,10.0,-30.0,-20.0,normal,0.000000,0.126547,0.077571
perpendicular,5.0,10.0,-30.0,-20.0,normal,0.000000,0.112768,0.070274
height,5.0,10.0,-30.0,-20.0,normal,0.000000,0.084922,0.052250
yaw,5.0,10.0,-30.0,-20.0,normal,0.000000,0.401671,0.104889
width,5.0,10.0,-30.0,-20.0,normal,0.000000,0.114259,0.083224
length,5.0,10.0,-30.0,-20.0,normal,0.000000,0.203165,0.115768
box_height,5.0,10.0,-30.0,-20.0,normal,0.000000,0.094437,0.062387
miss_detection,5.0,10.0,-20.0,-10.0,constant,1.000000,,
distal,5.0,10.0,-20.0,-10.0,normal,0.000000,0.126547,0.077571
perpendicular,5.0,10.0,-20.0,-10.0,normal,0.000000,0.112768,0.070274
height,5.0,10.0,-20.0,-10.0,normal,0.000000,0.084922,0.052250
yaw,5.0,10.0,-20.0,-10.0,normal,0.000000,0.401671,0.104889
width,5.0,10.0,-20.0,-10.0,normal,0.000000,0.114259,0.083224
length,5.0,10.0,-20.0,-10.0,normal,0.000000,0.203165,0.115768
box_height,5.0,10.0,-20.0,-10.0,normal,0.000000,0.094437,0.062387
miss_detection,5.0,10.0,-10.0,0.0,constant,1.000000,,
distal,5.0,10.0,-10.0,0.0,normal,0.000000,0.126547,0.077571
perpendicular,5.0,10.0,-10.0,0.0,normal,0.000000,0.112768,0.070274
height,5.0,10.0,-10.0,0.0,normal,0.000000,0.084922,0.052250
yaw,5.0,10.0,-10.0,0.0,normal,0.000000,0.401671,0.104889
width,5.0,10.0,-10.0,0.0,normal,0.000000,0.114259,0.083224
length,5.0,10.0,-10.0,0.0,normal,0.000000,0.203165,0.115768
box_height,5.0,10.0,-10.0,0.0,normal,0.000000,0.094437,0.062387
miss_detection,5.0,10.0,0.0,10.0,constant,1.000000,,
distal,5.0,10.0,0.0,10.0,normal,0.000000,0.126547,0.077571
perpendicular,5.0,10.0,0.0,10.0,normal,0.000000,0.112768,0.070274
height,5.0,10.0,0.0,10.0,normal,0.000000,0.084922,0.052250
yaw,5.0,10.0,0.0,10.0,normal,0.000000,0.401671,0.104889
width,5.0,10.0,0.0,10.0,normal,0.000000,0.114259,0.083224
length,5.0,10.0,0.0,10.0,normal,0.000000,0.203165,0.115768
box_height,5.0,10.0,0.0,10.0,normal,0.000000,0.094437,0.062387
miss_detection,5.0,10.0,10.0,20.0,constant,1.000000,,
distal,5.0,10.0,10.0,20.0,normal,0.000000,0.126547,0.077571
perpendicular,5.0,10.0,10.0,20.0,normal,0.000000,0.112768,0.070274
height,5.0,10.0,10.0,20.0,normal,0.000000,0.084922,0.052250
yaw,5.0,10.0,10.0,20.0,normal,0.000000,0.401671,0.104889
width,5.0,10.0,10.0,20.0,normal,0.000000,0.114259,0.083224
length,5.0,10.0,10.0,20.0,normal,0.000000,0.203165,0.115768
box_height,5.0,10.0,10.0,20.0,normal,0.000000,0.094437,0.062387
miss_detection,5.0,10.0,20.0,30.0,constant,1.000000,,
distal,5.0,10.0,20.0,30.0,normal,0.000000,0.126547,0.077571
perpendicular,5.0,10.0,20.0,30.0,normal,0.000000,0.112768,0.070274
height,5.0,10.0,20.0,30.0,normal,0.000000,0.084922,0.052250
yaw,5.0,10.0,20.0,30.0,normal,0.000000,0.401671,0.104889
width,5.0,10.0,20.0,30.0,normal,0.000000,0.114259,0.083224
length,5.0,10.0,20.0,30.0,normal,0.000000,0.203165,0.115768
box_height,5.0,10.0,20.0,30.0,normal,0.000000,0.094437,0.062387
miss_detection,5.0,10.0,30.0,40.0,constant,1.000000,,
distal,5.0,10.0,30.0,40.0,normal,0.000000,0.126547,0.077571
perpendicular,5.0,10.0,30.0,40.0,normal,0.000000,0.112768,0.070274
height,5.0,10.0,30.0,40.0,normal,0.000000,0.084922,0.052250
yaw,5.0,10.0,30.0,40.0,normal,0.000000,0.401671,0.104889
width,5.0,10.0,30.0,40.0,normal,0.000000,0.114259,0.083224
length,5.0,10.0,30.0,40.0,normal,0.000000,0.203165,0.115768
box_height,5.0,10.0,30.0,40.0,normal,0.000000,0.094437,0.062387
miss_detection,5.0,10.0,40.0,50.0,constant,1.000000,,
distal,5.0,10.0,40.0,50.0,normal,0.000000,0.126547,0.077571
perpendicular,5.0,10.0,40.0,50.0,normal,0.000000,0.112768,0.070274
height,5.0,10.0,40.0,50.0,normal,0.000000,0.084922,0.052250
yaw,5.0,10.0,40.0,50.0,normal,0.000000,0.401671,0.104889
width,5.0,10.0,40.0,50.0,normal,0.000000,0.114259,0.083224
length,5.0,10.0,40.0,50.0,normal,0.000000,0.203165,0.115768
box_height,5.0,10.0,40.0,50.0,normal,0.000000,0.094437,0.062387
miss_detection,5.0,10.0,50.0,60.0,constant,1.000000,,
distal,5.0,10.0,50.0,60.0,normal,0.000000,0.126547,0.077571
perpendicular,5.0,10.0,50.0,60.0,normal,0.000000,0.112768,0.070274
height,5.0,10.0,50.0,60.0,normal,0.000000,0.084922,0.052250
yaw,5.0,10.0,50.0,60.0,normal,0.000000,0.401671,0.104889
width,5.0,10.0,50.0,60.0,normal,0.000000,0.114259,0.083224
length,5.0,10.0,50.0,60.0,normal,0.000000,0.203165,0.115768
box_height,5.0,10.0,50.0,60.0,normal,0.000000,0.094437,0.062387
miss_detection,5.0,10.0,60.0,70.0,constant,1.000000,,
distal,5.0,10.0,60.0,70.0,normal,0.000000,0.126547,0.077571
perpendicular,5.0,10.0,60.0,70.0,normal,0.000000,0.112768,0.070274
height,5.0,10.0,60.0,70.0,normal,0.000000,0.084922,0.052250
yaw,5.0,10.0,60.0,70.0,normal,0.000000,0.401671,0.104889
width,5.0,10.0,60.0,70.0,normal,0.000000,0.114259,0.083224
length,5.0,10.0,60.0,70.0,normal,0.000000,0.203165,0.115768
box_height,5.0,10.0,60.0,70.0,normal,0.000000,0.094437,0.062387
miss_detection,5.0,10.0,70.0,80.0,constant,1.000000,,
distal,5.0,10.0,70.0,80.0,normal,0.000000,0.126547,0.077571
perpendicular,5.0,10.0,70.0,80.0,normal,0.000000,0.112768,0.070274
height,5.0,10.0,70.0,80.0,normal,0.000000,0.084922,0.052250
yaw,5.0,10.0,70.0,80.0,normal,0.000000,0.401671,0.104889
width,5.0,10.0,70.0,80.0,normal,0.000000,0.114259,0.083224
length,5.0,10.0,70.0,80.0,normal,0.000000,0.203165,0.115768
box_height,5.0,10.0,70.0,80.0,normal,0.000000,0.094437,0.062387
miss_detection,5.0,10.0,80.0,90.0,constant,1.000000,,
distal,5.0,10.0,80.0,90.0,normal,0.000000,0.126547,0.077571
perpendicular,5.0,10.0,80.0,90.0,normal,0.000000,0.112768,0.070274
height,5.0,10.0,80.0,90.0,normal,0.000000,0.084922,0.052250
yaw,5.0,10.0,80.0,90.0,normal,0.000000,0.401671,0.104889
width,5.0,10.0,80.0,90.0,normal,0.000000,0.114259,0.083224
length,5.0,10.0,80.0,90.0,normal,0.000000,0.203165,0.115768
box_height,5.0,10.0,80.0,90.0,normal,0.000000,0.094437,0.062387
miss_detection,5.0,10.0,90.0,100.0,constant,1.000000,,
distal,5.0,10.0,90.0,100.0,normal,0.000000,0.126547,0.077571
perpendicular,5.0,10.0,90.0,100.0,normal,0.000000,0.112768,0.070274
height,5.0,10.0,90.0,100.0,normal,0.000000,0.084922,0.052250
yaw,5.0,10.0,90.0,100.0,normal,0.000000,0.401671,0.104889
width,5.0,10.0,90.0,100.0,normal,0.000000,0.114259,0.083224
length,5.0,10.0,90.0,100.0,normal,0.000000,0.203165,0.115768
box_height,5.0,10.0,90.0,100.0,normal,0.000000,0.094437,0.062387
miss_detection,5.0,10.0,100.0,110.0,constant,1.000000,,
distal,5.0,10.0,100.0,110.0,normal,0.000000,0.126547,0.077571
perpendicular,5.0,10.0,100.0,110.0,normal,0.000000,0.112768,0.070274
height,5.0,10.0,100.0,110.0,normal,0.000000,0.084922,0.052250
yaw,5.0,10.0,100.0,110.0,normal,0.000000,0.401671,0.104889
width,5.0,10.0,100.0,110.0,normal,0.000000,0.114259,0.083224
length,5.0,10.0,100.0,110.0,normal,0.000000,0.203165,0.115768
box_height,5.0,10.0,100.0,110.0,normal,0.000000,0.094437,0.062387
miss_detection,5.0,10.0,110.0,120.0,constant,1.000000,,
distal,5.0,10.0,110.0,120.0,normal,0.000000,0.126547,0.077571
perpendicular,5.0,10.0,110.0,120.0,normal,0.000000,0.112768,0.070274
height,5.0,10.0,110.0,120.0,normal,0.000000,0.084922,0.052250
yaw,5.0,10.0,110.0,120.0,normal,0.000000,0.401671,0.104889
width,5.0,10.0,110.0,120.0,normal,0.000000,0.114259,0.083224
length,5.0,10.0,110.0,120.0,normal,0.000000,0.203165,0.115768
box_height,5.0,10.0,110.0,120.0,normal,0.000000,0.094437,0.062387
miss_detection,5.0,10.0,120.0,130.0,constant,1.000000,,
distal,5.0,10.0,120.0,130.0,normal,0.000000,0.126547,0.077571
perpendicular,5.0,10.0,120.0,130.0,normal,0.000000,0.112768,0.070274
height,5.0,10.0,120.0,130.0,normal,0.000000,0.084922,0.052250
yaw,5.0,10.0,120.0,130.0,normal,0.000000,0.401671,0.104889
width,5.0,10.0,120.0,130.0,normal,0.000000,0.114259,0.083224
length,5.0,10.0,120.0,130.0,normal,0.000000,0.203165,0.115768
box_height,5.0,10.0,120.0,130.0,normal,0.000000,0.094437,0.062387
miss_detection,5.0,10.0,130.0,140.0,constant,1.000000,,
distal,5.0,10.0,130.0,140.0,normal,0.000000,0.126547,0.077571
perpendicular,5.0,10.0,130.0,140.0,normal,0.000000,0.112768,0.070274
height,5.0,10.0,130.0,140.0,normal,0.000000,0.084922,0.052250
yaw,5.0,10.0,130.0,140.0,normal,0.000000,0.401671,0.104889
width,5.0,10.0,130.0,140.0,normal,0.000000,0.114259,0.083224
length,5.0,10.0,130.0,140.0,normal,0.000000,0.203165,0.115768
box_height,5.0,10.0,130.0,140.0,normal,0.000000,0.094437,0.062387
miss_detection,5.0,10.0,140.0,150.0,constant,1.000000,,
distal,5.0,10.0,140.0,150.0,normal,0.000000,0.126547,0.077571
perpendicular,5.0,10.0,140.0,150.0,normal,0.000000,0.112768,0.070274
height,5.0,10.0,140.0,150.0,normal,0.000000,0.084922,0.052250
yaw,5.0,10.0,140.0,150.0,normal,0.000000,0.401671,0.104889
width,5.0,10.0,140.0,150.0,normal,0.000000,0.114259,0.083224
length,5.0,10.0,140.0,150.0,normal,0.000000,0.203165,0.115768
box_height,5.0,10.0,140.0,150.0,normal,0.000000,0.094437,0.062387
miss_detection,5.0,10.0,150.0,160.0,constant,1.000000,,
distal,5.0,10.0,150.0,160.0,normal,0.000000,0.126547,0.077571
perpendicular,5.0,10.0,150.0,160.0,normal,0.000000,0.112768,0.070274
height,5.0,10.0,150.0,160.0,normal,0.000000,0.084922,0.052250
yaw,5.0,10.0,150.0,160.0,normal,0.000000,0.401671,0.104889
width,5.0,10.0,150.0,160.0,normal,0.000000,0.114259,0.083224
length,5.0,10.0,150.0,160.0,normal,0.000000,0.203165,0.115768
box_height,5.0,10.0,150.0,160.0,normal,0.000000,0.094437,0.062387
miss_detection,5.0,10.0,160.0,170.0,constant,1.000000,,
distal,5.0,10.0,160.0,170.0,normal,0.000000,0.126547,0.077571
perpendicular,5.0,10.0,160.0,170.0,normal,0.000000,0.112768,0.070274
height,5.0,10.0,160.0,170.0,normal,0.000000,0.084922,0.052250
yaw,5.0,10.0,160.0,170.0,normal,0.000000,0.401671,0.104889
width,5.0,10.0,160.0,170.0,normal,0.000000,0.114259,0.083224
length,5.0,10.0,160.0,170.0,normal,0.000000,0.203165,0.115768
box_height,5.0,10.0,160.0,170.0,normal,0.000000,0.094437,0.062387
miss_detection,5.0,10.0,170.0,180.0,constant,1.000000,,
distal,5.0,10.0,170.0,180.0,normal,0.000000,0.126547,0.077571
perpendicular,5.0,10.0,170.0,180.0,normal,0.000000,0.112768,0.070274
height,5.0,10.0,170.0,180.0,normal,0.000000,0.084922,0.052250
yaw,5.0,10.0,170.0,180.0,normal,0.000000,0.401671,0.104889
width,5.0,10.0,170.0,180.0,normal,0.000000,0.114259,0.083224
length,5.0,10.0,170.0,180.0,normal,0.000000,0.203165,0.115768
box_height,5.0,10.0,170.0,180.0,normal,0.000000,0.094437,0.062387
miss_detection,10.0,15.0,-180.0,-170.0,constant,1.000000,,
distal,10.0,15.0,-180.0,-170.0,normal,0.000000,0.126547,0.077571
perpendicular,10.0,15.0,-180.0,-170.0,normal,0.000000,0.112768,0.070274
height,10.0,15.0,-180.0,-170.0,normal,0.000000,0.084922,0.052250
yaw,10.0,15.0,-180.0,-170.0,normal,0.000000,0.401671,0.104889
width,10.0,15.0,-180.0,-170.0,normal,0.000000,0.114259,0.083224
length,10.0,15.0,-180.0,-170.0,normal,0.000000,0.203165,0.115768
box_height,10.0,15.0,-180.0,-170.0,normal,0.000000,0.094437,0.062387
miss_detection,10.0,15.0,-170.0,-160.0,constant,1.000000,,
distal,10.0,15.0,-170.0,-160.0,normal,0.000000,0.126547,0.077571
perpendicular,10.0,15.0,-170.0,-160.0,normal,0.000000,0.112768,0.070274
height,10.0,15.0,-170.0,-160.0,normal,0.000000,0.084922,0.052250
yaw,10.0,15.0,-170.0,-160.0,normal,0.000000,0.401671,0.104889
width,10.0,15.0,-170.0,-160.0,normal,0.000000,0.114259,0.083224
length,10.0,15.0,-170.0,-160.0,normal,0.000000,0.203165,0.115768
box_height,10.0,15.0,-170.0,-160.0,normal,0.000000,0.094437,0.062387
miss_detection,10.0,15.0,-160.0,-150.0,constant,1.000000,,
distal,10.0,15.0,-160.0,-150.0,normal,0.000000,0.126547,0.077571
perpendicular,10.0,15.0,-160.0,-150.0,normal,0.000000,0.112768,0.070274
height,10.0,15.0,-160.0,-150.0,normal,0.000000,0.084922,0.052250
yaw,10.0,15.0,-160.0,-150.0,normal,0.000000,0.401671,0.104889
width,10.0,15.0,-160.0,-150.0,normal,0.000000,0.114259,0.083224
length,10.0,15.0,-160.0,-150.0,normal,0.000000,0.203165,0.115768
box_height,10.0,15.0,-160.0,-150.0,normal,0.000000,0.094437,0.062387
miss_detection,10.0,15.0,-150.0,-140.0,constant,1.000000,,
distal,10.0,15.0,-150.0,-140.0,normal,0.000000,0.126547,0.077571
perpendicular,10.0,15.0,-150.0,-140.0,normal,0.000000,0.112768,0.070274
height,10.0,15.0,-150.0,-140.0,normal,0.000000,0.084922,0.052250
yaw,10.0,15.0,-150.0,-140.0,normal,0.000000,0.401671,0.104889
width,10.0,15.0,-150.0,-140.0,normal,0.000000,0.114259,0.083224
length,10.0,15.0,-150.0,-140.0,normal,0.000000,0.203165,0.115768
box_height,10.0,15.0,-150.0,-140.0,normal,0.000000,0.094437,0.062387
miss_detection,10.0,15.0,-140.0,-130.0,constant,1.000000,,
distal,10.0,15.0,-140.0,-130.0,normal,0.000000,0.126547,0.077571
perpendicular,10.0,15.0,-140.0,-130.0,normal,0.000000,0.112768,0.070274
height,10.0,15.0,-140.0,-130.0,normal,0.000000,0.084922,0.052250
yaw,10.0,15.0,-140.0,-130.0,normal,0.000000,0.401671,0.104889
width,10.0,15.0,-140.0,-130.0,normal,0.000000,0.114259,0.083224
length,10.0,15.0,-140.0,-130.0,normal,0.000000,0.203165,0.115768
box_height,10.0,15.0,-140.0,-130.0,normal,0.000000,0.094437,0.062387
miss_detection,10.0,15.0,-130.0,-120.0,constant,1.000000,,
distal,10.0,15.0,-130.0,-120.0,normal,0.000000,0.126547,0.077571
perpendicular,10.0,15.0,-130.0,-120.0,normal,0.000000,0.112768,0.070274
height,10.0,15.0,-130.0,-120.0,normal,0.000000,0.084922,0.052250
yaw,10.0,15.0,-130.0,-120.0,normal,0.000000,0.401671,0.104889
width,10.0,15.0,-130.0,-120.0,normal,0.000000,0.114259,0.083224
length,10.0,15.0,-130.0,-120.0,normal,0.000000,0.203165,0.115768
box_height,10.0,15.0,-130.0,-120.0,normal,0.000000,0.094437,0.062387
miss_detection,10.0,15.0,-120.0,-110.0,constant,1.000000,,
distal,10.0,15.0,-120.0,-110.0,normal,0.000000,0.126547,0.077571
perpendicular,10.0,15.0,-120.0,-110.0,normal,0.000000,0.112768,0.070274
height,10.0,15.0,-120.0,-110.0,normal,0.000000,0.084922,0.052250
yaw,10.0,15.0,-120.0,-110.0,normal,0.000000,0.401671,0.104889
width,10.0,15.0,-120.0,-110.0,normal,0.000000,0.114259,0.083224
length,10.0,15.0,-120.0,-110.0,normal,0.000000,0.203165,0.115768
box_height,10.0,15.0,-120.0,-110.0,normal,0.000000,0.094437,0.062387
miss_detection,10.0,15.0,-110.0,-100.0,constant,1.000000,,
distal,10.0,15.0,-110.0,-100.0,normal,0.000000,0.126547,0.077571
perpendicular,10.0,15.0,-110.0,-100.0,normal,0.000000,0.112768,0.070274
height,10.0,15.0,-110.0,-100.0,normal,0.000000,0.084922,0.052250
yaw,10.0,15.0,-110.0,-100.0,normal,0.000000,0.401671,0.104889
width,10.0,15.0,-110.0,-100.0,normal,0.000000,0.114259,0.083224
length,10.0,15.0,-110.0,-100.0,normal,0.000000,0.203165,0.115768
box_height,10.0,15.0,-110.0,-100.0,normal,0.000000,0.094437,0.062387
miss_detection,10.0,15.0,-100.0,-90.0,constant,1.000000,,
distal,10.0,15.0,-100.0,-90.0,normal,0.000000,0.126547,0.077571
perpendicular,10.0,15.0,-100.0,-90.0,normal,0.000000,0.112768,0.070274
height,10.0,15.0,-100.0,-90.0,normal,0.000000,0.084922,0.052250
yaw,10.0,15.0,-100.0,-90.0,normal,0.000000,0.401671,0.104889
width,10.0,15.0,-100.0,-90.0,normal,0.000000,0.114259,0.083224
length,10.0,15.0,-100.0,-90.0,normal,0.000000,0.203165,0.115768
box_height,10.0,15.0,-100.0,-90.0,normal,0.000000,0.094437,0.062387
miss_detection,10.0,15.0,-90.0,-80.0,constant,1.000000,,
distal,10.0,15.0,-90.0,-80.0,normal,0.000000,0.126547,0.077571
perpendicular,10.0,15.0,-90.0,-80.0,normal,0.000000,0.112768,0.070274
height,10.0,15.0,-90.0,-80.0,normal,0.000000,0.084922,0.052250
yaw,10.0,15.0,-90.0,-80.0,normal,0.000000,0.401671,0.104889
width,10.0,15.0,-90.0,-80.0,normal,0.000000,0.114259,0.083224
length,10.0,15.0,-90.0,-80.0,normal,0.000000,0.203165,0.115768
box_height,10.0,15.0,-90.0,-80.0,normal,0.000000,0.094437,0.062387
miss_detection,10.0,15.0,-80.0,-70.0,constant,1.000000,,
distal,10.0,15.0,-80.0,-70.0,normal,0.000000,0.126547,0.077571
perpendicular,10.0,15.0,-80.0,-70.0,normal,0.000000,0.112768,0.070274
height,10.0,15.0,-80.0,-70.0,normal,0.000000,0.084922,0.052250
yaw,10.0,15.0,-80.0,-70.0,normal,0.000000,0.401671,0.104889
width,10.0,15.0,-80.0,-70.0,normal,0.000000,0.114259,0.083224
length,10.0,15.0,-80.0,-70.0,normal,0.000000,0.203165,0.115768
box_height,10.0,15.0,-80.0,-70.0,normal,0.000000,0.094437,0.062387
miss_detection,10.0,15.0,-70.0,-60.0,constant,1.000000,,
distal,10.0,15.0,-70.0,-60.0,normal,0.000000,0.126547,0.077571
perpendicular,10.0,15.0,-70.0,-60.0,normal,0.000000,0.112768,0.070274
height,10.0,15.0,-70.0,-60.0,normal,0.000000,0.084922,0.052250
yaw,10.0,15.0,-70.0,-60.0,normal,0.000000,0.401671,0.104889
width,10.0,15.0,-70.0,-60.0,normal,0.000000,0.114259,0.083224
length,10.0,15.0,-70.0,-60.0,normal,0.000000,0.203165,0.115768
box_height,10.0,15.0,-70.0,-60.0,normal,0.000000,0.094437,0.062387
miss_detection,10.0,15.0,-60.0,-50.0,constant,1.000000,,
distal,10.0,15.0,-60.0,-50.0,normal,0.000000,0.126547,0.077571
perpendicular,10.0,15.0,-60.0,-50.0,normal,0.000000,0.112768,0.070274
height,10.0,15.0,-60.0,-50.0,normal,0.000000,0.084922,0.052250
yaw,10.0,15.0,-60.0,-50.0,normal,0.000000,0.401671,0.104889
width,10.0,15.0,-60.0,-50.0,normal,0.000000,0.114259,0.083224
length,10.0,15.0,-60.0,-50.0,normal,0.000000,0.203165,0.115768
box_height,10.0,15.0,-60.0,-50.0,normal,0.000000,0.094437,0.062387
miss_detection,10.0,15.0,-50.0,-40.0,constant,1.000000,,
distal,10.0,15.0,-50.0,-40.0,normal,0.000000,0.126547,0.077571
perpendicular,10.0,15.0,-50.0,-40.0,normal,0.000000,0.112768,0.070274
height,10.0,15.0,-50.0,-40.0,normal,0.000000,0.084922,0.052250
yaw,10.0,15.0,-50.0,-40.0,normal,0.000000,0.401671,0.104889
width,10.0,15.0,-50.0,-40.0,normal,0.000000,0.114259,0.083224
length,10.0,15.0,-50.0,-40.0,normal,0.000000,0.203165,0.115768
box_height,10.0,15.0,-50.0,-40.0,normal,0.000000,0.094437,0.062387
miss_detection,10.0,15.0,-40.0,-30.0,constant,0.986301,,
distal,10.0,15.0,-40.0,-30.0,normal,0.000000,0.260176,0.311488
perpendicular,10.0,15.0,-40.0,-30.0,normal,0.000000,0.172355,0.130598
height,10.0,15.0,-40.0,-30.0,normal,0.000000,0.175021,0.163124
yaw,10.0,15.0,-40.0,-30.0,normal,0.000000,0.160077,0.133394
width,10.0,15.0,-40.0,-30.0,normal,0.000000,0.109080,0.137020
length,10.0,15.0,-40.0,-30.0,normal,0.000000,0.427273,0.418750
box_height,10.0,15.0,-40.0,-30.0,normal,0.000000,0.055966,0.450709
miss_detection,10.0,15.0,-30.0,-20.0,constant,0.579618,,
distal,10.0,15.0,-30.0,-20.0,normal,0.000000,0.237408,0.179000
perpendicular,10.0,15.0,-30.0,-20.0,normal,0.000000,0.147773,0.119318
height,10.0,15.0,-30.0,-20.0,normal,0.000000,0.082827,0.046092
yaw,10.0,15.0,-30.0,-20.0,normal,0.000000,0.071503,0.073527
width,10.0,15.0,-30.0,-20.0,normal,0.000000,0.134581,0.101975
length,10.0,15.0,-30.0,-20.0,normal,0.000000,0.271777,0.148194
box_height,10.0,15.0,-30.0,-20.0,normal,0.000000,0.185240,0.102350
miss_detection,10.0,15.0,-20.0,-10.0,constant,0.353036,,
distal,10.0,15.0,-20.0,-10.0,normal,0.000000,0.306570,0.208024
perpendicular,10.0,15.0,-20.0,-10.0,normal,0.000000,0.103455,0.084215
height,10.0,15.0,-20.0,-10.0,normal,0.000000,0.036426,0.025006
yaw,10.0,15.0,-20.0,-10.0,normal,0.000000,0.055721,0.090134
width,10.0,15.0,-20.0,-10.0,normal,0.000000,0.103212,0.078222
length,10.0,15.0,-20.0,-10.0,normal,0.000000,0.244913,0.153455
box_height,10.0,15.0,-20.0,-10.0,normal,0.000000,0.057652,0.036025
miss_detection,10.0,15.0,-10.0,0.0,constant,0.247152,,
distal,10.0,15.0,-10.0,0.0,normal,0.000000,0.264029,0.177034
perpendicular,10.0,15.0,-10.0,0.0,normal,0.000000,0.064429,0.047779
height,10.0,15.0,-10.0,0.0,normal,0.000000,0.039143,0.029021
yaw,10.0,15.0,-10.0,0.0,normal,0.000000,0.054145,0.104583
width,10.0,15.0,-10.0,0.0,normal,0.000000,0.086373,0.061890
length,10.0,15.0,-10.0,0.0,normal,0.000000,0.149901,0.099250
box_height,10.0,15.0,-10.0,0.0,normal,0.000000,0.081731,0.055216
miss_detection,10.0,15.0,0.0,10.0,constant,0.060429,,
distal,10.0,15.0,0.0,10.0,normal,0.000000,0.177235,0.113104
perpendicular,10.0,15.0,0.0,10.0,normal,0.000000,0.059371,0.043047
height,10.0,15.0,0.0,10.0,normal,0.000000,0.047436,0.028021
yaw,10.0,15.0,0.0,10.0,normal,0.000000,0.069240,0.095743
width,10.0,15.0,0.0,10.0,normal,0.000000,0.081999,0.063435
length,10.0,15.0,0.0,10.0,normal,0.000000,0.125393,0.089276
box_height,10.0,15.0,0.0,10.0,normal,0.000000,0.091027,0.049979
miss_detection,10.0,15.0,10.0,20.0,constant,0.109705,,
distal,10.0,15.0,10.0,20.0,normal,0.000000,0.091493,0.048508
perpendicular,10.0,15.0,10.0,20.0,normal,0.000000,0.087228,0.105759
height,10.0,15.0,10.0,20.0,normal,0.000000,0.034493,0.029722
yaw,10.0,15.0,10.0,20.0,normal,0.000000,0.367122,0.147109
width,10.0,15.0,10.0,20.0,normal,0.000000,0.070444,0.056033
length,10.0,15.0,10.0,20.0,normal,0.000000,0.090725,0.071955
box_height,10.0,15.0,10.0,20.0,normal,0.000000,0.055284,0.040694
miss_detection,10.0,15.0,20.0,30.0,constant,0.047431,,
distal,10.0,15.0,20.0,30.0,normal,0.000000,0.091764,0.058857
perpendicular,10.0,15.0,20.0,30.0,normal,0.000000,0.057490,0.051036
height,10.0,15.0,20.0,30.0,normal,0.000000,0.032921,0.026233
yaw,10.0,15.0,20.0,30.0,normal,0.000000,0.036050,0.103751
width,10.0,15.0,20.0,30.0,normal,0.000000,0.104642,0.079596
length,10.0,15.0,20.0,30.0,normal,0.000000,0.116787,0.090848
box_height,10.0,15.0,20.0,30.0,normal,0.000000,0.054582,0.040933
miss_detection,10.0,15.0,30.0,40.0,constant,1.000000,,
distal,10.0,15.0,30.0,40.0,normal,0.000000,0.126547,0.077571
perpendicular,10.0,15.0,30.0,40.0,normal,0.000000,0.112768,0.070274
height,10.0,15.0,30.0,40.0,normal,0.000000,0.084922,0.052250
yaw,10.0,15.0,30.0,40.0,normal,0.000000,0.401671,0.104889
width,10.0,15.0,30.0,40.0,normal,0.000000,0.114259,0.083224
length,10.0,15.0,30.0,40.0,normal,0.000000,0.203165,0.115768
box_height,10.0,15.0,30.0,40.0,normal,0.000000,0.094437,0.062387
miss_detection,10.0,15.0,40.0,50.0,constant,1.000000,,
distal,10.0,15.0,40.0,50.0,normal,0.000000,0.126547,0.077571
perpendicular,10.0,15.0,40.0,50.0,normal,0.000000,0.112768,0.070274
height,10.0,15.0,40.0,50.0,normal,0.000000,0.084922,0.052250
yaw,10.0,15.0,40.0,50.0,normal,0.000000,0.401671,0.104889
width,10.0,15.0,40.0,50.0,normal,0.000000,0.114259,0.083224
length,10.0,15.0,40.0,50.0,normal,0.000000,0.203165,0.115768
box_height,10.0,15.0,40.0,50.0,normal,0.000000,0.094437,0.062387
miss_detection,10.0,15.0,50.0,60.0,constant,1.000000,,
distal,10.0,15.0,50.0,60.0,normal,0.000000,0.126547,0.077571
perpendicular,10.0,15.0,50.0,60.0,normal,0.000000,0.112768,0.070274
height,10.0,15.0,50.0,60.0,normal,0.000000,0.084922,0.052250
yaw,10.0,15.0,50.0,60.0,normal,0.000000,0.401671,0.104889
width,10.0,15.0,50.0,60.0,normal,0.000000,0.114259,0.083224
length,10.0,15.0,50.0,60.0,normal,0.000000,0.203165,0.115768
box_height,10.0,15.0,50.0,60.0,normal,0.000000,0.094437,0.062387
miss_detection,10.0,15.0,60.0,70.0,constant,1.000000,,
distal,10.0,15.0,60.0,70.0,normal,0.000000,0.126547,0.077571
perpendicular,10.0,15.0,60.0,70.0,normal,0.000000,0.112768,0.070274
height,10.0,15.0,60.0,70.0,normal,0.000000,0.084922,0.052250
yaw,10.0,15.0,60.0,70.0,normal,0.000000,0.401671,0.104889
width,10.0,15.0,60.0,70.0,normal,0.000000,0.114259,0.083224
length,10.0,15.0,60.0,70.0,normal,0.000000,0.203165,0.115768
box_height,10.0,15.0,60.0,70.0,normal,0.000000,0.094437,0.062387
miss_detection,10.0,15.0,70.0,80.0,constant,1.000000,,
distal,10.0,15.0,70.0,80.0,normal,0.000000,0.126547,0.077571
perpendicular,10.0,15.0,70.0,80.0,normal,0.000000,0.112768,0.070274
height,10.0,15.0,70.0,80.0,normal,0.000000,0.084922,0.052250
yaw,10.0,15.0,70.0,80.0,normal,0.000000,0.401671,0.104889
width,10.0,15.0,70.0,80.0,normal,0.000000,0.114259,0.083224
length,10.0,15.0,70.0,80.0,normal,0.000000,0.203165,0.115768
box_height,10.0,15.0,70.0,80.0,normal,0.000000,0.094437,0.062387
miss_detection,10.0,15.0,80.0,90.0,constant,1.000000,,
distal,10.0,15.0,80.0,90.0,normal,0.000000,0.126547,0.077571
perpendicular,10.0,15.0,80.0,90.0,normal,0.000000,0.112768,0.070274
height,10.0,15.0,80.0,90.0,normal,0.000000,0.084922,0.052250
yaw,10.0,15.0,80.0,90.0,normal,0.000000,0.401671,0.104889
width,10.0,15.0,80.0,90.0,normal,0.000000,0.114259,0.083224
length,10.0,15.0,80.0,90.0,normal,0.000000,0.203165,0.115768
box_height,10.0,15.0,80.0,90.0,normal,0.000000,0.094437,0.062387
miss_detection,10.0,15.0,90.0,100.0,constant,1.000000,,
distal,10.0,15.0,90.0,100.0,normal,0.000000,0.126547,0.077571
perpendicular,10.0,15.0,90.0,100.0,normal,0.000000,0.112768,0.070274
height,10.0,15.0,90.0,100.0,normal,0.000000,0.084922,0.052250
yaw,10.0,15.0,90.0,100.0,normal,0.000000,0.401671,0.104889
width,10.0,15.0,90.0,100.0,normal,0.000000,0.114259,0.083224
length,10.0,15.0,90.0,100.0,normal,0.000000,0.203165,0.115768
box_height,10.0,15.0,90.0,100.0,normal,0.000000,0.094437,0.062387
miss_detection,10.0,15.0,100.0,110.0,constant,1.000000,,
distal,10.0,15.0,100.0,110.0,normal,0.000000,0.126547,0.077571
perpendicular,10.0,15.0,100.0,110.0,normal,0.000000,0.112768,0.070274
height,10.0,15.0,100.0,110.0,normal,0.000000,0.084922,0.052250
yaw,10.0,15.0,100.0,110.0,normal,0.000000,0.401671,0.104889
width,10.0,15.0,100.0,110.0,normal,0.000000,0.114259,0.083224
length,10.0,15.0,100.0,110.0,normal,0.000000,0.203165,0.115768
box_height,10.0,15.0,100.0,110.0,normal,0.000000,0.094437,0.062387
miss_detection,10.0,15.0,110.0,120.0,constant,1.000000,,
distal,10.0,15.0,110.0,120.0,normal,0.000000,0.126547,0.077571
perpendicular,10.0,15.0,110.0,120.0,normal,0.000000,0.112768,0.070274
height,10.0,15.0,110.0,120.0,normal,0.000000,0.084922,0.052250
yaw,10.0,15.0,110.0,120.0,normal,0.000000,0.401671,0.104889
width,10.0,15.0,110.0,120.0,normal,0.000000,0.114259,0.083224
length,10.0,15.0,110.0,120.0,normal,0.000000,0.203165,0.115768
box_height,10.0,15.0,110.0,120.0,normal,0.000000,0.094437,0.062387
miss_detection,10.0,15.0,120.0,130.0,constant,1.000000,,
distal,10.0,15.0,120.0,130.0,normal,0.000000,0.126547,0.077571
perpendicular,10.0,15.0,120.0,130.0,normal,0.000000,0.112768,0.070274
height,10.0,15.0,120.0,130.0,normal,0.000000,0.084922,0.052250
yaw,10.0,15.0,120.0,130.0,normal,0.000000,0.401671,0.104889
width,10.0,15.0,120.0,130.0,normal,0.000000,0.114259,0.083224
length,10.0,15.0,120.0,130.0,normal,0.000000,0.203165,0.115768
box_height,10.0,15.0,120.0,130.0,normal,0.000000,0.094437,0.062387
miss_detection,10.0,15.0,130.0,140.0,constant,1.000000,,
distal,10.0,15.0,130.0,140.0,normal,0.000000,0.126547,0.077571
perpendicular,10.0,15.0,130.0,140.0,normal,0.000000,0.112768,0.070274
height,10.0,15.0,130.0,140.0,normal,0.000000,0.084922,0.052250
yaw,10.0,15.0,130.0,140.0,normal,0.000000,0.401671,0.104889
width,10.0,15.0,130.0,140.0,normal,0.000000,0.114259,0.083224
length,10.0,15.0,130.0,140.0,normal,0.000000,0.203165,0.115768
box_height,10.0,15.0,130.0,140.0,normal,0.000000,0.094437,0.062387
miss_detection,10.0,15.0,140.0,150.0,constant,1.000000,,
distal,10.0,15.0,140.0,150.0,normal,0.000000,0.126547,0.077571
perpendicular,10.0,15.0,140.0,150.0,normal,0.000000,0.112768,0.070274
height,10.0,15.0,140.0,150.0,normal,0.000000,0.084922,0.052250
yaw,10.0,15.0,140.0,150.0,normal,0.000000,0.401671,0.104889
width,10.0,15.0,140.0,150.0,normal,0.000000,0.114259,0.083224
length,10.0,15.0,140.0,150.0,normal,0.000000,0.203165,0.115768
box_height,10.0,15.0,140.0,150.0,normal,0.000000,0.094437,0.062387
miss_detection,10.0,15.0,150.0,160.0,constant,1.000000,,
distal,10.0,15.0,150.0,160.0,normal,0.000000,0.126547,0.077571
perpendicular,10.0,15.0,150.0,160.0,normal,0.000000,0.112768,0.070274
height,10.0,15.0,150.0,160.0,normal,0.000000,0.084922,0.052250
yaw,10.0,15.0,150.0,160.0,normal,0.000000,0.401671,0.104889
width,10.0,15.0,150.0,160.0,normal,0.000000,0.114259,0.083224
length,10.0,15.0,150.0,160.0,normal,0.000000,0.203165,0.115768
box_height,10.0,15.0,150.0,160.0,normal,0.000000,0.094437,0.062387
miss_detection,10.0,15.0,160.0,170.0,constant,1.000000,,
distal,10.0,15.0,160.0,170.0,normal,0.000000,0.126547,0.077571
perpendicular,10.0,15.0,160.0,170.0,normal,0.000000,0.112768,0.070274
height,10.0,15.0,160.0,170.0,normal,0.000000,0.084922,0.052250
yaw,10.0,15.0,160.0,170.0,normal,0.000000,0.401671,0.104889
width,10.0,15.0,160.0,170.0,normal,0.000000,0.114259,0.083224
length,10.0,15.0,160.0,170.0,normal,0.000000,0.203165,0.115768
box_height,10.0,15.0,160.0,170.0,normal,0.000000,0.094437,0.062387
miss_detection,10.0,15.0,170.0,180.0,constant,1.000000,,
distal,10.0,15.0,170.0,180.0,normal,0.000000,0.126547,0.077571
perpendicular,10.0,15.0,170.0,180.0,normal,0.000000,0.112768,0.070274
height,10.0,15.0,170.0,180.0,normal,0.000000,0.084922,0.052250
yaw,10.0,15.0,170.0,180.0,normal,0.000000,0.401671,0.104889
width,10.0,15.0,170.0,180.0,normal,0.000000,0.114259,0.083224
length,10.0,15.0,170.0,180.0,normal,0.000000,0.203165,0.115768
box_height,10.0,15.0,170.0,180.0,normal,0.000000,0.094437,0.062387
miss_detection,15.0,20.0,-180.0,-170.0,constant,1.000000,,
distal,15.0,20.0,-180.0,-170.0,normal,0.000000,0.126547,0.077571
perpendicular,15.0,20.0,-180.0,-170.0,normal,0.000000,0.112768,0.070274
height,15.0,20.0,-180.0,-170.0,normal,0.000000,0.084922,0.052250
yaw,15.0,20.0,-180.0,-170.0,normal,0.000000,0.401671,0.104889
width,15.0,20.0,-180.0,-170.0,normal,0.000000,0.114259,0.083224
length,15.0,20.0,-180.0,-170.0,normal,0.000000,0.203165,0.115768
box_height,15.0,20.0,-180.0,-170.0,normal,0.000000,0.094437,0.062387
miss_detection,15.0,20.0,-170.0,-160.0,constant,1.000000,,
distal,15.0,20.0,-170.0,-160.0,normal,0.000000,0.126547,0.077571
perpendicular,15.0,20.0,-170.0,-160.0,normal,0.000000,0.112768,0.070274
height,15.0,20.0,-170.0,-160.0,normal,0.000000,0.084922,0.052250
yaw,15.0,20.0,-170.0,-160.0,normal,0.000000,0.401671,0.104889
width,15.0,20.0,-170.0,-160.0,normal,0.000000,0.114259,0.083224
length,15.0,20.0,-170.0,-160.0,normal,0.000000,0.203165,0.115768
box_height,15.0,20.0,-170.0,-160.0,normal,0.000000,0.094437,0.062387
miss_detection,15.0,20.0,-160.0,-150.0,constant,1.000000,,
distal,15.0,20.0,-160.0,-150.0,normal,0.000000,0.126547,0.077571
perpendicular,15.0,20.0,-160.0,-150.0,normal,0.000000,0.112768,0.070274
height,15.0,20.0,-160.0,-150.0,normal,0.000000,0.084922,0.052250
yaw,15.0,20.0,-160.0,-150.0,normal,0.000000,0.401671,0.104889
width,15.0,20.0,-160.0,-150.0,normal,0.000000,0.114259,0.083224
length,15.0,20.0,-160.0,-150.0,normal,0.000000,0.203165,0.115768
box_height,15.0,20.0,-160.0,-150.0,normal,0.000000,0.094437,0.062387
miss_detection,15.0,20.0,-150.0,-140.0,constant,1.000000,,
distal,15.0,20.0,-150.0,-140.0,normal,0.000000,0.126547,0.077571
perpendicular,15.0,20.0,-150.0,-140.0,normal,0.000000,0.112768,0.070274
height,15.0,20.0,-150.0,-140.0,normal,0.000000,0.084922,0.052250
yaw,15.0,20.0,-150.0,-140.0,normal,0.000000,0.401671,0.104889
width,15.0,20.0,-150.0,-140.0,normal,0.000000,0.114259,0.083224
length,15.0,20.0,-150.0,-140.0,normal,0.000000,0.203165,0.115768
box_height,15.0,20.0,-150.0,-140.0,normal,0.000000,0.094437,0.062387
miss_detection,15.0,20.0,-140.0,-130.0,constant,1.000000,,
distal,15.0,20.0,-140.0,-130.0,normal,0.000000,0.126547,0.077571
perpendicular,15.0,20.0,-140.0,-130.0,normal,0.000000,0.112768,0.070274
height,15.0,20.0,-140.0,-130.0,normal,0.000000,0.084922,0.052250
yaw,15.0,20.0,-140.0,-130.0,normal,0.000000,0.401671,0.104889
width,15.0,20.0,-140.0,-130.0,normal,0.000000,0.114259,0.083224
length,15.0,20.0,-140.0,-130.0,normal,0.000000,0.203165,0.115768
box_height,15.0,20.0,-140.0,-130.0,normal,0.000000,0.094437,0.062387
miss_detection,15.0,20.0,-130.0,-120.0,constant,1.000000,,
distal,15.0,20.0,-130.0,-120.0,normal,0.000000,0.126547,0.077571
perpendicular,15.0,20.0,-130.0,-120.0,normal,0.000000,0.112768,0.070274
height,15.0,20.0,-130.0,-120.0,normal,0.000000,0.084922,0.052250
yaw,15.0,20.0,-130.0,-120.0,normal,0.000000,0.401671,0.104889
width,15.0,20.0,-130.0,-120.0,normal,0.000000,0.114259,0.083224
length,15.0,20.0,-130.0,-120.0,normal,0.000000,0.203165,0.115768
box_height,15.0,20.0,-130.0,-120.0,normal,0.000000,0.094437,0.062387
miss_detection,15.0,20.0,-120.0,-110.0,constant,1.000000,,
distal,15.0,20.0,-120.0,-110.0,normal,0.000000,0.126547,0.077571
perpendicular,15.0,20.0,-120.0,-110.0,normal,0.000000,0.112768,0.070274
height,15.0,20.0,-120.0,-110.0,normal,0.000000,0.084922,0.052250
yaw,15.0,20.0,-120.0,-110.0,normal,0.000000,0.401671,0.104889
width,15.0,20.0,-120.0,-110.0,normal,0.000000,0.114259,0.083224
length,15.0,20.0,-120.0,-110.0,normal,0.000000,0.203165,0.115768
box_height,15.0,20.0,-120.0,-110.0,normal,0.000000,0.094437,0.062387
miss_detection,15.0,20.0,-110.0,-100.0,constant,1.000000,,
distal,15.0,20.0,-110.0,-100.0,normal,0.000000,0.126547,0.077571
perpendicular,15.0,20.0,-110.0,-100.0,normal,0.000000,0.112768,0.070274
height,15.0,20.0,-110.0,-100.0,normal,0.000000,0.084922,0.052250
yaw,15.0,20.0,-110.0,-100.0,normal,0.000000,0.401671,0.104889
width,15.0,20.0,-110.0,-100.0,normal,0.000000,0.114259,0.083224
length,15.0,20.0,-110.0,-100.0,normal,0.000000,0.203165,0.115768
box_height,15.0,20.0,-110.0,-100.0,normal,0.000000,0.094437,0.062387
miss_detection,15.0,20.0,-100.0,-90.0,constant,1.000000,,
distal,15.0,20.0,-100.0,-90.0,normal,0.000000,0.126547,0.077571
perpendicular,15.0,20.0,-100.0,-90.0,normal,0.000000,0.112768,0.070274
height,15.0,20.0,-100.0,-90.0,normal,0.000000,0.084922,0.052250
yaw,15.0,20.0,-100.0,-90.0,normal,0.000000,0.401671,0.104889
width,15.0,20.0,-100.0,-90.0,normal,0.000000,0.114259,0.083224
length,15.0,20.0,-100.0,-90.0,normal,0.000000,0.203165,0.115768
box_height,15.0,20.0,-100.0,-90.0,normal,0.000000,0.094437,0.062387
miss_detection,15.0,20.0,-90.0,-80.0,constant,1.000000,,
distal,15.0,20.0,-90.0,-80.0,normal,0.000000,0.126547,0.077571
perpendicular,15.0,20.0,-90.0,-80.0,normal,0.000000,0.112768,0.070274
height,15.0,20.0,-90.0,-80.0,normal,0.000000,0.084922,0.052250
yaw,15.0,20.0,-90.0,-80.0,normal,0.000000,0.401671,0.104889
width,15.0,20.0,-90.0,-80.0,normal,0.000000,0.114259,0.083224
length,15.0,20.0,-90.0,-80.0,normal,0.000000,0.203165,0.115768
box_height,15.0,20.0,-90.0,-80.0,normal,0.000000,0.094437,0.062387
miss_detection,15.0,20.0,-80.0,-70.0,constant,1.000000,,
distal,15.0,20.0,-80.0,-70.0,normal,0.000000,0.126547,0.077571
perpendicular,15.0,20.0,-80.0,-70.0,normal,0.000000,0.112768,0.070274
height,15.0,20.0,-80.0,-70.0,normal,0.000000,0.084922,0.052250
yaw,15.0,20.0,-80.0,-70.0,normal,0.000000,0.401671,0.104889
width,15.0,20.0,-80.0,-70.0,normal,0.000000,0.114259,0.083224
length,15.0,20.0,-80.0,-70.0,normal,0.000000,0.203165,0.115768
box_height,15.0,20.0,-80.0,-70.0,normal,0.000000,0.094437,0.062387
miss_detection,15.0,20.0,-70.0,-60.0,constant,1.000000,,
distal,15.0,20.0,-70.0,-60.0,normal,0.000000,0.126547,0.077571
perpendicular,15.0,20.0,-70.0,-60.0,normal,0.000000,0.112768,0.070274
height,15.0,20.0,-70.0,-60.0,normal,0.000000,0.084922,0.052250
yaw,15.0,20.0,-70.0,-60.0,normal,0.000000,0.401671,0.104889
width,15.0,20.0,-70.0,-60.0,normal,0.000000,0.114259,0.083224
length,15.0,20.0,-70.0,-60.0,normal,0.000000,0.203165,0.115768
box_height,15.0,20.0,-70.0,-60.0,normal,0.000000,0.094437,0.062387
miss_detection,15.0,20.0,-60.0,-50.0,constant,1.000000,,
distal,15.0,20.0,-60.0,-50.0,normal,0.000000,0.126547,0.077571
perpendicular,15.0,20.0,-60.0,-50.0,normal,0.000000,0.112768,0.070274
height,15.0,20.0,-60.0,-50.0,normal,0.000000,0.084922,0.052250
yaw,15.0,20.0,-60.0,-50.0,normal,0.000000,0.401671,0.104889
width,15.0,20.0,-60.0,-50.0,normal,0.000000,0.114259,0.083224
length,15.0,20.0,-60.0,-50.0,normal,0.000000,0.203165,0.115768
box_height,15.0,20.0,-60.0,-50.0,normal,0.000000,0.094437,0.062387
miss_detection,15.0,20.0,-50.0,-40.0,constant,0.000000,,
distal,15.0,20.0,-50.0,-40.0,normal,0.000000,0.035174,0.038296
perpendicular,15.0,20.0,-50.0,-40.0,normal,0.000000,0.036465,0.098854
height,15.0,20.0,-50.0,-40.0,normal,0.000000,0.036333,0.147814
yaw,15.0,20.0,-50.0,-40.0,normal,0.000000,0.067389,0.067389
width,15.0,20.0,-50.0,-40.0,normal,0.000000,0.022236,0.060094
length,15.0,20.0,-50.0,-40.0,normal,0.000000,0.048632,0.231704
box_height,15.0,20.0,-50.0,-40.0,normal,0.000000,0.013791,0.173110
miss_detection,15.0,20.0,-40.0,-30.0,constant,0.150943,,
distal,15.0,20.0,-40.0,-30.0,normal,0.000000,0.164584,0.110278
perpendicular,15.0,20.0,-40.0,-30.0,normal,0.000000,0.151512,0.105128
height,15.0,20.0,-40.0,-30.0,normal,0.000000,0.070416,0.049909
yaw,15.0,20.0,-40.0,-30.0,normal,0.000000,0.059816,0.048248
width,15.0,20.0,-40.0,-30.0,normal,0.000000,0.103033,0.086850
length,15.0,20.0,-40.0,-30.0,normal,0.000000,0.223835,0.174322
box_height,15.0,20.0,-40.0,-30.0,normal,0.000000,0.117750,0.091983
miss_detection,15.0,20.0,-30.0,-20.0,constant,0.391574,,
distal,15.0,20.0,-30.0,-20.0,normal,0.000000,0.090768,0.056867
perpendicular,15.0,20.0,-30.0,-20.0,normal,0.000000,0.063475,0.040256
height,15.0,20.0,-30.0,-20.0,normal,0.000000,0.053906,0.030173
yaw,15.0,20.0,-30.0,-20.0,normal,0.000000,0.064153,0.089715
width,15.0,20.0,-30.0,-20.0,normal,0.000000,0.083096,0.059777
length,15.0,20.0,-30.0,-20.0,normal,0.000000,0.126380,0.101922
box_height,15.0,20.0,-30.0,-20.0,normal,0.000000,0.084078,0.052986
miss_detection,15.0,20.0,-20.0,-10.0,constant,0.187147,,
distal,15.0,20.0,-20.0,-10.0,normal,0.000000,0.112613,0.088715
perpendicular,15.0,20.0,-20.0,-10.0,normal,0.000000,0.098200,0.064256
height,15.0,20.0,-20.0,-10.0,normal,0.000000,0.037597,0.030056
yaw,15.0,20.0,-20.0,-10.0,normal,0.000000,0.069316,0.061574
width,15.0,20.0,-20.0,-10.0,normal,0.000000,0.112736,0.083455
length,15.0,20.0,-20.0,-10.0,normal,0.000000,0.168660,0.127118
box_height,15.0,20.0,-20.0,-10.0,normal,0.000000,0.074128,0.047831
miss_detection,15.0,20.0,-10.0,0.0,constant,0.037702,,
distal,15.0,20.0,-10.0,0.0,normal,0.000000,0.102896,0.080081
perpendicular,15.0,20.0,-10.0,0.0,normal,0.000000,0.052534,0.040403
height,15.0,20.0,-10.0,0.0,normal,0.000000,0.033059,0.026334
yaw,15.0,20.0,-10.0,0.0,normal,0.000000,0.049492,0.036297
width,15.0,20.0,-10.0,0.0,normal,0.000000,0.081457,0.060016
length,15.0,20.0,-10.0,0.0,normal,0.000000,0.151820,0.100706
box_height,15.0,20.0,-10.0,0.0,normal,0.000000,0.058992,0.042071
miss_detection,15.0,20.0,0.0,10.0,constant,0.206746,,
distal,15.0,20.0,0.0,10.0,normal,0.000000,0.101407,0.075014
perpendicular,15.0,20.0,0.0,10.0,normal,0.000000,0.043722,0.033907
height,15.0,20.0,0.0,10.0,normal,0.000000,0.027548,0.021166
yaw,15.0,20.0,0.0,10.0,normal,0.000000,0.064847,0.054604
width,15.0,20.0,0.0,10.0,normal,0.000000,0.076016,0.056193
length,15.0,20.0,0.0,10.0,normal,0.000000,0.132132,0.096380
box_height,15.0,20.0,0.0,10.0,normal,0.000000,0.041050,0.030448
miss_detection,15.0,20.0,10.0,20.0,constant,0.271752,,
distal,15.0,20.0,10.0,20.0,normal,0.000000,0.106726,0.050356
perpendicular,15.0,20.0,10.0,20.0,normal,0.000000,0.056790,0.041136
height,15.0,20.0,10.0,20.0,normal,0.000000,0.028672,0.017994
yaw,15.0,20.0,10.0,20.0,normal,0.000000,0.068629,0.081773
width,15.0,20.0,10.0,20.0,normal,0.000000,0.079662,0.058331
length,15.0,20.0,10.0,20.0,normal,0.000000,0.142169,0.097319
box_height,15.0,20.0,10.0,20.0,normal,0.000000,0.036382,0.027495
miss_detection,15.0,20.0,20.0,30.0,constant,0.590909,,
distal,15.0,20.0,20.0,30.0,normal,0.000000,0.192795,0.214453
perpendicular,15.0,20.0,20.0,30.0,normal,0.000000,0.105520,0.077572
height,15.0,20.0,20.0,30.0,normal,0.000000,0.070604,0.055650
yaw,15.0,20.0,20.0,30.0,normal,0.000000,0.035169,0.043496
width,15.0,20.0,20.0,30.0,normal,0.000000,0.148475,0.142509
length,15.0,20.0,20.0,30.0,normal,0.000000,0.197286,0.181487
box_height,15.0,20.0,20.0,30.0,normal,0.000000,0.060582,0.055736
miss_detection,15.0,20.0,30.0,40.0,constant,1.000000,,
distal,15.0,20.0,30.0,40.0,normal,0.000000,0.126547,0.077571
perpendicular,15.0,20.0,30.0,40.0,normal,0.000000,0.112768,0.070274
height,15.0,20.0,30.0,40.0,normal,0.000000,0.084922,0.052250
yaw,15.0,20.0,30.0,40.0,normal,0.000000,0.401671,0.104889
width,15.0,20.0,30.0,40.0,normal,0.000000,0.114259,0.083224
length,15.0,20.0,30.0,40.0,normal,0.000000,0.203165,0.115768
box_height,15.0,20.0,30.0,40.0,normal,0.000000,0.094437,0.062387
miss_detection,15.0,20.0,40.0,50.0,constant,1.000000,,
distal,15.0,20.0,40.0,50.0,normal,0.000000,0.126547,0.077571
perpendicular,15.0,20.0,40.0,50.0,normal,0.000000,0.112768,0.070274
height,15.0,20.0,40.0,50.0,normal,0.000000,0.084922,0.052250
yaw,15.0,20.0,40.0,50.0,normal,0.000000,0.401671,0.104889
width,15.0,20.0,40.0,50.0,normal,0.000000,0.114259,0.083224
length,15.0,20.0,40.0,50.0,normal,0.000000,0.203165,0.115768
box_height,15.0,20.0,40.0,50.0,normal,0.000000,0.094437,0.062387
miss_detection,15.0,20.0,50.0,60.0,constant,1.000000,,
distal,15.0,20.0,50.0,60.0,normal,0.000000,0.126547,0.077571
perpendicular,15.0,20.0,50.0,60.0,normal,0.000000,0.112768,0.070274
height,15.0,20.0,50.0,60.0,normal,0.000000,0.084922,0.052250
yaw,15.0,20.0,50.0,60.0,normal,0.000000,0.401671,0.104889
width,15.0,20.0,50.0,60.0,normal,0.000000,0.114259,0.083224
length,15.0,20.0,50.0,60.0,normal,0.000000,0.203165,0.115768
box_height,15.0,20.0,50.0,60.0,normal,0.000000,0.094437,0.062387
miss_detection,15.0,20.0,60.0,70.0,constant,1.000000,,
distal,15.0,20.0,60.0,70.0,normal,0.000000,0.126547,0.077571
perpendicular,15.0,20.0,60.0,70.0,normal,0.000000,0.112768,0.070274
height,15.0,20.0,60.0,70.0,normal,0.000000,0.084922,0.052250
yaw,15.0,20.0,60.0,70.0,normal,0.000000,0.401671,0.104889
width,15.0,20.0,60.0,70.0,normal,0.000000,0.114259,0.083224
length,15.0,20.0,60.0,70.0,normal,0.000000,0.203165,0.115768
box_height,15.0,20.0,60.0,70.0,normal,0.000000,0.094437,0.062387
miss_detection,15.0,20.0,70.0,80.0,constant,1.000000,,
distal,15.0,20.0,70.0,80.0,normal,0.000000,0.126547,0.077571
perpendicular,15.0,20.0,70.0,80.0,normal,0.000000,0.112768,0.070274
height,15.0,20.0,70.0,80.0,normal,0.000000,0.084922,0.052250
yaw,15.0,20.0,70.0,80.0,normal,0.000000,0.401671,0.104889
width,15.0,20.0,70.0,80.0,normal,0.000000,0.114259,0.083224
length,15.0,20.0,70.0,80.0,normal,0.000000,0.203165,0.115768
box_height,15.0,20.0,70.0,80.0,normal,0.000000,0.094437,0.062387
miss_detection,15.0,20.0,80.0,90.0,constant,1.000000,,
distal,15.0,20.0,80.0,90.0,normal,0.000000,0.126547,0.077571
perpendicular,15.0,20.0,80.0,90.0,normal,0.000000,0.112768,0.070274
height,15.0,20.0,80.0,90.0,normal,0.000000,0.084922,0.052250
yaw,15.0,20.0,80.0,90.0,normal,0.000000,0.401671,0.104889
width,15.0,20.0,80.0,90.0,normal,0.000000,0.114259,0.083224
length,15.0,20.0,80.0,90.0,normal,0.000000,0.203165,0.115768
box_height,15.0,20.0,80.0,90.0,normal,0.000000,0.094437,0.062387
miss_detection,15.0,20.0,90.0,100.0,constant,1.000000,,
distal,15.0,20.0,90.0,100.0,normal,0.000000,0.126547,0.077571
perpendicular,15.0,20.0,90.0,100.0,normal,0.000000,0.112768,0.070274
height,15.0,20.0,90.0,100.0,normal,0.000000,0.084922,0.052250
yaw,15.0,20.0,90.0,100.0,normal,0.000000,0.401671,0.104889
width,15.0,20.0,90.0,100.0,normal,0.000000,0.114259,0.083224
length,15.0,20.0,90.0,100.0,normal,0.000000,0.203165,0.115768
box_height,15.0,20.0,90.0,100.0,normal,0.000000,0.094437,0.062387
miss_detection,15.0,20.0,100.0,110.0,constant,1.000000,,
distal,15.0,20.0,100.0,110.0,normal,0.000000,0.126547,0.077571
perpendicular,15.0,20.0,100.0,110.0,normal,0.000000,0.112768,0.070274
height,15.0,20.0,100.0,110.0,normal,0.000000,0.084922,0.052250
yaw,15.0,20.0,100.0,110.0,normal,0.000000,0.401671,0.104889
width,15.0,20.0,100.0,110.0,normal,0.000000,0.114259,0.083224
length,15.0,20.0,100.0,110.0,normal,0.000000,0.203165,0.115768
box_height,15.0,20.0,100.0,110.0,normal,0.000000,0.094437,0.062387
miss_detection,15.0,20.0,110.0,120.0,constant,1.000000,,
distal,15.0,20.0,110.0,120.0,normal,0.000000,0.126547,0.077571
perpendicular,15.0,20.0,110.0,120.0,normal,0.000000,0.112768,0.070274
height,15.0,20.0,110.0,120.0,normal,0.000000,0.084922,0.052250
yaw,15.0,20.0,110.0,120.0,normal,0.000000,0.401671,0.104889
width,15.0,20.0,110.0,120.0,normal,0.000000,0.114259,0.083224
length,15.0,20.0,110.0,120.0,normal,0.000000,0.203165,0.115768
box_height,15.0,20.0,110.0,120.0,normal,0.000000,0.094437,0.062387
miss_detection,15.0,20.0,120.0,130.0,constant,1.000000,,
distal,15.0,20.0,120.0,130.0,normal,0.000000,0.126547,0.077571
perpendicular,15.0,20.0,120.0,130.0,normal,0.000000,0.112768,0.070274
height,15.0,20.0,120.0,130.0,normal,0.000000,0.084922,0.052250
yaw,15.0,20.0,120.0,130.0,normal,0.000000,0.401671,0.104889
width,15.0,20.0,120.0,130.0,normal,0.000000,0.114259,0.083224
length,15.0,20.0,120.0,130.0,normal,0.000000,0.203165,0.115768
box_height,15.0,20.0,120.0,130.0,normal,0.000000,0.094437,0.062387
miss_detection,15.0,20.0,130.0,140.0,constant,1.000000,,
distal,15.0,20.0,130.0,140.0,normal,0.000000,0.126547,0.077571
perpendicular,15.0,20.0,130.0,140.0,normal,0.000000,0.112768,0.070274
height,15.0,20.0,130.0,140.0,normal,0.000000,0.084922,0.052250
yaw,15.0,20.0,130.0,140.0,normal,0.000000,0.401671,0.104889
width,15.0,20.0,130.0,140.0,normal,0.000000,0.114259,0.083224
length,15.0,20.0,130.0,140.0,normal,0.000000,0.203165,0.115768
box_height,15.0,20.0,130.0,140.0,normal,0.000000,0.094437,0.062387
miss_detection,15.0,20.0,140.0,150.0,constant,1.000000,,
distal,15.0,20.0,140.0,150.0,normal,0.000000,0.126547,0.077571
perpendicular,15.0,20.0,140.0,150.0,normal,0.000000,0.112768,0.070274
height,15.0,20.0,140.0,150.0,normal,0.000000,0.084922,0.052250
yaw,15.0,20.0,140.0,150.0,normal,0.000000,0.401671,0.104889
width,15.0,20.0,140.0,150.0,normal,0.000000,0.114259,0.083224
length,15.0,20.0,140.0,150.0,normal,0.000000,0.203165,0.115768
box_height,15.0,20.0,140.0,150.0,normal,0.000000,0.094437,0.062387
miss_detection,15.0,20.0,150.0,160.0,constant,1.000000,,
distal,15.0,20.0,150.0,160.0,normal,0.000000,0.126547,0.077571
perpendicular,15.0,20.0,150.0,160.0,normal,0.000000,0.112768,0.070274
height,15.0,20.0,150.0,160.0,normal,0.000000,0.084922,0.052250
yaw,15.0,20.0,150.0,160.0,normal,0.000000,0.401671,0.104889
width,15.0,20.0,150.0,160.0,normal,0.000000,0.114259,0.083224
length,15.0,20.0,150.0,160.0,normal,0.000000,0.203165,0.115768
box_height,15.0,20.0,150.0,160.0,normal,0.000000,0.094437,0.062387
miss_detection,15.0,20.0,160.0,170.0,constant,1.000000,,
distal,15.0,20.0,160.0,170.0,normal,0.000000,0.126547,0.077571
perpendicular,15.0,20.0,160.0,170.0,normal,0.000000,0.112768,0.070274
height,15.0,20.0,160.0,170.0,normal,0.000000,0.084922,0.052250
yaw,15.0,20.0,160.0,170.0,normal,0.000000,0.401671,0.104889
width,15.0,20.0,160.0,170.0,normal,0.000000,0.114259,0.083224
length,15.0,20.0,160.0,170.0,normal,0.000000,0.203165,0.115768
box_height,15.0,20.0,160.0,170.0,normal,0.000000,0.094437,0.062387
miss_detection,15.0,20.0,170.0,180.0,constant,1.000000,,
distal,15.0,20.0,170.0,180.0,normal,0.000000,0.126547,0.077571
perpendicular,15.0,20.0,170.0,180.0,normal,0.000000,0.112768,0.070274
height,15.0,20.0,170.0,180.0,normal,0.000000,0.084922,0.052250
yaw,15.0,20.0,170.0,180.0,normal,0.000000,0.401671,0.104889
width,15.0,20.0,170.0,180.0,normal,0.000000,0.114259,0.083224
length,15.0,20.0,170.0,180.0,normal,0.000000,0.203165,0.115768
box_height,15.0,20.0,170.0,180.0,normal,0.000000,0.094437,0.062387
miss_detection,20.0,25.0,-180.0,-170.0,constant,1.000000,,
distal,20.0,25.0,-180.0,-170.0,normal,0.000000,0.126547,0.077571
perpendicular,20.0,25.0,-180.0,-170.0,normal,0.000000,0.112768,0.070274
height,20.0,25.0,-180.0,-170.0,normal,0.000000,0.084922,0.052250
yaw,20.0,25.0,-180.0,-170.0,normal,0.000000,0.401671,0.104889
width,20.0,25.0,-180.0,-170.0,normal,0.000000,0.114259,0.083224
length,20.0,25.0,-180.0,-170.0,normal,0.000000,0.203165,0.115768
box_height,20.0,25.0,-180.0,-170.0,normal,0.000000,0.094437,0.062387
miss_detection,20.0,25.0,-170.0,-160.0,constant,1.000000,,
distal,20.0,25.0,-170.0,-160.0,normal,0.000000,0.126547,0.077571
perpendicular,20.0,25.0,-170.0,-160.0,normal,0.000000,0.112768,0.070274
height,20.0,25.0,-170.0,-160.0,normal,0.000000,0.084922,0.052250
yaw,20.0,25.0,-170.0,-160.0,normal,0.000000,0.401671,0.104889
width,20.0,25.0,-170.0,-160.0,normal,0.000000,0.114259,0.083224
length,20.0,25.0,-170.0,-160.0,normal,0.000000,0.203165,0.115768
box_height,20.0,25.0,-170.0,-160.0,normal,0.000000,0.094437,0.062387
miss_detection,20.0,25.0,-160.0,-150.0,constant,1.000000,,
distal,20.0,25.0,-160.0,-150.0,normal,0.000000,0.126547,0.077571
perpendicular,20.0,25.0,-160.0,-150.0,normal,0.000000,0.112768,0.070274
height,20.0,25.0,-160.0,-150.0,normal,0.000000,0.084922,0.052250
yaw,20.0,25.0,-160.0,-150.0,normal,0.000000,0.401671,0.104889
width,20.0,25.0,-160.0,-150.0,normal,0.000000,0.114259,0.083224
length,20.0,25.0,-160.0,-150.0,normal,0.000000,0.203165,0.115768
box_height,20.0,25.0,-160.0,-150.0,normal,0.000000,0.094437,0.062387
miss_detection,20.0,25.0,-150.0,-140.0,constant,1.000000,,
distal,20.0,25.0,-150.0,-140.0,normal,0.000000,0.126547,0.077571
perpendicular,20.0,25.0,-150.0,-140.0,normal,0.000000,0.112768,0.070274
height,20.0,25.0,-150.0,-140.0,normal,0.000000,0.084922,0.052250
yaw,20.0,25.0,-150.0,-140.0,normal,0.000000,0.401671,0.104889
width,20.0,25.0,-150.0,-140.0,normal,0.000000,0.114259,0.083224
length,20.0,25.0,-150.0,-140.0,normal,0.000000,0.203165,0.115768
box_height,20.0,25.0,-150.0,-140.0,normal,0.000000,0.094437,0.062387
miss_detection,20.0,25.0,-140.0,-130.0,constant,1.000000,,
distal,20.0,25.0,-140.0,-130.0,normal,0.000000,0.126547,0.077571
perpendicular,20.0,25.0,-140.0,-130.0,normal,0.000000,0.112768,0.070274
height,20.0,25.0,-140.0,-130.0,normal,0.000000,0.084922,0.052250
yaw,20.0,25.0,-140.0,-130.0,normal,0.000000,0.401671,0.104889
width,20.0,25.0,-140.0,-130.0,normal,0.000000,0.114259,0.083224
length,20.0,25.0,-140.0,-130.0,normal,0.000000,0.203165,0.115768
box_height,20.0,25.0,-140.0,-130.0,normal,0.000000,0.094437,0.062387
miss_detection,20.0,25.0,-130.0,-120.0,constant,1.000000,,
distal,20.0,25.0,-130.0,-120.0,normal,0.000000,0.126547,0.077571
perpendicular,20.0,25.0,-130.0,-120.0,normal,0.000000,0.112768,0.070274
height,20.0,25.0,-130.0,-120.0,normal,0.000000,0.084922,0.052250
yaw,20.0,25.0,-130.0,-120.0,normal,0.000000,0.401671,0.104889
width,20.0,25.0,-130.0,-120.0,normal,0.000000,0.114259,0.083224
length,20.0,25.0,-130.0,-120.0,normal,0.000000,0.203165,0.115768
box_height,20.0,25.0,-130.0,-120.0,normal,0.000000,0.094437,0.062387
miss_detection,20.0,25.0,-120.0,-110.0,constant,1.000000,,
distal,20.0,25.0,-120.0,-110.0,normal,0.000000,0.126547,0.077571
perpendicular,20.0,25.0,-120.0,-110.0,normal,0.000000,0.112768,0.070274
height,20.0,25.0,-120.0,-110.0,normal,0.000000,0.084922,0.052250
yaw,20.0,25.0,-120.0,-110.0,normal,0.000000,0.401671,0.104889
width,20.0,25.0,-120.0,-110.0,normal,0.000000,0.114259,0.083224
length,20.0,25.0,-120.0,-110.0,normal,0.000000,0.203165,0.115768
box_height,20.0,25.0,-120.0,-110.0,normal,0.000000,0.094437,0.062387
miss_detection,20.0,25.0,-110.0,-100.0,constant,1.000000,,
distal,20.0,25.0,-110.0,-100.0,normal,0.000000,0.126547,0.077571
perpendicular,20.0,25.0,-110.0,-100.0,normal,0.000000,0.112768,0.070274
height,20.0,25.0,-110.0,-100.0,normal,0.000000,0.084922,0.052250
yaw,20.0,25.0,-110.0,-100.0,normal,0.000000,0.401671,0.104889
width,20.0,25.0,-110.0,-100.0,normal,0.000000,0.114259,0.083224
length,20.0,25.0,-110.0,-100.0,normal,0.000000,0.203165,0.115768
box_height,20.0,25.0,-110.0,-100.0,normal,0.000000,0.094437,0.062387
miss_detection,20.0,25.0,-100.0,-90.0,constant,1.000000,,
distal,20.0,25.0,-100.0,-90.0,normal,0.000000,0.126547,0.077571
perpendicular,20.0,25.0,-100.0,-90.0,normal,0.000000,0.112768,0.070274
height,20.0,25.0,-100.0,-90.0,normal,0.000000,0.084922,0.052250
yaw,20.0,25.0,-100.0,-90.0,normal,0.000000,0.401671,0.104889
width,20.0,25.0,-100.0,-90.0,normal,0.000000,0.114259,0.083224
length,20.0,25.0,-100.0,-90.0,normal,0.000000,0.203165,0.115768
box_height,20.0,25.0,-100.0,-90.0,normal,0.000000,0.094437,0.062387
miss_detection,20.0,25.0,-90.0,-80.0,constant,1.000000,,
distal,20.0,25.0,-90.0,-80.0,normal,0.000000,0.126547,0.077571
perpendicular,20.0,25.0,-90.0,-80.0,normal,0.000000,0.112768,0.070274
height,20.0,25.0,-90.0,-80.0,normal,0.000000,0.084922,0.052250
yaw,20.0,25.0,-90.0,-80.0,normal,0.000000,0.401671,0.104889
width,20.0,25.0,-90.0,-80.0,normal,0.000000,0.114259,0.083224
length,20.0,25.0,-90.0,-80.0,normal,0.000000,0.203165,0.115768
box_height,20.0,25.0,-90.0,-80.0,normal,0.000000,0.094437,0.062387
miss_detection,20.0,25.0,-80.0,-70.0,constant,1.000000,,
distal,20.0,25.0,-80.0,-70.0,normal,0.000000,0.126547,0.077571
perpendicular,20.0,25.0,-80.0,-70.0,normal,0.000000,0.112768,0.070274
height,20.0,25.0,-80.0,-70.0,normal,0.000000,0.084922,0.052250
yaw,20.0,25.0,-80.0,-70.0,normal,0.000000,0.401671,0.104889
width,20.0,25.0,-80.0,-70.0,normal,0.000000,0.114259,0.083224
length,20.0,25.0,-80.0,-70.0,normal,0.000000,0.203165,0.115768
box_height,20.0,25.0,-80.0,-70.0,normal,0.000000,0.094437,0.062387
miss_detection,20.0,25.0,-70.0,-60.0,constant,1.000000,,
distal,20.0,25.0,-70.0,-60.0,normal,0.000000,0.126547,0.077571
perpendicular,20.0,25.0,-70.0,-60.0,normal,0.000000,0.112768,0.070274
height,20.0,25.0,-70.0,-60.0,normal,0.000000,0.084922,0.052250
yaw,20.0,25.0,-70.0,-60.0,normal,0.000000,0.401671,0.104889
width,20.0,25.0,-70.0,-60.0,normal,0.000000,0.114259,0.083224
length,20.0,25.0,-70.0,-60.0,normal,0.000000,0.203165,0.115768
box_height,20.0,25.0,-70.0,-60.0,normal,0.000000,0.094437,0.062387
miss_detection,20.0,25.0,-60.0,-50.0,constant,1.000000,,
distal,20.0,25.0,-60.0,-50.0,normal,0.000000,0.126547,0.077571
perpendicular,20.0,25.0,-60.0,-50.0,normal,0.000000,0.112768,0.070274
height,20.0,25.0,-60.0,-50.0,normal,0.000000,0.084922,0.052250
yaw,20.0,25.0,-60.0,-50.0,normal,0.000000,0.401671,0.104889
width,20.0,25.0,-60.0,-50.0,normal,0.000000,0.114259,0.083224
length,20.0,25.0,-60.0,-50.0,normal,0.000000,0.203165,0.115768
box_height,20.0,25.0,-60.0,-50.0,normal,0.000000,0.094437,0.062387
miss_detection,20.0,25.0,-50.0,-40.0,constant,0.000000,,
distal,20.0,25.0,-50.0,-40.0,normal,0.000000,0.000000,0.199917
perpendicular,20.0,25.0,-50.0,-40.0,normal,0.000000,0.000000,0.174013
height,20.0,25.0,-50.0,-40.0,normal,0.000000,0.000000,0.070066
yaw,20.0,25.0,-50.0,-40.0,normal,0.000000,0.000000,2.933001
width,20.0,25.0,-50.0,-40.0,normal,0.000000,0.000000,0.056871
length,20.0,25.0,-50.0,-40.0,normal,0.000000,0.000000,0.246969
box_height,20.0,25.0,-50.0,-40.0,normal,0.000000,0.000000,0.021982
miss_detection,20.0,25.0,-40.0,-30.0,constant,0.000000,,
distal,20.0,25.0,-40.0,-30.0,normal,0.000000,0.053009,0.059468
perpendicular,20.0,25.0,-40.0,-30.0,normal,0.000000,0.054830,0.045212
height,20.0,25.0,-40.0,-30.0,normal,0.000000,0.032252,0.032187
yaw,20.0,25.0,-40.0,-30.0,normal,0.000000,0.041787,0.035047
width,20.0,25.0,-40.0,-30.0,normal,0.000000,0.076651,0.062741
length,20.0,25.0,-40.0,-30.0,normal,0.000000,0.114629,0.075023
box_height,20.0,25.0,-40.0,-30.0,normal,0.000000,0.035125,0.030751
miss_detection,20.0,25.0,-30.0,-20.0,constant,0.029520,,
distal,20.0,25.0,-30.0,-20.0,normal,0.000000,0.080769,0.060227
perpendicular,20.0,25.0,-30.0,-20.0,normal,0.000000,0.065501,0.046619
height,20.0,25.0,-30.0,-20.0,normal,0.000000,0.037351,0.026338
yaw,20.0,25.0,-30.0,-20.0,normal,0.000000,0.047946,0.044934
width,20.0,25.0,-30.0,-20.0,normal,0.000000,0.095432,0.071230
length,20.0,25.0,-30.0,-20.0,normal,0.000000,0.138776,0.110388
box_height,20.0,25.0,-30.0,-20.0,normal,0.000000,0.070207,0.043683
miss_detection,20.0,25.0,-20.0,-10.0,constant,0.071678,,
distal,20.0,25.0,-20.0,-10.0,normal,0.000000,0.079414,0.058081
perpendicular,20.0,25.0,-20.0,-10.0,normal,0.000000,0.055301,0.040154
height,20.0,25.0,-20.0,-10.0,normal,0.000000,0.032276,0.021524
yaw,20.0,25.0,-20.0,-10.0,normal,0.000000,0.044619,0.040365
width,20.0,25.0,-20.0,-10.0,normal,0.000000,0.094132,0.069291
length,20.0,25.0,-20.0,-10.0,normal,0.000000,0.137713,0.093942
box_height,20.0,25.0,-20.0,-10.0,normal,0.000000,0.060876,0.039907
miss_detection,20.0,25.0,-10.0,0.0,constant,0.065368,,
distal,20.0,25.0,-10.0,0.0,normal,0.000000,0.096381,0.070551
perpendicular,20.0,25.0,-10.0,0.0,normal,0.000000,0.048582,0.038106
height,20.0,25.0,-10.0,0.0,normal,0.000000,0.025540,0.020349
yaw,20.0,25.0,-10.0,0.0,normal,0.000000,0.053186,0.053478
width,20.0,25.0,-10.0,0.0,normal,0.000000,0.099662,0.077751
length,20.0,25.0,-10.0,0.0,normal,0.000000,0.168217,0.114987
box_height,20.0,25.0,-10.0,0.0,normal,0.000000,0.044044,0.034594
miss_detection,20.0,25.0,0.0,10.0,constant,0.007004,,
distal,20.0,25.0,0.0,10.0,normal,0.000000,0.102809,0.068660
perpendicular,20.0,25.0,0.0,10.0,normal,0.000000,0.063136,0.043933
height,20.0,25.0,0.0,10.0,normal,0.000000,0.036895,0.025759
yaw,20.0,25.0,0.0,10.0,normal,0.000000,0.051608,0.053244
width,20.0,25.0,0.0,10.0,normal,0.000000,0.087034,0.064866
length,20.0,25.0,0.0,10.0,normal,0.000000,0.181745,0.104215
box_height,20.0,25.0,0.0,10.0,normal,0.000000,0.052067,0.037037
miss_detection,20.0,25.0,10.0,20.0,constant,0.008808,,
distal,20.0,25.0,10.0,20.0,normal,0.000000,0.110062,0.073670
perpendicular,20.0,25.0,10.0,20.0,normal,0.000000,0.063355,0.046926
height,20.0,25.0,10.0,20.0,normal,0.000000,0.038851,0.028014
yaw,20.0,25.0,10.0,20.0,normal,0.000000,0.113788,0.079013
width,20.0,25.0,10.0,20.0,normal,0.000000,0.096875,0.075911
length,20.0,25.0,10.0,20.0,normal,0.000000,0.149033,0.102690
box_height,20.0,25.0,10.0,20.0,normal,0.000000,0.059309,0.041606
miss_detection,20.0,25.0,20.0,30.0,constant,0.573171,,
distal,20.0,25.0,20.0,30.0,normal,0.000000,0.265972,0.114444
perpendicular,20.0,25.0,20.0,30.0,normal,0.000000,0.101925,0.071150
height,20.0,25.0,20.0,30.0,normal,0.000000,0.067362,0.051895
yaw,20.0,25.0,20.0,30.0,normal,0.000000,0.053340,0.068589
width,20.0,25.0,20.0,30.0,normal,0.000000,0.123949,0.105542
length,20.0,25.0,20.0,30.0,normal,0.000000,0.243105,0.174442
box_height,20.0,25.0,20.0,30.0,normal,0.000000,0.101164,0.064254
miss_detection,20.0,25.0,30.0,40.0,constant,1.000000,,
distal,20.0,25.0,30.0,40.0,normal,0.000000,0.126547,0.077571
perpendicular,20.0,25.0,30.0,40.0,normal,0.000000,0.112768,0.070274
height,20.0,25.0,30.0,40.0,normal,0.000000,0.084922,0.052250
yaw,20.0,25.0,30.0,40.0,normal,0.000000,0.401671,0.104889
width,20.0,25.0,30.0,40.0,normal,0.000000,0.114259,0.083224
length,20.0,25.0,30.0,40.0,normal,0.000000,0.203165,0.115768
box_height,20.0,25.0,30.0,40.0,normal,0.000000,0.094437,0.062387
miss_detection,20.0,25.0,40.0,50.0,constant,1.000000,,
distal,20.0,25.0,40.0,50.0,normal,0.000000,0.126547,0.077571
perpendicular,20.0,25.0,40.0,50.0,normal,0.000000,0.112768,0.070274
height,20.0,25.0,40.0,50.0,normal,0.000000,0.084922,0.052250
yaw,20.0,25.0,40.0,50.0,normal,0.000000,0.401671,0.104889
width,20.0,25.0,40.0,50.0,normal,0.000000,0.114259,0.083224
length,20.0,25.0,40.0,50.0,normal,0.000000,0.203165,0.115768
box_height,20.0,25.0,40.0,50.0,normal,0.000000,0.094437,0.062387
miss_detection,20.0,25.0,50.0,60.0,constant,1.000000,,
distal,20.0,25.0,50.0,60.0,normal,0.000000,0.126547,0.077571
perpendicular,20.0,25.0,50.0,60.0,normal,0.000000,0.112768,0.070274
height,20.0,25.0,50.0,60.0,normal,0.000000,0.084922,0.052250
yaw,20.0,25.0,50.0,60.0,normal,0.000000,0.401671,0.104889
width,20.0,25.0,50.0,60.0,normal,0.000000,0.114259,0.083224
length,20.0,25.0,50.0,60.0,normal,0.000000,0.203165,0.115768
box_height,20.0,25.0,50.0,60.0,normal,0.000000,0.094437,0.062387
miss_detection,20.0,25.0,60.0,70.0,constant,1.000000,,
distal,20.0,25.0,60.0,70.0,normal,0.000000,0.126547,0.077571
perpendicular,20.0,25.0,60.0,70.0,normal,0.000000,0.112768,0.070274
height,20.0,25.0,60.0,70.0,normal,0.000000,0.084922,0.052250
yaw,20.0,25.0,60.0,70.0,normal,0.000000,0.401671,0.104889
width,20.0,25.0,60.0,70.0,normal,0.000000,0.114259,0.083224
length,20.0,25.0,60.0,70.0,normal,0.000000,0.203165,0.115768
box_height,20.0,25.0,60.0,70.0,normal,0.000000,0.094437,0.062387
miss_detection,20.0,25.0,70.0,80.0,constant,1.000000,,
distal,20.0,25.0,70.0,80.0,normal,0.000000,0.126547,0.077571
perpendicular,20.0,25.0,70.0,80.0,normal,0.000000,0.112768,0.070274
height,20.0,25.0,70.0,80.0,normal,0.000000,0.084922,0.052250
yaw,20.0,25.0,70.0,80.0,normal,0.000000,0.401671,0.104889
width,20.0,25.0,70.0,80.0,normal,0.000000,0.114259,0.083224
length,20.0,25.0,70.0,80.0,normal,0.000000,0.203165,0.115768
box_height,20.0,25.0,70.0,80.0,normal,0.000000,0.094437,0.062387
miss_detection,20.0,25.0,80.0,90.0,constant,1.000000,,
distal,20.0,25.0,80.0,90.0,normal,0.000000,0.126547,0.077571
perpendicular,20.0,25.0,80.0,90.0,normal,0.000000,0.112768,0.070274
height,20.0,25.0,80.0,90.0,normal,0.000000,0.084922,0.052250
yaw,20.0,25.0,80.0,90.0,normal,0.000000,0.401671,0.104889
width,20.0,25.0,80.0,90.0,normal,0.000000,0.114259,0.083224
length,20.0,25.0,80.0,90.0,normal,0.000000,0.203165,0.115768
box_height,20.0,25.0,80.0,90.0,normal,0.000000,0.094437,0.062387
miss_detection,20.0,25.0,90.0,100.0,constant,1.000000,,
distal,20.0,25.0,90.0,100.0,normal,0.000000,0.126547,0.077571
perpendicular,20.0,25.0,90.0,100.0,normal,0.000000,0.112768,0.070274
height,20.0,25.0,90.0,100.0,normal,0.000000,0.084922,0.052250
yaw,20.0,25.0,90.0,100.0,normal,0.000000,0.401671,0.104889
width,20.0,25.0,90.0,100.0,normal,0.000000,0.114259,0.083224
length,20.0,25.0,90.0,100.0,normal,0.000000,0.203165,0.115768
box_height,20.0,25.0,90.0,100.0,normal,0.000000,0.094437,0.062387
miss_detection,20.0,25.0,100.0,110.0,constant,1.000000,,
distal,20.0,25.0,100.0,110.0,normal,0.000000,0.126547,0.077571
perpendicular,20.0,25.0,100.0,110.0,normal,0.000000,0.112768,0.070274
height,20.0,25.0,100.0,110.0,normal,0.000000,0.084922,0.052250
yaw,20.0,25.0,100.0,110.0,normal,0.000000,0.401671,0.104889
width,20.0,25.0,100.0,110.0,normal,0.000000,0.114259,0.083224
length,20.0,25.0,100.0,110.0,normal,0.000000,0.203165,0.115768
box_height,20.0,25.0,100.0,110.0,normal,0.000000,0.094437,0.062387
miss_detection,20.0,25.0,110.0,120.0,constant,1.000000,,
distal,20.0,25.0,110.0,120.0,normal,0.000000,0.126547,0.077571
perpendicular,20.0,25.0,110.0,120.0,normal,0.000000,0.112768,0.070274
height,20.0,25.0,110.0,120.0,normal,0.000000,0.084922,0.052250
yaw,20.0,25.0,110.0,120.0,normal,0.000000,0.401671,0.104889
width,20.0,25.0,110.0,120.0,normal,0.000000,0.114259,0.083224
length,20.0,25.0,110.0,120.0,normal,0.000000,0.203165,0.115768
box_height,20.0,25.0,110.0,120.0,normal,0.000000,0.094437,0.062387
miss_detection,20.0,25.0,120.0,130.0,constant,1.000000,,
distal,20.0,25.0,120.0,130.0,normal,0.000000,0.126547,0.077571
perpendicular,20.0,25.0,120.0,130.0,normal,0.000000,0.112768,0.070274
height,20.0,25.0,120.0,130.0,normal,0.000000,0.084922,0.052250
yaw,20.0,25.0,120.0,130.0,normal,0.000000,0.401671,0.104889
width,20.0,25.0,120.0,130.0,normal,0.000000,0.114259,0.083224
length,20.0,25.0,120.0,130.0,normal,0.000000,0.203165,0.115768
box_height,20.0,25.0,120.0,130.0,normal,0.000000,0.094437,0.062387
miss_detection,20.0,25.0,130.0,140.0,constant,1.000000,,
distal,20.0,25.0,130.0,140.0,normal,0.000000,0.126547,0.077571
perpendicular,20.0,25.0,130.0,140.0,normal,0.000000,0.112768,0.070274
height,20.0,25.0,130.0,140.0,normal,0.000000,0.084922,0.052250
yaw,20.0,25.0,130.0,140.0,normal,0.000000,0.401671,0.104889
width,20.0,25.0,130.0,140.0,normal,0.000000,0.114259,0.083224
length,20.0,25.0,130.0,140.0,normal,0.000000,0.203165,0.115768
box_height,20.0,25.0,130.0,140.0,normal,0.000000,0.094437,0.062387
miss_detection,20.0,25.0,140.0,150.0,constant,1.000000,,
distal,20.0,25.0,140.0,150.0,normal,0.000000,0.126547,0.077571
perpendicular,20.0,25.0,140.0,150.0,normal,0.000000,0.112768,0.070274
height,20.0,25.0,140.0,150.0,normal,0.000000,0.084922,0.052250
yaw,20.0,25.0,140.0,150.0,normal,0.000000,0.401671,0.104889
width,20.0,25.0,140.0,150.0,normal,0.000000,0.114259,0.083224
length,20.0,25.0,140.0,150.0,normal,0.000000,0.203165,0.115768
box_height,20.0,25.0,140.0,150.0,normal,0.000000,0.094437,0.062387
miss_detection,20.0,25.0,150.0,160.0,constant,1.000000,,
distal,20.0,25.0,150.0,160.0,normal,0.000000,0.126547,0.077571
perpendicular,20.0,25.0,150.0,160.0,normal,0.000000,0.112768,0.070274
height,20.0,25.0,150.0,160.0,normal,0.000000,0.084922,0.052250
yaw,20.0,25.0,150.0,160.0,normal,0.000000,0.401671,0.104889
width,20.0,25.0,150.0,160.0,normal,0.000000,0.114259,0.083224
length,20.0,25.0,150.0,160.0,normal,0.000000,0.203165,0.115768
box_height,20.0,25.0,150.0,160.0,normal,0.000000,0.094437,0.062387
miss_detection,20.0,25.0,160.0,170.0,constant,1.000000,,
distal,20.0,25.0,160.0,170.0,normal,0.000000,0.126547,0.077571
perpendicular,20.0,25.0,160.0,170.0,normal,0.000000,0.112768,0.070274
height,20.0,25.0,160.0,170.0,normal,0.000000,0.084922,0.052250
yaw,20.0,25.0,160.0,170.0,normal,0.000000,0.401671,0.104889
width,20.0,25.0,160.0,170.0,normal,0.000000,0.114259,0.083224
length,20.0,25.0,160.0,170.0,normal,0.000000,0.203165,0.115768
box_height,20.0,25.0,160.0,170.0,normal,0.000000,0.094437,0.062387
miss_detection,20.0,25.0,170.0,180.0,constant,1.000000,,
distal,20.0,25.0,170.0,180.0,normal,0.000000,0.126547,0.077571
perpendicular,20.0,25.0,170.0,180.0,normal,0.000000,0.112768,0.070274
height,20.0,25.0,170.0,180.0,normal,0.000000,0.084922,0.052250
yaw,20.0,25.0,170.0,180.0,normal,0.000000,0.401671,0.104889
width,20.0,25.0,170.0,180.0,normal,0.000000,0.114259,0.083224
length,20.0,25.0,170.0,180.0,normal,0.000000,0.203165,0.115768
box_height,20.0,25.0,170.0,180.0,normal,0.000000,0.094437,0.062387
miss_detection,25.0,30.0,-180.0,-170.0,constant,1.000000,,
distal,25.0,30.0,-180.0,-170.0,normal,0.000000,0.126547,0.077571
perpendicular,25.0,30.0,-180.0,-170.0,normal,0.000000,0.112768,0.070274
height,25.0,30.0,-180.0,-170.0,normal,0.000000,0.084922,0.052250
yaw,25.0,30.0,-180.0,-170.0,normal,0.000000,0.401671,0.104889
width,25.0,30.0,-180.0,-170.0,normal,0.000000,0.114259,0.083224
length,25.0,30.0,-180.0,-170.0,normal,0.000000,0.203165,0.115768
box_height,25.0,30.0,-180.0,-170.0,normal,0.000000,0.094437,0.062387
miss_detection,25.0,30.0,-170.0,-160.0,constant,1.000000,,
distal,25.0,30.0,-170.0,-160.0,normal,0.000000,0.126547,0.077571
perpendicular,25.0,30.0,-170.0,-160.0,normal,0.000000,0.112768,0.070274
height,25.0,30.0,-170.0,-160.0,normal,0.000000,0.084922,0.052250
yaw,25.0,30.0,-170.0,-160.0,normal,0.000000,0.401671,0.104889
width,25.0,30.0,-170.0,-160.0,normal,0.000000,0.114259,0.083224
length,25.0,30.0,-170.0,-160.0,normal,0.000000,0.203165,0.115768
box_height,25.0,30.0,-170.0,-160.0,normal,0.000000,0.094437,0.062387
miss_detection,25.0,30.0,-160.0,-150.0,constant,1.000000,,
distal,25.0,30.0,-160.0,-150.0,normal,0.000000,0.126547,0.077571
perpendicular,25.0,30.0,-160.0,-150.0,normal,0.000000,0.112768,0.070274
height,25.0,30.0,-160.0,-150.0,normal,0.000000,0.084922,0.052250
yaw,25.0,30.0,-160.0,-150.0,normal,0.000000,0.401671,0.104889
width,25.0,30.0,-160.0,-150.0,normal,0.000000,0.114259,0.083224
length,25.0,30.0,-160.0,-150.0,normal,0.000000,0.203165,0.115768
box_height,25.0,30.0,-160.0,-150.0,normal,0.000000,0.094437,0.062387
miss_detection,25.0,30.0,-150.0,-140.0,constant,1.000000,,
distal,25.0,30.0,-150.0,-140.0,normal,0.000000,0.126547,0.077571
perpendicular,25.0,30.0,-150.0,-140.0,normal,0.000000,0.112768,0.070274
height,25.0,30.0,-150.0,-140.0,normal,0.000000,0.084922,0.052250
yaw,25.0,30.0,-150.0,-140.0,normal,0.000000,0.401671,0.104889
width,25.0,30.0,-150.0,-140.0,normal,0.000000,0.114259,0.083224
length,25.0,30.0,-150.0,-140.0,normal,0.000000,0.203165,0.115768
box_height,25.0,30.0,-150.0,-140.0,normal,0.000000,0.094437,0.062387
miss_detection,25.0,30.0,-140.0,-130.0,constant,1.000000,,
distal,25.0,30.0,-140.0,-130.0,normal,0.000000,0.126547,0.077571
perpendicular,25.0,30.0,-140.0,-130.0,normal,0.000000,0.112768,0.070274
height,25.0,30.0,-140.0,-130.0,normal,0.000000,0.084922,0.052250
yaw,25.0,30.0,-140.0,-130.0,normal,0.000000,0.401671,0.104889
width,25.0,30.0,-140.0,-130.0,normal,0.000000,0.114259,0.083224
length,25.0,30.0,-140.0,-130.0,normal,0.000000,0.203165,0.115768
box_height,25.0,30.0,-140.0,-130.0,normal,0.000000,0.094437,0.062387
miss_detection,25.0,30.0,-130.0,-120.0,constant,1.000000,,
distal,25.0,30.0,-130.0,-120.0,normal,0.000000,0.126547,0.077571
perpendicular,25.0,30.0,-130.0,-120.0,normal,0.000000,0.112768,0.070274
height,25.0,30.0,-130.0,-120.0,normal,0.000000,0.084922,0.052250
yaw,25.0,30.0,-130.0,-120.0,normal,0.000000,0.401671,0.104889
width,25.0,30.0,-130.0,-120.0,normal,0.000000,0.114259,0.083224
length,25.0,30.0,-130.0,-120.0,normal,0.000000,0.203165,0.115768
box_height,25.0,30.0,-130.0,-120.0,normal,0.000000,0.094437,0.062387
miss_detection,25.0,30.0,-120.0,-110.0,constant,1.000000,,
distal,25.0,30.0,-120.0,-110.0,normal,0.000000,0.126547,0.077571
perpendicular,25.0,30.0,-120.0,-110.0,normal,0.000000,0.112768,0.070274
height,25.0,30.0,-120.0,-110.0,normal,0.000000,0.084922,0.052250
yaw,25.0,30.0,-120.0,-110.0,normal,0.000000,0.401671,0.104889
width,25.0,30.0,-120.0,-110.0,normal,0.000000,0.114259,0.083224
length,25.0,30.0,-120.0,-110.0,normal,0.000000,0.203165,0.115768
box_height,25.0,30.0,-120.0,-110.0,normal,0.000000,0.094437,0.062387
miss_detection,25.0,30.0,-110.0,-100.0,constant,1.000000,,
distal,25.0,30.0,-110.0,-100.0,normal,0.000000,0.126547,0.077571
perpendicular,25.0,30.0,-110.0,-100.0,normal,0.000000,0.112768,0.070274
height,25.0,30.0,-110.0,-100.0,normal,0.000000,0.084922,0.052250
yaw,25.0,30.0,-110.0,-100.0,normal,0.000000,0.401671,0.104889
width,25.0,30.0,-110.0,-100.0,normal,0.000000,0.114259,0.083224
length,25.0,30.0,-110.0,-100.0,normal,0.000000,0.203165,0.115768
box_height,25.0,30.0,-110.0,-100.0,normal,0.000000,0.094437,0.062387
miss_detection,25.0,30.0,-100.0,-90.0,constant,1.000000,,
distal,25.0,30.0,-100.0,-90.0,normal,0.000000,0.126547,0.077571
perpendicular,25.0,30.0,-100.0,-90.0,normal,0.000000,0.112768,0.070274
height,25.0,30.0,-100.0,-90.0,normal,0.000000,0.084922,0.052250
yaw,25.0,30.0,-100.0,-90.0,normal,0.000000,0.401671,0.104889
width,25.0,30.0,-100.0,-90.0,normal,0.000000,0.114259,0.083224
length,25.0,30.0,-100.0,-90.0,normal,0.000000,0.203165,0.115768
box_height,25.0,30.0,-100.0,-90.0,normal,0.000000,0.094437,0.062387
miss_detection,25.0,30.0,-90.0,-80.0,constant,1.000000,,
distal,25.0,30.0,-90.0,-80.0,normal,0.000000,0.126547,0.077571
perpendicular,25.0,30.0,-90.0,-80.0,normal,0.000000,0.112768,0.070274
height,25.0,30.0,-90.0,-80.0,normal,0.000000,0.084922,0.052250
yaw,25.0,30.0,-90.0,-80.0,normal,0.000000,0.401671,0.104889
width,25.0,30.0,-90.0,-80.0,normal,0.000000,0.114259,0.083224
length,25.0,30.0,-90.0,-80.0,normal,0.000000,0.203165,0.115768
box_height,25.0,30.0,-90.0,-80.0,normal,0.000000,0.094437,0.062387
miss_detection,25.0,30.0,-80.0,-70.0,constant,1.000000,,
distal,25.0,30.0,-80.0,-70.0,normal,0.000000,0.126547,0.077571
perpendicular,25.0,30.0,-80.0,-70.0,normal,0.000000,0.112768,0.070274
height,25.0,30.0,-80.0,-70.0,normal,0.000000,0.084922,0.052250
yaw,25.0,30.0,-80.0,-70.0,normal,0.000000,0.401671,0.104889
width,25.0,30.0,-80.0,-70.0,normal,0.000000,0.114259,0.083224
length,25.0,30.0,-80.0,-70.0,normal,0.000000,0.203165,0.115768
box_height,25.0,30.0,-80.0,-70.0,normal,0.000000,0.094437,0.062387
miss_detection,25.0,30.0,-70.0,-60.0,constant,1.000000,,
distal,25.0,30.0,-70.0,-60.0,normal,0.000000,0.126547,0.077571
perpendicular,25.0,30.0,-70.0,-60.0,normal,0.000000,0.112768,0.070274
height,25.0,30.0,-70.0,-60.0,normal,0.000000,0.084922,0.052250
yaw,25.0,30.0,-70.0,-60.0,normal,0.000000,0.401671,0.104889
width,25.0,30.0,-70.0,-60.0,normal,0.000000,0.114259,0.083224
length,25.0,30.0,-70.0,-60.0,normal,0.000000,0.203165,0.115768
box_height,25.0,30.0,-70.0,-60.0,normal,0.000000,0.094437,0.062387
miss_detection,25.0,30.0,-60.0,-50.0,constant,1.000000,,
distal,25.0,30.0,-60.0,-50.0,normal,0.000000,0.126547,0.077571
perpendicular,25.0,30.0,-60.0,-50.0,normal,0.000000,0.112768,0.070274
height,25.0,30.0,-60.0,-50.0,normal,0.000000,0.084922,0.052250
yaw,25.0,30.0,-60.0,-50.0,normal,0.000000,0.401671,0.104889
width,25.0,30.0,-60.0,-50.0,normal,0.000000,0.114259,0.083224
length,25.0,30.0,-60.0,-50.0,normal,0.000000,0.203165,0.115768
box_height,25.0,30.0,-60.0,-50.0,normal,0.000000,0.094437,0.062387
miss_detection,25.0,30.0,-50.0,-40.0,constant,0.000000,,
distal,25.0,30.0,-50.0,-40.0,normal,0.000000,0.230148,0.188414
perpendicular,25.0,30.0,-50.0,-40.0,normal,0.000000,0.422532,0.350929
height,25.0,30.0,-50.0,-40.0,normal,0.000000,0.016307,0.035868
yaw,25.0,30.0,-50.0,-40.0,normal,0.000000,1.461557,1.062168
width,25.0,30.0,-50.0,-40.0,normal,0.000000,0.087584,0.081604
length,25.0,30.0,-50.0,-40.0,normal,0.000000,0.255458,0.198409
box_height,25.0,30.0,-50.0,-40.0,normal,0.000000,0.097117,0.106216
miss_detection,25.0,30.0,-40.0,-30.0,constant,0.000000,,
distal,25.0,30.0,-40.0,-30.0,normal,0.000000,0.051214,0.049343
perpendicular,25.0,30.0,-40.0,-30.0,normal,0.000000,0.069009,0.057681
height,25.0,30.0,-40.0,-30.0,normal,0.000000,0.047823,0.036103
yaw,25.0,30.0,-40.0,-30.0,normal,0.000000,0.032173,0.063293
width,25.0,30.0,-40.0,-30.0,normal,0.000000,0.091445,0.087150
length,25.0,30.0,-40.0,-30.0,normal,0.000000,0.150495,0.124527
box_height,25.0,30.0,-40.0,-30.0,normal,0.000000,0.114557,0.104615
miss_detection,25.0,30.0,-30.0,-20.0,constant,0.097561,,
distal,25.0,30.0,-30.0,-20.0,normal,0.000000,0.080303,0.059600
perpendicular,25.0,30.0,-30.0,-20.0,normal,0.000000,0.057017,0.047184
height,25.0,30.0,-30.0,-20.0,normal,0.000000,0.035365,0.027421
yaw,25.0,30.0,-30.0,-20.0,normal,0.000000,0.042220,0.034861
width,25.0,30.0,-30.0,-20.0,normal,0.000000,0.106899,0.081209
length,25.0,30.0,-30.0,-20.0,normal,0.000000,0.141923,0.103768
box_height,25.0,30.0,-30.0,-20.0,normal,0.000000,0.064318,0.045115
miss_detection,25.0,30.0,-20.0,-10.0,constant,0.012594,,
distal,25.0,30.0,-20.0,-10.0,normal,0.000000,0.193829,0.135912
perpendicular,25.0,30.0,-20.0,-10.0,normal,0.000000,0.072959,0.057795
height,25.0,30.0,-20.0,-10.0,normal,0.000000,0.036485,0.026886
yaw,25.0,30.0,-20.0,-10.0,normal,0.000000,0.037801,0.030703
width,25.0,30.0,-20.0,-10.0,normal,0.000000,0.108322,0.088704
length,25.0,30.0,-20.0,-10.0,normal,0.000000,0.383730,0.272158
box_height,25.0,30.0,-20.0,-10.0,normal,0.000000,0.052758,0.042068
miss_detection,25.0,30.0,-10.0,0.0,constant,0.148368,,
distal,25.0,30.0,-10.0,0.0,normal,0.000000,0.081232,0.060601
perpendicular,25.0,30.0,-10.0,0.0,normal,0.000000,0.049254,0.038347
height,25.0,30.0,-10.0,0.0,normal,0.000000,0.036994,0.029530
yaw,25.0,30.0,-10.0,0.0,normal,0.000000,0.034183,0.028002
width,25.0,30.0,-10.0,0.0,normal,0.000000,0.093008,0.073599
length,25.0,30.0,-10.0,0.0,normal,0.000000,0.148122,0.104777
box_height,25.0,30.0,-10.0,0.0,normal,0.000000,0.057076,0.045464
miss_detection,25.0,30.0,0.0,10.0,constant,0.035556,,
distal,25.0,30.0,0.0,10.0,normal,0.000000,0.234645,0.106353
perpendicular,25.0,30.0,0.0,10.0,normal,0.000000,0.077294,0.053904
height,25.0,30.0,0.0,10.0,normal,0.000000,0.053304,0.035759
yaw,25.0,30.0,0.0,10.0,normal,0.000000,0.049682,0.036599
width,25.0,30.0,0.0,10.0,normal,0.000000,0.177761,0.104140
length,25.0,30.0,0.0,10.0,normal,0.000000,0.772959,0.229622
box_height,25.0,30.0,0.0,10.0,normal,0.000000,0.095114,0.060671
miss_detection,25.0,30.0,10.0,20.0,constant,0.365340,,
distal,25.0,30.0,10.0,20.0,normal,0.000000,0.159097,0.086754
perpendicular,25.0,30.0,10.0,20.0,normal,0.000000,0.072193,0.053198
height,25.0,30.0,10.0,20.0,normal,0.000000,0.058730,0.040310
yaw,25.0,30.0,10.0,20.0,normal,0.000000,0.289290,0.086618
width,25.0,30.0,10.0,20.0,normal,0.000000,0.258182,0.101478
length,25.0,30.0,10.0,20.0,normal,0.000000,0.323631,0.153747
box_height,25.0,30.0,10.0,20.0,normal,0.000000,0.087053,0.055621
miss_detection,25.0,30.0,20.0,30.0,constant,0.475000,,
distal,25.0,30.0,20.0,30.0,normal,0.000000,0.081005,0.063289
perpendicular,25.0,30.0,20.0,30.0,normal,0.000000,0.100212,0.068211
height,25.0,30.0,20.0,30.0,normal,0.000000,0.054488,0.040884
yaw,25.0,30.0,20.0,30.0,normal,0.000000,0.039382,0.061836
width,25.0,30.0,20.0,30.0,normal,0.000000,0.109734,0.082315
length,25.0,30.0,20.0,30.0,normal,0.000000,0.185217,0.127148
box_height,25.0,30.0,20.0,30.0,normal,0.000000,0.079307,0.062715
miss_detection,25.0,30.0,30.0,40.0,constant,1.000000,,
distal,25.0,30.0,30.0,40.0,normal,0.000000,0.126547,0.077571
perpendicular,25.0,30.0,30.0,40.0,normal,0.000000,0.112768,0.070274
height,25.0,30.0,30.0,40.0,normal,0.000000,0.084922,0.052250
yaw,25.0,30.0,30.0,40.0,normal,0.000000,0.401671,0.104889
width,25.0,30.0,30.0,40.0,normal,0.000000,0.114259,0.083224
length,25.0,30.0,30.0,40.0,normal,0.000000,0.203165,0.115768
box_height,25.0,30.0,30.0,40.0,normal,0.000000,0.094437,0.062387
miss_detection,25.0,30.0,40.0,50.0,constant,1.000000,,
distal,25.0,30.0,40.0,50.0,normal,0.000000,0.126547,0.077571
perpendicular,25.0,30.0,40.0,50.0,normal,0.000000,0.112768,0.070274
height,25.0,30.0,40.0,50.0,normal,0.000000,0.084922,0.052250
yaw,25.0,30.0,40.0,50.0,normal,0.000000,0.401671,0.104889
width,25.0,30.0,40.0,50.0,normal,0.000000,0.114259,0.083224
length,25.0,30.0,40.0,50.0,normal,0.000000,0.203165,0.115768
box_height,25.0,30.0,40.0,50.0,normal,0.000000,0.094437,0.062387
miss_detection,25.0,30.0,50.0,60.0,constant,1.000000,,
distal,25.0,30.0,50.0,60.0,normal,0.000000,0.126547,0.077571
perpendicular,25.0,30.0,50.0,60.0,normal,0.000000,0.112768,0.070274
height,25.0,30.0,50.0,60.0,normal,0.000000,0.084922,0.052250
yaw,25.0,30.0,50.0,60.0,normal,0.000000,0.401671,0.104889
width,25.0,30.0,50.0,60.0,normal,0.000000,0.114259,0.083224
length,25.0,30.0,50.0,60.0,normal,0.000000,0.203165,0.115768
box_height,25.0,30.0,50.0,60.0,normal,0.000000,0.094437,0.062387
miss_detection,25.0,30.0,60.0,70.0,constant,1.000000,,
distal,25.0,30.0,60.0,70.0,normal,0.000000,0.126547,0.077571
perpendicular,25.0,30.0,60.0,70.0,normal,0.000000,0.112768,0.070274
height,25.0,30.0,60.0,70.0,normal,0.000000,0.084922,0.052250
yaw,25.0,30.0,60.0,70.0,normal,0.000000,0.401671,0.104889
width,25.0,30.0,60.0,70.0,normal,0.000000,0.114259,0.083224
length,25.0,30.0,60.0,70.0,normal,0.000000,0.203165,0.115768
box_height,25.0,30.0,60.0,70.0,normal,0.000000,0.094437,0.062387
miss_detection,25.0,30.0,70.0,80.0,constant,1.000000,,
distal,25.0,30.0,70.0,80.0,normal,0.000000,0.126547,0.077571
perpendicular,25.0,30.0,70.0,80.0,normal,0.000000,0.112768,0.070274
height,25.0,30.0,70.0,80.0,normal,0.000000,0.084922,0.052250
yaw,25.0,30.0,70.0,80.0,normal,0.000000,0.401671,0.104889
width,25.0,30.0,70.0,80.0,normal,0.000000,0.114259,0.083224
length,25.0,30.0,70.0,80.0,normal,0.000000,0.203165,0.115768
box_height,25.0,30.0,70.0,80.0,normal,0.000000,0.094437,0.062387
miss_detection,25.0,30.0,80.0,90.0,constant,1.000000,,
distal,25.0,30.0,80.0,90.0,normal,0.000000,0.126547,0.077571
perpendicular,25.0,30.0,80.0,90.0,normal,0.000000,0.112768,0.070274
height,25.0,30.0,80.0,90.0,normal,0.000000,0.084922,0.052250
yaw,25.0,30.0,80.0,90.0,normal,0.000000,0.401671,0.104889
width,25.0,30.0,80.0,90.0,normal,0.000000,0.114259,0.083224
length,25.0,30.0,80.0,90.0,normal,0.000000,0.203165,0.115768
box_height,25.0,30.0,80.0,90.0,normal,0.000000,0.094437,0.062387
miss_detection,25.0,30.0,90.0,100.0,constant,1.000000,,
distal,25.0,30.0,90.0,100.0,normal,0.000000,0.126547,0.077571
perpendicular,25.0,30.0,90.0,100.0,normal,0.000000,0.112768,0.070274
height,25.0,30.0,90.0,100.0,normal,0.000000,0.084922,0.052250
yaw,25.0,30.0,90.0,100.0,normal,0.000000,0.401671,0.104889
width,25.0,30.0,90.0,100.0,normal,0.000000,0.114259,0.083224
length,25.0,30.0,90.0,100.0,normal,0.000000,0.203165,0.115768
box_height,25.0,30.0,90.0,100.0,normal,0.000000,0.094437,0.062387
miss_detection,25.0,30.0,100.0,110.0,constant,1.000000,,
distal,25.0,30.0,100.0,110.0,normal,0.000000,0.126547,0.077571
perpendicular,25.0,30.0,100.0,110.0,normal,0.000000,0.112768,0.070274
height,25.0,30.0,100.0,110.0,normal,0.000000,0.084922,0.052250
yaw,25.0,30.0,100.0,110.0,normal,0.000000,0.401671,0.104889
width,25.0,30.0,100.0,110.0,normal,0.000000,0.114259,0.083224
length,25.0,30.0,100.0,110.0,normal,0.000000,0.203165,0.115768
box_height,25.0,30.0,100.0,110.0,normal,0.000000,0.094437,0.062387
miss_detection,25.0,30.0,110.0,120.0,constant,1.000000,,
distal,25.0,30.0,110.0,120.0,normal,0.000000,0.126547,0.077571
perpendicular,25.0,30.0,110.0,120.0,normal,0.000000,0.112768,0.070274
height,25.0,30.0,110.0,120.0,normal,0.000000,0.084922,0.052250
yaw,25.0,30.0,110.0,120.0,normal,0.000000,0.401671,0.104889
width,25.0,30.0,110.0,120.0,normal,0.000000,0.114259,0.083224
length,25.0,30.0,110.0,120.0,normal,0.000000,0.203165,0.115768
box_height,25.0,30.0,110.0,120.0,normal,0.000000,0.094437,0.062387
miss_detection,25.0,30.0,120.0,130.0,constant,1.000000,,
distal,25.0,30.0,120.0,130.0,normal,0.000000,0.126547,0.077571
perpendicular,25.0,30.0,120.0,130.0,normal,0.000000,0.112768,0.070274
height,25.0,30.0,120.0,130.0,normal,0.000000,0.084922,0.052250
yaw,25.0,30.0,120.0,130.0,normal,0.000000,0.401671,0.104889
width,25.0,30.0,120.0,130.0,normal,0.000000,0.114259,0.083224
length,25.0,30.0,120.0,130.0,normal,0.000000,0.203165,0.115768
box_height,25.0,30.0,120.0,130.0,normal,0.000000,0.094437,0.062387
miss_detection,25.0,30.0,130.0,140.0,constant,1.000000,,
distal,25.0,30.0,130.0,140.0,normal,0.000000,0.126547,0.077571
perpendicular,25.0,30.0,130.0,140.0,normal,0.000000,0.112768,0.070274
height,25.0,30.0,130.0,140.0,normal,0.000000,0.084922,0.052250
yaw,25.0,30.0,130.0,140.0,normal,0.000000,0.401671,0.104889
width,25.0,30.0,130.0,140.0,normal,0.000000,0.114259,0.083224
length,25.0,30.0,130.0,140.0,normal,0.000000,0.203165,0.115768
box_height,25.0,30.0,130.0,140.0,normal,0.000000,0.094437,0.062387
miss_detection,25.0,30.0,140.0,150.0,constant,1.000000,,
distal,25.0,30.0,140.0,150.0,normal,0.000000,0.126547,0.077571
perpendicular,25.0,30.0,140.0,150.0,normal,0.000000,0.112768,0.070274
height,25.0,30.0,140.0,150.0,normal,0.000000,0.084922,0.052250
yaw,25.0,30.0,140.0,150.0,normal,0.000000,0.401671,0.104889
width,25.0,30.0,140.0,150.0,normal,0.000000,0.114259,0.083224
length,25.0,30.0,140.0,150.0,normal,0.000000,0.203165,0.115768
box_height,25.0,30.0,140.0,150.0,normal,0.000000,0.094437,0.062387
miss_detection,25.0,30.0,150.0,160.0,constant,1.000000,,
distal,25.0,30.0,150.0,160.0,normal,0.000000,0.126547,0.077571
perpendicular,25.0,30.0,150.0,160.0,normal,0.000000,0.112768,0.070274
height,25.0,30.0,150.0,160.0,normal,0.000000,0.084922,0.052250
yaw,25.0,30.0,150.0,160.0,normal,0.000000,0.401671,0.104889
width,25.0,30.0,150.0,160.0,normal,0.000000,0.114259,0.083224
length,25.0,30.0,150.0,160.0,normal,0.000000,0.203165,0.115768
box_height,25.0,30.0,150.0,160.0,normal,0.000000,0.094437,0.062387
miss_detection,25.0,30.0,160.0,170.0,constant,1.000000,,
distal,25.0,30.0,160.0,170.0,normal,0.000000,0.126547,0.077571
perpendicular,25.0,30.0,160.0,170.0,normal,0.000000,0.112768,0.070274
height,25.0,30.0,160.0,170.0,normal,0.000000,0.084922,0.052250
yaw,25.0,30.0,160.0,170.0,normal,0.000000,0.401671,0.104889
width,25.0,30.0,160.0,170.0,normal,0.000000,0.114259,0.083224
length,25.0,30.0,160.0,170.0,normal,0.000000,0.203165,0.115768
box_height,25.0,30.0,160.0,170.0,normal,0.000000,0.094437,0.062387
miss_detection,25.0,30.0,170.0,180.0,constant,1.000000,,
distal,25.0,30.0,170.0,180.0,normal,0.000000,0.126547,0.077571
perpendicular,25.0,30.0,170.0,180.0,normal,0.000000,0.112768,0.070274
height,25.0,30.0,170.0,180.0,normal,0.000000,0.084922,0.052250
yaw,25.0,30.0,170.0,180.0,normal,0.000000,0.401671,0.104889
width,25.0,30.0,170.0,180.0,normal,0.000000,0.114259,0.083224
length,25.0,30.0,170.0,180.0,normal,0.000000,0.203165,0.115768
box_height,25.0,30.0,170.0,180.0,normal,0.000000,0.094437,0.062387
miss_detection,30.0,35.0,-180.0,-170.0,constant,1.000000,,
distal,30.0,35.0,-180.0,-170.0,normal,0.000000,0.126547,0.077571
perpendicular,30.0,35.0,-180.0,-170.0,normal,0.000000,0.112768,0.070274
height,30.0,35.0,-180.0,-170.0,normal,0.000000,0.084922,0.052250
yaw,30.0,35.0,-180.0,-170.0,normal,0.000000,0.401671,0.104889
width,30.0,35.0,-180.0,-170.0,normal,0.000000,0.114259,0.083224
length,30.0,35.0,-180.0,-170.0,normal,0.000000,0.203165,0.115768
box_height,30.0,35.0,-180.0,-170.0,normal,0.000000,0.094437,0.062387
miss_detection,30.0,35.0,-170.0,-160.0,constant,1.000000,,
distal,30.0,35.0,-170.0,-160.0,normal,0.000000,0.126547,0.077571
perpendicular,30.0,35.0,-170.0,-160.0,normal,0.000000,0.112768,0.070274
height,30.0,35.0,-170.0,-160.0,normal,0.000000,0.084922,0.052250
yaw,30.0,35.0,-170.0,-160.0,normal,0.000000,0.401671,0.104889
width,30.0,35.0,-170.0,-160.0,normal,0.000000,0.114259,0.083224
length,30.0,35.0,-170.0,-160.0,normal,0.000000,0.203165,0.115768
box_height,30.0,35.0,-170.0,-160.0,normal,0.000000,0.094437,0.062387
miss_detection,30.0,35.0,-160.0,-150.0,constant,1.000000,,
distal,30.0,35.0,-160.0,-150.0,normal,0.000000,0.126547,0.077571
perpendicular,30.0,35.0,-160.0,-150.0,normal,0.000000,0.112768,0.070274
height,30.0,35.0,-160.0,-150.0,normal,0.000000,0.084922,0.052250
yaw,30.0,35.0,-160.0,-150.0,normal,0.000000,0.401671,0.104889
width,30.0,35.0,-160.0,-150.0,normal,0.000000,0.114259,0.083224
length,30.0,35.0,-160.0,-150.0,normal,0.000000,0.203165,0.115768
box_height,30.0,35.0,-160.0,-150.0,normal,0.000000,0.094437,0.062387
miss_detection,30.0,35.0,-150.0,-140.0,constant,1.000000,,
distal,30.0,35.0,-150.0,-140.0,normal,0.000000,0.126547,0.077571
perpendicular,30.0,35.0,-150.0,-140.0,normal,0.000000,0.112768,0.070274
height,30.0,35.0,-150.0,-140.0,normal,0.000000,0.084922,0.052250
yaw,30.0,35.0,-150.0,-140.0,normal,0.000000,0.401671,0.104889
width,30.0,35.0,-150.0,-140.0,normal,0.000000,0.114259,0.083224
length,30.0,35.0,-150.0,-140.0,normal,0.000000,0.203165,0.115768
box_height,30.0,35.0,-150.0,-140.0,normal,0.000000,0.094437,0.062387
miss_detection,30.0,35.0,-140.0,-130.0,constant,1.000000,,
distal,30.0,35.0,-140.0,-130.0,normal,0.000000,0.126547,0.077571
perpendicular,30.0,35.0,-140.0,-130.0,normal,0.000000,0.112768,0.070274
height,30.0,35.0,-140.0,-130.0,normal,0.000000,0.084922,0.052250
yaw,30.0,35.0,-140.0,-130.0,normal,0.000000,0.401671,0.104889
width,30.0,35.0,-140.0,-130.0,normal,0.000000,0.114259,0.083224
length,30.0,35.0,-140.0,-130.0,normal,0.000000,0.203165,0.115768
box_height,30.0,35.0,-140.0,-130.0,normal,0.000000,0.094437,0.062387
miss_detection,30.0,35.0,-130.0,-120.0,constant,1.000000,,
distal,30.0,35.0,-130.0,-120.0,normal,0.000000,0.126547,0.077571
perpendicular,30.0,35.0,-130.0,-120.0,normal,0.000000,0.112768,0.070274
height,30.0,35.0,-130.0,-120.0,normal,0.000000,0.084922,0.052250
yaw,30.0,35.0,-130.0,-120.0,normal,0.000000,0.401671,0.104889
width,30.0,35.0,-130.0,-120.0,normal,0.000000,0.114259,0.083224
length,30.0,35.0,-130.0,-120.0,normal,0.000000,0.203165,0.115768
box_height,30.0,35.0,-130.0,-120.0,normal,0.000000,0.094437,0.062387
miss_detection,30.0,35.0,-120.0,-110.0,constant,1.000000,,
distal,30.0,35.0,-120.0,-110.0,normal,0.000000,0.126547,0.077571
perpendicular,30.0,35.0,-120.0,-110.0,normal,0.000000,0.112768,0.070274
height,30.0,35.0,-120.0,-110.0,normal,0.000000,0.084922,0.052250
yaw,30.0,35.0,-120.0,-110.0,normal,0.000000,0.401671,0.104889
width,30.0,35.0,-120.0,-110.0,normal,0.000000,0.114259,0.083224
length,30.0,35.0,-120.0,-110.0,normal,0.000000,0.203165,0.115768
box_height,30.0,35.0,-120.0,-110.0,normal,0.000000,0.094437,0.062387
miss_detection,30.0,35.0,-110.0,-100.0,constant,1.000000,,
distal,30.0,35.0,-110.0,-100.0,normal,0.000000,0.126547,0.077571
perpendicular,30.0,35.0,-110.0,-100.0,normal,0.000000,0.112768,0.070274
height,30.0,35.0,-110.0,-100.0,normal,0.000000,0.084922,0.052250
yaw,30.0,35.0,-110.0,-100.0,normal,0.000000,0.401671,0.104889
width,30.0,35.0,-110.0,-100.0,normal,0.000000,0.114259,0.083224
length,30.0,35.0,-110.0,-100.0,normal,0.000000,0.203165,0.115768
box_height,30.0,35.0,-110.0,-100.0,normal,0.000000,0.094437,0.062387
miss_detection,30.0,35.0,-100.0,-90.0,constant,1.000000,,
distal,30.0,35.0,-100.0,-90.0,normal,0.000000,0.126547,0.077571
perpendicular,30.0,35.0,-100.0,-90.0,normal,0.000000,0.112768,0.070274
height,30.0,35.0,-100.0,-90.0,normal,0.000000,0.084922,0.052250
yaw,30.0,35.0,-100.0,-90.0,normal,0.000000,0.401671,0.104889
width,30.0,35.0,-100.0,-90.0,normal,0.000000,0.114259,0.083224
length,30.0,35.0,-100.0,-90.0,normal,0.000000,0.203165,0.115768
box_height,30.0,35.0,-100.0,-90.0,normal,0.000000,0.094437,0.062387
miss_detection,30.0,35.0,-90.0,-80.0,constant,1.000000,,
distal,30.0,35.0,-90.0,-80.0,normal,0.000000,0.126547,0.077571
perpendicular,30.0,35.0,-90.0,-80.0,normal,0.000000,0.112768,0.070274
height,30.0,35.0,-90.0,-80.0,normal,0.000000,0.084922,0.052250
yaw,30.0,35.0,-90.0,-80.0,normal,0.000000,0.401671,0.104889
width,30.0,35.0,-90.0,-80.0,normal,0.000000,0.114259,0.083224
length,30.0,35.0,-90.0,-80.0,normal,0.000000,0.203165,0.115768
box_height,30.0,35.0,-90.0,-80.0,normal,0.000000,0.094437,0.062387
miss_detection,30.0,35.0,-80.0,-70.0,constant,1.000000,,
distal,30.0,35.0,-80.0,-70.0,normal,0.000000,0.126547,0.077571
perpendicular,30.0,35.0,-80.0,-70.0,normal,0.000000,0.112768,0.070274
height,30.0,35.0,-80.0,-70.0,normal,0.000000,0.084922,0.052250
yaw,30.0,35.0,-80.0,-70.0,normal,0.000000,0.401671,0.104889
width,30.0,35.0,-80.0,-70.0,normal,0.000000,0.114259,0.083224
length,30.0,35.0,-80.0,-70.0,normal,0.000000,0.203165,0.115768
box_height,30.0,35.0,-80.0,-70.0,normal,0.000000,0.094437,0.062387
miss_detection,30.0,35.0,-70.0,-60.0,constant,1.000000,,
distal,30.0,35.0,-70.0,-60.0,normal,0.000000,0.126547,0.077571
perpendicular,30.0,35.0,-70.0,-60.0,normal,0.000000,0.112768,0.070274
height,30.0,35.0,-70.0,-60.0,normal,0.000000,0.084922,0.052250
yaw,30.0,35.0,-70.0,-60.0,normal,0.000000,0.401671,0.104889
width,30.0,35.0,-70.0,-60.0,normal,0.000000,0.114259,0.083224
length,30.0,35.0,-70.0,-60.0,normal,0.000000,0.203165,0.115768
box_height,30.0,35.0,-70.0,-60.0,normal,0.000000,0.094437,0.062387
miss_detection,30.0,35.0,-60.0,-50.0,constant,1.000000,,
distal,30.0,35.0,-60.0,-50.0,normal,0.000000,0.126547,0.077571
perpendicular,30.0,35.0,-60.0,-50.0,normal,0.000000,0.112768,0.070274
height,30.0,35.0,-60.0,-50.0,normal,0.000000,0.084922,0.052250
yaw,30.0,35.0,-60.0,-50.0,normal,0.000000,0.401671,0.104889
width,30.0,35.0,-60.0,-50.0,normal,0.000000,0.114259,0.083224
length,30.0,35.0,-60.0,-50.0,normal,0.000000,0.203165,0.115768
box_height,30.0,35.0,-60.0,-50.0,normal,0.000000,0.094437,0.062387
miss_detection,30.0,35.0,-50.0,-40.0,constant,1.000000,,
distal,30.0,35.0,-50.0,-40.0,normal,0.000000,0.126547,0.077571
perpendicular,30.0,35.0,-50.0,-40.0,normal,0.000000,0.112768,0.070274
height,30.0,35.0,-50.0,-40.0,normal,0.000000,0.084922,0.052250
yaw,30.0,35.0,-50.0,-40.0,normal,0.000000,0.401671,0.104889
width,30.0,35.0,-50.0,-40.0,normal,0.000000,0.114259,0.083224
length,30.0,35.0,-50.0,-40.0,normal,0.000000,0.203165,0.115768
box_height,30.0,35.0,-50.0,-40.0,normal,0.000000,0.094437,0.062387
miss_detection,30.0,35.0,-40.0,-30.0,constant,0.000000,,
distal,30.0,35.0,-40.0,-30.0,normal,0.000000,0.078454,0.063345
perpendicular,30.0,35.0,-40.0,-30.0,normal,0.000000,0.061522,0.060286
height,30.0,35.0,-40.0,-30.0,normal,0.000000,0.021404,0.039517
yaw,30.0,35.0,-40.0,-30.0,normal,0.000000,0.027856,0.028976
width,30.0,35.0,-40.0,-30.0,normal,0.000000,0.121606,0.121189
length,30.0,35.0,-40.0,-30.0,normal,0.000000,0.142955,0.118259
box_height,30.0,35.0,-40.0,-30.0,normal,0.000000,0.045089,0.100728
miss_detection,30.0,35.0,-30.0,-20.0,constant,0.074286,,
distal,30.0,35.0,-30.0,-20.0,normal,0.000000,0.084819,0.061702
perpendicular,30.0,35.0,-30.0,-20.0,normal,0.000000,0.073136,0.057610
height,30.0,35.0,-30.0,-20.0,normal,0.000000,0.054587,0.043834
yaw,30.0,35.0,-30.0,-20.0,normal,0.000000,0.237264,0.057845
width,30.0,35.0,-30.0,-20.0,normal,0.000000,0.113612,0.086714
length,30.0,35.0,-30.0,-20.0,normal,0.000000,0.147958,0.114836
box_height,30.0,35.0,-30.0,-20.0,normal,0.000000,0.077362,0.059052
miss_detection,30.0,35.0,-20.0,-10.0,constant,0.025157,,
distal,30.0,35.0,-20.0,-10.0,normal,0.000000,0.073684,0.053195
perpendicular,30.0,35.0,-20.0,-10.0,normal,0.000000,0.064294,0.051196
height,30.0,35.0,-20.0,-10.0,normal,0.000000,0.039746,0.031607
yaw,30.0,35.0,-20.0,-10.0,normal,0.000000,0.051519,0.039470
width,30.0,35.0,-20.0,-10.0,normal,0.000000,0.093316,0.073991
length,30.0,35.0,-20.0,-10.0,normal,0.000000,0.130464,0.096190
box_height,30.0,35.0,-20.0,-10.0,normal,0.000000,0.051814,0.043306
miss_detection,30.0,35.0,-10.0,0.0,constant,0.104034,,
distal,30.0,35.0,-10.0,0.0,normal,0.000000,0.066852,0.050782
perpendicular,30.0,35.0,-10.0,0.0,normal,0.000000,0.051695,0.039904
height,30.0,35.0,-10.0,0.0,normal,0.000000,0.035858,0.030942
yaw,30.0,35.0,-10.0,0.0,normal,0.000000,0.056276,0.051748
width,30.0,35.0,-10.0,0.0,normal,0.000000,0.108369,0.082894
length,30.0,35.0,-10.0,0.0,normal,0.000000,0.115586,0.088021
box_height,30.0,35.0,-10.0,0.0,normal,0.000000,0.053200,0.041376
miss_detection,30.0,35.0,0.0,10.0,constant,0.061404,,
distal,30.0,35.0,0.0,10.0,normal,0.000000,0.078934,0.055309
perpendicular,30.0,35.0,0.0,10.0,normal,0.000000,0.064064,0.046958
height,30.0,35.0,0.0,10.0,normal,0.000000,0.038286,0.032924
yaw,30.0,35.0,0.0,10.0,normal,0.000000,0.059530,0.076865
width,30.0,35.0,0.0,10.0,normal,0.000000,0.106111,0.082118
length,30.0,35.0,0.0,10.0,normal,0.000000,0.138001,0.088436
box_height,30.0,35.0,0.0,10.0,normal,0.000000,0.056581,0.043873
miss_detection,30.0,35.0,10.0,20.0,constant,0.465241,,
distal,30.0,35.0,10.0,20.0,normal,0.000000,0.158346,0.077655
perpendicular,30.0,35.0,10.0,20.0,normal,0.000000,0.079077,0.051153
height,30.0,35.0,10.0,20.0,normal,0.000000,0.042754,0.033010
yaw,30.0,35.0,10.0,20.0,normal,0.000000,0.122079,0.069913
width,30.0,35.0,10.0,20.0,normal,0.000000,0.110270,0.085972
length,30.0,35.0,10.0,20.0,normal,0.000000,0.211300,0.124295
box_height,30.0,35.0,10.0,20.0,normal,0.000000,0.068089,0.051735
miss_detection,30.0,35.0,20.0,30.0,constant,0.515982,,
distal,30.0,35.0,20.0,30.0,normal,0.000000,0.056099,0.044732
perpendicular,30.0,35.0,20.0,30.0,normal,0.000000,0.076954,0.059263
height,30.0,35.0,20.0,30.0,normal,0.000000,0.045044,0.039069
yaw,30.0,35.0,20.0,30.0,normal,0.000000,0.033385,0.068016
width,30.0,35.0,20.0,30.0,normal,0.000000,0.102139,0.077199
length,30.0,35.0,20.0,30.0,normal,0.000000,0.128811,0.102057
box_height,30.0,35.0,20.0,30.0,normal,0.000000,0.058445,0.048077
miss_detection,30.0,35.0,30.0,40.0,constant,1.000000,,
distal,30.0,35.0,30.0,40.0,normal,0.000000,0.126547,0.077571
perpendicular,30.0,35.0,30.0,40.0,normal,0.000000,0.112768,0.070274
height,30.0,35.0,30.0,40.0,normal,0.000000,0.084922,0.052250
yaw,30.0,35.0,30.0,40.0,normal,0.000000,0.401671,0.104889
width,30.0,35.0,30.0,40.0,normal,0.000000,0.114259,0.083224
length,30.0,35.0,30.0,40.0,normal,0.000000,0.203165,0.115768
box_height,30.0,35.0,30.0,40.0,normal,0.000000,0.094437,0.062387
miss_detection,30.0,35.0,40.0,50.0,constant,1.000000,,
distal,30.0,35.0,40.0,50.0,normal,0.000000,0.126547,0.077571
perpendicular,30.0,35.0,40.0,50.0,normal,0.000000,0.112768,0.070274
height,30.0,35.0,40.0,50.0,normal,0.000000,0.084922,0.052250
yaw,30.0,35.0,40.0,50.0,normal,0.000000,0.401671,0.104889
width,30.0,35.0,40.0,50.0,normal,0.000000,0.114259,0.083224
length,30.0,35.0,40.0,50.0,normal,0.000000,0.203165,0.115768
box_height,30.0,35.0,40.0,50.0,normal,0.000000,0.094437,0.062387
miss_detection,30.0,35.0,50.0,60.0,constant,1.000000,,
distal,30.0,35.0,50.0,60.0,normal,0.000000,0.126547,0.077571
perpendicular,30.0,35.0,50.0,60.0,normal,0.000000,0.112768,0.070274
height,30.0,35.0,50.0,60.0,normal,0.000000,0.084922,0.052250
yaw,30.0,35.0,50.0,60.0,normal,0.000000,0.401671,0.104889
width,30.0,35.0,50.0,60.0,normal,0.000000,0.114259,0.083224
length,30.0,35.0,50.0,60.0,normal,0.000000,0.203165,0.115768
box_height,30.0,35.0,50.0,60.0,normal,0.000000,0.094437,0.062387
miss_detection,30.0,35.0,60.0,70.0,constant,1.000000,,
distal,30.0,35.0,60.0,70.0,normal,0.000000,0.126547,0.077571
perpendicular,30.0,35.0,60.0,70.0,normal,0.000000,0.112768,0.070274
height,30.0,35.0,60.0,70.0,normal,0.000000,0.084922,0.052250
yaw,30.0,35.0,60.0,70.0,normal,0.000000,0.401671,0.104889
width,30.0,35.0,60.0,70.0,normal,0.000000,0.114259,0.083224
length,30.0,35.0,60.0,70.0,normal,0.000000,0.203165,0.115768
box_height,30.0,35.0,60.0,70.0,normal,0.000000,0.094437,0.062387
miss_detection,30.0,35.0,70.0,80.0,constant,1.000000,,
distal,30.0,35.0,70.0,80.0,normal,0.000000,0.126547,0.077571
perpendicular,30.0,35.0,70.0,80.0,normal,0.000000,0.112768,0.070274
height,30.0,35.0,70.0,80.0,normal,0.000000,0.084922,0.052250
yaw,30.0,35.0,70.0,80.0,normal,0.000000,0.401671,0.104889
width,30.0,35.0,70.0,80.0,normal,0.000000,0.114259,0.083224
length,30.0,35.0,70.0,80.0,normal,0.000000,0.203165,0.115768
box_height,30.0,35.0,70.0,80.0,normal,0.000000,0.094437,0.062387
miss_detection,30.0,35.0,80.0,90.0,constant,1.000000,,
distal,30.0,35.0,80.0,90.0,normal,0.000000,0.126547,0.077571
perpendicular,30.0,35.0,80.0,90.0,normal,0.000000,0.112768,0.070274
height,30.0,35.0,80.0,90.0,normal,0.000000,0.084922,0.052250
yaw,30.0,35.0,80.0,90.0,normal,0.000000,0.401671,0.104889
width,30.0,35.0,80.0,90.0,normal,0.000000,0.114259,0.083224
length,30.0,35.0,80.0,90.0,normal,0.000000,0.203165,0.115768
box_height,30.0,35.0,80.0,90.0,normal,0.000000,0.094437,0.062387
miss_detection,30.0,35.0,90.0,100.0,constant,1.000000,,
distal,30.0,35.0,90.0,100.0,normal,0.000000,0.126547,0.077571
perpendicular,30.0,35.0,90.0,100.0,normal,0.000000,0.112768,0.070274
height,30.0,35.0,90.0,100.0,normal,0.000000,0.084922,0.052250
yaw,30.0,35.0,90.0,100.0,normal,0.000000,0.401671,0.104889
width,30.0,35.0,90.0,100.0,normal,0.000000,0.114259,0.083224
length,30.0,35.0,90.0,100.0,normal,0.000000,0.203165,0.115768
box_height,30.0,35.0,90.0,100.0,normal,0.000000,0.094437,0.062387
miss_detection,30.0,35.0,100.0,110.0,constant,1.000000,,
distal,30.0,35.0,100.0,110.0,normal,0.000000,0.126547,0.077571
perpendicular,30.0,35.0,100.0,110.0,normal,0.000000,0.112768,0.070274
height,30.0,35.0,100.0,110.0,normal,0.000000,0.084922,0.052250
yaw,30.0,35.0,100.0,110.0,normal,0.000000,0.401671,0.104889
width,30.0,35.0,100.0,110.0,normal,0.000000,0.114259,0.083224
length,30.0,35.0,100.0,110.0,normal,0.000000,0.203165,0.115768
box_height,30.0,35.0,100.0,110.0,normal,0.000000,0.094437,0.062387
miss_detection,30.0,35.0,110.0,120.0,constant,1.000000,,
distal,30.0,35.0,110.0,120.0,normal,0.000000,0.126547,0.077571
perpendicular,30.0,35.0,110.0,120.0,normal,0.000000,0.112768,0.070274
height,30.0,35.0,110.0,120.0,normal,0.000000,0.084922,0.052250
yaw,30.0,35.0,110.0,120.0,normal,0.000000,0.401671,0.104889
width,30.0,35.0,110.0,120.0,normal,0.000000,0.114259,0.083224
length,30.0,35.0,110.0,120.0,normal,0.000000,0.203165,0.115768
box_height,30.0,35.0,110.0,120.0,normal,0.000000,0.094437,0.062387
miss_detection,30.0,35.0,120.0,130.0,constant,1.000000,,
distal,30.0,35.0,120.0,130.0,normal,0.000000,0.126547,0.077571
perpendicular,30.0,35.0,120.0,130.0,normal,0.000000,0.112768,0.070274
height,30.0,35.0,120.0,130.0,normal,0.000000,0.084922,0.052250
yaw,30.0,35.0,120.0,130.0,normal,0.000000,0.401671,0.104889
width,30.0,35.0,120.0,130.0,normal,0.000000,0.114259,0.083224
length,30.0,35.0,120.0,130.0,normal,0.000000,0.203165,0.115768
box_height,30.0,35.0,120.0,130.0,normal,0.000000,0.094437,0.062387
miss_detection,30.0,35.0,130.0,140.0,constant,1.000000,,
distal,30.0,35.0,130.0,140.0,normal,0.000000,0.126547,0.077571
perpendicular,30.0,35.0,130.0,140.0,normal,0.000000,0.112768,0.070274
height,30.0,35.0,130.0,140.0,normal,0.000000,0.084922,0.052250
yaw,30.0,35.0,130.0,140.0,normal,0.000000,0.401671,0.104889
width,30.0,35.0,130.0,140.0,normal,0.000000,0.114259,0.083224
length,30.0,35.0,130.0,140.0,normal,0.000000,0.203165,0.115768
box_height,30.0,35.0,130.0,140.0,normal,0.000000,0.094437,0.062387
miss_detection,30.0,35.0,140.0,150.0,constant,1.000000,,
distal,30.0,35.0,140.0,150.0,normal,0.000000,0.126547,0.077571
perpendicular,30.0,35.0,140.0,150.0,normal,0.000000,0.112768,0.070274
height,30.0,35.0,140.0,150.0,normal,0.000000,0.084922,0.052250
yaw,30.0,35.0,140.0,150.0,normal,0.000000,0.401671,0.104889
width,30.0,35.0,140.0,150.0,normal,0.000000,0.114259,0.083224
length,30.0,35.0,140.0,150.0,normal,0.000000,0.203165,0.115768
box_height,30.0,35.0,140.0,150.0,normal,0.000000,0.094437,0.062387
miss_detection,30.0,35.0,150.0,160.0,constant,1.000000,,
distal,30.0,35.0,150.0,160.0,normal,0.000000,0.126547,0.077571
perpendicular,30.0,35.0,150.0,160.0,normal,0.000000,0.112768,0.070274
height,30.0,35.0,150.0,160.0,normal,0.000000,0.084922,0.052250
yaw,30.0,35.0,150.0,160.0,normal,0.000000,0.401671,0.104889
width,30.0,35.0,150.0,160.0,normal,0.000000,0.114259,0.083224
length,30.0,35.0,150.0,160.0,normal,0.000000,0.203165,0.115768
box_height,30.0,35.0,150.0,160.0,normal,0.000000,0.094437,0.062387
miss_detection,30.0,35.0,160.0,170.0,constant,1.000000,,
distal,30.0,35.0,160.0,170.0,normal,0.000000,0.126547,0.077571
perpendicular,30.0,35.0,160.0,170.0,normal,0.000000,0.112768,0.070274
height,30.0,35.0,160.0,170.0,normal,0.000000,0.084922,0.052250
yaw,30.0,35.0,160.0,170.0,normal,0.000000,0.401671,0.104889
width,30.0,35.0,160.0,170.0,normal,0.000000,0.114259,0.083224
length,30.0,35.0,160.0,170.0,normal,0.000000,0.203165,0.115768
box_height,30.0,35.0,160.0,170.0,normal,0.000000,0.094437,0.062387
miss_detection,30.0,35.0,170.0,180.0,constant,1.000000,,
distal,30.0,35.0,170.0,180.0,normal,0.000000,0.126547,0.077571
perpendicular,30.0,35.0,170.0,180.0,normal,0.000000,0.112768,0.070274
height,30.0,35.0,170.0,180.0,normal,0.000000,0.084922,0.052250
yaw,30.0,35.0,170.0,180.0,normal,0.000000,0.401671,0.104889
width,30.0,35.0,170.0,180.0,normal,0.000000,0.114259,0.083224
length,30.0,35.0,170.0,180.0,normal,0.000000,0.203165,0.115768
box_height,30.0,35.0,170.0,180.0,normal,0.000000,0.094437,0.062387
miss_detection,35.0,40.0,-180.0,-170.0,constant,1.000000,,
distal,35.0,40.0,-180.0,-170.0,normal,0.000000,0.126547,0.077571
perpendicular,35.0,40.0,-180.0,-170.0,normal,0.000000,0.112768,0.070274
height,35.0,40.0,-180.0,-170.0,normal,0.000000,0.084922,0.052250
yaw,35.0,40.0,-180.0,-170.0,normal,0.000000,0.401671,0.104889
width,35.0,40.0,-180.0,-170.0,normal,0.000000,0.114259,0.083224
length,35.0,40.0,-180.0,-170.0,normal,0.000000,0.203165,0.115768
box_height,35.0,40.0,-180.0,-170.0,normal,0.000000,0.094437,0.062387
miss_detection,35.0,40.0,-170.0,-160.0,constant,1.000000,,
distal,35.0,40.0,-170.0,-160.0,normal,0.000000,0.126547,0.077571
perpendicular,35.0,40.0,-170.0,-160.0,normal,0.000000,0.112768,0.070274
height,35.0,40.0,-170.0,-160.0,normal,0.000000,0.084922,0.052250
yaw,35.0,40.0,-170.0,-160.0,normal,0.000000,0.401671,0.104889
width,35.0,40.0,-170.0,-160.0,normal,0.000000,0.114259,0.083224
length,35.0,40.0,-170.0,-160.0,normal,0.000000,0.203165,0.115768
box_height,35.0,40.0,-170.0,-160.0,normal,0.000000,0.094437,0.062387
miss_detection,35.0,40.0,-160.0,-150.0,constant,1.000000,,
distal,35.0,40.0,-160.0,-150.0,normal,0.000000,0.126547,0.077571
perpendicular,35.0,40.0,-160.0,-150.0,normal,0.000000,0.112768,0.070274
height,35.0,40.0,-160.0,-150.0,normal,0.000000,0.084922,0.052250
yaw,35.0,40.0,-160.0,-150.0,normal,0.000000,0.401671,0.104889
width,35.0,40.0,-160.0,-150.0,normal,0.000000,0.114259,0.083224
length,35.0,40.0,-160.0,-150.0,normal,0.000000,0.203165,0.115768
box_height,35.0,40.0,-160.0,-150.0,normal,0.000000,0.094437,0.062387
miss_detection,35.0,40.0,-150.0,-140.0,constant,1.000000,,
distal,35.0,40.0,-150.0,-140.0,normal,0.000000,0.126547,0.077571
perpendicular,35.0,40.0,-150.0,-140.0,normal,0.000000,0.112768,0.070274
height,35.0,40.0,-150.0,-140.0,normal,0.000000,0.084922,0.052250
yaw,35.0,40.0,-150.0,-140.0,normal,0.000000,0.401671,0.104889
width,35.0,40.0,-150.0,-140.0,normal,0.000000,0.114259,0.083224
length,35.0,40.0,-150.0,-140.0,normal,0.000000,0.203165,0.115768
box_height,35.0,40.0,-150.0,-140.0,normal,0.000000,0.094437,0.062387
miss_detection,35.0,40.0,-140.0,-130.0,constant,1.000000,,
distal,35.0,40.0,-140.0,-130.0,normal,0.000000,0.126547,0.077571
perpendicular,35.0,40.0,-140.0,-130.0,normal,0.000000,0.112768,0.070274
height,35.0,40.0,-140.0,-130.0,normal,0.000000,0.084922,0.052250
yaw,35.0,40.0,-140.0,-130.0,normal,0.000000,0.401671,0.104889
width,35.0,40.0,-140.0,-130.0,normal,0.000000,0.114259,0.083224
length,35.0,40.0,-140.0,-130.0,normal,0.000000,0.203165,0.115768
box_height,35.0,40.0,-140.0,-130.0,normal,0.000000,0.094437,0.062387
miss_detection,35.0,40.0,-130.0,-120.0,constant,1.000000,,
distal,35.0,40.0,-130.0,-120.0,normal,0.000000,0.126547,0.077571
perpendicular,35.0,40.0,-130.0,-120.0,normal,0.000000,0.112768,0.070274
height,35.0,40.0,-130.0,-120.0,normal,0.000000,0.084922,0.052250
yaw,35.0,40.0,-130.0,-120.0,normal,0.000000,0.401671,0.104889
width,35.0,40.0,-130.0,-120.0,normal,0.000000,0.114259,0.083224
length,35.0,40.0,-130.0,-120.0,normal,0.000000,0.203165,0.115768
box_height,35.0,40.0,-130.0,-120.0,normal,0.000000,0.094437,0.062387
miss_detection,35.0,40.0,-120.0,-110.0,constant,1.000000,,
distal,35.0,40.0,-120.0,-110.0,normal,0.000000,0.126547,0.077571
perpendicular,35.0,40.0,-120.0,-110.0,normal,0.000000,0.112768,0.070274
height,35.0,40.0,-120.0,-110.0,normal,0.000000,0.084922,0.052250
yaw,35.0,40.0,-120.0,-110.0,normal,0.000000,0.401671,0.104889
width,35.0,40.0,-120.0,-110.0,normal,0.000000,0.114259,0.083224
length,35.0,40.0,-120.0,-110.0,normal,0.000000,0.203165,0.115768
box_height,35.0,40.0,-120.0,-110.0,normal,0.000000,0.094437,0.062387
miss_detection,35.0,40.0,-110.0,-100.0,constant,1.000000,,
distal,35.0,40.0,-110.0,-100.0,normal,0.000000,0.126547,0.077571
perpendicular,35.0,40.0,-110.0,-100.0,normal,0.000000,0.112768,0.070274
height,35.0,40.0,-110.0,-100.0,normal,0.000000,0.084922,0.052250
yaw,35.0,40.0,-110.0,-100.0,normal,0.000000,0.401671,0.104889
width,35.0,40.0,-110.0,-100.0,normal,0.000000,0.114259,0.083224
length,35.0,40.0,-110.0,-100.0,normal,0.000000,0.203165,0.115768
box_height,35.0,40.0,-110.0,-100.0,normal,0.000000,0.094437,0.062387
miss_detection,35.0,40.0,-100.0,-90.0,constant,1.000000,,
distal,35.0,40.0,-100.0,-90.0,normal,0.000000,0.126547,0.077571
perpendicular,35.0,40.0,-100.0,-90.0,normal,0.000000,0.112768,0.070274
height,35.0,40.0,-100.0,-90.0,normal,0.000000,0.084922,0.052250
yaw,35.0,40.0,-100.0,-90.0,normal,0.000000,0.401671,0.104889
width,35.0,40.0,-100.0,-90.0,normal,0.000000,0.114259,0.083224
length,35.0,40.0,-100.0,-90.0,normal,0.000000,0.203165,0.115768
box_height,35.0,40.0,-100.0,-90.0,normal,0.000000,0.094437,0.062387
miss_detection,35.0,40.0,-90.0,-80.0,constant,1.000000,,
distal,35.0,40.0,-90.0,-80.0,normal,0.000000,0.126547,0.077571
perpendicular,35.0,40.0,-90.0,-80.0,normal,0.000000,0.112768,0.070274
height,35.0,40.0,-90.0,-80.0,normal,0.000000,0.084922,0.052250
yaw,35.0,40.0,-90.0,-80.0,normal,0.000000,0.401671,0.104889
width,35.0,40.0,-90.0,-80.0,normal,0.000000,0.114259,0.083224
length,35.0,40.0,-90.0,-80.0,normal,0.000000,0.203165,0.115768
box_height,35.0,40.0,-90.0,-80.0,normal,0.000000,0.094437,0.062387
miss_detection,35.0,40.0,-80.0,-70.0,constant,1.000000,,
distal,35.0,40.0,-80.0,-70.0,normal,0.000000,0.126547,0.077571
perpendicular,35.0,40.0,-80.0,-70.0,normal,0.000000,0.112768,0.070274
height,35.0,40.0,-80.0,-70.0,normal,0.000000,0.084922,0.052250
yaw,35.0,40.0,-80.0,-70.0,normal,0.000000,0.401671,0.104889
width,35.0,40.0,-80.0,-70.0,normal,0.000000,0.114259,0.083224
length,35.0,40.0,-80.0,-70.0,normal,0.000000,0.203165,0.115768
box_height,35.0,40.0,-80.0,-70.0,normal,0.000000,0.094437,0.062387
miss_detection,35.0,40.0,-70.0,-60.0,constant,1.000000,,
distal,35.0,40.0,-70.0,-60.0,normal,0.000000,0.126547,0.077571
perpendicular,35.0,40.0,-70.0,-60.0,normal,0.000000,0.112768,0.070274
height,35.0,40.0,-70.0,-60.0,normal,0.000000,0.084922,0.052250
yaw,35.0,40.0,-70.0,-60.0,normal,0.000000,0.401671,0.104889
width,35.0,40.0,-70.0,-60.0,normal,0.000000,0.114259,0.083224
length,35.0,40.0,-70.0,-60.0,normal,0.000000,0.203165,0.115768
box_height,35.0,40.0,-70.0,-60.0,normal,0.000000,0.094437,0.062387
miss_detection,35.0,40.0,-60.0,-50.0,constant,1.000000,,
distal,35.0,40.0,-60.0,-50.0,normal,0.000000,0.126547,0.077571
perpendicular,35.0,40.0,-60.0,-50.0,normal,0.000000,0.112768,0.070274
height,35.0,40.0,-60.0,-50.0,normal,0.000000,0.084922,0.052250
yaw,35.0,40.0,-60.0,-50.0,normal,0.000000,0.401671,0.104889
width,35.0,40.0,-60.0,-50.0,normal,0.000000,0.114259,0.083224
length,35.0,40.0,-60.0,-50.0,normal,0.000000,0.203165,0.115768
box_height,35.0,40.0,-60.0,-50.0,normal,0.000000,0.094437,0.062387
miss_detection,35.0,40.0,-50.0,-40.0,constant,1.000000,,
distal,35.0,40.0,-50.0,-40.0,normal,0.000000,0.126547,0.077571
perpendicular,35.0,40.0,-50.0,-40.0,normal,0.000000,0.112768,0.070274
height,35.0,40.0,-50.0,-40.0,normal,0.000000,0.084922,0.052250
yaw,35.0,40.0,-50.0,-40.0,normal,0.000000,0.401671,0.104889
width,35.0,40.0,-50.0,-40.0,normal,0.000000,0.114259,0.083224
length,35.0,40.0,-50.0,-40.0,normal,0.000000,0.203165,0.115768
box_height,35.0,40.0,-50.0,-40.0,normal,0.000000,0.094437,0.062387
miss_detection,35.0,40.0,-40.0,-30.0,constant,1.000000,,
distal,35.0,40.0,-40.0,-30.0,normal,0.000000,0.126547,0.077571
perpendicular,35.0,40.0,-40.0,-30.0,normal,0.000000,0.112768,0.070274
height,35.0,40.0,-40.0,-30.0,normal,0.000000,0.084922,0.052250
yaw,35.0,40.0,-40.0,-30.0,normal,0.000000,0.401671,0.104889
width,35.0,40.0,-40.0,-30.0,normal,0.000000,0.114259,0.083224
length,35.0,40.0,-40.0,-30.0,normal,0.000000,0.203165,0.115768
box_height,35.0,40.0,-40.0,-30.0,normal,0.000000,0.094437,0.062387
miss_detection,35.0,40.0,-30.0,-20.0,constant,0.114286,,
distal,35.0,40.0,-30.0,-20.0,normal,0.000000,0.096289,0.067732
perpendicular,35.0,40.0,-30.0,-20.0,normal,0.000000,0.103086,0.070638
height,35.0,40.0,-30.0,-20.0,normal,0.000000,0.062569,0.046917
yaw,35.0,40.0,-30.0,-20.0,normal,0.000000,0.062203,0.046852
width,35.0,40.0,-30.0,-20.0,normal,0.000000,0.113834,0.089154
length,35.0,40.0,-30.0,-20.0,normal,0.000000,0.176868,0.132002
box_height,35.0,40.0,-30.0,-20.0,normal,0.000000,0.095608,0.075131
miss_detection,35.0,40.0,-20.0,-10.0,constant,0.088305,,
distal,35.0,40.0,-20.0,-10.0,normal,0.000000,0.062717,0.046386
perpendicular,35.0,40.0,-20.0,-10.0,normal,0.000000,0.063818,0.049112
height,35.0,40.0,-20.0,-10.0,normal,0.000000,0.042240,0.035363
yaw,35.0,40.0,-20.0,-10.0,normal,0.000000,0.054120,0.063744
width,35.0,40.0,-20.0,-10.0,normal,0.000000,0.112645,0.087199
length,35.0,40.0,-20.0,-10.0,normal,0.000000,0.132722,0.096645
box_height,35.0,40.0,-20.0,-10.0,normal,0.000000,0.056281,0.044282
miss_detection,35.0,40.0,-10.0,0.0,constant,0.132388,,
distal,35.0,40.0,-10.0,0.0,normal,0.000000,0.064163,0.049876
perpendicular,35.0,40.0,-10.0,0.0,normal,0.000000,0.060159,0.043658
height,35.0,40.0,-10.0,0.0,normal,0.000000,0.038393,0.031165
yaw,35.0,40.0,-10.0,0.0,normal,0.000000,0.051563,0.055377
width,35.0,40.0,-10.0,0.0,normal,0.000000,0.113881,0.087806
length,35.0,40.0,-10.0,0.0,normal,0.000000,0.102301,0.076720
box_height,35.0,40.0,-10.0,0.0,normal,0.000000,0.054810,0.042774
miss_detection,35.0,40.0,0.0,10.0,constant,0.113569,,
distal,35.0,40.0,0.0,10.0,normal,0.000000,0.094851,0.055827
perpendicular,35.0,40.0,0.0,10.0,normal,0.000000,0.070944,0.048767
height,35.0,40.0,0.0,10.0,normal,0.000000,0.044775,0.034045
yaw,35.0,40.0,0.0,10.0,normal,0.000000,0.053405,0.058769
width,35.0,40.0,0.0,10.0,normal,0.000000,0.117146,0.090026
length,35.0,40.0,0.0,10.0,normal,0.000000,0.181877,0.098443
box_height,35.0,40.0,0.0,10.0,normal,0.000000,0.065023,0.051325
miss_detection,35.0,40.0,10.0,20.0,constant,0.311015,,
distal,35.0,40.0,10.0,20.0,normal,0.000000,0.085066,0.059620
perpendicular,35.0,40.0,10.0,20.0,normal,0.000000,0.103272,0.060753
height,35.0,40.0,10.0,20.0,normal,0.000000,0.050055,0.036861
yaw,35.0,40.0,10.0,20.0,normal,0.000000,0.253759,0.070959
width,35.0,40.0,10.0,20.0,normal,0.000000,0.115497,0.086776
length,35.0,40.0,10.0,20.0,normal,0.000000,0.224999,0.136709
box_height,35.0,40.0,10.0,20.0,normal,0.000000,0.089978,0.060238
miss_detection,35.0,40.0,20.0,30.0,constant,0.737500,,
distal,35.0,40.0,20.0,30.0,normal,0.000000,0.088963,0.070170
perpendicular,35.0,40.0,20.0,30.0,normal,0.000000,0.117813,0.073429
height,35.0,40.0,20.0,30.0,normal,0.000000,0.036363,0.029805
yaw,35.0,40.0,20.0,30.0,normal,0.000000,0.045261,0.046250
width,35.0,40.0,20.0,30.0,normal,0.000000,0.088552,0.069422
length,35.0,40.0,20.0,30.0,normal,0.000000,0.215679,0.167076
box_height,35.0,40.0,20.0,30.0,normal,0.000000,0.072181,0.055014
miss_detection,35.0,40.0,30.0,40.0,constant,1.000000,,
distal,35.0,40.0,30.0,40.0,normal,0.000000,0.126547,0.077571
perpendicular,35.0,40.0,30.0,40.0,normal,0.000000,0.112768,0.070274
height,35.0,40.0,30.0,40.0,normal,0.000000,0.084922,0.052250
yaw,35.0,40.0,30.0,40.0,normal,0.000000,0.401671,0.104889
width,35.0,40.0,30.0,40.0,normal,0.000000,0.114259,0.083224
length,35.0,40.0,30.0,40.0,normal,0.000000,0.203165,0.115768
box_height,35.0,40.0,30.0,40.0,normal,0.000000,0.094437,0.062387
miss_detection,35.0,40.0,40.0,50.0,constant,1.000000,,
distal,35.0,40.0,40.0,50.0,normal,0.000000,0.126547,0.077571
perpendicular,35.0,40.0,40.0,50.0,normal,0.000000,0.112768,0.070274
height,35.0,40.0,40.0,50.0,normal,0.000000,0.084922,0.052250
yaw,35.0,40.0,40.0,50.0,normal,0.000000,0.401671,0.104889
width,35.0,40.0,40.0,50.0,normal,0.000000,0.114259,0.083224
length,35.0,40.0,40.0,50.0,normal,0.000000,0.203165,0.115768
box_height,35.0,40.0,40.0,50.0,normal,0.000000,0.094437,0.062387
miss_detection,35.0,40.0,50.0,60.0,constant,1.000000,,
distal,35.0,40.0,50.0,60.0,normal,0.000000,0.126547,0.077571
perpendicular,35.0,40.0,50.0,60.0,normal,0.000000,0.112768,0.070274
height,35.0,40.0,50.0,60.0,normal,0.000000,0.084922,0.052250
yaw,35.0,40.0,50.0,60.0,normal,0.000000,0.401671,0.104889
width,35.0,40.0,50.0,60.0,normal,0.000000,0.114259,0.083224
length,35.0,40.0,50.0,60.0,normal,0.000000,0.203165,0.115768
box_height,35.0,40.0,50.0,60.0,normal,0.000000,0.094437,0.062387
miss_detection,35.0,40.0,60.0,70.0,constant,1.000000,,
distal,35.0,40.0,60.0,70.0,normal,0.000000,0.126547,0.077571
perpendicular,35.0,40.0,60.0,70.0,normal,0.000000,0.112768,0.070274
height,35.0,40.0,60.0,70.0,normal,0.000000,0.084922,0.052250
yaw,35.0,40.0,60.0,70.0,normal,0.000000,0.401671,0.104889
width,35.0,40.0,60.0,70.0,normal,0.000000,0.114259,0.083224
length,35.0,40.0,60.0,70.0,normal,0.000000,0.203165,0.115768
box_height,35.0,40.0,60.0,70.0,normal,0.000000,0.094437,0.062387
miss_detection,35.0,40.0,70.0,80.0,constant,1.000000,,
distal,35.0,40.0,70.0,80.0,normal,0.000000,0.126547,0.077571
perpendicular,35.0,40.0,70.0,80.0,normal,0.000000,0.112768,0.070274
height,35.0,40.0,70.0,80.0,normal,0.000000,0.084922,0.052250
yaw,35.0,40.0,70.0,80.0,normal,0.000000,0.401671,0.104889
width,35.0,40.0,70.0,80.0,normal,0.000000,0.114259,0.083224
length,35.0,40.0,70.0,80.0,normal,0.000000,0.203165,0.115768
box_height,35.0,40.0,70.0,80.0,normal,0.000000,0.094437,0.062387
miss_detection,35.0,40.0,80.0,90.0,constant,1.000000,,
distal,35.0,40.0,80.0,90.0,normal,0.000000,0.126547,0.077571
perpendicular,35.0,40.0,80.0,90.0,normal,0.000000,0.112768,0.070274
height,35.0,40.0,80.0,90.0,normal,0.000000,0.084922,0.052250
yaw,35.0,40.0,80.0,90.0,normal,0.000000,0.401671,0.104889
width,35.0,40.0,80.0,90.0,normal,0.000000,0.114259,0.083224
length,35.0,40.0,80.0,90.0,normal,0.000000,0.203165,0.115768
box_height,35.0,40.0,80.0,90.0,normal,0.000000,0.094437,0.062387
miss_detection,35.0,40.0,90.0,100.0,constant,1.000000,,
distal,35.0,40.0,90.0,100.0,normal,0.000000,0.126547,0.077571
perpendicular,35.0,40.0,90.0,100.0,normal,0.000000,0.112768,0.070274
height,35.0,40.0,90.0,100.0,normal,0.000000,0.084922,0.052250
yaw,35.0,40.0,90.0,100.0,normal,0.000000,0.401671,0.104889
width,35.0,40.0,90.0,100.0,normal,0.000000,0.114259,0.083224
length,35.0,40.0,90.0,100.0,normal,0.000000,0.203165,0.115768
box_height,35.0,40.0,90.0,100.0,normal,0.000000,0.094437,0.062387
miss_detection,35.0,40.0,100.0,110.0,constant,1.000000,,
distal,35.0,40.0,100.0,110.0,normal,0.000000,0.126547,0.077571
perpendicular,35.0,40.0,100.0,110.0,normal,0.000000,0.112768,0.070274
height,35.0,40.0,100.0,110.0,normal,0.000000,0.084922,0.052250
yaw,35.0,40.0,100.0,110.0,normal,0.000000,0.401671,0.104889
width,35.0,40.0,100.0,110.0,normal,0.000000,0.114259,0.083224
length,35.0,40.0,100.0,110.0,normal,0.000000,0.203165,0.115768
box_height,35.0,40.0,100.0,110.0,normal,0.000000,0.094437,0.062387
miss_detection,35.0,40.0,110.0,120.0,constant,1.000000,,
distal,35.0,40.0,110.0,120.0,normal,0.000000,0.126547,0.077571
perpendicular,35.0,40.0,110.0,120.0,normal,0.000000,0.112768,0.070274
height,35.0,40.0,110.0,120.0,normal,0.000000,0.084922,0.052250
yaw,35.0,40.0,110.0,120.0,normal,0.000000,0.401671,0.104889
width,35.0,40.0,110.0,120.0,normal,0.000000,0.114259,0.083224
length,35.0,40.0,110.0,120.0,normal,0.000000,0.203165,0.115768
box_height,35.0,40.0,110.0,120.0,normal,0.000000,0.094437,0.062387
miss_detection,35.0,40.0,120.0,130.0,constant,1.000000,,
distal,35.0,40.0,120.0,130.0,normal,0.000000,0.126547,0.077571
perpendicular,35.0,40.0,120.0,130.0,normal,0.000000,0.112768,0.070274
height,35.0,40.0,120.0,130.0,normal,0.000000,0.084922,0.052250
yaw,35.0,40.0,120.0,130.0,normal,0.000000,0.401671,0.104889
width,35.0,40.0,120.0,130.0,normal,0.000000,0.114259,0.083224
length,35.0,40.0,120.0,130.0,normal,0.000000,0.203165,0.115768
box_height,35.0,40.0,120.0,130.0,normal,0.000000,0.094437,0.062387
miss_detection,35.0,40.0,130.0,140.0,constant,1.000000,,
distal,35.0,40.0,130.0,140.0,normal,0.000000,0.126547,0.077571
perpendicular,35.0,40.0,130.0,140.0,normal,0.000000,0.112768,0.070274
height,35.0,40.0,130.0,140.0,normal,0.000000,0.084922,0.052250
yaw,35.0,40.0,130.0,140.0,normal,0.000000,0.401671,0.104889
width,35.0,40.0,130.0,140.0,normal,0.000000,0.114259,0.083224
length,35.0,40.0,130.0,140.0,normal,0.000000,0.203165,0.115768
box_height,35.0,40.0,130.0,140.0,normal,0.000000,0.094437,0.062387
miss_detection,35.0,40.0,140.0,150.0,constant,1.000000,,
distal,35.0,40.0,140.0,150.0,normal,0.000000,0.126547,0.077571
perpendicular,35.0,40.0,140.0,150.0,normal,0.000000,0.112768,0.070274
height,35.0,40.0,140.0,150.0,normal,0.000000,0.084922,0.052250
yaw,35.0,40.0,140.0,150.0,normal,0.000000,0.401671,0.104889
width,35.0,40.0,140.0,150.0,normal,0.000000,0.114259,0.083224
length,35.0,40.0,140.0,150.0,normal,0.000000,0.203165,0.115768
box_height,35.0,40.0,140.0,150.0,normal,0.000000,0.094437,0.062387
miss_detection,35.0,40.0,150.0,160.0,constant,1.000000,,
distal,35.0,40.0,150.0,160.0,normal,0.000000,0.126547,0.077571
perpendicular,35.0,40.0,150.0,160.0,normal,0.000000,0.112768,0.070274
height,35.0,40.0,150.0,160.0,normal,0.000000,0.084922,0.052250
yaw,35.0,40.0,150.0,160.0,normal,0.000000,0.401671,0.104889
width,35.0,40.0,150.0,160.0,normal,0.000000,0.114259,0.083224
length,35.0,40.0,150.0,160.0,normal,0.000000,0.203165,0.115768
box_height,35.0,40.0,150.0,160.0,normal,0.000000,0.094437,0.062387
miss_detection,35.0,40.0,160.0,170.0,constant,1.000000,,
distal,35.0,40.0,160.0,170.0,normal,0.000000,0.126547,0.077571
perpendicular,35.0,40.0,160.0,170.0,normal,0.000000,0.112768,0.070274
height,35.0,40.0,160.0,170.0,normal,0.000000,0.084922,0.052250
yaw,35.0,40.0,160.0,170.0,normal,0.000000,0.401671,0.104889
width,35.0,40.0,160.0,170.0,normal,0.000000,0.114259,0.083224
length,35.0,40.0,160.0,170.0,normal,0.000000,0.203165,0.115768
box_height,35.0,40.0,160.0,170.0,normal,0.000000,0.094437,0.062387
miss_detection,35.0,40.0,170.0,180.0,constant,1.000000,,
distal,35.0,40.0,170.0,180.0,normal,0.000000,0.126547,0.077571
perpendicular,35.0,40.0,170.0,180.0,normal,0.000000,0.112768,0.070274
height,35.0,40.0,170.0,180.0,normal,0.000000,0.084922,0.052250
yaw,35.0,40.0,170.0,180.0,normal,0.000000,0.401671,0.104889
width,35.0,40.0,170.0,180.0,normal,0.000000,0.114259,0.083224
length,35.0,40.0,170.0,180.0,normal,0.000000,0.203165,0.115768
box_height,35.0,40.0,170.0,180.0,normal,0.000000,0.094437,0.062387
miss_detection,40.0,45.0,-180.0,-170.0,constant,1.000000,,
distal,40.0,45.0,-180.0,-170.0,normal,0.000000,0.126547,0.077571
perpendicular,40.0,45.0,-180.0,-170.0,normal,0.000000,0.112768,0.070274
height,40.0,45.0,-180.0,-170.0,normal,0.000000,0.084922,0.052250
yaw,40.0,45.0,-180.0,-170.0,normal,0.000000,0.401671,0.104889
width,40.0,45.0,-180.0,-170.0,normal,0.000000,0.114259,0.083224
length,40.0,45.0,-180.0,-170.0,normal,0.000000,0.203165,0.115768
box_height,40.0,45.0,-180.0,-170.0,normal,0.000000,0.094437,0.062387
miss_detection,40.0,45.0,-170.0,-160.0,constant,1.000000,,
distal,40.0,45.0,-170.0,-160.0,normal,0.000000,0.126547,0.077571
perpendicular,40.0,45.0,-170.0,-160.0,normal,0.000000,0.112768,0.070274
height,40.0,45.0,-170.0,-160.0,normal,0.000000,0.084922,0.052250
yaw,40.0,45.0,-170.0,-160.0,normal,0.000000,0.401671,0.104889
width,40.0,45.0,-170.0,-160.0,normal,0.000000,0.114259,0.083224
length,40.0,45.0,-170.0,-160.0,normal,0.000000,0.203165,0.115768
box_height,40.0,45.0,-170.0,-160.0,normal,0.000000,0.094437,0.062387
miss_detection,40.0,45.0,-160.0,-150.0,constant,1.000000,,
distal,40.0,45.0,-160.0,-150.0,normal,0.000000,0.126547,0.077571
perpendicular,40.0,45.0,-160.0,-150.0,normal,0.000000,0.112768,0.070274
height,40.0,45.0,-160.0,-150.0,normal,0.000000,0.084922,0.052250
yaw,40.0,45.0,-160.0,-150.0,normal,0.000000,0.401671,0.104889
width,40.0,45.0,-160.0,-150.0,normal,0.000000,0.114259,0.083224
length,40.0,45.0,-160.0,-150.0,normal,0.000000,0.203165,0.115768
box_height,40.0,45.0,-160.0,-150.0,normal,0.000000,0.094437,0.062387
miss_detection,40.0,45.0,-150.0,-140.0,constant,1.000000,,
distal,40.0,45.0,-150.0,-140.0,normal,0.000000,0.126547,0.077571
perpendicular,40.0,45.0,-150.0,-140.0,normal,0.000000,0.112768,0.070274
height,40.0,45.0,-150.0,-140.0,normal,0.000000,0.084922,0.052250
yaw,40.0,45.0,-150.0,-140.0,normal,0.000000,0.401671,0.104889
width,40.0,45.0,-150.0,-140.0,normal,0.000000,0.114259,0.083224
length,40.0,45.0,-150.0,-140.0,normal,0.000000,0.203165,0.115768
box_height,40.0,45.0,-150.0,-140.0,normal,0.000000,0.094437,0.062387
miss_detection,40.0,45.0,-140.0,-130.0,constant,1.000000,,
distal,40.0,45.0,-140.0,-130.0,normal,0.000000,0.126547,0.077571
perpendicular,40.0,45.0,-140.0,-130.0,normal,0.000000,0.112768,0.070274
height,40.0,45.0,-140.0,-130.0,normal,0.000000,0.084922,0.052250
yaw,40.0,45.0,-140.0,-130.0,normal,0.000000,0.401671,0.104889
width,40.0,45.0,-140.0,-130.0,normal,0.000000,0.114259,0.083224
length,40.0,45.0,-140.0,-130.0,normal,0.000000,0.203165,0.115768
box_height,40.0,45.0,-140.0,-130.0,normal,0.000000,0.094437,0.062387
miss_detection,40.0,45.0,-130.0,-120.0,constant,1.000000,,
distal,40.0,45.0,-130.0,-120.0,normal,0.000000,0.126547,0.077571
perpendicular,40.0,45.0,-130.0,-120.0,normal,0.000000,0.112768,0.070274
height,40.0,45.0,-130.0,-120.0,normal,0.000000,0.084922,0.052250
yaw,40.0,45.0,-130.0,-120.0,normal,0.000000,0.401671,0.104889
width,40.0,45.0,-130.0,-120.0,normal,0.000000,0.114259,0.083224
length,40.0,45.0,-130.0,-120.0,normal,0.000000,0.203165,0.115768
box_height,40.0,45.0,-130.0,-120.0,normal,0.000000,0.094437,0.062387
miss_detection,40.0,45.0,-120.0,-110.0,constant,1.000000,,
distal,40.0,45.0,-120.0,-110.0,normal,0.000000,0.126547,0.077571
perpendicular,40.0,45.0,-120.0,-110.0,normal,0.000000,0.112768,0.070274
height,40.0,45.0,-120.0,-110.0,normal,0.000000,0.084922,0.052250
yaw,40.0,45.0,-120.0,-110.0,normal,0.000000,0.401671,0.104889
width,40.0,45.0,-120.0,-110.0,normal,0.000000,0.114259,0.083224
length,40.0,45.0,-120.0,-110.0,normal,0.000000,0.203165,0.115768
box_height,40.0,45.0,-120.0,-110.0,normal,0.000000,0.094437,0.062387
miss_detection,40.0,45.0,-110.0,-100.0,constant,1.000000,,
distal,40.0,45.0,-110.0,-100.0,normal,0.000000,0.126547,0.077571
perpendicular,40.0,45.0,-110.0,-100.0,normal,0.000000,0.112768,0.070274
height,40.0,45.0,-110.0,-100.0,normal,0.000000,0.084922,0.052250
yaw,40.0,45.0,-110.0,-100.0,normal,0.000000,0.401671,0.104889
width,40.0,45.0,-110.0,-100.0,normal,0.000000,0.114259,0.083224
length,40.0,45.0,-110.0,-100.0,normal,0.000000,0.203165,0.115768
box_height,40.0,45.0,-110.0,-100.0,normal,0.000000,0.094437,0.062387
miss_detection,40.0,45.0,-100.0,-90.0,constant,1.000000,,
distal,40.0,45.0,-100.0,-90.0,normal,0.000000,0.126547,0.077571
perpendicular,40.0,45.0,-100.0,-90.0,normal,0.000000,0.112768,0.070274
height,40.0,45.0,-100.0,-90.0,normal,0.000000,0.084922,0.052250
yaw,40.0,45.0,-100.0,-90.0,normal,0.000000,0.401671,0.104889
width,40.0,45.0,-100.0,-90.0,normal,0.000000,0.114259,0.083224
length,40.0,45.0,-100.0,-90.0,normal,0.000000,0.203165,0.115768
box_height,40.0,45.0,-100.0,-90.0,normal,0.000000,0.094437,0.062387
miss_detection,40.0,45.0,-90.0,-80.0,constant,1.000000,,
distal,40.0,45.0,-90.0,-80.0,normal,0.000000,0.126547,0.077571
perpendicular,40.0,45.0,-90.0,-80.0,normal,0.000000,0.112768,0.070274
height,40.0,45.0,-90.0,-80.0,normal,0.000000,0.084922,0.052250
yaw,40.0,45.0,-90.0,-80.0,normal,0.000000,0.401671,0.104889
width,40.0,45.0,-90.0,-80.0,normal,0.000000,0.114259,0.083224
length,40.0,45.0,-90.0,-80.0,normal,0.000000,0.203165,0.115768
box_height,40.0,45.0,-90.0,-80.0,normal,0.000000,0.094437,0.062387
miss_detection,40.0,45.0,-80.0,-70.0,constant,1.000000,,
distal,40.0,45.0,-80.0,-70.0,normal,0.000000,0.126547,0.077571
perpendicular,40.0,45.0,-80.0,-70.0,normal,0.000000,0.112768,0.070274
height,40.0,45.0,-80.0,-70.0,normal,0.000000,0.084922,0.052250
yaw,40.0,45.0,-80.0,-70.0,normal,0.000000,0.401671,0.104889
width,40.0,45.0,-80.0,-70.0,normal,0.000000,0.114259,0.083224
length,40.0,45.0,-80.0,-70.0,normal,0.000000,0.203165,0.115768
box_height,40.0,45.0,-80.0,-70.0,normal,0.000000,0.094437,0.062387
miss_detection,40.0,45.0,-70.0,-60.0,constant,1.000000,,
distal,40.0,45.0,-70.0,-60.0,normal,0.000000,0.126547,0.077571
perpendicular,40.0,45.0,-70.0,-60.0,normal,0.000000,0.112768,0.070274
height,40.0,45.0,-70.0,-60.0,normal,0.000000,0.084922,0.052250
yaw,40.0,45.0,-70.0,-60.0,normal,0.000000,0.401671,0.104889
width,40.0,45.0,-70.0,-60.0,normal,0.000000,0.114259,0.083224
length,40.0,45.0,-70.0,-60.0,normal,0.000000,0.203165,0.115768
box_height,40.0,45.0,-70.0,-60.0,normal,0.000000,0.094437,0.062387
miss_detection,40.0,45.0,-60.0,-50.0,constant,1.000000,,
distal,40.0,45.0,-60.0,-50.0,normal,0.000000,0.126547,0.077571
perpendicular,40.0,45.0,-60.0,-50.0,normal,0.000000,0.112768,0.070274
height,40.0,45.0,-60.0,-50.0,normal,0.000000,0.084922,0.052250
yaw,40.0,45.0,-60.0,-50.0,normal,0.000000,0.401671,0.104889
width,40.0,45.0,-60.0,-50.0,normal,0.000000,0.114259,0.083224
length,40.0,45.0,-60.0,-50.0,normal,0.000000,0.203165,0.115768
box_height,40.0,45.0,-60.0,-50.0,normal,0.000000,0.094437,0.062387
miss_detection,40.0,45.0,-50.0,-40.0,constant,1.000000,,
distal,40.0,45.0,-50.0,-40.0,normal,0.000000,0.126547,0.077571
perpendicular,40.0,45.0,-50.0,-40.0,normal,0.000000,0.112768,0.070274
height,40.0,45.0,-50.0,-40.0,normal,0.000000,0.084922,0.052250
yaw,40.0,45.0,-50.0,-40.0,normal,0.000000,0.401671,0.104889
width,40.0,45.0,-50.0,-40.0,normal,0.000000,0.114259,0.083224
length,40.0,45.0,-50.0,-40.0,normal,0.000000,0.203165,0.115768
box_height,40.0,45.0,-50.0,-40.0,normal,0.000000,0.094437,0.062387
miss_detection,40.0,45.0,-40.0,-30.0,constant,0.529412,,
distal,40.0,45.0,-40.0,-30.0,normal,0.000000,0.252523,0.220638
perpendicular,40.0,45.0,-40.0,-30.0,normal,0.000000,0.319056,0.196409
height,40.0,45.0,-40.0,-30.0,normal,0.000000,0.130840,0.077788
yaw,40.0,45.0,-40.0,-30.0,normal,0.000000,0.565833,0.239504
width,40.0,45.0,-40.0,-30.0,normal,0.000000,0.126789,0.102613
length,40.0,45.0,-40.0,-30.0,normal,0.000000,0.258090,0.245838
box_height,40.0,45.0,-40.0,-30.0,normal,0.000000,0.190848,0.127510
miss_detection,40.0,45.0,-30.0,-20.0,constant,0.416988,,
distal,40.0,45.0,-30.0,-20.0,normal,0.000000,0.200100,0.118183
perpendicular,40.0,45.0,-30.0,-20.0,normal,0.000000,0.160142,0.108525
height,40.0,45.0,-30.0,-20.0,normal,0.000000,0.068987,0.047801
yaw,40.0,45.0,-30.0,-20.0,normal,0.000000,0.432470,0.135235
width,40.0,45.0,-30.0,-20.0,normal,0.000000,0.125266,0.101155
length,40.0,45.0,-30.0,-20.0,normal,0.000000,0.239183,0.168217
box_height,40.0,45.0,-30.0,-20.0,normal,0.000000,0.100283,0.074197
miss_detection,40.0,45.0,-20.0,-10.0,constant,0.163695,,
distal,40.0,45.0,-20.0,-10.0,normal,0.000000,0.072002,0.052688
perpendicular,40.0,45.0,-20.0,-10.0,normal,0.000000,0.081277,0.054115
height,40.0,45.0,-20.0,-10.0,normal,0.000000,0.042120,0.033298
yaw,40.0,45.0,-20.0,-10.0,normal,0.000000,0.391173,0.098416
width,40.0,45.0,-20.0,-10.0,normal,0.000000,0.109049,0.083582
length,40.0,45.0,-20.0,-10.0,normal,0.000000,0.176625,0.109030
box_height,40.0,45.0,-20.0,-10.0,normal,0.000000,0.063562,0.047738
miss_detection,40.0,45.0,-10.0,0.0,constant,0.139423,,
distal,40.0,45.0,-10.0,0.0,normal,0.000000,0.155573,0.065481
perpendicular,40.0,45.0,-10.0,0.0,normal,0.000000,0.080936,0.053067
height,40.0,45.0,-10.0,0.0,normal,0.000000,0.045464,0.032728
yaw,40.0,45.0,-10.0,0.0,normal,0.000000,0.423219,0.097832
width,40.0,45.0,-10.0,0.0,normal,0.000000,0.122227,0.088715
length,40.0,45.0,-10.0,0.0,normal,0.000000,0.291640,0.110191
box_height,40.0,45.0,-10.0,0.0,normal,0.000000,0.084795,0.054742
miss_detection,40.0,45.0,0.0,10.0,constant,0.130597,,
distal,40.0,45.0,0.0,10.0,normal,0.000000,0.084203,0.058029
perpendicular,40.0,45.0,0.0,10.0,normal,0.000000,0.074941,0.055148
height,40.0,45.0,0.0,10.0,normal,0.000000,0.052794,0.038444
yaw,40.0,45.0,0.0,10.0,normal,0.000000,0.500625,0.114605
width,40.0,45.0,0.0,10.0,normal,0.000000,0.118077,0.089233
length,40.0,45.0,0.0,10.0,normal,0.000000,0.160946,0.103387
box_height,40.0,45.0,0.0,10.0,normal,0.000000,0.085444,0.059132
miss_detection,40.0,45.0,10.0,20.0,constant,0.277922,,
distal,40.0,45.0,10.0,20.0,normal,0.000000,0.101179,0.068712
perpendicular,40.0,45.0,10.0,20.0,normal,0.000000,0.103616,0.068697
height,40.0,45.0,10.0,20.0,normal,0.000000,0.059448,0.041443
yaw,40.0,45.0,10.0,20.0,normal,0.000000,0.419746,0.093854
width,40.0,45.0,10.0,20.0,normal,0.000000,0.103868,0.079021
length,40.0,45.0,10.0,20.0,normal,0.000000,0.202714,0.146177
box_height,40.0,45.0,10.0,20.0,normal,0.000000,0.112584,0.070741
miss_detection,40.0,45.0,20.0,30.0,constant,0.619565,,
distal,40.0,45.0,20.0,30.0,normal,0.000000,0.185806,0.126530
perpendicular,40.0,45.0,20.0,30.0,normal,0.000000,0.107484,0.077593
height,40.0,45.0,20.0,30.0,normal,0.000000,0.040015,0.025486
yaw,40.0,45.0,20.0,30.0,normal,0.000000,0.087081,0.059344
width,40.0,45.0,20.0,30.0,normal,0.000000,0.129319,0.098117
length,40.0,45.0,20.0,30.0,normal,0.000000,0.194545,0.142856
box_height,40.0,45.0,20.0,30.0,normal,0.000000,0.055304,0.051761
miss_detection,40.0,45.0,30.0,40.0,constant,1.000000,,
distal,40.0,45.0,30.0,40.0,normal,0.000000,0.126547,0.077571
perpendicular,40.0,45.0,30.0,40.0,normal,0.000000,0.112768,0.070274
height,40.0,45.0,30.0,40.0,normal,0.000000,0.084922,0.052250
yaw,40.0,45.0,30.0,40.0,normal,0.000000,0.401671,0.104889
width,40.0,45.0,30.0,40.0,normal,0.000000,0.114259,0.083224
length,40.0,45.0,30.0,40.0,normal,0.000000,0.203165,0.115768
box_height,40.0,45.0,30.0,40.0,normal,0.000000,0.094437,0.062387
miss_detection,40.0,45.0,40.0,50.0,constant,1.000000,,
distal,40.0,45.0,40.0,50.0,normal,0.000000,0.126547,0.077571
perpendicular,40.0,45.0,40.0,50.0,normal,0.000000,0.112768,0.070274
height,40.0,45.0,40.0,50.0,normal,0.000000,0.084922,0.052250
yaw,40.0,45.0,40.0,50.0,normal,0.000000,0.401671,0.104889
width,40.0,45.0,40.0,50.0,normal,0.000000,0.114259,0.083224
length,40.0,45.0,40.0,50.0,normal,0.000000,0.203165,0.115768
box_height,40.0,45.0,40.0,50.0,normal,0.000000,0.094437,0.062387
miss_detection,40.0,45.0,50.0,60.0,constant,1.000000,,
distal,40.0,45.0,50.0,60.0,normal,0.000000,0.126547,0.077571
perpendicular,40.0,45.0,50.0,60.0,normal,0.000000,0.112768,0.070274
height,40.0,45.0,50.0,60.0,normal,0.000000,0.084922,0.052250
yaw,40.0,45.0,50.0,60.0,normal,0.000000,0.401671,0.104889
width,40.0,45.0,50.0,60.0,normal,0.000000,0.114259,0.083224
length,40.0,45.0,50.0,60.0,normal,0.000000,0.203165,0.115768
box_height,40.0,45.0,50.0,60.0,normal,0.000000,0.094437,0.062387
miss_detection,40.0,45.0,60.0,70.0,constant,1.000000,,
distal,40.0,45.0,60.0,70.0,normal,0.000000,0.126547,0.077571
perpendicular,40.0,45.0,60.0,70.0,normal,0.000000,0.112768,0.070274
height,40.0,45.0,60.0,70.0,normal,0.000000,0.084922,0.052250
yaw,40.0,45.0,60.0,70.0,normal,0.000000,0.401671,0.104889
width,40.0,45.0,60.0,70.0,normal,0.000000,0.114259,0.083224
length,40.0,45.0,60.0,70.0,normal,0.000000,0.203165,0.115768
box_height,40.0,45.0,60.0,70.0,normal,0.000000,0.094437,0.062387
miss_detection,40.0,45.0,70.0,80.0,constant,1.000000,,
distal,40.0,45.0,70.0,80.0,normal,0.000000,0.126547,0.077571
perpendicular,40.0,45.0,70.0,80.0,normal,0.000000,0.112768,0.070274
height,40.0,45.0,70.0,80.0,normal,0.000000,0.084922,0.052250
yaw,40.0,45.0,70.0,80.0,normal,0.000000,0.401671,0.104889
width,40.0,45.0,70.0,80.0,normal,0.000000,0.114259,0.083224
length,40.0,45.0,70.0,80.0,normal,0.000000,0.203165,0.115768
box_height,40.0,45.0,70.0,80.0,normal,0.000000,0.094437,0.062387
miss_detection,40.0,45.0,80.0,90.0,constant,1.000000,,
distal,40.0,45.0,80.0,90.0,normal,0.000000,0.126547,0.077571
perpendicular,40.0,45.0,80.0,90.0,normal,0.000000,0.112768,0.070274
height,40.0,45.0,80.0,90.0,normal,0.000000,0.084922,0.052250
yaw,40.0,45.0,80.0,90.0,normal,0.000000,0.401671,0.104889
width,40.0,45.0,80.0,90.0,normal,0.000000,0.114259,0.083224
length,40.0,45.0,80.0,90.0,normal,0.000000,0.203165,0.115768
box_height,40.0,45.0,80.0,90.0,normal,0.000000,0.094437,0.062387
miss_detection,40.0,45.0,90.0,100.0,constant,1.000000,,
distal,40.0,45.0,90.0,100.0,normal,0.000000,0.126547,0.077571
perpendicular,40.0,45.0,90.0,100.0,normal,0.000000,0.112768,0.070274
height,40.0,45.0,90.0,100.0,normal,0.000000,0.084922,0.052250
yaw,40.0,45.0,90.0,100.0,normal,0.000000,0.401671,0.104889
width,40.0,45.0,90.0,100.0,normal,0.000000,0.114259,0.083224
length,40.0,45.0,90.0,100.0,normal,0.000000,0.203165,0.115768
box_height,40.0,45.0,90.0,100.0,normal,0.000000,0.094437,0.062387
miss_detection,40.0,45.0,100.0,110.0,constant,1.000000,,
distal,40.0,45.0,100.0,110.0,normal,0.000000,0.126547,0.077571
perpendicular,40.0,45.0,100.0,110.0,normal,0.000000,0.112768,0.070274
height,40.0,45.0,100.0,110.0,normal,0.000000,0.084922,0.052250
yaw,40.0,45.0,100.0,110.0,normal,0.000000,0.401671,0.104889
width,40.0,45.0,100.0,110.0,normal,0.000000,0.114259,0.083224
length,40.0,45.0,100.0,110.0,normal,0.000000,0.203165,0.115768
box_height,40.0,45.0,100.0,110.0,normal,0.000000,0.094437,0.062387
miss_detection,40.0,45.0,110.0,120.0,constant,1.000000,,
distal,40.0,45.0,110.0,120.0,normal,0.000000,0.126547,0.077571
perpendicular,40.0,45.0,110.0,120.0,normal,0.000000,0.112768,0.070274
height,40.0,45.0,110.0,120.0,normal,0.000000,0.084922,0.052250
yaw,40.0,45.0,110.0,120.0,normal,0.000000,0.401671,0.104889
width,40.0,45.0,110.0,120.0,normal,0.000000,0.114259,0.083224
length,40.0,45.0,110.0,120.0,normal,0.000000,0.203165,0.115768
box_height,40.0,45.0,110.0,120.0,normal,0.000000,0.094437,0.062387
miss_detection,40.0,45.0,120.0,130.0,constant,1.000000,,
distal,40.0,45.0,120.0,130.0,normal,0.000000,0.126547,0.077571
perpendicular,40.0,45.0,120.0,130.0,normal,0.000000,0.112768,0.070274
height,40.0,45.0,120.0,130.0,normal,0.000000,0.084922,0.052250
yaw,40.0,45.0,120.0,130.0,normal,0.000000,0.401671,0.104889
width,40.0,45.0,120.0,130.0,normal,0.000000,0.114259,0.083224
length,40.0,45.0,120.0,130.0,normal,0.000000,0.203165,0.115768
box_height,40.0,45.0,120.0,130.0,normal,0.000000,0.094437,0.062387
miss_detection,40.0,45.0,130.0,140.0,constant,1.000000,,
distal,40.0,45.0,130.0,140.0,normal,0.000000,0.126547,0.077571
perpendicular,40.0,45.0,130.0,140.0,normal,0.000000,0.112768,0.070274
height,40.0,45.0,130.0,140.0,normal,0.000000,0.084922,0.052250
yaw,40.0,45.0,130.0,140.0,normal,0.000000,0.401671,0.104889
width,40.0,45.0,130.0,140.0,normal,0.000000,0.114259,0.083224
length,40.0,45.0,130.0,140.0,normal,0.000000,0.203165,0.115768
box_height,40.0,45.0,130.0,140.0,normal,0.000000,0.094437,0.062387
miss_detection,40.0,45.0,140.0,150.0,constant,1.000000,,
distal,40.0,45.0,140.0,150.0,normal,0.000000,0.126547,0.077571
perpendicular,40.0,45.0,140.0,150.0,normal,0.000000,0.112768,0.070274
height,40.0,45.0,140.0,150.0,normal,0.000000,0.084922,0.052250
yaw,40.0,45.0,140.0,150.0,normal,0.000000,0.401671,0.104889
width,40.0,45.0,140.0,150.0,normal,0.000000,0.114259,0.083224
length,40.0,45.0,140.0,150.0,normal,0.000000,0.203165,0.115768
box_height,40.0,45.0,140.0,150.0,normal,0.000000,0.094437,0.062387
miss_detection,40.0,45.0,150.0,160.0,constant,1.000000,,
distal,40.0,45.0,150.0,160.0,normal,0.000000,0.126547,0.077571
perpendicular,40.0,45.0,150.0,160.0,normal,0.000000,0.112768,0.070274
height,40.0,45.0,150.0,160.0,normal,0.000000,0.084922,0.052250
yaw,40.0,45.0,150.0,160.0,normal,0.000000,0.401671,0.104889
width,40.0,45.0,150.0,160.0,normal,0.000000,0.114259,0.083224
length,40.0,45.0,150.0,160.0,normal,0.000000,0.203165,0.115768
box_height,40.0,45.0,150.0,160.0,normal,0.000000,0.094437,0.062387
miss_detection,40.0,45.0,160.0,170.0,constant,1.000000,,
distal,40.0,45.0,160.0,170.0,normal,0.000000,0.126547,0.077571
perpendicular,40.0,45.0,160.0,170.0,normal,0.000000,0.112768,0.070274
height,40.0,45.0,160.0,170.0,normal,0.000000,0.084922,0.052250
yaw,40.0,45.0,160.0,170.0,normal,0.000000,0.401671,0.104889
width,40.0,45.0,160.0,170.0,normal,0.000000,0.114259,0.083224
length,40.0,45.0,160.0,170.0,normal,0.000000,0.203165,0.115768
box_height,40.0,45.0,160.0,170.0,normal,0.000000,0.094437,0.062387
miss_detection,40.0,45.0,170.0,180.0,constant,1.000000,,
distal,40.0,45.0,170.0,180.0,normal,0.000000,0.126547,0.077571
perpendicular,40.0,45.0,170.0,180.0,normal,0.000000,0.112768,0.070274
height,40.0,45.0,170.0,180.0,normal,0.000000,0.084922,0.052250
yaw,40.0,45.0,170.0,180.0,normal,0.000000,0.401671,0.104889
width,40.0,45.0,170.0,180.0,normal,0.000000,0.114259,0.083224
length,40.0,45.0,170.0,180.0,normal,0.000000,0.203165,0.115768
box_height,40.0,45.0,170.0,180.0,normal,0.000000,0.094437,0.062387
miss_detection,45.0,50.0,-180.0,-170.0,constant,1.000000,,
distal,45.0,50.0,-180.0,-170.0,normal,0.000000,0.126547,0.077571
perpendicular,45.0,50.0,-180.0,-170.0,normal,0.000000,0.112768,0.070274
height,45.0,50.0,-180.0,-170.0,normal,0.000000,0.084922,0.052250
yaw,45.0,50.0,-180.0,-170.0,normal,0.000000,0.401671,0.104889
width,45.0,50.0,-180.0,-170.0,normal,0.000000,0.114259,0.083224
length,45.0,50.0,-180.0,-170.0,normal,0.000000,0.203165,0.115768
box_height,45.0,50.0,-180.0,-170.0,normal,0.000000,0.094437,0.062387
miss_detection,45.0,50.0,-170.0,-160.0,constant,1.000000,,
distal,45.0,50.0,-170.0,-160.0,normal,0.000000,0.126547,0.077571
perpendicular,45.0,50.0,-170.0,-160.0,normal,0.000000,0.112768,0.070274
height,45.0,50.0,-170.0,-160.0,normal,0.000000,0.084922,0.052250
yaw,45.0,50.0,-170.0,-160.0,normal,0.000000,0.401671,0.104889
width,45.0,50.0,-170.0,-160.0,normal,0.000000,0.114259,0.083224
length,45.0,50.0,-170.0,-160.0,normal,0.000000,0.203165,0.115768
box_height,45.0,50.0,-170.0,-160.0,normal,0.000000,0.094437,0.062387
miss_detection,45.0,50.0,-160.0,-150.0,constant,1.000000,,
distal,45.0,50.0,-160.0,-150.0,normal,0.000000,0.126547,0.077571
perpendicular,45.0,50.0,-160.0,-150.0,normal,0.000000,0.112768,0.070274
height,45.0,50.0,-160.0,-150.0,normal,0.000000,0.084922,0.052250
yaw,45.0,50.0,-160.0,-150.0,normal,0.000000,0.401671,0.104889
width,45.0,50.0,-160.0,-150.0,normal,0.000000,0.114259,0.083224
length,45.0,50.0,-160.0,-150.0,normal,0.000000,0.203165,0.115768
box_height,45.0,50.0,-160.0,-150.0,normal,0.000000,0.094437,0.062387
miss_detection,45.0,50.0,-150.0,-140.0,constant,1.000000,,
distal,45.0,50.0,-150.0,-140.0,normal,0.000000,0.126547,0.077571
perpendicular,45.0,50.0,-150.0,-140.0,normal,0.000000,0.112768,0.070274
height,45.0,50.0,-150.0,-140.0,normal,0.000000,0.084922,0.052250
yaw,45.0,50.0,-150.0,-140.0,normal,0.000000,0.401671,0.104889
width,45.0,50.0,-150.0,-140.0,normal,0.000000,0.114259,0.083224
length,45.0,50.0,-150.0,-140.0,normal,0.000000,0.203165,0.115768
box_height,45.0,50.0,-150.0,-140.0,normal,0.000000,0.094437,0.062387
miss_detection,45.0,50.0,-140.0,-130.0,constant,1.000000,,
distal,45.0,50.0,-140.0,-130.0,normal,0.000000,0.126547,0.077571
perpendicular,45.0,50.0,-140.0,-130.0,normal,0.000000,0.112768,0.070274
height,45.0,50.0,-140.0,-130.0,normal,0.000000,0.084922,0.052250
yaw,45.0,50.0,-140.0,-130.0,normal,0.000000,0.401671,0.104889
width,45.0,50.0,-140.0,-130.0,normal,0.000000,0.114259,0.083224
length,45.0,50.0,-140.0,-130.0,normal,0.000000,0.203165,0.115768
box_height,45.0,50.0,-140.0,-130.0,normal,0.000000,0.094437,0.062387
miss_detection,45.0,50.0,-130.0,-120.0,constant,1.000000,,
distal,45.0,50.0,-130.0,-120.0,normal,0.000000,0.126547,0.077571
perpendicular,45.0,50.0,-130.0,-120.0,normal,0.000000,0.112768,0.070274
height,45.0,50.0,-130.0,-120.0,normal,0.000000,0.084922,0.052250
yaw,45.0,50.0,-130.0,-120.0,normal,0.000000,0.401671,0.104889
width,45.0,50.0,-130.0,-120.0,normal,0.000000,0.114259,0.083224
length,45.0,50.0,-130.0,-120.0,normal,0.000000,0.203165,0.115768
box_height,45.0,50.0,-130.0,-120.0,normal,0.000000,0.094437,0.062387
miss_detection,45.0,50.0,-120.0,-110.0,constant,1.000000,,
distal,45.0,50.0,-120.0,-110.0,normal,0.000000,0.126547,0.077571
perpendicular,45.0,50.0,-120.0,-110.0,normal,0.000000,0.112768,0.070274
height,45.0,50.0,-120.0,-110.0,normal,0.000000,0.084922,0.052250
yaw,45.0,50.0,-120.0,-110.0,normal,0.000000,0.401671,0.104889
width,45.0,50.0,-120.0,-110.0,normal,0.000000,0.114259,0.083224
length,45.0,50.0,-120.0,-110.0,normal,0.000000,0.203165,0.115768
box_height,45.0,50.0,-120.0,-110.0,normal,0.000000,0.094437,0.062387
miss_detection,45.0,50.0,-110.0,-100.0,constant,1.000000,,
distal,45.0,50.0,-110.0,-100.0,normal,0.000000,0.126547,0.077571
perpendicular,45.0,50.0,-110.0,-100.0,normal,0.000000,0.112768,0.070274
height,45.0,50.0,-110.0,-100.0,normal,0.000000,0.084922,0.052250
yaw,45.0,50.0,-110.0,-100.0,normal,0.000000,0.401671,0.104889
width,45.0,50.0,-110.0,-100.0,normal,0.000000,0.114259,0.083224
length,45.0,50.0,-110.0,-100.0,normal,0.000000,0.203165,0.115768
box_height,45.0,50.0,-110.0,-100.0,normal,0.000000,0.094437,0.062387
miss_detection,45.0,50.0,-100.0,-90.0,constant,1.000000,,
distal,45.0,50.0,-100.0,-90.0,normal,0.000000,0.126547,0.077571
perpendicular,45.0,50.0,-100.0,-90.0,normal,0.000000,0.112768,0.070274
height,45.0,50.0,-100.0,-90.0,normal,0.000000,0.084922,0.052250
yaw,45.0,50.0,-100.0,-90.0,normal,0.000000,0.401671,0.104889
width,45.0,50.0,-100.0,-90.0,normal,0.000000,0.114259,0.083224
length,45.0,50.0,-100.0,-90.0,normal,0.000000,0.203165,0.115768
box_height,45.0,50.0,-100.0,-90.0,normal,0.000000,0.094437,0.062387
miss_detection,45.0,50.0,-90.0,-80.0,constant,1.000000,,
distal,45.0,50.0,-90.0,-80.0,normal,0.000000,0.126547,0.077571
perpendicular,45.0,50.0,-90.0,-80.0,normal,0.000000,0.112768,0.070274
height,45.0,50.0,-90.0,-80.0,normal,0.000000,0.084922,0.052250
yaw,45.0,50.0,-90.0,-80.0,normal,0.000000,0.401671,0.104889
width,45.0,50.0,-90.0,-80.0,normal,0.000000,0.114259,0.083224
length,45.0,50.0,-90.0,-80.0,normal,0.000000,0.203165,0.115768
box_height,45.0,50.0,-90.0,-80.0,normal,0.000000,0.094437,0.062387
miss_detection,45.0,50.0,-80.0,-70.0,constant,1.000000,,
distal,45.0,50.0,-80.0,-70.0,normal,0.000000,0.126547,0.077571
perpendicular,45.0,50.0,-80.0,-70.0,normal,0.000000,0.112768,0.070274
height,45.0,50.0,-80.0,-70.0,normal,0.000000,0.084922,0.052250
yaw,45.0,50.0,-80.0,-70.0,normal,0.000000,0.401671,0.104889
width,45.0,50.0,-80.0,-70.0,normal,0.000000,0.114259,0.083224
length,45.0,50.0,-80.0,-70.0,normal,0.000000,0.203165,0.115768
box_height,45.0,50.0,-80.0,-70.0,normal,0.000000,0.094437,0.062387
miss_detection,45.0,50.0,-70.0,-60.0,constant,1.000000,,
distal,45.0,50.0,-70.0,-60.0,normal,0.000000,0.126547,0.077571
perpendicular,45.0,50.0,-70.0,-60.0,normal,0.000000,0.112768,0.070274
height,45.0,50.0,-70.0,-60.0,normal,0.000000,0.084922,0.052250
yaw,45.0,50.0,-70.0,-60.0,normal,0.000000,0.401671,0.104889
width,45.0,50.0,-70.0,-60.0,normal,0.000000,0.114259,0.083224
length,45.0,50.0,-70.0,-60.0,normal,0.000000,0.203165,0.115768
box_height,45.0,50.0,-70.0,-60.0,normal,0.000000,0.094437,0.062387
miss_detection,45.0,50.0,-60.0,-50.0,constant,1.000000,,
distal,45.0,50.0,-60.0,-50.0,normal,0.000000,0.126547,0.077571
perpendicular,45.0,50.0,-60.0,-50.0,normal,0.000000,0.112768,0.070274
height,45.0,50.0,-60.0,-50.0,normal,0.000000,0.084922,0.052250
yaw,45.0,50.0,-60.0,-50.0,normal,0.000000,0.401671,0.104889
width,45.0,50.0,-60.0,-50.0,normal,0.000000,0.114259,0.083224
length,45.0,50.0,-60.0,-50.0,normal,0.000000,0.203165,0.115768
box_height,45.0,50.0,-60.0,-50.0,normal,0.000000,0.094437,0.062387
miss_detection,45.0,50.0,-50.0,-40.0,constant,1.000000,,
distal,45.0,50.0,-50.0,-40.0,normal,0.000000,0.126547,0.077571
perpendicular,45.0,50.0,-50.0,-40.0,normal,0.000000,0.112768,0.070274
height,45.0,50.0,-50.0,-40.0,normal,0.000000,0.084922,0.052250
yaw,45.0,50.0,-50.0,-40.0,normal,0.000000,0.401671,0.104889
width,45.0,50.0,-50.0,-40.0,normal,0.000000,0.114259,0.083224
length,45.0,50.0,-50.0,-40.0,normal,0.000000,0.203165,0.115768
box_height,45.0,50.0,-50.0,-40.0,normal,0.000000,0.094437,0.062387
miss_detection,45.0,50.0,-40.0,-30.0,constant,0.444444,,
distal,45.0,50.0,-40.0,-30.0,normal,0.000000,0.171665,0.188681
perpendicular,45.0,50.0,-40.0,-30.0,normal,0.000000,0.159294,0.154982
height,45.0,50.0,-40.0,-30.0,normal,0.000000,0.075100,0.069313
yaw,45.0,50.0,-40.0,-30.0,normal,0.000000,1.294728,0.655024
width,45.0,50.0,-40.0,-30.0,normal,0.000000,0.099860,0.074689
length,45.0,50.0,-40.0,-30.0,normal,0.000000,0.295997,0.287602
box_height,45.0,50.0,-40.0,-30.0,normal,0.000000,0.097103,0.071504
miss_detection,45.0,50.0,-30.0,-20.0,constant,0.280374,,
distal,45.0,50.0,-30.0,-20.0,normal,0.000000,0.103409,0.073705
perpendicular,45.0,50.0,-30.0,-20.0,normal,0.000000,0.129815,0.087415
height,45.0,50.0,-30.0,-20.0,normal,0.000000,0.056951,0.039430
yaw,45.0,50.0,-30.0,-20.0,normal,0.000000,0.804087,0.241771
width,45.0,50.0,-30.0,-20.0,normal,0.000000,0.112722,0.085925
length,45.0,50.0,-30.0,-20.0,normal,0.000000,0.209992,0.147531
box_height,45.0,50.0,-30.0,-20.0,normal,0.000000,0.089983,0.063853
miss_detection,45.0,50.0,-20.0,-10.0,constant,0.120146,,
distal,45.0,50.0,-20.0,-10.0,normal,0.000000,0.066932,0.052425
perpendicular,45.0,50.0,-20.0,-10.0,normal,0.000000,0.088779,0.060133
height,45.0,50.0,-20.0,-10.0,normal,0.000000,0.045151,0.033485
yaw,45.0,50.0,-20.0,-10.0,normal,0.000000,0.545666,0.123274
width,45.0,50.0,-20.0,-10.0,normal,0.000000,0.111052,0.082579
length,45.0,50.0,-20.0,-10.0,normal,0.000000,0.167347,0.113712
box_height,45.0,50.0,-20.0,-10.0,normal,0.000000,0.072961,0.055493
miss_detection,45.0,50.0,-10.0,0.0,constant,0.110448,,
distal,45.0,50.0,-10.0,0.0,normal,0.000000,0.133392,0.063019
perpendicular,45.0,50.0,-10.0,0.0,normal,0.000000,0.068488,0.049387
height,45.0,50.0,-10.0,0.0,normal,0.000000,0.056086,0.037606
yaw,45.0,50.0,-10.0,0.0,normal,0.000000,0.444167,0.098194
width,45.0,50.0,-10.0,0.0,normal,0.000000,0.122701,0.088473
length,45.0,50.0,-10.0,0.0,normal,0.000000,0.245517,0.109534
box_height,45.0,50.0,-10.0,0.0,normal,0.000000,0.102976,0.057830
miss_detection,45.0,50.0,0.0,10.0,constant,0.103490,,
distal,45.0,50.0,0.0,10.0,normal,0.000000,0.098927,0.060096
perpendicular,45.0,50.0,0.0,10.0,normal,0.000000,0.090350,0.057532
height,45.0,50.0,0.0,10.0,normal,0.000000,0.050215,0.037460
yaw,45.0,50.0,0.0,10.0,normal,0.000000,0.458629,0.102464
width,45.0,50.0,0.0,10.0,normal,0.000000,0.111792,0.086527
length,45.0,50.0,0.0,10.0,normal,0.000000,0.185198,0.106671
box_height,45.0,50.0,0.0,10.0,normal,0.000000,0.080314,0.054990
miss_detection,45.0,50.0,10.0,20.0,constant,0.136527,,
distal,45.0,50.0,10.0,20.0,normal,0.000000,0.097138,0.060958
perpendicular,45.0,50.0,10.0,20.0,normal,0.000000,0.091105,0.065351
height,45.0,50.0,10.0,20.0,normal,0.000000,0.061940,0.042082
yaw,45.0,50.0,10.0,20.0,normal,0.000000,0.557279,0.135665
width,45.0,50.0,10.0,20.0,normal,0.000000,0.119810,0.088026
length,45.0,50.0,10.0,20.0,normal,0.000000,0.199430,0.133758
box_height,45.0,50.0,10.0,20.0,normal,0.000000,0.109988,0.068496
miss_detection,45.0,50.0,20.0,30.0,constant,0.464961,,
distal,45.0,50.0,20.0,30.0,normal,0.000000,0.129550,0.070316
perpendicular,45.0,50.0,20.0,30.0,normal,0.000000,0.109843,0.083658
height,45.0,50.0,20.0,30.0,normal,0.000000,0.063515,0.043759
yaw,45.0,50.0,20.0,30.0,normal,0.000000,0.380962,0.102978
width,45.0,50.0,20.0,30.0,normal,0.000000,0.114610,0.086560
length,45.0,50.0,20.0,30.0,normal,0.000000,0.184310,0.134647
box_height,45.0,50.0,20.0,30.0,normal,0.000000,0.085583,0.060642
miss_detection,45.0,50.0,30.0,40.0,constant,1.000000,,
distal,45.0,50.0,30.0,40.0,normal,0.000000,0.126547,0.077571
perpendicular,45.0,50.0,30.0,40.0,normal,0.000000,0.112768,0.070274
height,45.0,50.0,30.0,40.0,normal,0.000000,0.084922,0.052250
yaw,45.0,50.0,30.0,40.0,normal,0.000000,0.401671,0.104889
width,45.0,50.0,30.0,40.0,normal,0.000000,0.114259,0.083224
length,45.0,50.0,30.0,40.0,normal,0.000000,0.203165,0.115768
box_height,45.0,50.0,30.0,40.0,normal,0.000000,0.094437,0.062387
miss_detection,45.0,50.0,40.0,50.0,constant,1.000000,,
distal,45.0,50.0,40.0,50.0,normal,0.000000,0.126547,0.077571
perpendicular,45.0,50.0,40.0,50.0,normal,0.000000,0.112768,0.070274
height,45.0,50.0,40.0,50.0,normal,0.000000,0.084922,0.052250
yaw,45.0,50.0,40.0,50.0,normal,0.000000,0.401671,0.104889
width,45.0,50.0,40.0,50.0,normal,0.000000,0.114259,0.083224
length,45.0,50.0,40.0,50.0,normal,0.000000,0.203165,0.115768
box_height,45.0,50.0,40.0,50.0,normal,0.000000,0.094437,0.062387
miss_detection,45.0,50.0,50.0,60.0,constant,1.000000,,
distal,45.0,50.0,50.0,60.0,normal,0.000000,0.126547,0.077571
perpendicular,45.0,50.0,50.0,60.0,normal,0.000000,0.112768,0.070274
height,45.0,50.0,50.0,60.0,normal,0.000000,0.084922,0.052250
yaw,45.0,50.0,50.0,60.0,normal,0.000000,0.401671,0.104889
width,45.0,50.0,50.0,60.0,normal,0.000000,0.114259,0.083224
length,45.0,50.0,50.0,60.0,normal,0.000000,0.203165,0.115768
box_height,45.0,50.0,50.0,60.0,normal,0.000000,0.094437,0.062387
miss_detection,45.0,50.0,60.0,70.0,constant,1.000000,,
distal,45.0,50.0,60.0,70.0,normal,0.000000,0.126547,0.077571
perpendicular,45.0,50.0,60.0,70.0,normal,0.000000,0.112768,0.070274
height,45.0,50.0,60.0,70.0,normal,0.000000,0.084922,0.052250
yaw,45.0,50.0,60.0,70.0,normal,0.000000,0.401671,0.104889
width,45.0,50.0,60.0,70.0,normal,0.000000,0.114259,0.083224
length,45.0,50.0,60.0,70.0,normal,0.000000,0.203165,0.115768
box_height,45.0,50.0,60.0,70.0,normal,0.000000,0.094437,0.062387
miss_detection,45.0,50.0,70.0,80.0,constant,1.000000,,
distal,45.0,50.0,70.0,80.0,normal,0.000000,0.126547,0.077571
perpendicular,45.0,50.0,70.0,80.0,normal,0.000000,0.112768,0.070274
height,45.0,50.0,70.0,80.0,normal,0.000000,0.084922,0.052250
yaw,45.0,50.0,70.0,80.0,normal,0.000000,0.401671,0.104889
width,45.0,50.0,70.0,80.0,normal,0.000000,0.114259,0.083224
length,45.0,50.0,70.0,80.0,normal,0.000000,0.203165,0.115768
box_height,45.0,50.0,70.0,80.0,normal,0.000000,0.094437,0.062387
miss_detection,45.0,50.0,80.0,90.0,constant,1.000000,,
distal,45.0,50.0,80.0,90.0,normal,0.000000,0.126547,0.077571
perpendicular,45.0,50.0,80.0,90.0,normal,0.000000,0.112768,0.070274
height,45.0,50.0,80.0,90.0,normal,0.000000,0.084922,0.052250
yaw,45.0,50.0,80.0,90.0,normal,0.000000,0.401671,0.104889
width,45.0,50.0,80.0,90.0,normal,0.000000,0.114259,0.083224
length,45.0,50.0,80.0,90.0,normal,0.000000,0.203165,0.115768
box_height,45.0,50.0,80.0,90.0,normal,0.000000,0.094437,0.062387
miss_detection,45.0,50.0,90.0,100.0,constant,1.000000,,
distal,45.0,50.0,90.0,100.0,normal,0.000000,0.126547,0.077571
perpendicular,45.0,50.0,90.0,100.0,normal,0.000000,0.112768,0.070274
height,45.0,50.0,90.0,100.0,normal,0.000000,0.084922,0.052250
yaw,45.0,50.0,90.0,100.0,normal,0.000000,0.401671,0.104889
width,45.0,50.0,90.0,100.0,normal,0.000000,0.114259,0.083224
length,45.0,50.0,90.0,100.0,normal,0.000000,0.203165,0.115768
box_height,45.0,50.0,90.0,100.0,normal,0.000000,0.094437,0.062387
miss_detection,45.0,50.0,100.0,110.0,constant,1.000000,,
distal,45.0,50.0,100.0,110.0,normal,0.000000,0.126547,0.077571
perpendicular,45.0,50.0,100.0,110.0,normal,0.000000,0.112768,0.070274
height,45.0,50.0,100.0,110.0,normal,0.000000,0.084922,0.052250
yaw,45.0,50.0,100.0,110.0,normal,0.000000,0.401671,0.104889
width,45.0,50.0,100.0,110.0,normal,0.000000,0.114259,0.083224
length,45.0,50.0,100.0,110.0,normal,0.000000,0.203165,0.115768
box_height,45.0,50.0,100.0,110.0,normal,0.000000,0.094437,0.062387
miss_detection,45.0,50.0,110.0,120.0,constant,1.000000,,
distal,45.0,50.0,110.0,120.0,normal,0.000000,0.126547,0.077571
perpendicular,45.0,50.0,110.0,120.0,normal,0.000000,0.112768,0.070274
height,45.0,50.0,110.0,120.0,normal,0.000000,0.084922,0.052250
yaw,45.0,50.0,110.0,120.0,normal,0.000000,0.401671,0.104889
width,45.0,50.0,110.0,120.0,normal,0.000000,0.114259,0.083224
length,45.0,50.0,110.0,120.0,normal,0.000000,0.203165,0.115768
box_height,45.0,50.0,110.0,120.0,normal,0.000000,0.094437,0.062387
miss_detection,45.0,50.0,120.0,130.0,constant,1.000000,,
distal,45.0,50.0,120.0,130.0,normal,0.000000,0.126547,0.077571
perpendicular,45.0,50.0,120.0,130.0,normal,0.000000,0.112768,0.070274
height,45.0,50.0,120.0,130.0,normal,0.000000,0.084922,0.052250
yaw,45.0,50.0,120.0,130.0,normal,0.000000,0.401671,0.104889
width,45.0,50.0,120.0,130.0,normal,0.000000,0.114259,0.083224
length,45.0,50.0,120.0,130.0,normal,0.000000,0.203165,0.115768
box_height,45.0,50.0,120.0,130.0,normal,0.000000,0.094437,0.062387
miss_detection,45.0,50.0,130.0,140.0,constant,1.000000,,
distal,45.0,50.0,130.0,140.0,normal,0.000000,0.126547,0.077571
perpendicular,45.0,50.0,130.0,140.0,normal,0.000000,0.112768,0.070274
height,45.0,50.0,130.0,140.0,normal,0.000000,0.084922,0.052250
yaw,45.0,50.0,130.0,140.0,normal,0.000000,0.401671,0.104889
width,45.0,50.0,130.0,140.0,normal,0.000000,0.114259,0.083224
length,45.0,50.0,130.0,140.0,normal,0.000000,0.203165,0.115768
box_height,45.0,50.0,130.0,140.0,normal,0.000000,0.094437,0.062387
miss_detection,45.0,50.0,140.0,150.0,constant,1.000000,,
distal,45.0,50.0,140.0,150.0,normal,0.000000,0.126547,0.077571
perpendicular,45.0,50.0,140.0,150.0,normal,0.000000,0.112768,0.070274
height,45.0,50.0,140.0,150.0,normal,0.000000,0.084922,0.052250
yaw,45.0,50.0,140.0,150.0,normal,0.000000,0.401671,0.104889
width,45.0,50.0,140.0,150.0,normal,0.000000,0.114259,0.083224
length,45.0,50.0,140.0,150.0,normal,0.000000,0.203165,0.115768
box_height,45.0,50.0,140.0,150.0,normal,0.000000,0.094437,0.062387
miss_detection,45.0,50.0,150.0,160.0,constant,1.000000,,
distal,45.0,50.0,150.0,160.0,normal,0.000000,0.126547,0.077571
perpendicular,45.0,50.0,150.0,160.0,normal,0.000000,0.112768,0.070274
height,45.0,50.0,150.0,160.0,normal,0.000000,0.084922,0.052250
yaw,45.0,50.0,150.0,160.0,normal,0.000000,0.401671,0.104889
width,45.0,50.0,150.0,160.0,normal,0.000000,0.114259,0.083224
length,45.0,50.0,150.0,160.0,normal,0.000000,0.203165,0.115768
box_height,45.0,50.0,150.0,160.0,normal,0.000000,0.094437,0.062387
miss_detection,45.0,50.0,160.0,170.0,constant,1.000000,,
distal,45.0,50.0,160.0,170.0,normal,0.000000,0.126547,0.077571
perpendicular,45.0,50.0,160.0,170.0,normal,0.000000,0.112768,0.070274
height,45.0,50.0,160.0,170.0,normal,0.000000,0.084922,0.052250
yaw,45.0,50.0,160.0,170.0,normal,0.000000,0.401671,0.104889
width,45.0,50.0,160.0,170.0,normal,0.000000,0.114259,0.083224
length,45.0,50.0,160.0,170.0,normal,0.000000,0.203165,0.115768
box_height,45.0,50.0,160.0,170.0,normal,0.000000,0.094437,0.062387
miss_detection,45.0,50.0,170.0,180.0,constant,1.000000,,
distal,45.0,50.0,170.0,180.0,normal,0.000000,0.126547,0.077571
perpendicular,45.0,50.0,170.0,180.0,normal,0.000000,0.112768,0.070274
height,45.0,50.0,170.0,180.0,normal,0.000000,0.084922,0.052250
yaw,45.0,50.0,170.0,180.0,normal,0.000000,0.401671,0.104889
width,45.0,50.0,170.0,180.0,normal,0.000000,0.114259,0.083224
length,45.0,50.0,170.0,180.0,normal,0.000000,0.203165,0.115768
box_height,45.0,50.0,170.0,180.0,normal,0.000000,0.094437,0.062387
miss_detection,50.0,55.0,-180.0,-170.0,constant,1.000000,,
distal,50.0,55.0,-180.0,-170.0,normal,0.000000,0.126547,0.077571
perpendicular,50.0,55.0,-180.0,-170.0,normal,0.000000,0.112768,0.070274
height,50.0,55.0,-180.0,-170.0,normal,0.000000,0.084922,0.052250
yaw,50.0,55.0,-180.0,-170.0,normal,0.000000,0.401671,0.104889
width,50.0,55.0,-180.0,-170.0,normal,0.000000,0.114259,0.083224
length,50.0,55.0,-180.0,-170.0,normal,0.000000,0.203165,0.115768
box_height,50.0,55.0,-180.0,-170.0,normal,0.000000,0.094437,0.062387
miss_detection,50.0,55.0,-170.0,-160.0,constant,1.000000,,
distal,50.0,55.0,-170.0,-160.0,normal,0.000000,0.126547,0.077571
perpendicular,50.0,55.0,-170.0,-160.0,normal,0.000000,0.112768,0.070274
height,50.0,55.0,-170.0,-160.0,normal,0.000000,0.084922,0.052250
yaw,50.0,55.0,-170.0,-160.0,normal,0.000000,0.401671,0.104889
width,50.0,55.0,-170.0,-160.0,normal,0.000000,0.114259,0.083224
length,50.0,55.0,-170.0,-160.0,normal,0.000000,0.203165,0.115768
box_height,50.0,55.0,-170.0,-160.0,normal,0.000000,0.094437,0.062387
miss_detection,50.0,55.0,-160.0,-150.0,constant,1.000000,,
distal,50.0,55.0,-160.0,-150.0,normal,0.000000,0.126547,0.077571
perpendicular,50.0,55.0,-160.0,-150.0,normal,0.000000,0.112768,0.070274
height,50.0,55.0,-160.0,-150.0,normal,0.000000,0.084922,0.052250
yaw,50.0,55.0,-160.0,-150.0,normal,0.000000,0.401671,0.104889
width,50.0,55.0,-160.0,-150.0,normal,0.000000,0.114259,0.083224
length,50.0,55.0,-160.0,-150.0,normal,0.000000,0.203165,0.115768
box_height,50.0,55.0,-160.0,-150.0,normal,0.000000,0.094437,0.062387
miss_detection,50.0,55.0,-150.0,-140.0,constant,1.000000,,
distal,50.0,55.0,-150.0,-140.0,normal,0.000000,0.126547,0.077571
perpendicular,50.0,55.0,-150.0,-140.0,normal,0.000000,0.112768,0.070274
height,50.0,55.0,-150.0,-140.0,normal,0.000000,0.084922,0.052250
yaw,50.0,55.0,-150.0,-140.0,normal,0.000000,0.401671,0.104889
width,50.0,55.0,-150.0,-140.0,normal,0.000000,0.114259,0.083224
length,50.0,55.0,-150.0,-140.0,normal,0.000000,0.203165,0.115768
box_height,50.0,55.0,-150.0,-140.0,normal,0.000000,0.094437,0.062387
miss_detection,50.0,55.0,-140.0,-130.0,constant,1.000000,,
distal,50.0,55.0,-140.0,-130.0,normal,0.000000,0.126547,0.077571
perpendicular,50.0,55.0,-140.0,-130.0,normal,0.000000,0.112768,0.070274
height,50.0,55.0,-140.0,-130.0,normal,0.000000,0.084922,0.052250
yaw,50.0,55.0,-140.0,-130.0,normal,0.000000,0.401671,0.104889
width,50.0,55.0,-140.0,-130.0,normal,0.000000,0.114259,0.083224
length,50.0,55.0,-140.0,-130.0,normal,0.000000,0.203165,0.115768
box_height,50.0,55.0,-140.0,-130.0,normal,0.000000,0.094437,0.062387
miss_detection,50.0,55.0,-130.0,-120.0,constant,1.000000,,
distal,50.0,55.0,-130.0,-120.0,normal,0.000000,0.126547,0.077571
perpendicular,50.0,55.0,-130.0,-120.0,normal,0.000000,0.112768,0.070274
height,50.0,55.0,-130.0,-120.0,normal,0.000000,0.084922,0.052250
yaw,50.0,55.0,-130.0,-120.0,normal,0.000000,0.401671,0.104889
width,50.0,55.0,-130.0,-120.0,normal,0.000000,0.114259,0.083224
length,50.0,55.0,-130.0,-120.0,normal,0.000000,0.203165,0.115768
box_height,50.0,55.0,-130.0,-120.0,normal,0.000000,0.094437,0.062387
miss_detection,50.0,55.0,-120.0,-110.0,constant,1.000000,,
distal,50.0,55.0,-120.0,-110.0,normal,0.000000,0.126547,0.077571
perpendicular,50.0,55.0,-120.0,-110.0,normal,0.000000,0.112768,0.070274
height,50.0,55.0,-120.0,-110.0,normal,0.000000,0.084922,0.052250
yaw,50.0,55.0,-120.0,-110.0,normal,0.000000,0.401671,0.104889
width,50.0,55.0,-120.0,-110.0,normal,0.000000,0.114259,0.083224
length,50.0,55.0,-120.0,-110.0,normal,0.000000,0.203165,0.115768
box_height,50.0,55.0,-120.0,-110.0,normal,0.000000,0.094437,0.062387
miss_detection,50.0,55.0,-110.0,-100.0,constant,1.000000,,
distal,50.0,55.0,-110.0,-100.0,normal,0.000000,0.126547,0.077571
perpendicular,50.0,55.0,-110.0,-100.0,normal,0.000000,0.112768,0.070274
height,50.0,55.0,-110.0,-100.0,normal,0.000000,0.084922,0.052250
yaw,50.0,55.0,-110.0,-100.0,normal,0.000000,0.401671,0.104889
width,50.0,55.0,-110.0,-100.0,normal,0.000000,0.114259,0.083224
length,50.0,55.0,-110.0,-100.0,normal,0.000000,0.203165,0.115768
box_height,50.0,55.0,-110.0,-100.0,normal,0.000000,0.094437,0.062387
miss_detection,50.0,55.0,-100.0,-90.0,constant,1.000000,,
distal,50.0,55.0,-100.0,-90.0,normal,0.000000,0.126547,0.077571
perpendicular,50.0,55.0,-100.0,-90.0,normal,0.000000,0.112768,0.070274
height,50.0,55.0,-100.0,-90.0,normal,0.000000,0.084922,0.052250
yaw,50.0,55.0,-100.0,-90.0,normal,0.000000,0.401671,0.104889
width,50.0,55.0,-100.0,-90.0,normal,0.000000,0.114259,0.083224
length,50.0,55.0,-100.0,-90.0,normal,0.000000,0.203165,0.115768
box_height,50.0,55.0,-100.0,-90.0,normal,0.000000,0.094437,0.062387
miss_detection,50.0,55.0,-90.0,-80.0,constant,1.000000,,
distal,50.0,55.0,-90.0,-80.0,normal,0.000000,0.126547,0.077571
perpendicular,50.0,55.0,-90.0,-80.0,normal,0.000000,0.112768,0.070274
height,50.0,55.0,-90.0,-80.0,normal,0.000000,0.084922,0.052250
yaw,50.0,55.0,-90.0,-80.0,normal,0.000000,0.401671,0.104889
width,50.0,55.0,-90.0,-80.0,normal,0.000000,0.114259,0.083224
length,50.0,55.0,-90.0,-80.0,normal,0.000000,0.203165,0.115768
box_height,50.0,55.0,-90.0,-80.0,normal,0.000000,0.094437,0.062387
miss_detection,50.0,55.0,-80.0,-70.0,constant,1.000000,,
distal,50.0,55.0,-80.0,-70.0,normal,0.000000,0.126547,0.077571
perpendicular,50.0,55.0,-80.0,-70.0,normal,0.000000,0.112768,0.070274
height,50.0,55.0,-80.0,-70.0,normal,0.000000,0.084922,0.052250
yaw,50.0,55.0,-80.0,-70.0,normal,0.000000,0.401671,0.104889
width,50.0,55.0,-80.0,-70.0,normal,0.000000,0.114259,0.083224
length,50.0,55.0,-80.0,-70.0,normal,0.000000,0.203165,0.115768
box_height,50.0,55.0,-80.0,-70.0,normal,0.000000,0.094437,0.062387
miss_detection,50.0,55.0,-70.0,-60.0,constant,1.000000,,
distal,50.0,55.0,-70.0,-60.0,normal,0.000000,0.126547,0.077571
perpendicular,50.0,55.0,-70.0,-60.0,normal,0.000000,0.112768,0.070274
height,50.0,55.0,-70.0,-60.0,normal,0.000000,0.084922,0.052250
yaw,50.0,55.0,-70.0,-60.0,normal,0.000000,0.401671,0.104889
width,50.0,55.0,-70.0,-60.0,normal,0.000000,0.114259,0.083224
length,50.0,55.0,-70.0,-60.0,normal,0.000000,0.203165,0.115768
box_height,50.0,55.0,-70.0,-60.0,normal,0.000000,0.094437,0.062387
miss_detection,50.0,55.0,-60.0,-50.0,constant,1.000000,,
distal,50.0,55.0,-60.0,-50.0,normal,0.000000,0.126547,0.077571
perpendicular,50.0,55.0,-60.0,-50.0,normal,0.000000,0.112768,0.070274
height,50.0,55.0,-60.0,-50.0,normal,0.000000,0.084922,0.052250
yaw,50.0,55.0,-60.0,-50.0,normal,0.000000,0.401671,0.104889
width,50.0,55.0,-60.0,-50.0,normal,0.000000,0.114259,0.083224
length,50.0,55.0,-60.0,-50.0,normal,0.000000,0.203165,0.115768
box_height,50.0,55.0,-60.0,-50.0,normal,0.000000,0.094437,0.062387
miss_detection,50.0,55.0,-50.0,-40.0,constant,1.000000,,
distal,50.0,55.0,-50.0,-40.0,normal,0.000000,0.126547,0.077571
perpendicular,50.0,55.0,-50.0,-40.0,normal,0.000000,0.112768,0.070274
height,50.0,55.0,-50.0,-40.0,normal,0.000000,0.084922,0.052250
yaw,50.0,55.0,-50.0,-40.0,normal,0.000000,0.401671,0.104889
width,50.0,55.0,-50.0,-40.0,normal,0.000000,0.114259,0.083224
length,50.0,55.0,-50.0,-40.0,normal,0.000000,0.203165,0.115768
box_height,50.0,55.0,-50.0,-40.0,normal,0.000000,0.094437,0.062387
miss_detection,50.0,55.0,-40.0,-30.0,constant,0.053448,,
distal,50.0,55.0,-40.0,-30.0,normal,0.000000,0.111708,0.074829
perpendicular,50.0,55.0,-40.0,-30.0,normal,0.000000,0.127964,0.082090
height,50.0,55.0,-40.0,-30.0,normal,0.000000,0.059773,0.042236
yaw,50.0,55.0,-40.0,-30.0,normal,0.000000,0.659959,0.197277
width,50.0,55.0,-40.0,-30.0,normal,0.000000,0.106073,0.079053
length,50.0,55.0,-40.0,-30.0,normal,0.000000,0.206470,0.160034
box_height,50.0,55.0,-40.0,-30.0,normal,0.000000,0.087146,0.079326
miss_detection,50.0,55.0,-30.0,-20.0,constant,0.382883,,
distal,50.0,55.0,-30.0,-20.0,normal,0.000000,0.232848,0.136034
perpendicular,50.0,55.0,-30.0,-20.0,normal,0.000000,0.191407,0.156528
height,50.0,55.0,-30.0,-20.0,normal,0.000000,0.104596,0.067825
yaw,50.0,55.0,-30.0,-20.0,normal,0.000000,1.164464,0.485883
width,50.0,55.0,-30.0,-20.0,normal,0.000000,0.130569,0.101961
length,50.0,55.0,-30.0,-20.0,normal,0.000000,0.370232,0.295570
box_height,50.0,55.0,-30.0,-20.0,normal,0.000000,0.144735,0.087892
miss_detection,50.0,55.0,-20.0,-10.0,constant,0.167905,,
distal,50.0,55.0,-20.0,-10.0,normal,0.000000,0.084673,0.062565
perpendicular,50.0,55.0,-20.0,-10.0,normal,0.000000,0.129745,0.078473
height,50.0,55.0,-20.0,-10.0,normal,0.000000,0.054242,0.040241
yaw,50.0,55.0,-20.0,-10.0,normal,0.000000,0.696694,0.193001
width,50.0,55.0,-20.0,-10.0,normal,0.000000,0.118313,0.091246
length,50.0,55.0,-20.0,-10.0,normal,0.000000,0.231147,0.136461
box_height,50.0,55.0,-20.0,-10.0,normal,0.000000,0.083068,0.061700
miss_detection,50.0,55.0,-10.0,0.0,constant,0.108874,,
distal,50.0,55.0,-10.0,0.0,normal,0.000000,0.097526,0.061196
perpendicular,50.0,55.0,-10.0,0.0,normal,0.000000,0.092203,0.059612
height,50.0,55.0,-10.0,0.0,normal,0.000000,0.057063,0.041674
yaw,50.0,55.0,-10.0,0.0,normal,0.000000,0.519026,0.124707
width,50.0,55.0,-10.0,0.0,normal,0.000000,0.115565,0.088373
length,50.0,55.0,-10.0,0.0,normal,0.000000,0.168052,0.100905
box_height,50.0,55.0,-10.0,0.0,normal,0.000000,0.081782,0.059508
miss_detection,50.0,55.0,0.0,10.0,constant,0.176171,,
distal,50.0,55.0,0.0,10.0,normal,0.000000,0.106800,0.066274
perpendicular,50.0,55.0,0.0,10.0,normal,0.000000,0.083580,0.057089
height,50.0,55.0,0.0,10.0,normal,0.000000,0.055226,0.040520
yaw,50.0,55.0,0.0,10.0,normal,0.000000,0.551048,0.139025
width,50.0,55.0,0.0,10.0,normal,0.000000,0.120223,0.089667
length,50.0,55.0,0.0,10.0,normal,0.000000,0.167164,0.099600
box_height,50.0,55.0,0.0,10.0,normal,0.000000,0.075877,0.056493
miss_detection,50.0,55.0,10.0,20.0,constant,0.308869,,
distal,50.0,55.0,10.0,20.0,normal,0.000000,0.151230,0.079510
perpendicular,50.0,55.0,10.0,20.0,normal,0.000000,0.107759,0.070962
height,50.0,55.0,10.0,20.0,normal,0.000000,0.077436,0.048401
yaw,50.0,55.0,10.0,20.0,normal,0.000000,0.633913,0.170146
width,50.0,55.0,10.0,20.0,normal,0.000000,0.135848,0.101461
length,50.0,55.0,10.0,20.0,normal,0.000000,0.295397,0.146794
box_height,50.0,55.0,10.0,20.0,normal,0.000000,0.133759,0.079047
miss_detection,50.0,55.0,20.0,30.0,constant,0.406948,,
distal,50.0,55.0,20.0,30.0,normal,0.000000,0.102813,0.069515
perpendicular,50.0,55.0,20.0,30.0,normal,0.000000,0.107825,0.079437
height,50.0,55.0,20.0,30.0,normal,0.000000,0.061665,0.046518
yaw,50.0,55.0,20.0,30.0,normal,0.000000,0.721176,0.220152
width,50.0,55.0,20.0,30.0,normal,0.000000,0.103917,0.079586
length,50.0,55.0,20.0,30.0,normal,0.000000,0.181390,0.131271
box_height,50.0,55.0,20.0,30.0,normal,0.000000,0.100543,0.069580
miss_detection,50.0,55.0,30.0,40.0,constant,1.000000,,
distal,50.0,55.0,30.0,40.0,normal,0.000000,0.126547,0.077571
perpendicular,50.0,55.0,30.0,40.0,normal,0.000000,0.112768,0.070274
height,50.0,55.0,30.0,40.0,normal,0.000000,0.084922,0.052250
yaw,50.0,55.0,30.0,40.0,normal,0.000000,0.401671,0.104889
width,50.0,55.0,30.0,40.0,normal,0.000000,0.114259,0.083224
length,50.0,55.0,30.0,40.0,normal,0.000000,0.203165,0.115768
box_height,50.0,55.0,30.0,40.0,normal,0.000000,0.094437,0.062387
miss_detection,50.0,55.0,40.0,50.0,constant,1.000000,,
distal,50.0,55.0,40.0,50.0,normal,0.000000,0.126547,0.077571
perpendicular,50.0,55.0,40.0,50.0,normal,0.000000,0.112768,0.070274
height,50.0,55.0,40.0,50.0,normal,0.000000,0.084922,0.052250
yaw,50.0,55.0,40.0,50.0,normal,0.000000,0.401671,0.104889
width,50.0,55.0,40.0,50.0,normal,0.000000,0.114259,0.083224
length,50.0,55.0,40.0,50.0,normal,0.000000,0.203165,0.115768
box_height,50.0,55.0,40.0,50.0,normal,0.000000,0.094437,0.062387
miss_detection,50.0,55.0,50.0,60.0,constant,1.000000,,
distal,50.0,55.0,50.0,60.0,normal,0.000000,0.126547,0.077571
perpendicular,50.0,55.0,50.0,60.0,normal,0.000000,0.112768,0.070274
height,50.0,55.0,50.0,60.0,normal,0.000000,0.084922,0.052250
yaw,50.0,55.0,50.0,60.0,normal,0.000000,0.401671,0.104889
width,50.0,55.0,50.0,60.0,normal,0.000000,0.114259,0.083224
length,50.0,55.0,50.0,60.0,normal,0.000000,0.203165,0.115768
box_height,50.0,55.0,50.0,60.0,normal,0.000000,0.094437,0.062387
miss_detection,50.0,55.0,60.0,70.0,constant,1.000000,,
distal,50.0,55.0,60.0,70.0,normal,0.000000,0.126547,0.077571
perpendicular,50.0,55.0,60.0,70.0,normal,0.000000,0.112768,0.070274
height,50.0,55.0,60.0,70.0,normal,0.000000,0.084922,0.052250
yaw,50.0,55.0,60.0,70.0,normal,0.000000,0.401671,0.104889
width,50.0,55.0,60.0,70.0,normal,0.000000,0.114259,0.083224
length,50.0,55.0,60.0,70.0,normal,0.000000,0.203165,0.115768
box_height,50.0,55.0,60.0,70.0,normal,0.000000,0.094437,0.062387
miss_detection,50.0,55.0,70.0,80.0,constant,1.000000,,
distal,50.0,55.0,70.0,80.0,normal,0.000000,0.126547,0.077571
perpendicular,50.0,55.0,70.0,80.0,normal,0.000000,0.112768,0.070274
height,50.0,55.0,70.0,80.0,normal,0.000000,0.084922,0.052250
yaw,50.0,55.0,70.0,80.0,normal,0.000000,0.401671,0.104889
width,50.0,55.0,70.0,80.0,normal,0.000000,0.114259,0.083224
length,50.0,55.0,70.0,80.0,normal,0.000000,0.203165,0.115768
box_height,50.0,55.0,70.0,80.0,normal,0.000000,0.094437,0.062387
miss_detection,50.0,55.0,80.0,90.0,constant,1.000000,,
distal,50.0,55.0,80.0,90.0,normal,0.000000,0.126547,0.077571
perpendicular,50.0,55.0,80.0,90.0,normal,0.000000,0.112768,0.070274
height,50.0,55.0,80.0,90.0,normal,0.000000,0.084922,0.052250
yaw,50.0,55.0,80.0,90.0,normal,0.000000,0.401671,0.104889
width,50.0,55.0,80.0,90.0,normal,0.000000,0.114259,0.083224
length,50.0,55.0,80.0,90.0,normal,0.000000,0.203165,0.115768
box_height,50.0,55.0,80.0,90.0,normal,0.000000,0.094437,0.062387
miss_detection,50.0,55.0,90.0,100.0,constant,1.000000,,
distal,50.0,55.0,90.0,100.0,normal,0.000000,0.126547,0.077571
perpendicular,50.0,55.0,90.0,100.0,normal,0.000000,0.112768,0.070274
height,50.0,55.0,90.0,100.0,normal,0.000000,0.084922,0.052250
yaw,50.0,55.0,90.0,100.0,normal,0.000000,0.401671,0.104889
width,50.0,55.0,90.0,100.0,normal,0.000000,0.114259,0.083224
length,50.0,55.0,90.0,100.0,normal,0.000000,0.203165,0.115768
box_height,50.0,55.0,90.0,100.0,normal,0.000000,0.094437,0.062387
miss_detection,50.0,55.0,100.0,110.0,constant,1.000000,,
distal,50.0,55.0,100.0,110.0,normal,0.000000,0.126547,0.077571
perpendicular,50.0,55.0,100.0,110.0,normal,0.000000,0.112768,0.070274
height,50.0,55.0,100.0,110.0,normal,0.000000,0.084922,0.052250
yaw,50.0,55.0,100.0,110.0,normal,0.000000,0.401671,0.104889
width,50.0,55.0,100.0,110.0,normal,0.000000,0.114259,0.083224
length,50.0,55.0,100.0,110.0,normal,0.000000,0.203165,0.115768
box_height,50.0,55.0,100.0,110.0,normal,0.000000,0.094437,0.062387
miss_detection,50.0,55.0,110.0,120.0,constant,1.000000,,
distal,50.0,55.0,110.0,120.0,normal,0.000000,0.126547,0.077571
perpendicular,50.0,55.0,110.0,120.0,normal,0.000000,0.112768,0.070274
height,50.0,55.0,110.0,120.0,normal,0.000000,0.084922,0.052250
yaw,50.0,55.0,110.0,120.0,normal,0.000000,0.401671,0.104889
width,50.0,55.0,110.0,120.0,normal,0.000000,0.114259,0.083224
length,50.0,55.0,110.0,120.0,normal,0.000000,0.203165,0.115768
box_height,50.0,55.0,110.0,120.0,normal,0.000000,0.094437,0.062387
miss_detection,50.0,55.0,120.0,130.0,constant,1.000000,,
distal,50.0,55.0,120.0,130.0,normal,0.000000,0.126547,0.077571
perpendicular,50.0,55.0,120.0,130.0,normal,0.000000,0.112768,0.070274
height,50.0,55.0,120.0,130.0,normal,0.000000,0.084922,0.052250
yaw,50.0,55.0,120.0,130.0,normal,0.000000,0.401671,0.104889
width,50.0,55.0,120.0,130.0,normal,0.000000,0.114259,0.083224
length,50.0,55.0,120.0,130.0,normal,0.000000,0.203165,0.115768
box_height,50.0,55.0,120.0,130.0,normal,0.000000,0.094437,0.062387
miss_detection,50.0,55.0,130.0,140.0,constant,1.000000,,
distal,50.0,55.0,130.0,140.0,normal,0.000000,0.126547,0.077571
perpendicular,50.0,55.0,130.0,140.0,normal,0.000000,0.112768,0.070274
height,50.0,55.0,130.0,140.0,normal,0.000000,0.084922,0.052250
yaw,50.0,55.0,130.0,140.0,normal,0.000000,0.401671,0.104889
width,50.0,55.0,130.0,140.0,normal,0.000000,0.114259,0.083224
length,50.0,55.0,130.0,140.0,normal,0.000000,0.203165,0.115768
box_height,50.0,55.0,130.0,140.0,normal,0.000000,0.094437,0.062387
miss_detection,50.0,55.0,140.0,150.0,constant,1.000000,,
distal,50.0,55.0,140.0,150.0,normal,0.000000,0.126547,0.077571
perpendicular,50.0,55.0,140.0,150.0,normal,0.000000,0.112768,0.070274
height,50.0,55.0,140.0,150.0,normal,0.000000,0.084922,0.052250
yaw,50.0,55.0,140.0,150.0,normal,0.000000,0.401671,0.104889
width,50.0,55.0,140.0,150.0,normal,0.000000,0.114259,0.083224
length,50.0,55.0,140.0,150.0,normal,0.000000,0.203165,0.115768
box_height,50.0,55.0,140.0,150.0,normal,0.000000,0.094437,0.062387
miss_detection,50.0,55.0,150.0,160.0,constant,1.000000,,
distal,50.0,55.0,150.0,160.0,normal,0.000000,0.126547,0.077571
perpendicular,50.0,55.0,150.0,160.0,normal,0.000000,0.112768,0.070274
height,50.0,55.0,150.0,160.0,normal,0.000000,0.084922,0.052250
yaw,50.0,55.0,150.0,160.0,normal,0.000000,0.401671,0.104889
width,50.0,55.0,150.0,160.0,normal,0.000000,0.114259,0.083224
length,50.0,55.0,150.0,160.0,normal,0.000000,0.203165,0.115768
box_height,50.0,55.0,150.0,160.0,normal,0.000000,0.094437,0.062387
miss_detection,50.0,55.0,160.0,170.0,constant,1.000000,,
distal,50.0,55.0,160.0,170.0,normal,0.000000,0.126547,0.077571
perpendicular,50.0,55.0,160.0,170.0,normal,0.000000,0.112768,0.070274
height,50.0,55.0,160.0,170.0,normal,0.000000,0.084922,0.052250
yaw,50.0,55.0,160.0,170.0,normal,0.000000,0.401671,0.104889
width,50.0,55.0,160.0,170.0,normal,0.000000,0.114259,0.083224
length,50.0,55.0,160.0,170.0,normal,0.000000,0.203165,0.115768
box_height,50.0,55.0,160.0,170.0,normal,0.000000,0.094437,0.062387
miss_detection,50.0,55.0,170.0,180.0,constant,1.000000,,
distal,50.0,55.0,170.0,180.0,normal,0.000000,0.126547,0.077571
perpendicular,50.0,55.0,170.0,180.0,normal,0.000000,0.112768,0.070274
height,50.0,55.0,170.0,180.0,normal,0.000000,0.084922,0.052250
yaw,50.0,55.0,170.0,180.0,normal,0.000000,0.401671,0.104889
width,50.0,55.0,170.0,180.0,normal,0.000000,0.114259,0.083224
length,50.0,55.0,170.0,180.0,normal,0.000000,0.203165,0.115768
box_height,50.0,55.0,170.0,180.0,normal,0.000000,0.094437,0.062387
miss_detection,55.0,60.0,-180.0,-170.0,constant,1.000000,,
distal,55.0,60.0,-180.0,-170.0,normal,0.000000,0.126547,0.077571
perpendicular,55.0,60.0,-180.0,-170.0,normal,0.000000,0.112768,0.070274
height,55.0,60.0,-180.0,-170.0,normal,0.000000,0.084922,0.052250
yaw,55.0,60.0,-180.0,-170.0,normal,0.000000,0.401671,0.104889
width,55.0,60.0,-180.0,-170.0,normal,0.000000,0.114259,0.083224
length,55.0,60.0,-180.0,-170.0,normal,0.000000,0.203165,0.115768
box_height,55.0,60.0,-180.0,-170.0,normal,0.000000,0.094437,0.062387
miss_detection,55.0,60.0,-170.0,-160.0,constant,1.000000,,
distal,55.0,60.0,-170.0,-160.0,normal,0.000000,0.126547,0.077571
perpendicular,55.0,60.0,-170.0,-160.0,normal,0.000000,0.112768,0.070274
height,55.0,60.0,-170.0,-160.0,normal,0.000000,0.084922,0.052250
yaw,55.0,60.0,-170.0,-160.0,normal,0.000000,0.401671,0.104889
width,55.0,60.0,-170.0,-160.0,normal,0.000000,0.114259,0.083224
length,55.0,60.0,-170.0,-160.0,normal,0.000000,0.203165,0.115768
box_height,55.0,60.0,-170.0,-160.0,normal,0.000000,0.094437,0.062387
miss_detection,55.0,60.0,-160.0,-150.0,constant,1.000000,,
distal,55.0,60.0,-160.0,-150.0,normal,0.000000,0.126547,0.077571
perpendicular,55.0,60.0,-160.0,-150.0,normal,0.000000,0.112768,0.070274
height,55.0,60.0,-160.0,-150.0,normal,0.000000,0.084922,0.052250
yaw,55.0,60.0,-160.0,-150.0,normal,0.000000,0.401671,0.104889
width,55.0,60.0,-160.0,-150.0,normal,0.000000,0.114259,0.083224
length,55.0,60.0,-160.0,-150.0,normal,0.000000,0.203165,0.115768
box_height,55.0,60.0,-160.0,-150.0,normal,0.000000,0.094437,0.062387
miss_detection,55.0,60.0,-150.0,-140.0,constant,1.000000,,
distal,55.0,60.0,-150.0,-140.0,normal,0.000000,0.126547,0.077571
perpendicular,55.0,60.0,-150.0,-140.0,normal,0.000000,0.112768,0.070274
height,55.0,60.0,-150.0,-140.0,normal,0.000000,0.084922,0.052250
yaw,55.0,60.0,-150.0,-140.0,normal,0.000000,0.401671,0.104889
width,55.0,60.0,-150.0,-140.0,normal,0.000000,0.114259,0.083224
length,55.0,60.0,-150.0,-140.0,normal,0.000000,0.203165,0.115768
box_height,55.0,60.0,-150.0,-140.0,normal,0.000000,0.094437,0.062387
miss_detection,55.0,60.0,-140.0,-130.0,constant,1.000000,,
distal,55.0,60.0,-140.0,-130.0,normal,0.000000,0.126547,0.077571
perpendicular,55.0,60.0,-140.0,-130.0,normal,0.000000,0.112768,0.070274
height,55.0,60.0,-140.0,-130.0,normal,0.000000,0.084922,0.052250
yaw,55.0,60.0,-140.0,-130.0,normal,0.000000,0.401671,0.104889
width,55.0,60.0,-140.0,-130.0,normal,0.000000,0.114259,0.083224
length,55.0,60.0,-140.0,-130.0,normal,0.000000,0.203165,0.115768
box_height,55.0,60.0,-140.0,-130.0,normal,0.000000,0.094437,0.062387
miss_detection,55.0,60.0,-130.0,-120.0,constant,1.000000,,
distal,55.0,60.0,-130.0,-120.0,normal,0.000000,0.126547,0.077571
perpendicular,55.0,60.0,-130.0,-120.0,normal,0.000000,0.112768,0.070274
height,55.0,60.0,-130.0,-120.0,normal,0.000000,0.084922,0.052250
yaw,55.0,60.0,-130.0,-120.0,normal,0.000000,0.401671,0.104889
width,55.0,60.0,-130.0,-120.0,normal,0.000000,0.114259,0.083224
length,55.0,60.0,-130.0,-120.0,normal,0.000000,0.203165,0.115768
box_height,55.0,60.0,-130.0,-120.0,normal,0.000000,0.094437,0.062387
miss_detection,55.0,60.0,-120.0,-110.0,constant,1.000000,,
distal,55.0,60.0,-120.0,-110.0,normal,0.000000,0.126547,0.077571
perpendicular,55.0,60.0,-120.0,-110.0,normal,0.000000,0.112768,0.070274
height,55.0,60.0,-120.0,-110.0,normal,0.000000,0.084922,0.052250
yaw,55.0,60.0,-120.0,-110.0,normal,0.000000,0.401671,0.104889
width,55.0,60.0,-120.0,-110.0,normal,0.000000,0.114259,0.083224
length,55.0,60.0,-120.0,-110.0,normal,0.000000,0.203165,0.115768
box_height,55.0,60.0,-120.0,-110.0,normal,0.000000,0.094437,0.062387
miss_detection,55.0,60.0,-110.0,-100.0,constant,1.000000,,
distal,55.0,60.0,-110.0,-100.0,normal,0.000000,0.126547,0.077571
perpendicular,55.0,60.0,-110.0,-100.0,normal,0.000000,0.112768,0.070274
height,55.0,60.0,-110.0,-100.0,normal,0.000000,0.084922,0.052250
yaw,55.0,60.0,-110.0,-100.0,normal,0.000000,0.401671,0.104889
width,55.0,60.0,-110.0,-100.0,normal,0.000000,0.114259,0.083224
length,55.0,60.0,-110.0,-100.0,normal,0.000000,0.203165,0.115768
box_height,55.0,60.0,-110.0,-100.0,normal,0.000000,0.094437,0.062387
miss_detection,55.0,60.0,-100.0,-90.0,constant,1.000000,,
distal,55.0,60.0,-100.0,-90.0,normal,0.000000,0.126547,0.077571
perpendicular,55.0,60.0,-100.0,-90.0,normal,0.000000,0.112768,0.070274
height,55.0,60.0,-100.0,-90.0,normal,0.000000,0.084922,0.052250
yaw,55.0,60.0,-100.0,-90.0,normal,0.000000,0.401671,0.104889
width,55.0,60.0,-100.0,-90.0,normal,0.000000,0.114259,0.083224
length,55.0,60.0,-100.0,-90.0,normal,0.000000,0.203165,0.115768
box_height,55.0,60.0,-100.0,-90.0,normal,0.000000,0.094437,0.062387
miss_detection,55.0,60.0,-90.0,-80.0,constant,1.000000,,
distal,55.0,60.0,-90.0,-80.0,normal,0.000000,0.126547,0.077571
perpendicular,55.0,60.0,-90.0,-80.0,normal,0.000000,0.112768,0.070274
height,55.0,60.0,-90.0,-80.0,normal,0.000000,0.084922,0.052250
yaw,55.0,60.0,-90.0,-80.0,normal,0.000000,0.401671,0.104889
width,55.0,60.0,-90.0,-80.0,normal,0.000000,0.114259,0.083224
length,55.0,60.0,-90.0,-80.0,normal,0.000000,0.203165,0.115768
box_height,55.0,60.0,-90.0,-80.0,normal,0.000000,0.094437,0.062387
miss_detection,55.0,60.0,-80.0,-70.0,constant,1.000000,,
distal,55.0,60.0,-80.0,-70.0,normal,0.000000,0.126547,0.077571
perpendicular,55.0,60.0,-80.0,-70.0,normal,0.000000,0.112768,0.070274
height,55.0,60.0,-80.0,-70.0,normal,0.000000,0.084922,0.052250
yaw,55.0,60.0,-80.0,-70.0,normal,0.000000,0.401671,0.104889
width,55.0,60.0,-80.0,-70.0,normal,0.000000,0.114259,0.083224
length,55.0,60.0,-80.0,-70.0,normal,0.000000,0.203165,0.115768
box_height,55.0,60.0,-80.0,-70.0,normal,0.000000,0.094437,0.062387
miss_detection,55.0,60.0,-70.0,-60.0,constant,1.000000,,
distal,55.0,60.0,-70.0,-60.0,normal,0.000000,0.126547,0.077571
perpendicular,55.0,60.0,-70.0,-60.0,normal,0.000000,0.112768,0.070274
height,55.0,60.0,-70.0,-60.0,normal,0.000000,0.084922,0.052250
yaw,55.0,60.0,-70.0,-60.0,normal,0.000000,0.401671,0.104889
width,55.0,60.0,-70.0,-60.0,normal,0.000000,0.114259,0.083224
length,55.0,60.0,-70.0,-60.0,normal,0.000000,0.203165,0.115768
box_height,55.0,60.0,-70.0,-60.0,normal,0.000000,0.094437,0.062387
miss_detection,55.0,60.0,-60.0,-50.0,constant,1.000000,,
distal,55.0,60.0,-60.0,-50.0,normal,0.000000,0.126547,0.077571
perpendicular,55.0,60.0,-60.0,-50.0,normal,0.000000,0.112768,0.070274
height,55.0,60.0,-60.0,-50.0,normal,0.000000,0.084922,0.052250
yaw,55.0,60.0,-60.0,-50.0,normal,0.000000,0.401671,0.104889
width,55.0,60.0,-60.0,-50.0,normal,0.000000,0.114259,0.083224
length,55.0,60.0,-60.0,-50.0,normal,0.000000,0.203165,0.115768
box_height,55.0,60.0,-60.0,-50.0,normal,0.000000,0.094437,0.062387
miss_detection,55.0,60.0,-50.0,-40.0,constant,1.000000,,
distal,55.0,60.0,-50.0,-40.0,normal,0.000000,0.126547,0.077571
perpendicular,55.0,60.0,-50.0,-40.0,normal,0.000000,0.112768,0.070274
height,55.0,60.0,-50.0,-40.0,normal,0.000000,0.084922,0.052250
yaw,55.0,60.0,-50.0,-40.0,normal,0.000000,0.401671,0.104889
width,55.0,60.0,-50.0,-40.0,normal,0.000000,0.114259,0.083224
length,55.0,60.0,-50.0,-40.0,normal,0.000000,0.203165,0.115768
box_height,55.0,60.0,-50.0,-40.0,normal,0.000000,0.094437,0.062387
miss_detection,55.0,60.0,-40.0,-30.0,constant,0.029412,,
distal,55.0,60.0,-40.0,-30.0,normal,0.000000,0.103207,0.082984
perpendicular,55.0,60.0,-40.0,-30.0,normal,0.000000,0.113408,0.117360
height,55.0,60.0,-40.0,-30.0,normal,0.000000,0.091700,0.061087
yaw,55.0,60.0,-40.0,-30.0,normal,0.000000,0.070025,0.068926
width,55.0,60.0,-40.0,-30.0,normal,0.000000,0.109767,0.084969
length,55.0,60.0,-40.0,-30.0,normal,0.000000,0.152267,0.117741
box_height,55.0,60.0,-40.0,-30.0,normal,0.000000,0.101231,0.078897
miss_detection,55.0,60.0,-30.0,-20.0,constant,0.262332,,
distal,55.0,60.0,-30.0,-20.0,normal,0.000000,0.111072,0.100557
perpendicular,55.0,60.0,-30.0,-20.0,normal,0.000000,0.169136,0.129506
height,55.0,60.0,-30.0,-20.0,normal,0.000000,0.087457,0.054337
yaw,55.0,60.0,-30.0,-20.0,normal,0.000000,0.625094,0.170369
width,55.0,60.0,-30.0,-20.0,normal,0.000000,0.126888,0.079633
length,55.0,60.0,-30.0,-20.0,normal,0.000000,0.668509,0.260432
box_height,55.0,60.0,-30.0,-20.0,normal,0.000000,0.165896,0.084870
miss_detection,55.0,60.0,-20.0,-10.0,constant,0.137072,,
distal,55.0,60.0,-20.0,-10.0,normal,0.000000,0.094032,0.070970
perpendicular,55.0,60.0,-20.0,-10.0,normal,0.000000,0.112095,0.080279
height,55.0,60.0,-20.0,-10.0,normal,0.000000,0.074841,0.056430
yaw,55.0,60.0,-20.0,-10.0,normal,0.000000,1.143454,0.502082
width,55.0,60.0,-20.0,-10.0,normal,0.000000,0.148485,0.108874
length,55.0,60.0,-20.0,-10.0,normal,0.000000,0.225497,0.156339
box_height,55.0,60.0,-20.0,-10.0,normal,0.000000,0.120908,0.083853
miss_detection,55.0,60.0,-10.0,0.0,constant,0.127907,,
distal,55.0,60.0,-10.0,0.0,normal,0.000000,0.106105,0.065156
perpendicular,55.0,60.0,-10.0,0.0,normal,0.000000,0.086678,0.061211
height,55.0,60.0,-10.0,0.0,normal,0.000000,0.063840,0.045835
yaw,55.0,60.0,-10.0,0.0,normal,0.000000,0.592871,0.148264
width,55.0,60.0,-10.0,0.0,normal,0.000000,0.106660,0.083797
length,55.0,60.0,-10.0,0.0,normal,0.000000,0.186884,0.109087
box_height,55.0,60.0,-10.0,0.0,normal,0.000000,0.091902,0.066936
miss_detection,55.0,60.0,0.0,10.0,constant,0.117391,,
distal,55.0,60.0,0.0,10.0,normal,0.000000,0.104220,0.065643
perpendicular,55.0,60.0,0.0,10.0,normal,0.000000,0.104390,0.066977
height,55.0,60.0,0.0,10.0,normal,0.000000,0.070751,0.053141
yaw,55.0,60.0,0.0,10.0,normal,0.000000,0.560965,0.145725
width,55.0,60.0,0.0,10.0,normal,0.000000,0.106657,0.081040
length,55.0,60.0,0.0,10.0,normal,0.000000,0.150652,0.099800
box_height,55.0,60.0,0.0,10.0,normal,0.000000,0.097551,0.072640
miss_detection,55.0,60.0,10.0,20.0,constant,0.250000,,
distal,55.0,60.0,10.0,20.0,normal,0.000000,0.096360,0.067681
perpendicular,55.0,60.0,10.0,20.0,normal,0.000000,0.093252,0.069267
height,55.0,60.0,10.0,20.0,normal,0.000000,0.062925,0.048053
yaw,55.0,60.0,10.0,20.0,normal,0.000000,0.935620,0.321668
width,55.0,60.0,10.0,20.0,normal,0.000000,0.122388,0.091720
length,55.0,60.0,10.0,20.0,normal,0.000000,0.204483,0.139462
box_height,55.0,60.0,10.0,20.0,normal,0.000000,0.093974,0.069231
miss_detection,55.0,60.0,20.0,30.0,constant,0.656109,,
distal,55.0,60.0,20.0,30.0,normal,0.000000,0.168102,0.097747
perpendicular,55.0,60.0,20.0,30.0,normal,0.000000,0.279347,0.135199
height,55.0,60.0,20.0,30.0,normal,0.000000,0.078254,0.052046
yaw,55.0,60.0,20.0,30.0,normal,0.000000,0.679832,0.215066
width,55.0,60.0,20.0,30.0,normal,0.000000,0.126436,0.098121
length,55.0,60.0,20.0,30.0,normal,0.000000,0.204326,0.150491
box_height,55.0,60.0,20.0,30.0,normal,0.000000,0.094879,0.070477
miss_detection,55.0,60.0,30.0,40.0,constant,1.000000,,
distal,55.0,60.0,30.0,40.0,normal,0.000000,0.126547,0.077571
perpendicular,55.0,60.0,30.0,40.0,normal,0.000000,0.112768,0.070274
height,55.0,60.0,30.0,40.0,normal,0.000000,0.084922,0.052250
yaw,55.0,60.0,30.0,40.0,normal,0.000000,0.401671,0.104889
width,55.0,60.0,30.0,40.0,normal,0.000000,0.114259,0.083224
length,55.0,60.0,30.0,40.0,normal,0.000000,0.203165,0.115768
box_height,55.0,60.0,30.0,40.0,normal,0.000000,0.094437,0.062387
miss_detection,55.0,60.0,40.0,50.0,constant,1.000000,,
distal,55.0,60.0,40.0,50.0,normal,0.000000,0.126547,0.077571
perpendicular,55.0,60.0,40.0,50.0,normal,0.000000,0.112768,0.070274
height,55.0,60.0,40.0,50.0,normal,0.000000,0.084922,0.052250
yaw,55.0,60.0,40.0,50.0,normal,0.000000,0.401671,0.104889
width,55.0,60.0,40.0,50.0,normal,0.000000,0.114259,0.083224
length,55.0,60.0,40.0,50.0,normal,0.000000,0.203165,0.115768
box_height,55.0,60.0,40.0,50.0,normal,0.000000,0.094437,0.062387
miss_detection,55.0,60.0,50.0,60.0,constant,1.000000,,
distal,55.0,60.0,50.0,60.0,normal,0.000000,0.126547,0.077571
perpendicular,55.0,60.0,50.0,60.0,normal,0.000000,0.112768,0.070274
height,55.0,60.0,50.0,60.0,normal,0.000000,0.084922,0.052250
yaw,55.0,60.0,50.0,60.0,normal,0.000000,0.401671,0.104889
width,55.0,60.0,50.0,60.0,normal,0.000000,0.114259,0.083224
length,55.0,60.0,50.0,60.0,normal,0.000000,0.203165,0.115768
box_height,55.0,60.0,50.0,60.0,normal,0.000000,0.094437,0.062387
miss_detection,55.0,60.0,60.0,70.0,constant,1.000000,,
distal,55.0,60.0,60.0,70.0,normal,0.000000,0.126547,0.077571
perpendicular,55.0,60.0,60.0,70.0,normal,0.000000,0.112768,0.070274
height,55.0,60.0,60.0,70.0,normal,0.000000,0.084922,0.052250
yaw,55.0,60.0,60.0,70.0,normal,0.000000,0.401671,0.104889
width,55.0,60.0,60.0,70.0,normal,0.000000,0.114259,0.083224
length,55.0,60.0,60.0,70.0,normal,0.000000,0.203165,0.115768
box_height,55.0,60.0,60.0,70.0,normal,0.000000,0.094437,0.062387
miss_detection,55.0,60.0,70.0,80.0,constant,1.000000,,
distal,55.0,60.0,70.0,80.0,normal,0.000000,0.126547,0.077571
perpendicular,55.0,60.0,70.0,80.0,normal,0.000000,0.112768,0.070274
height,55.0,60.0,70.0,80.0,normal,0.000000,0.084922,0.052250
yaw,55.0,60.0,70.0,80.0,normal,0.000000,0.401671,0.104889
width,55.0,60.0,70.0,80.0,normal,0.000000,0.114259,0.083224
length,55.0,60.0,70.0,80.0,normal,0.000000,0.203165,0.115768
box_height,55.0,60.0,70.0,80.0,normal,0.000000,0.094437,0.062387
miss_detection,55.0,60.0,80.0,90.0,constant,1.000000,,
distal,55.0,60.0,80.0,90.0,normal,0.000000,0.126547,0.077571
perpendicular,55.0,60.0,80.0,90.0,normal,0.000000,0.112768,0.070274
height,55.0,60.0,80.0,90.0,normal,0.000000,0.084922,0.052250
yaw,55.0,60.0,80.0,90.0,normal,0.000000,0.401671,0.104889
width,55.0,60.0,80.0,90.0,normal,0.000000,0.114259,0.083224
length,55.0,60.0,80.0,90.0,normal,0.000000,0.203165,0.115768
box_height,55.0,60.0,80.0,90.0,normal,0.000000,0.094437,0.062387
miss_detection,55.0,60.0,90.0,100.0,constant,1.000000,,
distal,55.0,60.0,90.0,100.0,normal,0.000000,0.126547,0.077571
perpendicular,55.0,60.0,90.0,100.0,normal,0.000000,0.112768,0.070274
height,55.0,60.0,90.0,100.0,normal,0.000000,0.084922,0.052250
yaw,55.0,60.0,90.0,100.0,normal,0.000000,0.401671,0.104889
width,55.0,60.0,90.0,100.0,normal,0.000000,0.114259,0.083224
length,55.0,60.0,90.0,100.0,normal,0.000000,0.203165,0.115768
box_height,55.0,60.0,90.0,100.0,normal,0.000000,0.094437,0.062387
miss_detection,55.0,60.0,100.0,110.0,constant,1.000000,,
distal,55.0,60.0,100.0,110.0,normal,0.000000,0.126547,0.077571
perpendicular,55.0,60.0,100.0,110.0,normal,0.000000,0.112768,0.070274
height,55.0,60.0,100.0,110.0,normal,0.000000,0.084922,0.052250
yaw,55.0,60.0,100.0,110.0,normal,0.000000,0.401671,0.104889
width,55.0,60.0,100.0,110.0,normal,0.000000,0.114259,0.083224
length,55.0,60.0,100.0,110.0,normal,0.000000,0.203165,0.115768
box_height,55.0,60.0,100.0,110.0,normal,0.000000,0.094437,0.062387
miss_detection,55.0,60.0,110.0,120.0,constant,1.000000,,
distal,55.0,60.0,110.0,120.0,normal,0.000000,0.126547,0.077571
perpendicular,55.0,60.0,110.0,120.0,normal,0.000000,0.112768,0.070274
height,55.0,60.0,110.0,120.0,normal,0.000000,0.084922,0.052250
yaw,55.0,60.0,110.0,120.0,normal,0.000000,0.401671,0.104889
width,55.0,60.0,110.0,120.0,normal,0.000000,0.114259,0.083224
length,55.0,60.0,110.0,120.0,normal,0.000000,0.203165,0.115768
box_height,55.0,60.0,110.0,120.0,normal,0.000000,0.094437,0.062387
miss_detection,55.0,60.0,120.0,130.0,constant,1.000000,,
distal,55.0,60.0,120.0,130.0,normal,0.000000,0.126547,0.077571
perpendicular,55.0,60.0,120.0,130.0,normal,0.000000,0.112768,0.070274
height,55.0,60.0,120.0,130.0,normal,0.000000,0.084922,0.052250
yaw,55.0,60.0,120.0,130.0,normal,0.000000,0.401671,0.104889
width,55.0,60.0,120.0,130.0,normal,0.000000,0.114259,0.083224
length,55.0,60.0,120.0,130.0,normal,0.000000,0.203165,0.115768
box_height,55.0,60.0,120.0,130.0,normal,0.000000,0.094437,0.062387
miss_detection,55.0,60.0,130.0,140.0,constant,1.000000,,
distal,55.0,60.0,130.0,140.0,normal,0.000000,0.126547,0.077571
perpendicular,55.0,60.0,130.0,140.0,normal,0.000000,0.112768,0.070274
height,55.0,60.0,130.0,140.0,normal,0.000000,0.084922,0.052250
yaw,55.0,60.0,130.0,140.0,normal,0.000000,0.401671,0.104889
width,55.0,60.0,130.0,140.0,normal,0.000000,0.114259,0.083224
length,55.0,60.0,130.0,140.0,normal,0.000000,0.203165,0.115768
box_height,55.0,60.0,130.0,140.0,normal,0.000000,0.094437,0.062387
miss_detection,55.0,60.0,140.0,150.0,constant,1.000000,,
distal,55.0,60.0,140.0,150.0,normal,0.000000,0.126547,0.077571
perpendicular,55.0,60.0,140.0,150.0,normal,0.000000,0.112768,0.070274
height,55.0,60.0,140.0,150.0,normal,0.000000,0.084922,0.052250
yaw,55.0,60.0,140.0,150.0,normal,0.000000,0.401671,0.104889
width,55.0,60.0,140.0,150.0,normal,0.000000,0.114259,0.083224
length,55.0,60.0,140.0,150.0,normal,0.000000,0.203165,0.115768
box_height,55.0,60.0,140.0,150.0,normal,0.000000,0.094437,0.062387
miss_detection,55.0,60.0,150.0,160.0,constant,1.000000,,
distal,55.0,60.0,150.0,160.0,normal,0.000000,0.126547,0.077571
perpendicular,55.0,60.0,150.0,160.0,normal,0.000000,0.112768,0.070274
height,55.0,60.0,150.0,160.0,normal,0.000000,0.084922,0.052250
yaw,55.0,60.0,150.0,160.0,normal,0.000000,0.401671,0.104889
width,55.0,60.0,150.0,160.0,normal,0.000000,0.114259,0.083224
length,55.0,60.0,150.0,160.0,normal,0.000000,0.203165,0.115768
box_height,55.0,60.0,150.0,160.0,normal,0.000000,0.094437,0.062387
miss_detection,55.0,60.0,160.0,170.0,constant,1.000000,,
distal,55.0,60.0,160.0,170.0,normal,0.000000,0.126547,0.077571
perpendicular,55.0,60.0,160.0,170.0,normal,0.000000,0.112768,0.070274
height,55.0,60.0,160.0,170.0,normal,0.000000,0.084922,0.052250
yaw,55.0,60.0,160.0,170.0,normal,0.000000,0.401671,0.104889
width,55.0,60.0,160.0,170.0,normal,0.000000,0.114259,0.083224
length,55.0,60.0,160.0,170.0,normal,0.000000,0.203165,0.115768
box_height,55.0,60.0,160.0,170.0,normal,0.000000,0.094437,0.062387
miss_detection,55.0,60.0,170.0,180.0,constant,1.000000,,
distal,55.0,60.0,170.0,180.0,normal,0.000000,0.126547,0.077571
perpendicular,55.0,60.0,170.0,180.0,normal,0.000000,0.112768,0.070274
height,55.0,60.0,170.0,180.0,normal,0.000000,0.084922,0.052250
yaw,55.0,60.0,170.0,180.0,normal,0.000000,0.401671,0.104889
width,55.0,60.0,170.0,180.0,normal,0.000000,0.114259,0.083224
length,55.0,60.0,170.0,180.0,normal,0.000000,0.203165,0.115768
box_height,55.0,60.0,170.0,180.0,normal,0.000000,0.094437,0.062387
miss_detection,60.0,65.0,-180.0,-170.0,constant,1.000000,,
distal,60.0,65.0,-180.0,-170.0,normal,0.000000,0.126547,0.077571
perpendicular,60.0,65.0,-180.0,-170.0,normal,0.000000,0.112768,0.070274
height,60.0,65.0,-180.0,-170.0,normal,0.000000,0.084922,0.052250
yaw,60.0,65.0,-180.0,-170.0,normal,0.000000,0.401671,0.104889
width,60.0,65.0,-180.0,-170.0,normal,0.000000,0.114259,0.083224
length,60.0,65.0,-180.0,-170.0,normal,0.000000,0.203165,0.115768
box_height,60.0,65.0,-180.0,-170.0,normal,0.000000,0.094437,0.062387
miss_detection,60.0,65.0,-170.0,-160.0,constant,1.000000,,
distal,60.0,65.0,-170.0,-160.0,normal,0.000000,0.126547,0.077571
perpendicular,60.0,65.0,-170.0,-160.0,normal,0.000000,0.112768,0.070274
height,60.0,65.0,-170.0,-160.0,normal,0.000000,0.084922,0.052250
yaw,60.0,65.0,-170.0,-160.0,normal,0.000000,0.401671,0.104889
width,60.0,65.0,-170.0,-160.0,normal,0.000000,0.114259,0.083224
length,60.0,65.0,-170.0,-160.0,normal,0.000000,0.203165,0.115768
box_height,60.0,65.0,-170.0,-160.0,normal,0.000000,0.094437,0.062387
miss_detection,60.0,65.0,-160.0,-150.0,constant,1.000000,,
distal,60.0,65.0,-160.0,-150.0,normal,0.000000,0.126547,0.077571
perpendicular,60.0,65.0,-160.0,-150.0,normal,0.000000,0.112768,0.070274
height,60.0,65.0,-160.0,-150.0,normal,0.000000,0.084922,0.052250
yaw,60.0,65.0,-160.0,-150.0,normal,0.000000,0.401671,0.104889
width,60.0,65.0,-160.0,-150.0,normal,0.000000,0.114259,0.083224
length,60.0,65.0,-160.0,-150.0,normal,0.000000,0.203165,0.115768
box_height,60.0,65.0,-160.0,-150.0,normal,0.000000,0.094437,0.062387
miss_detection,60.0,65.0,-150.0,-140.0,constant,1.000000,,
distal,60.0,65.0,-150.0,-140.0,normal,0.000000,0.126547,0.077571
perpendicular,60.0,65.0,-150.0,-140.0,normal,0.000000,0.112768,0.070274
height,60.0,65.0,-150.0,-140.0,normal,0.000000,0.084922,0.052250
yaw,60.0,65.0,-150.0,-140.0,normal,0.000000,0.401671,0.104889
width,60.0,65.0,-150.0,-140.0,normal,0.000000,0.114259,0.083224
length,60.0,65.0,-150.0,-140.0,normal,0.000000,0.203165,0.115768
box_height,60.0,65.0,-150.0,-140.0,normal,0.000000,0.094437,0.062387
miss_detection,60.0,65.0,-140.0,-130.0,constant,1.000000,,
distal,60.0,65.0,-140.0,-130.0,normal,0.000000,0.126547,0.077571
perpendicular,60.0,65.0,-140.0,-130.0,normal,0.000000,0.112768,0.070274
height,60.0,65.0,-140.0,-130.0,normal,0.000000,0.084922,0.052250
yaw,60.0,65.0,-140.0,-130.0,normal,0.000000,0.401671,0.104889
width,60.0,65.0,-140.0,-130.0,normal,0.000000,0.114259,0.083224
length,60.0,65.0,-140.0,-130.0,normal,0.000000,0.203165,0.115768
box_height,60.0,65.0,-140.0,-130.0,normal,0.000000,0.094437,0.062387
miss_detection,60.0,65.0,-130.0,-120.0,constant,1.000000,,
distal,60.0,65.0,-130.0,-120.0,normal,0.000000,0.126547,0.077571
perpendicular,60.0,65.0,-130.0,-120.0,normal,0.000000,0.112768,0.070274
height,60.0,65.0,-130.0,-120.0,normal,0.000000,0.084922,0.052250
yaw,60.0,65.0,-130.0,-120.0,normal,0.000000,0.401671,0.104889
width,60.0,65.0,-130.0,-120.0,normal,0.000000,0.114259,0.083224
length,60.0,65.0,-130.0,-120.0,normal,0.000000,0.203165,0.115768
box_height,60.0,65.0,-130.0,-120.0,normal,0.000000,0.094437,0.062387
miss_detection,60.0,65.0,-120.0,-110.0,constant,1.000000,,
distal,60.0,65.0,-120.0,-110.0,normal,0.000000,0.126547,0.077571
perpendicular,60.0,65.0,-120.0,-110.0,normal,0.000000,0.112768,0.070274
height,60.0,65.0,-120.0,-110.0,normal,0.000000,0.084922,0.052250
yaw,60.0,65.0,-120.0,-110.0,normal,0.000000,0.401671,0.104889
width,60.0,65.0,-120.0,-110.0,normal,0.000000,0.114259,0.083224
length,60.0,65.0,-120.0,-110.0,normal,0.000000,0.203165,0.115768
box_height,60.0,65.0,-120.0,-110.0,normal,0.000000,0.094437,0.062387
miss_detection,60.0,65.0,-110.0,-100.0,constant,1.000000,,
distal,60.0,65.0,-110.0,-100.0,normal,0.000000,0.126547,0.077571
perpendicular,60.0,65.0,-110.0,-100.0,normal,0.000000,0.112768,0.070274
height,60.0,65.0,-110.0,-100.0,normal,0.000000,0.084922,0.052250
yaw,60.0,65.0,-110.0,-100.0,normal,0.000000,0.401671,0.104889
width,60.0,65.0,-110.0,-100.0,normal,0.000000,0.114259,0.083224
length,60.0,65.0,-110.0,-100.0,normal,0.000000,0.203165,0.115768
box_height,60.0,65.0,-110.0,-100.0,normal,0.000000,0.094437,0.062387
miss_detection,60.0,65.0,-100.0,-90.0,constant,1.000000,,
distal,60.0,65.0,-100.0,-90.0,normal,0.000000,0.126547,0.077571
perpendicular,60.0,65.0,-100.0,-90.0,normal,0.000000,0.112768,0.070274
height,60.0,65.0,-100.0,-90.0,normal,0.000000,0.084922,0.052250
yaw,60.0,65.0,-100.0,-90.0,normal,0.000000,0.401671,0.104889
width,60.0,65.0,-100.0,-90.0,normal,0.000000,0.114259,0.083224
length,60.0,65.0,-100.0,-90.0,normal,0.000000,0.203165,0.115768
box_height,60.0,65.0,-100.0,-90.0,normal,0.000000,0.094437,0.062387
miss_detection,60.0,65.0,-90.0,-80.0,constant,1.000000,,
distal,60.0,65.0,-90.0,-80.0,normal,0.000000,0.126547,0.077571
perpendicular,60.0,65.0,-90.0,-80.0,normal,0.000000,0.112768,0.070274
height,60.0,65.0,-90.0,-80.0,normal,0.000000,0.084922,0.052250
yaw,60.0,65.0,-90.0,-80.0,normal,0.000000,0.401671,0.104889
width,60.0,65.0,-90.0,-80.0,normal,0.000000,0.114259,0.083224
length,60.0,65.0,-90.0,-80.0,normal,0.000000,0.203165,0.115768
box_height,60.0,65.0,-90.0,-80.0,normal,0.000000,0.094437,0.062387
miss_detection,60.0,65.0,-80.0,-70.0,constant,1.000000,,
distal,60.0,65.0,-80.0,-70.0,normal,0.000000,0.126547,0.077571
perpendicular,60.0,65.0,-80.0,-70.0,normal,0.000000,0.112768,0.070274
height,60.0,65.0,-80.0,-70.0,normal,0.000000,0.084922,0.052250
yaw,60.0,65.0,-80.0,-70.0,normal,0.000000,0.401671,0.104889
width,60.0,65.0,-80.0,-70.0,normal,0.000000,0.114259,0.083224
length,60.0,65.0,-80.0,-70.0,normal,0.000000,0.203165,0.115768
box_height,60.0,65.0,-80.0,-70.0,normal,0.000000,0.094437,0.062387
miss_detection,60.0,65.0,-70.0,-60.0,constant,1.000000,,
distal,60.0,65.0,-70.0,-60.0,normal,0.000000,0.126547,0.077571
perpendicular,60.0,65.0,-70.0,-60.0,normal,0.000000,0.112768,0.070274
height,60.0,65.0,-70.0,-60.0,normal,0.000000,0.084922,0.052250
yaw,60.0,65.0,-70.0,-60.0,normal,0.000000,0.401671,0.104889
width,60.0,65.0,-70.0,-60.0,normal,0.000000,0.114259,0.083224
length,60.0,65.0,-70.0,-60.0,normal,0.000000,0.203165,0.115768
box_height,60.0,65.0,-70.0,-60.0,normal,0.000000,0.094437,0.062387
miss_detection,60.0,65.0,-60.0,-50.0,constant,1.000000,,
distal,60.0,65.0,-60.0,-50.0,normal,0.000000,0.126547,0.077571
perpendicular,60.0,65.0,-60.0,-50.0,normal,0.000000,0.112768,0.070274
height,60.0,65.0,-60.0,-50.0,normal,0.000000,0.084922,0.052250
yaw,60.0,65.0,-60.0,-50.0,normal,0.000000,0.401671,0.104889
width,60.0,65.0,-60.0,-50.0,normal,0.000000,0.114259,0.083224
length,60.0,65.0,-60.0,-50.0,normal,0.000000,0.203165,0.115768
box_height,60.0,65.0,-60.0,-50.0,normal,0.000000,0.094437,0.062387
miss_detection,60.0,65.0,-50.0,-40.0,constant,1.000000,,
distal,60.0,65.0,-50.0,-40.0,normal,0.000000,0.126547,0.077571
perpendicular,60.0,65.0,-50.0,-40.0,normal,0.000000,0.112768,0.070274
height,60.0,65.0,-50.0,-40.0,normal,0.000000,0.084922,0.052250
yaw,60.0,65.0,-50.0,-40.0,normal,0.000000,0.401671,0.104889
width,60.0,65.0,-50.0,-40.0,normal,0.000000,0.114259,0.083224
length,60.0,65.0,-50.0,-40.0,normal,0.000000,0.203165,0.115768
box_height,60.0,65.0,-50.0,-40.0,normal,0.000000,0.094437,0.062387
miss_detection,60.0,65.0,-40.0,-30.0,constant,1.000000,,
distal,60.0,65.0,-40.0,-30.0,normal,0.000000,0.126547,0.077571
perpendicular,60.0,65.0,-40.0,-30.0,normal,0.000000,0.112768,0.070274
height,60.0,65.0,-40.0,-30.0,normal,0.000000,0.084922,0.052250
yaw,60.0,65.0,-40.0,-30.0,normal,0.000000,0.401671,0.104889
width,60.0,65.0,-40.0,-30.0,normal,0.000000,0.114259,0.083224
length,60.0,65.0,-40.0,-30.0,normal,0.000000,0.203165,0.115768
box_height,60.0,65.0,-40.0,-30.0,normal,0.000000,0.094437,0.062387
miss_detection,60.0,65.0,-30.0,-20.0,constant,0.121899,,
distal,60.0,65.0,-30.0,-20.0,normal,0.000000,0.135044,0.076171
perpendicular,60.0,65.0,-30.0,-20.0,normal,0.000000,0.101328,0.062169
height,60.0,65.0,-30.0,-20.0,normal,0.000000,0.100283,0.073073
yaw,60.0,65.0,-30.0,-20.0,normal,0.000000,0.823881,0.247261
width,60.0,65.0,-30.0,-20.0,normal,0.000000,0.113292,0.077264
length,60.0,65.0,-30.0,-20.0,normal,0.000000,0.143396,0.113505
box_height,60.0,65.0,-30.0,-20.0,normal,0.000000,0.132839,0.097458
miss_detection,60.0,65.0,-20.0,-10.0,constant,0.205446,,
distal,60.0,65.0,-20.0,-10.0,normal,0.000000,0.083593,0.065953
perpendicular,60.0,65.0,-20.0,-10.0,normal,0.000000,0.098271,0.067222
height,60.0,65.0,-20.0,-10.0,normal,0.000000,0.067280,0.047664
yaw,60.0,65.0,-20.0,-10.0,normal,0.000000,0.968238,0.329747
width,60.0,65.0,-20.0,-10.0,normal,0.000000,0.123020,0.091707
length,60.0,65.0,-20.0,-10.0,normal,0.000000,0.196693,0.129549
box_height,60.0,65.0,-20.0,-10.0,normal,0.000000,0.101442,0.074202
miss_detection,60.0,65.0,-10.0,0.0,constant,0.165480,,
distal,60.0,65.0,-10.0,0.0,normal,0.000000,0.112527,0.069076
perpendicular,60.0,65.0,-10.0,0.0,normal,0.000000,0.086763,0.064203
height,60.0,65.0,-10.0,0.0,normal,0.000000,0.096013,0.062870
yaw,60.0,65.0,-10.0,0.0,normal,0.000000,0.518598,0.121819
width,60.0,65.0,-10.0,0.0,normal,0.000000,0.132510,0.097839
length,60.0,65.0,-10.0,0.0,normal,0.000000,0.210456,0.119877
box_height,60.0,65.0,-10.0,0.0,normal,0.000000,0.133080,0.088015
miss_detection,60.0,65.0,0.0,10.0,constant,0.049451,,
distal,60.0,65.0,0.0,10.0,normal,0.000000,0.109895,0.073789
perpendicular,60.0,65.0,0.0,10.0,normal,0.000000,0.097656,0.070819
height,60.0,65.0,0.0,10.0,normal,0.000000,0.085640,0.061616
yaw,60.0,65.0,0.0,10.0,normal,0.000000,0.387947,0.094330
width,60.0,65.0,0.0,10.0,normal,0.000000,0.109084,0.082526
length,60.0,65.0,0.0,10.0,normal,0.000000,0.149363,0.102586
box_height,60.0,65.0,0.0,10.0,normal,0.000000,0.100651,0.077627
miss_detection,60.0,65.0,10.0,20.0,constant,0.123214,,
distal,60.0,65.0,10.0,20.0,normal,0.000000,0.131604,0.093923
perpendicular,60.0,65.0,10.0,20.0,normal,0.000000,0.124409,0.094788
height,60.0,65.0,10.0,20.0,normal,0.000000,0.099746,0.068453
yaw,60.0,65.0,10.0,20.0,normal,0.000000,0.323826,0.091489
width,60.0,65.0,10.0,20.0,normal,0.000000,0.134278,0.099160
length,60.0,65.0,10.0,20.0,normal,0.000000,0.198742,0.134934
box_height,60.0,65.0,10.0,20.0,normal,0.000000,0.110902,0.082196
miss_detection,60.0,65.0,20.0,30.0,constant,0.784091,,
distal,60.0,65.0,20.0,30.0,normal,0.000000,0.189614,0.120730
perpendicular,60.0,65.0,20.0,30.0,normal,0.000000,0.302518,0.164664
height,60.0,65.0,20.0,30.0,normal,0.000000,0.096140,0.062770
yaw,60.0,65.0,20.0,30.0,normal,0.000000,0.057288,0.045462
width,60.0,65.0,20.0,30.0,normal,0.000000,0.127951,0.098252
length,60.0,65.0,20.0,30.0,normal,0.000000,0.263977,0.215057
box_height,60.0,65.0,20.0,30.0,normal,0.000000,0.127597,0.084158
miss_detection,60.0,65.0,30.0,40.0,constant,1.000000,,
distal,60.0,65.0,30.0,40.0,normal,0.000000,0.126547,0.077571
perpendicular,60.0,65.0,30.0,40.0,normal,0.000000,0.112768,0.070274
height,60.0,65.0,30.0,40.0,normal,0.000000,0.084922,0.052250
yaw,60.0,65.0,30.0,40.0,normal,0.000000,0.401671,0.104889
width,60.0,65.0,30.0,40.0,normal,0.000000,0.114259,0.083224
length,60.0,65.0,30.0,40.0,normal,0.000000,0.203165,0.115768
box_height,60.0,65.0,30.0,40.0,normal,0.000000,0.094437,0.062387
miss_detection,60.0,65.0,40.0,50.0,constant,1.000000,,
distal,60.0,65.0,40.0,50.0,normal,0.000000,0.126547,0.077571
perpendicular,60.0,65.0,40.0,50.0,normal,0.000000,0.112768,0.070274
height,60.0,65.0,40.0,50.0,normal,0.000000,0.084922,0.052250
yaw,60.0,65.0,40.0,50.0,normal,0.000000,0.401671,0.104889
width,60.0,65.0,40.0,50.0,normal,0.000000,0.114259,0.083224
length,60.0,65.0,40.0,50.0,normal,0.000000,0.203165,0.115768
box_height,60.0,65.0,40.0,50.0,normal,0.000000,0.094437,0.062387
miss_detection,60.0,65.0,50.0,60.0,constant,1.000000,,
distal,60.0,65.0,50.0,60.0,normal,0.000000,0.126547,0.077571
perpendicular,60.0,65.0,50.0,60.0,normal,0.000000,0.112768,0.070274
height,60.0,65.0,50.0,60.0,normal,0.000000,0.084922,0.052250
yaw,60.0,65.0,50.0,60.0,normal,0.000000,0.401671,0.104889
width,60.0,65.0,50.0,60.0,normal,0.000000,0.114259,0.083224
length,60.0,65.0,50.0,60.0,normal,0.000000,0.203165,0.115768
box_height,60.0,65.0,50.0,60.0,normal,0.000000,0.094437,0.062387
miss_detection,60.0,65.0,60.0,70.0,constant,1.000000,,
distal,60.0,65.0,60.0,70.0,normal,0.000000,0.126547,0.077571
perpendicular,60.0,65.0,60.0,70.0,normal,0.000000,0.112768,0.070274
height,60.0,65.0,60.0,70.0,normal,0.000000,0.084922,0.052250
yaw,60.0,65.0,60.0,70.0,normal,0.000000,0.401671,0.104889
width,60.0,65.0,60.0,70.0,normal,0.000000,0.114259,0.083224
length,60.0,65.0,60.0,70.0,normal,0.000000,0.203165,0.115768
box_height,60.0,65.0,60.0,70.0,normal,0.000000,0.094437,0.062387
miss_detection,60.0,65.0,70.0,80.0,constant,1.000000,,
distal,60.0,65.0,70.0,80.0,normal,0.000000,0.126547,0.077571
perpendicular,60.0,65.0,70.0,80.0,normal,0.000000,0.112768,0.070274
height,60.0,65.0,70.0,80.0,normal,0.000000,0.084922,0.052250
yaw,60.0,65.0,70.0,80.0,normal,0.000000,0.401671,0.104889
width,60.0,65.0,70.0,80.0,normal,0.000000,0.114259,0.083224
length,60.0,65.0,70.0,80.0,normal,0.000000,0.203165,0.115768
box_height,60.0,65.0,70.0,80.0,normal,0.000000,0.094437,0.062387
miss_detection,60.0,65.0,80.0,90.0,constant,1.000000,,
distal,60.0,65.0,80.0,90.0,normal,0.000000,0.126547,0.077571
perpendicular,60.0,65.0,80.0,90.0,normal,0.000000,0.112768,0.070274
height,60.0,65.0,80.0,90.0,normal,0.000000,0.084922,0.052250
yaw,60.0,65.0,80.0,90.0,normal,0.000000,0.401671,0.104889
width,60.0,65.0,80.0,90.0,normal,0.000000,0.114259,0.083224
length,60.0,65.0,80.0,90.0,normal,0.000000,0.203165,0.115768
box_height,60.0,65.0,80.0,90.0,normal,0.000000,0.094437,0.062387
miss_detection,60.0,65.0,90.0,100.0,constant,1.000000,,
distal,60.0,65.0,90.0,100.0,normal,0.000000,0.126547,0.077571
perpendicular,60.0,65.0,90.0,100.0,normal,0.000000,0.112768,0.070274
height,60.0,65.0,90.0,100.0,normal,0.000000,0.084922,0.052250
yaw,60.0,65.0,90.0,100.0,normal,0.000000,0.401671,0.104889
width,60.0,65.0,90.0,100.0,normal,0.000000,0.114259,0.083224
length,60.0,65.0,90.0,100.0,normal,0.000000,0.203165,0.115768
box_height,60.0,65.0,90.0,100.0,normal,0.000000,0.094437,0.062387
miss_detection,60.0,65.0,100.0,110.0,constant,1.000000,,
distal,60.0,65.0,100.0,110.0,normal,0.000000,0.126547,0.077571
perpendicular,60.0,65.0,100.0,110.0,normal,0.000000,0.112768,0.070274
height,60.0,65.0,100.0,110.0,normal,0.000000,0.084922,0.052250
yaw,60.0,65.0,100.0,110.0,normal,0.000000,0.401671,0.104889
width,60.0,65.0,100.0,110.0,normal,0.000000,0.114259,0.083224
length,60.0,65.0,100.0,110.0,normal,0.000000,0.203165,0.115768
box_height,60.0,65.0,100.0,110.0,normal,0.000000,0.094437,0.062387
miss_detection,60.0,65.0,110.0,120.0,constant,1.000000,,
distal,60.0,65.0,110.0,120.0,normal,0.000000,0.126547,0.077571
perpendicular,60.0,65.0,110.0,120.0,normal,0.000000,0.112768,0.070274
height,60.0,65.0,110.0,120.0,normal,0.000000,0.084922,0.052250
yaw,60.0,65.0,110.0,120.0,normal,0.000000,0.401671,0.104889
width,60.0,65.0,110.0,120.0,normal,0.000000,0.114259,0.083224
length,60.0,65.0,110.0,120.0,normal,0.000000,0.203165,0.115768
box_height,60.0,65.0,110.0,120.0,normal,0.000000,0.094437,0.062387
miss_detection,60.0,65.0,120.0,130.0,constant,1.000000,,
distal,60.0,65.0,120.0,130.0,normal,0.000000,0.126547,0.077571
perpendicular,60.0,65.0,120.0,130.0,normal,0.000000,0.112768,0.070274
height,60.0,65.0,120.0,130.0,normal,0.000000,0.084922,0.052250
yaw,60.0,65.0,120.0,130.0,normal,0.000000,0.401671,0.104889
width,60.0,65.0,120.0,130.0,normal,0.000000,0.114259,0.083224
length,60.0,65.0,120.0,130.0,normal,0.000000,0.203165,0.115768
box_height,60.0,65.0,120.0,130.0,normal,0.000000,0.094437,0.062387
miss_detection,60.0,65.0,130.0,140.0,constant,1.000000,,
distal,60.0,65.0,130.0,140.0,normal,0.000000,0.126547,0.077571
perpendicular,60.0,65.0,130.0,140.0,normal,0.000000,0.112768,0.070274
height,60.0,65.0,130.0,140.0,normal,0.000000,0.084922,0.052250
yaw,60.0,65.0,130.0,140.0,normal,0.000000,0.401671,0.104889
width,60.0,65.0,130.0,140.0,normal,0.000000,0.114259,0.083224
length,60.0,65.0,130.0,140.0,normal,0.000000,0.203165,0.115768
box_height,60.0,65.0,130.0,140.0,normal,0.000000,0.094437,0.062387
miss_detection,60.0,65.0,140.0,150.0,constant,1.000000,,
distal,60.0,65.0,140.0,150.0,normal,0.000000,0.126547,0.077571
perpendicular,60.0,65.0,140.0,150.0,normal,0.000000,0.112768,0.070274
height,60.0,65.0,140.0,150.0,normal,0.000000,0.084922,0.052250
yaw,60.0,65.0,140.0,150.0,normal,0.000000,0.401671,0.104889
width,60.0,65.0,140.0,150.0,normal,0.000000,0.114259,0.083224
length,60.0,65.0,140.0,150.0,normal,0.000000,0.203165,0.115768
box_height,60.0,65.0,140.0,150.0,normal,0.000000,0.094437,0.062387
miss_detection,60.0,65.0,150.0,160.0,constant,1.000000,,
distal,60.0,65.0,150.0,160.0,normal,0.000000,0.126547,0.077571
perpendicular,60.0,65.0,150.0,160.0,normal,0.000000,0.112768,0.070274
height,60.0,65.0,150.0,160.0,normal,0.000000,0.084922,0.052250
yaw,60.0,65.0,150.0,160.0,normal,0.000000,0.401671,0.104889
width,60.0,65.0,150.0,160.0,normal,0.000000,0.114259,0.083224
length,60.0,65.0,150.0,160.0,normal,0.000000,0.203165,0.115768
box_height,60.0,65.0,150.0,160.0,normal,0.000000,0.094437,0.062387
miss_detection,60.0,65.0,160.0,170.0,constant,1.000000,,
distal,60.0,65.0,160.0,170.0,normal,0.000000,0.126547,0.077571
perpendicular,60.0,65.0,160.0,170.0,normal,0.000000,0.112768,0.070274
height,60.0,65.0,160.0,170.0,normal,0.000000,0.084922,0.052250
yaw,60.0,65.0,160.0,170.0,normal,0.000000,0.401671,0.104889
width,60.0,65.0,160.0,170.0,normal,0.000000,0.114259,0.083224
length,60.0,65.0,160.0,170.0,normal,0.000000,0.203165,0.115768
box_height,60.0,65.0,160.0,170.0,normal,0.000000,0.094437,0.062387
miss_detection,60.0,65.0,170.0,180.0,constant,1.000000,,
distal,60.0,65.0,170.0,180.0,normal,0.000000,0.126547,0.077571
perpendicular,60.0,65.0,170.0,180.0,normal,0.000000,0.112768,0.070274
height,60.0,65.0,170.0,180.0,normal,0.000000,0.084922,0.052250
yaw,60.0,65.0,170.0,180.0,normal,0.000000,0.401671,0.104889
width,60.0,65.0,170.0,180.0,normal,0.000000,0.114259,0.083224
length,60.0,65.0,170.0,180.0,normal,0.000000,0.203165,0.115768
box_height,60.0,65.0,170.0,180.0,normal,0.000000,0.094437,0.062387
miss_detection,65.0,70.0,-180.0,-170.0,constant,1.000000,,
distal,65.0,70.0,-180.0,-170.0,normal,0.000000,0.126547,0.077571
perpendicular,65.0,70.0,-180.0,-170.0,normal,0.000000,0.112768,0.070274
height,65.0,70.0,-180.0,-170.0,normal,0.000000,0.084922,0.052250
yaw,65.0,70.0,-180.0,-170.0,normal,0.000000,0.401671,0.104889
width,65.0,70.0,-180.0,-170.0,normal,0.000000,0.114259,0.083224
length,65.0,70.0,-180.0,-170.0,normal,0.000000,0.203165,0.115768
box_height,65.0,70.0,-180.0,-170.0,normal,0.000000,0.094437,0.062387
miss_detection,65.0,70.0,-170.0,-160.0,constant,1.000000,,
distal,65.0,70.0,-170.0,-160.0,normal,0.000000,0.126547,0.077571
perpendicular,65.0,70.0,-170.0,-160.0,normal,0.000000,0.112768,0.070274
height,65.0,70.0,-170.0,-160.0,normal,0.000000,0.084922,0.052250
yaw,65.0,70.0,-170.0,-160.0,normal,0.000000,0.401671,0.104889
width,65.0,70.0,-170.0,-160.0,normal,0.000000,0.114259,0.083224
length,65.0,70.0,-170.0,-160.0,normal,0.000000,0.203165,0.115768
box_height,65.0,70.0,-170.0,-160.0,normal,0.000000,0.094437,0.062387
miss_detection,65.0,70.0,-160.0,-150.0,constant,1.000000,,
distal,65.0,70.0,-160.0,-150.0,normal,0.000000,0.126547,0.077571
perpendicular,65.0,70.0,-160.0,-150.0,normal,0.000000,0.112768,0.070274
height,65.0,70.0,-160.0,-150.0,normal,0.000000,0.084922,0.052250
yaw,65.0,70.0,-160.0,-150.0,normal,0.000000,0.401671,0.104889
width,65.0,70.0,-160.0,-150.0,normal,0.000000,0.114259,0.083224
length,65.0,70.0,-160.0,-150.0,normal,0.000000,0.203165,0.115768
box_height,65.0,70.0,-160.0,-150.0,normal,0.000000,0.094437,0.062387
miss_detection,65.0,70.0,-150.0,-140.0,constant,1.000000,,
distal,65.0,70.0,-150.0,-140.0,normal,0.000000,0.126547,0.077571
perpendicular,65.0,70.0,-150.0,-140.0,normal,0.000000,0.112768,0.070274
height,65.0,70.0,-150.0,-140.0,normal,0.000000,0.084922,0.052250
yaw,65.0,70.0,-150.0,-140.0,normal,0.000000,0.401671,0.104889
width,65.0,70.0,-150.0,-140.0,normal,0.000000,0.114259,0.083224
length,65.0,70.0,-150.0,-140.0,normal,0.000000,0.203165,0.115768
box_height,65.0,70.0,-150.0,-140.0,normal,0.000000,0.094437,0.062387
miss_detection,65.0,70.0,-140.0,-130.0,constant,1.000000,,
distal,65.0,70.0,-140.0,-130.0,normal,0.000000,0.126547,0.077571
perpendicular,65.0,70.0,-140.0,-130.0,normal,0.000000,0.112768,0.070274
height,65.0,70.0,-140.0,-130.0,normal,0.000000,0.084922,0.052250
yaw,65.0,70.0,-140.0,-130.0,normal,0.000000,0.401671,0.104889
width,65.0,70.0,-140.0,-130.0,normal,0.000000,0.114259,0.083224
length,65.0,70.0,-140.0,-130.0,normal,0.000000,0.203165,0.115768
box_height,65.0,70.0,-140.0,-130.0,normal,0.000000,0.094437,0.062387
miss_detection,65.0,70.0,-130.0,-120.0,constant,1.000000,,
distal,65.0,70.0,-130.0,-120.0,normal,0.000000,0.126547,0.077571
perpendicular,65.0,70.0,-130.0,-120.0,normal,0.000000,0.112768,0.070274
height,65.0,70.0,-130.0,-120.0,normal,0.000000,0.084922,0.052250
yaw,65.0,70.0,-130.0,-120.0,normal,0.000000,0.401671,0.104889
width,65.0,70.0,-130.0,-120.0,normal,0.000000,0.114259,0.083224
length,65.0,70.0,-130.0,-120.0,normal,0.000000,0.203165,0.115768
box_height,65.0,70.0,-130.0,-120.0,normal,0.000000,0.094437,0.062387
miss_detection,65.0,70.0,-120.0,-110.0,constant,1.000000,,
distal,65.0,70.0,-120.0,-110.0,normal,0.000000,0.126547,0.077571
perpendicular,65.0,70.0,-120.0,-110.0,normal,0.000000,0.112768,0.070274
height,65.0,70.0,-120.0,-110.0,normal,0.000000,0.084922,0.052250
yaw,65.0,70.0,-120.0,-110.0,normal,0.000000,0.401671,0.104889
width,65.0,70.0,-120.0,-110.0,normal,0.000000,0.114259,0.083224
length,65.0,70.0,-120.0,-110.0,normal,0.000000,0.203165,0.115768
box_height,65.0,70.0,-120.0,-110.0,normal,0.000000,0.094437,0.062387
miss_detection,65.0,70.0,-110.0,-100.0,constant,1.000000,,
distal,65.0,70.0,-110.0,-100.0,normal,0.000000,0.126547,0.077571
perpendicular,65.0,70.0,-110.0,-100.0,normal,0.000000,0.112768,0.070274
height,65.0,70.0,-110.0,-100.0,normal,0.000000,0.084922,0.052250
yaw,65.0,70.0,-110.0,-100.0,normal,0.000000,0.401671,0.104889
width,65.0,70.0,-110.0,-100.0,normal,0.000000,0.114259,0.083224
length,65.0,70.0,-110.0,-100.0,normal,0.000000,0.203165,0.115768
box_height,65.0,70.0,-110.0,-100.0,normal,0.000000,0.094437,0.062387
miss_detection,65.0,70.0,-100.0,-90.0,constant,1.000000,,
distal,65.0,70.0,-100.0,-90.0,normal,0.000000,0.126547,0.077571
perpendicular,65.0,70.0,-100.0,-90.0,normal,0.000000,0.112768,0.070274
height,65.0,70.0,-100.0,-90.0,normal,0.000000,0.084922,0.052250
yaw,65.0,70.0,-100.0,-90.0,normal,0.000000,0.401671,0.104889
width,65.0,70.0,-100.0,-90.0,normal,0.000000,0.114259,0.083224
length,65.0,70.0,-100.0,-90.0,normal,0.000000,0.203165,0.115768
box_height,65.0,70.0,-100.0,-90.0,normal,0.000000,0.094437,0.062387
miss_detection,65.0,70.0,-90.0,-80.0,constant,1.000000,,
distal,65.0,70.0,-90.0,-80.0,normal,0.000000,0.126547,0.077571
perpendicular,65.0,70.0,-90.0,-80.0,normal,0.000000,0.112768,0.070274
height,65.0,70.0,-90.0,-80.0,normal,0.000000,0.084922,0.052250
yaw,65.0,70.0,-90.0,-80.0,normal,0.000000,0.401671,0.104889
width,65.0,70.0,-90.0,-80.0,normal,0.000000,0.114259,0.083224
length,65.0,70.0,-90.0,-80.0,normal,0.000000,0.203165,0.115768
box_height,65.0,70.0,-90.0,-80.0,normal,0.000000,0.094437,0.062387
miss_detection,65.0,70.0,-80.0,-70.0,constant,1.000000,,
distal,65.0,70.0,-80.0,-70.0,normal,0.000000,0.126547,0.077571
perpendicular,65.0,70.0,-80.0,-70.0,normal,0.000000,0.112768,0.070274
height,65.0,70.0,-80.0,-70.0,normal,0.000000,0.084922,0.052250
yaw,65.0,70.0,-80.0,-70.0,normal,0.000000,0.401671,0.104889
width,65.0,70.0,-80.0,-70.0,normal,0.000000,0.114259,0.083224
length,65.0,70.0,-80.0,-70.0,normal,0.000000,0.203165,0.115768
box_height,65.0,70.0,-80.0,-70.0,normal,0.000000,0.094437,0.062387
miss_detection,65.0,70.0,-70.0,-60.0,constant,1.000000,,
distal,65.0,70.0,-70.0,-60.0,normal,0.000000,0.126547,0.077571
perpendicular,65.0,70.0,-70.0,-60.0,normal,0.000000,0.112768,0.070274
height,65.0,70.0,-70.0,-60.0,normal,0.000000,0.084922,0.052250
yaw,65.0,70.0,-70.0,-60.0,normal,0.000000,0.401671,0.104889
width,65.0,70.0,-70.0,-60.0,normal,0.000000,0.114259,0.083224
length,65.0,70.0,-70.0,-60.0,normal,0.000000,0.203165,0.115768
box_height,65.0,70.0,-70.0,-60.0,normal,0.000000,0.094437,0.062387
miss_detection,65.0,70.0,-60.0,-50.0,constant,1.000000,,
distal,65.0,70.0,-60.0,-50.0,normal,0.000000,0.126547,0.077571
perpendicular,65.0,70.0,-60.0,-50.0,normal,0.000000,0.112768,0.070274
height,65.0,70.0,-60.0,-50.0,normal,0.000000,0.084922,0.052250
yaw,65.0,70.0,-60.0,-50.0,normal,0.000000,0.401671,0.104889
width,65.0,70.0,-60.0,-50.0,normal,0.000000,0.114259,0.083224
length,65.0,70.0,-60.0,-50.0,normal,0.000000,0.203165,0.115768
box_height,65.0,70.0,-60.0,-50.0,normal,0.000000,0.094437,0.062387
miss_detection,65.0,70.0,-50.0,-40.0,constant,1.000000,,
distal,65.0,70.0,-50.0,-40.0,normal,0.000000,0.126547,0.077571
perpendicular,65.0,70.0,-50.0,-40.0,normal,0.000000,0.112768,0.070274
height,65.0,70.0,-50.0,-40.0,normal,0.000000,0.084922,0.052250
yaw,65.0,70.0,-50.0,-40.0,normal,0.000000,0.401671,0.104889
width,65.0,70.0,-50.0,-40.0,normal,0.000000,0.114259,0.083224
length,65.0,70.0,-50.0,-40.0,normal,0.000000,0.203165,0.115768
box_height,65.0,70.0,-50.0,-40.0,normal,0.000000,0.094437,0.062387
miss_detection,65.0,70.0,-40.0,-30.0,constant,1.000000,,
distal,65.0,70.0,-40.0,-30.0,normal,0.000000,0.126547,0.077571
perpendicular,65.0,70.0,-40.0,-30.0,normal,0.000000,0.112768,0.070274
height,65.0,70.0,-40.0,-30.0,normal,0.000000,0.084922,0.052250
yaw,65.0,70.0,-40.0,-30.0,normal,0.000000,0.401671,0.104889
width,65.0,70.0,-40.0,-30.0,normal,0.000000,0.114259,0.083224
length,65.0,70.0,-40.0,-30.0,normal,0.000000,0.203165,0.115768
box_height,65.0,70.0,-40.0,-30.0,normal,0.000000,0.094437,0.062387
miss_detection,65.0,70.0,-30.0,-20.0,constant,0.046272,,
distal,65.0,70.0,-30.0,-20.0,normal,0.000000,0.143362,0.088280
perpendicular,65.0,70.0,-30.0,-20.0,normal,0.000000,0.222797,0.090031
height,65.0,70.0,-30.0,-20.0,normal,0.000000,0.082312,0.057446
yaw,65.0,70.0,-30.0,-20.0,normal,0.000000,1.097318,0.424036
width,65.0,70.0,-30.0,-20.0,normal,0.000000,0.122930,0.087964
length,65.0,70.0,-30.0,-20.0,normal,0.000000,0.177330,0.096208
box_height,65.0,70.0,-30.0,-20.0,normal,0.000000,0.091812,0.066658
miss_detection,65.0,70.0,-20.0,-10.0,constant,0.022654,,
distal,65.0,70.0,-20.0,-10.0,normal,0.000000,0.093828,0.067284
perpendicular,65.0,70.0,-20.0,-10.0,normal,0.000000,0.216191,0.131534
height,65.0,70.0,-20.0,-10.0,normal,0.000000,0.082346,0.064715
yaw,65.0,70.0,-20.0,-10.0,normal,0.000000,1.368537,0.731354
width,65.0,70.0,-20.0,-10.0,normal,0.000000,0.091425,0.068705
length,65.0,70.0,-20.0,-10.0,normal,0.000000,0.155223,0.114935
box_height,65.0,70.0,-20.0,-10.0,normal,0.000000,0.113499,0.084509
miss_detection,65.0,70.0,-10.0,0.0,constant,0.200730,,
distal,65.0,70.0,-10.0,0.0,normal,0.000000,0.118071,0.075843
perpendicular,65.0,70.0,-10.0,0.0,normal,0.000000,0.134696,0.078620
height,65.0,70.0,-10.0,0.0,normal,0.000000,0.089943,0.063400
yaw,65.0,70.0,-10.0,0.0,normal,0.000000,0.308202,0.068905
width,65.0,70.0,-10.0,0.0,normal,0.000000,0.144562,0.102451
length,65.0,70.0,-10.0,0.0,normal,0.000000,0.153040,0.105343
box_height,65.0,70.0,-10.0,0.0,normal,0.000000,0.093945,0.069337
miss_detection,65.0,70.0,0.0,10.0,constant,0.044081,,
distal,65.0,70.0,0.0,10.0,normal,0.000000,0.167960,0.089333
perpendicular,65.0,70.0,0.0,10.0,normal,0.000000,0.124481,0.085600
height,65.0,70.0,0.0,10.0,normal,0.000000,0.092325,0.064406
yaw,65.0,70.0,0.0,10.0,normal,0.000000,0.286993,0.082973
width,65.0,70.0,0.0,10.0,normal,0.000000,0.112219,0.082598
length,65.0,70.0,0.0,10.0,normal,0.000000,0.242374,0.118407
box_height,65.0,70.0,0.0,10.0,normal,0.000000,0.109785,0.077437
miss_detection,65.0,70.0,10.0,20.0,constant,0.021179,,
distal,65.0,70.0,10.0,20.0,normal,0.000000,0.101312,0.073281
perpendicular,65.0,70.0,10.0,20.0,normal,0.000000,0.097873,0.066956
height,65.0,70.0,10.0,20.0,normal,0.000000,0.071228,0.052233
yaw,65.0,70.0,10.0,20.0,normal,0.000000,0.111885,0.042456
width,65.0,70.0,10.0,20.0,normal,0.000000,0.140794,0.110452
length,65.0,70.0,10.0,20.0,normal,0.000000,0.155224,0.112616
box_height,65.0,70.0,10.0,20.0,normal,0.000000,0.115675,0.079537
miss_detection,65.0,70.0,20.0,30.0,constant,0.549020,,
distal,65.0,70.0,20.0,30.0,normal,0.000000,0.192484,0.152146
perpendicular,65.0,70.0,20.0,30.0,normal,0.000000,0.167605,0.126465
height,65.0,70.0,20.0,30.0,normal,0.000000,0.124198,0.102839
yaw,65.0,70.0,20.0,30.0,normal,0.000000,0.810914,0.300015
width,65.0,70.0,20.0,30.0,normal,0.000000,0.087012,0.072869
length,65.0,70.0,20.0,30.0,normal,0.000000,0.307263,0.244501
box_height,65.0,70.0,20.0,30.0,normal,0.000000,0.139302,0.106319
miss_detection,65.0,70.0,30.0,40.0,constant,1.000000,,
distal,65.0,70.0,30.0,40.0,normal,0.000000,0.126547,0.077571
perpendicular,65.0,70.0,30.0,40.0,normal,0.000000,0.112768,0.070274
height,65.0,70.0,30.0,40.0,normal,0.000000,0.084922,0.052250
yaw,65.0,70.0,30.0,40.0,normal,0.000000,0.401671,0.104889
width,65.0,70.0,30.0,40.0,normal,0.000000,0.114259,0.083224
length,65.0,70.0,30.0,40.0,normal,0.000000,0.203165,0.115768
box_height,65.0,70.0,30.0,40.0,normal,0.000000,0.094437,0.062387
miss_detection,65.0,70.0,40.0,50.0,constant,1.000000,,
distal,65.0,70.0,40.0,50.0,normal,0.000000,0.126547,0.077571
perpendicular,65.0,70.0,40.0,50.0,normal,0.000000,0.112768,0.070274
height,65.0,70.0,40.0,50.0,normal,0.000000,0.084922,0.052250
yaw,65.0,70.0,40.0,50.0,normal,0.000000,0.401671,0.104889
width,65.0,70.0,40.0,50.0,normal,0.000000,0.114259,0.083224
length,65.0,70.0,40.0,50.0,normal,0.000000,0.203165,0.115768
box_height,65.0,70.0,40.0,50.0,normal,0.000000,0.094437,0.062387
miss_detection,65.0,70.0,50.0,60.0,constant,1.000000,,
distal,65.0,70.0,50.0,60.0,normal,0.000000,0.126547,0.077571
perpendicular,65.0,70.0,50.0,60.0,normal,0.000000,0.112768,0.070274
height,65.0,70.0,50.0,60.0,normal,0.000000,0.084922,0.052250
yaw,65.0,70.0,50.0,60.0,normal,0.000000,0.401671,0.104889
width,65.0,70.0,50.0,60.0,normal,0.000000,0.114259,0.083224
length,65.0,70.0,50.0,60.0,normal,0.000000,0.203165,0.115768
box_height,65.0,70.0,50.0,60.0,normal,0.000000,0.094437,0.062387
miss_detection,65.0,70.0,60.0,70.0,constant,1.000000,,
distal,65.0,70.0,60.0,70.0,normal,0.000000,0.126547,0.077571
perpendicular,65.0,70.0,60.0,70.0,normal,0.000000,0.112768,0.070274
height,65.0,70.0,60.0,70.0,normal,0.000000,0.084922,0.052250
yaw,65.0,70.0,60.0,70.0,normal,0.000000,0.401671,0.104889
width,65.0,70.0,60.0,70.0,normal,0.000000,0.114259,0.083224
length,65.0,70.0,60.0,70.0,normal,0.000000,0.203165,0.115768
box_height,65.0,70.0,60.0,70.0,normal,0.000000,0.094437,0.062387
miss_detection,65.0,70.0,70.0,80.0,constant,1.000000,,
distal,65.0,70.0,70.0,80.0,normal,0.000000,0.126547,0.077571
perpendicular,65.0,70.0,70.0,80.0,normal,0.000000,0.112768,0.070274
height,65.0,70.0,70.0,80.0,normal,0.000000,0.084922,0.052250
yaw,65.0,70.0,70.0,80.0,normal,0.000000,0.401671,0.104889
width,65.0,70.0,70.0,80.0,normal,0.000000,0.114259,0.083224
length,65.0,70.0,70.0,80.0,normal,0.000000,0.203165,0.115768
box_height,65.0,70.0,70.0,80.0,normal,0.000000,0.094437,0.062387
miss_detection,65.0,70.0,80.0,90.0,constant,1.000000,,
distal,65.0,70.0,80.0,90.0,normal,0.000000,0.126547,0.077571
perpendicular,65.0,70.0,80.0,90.0,normal,0.000000,0.112768,0.070274
height,65.0,70.0,80.0,90.0,normal,0.000000,0.084922,0.052250
yaw,65.0,70.0,80.0,90.0,normal,0.000000,0.401671,0.104889
width,65.0,70.0,80.0,90.0,normal,0.000000,0.114259,0.083224
length,65.0,70.0,80.0,90.0,normal,0.000000,0.203165,0.115768
box_height,65.0,70.0,80.0,90.0,normal,0.000000,0.094437,0.062387
miss_detection,65.0,70.0,90.0,100.0,constant,1.000000,,
distal,65.0,70.0,90.0,100.0,normal,0.000000,0.126547,0.077571
perpendicular,65.0,70.0,90.0,100.0,normal,0.000000,0.112768,0.070274
height,65.0,70.0,90.0,100.0,normal,0.000000,0.084922,0.052250
yaw,65.0,70.0,90.0,100.0,normal,0.000000,0.401671,0.104889
width,65.0,70.0,90.0,100.0,normal,0.000000,0.114259,0.083224
length,65.0,70.0,90.0,100.0,normal,0.000000,0.203165,0.115768
box_height,65.0,70.0,90.0,100.0,normal,0.000000,0.094437,0.062387
miss_detection,65.0,70.0,100.0,110.0,constant,1.000000,,
distal,65.0,70.0,100.0,110.0,normal,0.000000,0.126547,0.077571
perpendicular,65.0,70.0,100.0,110.0,normal,0.000000,0.112768,0.070274
height,65.0,70.0,100.0,110.0,normal,0.000000,0.084922,0.052250
yaw,65.0,70.0,100.0,110.0,normal,0.000000,0.401671,0.104889
width,65.0,70.0,100.0,110.0,normal,0.000000,0.114259,0.083224
length,65.0,70.0,100.0,110.0,normal,0.000000,0.203165,0.115768
box_height,65.0,70.0,100.0,110.0,normal,0.000000,0.094437,0.062387
miss_detection,65.0,70.0,110.0,120.0,constant,1.000000,,
distal,65.0,70.0,110.0,120.0,normal,0.000000,0.126547,0.077571
perpendicular,65.0,70.0,110.0,120.0,normal,0.000000,0.112768,0.070274
height,65.0,70.0,110.0,120.0,normal,0.000000,0.084922,0.052250
yaw,65.0,70.0,110.0,120.0,normal,0.000000,0.401671,0.104889
width,65.0,70.0,110.0,120.0,normal,0.000000,0.114259,0.083224
length,65.0,70.0,110.0,120.0,normal,0.000000,0.203165,0.115768
box_height,65.0,70.0,110.0,120.0,normal,0.000000,0.094437,0.062387
miss_detection,65.0,70.0,120.0,130.0,constant,1.000000,,
distal,65.0,70.0,120.0,130.0,normal,0.000000,0.126547,0.077571
perpendicular,65.0,70.0,120.0,130.0,normal,0.000000,0.112768,0.070274
height,65.0,70.0,120.0,130.0,normal,0.000000,0.084922,0.052250
yaw,65.0,70.0,120.0,130.0,normal,0.000000,0.401671,0.104889
width,65.0,70.0,120.0,130.0,normal,0.000000,0.114259,0.083224
length,65.0,70.0,120.0,130.0,normal,0.000000,0.203165,0.115768
box_height,65.0,70.0,120.0,130.0,normal,0.000000,0.094437,0.062387
miss_detection,65.0,70.0,130.0,140.0,constant,1.000000,,
distal,65.0,70.0,130.0,140.0,normal,0.000000,0.126547,0.077571
perpendicular,65.0,70.0,130.0,140.0,normal,0.000000,0.112768,0.070274
height,65.0,70.0,130.0,140.0,normal,0.000000,0.084922,0.052250
yaw,65.0,70.0,130.0,140.0,normal,0.000000,0.401671,0.104889
width,65.0,70.0,130.0,140.0,normal,0.000000,0.114259,0.083224
length,65.0,70.0,130.0,140.0,normal,0.000000,0.203165,0.115768
box_height,65.0,70.0,130.0,140.0,normal,0.000000,0.094437,0.062387
miss_detection,65.0,70.0,140.0,150.0,constant,1.000000,,
distal,65.0,70.0,140.0,150.0,normal,0.000000,0.126547,0.077571
perpendicular,65.0,70.0,140.0,150.0,normal,0.000000,0.112768,0.070274
height,65.0,70.0,140.0,150.0,normal,0.000000,0.084922,0.052250
yaw,65.0,70.0,140.0,150.0,normal,0.000000,0.401671,0.104889
width,65.0,70.0,140.0,150.0,normal,0.000000,0.114259,0.083224
length,65.0,70.0,140.0,150.0,normal,0.000000,0.203165,0.115768
box_height,65.0,70.0,140.0,150.0,normal,0.000000,0.094437,0.062387
miss_detection,65.0,70.0,150.0,160.0,constant,1.000000,,
distal,65.0,70.0,150.0,160.0,normal,0.000000,0.126547,0.077571
perpendicular,65.0,70.0,150.0,160.0,normal,0.000000,0.112768,0.070274
height,65.0,70.0,150.0,160.0,normal,0.000000,0.084922,0.052250
yaw,65.0,70.0,150.0,160.0,normal,0.000000,0.401671,0.104889
width,65.0,70.0,150.0,160.0,normal,0.000000,0.114259,0.083224
length,65.0,70.0,150.0,160.0,normal,0.000000,0.203165,0.115768
box_height,65.0,70.0,150.0,160.0,normal,0.000000,0.094437,0.062387
miss_detection,65.0,70.0,160.0,170.0,constant,1.000000,,
distal,65.0,70.0,160.0,170.0,normal,0.000000,0.126547,0.077571
perpendicular,65.0,70.0,160.0,170.0,normal,0.000000,0.112768,0.070274
height,65.0,70.0,160.0,170.0,normal,0.000000,0.084922,0.052250
yaw,65.0,70.0,160.0,170.0,normal,0.000000,0.401671,0.104889
width,65.0,70.0,160.0,170.0,normal,0.000000,0.114259,0.083224
length,65.0,70.0,160.0,170.0,normal,0.000000,0.203165,0.115768
box_height,65.0,70.0,160.0,170.0,normal,0.000000,0.094437,0.062387
miss_detection,65.0,70.0,170.0,180.0,constant,1.000000,,
distal,65.0,70.0,170.0,180.0,normal,0.000000,0.126547,0.077571
perpendicular,65.0,70.0,170.0,180.0,normal,0.000000,0.112768,0.070274
height,65.0,70.0,170.0,180.0,normal,0.000000,0.084922,0.052250
yaw,65.0,70.0,170.0,180.0,normal,0.000000,0.401671,0.104889
width,65.0,70.0,170.0,180.0,normal,0.000000,0.114259,0.083224
length,65.0,70.0,170.0,180.0,normal,0.000000,0.203165,0.115768
box_height,65.0,70.0,170.0,180.0,normal,0.000000,0.094437,0.062387
miss_detection,70.0,75.0,-180.0,-170.0,constant,1.000000,,
distal,70.0,75.0,-180.0,-170.0,normal,0.000000,0.126547,0.077571
perpendicular,70.0,75.0,-180.0,-170.0,normal,0.000000,0.112768,0.070274
height,70.0,75.0,-180.0,-170.0,normal,0.000000,0.084922,0.052250
yaw,70.0,75.0,-180.0,-170.0,normal,0.000000,0.401671,0.104889
width,70.0,75.0,-180.0,-170.0,normal,0.000000,0.114259,0.083224
length,70.0,75.0,-180.0,-170.0,normal,0.000000,0.203165,0.115768
box_height,70.0,75.0,-180.0,-170.0,normal,0.000000,0.094437,0.062387
miss_detection,70.0,75.0,-170.0,-160.0,constant,1.000000,,
distal,70.0,75.0,-170.0,-160.0,normal,0.000000,0.126547,0.077571
perpendicular,70.0,75.0,-170.0,-160.0,normal,0.000000,0.112768,0.070274
height,70.0,75.0,-170.0,-160.0,normal,0.000000,0.084922,0.052250
yaw,70.0,75.0,-170.0,-160.0,normal,0.000000,0.401671,0.104889
width,70.0,75.0,-170.0,-160.0,normal,0.000000,0.114259,0.083224
length,70.0,75.0,-170.0,-160.0,normal,0.000000,0.203165,0.115768
box_height,70.0,75.0,-170.0,-160.0,normal,0.000000,0.094437,0.062387
miss_detection,70.0,75.0,-160.0,-150.0,constant,1.000000,,
distal,70.0,75.0,-160.0,-150.0,normal,0.000000,0.126547,0.077571
perpendicular,70.0,75.0,-160.0,-150.0,normal,0.000000,0.112768,0.070274
height,70.0,75.0,-160.0,-150.0,normal,0.000000,0.084922,0.052250
yaw,70.0,75.0,-160.0,-150.0,normal,0.000000,0.401671,0.104889
width,70.0,75.0,-160.0,-150.0,normal,0.000000,0.114259,0.083224
length,70.0,75.0,-160.0,-150.0,normal,0.000000,0.203165,0.115768
box_height,70.0,75.0,-160.0,-150.0,normal,0.000000,0.094437,0.062387
miss_detection,70.0,75.0,-150.0,-140.0,constant,1.000000,,
distal,70.0,75.0,-150.0,-140.0,normal,0.000000,0.126547,0.077571
perpendicular,70.0,75.0,-150.0,-140.0,normal,0.000000,0.112768,0.070274
height,70.0,75.0,-150.0,-140.0,normal,0.000000,0.084922,0.052250
yaw,70.0,75.0,-150.0,-140.0,normal,0.000000,0.401671,0.104889
width,70.0,75.0,-150.0,-140.0,normal,0.000000,0.114259,0.083224
length,70.0,75.0,-150.0,-140.0,normal,0.000000,0.203165,0.115768
box_height,70.0,75.0,-150.0,-140.0,normal,0.000000,0.094437,0.062387
miss_detection,70.0,75.0,-140.0,-130.0,constant,1.000000,,
distal,70.0,75.0,-140.0,-130.0,normal,0.000000,0.126547,0.077571
perpendicular,70.0,75.0,-140.0,-130.0,normal,0.000000,0.112768,0.070274
height,70.0,75.0,-140.0,-130.0,normal,0.000000,0.084922,0.052250
yaw,70.0,75.0,-140.0,-130.0,normal,0.000000,0.401671,0.104889
width,70.0,75.0,-140.0,-130.0,normal,0.000000,0.114259,0.083224
length,70.0,75.0,-140.0,-130.0,normal,0.000000,0.203165,0.115768
box_height,70.0,75.0,-140.0,-130.0,normal,0.000000,0.094437,0.062387
miss_detection,70.0,75.0,-130.0,-120.0,constant,1.000000,,
distal,70.0,75.0,-130.0,-120.0,normal,0.000000,0.126547,0.077571
perpendicular,70.0,75.0,-130.0,-120.0,normal,0.000000,0.112768,0.070274
height,70.0,75.0,-130.0,-120.0,normal,0.000000,0.084922,0.052250
yaw,70.0,75.0,-130.0,-120.0,normal,0.000000,0.401671,0.104889
width,70.0,75.0,-130.0,-120.0,normal,0.000000,0.114259,0.083224
length,70.0,75.0,-130.0,-120.0,normal,0.000000,0.203165,0.115768
box_height,70.0,75.0,-130.0,-120.0,normal,0.000000,0.094437,0.062387
miss_detection,70.0,75.0,-120.0,-110.0,constant,1.000000,,
distal,70.0,75.0,-120.0,-110.0,normal,0.000000,0.126547,0.077571
perpendicular,70.0,75.0,-120.0,-110.0,normal,0.000000,0.112768,0.070274
height,70.0,75.0,-120.0,-110.0,normal,0.000000,0.084922,0.052250
yaw,70.0,75.0,-120.0,-110.0,normal,0.000000,0.401671,0.104889
width,70.0,75.0,-120.0,-110.0,normal,0.000000,0.114259,0.083224
length,70.0,75.0,-120.0,-110.0,normal,0.000000,0.203165,0.115768
box_height,70.0,75.0,-120.0,-110.0,normal,0.000000,0.094437,0.062387
miss_detection,70.0,75.0,-110.0,-100.0,constant,1.000000,,
distal,70.0,75.0,-110.0,-100.0,normal,0.000000,0.126547,0.077571
perpendicular,70.0,75.0,-110.0,-100.0,normal,0.000000,0.112768,0.070274
height,70.0,75.0,-110.0,-100.0,normal,0.000000,0.084922,0.052250
yaw,70.0,75.0,-110.0,-100.0,normal,0.000000,0.401671,0.104889
width,70.0,75.0,-110.0,-100.0,normal,0.000000,0.114259,0.083224
length,70.0,75.0,-110.0,-100.0,normal,0.000000,0.203165,0.115768
box_height,70.0,75.0,-110.0,-100.0,normal,0.000000,0.094437,0.062387
miss_detection,70.0,75.0,-100.0,-90.0,constant,1.000000,,
distal,70.0,75.0,-100.0,-90.0,normal,0.000000,0.126547,0.077571
perpendicular,70.0,75.0,-100.0,-90.0,normal,0.000000,0.112768,0.070274
height,70.0,75.0,-100.0,-90.0,normal,0.000000,0.084922,0.052250
yaw,70.0,75.0,-100.0,-90.0,normal,0.000000,0.401671,0.104889
width,70.0,75.0,-100.0,-90.0,normal,0.000000,0.114259,0.083224
length,70.0,75.0,-100.0,-90.0,normal,0.000000,0.203165,0.115768
box_height,70.0,75.0,-100.0,-90.0,normal,0.000000,0.094437,0.062387
miss_detection,70.0,75.0,-90.0,-80.0,constant,1.000000,,
distal,70.0,75.0,-90.0,-80.0,normal,0.000000,0.126547,0.077571
perpendicular,70.0,75.0,-90.0,-80.0,normal,0.000000,0.112768,0.070274
height,70.0,75.0,-90.0,-80.0,normal,0.000000,0.084922,0.052250
yaw,70.0,75.0,-90.0,-80.0,normal,0.000000,0.401671,0.104889
width,70.0,75.0,-90.0,-80.0,normal,0.000000,0.114259,0.083224
length,70.0,75.0,-90.0,-80.0,normal,0.000000,0.203165,0.115768
box_height,70.0,75.0,-90.0,-80.0,normal,0.000000,0.094437,0.062387
miss_detection,70.0,75.0,-80.0,-70.0,constant,1.000000,,
distal,70.0,75.0,-80.0,-70.0,normal,0.000000,0.126547,0.077571
perpendicular,70.0,75.0,-80.0,-70.0,normal,0.000000,0.112768,0.070274
height,70.0,75.0,-80.0,-70.0,normal,0.000000,0.084922,0.052250
yaw,70.0,75.0,-80.0,-70.0,normal,0.000000,0.401671,0.104889
width,70.0,75.0,-80.0,-70.0,normal,0.000000,0.114259,0.083224
length,70.0,75.0,-80.0,-70.0,normal,0.000000,0.203165,0.115768
box_height,70.0,75.0,-80.0,-70.0,normal,0.000000,0.094437,0.062387
miss_detection,70.0,75.0,-70.0,-60.0,constant,1.000000,,
distal,70.0,75.0,-70.0,-60.0,normal,0.000000,0.126547,0.077571
perpendicular,70.0,75.0,-70.0,-60.0,normal,0.000000,0.112768,0.070274
height,70.0,75.0,-70.0,-60.0,normal,0.000000,0.084922,0.052250
yaw,70.0,75.0,-70.0,-60.0,normal,0.000000,0.401671,0.104889
width,70.0,75.0,-70.0,-60.0,normal,0.000000,0.114259,0.083224
length,70.0,75.0,-70.0,-60.0,normal,0.000000,0.203165,0.115768
box_height,70.0,75.0,-70.0,-60.0,normal,0.000000,0.094437,0.062387
miss_detection,70.0,75.0,-60.0,-50.0,constant,1.000000,,
distal,70.0,75.0,-60.0,-50.0,normal,0.000000,0.126547,0.077571
perpendicular,70.0,75.0,-60.0,-50.0,normal,0.000000,0.112768,0.070274
height,70.0,75.0,-60.0,-50.0,normal,0.000000,0.084922,0.052250
yaw,70.0,75.0,-60.0,-50.0,normal,0.000000,0.401671,0.104889
width,70.0,75.0,-60.0,-50.0,normal,0.000000,0.114259,0.083224
length,70.0,75.0,-60.0,-50.0,normal,0.000000,0.203165,0.115768
box_height,70.0,75.0,-60.0,-50.0,normal,0.000000,0.094437,0.062387
miss_detection,70.0,75.0,-50.0,-40.0,constant,1.000000,,
distal,70.0,75.0,-50.0,-40.0,normal,0.000000,0.126547,0.077571
perpendicular,70.0,75.0,-50.0,-40.0,normal,0.000000,0.112768,0.070274
height,70.0,75.0,-50.0,-40.0,normal,0.000000,0.084922,0.052250
yaw,70.0,75.0,-50.0,-40.0,normal,0.000000,0.401671,0.104889
width,70.0,75.0,-50.0,-40.0,normal,0.000000,0.114259,0.083224
length,70.0,75.0,-50.0,-40.0,normal,0.000000,0.203165,0.115768
box_height,70.0,75.0,-50.0,-40.0,normal,0.000000,0.094437,0.062387
miss_detection,70.0,75.0,-40.0,-30.0,constant,1.000000,,
distal,70.0,75.0,-40.0,-30.0,normal,0.000000,0.126547,0.077571
perpendicular,70.0,75.0,-40.0,-30.0,normal,0.000000,0.112768,0.070274
height,70.0,75.0,-40.0,-30.0,normal,0.000000,0.084922,0.052250
yaw,70.0,75.0,-40.0,-30.0,normal,0.000000,0.401671,0.104889
width,70.0,75.0,-40.0,-30.0,normal,0.000000,0.114259,0.083224
length,70.0,75.0,-40.0,-30.0,normal,0.000000,0.203165,0.115768
box_height,70.0,75.0,-40.0,-30.0,normal,0.000000,0.094437,0.062387
miss_detection,70.0,75.0,-30.0,-20.0,constant,0.310078,,
distal,70.0,75.0,-30.0,-20.0,normal,0.000000,0.403793,0.213516
perpendicular,70.0,75.0,-30.0,-20.0,normal,0.000000,0.275207,0.214606
height,70.0,75.0,-30.0,-20.0,normal,0.000000,0.126685,0.115174
yaw,70.0,75.0,-30.0,-20.0,normal,0.000000,1.318510,0.654272
width,70.0,75.0,-30.0,-20.0,normal,0.000000,0.125383,0.099315
length,70.0,75.0,-30.0,-20.0,normal,0.000000,0.409346,0.338332
box_height,70.0,75.0,-30.0,-20.0,normal,0.000000,0.154470,0.182356
miss_detection,70.0,75.0,-20.0,-10.0,constant,0.429150,,
distal,70.0,75.0,-20.0,-10.0,normal,0.000000,0.111942,0.078774
perpendicular,70.0,75.0,-20.0,-10.0,normal,0.000000,0.273024,0.138279
height,70.0,75.0,-20.0,-10.0,normal,0.000000,0.071442,0.052049
yaw,70.0,75.0,-20.0,-10.0,normal,0.000000,1.283465,0.694534
width,70.0,75.0,-20.0,-10.0,normal,0.000000,0.117466,0.081083
length,70.0,75.0,-20.0,-10.0,normal,0.000000,0.138377,0.131291
box_height,70.0,75.0,-20.0,-10.0,normal,0.000000,0.122461,0.093753
miss_detection,70.0,75.0,-10.0,0.0,constant,0.162887,,
distal,70.0,75.0,-10.0,0.0,normal,0.000000,0.137194,0.075854
perpendicular,70.0,75.0,-10.0,0.0,normal,0.000000,0.103520,0.077587
height,70.0,75.0,-10.0,0.0,normal,0.000000,0.084491,0.057834
yaw,70.0,75.0,-10.0,0.0,normal,0.000000,0.163990,0.048220
width,70.0,75.0,-10.0,0.0,normal,0.000000,0.127891,0.102435
length,70.0,75.0,-10.0,0.0,normal,0.000000,0.291166,0.122011
box_height,70.0,75.0,-10.0,0.0,normal,0.000000,0.091508,0.068639
miss_detection,70.0,75.0,0.0,10.0,constant,0.058642,,
distal,70.0,75.0,0.0,10.0,normal,0.000000,0.111381,0.074003
perpendicular,70.0,75.0,0.0,10.0,normal,0.000000,0.128429,0.090048
height,70.0,75.0,0.0,10.0,normal,0.000000,0.095566,0.066839
yaw,70.0,75.0,0.0,10.0,normal,0.000000,0.067342,0.054442
width,70.0,75.0,0.0,10.0,normal,0.000000,0.105234,0.079875
length,70.0,75.0,0.0,10.0,normal,0.000000,0.169956,0.104942
box_height,70.0,75.0,0.0,10.0,normal,0.000000,0.096905,0.072989
miss_detection,70.0,75.0,10.0,20.0,constant,0.024375,,
distal,70.0,75.0,10.0,20.0,normal,0.000000,0.127752,0.089249
perpendicular,70.0,75.0,10.0,20.0,normal,0.000000,0.111187,0.074579
height,70.0,75.0,10.0,20.0,normal,0.000000,0.104091,0.075068
yaw,70.0,75.0,10.0,20.0,normal,0.000000,0.068200,0.051882
width,70.0,75.0,10.0,20.0,normal,0.000000,0.152206,0.123973
length,70.0,75.0,10.0,20.0,normal,0.000000,0.183209,0.127714
box_height,70.0,75.0,10.0,20.0,normal,0.000000,0.138205,0.096714
miss_detection,70.0,75.0,20.0,30.0,constant,0.631579,,
distal,70.0,75.0,20.0,30.0,normal,0.000000,0.202194,0.178369
perpendicular,70.0,75.0,20.0,30.0,normal,0.000000,0.106754,0.088932
height,70.0,75.0,20.0,30.0,normal,0.000000,0.169929,0.141644
yaw,70.0,75.0,20.0,30.0,normal,0.000000,0.100343,0.081200
width,70.0,75.0,20.0,30.0,normal,0.000000,0.088817,0.085420
length,70.0,75.0,20.0,30.0,normal,0.000000,0.320576,0.305468
box_height,70.0,75.0,20.0,30.0,normal,0.000000,0.214061,0.188092
miss_detection,70.0,75.0,30.0,40.0,constant,1.000000,,
distal,70.0,75.0,30.0,40.0,normal,0.000000,0.126547,0.077571
perpendicular,70.0,75.0,30.0,40.0,normal,0.000000,0.112768,0.070274
height,70.0,75.0,30.0,40.0,normal,0.000000,0.084922,0.052250
yaw,70.0,75.0,30.0,40.0,normal,0.000000,0.401671,0.104889
width,70.0,75.0,30.0,40.0,normal,0.000000,0.114259,0.083224
length,70.0,75.0,30.0,40.0,normal,0.000000,0.203165,0.115768
box_height,70.0,75.0,30.0,40.0,normal,0.000000,0.094437,0.062387
miss_detection,70.0,75.0,40.0,50.0,constant,1.000000,,
distal,70.0,75.0,40.0,50.0,normal,0.000000,0.126547,0.077571
perpendicular,70.0,75.0,40.0,50.0,normal,0.000000,0.112768,0.070274
height,70.0,75.0,40.0,50.0,normal,0.000000,0.084922,0.052250
yaw,70.0,75.0,40.0,50.0,normal,0.000000,0.401671,0.104889
width,70.0,75.0,40.0,50.0,normal,0.000000,0.114259,0.083224
length,70.0,75.0,40.0,50.0,normal,0.000000,0.203165,0.115768
box_height,70.0,75.0,40.0,50.0,normal,0.000000,0.094437,0.062387
miss_detection,70.0,75.0,50.0,60.0,constant,1.000000,,
distal,70.0,75.0,50.0,60.0,normal,0.000000,0.126547,0.077571
perpendicular,70.0,75.0,50.0,60.0,normal,0.000000,0.112768,0.070274
height,70.0,75.0,50.0,60.0,normal,0.000000,0.084922,0.052250
yaw,70.0,75.0,50.0,60.0,normal,0.000000,0.401671,0.104889
width,70.0,75.0,50.0,60.0,normal,0.000000,0.114259,0.083224
length,70.0,75.0,50.0,60.0,normal,0.000000,0.203165,0.115768
box_height,70.0,75.0,50.0,60.0,normal,0.000000,0.094437,0.062387
miss_detection,70.0,75.0,60.0,70.0,constant,1.000000,,
distal,70.0,75.0,60.0,70.0,normal,0.000000,0.126547,0.077571
perpendicular,70.0,75.0,60.0,70.0,normal,0.000000,0.112768,0.070274
height,70.0,75.0,60.0,70.0,normal,0.000000,0.084922,0.052250
yaw,70.0,75.0,60.0,70.0,normal,0.000000,0.401671,0.104889
width,70.0,75.0,60.0,70.0,normal,0.000000,0.114259,0.083224
length,70.0,75.0,60.0,70.0,normal,0.000000,0.203165,0.115768
box_height,70.0,75.0,60.0,70.0,normal,0.000000,0.094437,0.062387
miss_detection,70.0,75.0,70.0,80.0,constant,1.000000,,
distal,70.0,75.0,70.0,80.0,normal,0.000000,0.126547,0.077571
perpendicular,70.0,75.0,70.0,80.0,normal,0.000000,0.112768,0.070274
height,70.0,75.0,70.0,80.0,normal,0.000000,0.084922,0.052250
yaw,70.0,75.0,70.0,80.0,normal,0.000000,0.401671,0.104889
width,70.0,75.0,70.0,80.0,normal,0.000000,0.114259,0.083224
length,70.0,75.0,70.0,80.0,normal,0.000000,0.203165,0.115768
box_height,70.0,75.0,70.0,80.0,normal,0.000000,0.094437,0.062387
miss_detection,70.0,75.0,80.0,90.0,constant,1.000000,,
distal,70.0,75.0,80.0,90.0,normal,0.000000,0.126547,0.077571
perpendicular,70.0,75.0,80.0,90.0,normal,0.000000,0.112768,0.070274
height,70.0,75.0,80.0,90.0,normal,0.000000,0.084922,0.052250
yaw,70.0,75.0,80.0,90.0,normal,0.000000,0.401671,0.104889
width,70.0,75.0,80.0,90.0,normal,0.000000,0.114259,0.083224
length,70.0,75.0,80.0,90.0,normal,0.000000,0.203165,0.115768
box_height,70.0,75.0,80.0,90.0,normal,0.000000,0.094437,0.062387
miss_detection,70.0,75.0,90.0,100.0,constant,1.000000,,
distal,70.0,75.0,90.0,100.0,normal,0.000000,0.126547,0.077571
perpendicular,70.0,75.0,90.0,100.0,normal,0.000000,0.112768,0.070274
height,70.0,75.0,90.0,100.0,normal,0.000000,0.084922,0.052250
yaw,70.0,75.0,90.0,100.0,normal,0.000000,0.401671,0.104889
width,70.0,75.0,90.0,100.0,normal,0.000000,0.114259,0.083224
length,70.0,75.0,90.0,100.0,normal,0.000000,0.203165,0.115768
box_height,70.0,75.0,90.0,100.0,normal,0.000000,0.094437,0.062387
miss_detection,70.0,75.0,100.0,110.0,constant,1.000000,,
distal,70.0,75.0,100.0,110.0,normal,0.000000,0.126547,0.077571
perpendicular,70.0,75.0,100.0,110.0,normal,0.000000,0.112768,0.070274
height,70.0,75.0,100.0,110.0,normal,0.000000,0.084922,0.052250
yaw,70.0,75.0,100.0,110.0,normal,0.000000,0.401671,0.104889
width,70.0,75.0,100.0,110.0,normal,0.000000,0.114259,0.083224
length,70.0,75.0,100.0,110.0,normal,0.000000,0.203165,0.115768
box_height,70.0,75.0,100.0,110.0,normal,0.000000,0.094437,0.062387
miss_detection,70.0,75.0,110.0,120.0,constant,1.000000,,
distal,70.0,75.0,110.0,120.0,normal,0.000000,0.126547,0.077571
perpendicular,70.0,75.0,110.0,120.0,normal,0.000000,0.112768,0.070274
height,70.0,75.0,110.0,120.0,normal,0.000000,0.084922,0.052250
yaw,70.0,75.0,110.0,120.0,normal,0.000000,0.401671,0.104889
width,70.0,75.0,110.0,120.0,normal,0.000000,0.114259,0.083224
length,70.0,75.0,110.0,120.0,normal,0.000000,0.203165,0.115768
box_height,70.0,75.0,110.0,120.0,normal,0.000000,0.094437,0.062387
miss_detection,70.0,75.0,120.0,130.0,constant,1.000000,,
distal,70.0,75.0,120.0,130.0,normal,0.000000,0.126547,0.077571
perpendicular,70.0,75.0,120.0,130.0,normal,0.000000,0.112768,0.070274
height,70.0,75.0,120.0,130.0,normal,0.000000,0.084922,0.052250
yaw,70.0,75.0,120.0,130.0,normal,0.000000,0.401671,0.104889
width,70.0,75.0,120.0,130.0,normal,0.000000,0.114259,0.083224
length,70.0,75.0,120.0,130.0,normal,0.000000,0.203165,0.115768
box_height,70.0,75.0,120.0,130.0,normal,0.000000,0.094437,0.062387
miss_detection,70.0,75.0,130.0,140.0,constant,1.000000,,
distal,70.0,75.0,130.0,140.0,normal,0.000000,0.126547,0.077571
perpendicular,70.0,75.0,130.0,140.0,normal,0.000000,0.112768,0.070274
height,70.0,75.0,130.0,140.0,normal,0.000000,0.084922,0.052250
yaw,70.0,75.0,130.0,140.0,normal,0.000000,0.401671,0.104889
width,70.0,75.0,130.0,140.0,normal,0.000000,0.114259,0.083224
length,70.0,75.0,130.0,140.0,normal,0.000000,0.203165,0.115768
box_height,70.0,75.0,130.0,140.0,normal,0.000000,0.094437,0.062387
miss_detection,70.0,75.0,140.0,150.0,constant,1.000000,,
distal,70.0,75.0,140.0,150.0,normal,0.000000,0.126547,0.077571
perpendicular,70.0,75.0,140.0,150.0,normal,0.000000,0.112768,0.070274
height,70.0,75.0,140.0,150.0,normal,0.000000,0.084922,0.052250
yaw,70.0,75.0,140.0,150.0,normal,0.000000,0.401671,0.104889
width,70.0,75.0,140.0,150.0,normal,0.000000,0.114259,0.083224
length,70.0,75.0,140.0,150.0,normal,0.000000,0.203165,0.115768
box_height,70.0,75.0,140.0,150.0,normal,0.000000,0.094437,0.062387
miss_detection,70.0,75.0,150.0,160.0,constant,1.000000,,
distal,70.0,75.0,150.0,160.0,normal,0.000000,0.126547,0.077571
perpendicular,70.0,75.0,150.0,160.0,normal,0.000000,0.112768,0.070274
height,70.0,75.0,150.0,160.0,normal,0.000000,0.084922,0.052250
yaw,70.0,75.0,150.0,160.0,normal,0.000000,0.401671,0.104889
width,70.0,75.0,150.0,160.0,normal,0.000000,0.114259,0.083224
length,70.0,75.0,150.0,160.0,normal,0.000000,0.203165,0.115768
box_height,70.0,75.0,150.0,160.0,normal,0.000000,0.094437,0.062387
miss_detection,70.0,75.0,160.0,170.0,constant,1.000000,,
distal,70.0,75.0,160.0,170.0,normal,0.000000,0.126547,0.077571
perpendicular,70.0,75.0,160.0,170.0,normal,0.000000,0.112768,0.070274
height,70.0,75.0,160.0,170.0,normal,0.000000,0.084922,0.052250
yaw,70.0,75.0,160.0,170.0,normal,0.000000,0.401671,0.104889
width,70.0,75.0,160.0,170.0,normal,0.000000,0.114259,0.083224
length,70.0,75.0,160.0,170.0,normal,0.000000,0.203165,0.115768
box_height,70.0,75.0,160.0,170.0,normal,0.000000,0.094437,0.062387
miss_detection,70.0,75.0,170.0,180.0,constant,1.000000,,
distal,70.0,75.0,170.0,180.0,normal,0.000000,0.126547,0.077571
perpendicular,70.0,75.0,170.0,180.0,normal,0.000000,0.112768,0.070274
height,70.0,75.0,170.0,180.0,normal,0.000000,0.084922,0.052250
yaw,70.0,75.0,170.0,180.0,normal,0.000000,0.401671,0.104889
width,70.0,75.0,170.0,180.0,normal,0.000000,0.114259,0.083224
length,70.0,75.0,170.0,180.0,normal,0.000000,0.203165,0.115768
box_height,70.0,75.0,170.0,180.0,normal,0.000000,0.094437,0.062387
miss_detection,75.0,80.0,-180.0,-170.0,constant,1.000000,,
distal,75.0,80.0,-180.0,-170.0,normal,0.000000,0.126547,0.077571
perpendicular,75.0,80.0,-180.0,-170.0,normal,0.000000,0.112768,0.070274
height,75.0,80.0,-180.0,-170.0,normal,0.000000,0.084922,0.052250
yaw,75.0,80.0,-180.0,-170.0,normal,0.000000,0.401671,0.104889
width,75.0,80.0,-180.0,-170.0,normal,0.000000,0.114259,0.083224
length,75.0,80.0,-180.0,-170.0,normal,0.000000,0.203165,0.115768
box_height,75.0,80.0,-180.0,-170.0,normal,0.000000,0.094437,0.062387
miss_detection,75.0,80.0,-170.0,-160.0,constant,1.000000,,
distal,75.0,80.0,-170.0,-160.0,normal,0.000000,0.126547,0.077571
perpendicular,75.0,80.0,-170.0,-160.0,normal,0.000000,0.112768,0.070274
height,75.0,80.0,-170.0,-160.0,normal,0.000000,0.084922,0.052250
yaw,75.0,80.0,-170.0,-160.0,normal,0.000000,0.401671,0.104889
width,75.0,80.0,-170.0,-160.0,normal,0.000000,0.114259,0.083224
length,75.0,80.0,-170.0,-160.0,normal,0.000000,0.203165,0.115768
box_height,75.0,80.0,-170.0,-160.0,normal,0.000000,0.094437,0.062387
miss_detection,75.0,80.0,-160.0,-150.0,constant,1.000000,,
distal,75.0,80.0,-160.0,-150.0,normal,0.000000,0.126547,0.077571
perpendicular,75.0,80.0,-160.0,-150.0,normal,0.000000,0.112768,0.070274
height,75.0,80.0,-160.0,-150.0,normal,0.000000,0.084922,0.052250
yaw,75.0,80.0,-160.0,-150.0,normal,0.000000,0.401671,0.104889
width,75.0,80.0,-160.0,-150.0,normal,0.000000,0.114259,0.083224
length,75.0,80.0,-160.0,-150.0,normal,0.000000,0.203165,0.115768
box_height,75.0,80.0,-160.0,-150.0,normal,0.000000,0.094437,0.062387
miss_detection,75.0,80.0,-150.0,-140.0,constant,1.000000,,
distal,75.0,80.0,-150.0,-140.0,normal,0.000000,0.126547,0.077571
perpendicular,75.0,80.0,-150.0,-140.0,normal,0.000000,0.112768,0.070274
height,75.0,80.0,-150.0,-140.0,normal,0.000000,0.084922,0.052250
yaw,75.0,80.0,-150.0,-140.0,normal,0.000000,0.401671,0.104889
width,75.0,80.0,-150.0,-140.0,normal,0.000000,0.114259,0.083224
length,75.0,80.0,-150.0,-140.0,normal,0.000000,0.203165,0.115768
box_height,75.0,80.0,-150.0,-140.0,normal,0.000000,0.094437,0.062387
miss_detection,75.0,80.0,-140.0,-130.0,constant,1.000000,,
distal,75.0,80.0,-140.0,-130.0,normal,0.000000,0.126547,0.077571
perpendicular,75.0,80.0,-140.0,-130.0,normal,0.000000,0.112768,0.070274
height,75.0,80.0,-140.0,-130.0,normal,0.000000,0.084922,0.052250
yaw,75.0,80.0,-140.0,-130.0,normal,0.000000,0.401671,0.104889
width,75.0,80.0,-140.0,-130.0,normal,0.000000,0.114259,0.083224
length,75.0,80.0,-140.0,-130.0,normal,0.000000,0.203165,0.115768
box_height,75.0,80.0,-140.0,-130.0,normal,0.000000,0.094437,0.062387
miss_detection,75.0,80.0,-130.0,-120.0,constant,1.000000,,
distal,75.0,80.0,-130.0,-120.0,normal,0.000000,0.126547,0.077571
perpendicular,75.0,80.0,-130.0,-120.0,normal,0.000000,0.112768,0.070274
height,75.0,80.0,-130.0,-120.0,normal,0.000000,0.084922,0.052250
yaw,75.0,80.0,-130.0,-120.0,normal,0.000000,0.401671,0.104889
width,75.0,80.0,-130.0,-120.0,normal,0.000000,0.114259,0.083224
length,75.0,80.0,-130.0,-120.0,normal,0.000000,0.203165,0.115768
box_height,75.0,80.0,-130.0,-120.0,normal,0.000000,0.094437,0.062387
miss_detection,75.0,80.0,-120.0,-110.0,constant,1.000000,,
distal,75.0,80.0,-120.0,-110.0,normal,0.000000,0.126547,0.077571
perpendicular,75.0,80.0,-120.0,-110.0,normal,0.000000,0.112768,0.070274
height,75.0,80.0,-120.0,-110.0,normal,0.000000,0.084922,0.052250
yaw,75.0,80.0,-120.0,-110.0,normal,0.000000,0.401671,0.104889
width,75.0,80.0,-120.0,-110.0,normal,0.000000,0.114259,0.083224
length,75.0,80.0,-120.0,-110.0,normal,0.000000,0.203165,0.115768
box_height,75.0,80.0,-120.0,-110.0,normal,0.000000,0.094437,0.062387
miss_detection,75.0,80.0,-110.0,-100.0,constant,1.000000,,
distal,75.0,80.0,-110.0,-100.0,normal,0.000000,0.126547,0.077571
perpendicular,75.0,80.0,-110.0,-100.0,normal,0.000000,0.112768,0.070274
height,75.0,80.0,-110.0,-100.0,normal,0.000000,0.084922,0.052250
yaw,75.0,80.0,-110.0,-100.0,normal,0.000000,0.401671,0.104889
width,75.0,80.0,-110.0,-100.0,normal,0.000000,0.114259,0.083224
length,75.0,80.0,-110.0,-100.0,normal,0.000000,0.203165,0.115768
box_height,75.0,80.0,-110.0,-100.0,normal,0.000000,0.094437,0.062387
miss_detection,75.0,80.0,-100.0,-90.0,constant,1.000000,,
distal,75.0,80.0,-100.0,-90.0,normal,0.000000,0.126547,0.077571
perpendicular,75.0,80.0,-100.0,-90.0,normal,0.000000,0.112768,0.070274
height,75.0,80.0,-100.0,-90.0,normal,0.000000,0.084922,0.052250
yaw,75.0,80.0,-100.0,-90.0,normal,0.000000,0.401671,0.104889
width,75.0,80.0,-100.0,-90.0,normal,0.000000,0.114259,0.083224
length,75.0,80.0,-100.0,-90.0,normal,0.000000,0.203165,0.115768
box_height,75.0,80.0,-100.0,-90.0,normal,0.000000,0.094437,0.062387
miss_detection,75.0,80.0,-90.0,-80.0,constant,1.000000,,
distal,75.0,80.0,-90.0,-80.0,normal,0.000000,0.126547,0.077571
perpendicular,75.0,80.0,-90.0,-80.0,normal,0.000000,0.112768,0.070274
height,75.0,80.0,-90.0,-80.0,normal,0.000000,0.084922,0.052250
yaw,75.0,80.0,-90.0,-80.0,normal,0.000000,0.401671,0.104889
width,75.0,80.0,-90.0,-80.0,normal,0.000000,0.114259,0.083224
length,75.0,80.0,-90.0,-80.0,normal,0.000000,0.203165,0.115768
box_height,75.0,80.0,-90.0,-80.0,normal,0.000000,0.094437,0.062387
miss_detection,75.0,80.0,-80.0,-70.0,constant,1.000000,,
distal,75.0,80.0,-80.0,-70.0,normal,0.000000,0.126547,0.077571
perpendicular,75.0,80.0,-80.0,-70.0,normal,0.000000,0.112768,0.070274
height,75.0,80.0,-80.0,-70.0,normal,0.000000,0.084922,0.052250
yaw,75.0,80.0,-80.0,-70.0,normal,0.000000,0.401671,0.104889
width,75.0,80.0,-80.0,-70.0,normal,0.000000,0.114259,0.083224
length,75.0,80.0,-80.0,-70.0,normal,0.000000,0.203165,0.115768
box_height,75.0,80.0,-80.0,-70.0,normal,0.000000,0.094437,0.062387
miss_detection,75.0,80.0,-70.0,-60.0,constant,1.000000,,
distal,75.0,80.0,-70.0,-60.0,normal,0.000000,0.126547,0.077571
perpendicular,75.0,80.0,-70.0,-60.0,normal,0.000000,0.112768,0.070274
height,75.0,80.0,-70.0,-60.0,normal,0.000000,0.084922,0.052250
yaw,75.0,80.0,-70.0,-60.0,normal,0.000000,0.401671,0.104889
width,75.0,80.0,-70.0,-60.0,normal,0.000000,0.114259,0.083224
length,75.0,80.0,-70.0,-60.0,normal,0.000000,0.203165,0.115768
box_height,75.0,80.0,-70.0,-60.0,normal,0.000000,0.094437,0.062387
miss_detection,75.0,80.0,-60.0,-50.0,constant,1.000000,,
distal,75.0,80.0,-60.0,-50.0,normal,0.000000,0.126547,0.077571
perpendicular,75.0,80.0,-60.0,-50.0,normal,0.000000,0.112768,0.070274
height,75.0,80.0,-60.0,-50.0,normal,0.000000,0.084922,0.052250
yaw,75.0,80.0,-60.0,-50.0,normal,0.000000,0.401671,0.104889
width,75.0,80.0,-60.0,-50.0,normal,0.000000,0.114259,0.083224
length,75.0,80.0,-60.0,-50.0,normal,0.000000,0.203165,0.115768
box_height,75.0,80.0,-60.0,-50.0,normal,0.000000,0.094437,0.062387
miss_detection,75.0,80.0,-50.0,-40.0,constant,1.000000,,
distal,75.0,80.0,-50.0,-40.0,normal,0.000000,0.126547,0.077571
perpendicular,75.0,80.0,-50.0,-40.0,normal,0.000000,0.112768,0.070274
height,75.0,80.0,-50.0,-40.0,normal,0.000000,0.084922,0.052250
yaw,75.0,80.0,-50.0,-40.0,normal,0.000000,0.401671,0.104889
width,75.0,80.0,-50.0,-40.0,normal,0.000000,0.114259,0.083224
length,75.0,80.0,-50.0,-40.0,normal,0.000000,0.203165,0.115768
box_height,75.0,80.0,-50.0,-40.0,normal,0.000000,0.094437,0.062387
miss_detection,75.0,80.0,-40.0,-30.0,constant,1.000000,,
distal,75.0,80.0,-40.0,-30.0,normal,0.000000,0.126547,0.077571
perpendicular,75.0,80.0,-40.0,-30.0,normal,0.000000,0.112768,0.070274
height,75.0,80.0,-40.0,-30.0,normal,0.000000,0.084922,0.052250
yaw,75.0,80.0,-40.0,-30.0,normal,0.000000,0.401671,0.104889
width,75.0,80.0,-40.0,-30.0,normal,0.000000,0.114259,0.083224
length,75.0,80.0,-40.0,-30.0,normal,0.000000,0.203165,0.115768
box_height,75.0,80.0,-40.0,-30.0,normal,0.000000,0.094437,0.062387
miss_detection,75.0,80.0,-30.0,-20.0,constant,0.529412,,
distal,75.0,80.0,-30.0,-20.0,normal,0.000000,0.127309,0.129779
perpendicular,75.0,80.0,-30.0,-20.0,normal,0.000000,0.180484,0.149762
height,75.0,80.0,-30.0,-20.0,normal,0.000000,0.123665,0.090504
yaw,75.0,80.0,-30.0,-20.0,normal,0.000000,1.519042,0.808036
width,75.0,80.0,-30.0,-20.0,normal,0.000000,0.098570,0.086713
length,75.0,80.0,-30.0,-20.0,normal,0.000000,0.259086,0.204836
box_height,75.0,80.0,-30.0,-20.0,normal,0.000000,0.291230,0.225125
miss_detection,75.0,80.0,-20.0,-10.0,constant,0.125000,,
distal,75.0,80.0,-20.0,-10.0,normal,0.000000,0.144453,0.099224
perpendicular,75.0,80.0,-20.0,-10.0,normal,0.000000,0.122555,0.087296
height,75.0,80.0,-20.0,-10.0,normal,0.000000,0.052204,0.041240
yaw,75.0,80.0,-20.0,-10.0,normal,0.000000,0.138539,0.105473
width,75.0,80.0,-20.0,-10.0,normal,0.000000,0.146268,0.112266
length,75.0,80.0,-20.0,-10.0,normal,0.000000,0.131568,0.116938
box_height,75.0,80.0,-20.0,-10.0,normal,0.000000,0.064377,0.099249
miss_detection,75.0,80.0,-10.0,0.0,constant,0.153846,,
distal,75.0,80.0,-10.0,0.0,normal,0.000000,0.154355,0.087039
perpendicular,75.0,80.0,-10.0,0.0,normal,0.000000,0.134167,0.090188
height,75.0,80.0,-10.0,0.0,normal,0.000000,0.084490,0.063330
yaw,75.0,80.0,-10.0,0.0,normal,0.000000,0.127182,0.053424
width,75.0,80.0,-10.0,0.0,normal,0.000000,0.136031,0.105976
length,75.0,80.0,-10.0,0.0,normal,0.000000,0.248982,0.133482
box_height,75.0,80.0,-10.0,0.0,normal,0.000000,0.101665,0.076087
miss_detection,75.0,80.0,0.0,10.0,constant,0.065705,,
distal,75.0,80.0,0.0,10.0,normal,0.000000,0.164303,0.088584
perpendicular,75.0,80.0,0.0,10.0,normal,0.000000,0.177104,0.107759
height,75.0,80.0,0.0,10.0,normal,0.000000,0.118147,0.077006
yaw,75.0,80.0,0.0,10.0,normal,0.000000,0.194417,0.066154
width,75.0,80.0,0.0,10.0,normal,0.000000,0.126914,0.089696
length,75.0,80.0,0.0,10.0,normal,0.000000,0.502888,0.156163
box_height,75.0,80.0,0.0,10.0,normal,0.000000,0.162026,0.088323
miss_detection,75.0,80.0,10.0,20.0,constant,0.152822,,
distal,75.0,80.0,10.0,20.0,normal,0.000000,0.114064,0.070743
perpendicular,75.0,80.0,10.0,20.0,normal,0.000000,0.097692,0.064144
height,75.0,80.0,10.0,20.0,normal,0.000000,0.086855,0.059504
yaw,75.0,80.0,10.0,20.0,normal,0.000000,0.052709,0.049852
width,75.0,80.0,10.0,20.0,normal,0.000000,0.123741,0.095984
length,75.0,80.0,10.0,20.0,normal,0.000000,0.143736,0.099703
box_height,75.0,80.0,10.0,20.0,normal,0.000000,0.105766,0.076072
miss_detection,75.0,80.0,20.0,30.0,constant,0.312500,,
distal,75.0,80.0,20.0,30.0,normal,0.000000,0.122417,0.098737
perpendicular,75.0,80.0,20.0,30.0,normal,0.000000,0.174771,0.225555
height,75.0,80.0,20.0,30.0,normal,0.000000,0.097993,0.083561
yaw,75.0,80.0,20.0,30.0,normal,0.000000,0.903129,0.351723
width,75.0,80.0,20.0,30.0,normal,0.000000,0.087227,0.079196
length,75.0,80.0,20.0,30.0,normal,0.000000,0.306119,0.306506
box_height,75.0,80.0,20.0,30.0,normal,0.000000,0.138569,0.118938
miss_detection,75.0,80.0,30.0,40.0,constant,1.000000,,
distal,75.0,80.0,30.0,40.0,normal,0.000000,0.126547,0.077571
perpendicular,75.0,80.0,30.0,40.0,normal,0.000000,0.112768,0.070274
height,75.0,80.0,30.0,40.0,normal,0.000000,0.084922,0.052250
yaw,75.0,80.0,30.0,40.0,normal,0.000000,0.401671,0.104889
width,75.0,80.0,30.0,40.0,normal,0.000000,0.114259,0.083224
length,75.0,80.0,30.0,40.0,normal,0.000000,0.203165,0.115768
box_height,75.0,80.0,30.0,40.0,normal,0.000000,0.094437,0.062387
miss_detection,75.0,80.0,40.0,50.0,constant,1.000000,,
distal,75.0,80.0,40.0,50.0,normal,0.000000,0.126547,0.077571
perpendicular,75.0,80.0,40.0,50.0,normal,0.000000,0.112768,0.070274
height,75.0,80.0,40.0,50.0,normal,0.000000,0.084922,0.052250
yaw,75.0,80.0,40.0,50.0,normal,0.000000,0.401671,0.104889
width,75.0,80.0,40.0,50.0,normal,0.000000,0.114259,0.083224
length,75.0,80.0,40.0,50.0,normal,0.000000,0.203165,0.115768
box_height,75.0,80.0,40.0,50.0,normal,0.000000,0.094437,0.062387
miss_detection,75.0,80.0,50.0,60.0,constant,1.000000,,
distal,75.0,80.0,50.0,60.0,normal,0.000000,0.126547,0.077571
perpendicular,75.0,80.0,50.0,60.0,normal,0.000000,0.112768,0.070274
height,75.0,80.0,50.0,60.0,normal,0.000000,0.084922,0.052250
yaw,75.0,80.0,50.0,60.0,normal,0.000000,0.401671,0.104889
width,75.0,80.0,50.0,60.0,normal,0.000000,0.114259,0.083224
length,75.0,80.0,50.0,60.0,normal,0.000000,0.203165,0.115768
box_height,75.0,80.0,50.0,60.0,normal,0.000000,0.094437,0.062387
miss_detection,75.0,80.0,60.0,70.0,constant,1.000000,,
distal,75.0,80.0,60.0,70.0,normal,0.000000,0.126547,0.077571
perpendicular,75.0,80.0,60.0,70.0,normal,0.000000,0.112768,0.070274
height,75.0,80.0,60.0,70.0,normal,0.000000,0.084922,0.052250
yaw,75.0,80.0,60.0,70.0,normal,0.000000,0.401671,0.104889
width,75.0,80.0,60.0,70.0,normal,0.000000,0.114259,0.083224
length,75.0,80.0,60.0,70.0,normal,0.000000,0.203165,0.115768
box_height,75.0,80.0,60.0,70.0,normal,0.000000,0.094437,0.062387
miss_detection,75.0,80.0,70.0,80.0,constant,1.000000,,
distal,75.0,80.0,70.0,80.0,normal,0.000000,0.126547,0.077571
perpendicular,75.0,80.0,70.0,80.0,normal,0.000000,0.112768,0.070274
height,75.0,80.0,70.0,80.0,normal,0.000000,0.084922,0.052250
yaw,75.0,80.0,70.0,80.0,normal,0.000000,0.401671,0.104889
width,75.0,80.0,70.0,80.0,normal,0.000000,0.114259,0.083224
length,75.0,80.0,70.0,80.0,normal,0.000000,0.203165,0.115768
box_height,75.0,80.0,70.0,80.0,normal,0.000000,0.094437,0.062387
miss_detection,75.0,80.0,80.0,90.0,constant,1.000000,,
distal,75.0,80.0,80.0,90.0,normal,0.000000,0.126547,0.077571
perpendicular,75.0,80.0,80.0,90.0,normal,0.000000,0.112768,0.070274
height,75.0,80.0,80.0,90.0,normal,0.000000,0.084922,0.052250
yaw,75.0,80.0,80.0,90.0,normal,0.000000,0.401671,0.104889
width,75.0,80.0,80.0,90.0,normal,0.000000,0.114259,0.083224
length,75.0,80.0,80.0,90.0,normal,0.000000,0.203165,0.115768
box_height,75.0,80.0,80.0,90.0,normal,0.000000,0.094437,0.062387
miss_detection,75.0,80.0,90.0,100.0,constant,1.000000,,
distal,75.0,80.0,90.0,100.0,normal,0.000000,0.126547,0.077571
perpendicular,75.0,80.0,90.0,100.0,normal,0.000000,0.112768,0.070274
height,75.0,80.0,90.0,100.0,normal,0.000000,0.084922,0.052250
yaw,75.0,80.0,90.0,100.0,normal,0.000000,0.401671,0.104889
width,75.0,80.0,90.0,100.0,normal,0.000000,0.114259,0.083224
length,75.0,80.0,90.0,100.0,normal,0.000000,0.203165,0.115768
box_height,75.0,80.0,90.0,100.0,normal,0.000000,0.094437,0.062387
miss_detection,75.0,80.0,100.0,110.0,constant,1.000000,,
distal,75.0,80.0,100.0,110.0,normal,0.000000,0.126547,0.077571
perpendicular,75.0,80.0,100.0,110.0,normal,0.000000,0.112768,0.070274
height,75.0,80.0,100.0,110.0,normal,0.000000,0.084922,0.052250
yaw,75.0,80.0,100.0,110.0,normal,0.000000,0.401671,0.104889
width,75.0,80.0,100.0,110.0,normal,0.000000,0.114259,0.083224
length,75.0,80.0,100.0,110.0,normal,0.000000,0.203165,0.115768
box_height,75.0,80.0,100.0,110.0,normal,0.000000,0.094437,0.062387
miss_detection,75.0,80.0,110.0,120.0,constant,1.000000,,
distal,75.0,80.0,110.0,120.0,normal,0.000000,0.126547,0.077571
perpendicular,75.0,80.0,110.0,120.0,normal,0.000000,0.112768,0.070274
height,75.0,80.0,110.0,120.0,normal,0.000000,0.084922,0.052250
yaw,75.0,80.0,110.0,120.0,normal,0.000000,0.401671,0.104889
width,75.0,80.0,110.0,120.0,normal,0.000000,0.114259,0.083224
length,75.0,80.0,110.0,120.0,normal,0.000000,0.203165,0.115768
box_height,75.0,80.0,110.0,120.0,normal,0.000000,0.094437,0.062387
miss_detection,75.0,80.0,120.0,130.0,constant,1.000000,,
distal,75.0,80.0,120.0,130.0,normal,0.000000,0.126547,0.077571
perpendicular,75.0,80.0,120.0,130.0,normal,0.000000,0.112768,0.070274
height,75.0,80.0,120.0,130.0,normal,0.000000,0.084922,0.052250
yaw,75.0,80.0,120.0,130.0,normal,0.000000,0.401671,0.104889
width,75.0,80.0,120.0,130.0,normal,0.000000,0.114259,0.083224
length,75.0,80.0,120.0,130.0,normal,0.000000,0.203165,0.115768
box_height,75.0,80.0,120.0,130.0,normal,0.000000,0.094437,0.062387
miss_detection,75.0,80.0,130.0,140.0,constant,1.000000,,
distal,75.0,80.0,130.0,140.0,normal,0.000000,0.126547,0.077571
perpendicular,75.0,80.0,130.0,140.0,normal,0.000000,0.112768,0.070274
height,75.0,80.0,130.0,140.0,normal,0.000000,0.084922,0.052250
yaw,75.0,80.0,130.0,140.0,normal,0.000000,0.401671,0.104889
width,75.0,80.0,130.0,140.0,normal,0.000000,0.114259,0.083224
length,75.0,80.0,130.0,140.0,normal,0.000000,0.203165,0.115768
box_height,75.0,80.0,130.0,140.0,normal,0.000000,0.094437,0.062387
miss_detection,75.0,80.0,140.0,150.0,constant,1.000000,,
distal,75.0,80.0,140.0,150.0,normal,0.000000,0.126547,0.077571
perpendicular,75.0,80.0,140.0,150.0,normal,0.000000,0.112768,0.070274
height,75.0,80.0,140.0,150.0,normal,0.000000,0.084922,0.052250
yaw,75.0,80.0,140.0,150.0,normal,0.000000,0.401671,0.104889
width,75.0,80.0,140.0,150.0,normal,0.000000,0.114259,0.083224
length,75.0,80.0,140.0,150.0,normal,0.000000,0.203165,0.115768
box_height,75.0,80.0,140.0,150.0,normal,0.000000,0.094437,0.062387
miss_detection,75.0,80.0,150.0,160.0,constant,1.000000,,
distal,75.0,80.0,150.0,160.0,normal,0.000000,0.126547,0.077571
perpendicular,75.0,80.0,150.0,160.0,normal,0.000000,0.112768,0.070274
height,75.0,80.0,150.0,160.0,normal,0.000000,0.084922,0.052250
yaw,75.0,80.0,150.0,160.0,normal,0.000000,0.401671,0.104889
width,75.0,80.0,150.0,160.0,normal,0.000000,0.114259,0.083224
length,75.0,80.0,150.0,160.0,normal,0.000000,0.203165,0.115768
box_height,75.0,80.0,150.0,160.0,normal,0.000000,0.094437,0.062387
miss_detection,75.0,80.0,160.0,170.0,constant,1.000000,,
distal,75.0,80.0,160.0,170.0,normal,0.000000,0.126547,0.077571
perpendicular,75.0,80.0,160.0,170.0,normal,0.000000,0.112768,0.070274
height,75.0,80.0,160.0,170.0,normal,0.000000,0.084922,0.052250
yaw,75.0,80.0,160.0,170.0,normal,0.000000,0.401671,0.104889
width,75.0,80.0,160.0,170.0,normal,0.000000,0.114259,0.083224
length,75.0,80.0,160.0,170.0,normal,0.000000,0.203165,0.115768
box_height,75.0,80.0,160.0,170.0,normal,0.000000,0.094437,0.062387
miss_detection,75.0,80.0,170.0,180.0,constant,1.000000,,
distal,75.0,80.0,170.0,180.0,normal,0.000000,0.126547,0.077571
perpendicular,75.0,80.0,170.0,180.0,normal,0.000000,0.112768,0.070274
height,75.0,80.0,170.0,180.0,normal,0.000000,0.084922,0.052250
yaw,75.0,80.0,170.0,180.0,normal,0.000000,0.401671,0.104889
width,75.0,80.0,170.0,180.0,normal,0.000000,0.114259,0.083224
length,75.0,80.0,170.0,180.0,normal,0.000000,0.203165,0.115768
box_height,75.0,80.0,170.0,180.0,normal,0.000000,0.094437,0.062387
miss_detection,80.0,85.0,-180.0,-170.0,constant,1.000000,,
distal,80.0,85.0,-180.0,-170.0,normal,0.000000,0.126547,0.077571
perpendicular,80.0,85.0,-180.0,-170.0,normal,0.000000,0.112768,0.070274
height,80.0,85.0,-180.0,-170.0,normal,0.000000,0.084922,0.052250
yaw,80.0,85.0,-180.0,-170.0,normal,0.000000,0.401671,0.104889
width,80.0,85.0,-180.0,-170.0,normal,0.000000,0.114259,0.083224
length,80.0,85.0,-180.0,-170.0,normal,0.000000,0.203165,0.115768
box_height,80.0,85.0,-180.0,-170.0,normal,0.000000,0.094437,0.062387
miss_detection,80.0,85.0,-170.0,-160.0,constant,1.000000,,
distal,80.0,85.0,-170.0,-160.0,normal,0.000000,0.126547,0.077571
perpendicular,80.0,85.0,-170.0,-160.0,normal,0.000000,0.112768,0.070274
height,80.0,85.0,-170.0,-160.0,normal,0.000000,0.084922,0.052250
yaw,80.0,85.0,-170.0,-160.0,normal,0.000000,0.401671,0.104889
width,80.0,85.0,-170.0,-160.0,normal,0.000000,0.114259,0.083224
length,80.0,85.0,-170.0,-160.0,normal,0.000000,0.203165,0.115768
box_height,80.0,85.0,-170.0,-160.0,normal,0.000000,0.094437,0.062387
miss_detection,80.0,85.0,-160.0,-150.0,constant,1.000000,,
distal,80.0,85.0,-160.0,-150.0,normal,0.000000,0.126547,0.077571
perpendicular,80.0,85.0,-160.0,-150.0,normal,0.000000,0.112768,0.070274
height,80.0,85.0,-160.0,-150.0,normal,0.000000,0.084922,0.052250
yaw,80.0,85.0,-160.0,-150.0,normal,0.000000,0.401671,0.104889
width,80.0,85.0,-160.0,-150.0,normal,0.000000,0.114259,0.083224
length,80.0,85.0,-160.0,-150.0,normal,0.000000,0.203165,0.115768
box_height,80.0,85.0,-160.0,-150.0,normal,0.000000,0.094437,0.062387
miss_detection,80.0,85.0,-150.0,-140.0,constant,1.000000,,
distal,80.0,85.0,-150.0,-140.0,normal,0.000000,0.126547,0.077571
perpendicular,80.0,85.0,-150.0,-140.0,normal,0.000000,0.112768,0.070274
height,80.0,85.0,-150.0,-140.0,normal,0.000000,0.084922,0.052250
yaw,80.0,85.0,-150.0,-140.0,normal,0.000000,0.401671,0.104889
width,80.0,85.0,-150.0,-140.0,normal,0.000000,0.114259,0.083224
length,80.0,85.0,-150.0,-140.0,normal,0.000000,0.203165,0.115768
box_height,80.0,85.0,-150.0,-140.0,normal,0.000000,0.094437,0.062387
miss_detection,80.0,85.0,-140.0,-130.0,constant,1.000000,,
distal,80.0,85.0,-140.0,-130.0,normal,0.000000,0.126547,0.077571
perpendicular,80.0,85.0,-140.0,-130.0,normal,0.000000,0.112768,0.070274
height,80.0,85.0,-140.0,-130.0,normal,0.000000,0.084922,0.052250
yaw,80.0,85.0,-140.0,-130.0,normal,0.000000,0.401671,0.104889
width,80.0,85.0,-140.0,-130.0,normal,0.000000,0.114259,0.083224
length,80.0,85.0,-140.0,-130.0,normal,0.000000,0.203165,0.115768
box_height,80.0,85.0,-140.0,-130.0,normal,0.000000,0.094437,0.062387
miss_detection,80.0,85.0,-130.0,-120.0,constant,1.000000,,
distal,80.0,85.0,-130.0,-120.0,normal,0.000000,0.126547,0.077571
perpendicular,80.0,85.0,-130.0,-120.0,normal,0.000000,0.112768,0.070274
height,80.0,85.0,-130.0,-120.0,normal,0.000000,0.084922,0.052250
yaw,80.0,85.0,-130.0,-120.0,normal,0.000000,0.401671,0.104889
width,80.0,85.0,-130.0,-120.0,normal,0.000000,0.114259,0.083224
length,80.0,85.0,-130.0,-120.0,normal,0.000000,0.203165,0.115768
box_height,80.0,85.0,-130.0,-120.0,normal,0.000000,0.094437,0.062387
miss_detection,80.0,85.0,-120.0,-110.0,constant,1.000000,,
distal,80.0,85.0,-120.0,-110.0,normal,0.000000,0.126547,0.077571
perpendicular,80.0,85.0,-120.0,-110.0,normal,0.000000,0.112768,0.070274
height,80.0,85.0,-120.0,-110.0,normal,0.000000,0.084922,0.052250
yaw,80.0,85.0,-120.0,-110.0,normal,0.000000,0.401671,0.104889
width,80.0,85.0,-120.0,-110.0,normal,0.000000,0.114259,0.083224
length,80.0,85.0,-120.0,-110.0,normal,0.000000,0.203165,0.115768
box_height,80.0,85.0,-120.0,-110.0,normal,0.000000,0.094437,0.062387
miss_detection,80.0,85.0,-110.0,-100.0,constant,1.000000,,
distal,80.0,85.0,-110.0,-100.0,normal,0.000000,0.126547,0.077571
perpendicular,80.0,85.0,-110.0,-100.0,normal,0.000000,0.112768,0.070274
height,80.0,85.0,-110.0,-100.0,normal,0.000000,0.084922,0.052250
yaw,80.0,85.0,-110.0,-100.0,normal,0.000000,0.401671,0.104889
width,80.0,85.0,-110.0,-100.0,normal,0.000000,0.114259,0.083224
length,80.0,85.0,-110.0,-100.0,normal,0.000000,0.203165,0.115768
box_height,80.0,85.0,-110.0,-100.0,normal,0.000000,0.094437,0.062387
miss_detection,80.0,85.0,-100.0,-90.0,constant,1.000000,,
distal,80.0,85.0,-100.0,-90.0,normal,0.000000,0.126547,0.077571
perpendicular,80.0,85.0,-100.0,-90.0,normal,0.000000,0.112768,0.070274
height,80.0,85.0,-100.0,-90.0,normal,0.000000,0.084922,0.052250
yaw,80.0,85.0,-100.0,-90.0,normal,0.000000,0.401671,0.104889
width,80.0,85.0,-100.0,-90.0,normal,0.000000,0.114259,0.083224
length,80.0,85.0,-100.0,-90.0,normal,0.000000,0.203165,0.115768
box_height,80.0,85.0,-100.0,-90.0,normal,0.000000,0.094437,0.062387
miss_detection,80.0,85.0,-90.0,-80.0,constant,1.000000,,
distal,80.0,85.0,-90.0,-80.0,normal,0.000000,0.126547,0.077571
perpendicular,80.0,85.0,-90.0,-80.0,normal,0.000000,0.112768,0.070274
height,80.0,85.0,-90.0,-80.0,normal,0.000000,0.084922,0.052250
yaw,80.0,85.0,-90.0,-80.0,normal,0.000000,0.401671,0.104889
width,80.0,85.0,-90.0,-80.0,normal,0.000000,0.114259,0.083224
length,80.0,85.0,-90.0,-80.0,normal,0.000000,0.203165,0.115768
box_height,80.0,85.0,-90.0,-80.0,normal,0.000000,0.094437,0.062387
miss_detection,80.0,85.0,-80.0,-70.0,constant,1.000000,,
distal,80.0,85.0,-80.0,-70.0,normal,0.000000,0.126547,0.077571
perpendicular,80.0,85.0,-80.0,-70.0,normal,0.000000,0.112768,0.070274
height,80.0,85.0,-80.0,-70.0,normal,0.000000,0.084922,0.052250
yaw,80.0,85.0,-80.0,-70.0,normal,0.000000,0.401671,0.104889
width,80.0,85.0,-80.0,-70.0,normal,0.000000,0.114259,0.083224
length,80.0,85.0,-80.0,-70.0,normal,0.000000,0.203165,0.115768
box_height,80.0,85.0,-80.0,-70.0,normal,0.000000,0.094437,0.062387
miss_detection,80.0,85.0,-70.0,-60.0,constant,1.000000,,
distal,80.0,85.0,-70.0,-60.0,normal,0.000000,0.126547,0.077571
perpendicular,80.0,85.0,-70.0,-60.0,normal,0.000000,0.112768,0.070274
height,80.0,85.0,-70.0,-60.0,normal,0.000000,0.084922,0.052250
yaw,80.0,85.0,-70.0,-60.0,normal,0.000000,0.401671,0.104889
width,80.0,85.0,-70.0,-60.0,normal,0.000000,0.114259,0.083224
length,80.0,85.0,-70.0,-60.0,normal,0.000000,0.203165,0.115768
box_height,80.0,85.0,-70.0,-60.0,normal,0.000000,0.094437,0.062387
miss_detection,80.0,85.0,-60.0,-50.0,constant,1.000000,,
distal,80.0,85.0,-60.0,-50.0,normal,0.000000,0.126547,0.077571
perpendicular,80.0,85.0,-60.0,-50.0,normal,0.000000,0.112768,0.070274
height,80.0,85.0,-60.0,-50.0,normal,0.000000,0.084922,0.052250
yaw,80.0,85.0,-60.0,-50.0,normal,0.000000,0.401671,0.104889
width,80.0,85.0,-60.0,-50.0,normal,0.000000,0.114259,0.083224
length,80.0,85.0,-60.0,-50.0,normal,0.000000,0.203165,0.115768
box_height,80.0,85.0,-60.0,-50.0,normal,0.000000,0.094437,0.062387
miss_detection,80.0,85.0,-50.0,-40.0,constant,1.000000,,
distal,80.0,85.0,-50.0,-40.0,normal,0.000000,0.126547,0.077571
perpendicular,80.0,85.0,-50.0,-40.0,normal,0.000000,0.112768,0.070274
height,80.0,85.0,-50.0,-40.0,normal,0.000000,0.084922,0.052250
yaw,80.0,85.0,-50.0,-40.0,normal,0.000000,0.401671,0.104889
width,80.0,85.0,-50.0,-40.0,normal,0.000000,0.114259,0.083224
length,80.0,85.0,-50.0,-40.0,normal,0.000000,0.203165,0.115768
box_height,80.0,85.0,-50.0,-40.0,normal,0.000000,0.094437,0.062387
miss_detection,80.0,85.0,-40.0,-30.0,constant,1.000000,,
distal,80.0,85.0,-40.0,-30.0,normal,0.000000,0.126547,0.077571
perpendicular,80.0,85.0,-40.0,-30.0,normal,0.000000,0.112768,0.070274
height,80.0,85.0,-40.0,-30.0,normal,0.000000,0.084922,0.052250
yaw,80.0,85.0,-40.0,-30.0,normal,0.000000,0.401671,0.104889
width,80.0,85.0,-40.0,-30.0,normal,0.000000,0.114259,0.083224
length,80.0,85.0,-40.0,-30.0,normal,0.000000,0.203165,0.115768
box_height,80.0,85.0,-40.0,-30.0,normal,0.000000,0.094437,0.062387
miss_detection,80.0,85.0,-30.0,-20.0,constant,1.000000,,
distal,80.0,85.0,-30.0,-20.0,normal,0.000000,0.126547,0.077571
perpendicular,80.0,85.0,-30.0,-20.0,normal,0.000000,0.112768,0.070274
height,80.0,85.0,-30.0,-20.0,normal,0.000000,0.084922,0.052250
yaw,80.0,85.0,-30.0,-20.0,normal,0.000000,0.401671,0.104889
width,80.0,85.0,-30.0,-20.0,normal,0.000000,0.114259,0.083224
length,80.0,85.0,-30.0,-20.0,normal,0.000000,0.203165,0.115768
box_height,80.0,85.0,-30.0,-20.0,normal,0.000000,0.094437,0.062387
miss_detection,80.0,85.0,-20.0,-10.0,constant,0.000000,,
distal,80.0,85.0,-20.0,-10.0,normal,0.000000,0.000000,0.054221
perpendicular,80.0,85.0,-20.0,-10.0,normal,0.000000,0.000000,0.038409
height,80.0,85.0,-20.0,-10.0,normal,0.000000,0.000000,0.147168
yaw,80.0,85.0,-20.0,-10.0,normal,0.000000,0.000000,0.022351
width,80.0,85.0,-20.0,-10.0,normal,0.000000,0.000000,0.094308
length,80.0,85.0,-20.0,-10.0,normal,0.000000,0.000000,0.003795
box_height,80.0,85.0,-20.0,-10.0,normal,0.000000,0.000000,0.038785
miss_detection,80.0,85.0,-10.0,0.0,constant,0.146919,,
distal,80.0,85.0,-10.0,0.0,normal,0.000000,0.146867,0.080529
perpendicular,80.0,85.0,-10.0,0.0,normal,0.000000,0.127494,0.096163
height,80.0,85.0,-10.0,0.0,normal,0.000000,0.113318,0.075744
yaw,80.0,85.0,-10.0,0.0,normal,0.000000,0.234264,0.067271
width,80.0,85.0,-10.0,0.0,normal,0.000000,0.143203,0.108394
length,80.0,85.0,-10.0,0.0,normal,0.000000,0.262697,0.129474
box_height,80.0,85.0,-10.0,0.0,normal,0.000000,0.113383,0.079764
miss_detection,80.0,85.0,0.0,10.0,constant,0.077052,,
distal,80.0,85.0,0.0,10.0,normal,0.000000,0.175054,0.093874
perpendicular,80.0,85.0,0.0,10.0,normal,0.000000,0.159163,0.102581
height,80.0,85.0,0.0,10.0,normal,0.000000,0.113389,0.078910
yaw,80.0,85.0,0.0,10.0,normal,0.000000,0.070077,0.053755
width,80.0,85.0,0.0,10.0,normal,0.000000,0.118747,0.089598
length,80.0,85.0,0.0,10.0,normal,0.000000,0.231664,0.114108
box_height,80.0,85.0,0.0,10.0,normal,0.000000,0.123007,0.087064
miss_detection,80.0,85.0,10.0,20.0,constant,0.104907,,
distal,80.0,85.0,10.0,20.0,normal,0.000000,0.104113,0.074024
perpendicular,80.0,85.0,10.0,20.0,normal,0.000000,0.127614,0.091884
height,80.0,85.0,10.0,20.0,normal,0.000000,0.120496,0.087402
yaw,80.0,85.0,10.0,20.0,normal,0.000000,0.083632,0.070494
width,80.0,85.0,10.0,20.0,normal,0.000000,0.119866,0.088039
length,80.0,85.0,10.0,20.0,normal,0.000000,0.145119,0.104034
box_height,80.0,85.0,10.0,20.0,normal,0.000000,0.108013,0.078288
miss_detection,80.0,85.0,20.0,30.0,constant,1.000000,,
distal,80.0,85.0,20.0,30.0,normal,0.000000,0.126547,0.077571
perpendicular,80.0,85.0,20.0,30.0,normal,0.000000,0.112768,0.070274
height,80.0,85.0,20.0,30.0,normal,0.000000,0.084922,0.052250
yaw,80.0,85.0,20.0,30.0,normal,0.000000,0.401671,0.104889
width,80.0,85.0,20.0,30.0,normal,0.000000,0.114259,0.083224
length,80.0,85.0,20.0,30.0,normal,0.000000,0.203165,0.115768
box_height,80.0,85.0,20.0,30.0,normal,0.000000,0.094437,0.062387
miss_detection,80.0,85.0,30.0,40.0,constant,1.000000,,
distal,80.0,85.0,30.0,40.0,normal,0.000000,0.126547,0.077571
perpendicular,80.0,85.0,30.0,40.0,normal,0.000000,0.112768,0.070274
height,80.0,85.0,30.0,40.0,normal,0.000000,0.084922,0.052250
yaw,80.0,85.0,30.0,40.0,normal,0.000000,0.401671,0.104889
width,80.0,85.0,30.0,40.0,normal,0.000000,0.114259,0.083224
length,80.0,85.0,30.0,40.0,normal,0.000000,0.203165,0.115768
box_height,80.0,85.0,30.0,40.0,normal,0.000000,0.094437,0.062387
miss_detection,80.0,85.0,40.0,50.0,constant,1.000000,,
distal,80.0,85.0,40.0,50.0,normal,0.000000,0.126547,0.077571
perpendicular,80.0,85.0,40.0,50.0,normal,0.000000,0.112768,0.070274
height,80.0,85.0,40.0,50.0,normal,0.000000,0.084922,0.052250
yaw,80.0,85.0,40.0,50.0,normal,0.000000,0.401671,0.104889
width,80.0,85.0,40.0,50.0,normal,0.000000,0.114259,0.083224
length,80.0,85.0,40.0,50.0,normal,0.000000,0.203165,0.115768
box_height,80.0,85.0,40.0,50.0,normal,0.000000,0.094437,0.062387
miss_detection,80.0,85.0,50.0,60.0,constant,1.000000,,
distal,80.0,85.0,50.0,60.0,normal,0.000000,0.126547,0.077571
perpendicular,80.0,85.0,50.0,60.0,normal,0.000000,0.112768,0.070274
height,80.0,85.0,50.0,60.0,normal,0.000000,0.084922,0.052250
yaw,80.0,85.0,50.0,60.0,normal,0.000000,0.401671,0.104889
width,80.0,85.0,50.0,60.0,normal,0.000000,0.114259,0.083224
length,80.0,85.0,50.0,60.0,normal,0.000000,0.203165,0.115768
box_height,80.0,85.0,50.0,60.0,normal,0.000000,0.094437,0.062387
miss_detection,80.0,85.0,60.0,70.0,constant,1.000000,,
distal,80.0,85.0,60.0,70.0,normal,0.000000,0.126547,0.077571
perpendicular,80.0,85.0,60.0,70.0,normal,0.000000,0.112768,0.070274
height,80.0,85.0,60.0,70.0,normal,0.000000,0.084922,0.052250
yaw,80.0,85.0,60.0,70.0,normal,0.000000,0.401671,0.104889
width,80.0,85.0,60.0,70.0,normal,0.000000,0.114259,0.083224
length,80.0,85.0,60.0,70.0,normal,0.000000,0.203165,0.115768
box_height,80.0,85.0,60.0,70.0,normal,0.000000,0.094437,0.062387
miss_detection,80.0,85.0,70.0,80.0,constant,1.000000,,
distal,80.0,85.0,70.0,80.0,normal,0.000000,0.126547,0.077571
perpendicular,80.0,85.0,70.0,80.0,normal,0.000000,0.112768,0.070274
height,80.0,85.0,70.0,80.0,normal,0.000000,0.084922,0.052250
yaw,80.0,85.0,70.0,80.0,normal,0.000000,0.401671,0.104889
width,80.0,85.0,70.0,80.0,normal,0.000000,0.114259,0.083224
length,80.0,85.0,70.0,80.0,normal,0.000000,0.203165,0.115768
box_height,80.0,85.0,70.0,80.0,normal,0.000000,0.094437,0.062387
miss_detection,80.0,85.0,80.0,90.0,constant,1.000000,,
distal,80.0,85.0,80.0,90.0,normal,0.000000,0.126547,0.077571
perpendicular,80.0,85.0,80.0,90.0,normal,0.000000,0.112768,0.070274
height,80.0,85.0,80.0,90.0,normal,0.000000,0.084922,0.052250
yaw,80.0,85.0,80.0,90.0,normal,0.000000,0.401671,0.104889
width,80.0,85.0,80.0,90.0,normal,0.000000,0.114259,0.083224
length,80.0,85.0,80.0,90.0,normal,0.000000,0.203165,0.115768
box_height,80.0,85.0,80.0,90.0,normal,0.000000,0.094437,0.062387
miss_detection,80.0,85.0,90.0,100.0,constant,1.000000,,
distal,80.0,85.0,90.0,100.0,normal,0.000000,0.126547,0.077571
perpendicular,80.0,85.0,90.0,100.0,normal,0.000000,0.112768,0.070274
height,80.0,85.0,90.0,100.0,normal,0.000000,0.084922,0.052250
yaw,80.0,85.0,90.0,100.0,normal,0.000000,0.401671,0.104889
width,80.0,85.0,90.0,100.0,normal,0.000000,0.114259,0.083224
length,80.0,85.0,90.0,100.0,normal,0.000000,0.203165,0.115768
box_height,80.0,85.0,90.0,100.0,normal,0.000000,0.094437,0.062387
miss_detection,80.0,85.0,100.0,110.0,constant,1.000000,,
distal,80.0,85.0,100.0,110.0,normal,0.000000,0.126547,0.077571
perpendicular,80.0,85.0,100.0,110.0,normal,0.000000,0.112768,0.070274
height,80.0,85.0,100.0,110.0,normal,0.000000,0.084922,0.052250
yaw,80.0,85.0,100.0,110.0,normal,0.000000,0.401671,0.104889
width,80.0,85.0,100.0,110.0,normal,0.000000,0.114259,0.083224
length,80.0,85.0,100.0,110.0,normal,0.000000,0.203165,0.115768
box_height,80.0,85.0,100.0,110.0,normal,0.000000,0.094437,0.062387
miss_detection,80.0,85.0,110.0,120.0,constant,1.000000,,
distal,80.0,85.0,110.0,120.0,normal,0.000000,0.126547,0.077571
perpendicular,80.0,85.0,110.0,120.0,normal,0.000000,0.112768,0.070274
height,80.0,85.0,110.0,120.0,normal,0.000000,0.084922,0.052250
yaw,80.0,85.0,110.0,120.0,normal,0.000000,0.401671,0.104889
width,80.0,85.0,110.0,120.0,normal,0.000000,0.114259,0.083224
length,80.0,85.0,110.0,120.0,normal,0.000000,0.203165,0.115768
box_height,80.0,85.0,110.0,120.0,normal,0.000000,0.094437,0.062387
miss_detection,80.0,85.0,120.0,130.0,constant,1.000000,,
distal,80.0,85.0,120.0,130.0,normal,0.000000,0.126547,0.077571
perpendicular,80.0,85.0,120.0,130.0,normal,0.000000,0.112768,0.070274
height,80.0,85.0,120.0,130.0,normal,0.000000,0.084922,0.052250
yaw,80.0,85.0,120.0,130.0,normal,0.000000,0.401671,0.104889
width,80.0,85.0,120.0,130.0,normal,0.000000,0.114259,0.083224
length,80.0,85.0,120.0,130.0,normal,0.000000,0.203165,0.115768
box_height,80.0,85.0,120.0,130.0,normal,0.000000,0.094437,0.062387
miss_detection,80.0,85.0,130.0,140.0,constant,1.000000,,
distal,80.0,85.0,130.0,140.0,normal,0.000000,0.126547,0.077571
perpendicular,80.0,85.0,130.0,140.0,normal,0.000000,0.112768,0.070274
height,80.0,85.0,130.0,140.0,normal,0.000000,0.084922,0.052250
yaw,80.0,85.0,130.0,140.0,normal,0.000000,0.401671,0.104889
width,80.0,85.0,130.0,140.0,normal,0.000000,0.114259,0.083224
length,80.0,85.0,130.0,140.0,normal,0.000000,0.203165,0.115768
box_height,80.0,85.0,130.0,140.0,normal,0.000000,0.094437,0.062387
miss_detection,80.0,85.0,140.0,150.0,constant,1.000000,,
distal,80.0,85.0,140.0,150.0,normal,0.000000,0.126547,0.077571
perpendicular,80.0,85.0,140.0,150.0,normal,0.000000,0.112768,0.070274
height,80.0,85.0,140.0,150.0,normal,0.000000,0.084922,0.052250
yaw,80.0,85.0,140.0,150.0,normal,0.000000,0.401671,0.104889
width,80.0,85.0,140.0,150.0,normal,0.000000,0.114259,0.083224
length,80.0,85.0,140.0,150.0,normal,0.000000,0.203165,0.115768
box_height,80.0,85.0,140.0,150.0,normal,0.000000,0.094437,0.062387
miss_detection,80.0,85.0,150.0,160.0,constant,1.000000,,
distal,80.0,85.0,150.0,160.0,normal,0.000000,0.126547,0.077571
perpendicular,80.0,85.0,150.0,160.0,normal,0.000000,0.112768,0.070274
height,80.0,85.0,150.0,160.0,normal,0.000000,0.084922,0.052250
yaw,80.0,85.0,150.0,160.0,normal,0.000000,0.401671,0.104889
width,80.0,85.0,150.0,160.0,normal,0.000000,0.114259,0.083224
length,80.0,85.0,150.0,160.0,normal,0.000000,0.203165,0.115768
box_height,80.0,85.0,150.0,160.0,normal,0.000000,0.094437,0.062387
miss_detection,80.0,85.0,160.0,170.0,constant,1.000000,,
distal,80.0,85.0,160.0,170.0,normal,0.000000,0.126547,0.077571
perpendicular,80.0,85.0,160.0,170.0,normal,0.000000,0.112768,0.070274
height,80.0,85.0,160.0,170.0,normal,0.000000,0.084922,0.052250
yaw,80.0,85.0,160.0,170.0,normal,0.000000,0.401671,0.104889
width,80.0,85.0,160.0,170.0,normal,0.000000,0.114259,0.083224
length,80.0,85.0,160.0,170.0,normal,0.000000,0.203165,0.115768
box_height,80.0,85.0,160.0,170.0,normal,0.000000,0.094437,0.062387
miss_detection,80.0,85.0,170.0,180.0,constant,1.000000,,
distal,80.0,85.0,170.0,180.0,normal,0.000000,0.126547,0.077571
perpendicular,80.0,85.0,170.0,180.0,normal,0.000000,0.112768,0.070274
height,80.0,85.0,170.0,180.0,normal,0.000000,0.084922,0.052250
yaw,80.0,85.0,170.0,180.0,normal,0.000000,0.401671,0.104889
width,80.0,85.0,170.0,180.0,normal,0.000000,0.114259,0.083224
length,80.0,85.0,170.0,180.0,normal,0.000000,0.203165,0.115768
box_height,80.0,85.0,170.0,180.0,normal,0.000000,0.094437,0.062387
miss_detection,85.0,90.0,-180.0,-170.0,constant,1.000000,,
distal,85.0,90.0,-180.0,-170.0,normal,0.000000,0.126547,0.077571
perpendicular,85.0,90.0,-180.0,-170.0,normal,0.000000,0.112768,0.070274
height,85.0,90.0,-180.0,-170.0,normal,0.000000,0.084922,0.052250
yaw,85.0,90.0,-180.0,-170.0,normal,0.000000,0.401671,0.104889
width,85.0,90.0,-180.0,-170.0,normal,0.000000,0.114259,0.083224
length,85.0,90.0,-180.0,-170.0,normal,0.000000,0.203165,0.115768
box_height,85.0,90.0,-180.0,-170.0,normal,0.000000,0.094437,0.062387
miss_detection,85.0,90.0,-170.0,-160.0,constant,1.000000,,
distal,85.0,90.0,-170.0,-160.0,normal,0.000000,0.126547,0.077571
perpendicular,85.0,90.0,-170.0,-160.0,normal,0.000000,0.112768,0.070274
height,85.0,90.0,-170.0,-160.0,normal,0.000000,0.084922,0.052250
yaw,85.0,90.0,-170.0,-160.0,normal,0.000000,0.401671,0.104889
width,85.0,90.0,-170.0,-160.0,normal,0.000000,0.114259,0.083224
length,85.0,90.0,-170.0,-160.0,normal,0.000000,0.203165,0.115768
box_height,85.0,90.0,-170.0,-160.0,normal,0.000000,0.094437,0.062387
miss_detection,85.0,90.0,-160.0,-150.0,constant,1.000000,,
distal,85.0,90.0,-160.0,-150.0,normal,0.000000,0.126547,0.077571
perpendicular,85.0,90.0,-160.0,-150.0,normal,0.000000,0.112768,0.070274
height,85.0,90.0,-160.0,-150.0,normal,0.000000,0.084922,0.052250
yaw,85.0,90.0,-160.0,-150.0,normal,0.000000,0.401671,0.104889
width,85.0,90.0,-160.0,-150.0,normal,0.000000,0.114259,0.083224
length,85.0,90.0,-160.0,-150.0,normal,0.000000,0.203165,0.115768
box_height,85.0,90.0,-160.0,-150.0,normal,0.000000,0.094437,0.062387
miss_detection,85.0,90.0,-150.0,-140.0,constant,1.000000,,
distal,85.0,90.0,-150.0,-140.0,normal,0.000000,0.126547,0.077571
perpendicular,85.0,90.0,-150.0,-140.0,normal,0.000000,0.112768,0.070274
height,85.0,90.0,-150.0,-140.0,normal,0.000000,0.084922,0.052250
yaw,85.0,90.0,-150.0,-140.0,normal,0.000000,0.401671,0.104889
width,85.0,90.0,-150.0,-140.0,normal,0.000000,0.114259,0.083224
length,85.0,90.0,-150.0,-140.0,normal,0.000000,0.203165,0.115768
box_height,85.0,90.0,-150.0,-140.0,normal,0.000000,0.094437,0.062387
miss_detection,85.0,90.0,-140.0,-130.0,constant,1.000000,,
distal,85.0,90.0,-140.0,-130.0,normal,0.000000,0.126547,0.077571
perpendicular,85.0,90.0,-140.0,-130.0,normal,0.000000,0.112768,0.070274
height,85.0,90.0,-140.0,-130.0,normal,0.000000,0.084922,0.052250
yaw,85.0,90.0,-140.0,-130.0,normal,0.000000,0.401671,0.104889
width,85.0,90.0,-140.0,-130.0,normal,0.000000,0.114259,0.083224
length,85.0,90.0,-140.0,-130.0,normal,0.000000,0.203165,0.115768
box_height,85.0,90.0,-140.0,-130.0,normal,0.000000,0.094437,0.062387
miss_detection,85.0,90.0,-130.0,-120.0,constant,1.000000,,
distal,85.0,90.0,-130.0,-120.0,normal,0.000000,0.126547,0.077571
perpendicular,85.0,90.0,-130.0,-120.0,normal,0.000000,0.112768,0.070274
height,85.0,90.0,-130.0,-120.0,normal,0.000000,0.084922,0.052250
yaw,85.0,90.0,-130.0,-120.0,normal,0.000000,0.401671,0.104889
width,85.0,90.0,-130.0,-120.0,normal,0.000000,0.114259,0.083224
length,85.0,90.0,-130.0,-120.0,normal,0.000000,0.203165,0.115768
box_height,85.0,90.0,-130.0,-120.0,normal,0.000000,0.094437,0.062387
miss_detection,85.0,90.0,-120.0,-110.0,constant,1.000000,,
distal,85.0,90.0,-120.0,-110.0,normal,0.000000,0.126547,0.077571
perpendicular,85.0,90.0,-120.0,-110.0,normal,0.000000,0.112768,0.070274
height,85.0,90.0,-120.0,-110.0,normal,0.000000,0.084922,0.052250
yaw,85.0,90.0,-120.0,-110.0,normal,0.000000,0.401671,0.104889
width,85.0,90.0,-120.0,-110.0,normal,0.000000,0.114259,0.083224
length,85.0,90.0,-120.0,-110.0,normal,0.000000,0.203165,0.115768
box_height,85.0,90.0,-120.0,-110.0,normal,0.000000,0.094437,0.062387
miss_detection,85.0,90.0,-110.0,-100.0,constant,1.000000,,
distal,85.0,90.0,-110.0,-100.0,normal,0.000000,0.126547,0.077571
perpendicular,85.0,90.0,-110.0,-100.0,normal,0.000000,0.112768,0.070274
height,85.0,90.0,-110.0,-100.0,normal,0.000000,0.084922,0.052250
yaw,85.0,90.0,-110.0,-100.0,normal,0.000000,0.401671,0.104889
width,85.0,90.0,-110.0,-100.0,normal,0.000000,0.114259,0.083224
length,85.0,90.0,-110.0,-100.0,normal,0.000000,0.203165,0.115768
box_height,85.0,90.0,-110.0,-100.0,normal,0.000000,0.094437,0.062387
miss_detection,85.0,90.0,-100.0,-90.0,constant,1.000000,,
distal,85.0,90.0,-100.0,-90.0,normal,0.000000,0.126547,0.077571
perpendicular,85.0,90.0,-100.0,-90.0,normal,0.000000,0.112768,0.070274
height,85.0,90.0,-100.0,-90.0,normal,0.000000,0.084922,0.052250
yaw,85.0,90.0,-100.0,-90.0,normal,0.000000,0.401671,0.104889
width,85.0,90.0,-100.0,-90.0,normal,0.000000,0.114259,0.083224
length,85.0,90.0,-100.0,-90.0,normal,0.000000,0.203165,0.115768
box_height,85.0,90.0,-100.0,-90.0,normal,0.000000,0.094437,0.062387
miss_detection,85.0,90.0,-90.0,-80.0,constant,1.000000,,
distal,85.0,90.0,-90.0,-80.0,normal,0.000000,0.126547,0.077571
perpendicular,85.0,90.0,-90.0,-80.0,normal,0.000000,0.112768,0.070274
height,85.0,90.0,-90.0,-80.0,normal,0.000000,0.084922,0.052250
yaw,85.0,90.0,-90.0,-80.0,normal,0.000000,0.401671,0.104889
width,85.0,90.0,-90.0,-80.0,normal,0.000000,0.114259,0.083224
length,85.0,90.0,-90.0,-80.0,normal,0.000000,0.203165,0.115768
box_height,85.0,90.0,-90.0,-80.0,normal,0.000000,0.094437,0.062387
miss_detection,85.0,90.0,-80.0,-70.0,constant,1.000000,,
distal,85.0,90.0,-80.0,-70.0,normal,0.000000,0.126547,0.077571
perpendicular,85.0,90.0,-80.0,-70.0,normal,0.000000,0.112768,0.070274
height,85.0,90.0,-80.0,-70.0,normal,0.000000,0.084922,0.052250
yaw,85.0,90.0,-80.0,-70.0,normal,0.000000,0.401671,0.104889
width,85.0,90.0,-80.0,-70.0,normal,0.000000,0.114259,0.083224
length,85.0,90.0,-80.0,-70.0,normal,0.000000,0.203165,0.115768
box_height,85.0,90.0,-80.0,-70.0,normal,0.000000,0.094437,0.062387
miss_detection,85.0,90.0,-70.0,-60.0,constant,1.000000,,
distal,85.0,90.0,-70.0,-60.0,normal,0.000000,0.126547,0.077571
perpendicular,85.0,90.0,-70.0,-60.0,normal,0.000000,0.112768,0.070274
height,85.0,90.0,-70.0,-60.0,normal,0.000000,0.084922,0.052250
yaw,85.0,90.0,-70.0,-60.0,normal,0.000000,0.401671,0.104889
width,85.0,90.0,-70.0,-60.0,normal,0.000000,0.114259,0.083224
length,85.0,90.0,-70.0,-60.0,normal,0.000000,0.203165,0.115768
box_height,85.0,90.0,-70.0,-60.0,normal,0.000000,0.094437,0.062387
miss_detection,85.0,90.0,-60.0,-50.0,constant,1.000000,,
distal,85.0,90.0,-60.0,-50.0,normal,0.000000,0.126547,0.077571
perpendicular,85.0,90.0,-60.0,-50.0,normal,0.000000,0.112768,0.070274
height,85.0,90.0,-60.0,-50.0,normal,0.000000,0.084922,0.052250
yaw,85.0,90.0,-60.0,-50.0,normal,0.000000,0.401671,0.104889
width,85.0,90.0,-60.0,-50.0,normal,0.000000,0.114259,0.083224
length,85.0,90.0,-60.0,-50.0,normal,0.000000,0.203165,0.115768
box_height,85.0,90.0,-60.0,-50.0,normal,0.000000,0.094437,0.062387
miss_detection,85.0,90.0,-50.0,-40.0,constant,1.000000,,
distal,85.0,90.0,-50.0,-40.0,normal,0.000000,0.126547,0.077571
perpendicular,85.0,90.0,-50.0,-40.0,normal,0.000000,0.112768,0.070274
height,85.0,90.0,-50.0,-40.0,normal,0.000000,0.084922,0.052250
yaw,85.0,90.0,-50.0,-40.0,normal,0.000000,0.401671,0.104889
width,85.0,90.0,-50.0,-40.0,normal,0.000000,0.114259,0.083224
length,85.0,90.0,-50.0,-40.0,normal,0.000000,0.203165,0.115768
box_height,85.0,90.0,-50.0,-40.0,normal,0.000000,0.094437,0.062387
miss_detection,85.0,90.0,-40.0,-30.0,constant,1.000000,,
distal,85.0,90.0,-40.0,-30.0,normal,0.000000,0.126547,0.077571
perpendicular,85.0,90.0,-40.0,-30.0,normal,0.000000,0.112768,0.070274
height,85.0,90.0,-40.0,-30.0,normal,0.000000,0.084922,0.052250
yaw,85.0,90.0,-40.0,-30.0,normal,0.000000,0.401671,0.104889
width,85.0,90.0,-40.0,-30.0,normal,0.000000,0.114259,0.083224
length,85.0,90.0,-40.0,-30.0,normal,0.000000,0.203165,0.115768
box_height,85.0,90.0,-40.0,-30.0,normal,0.000000,0.094437,0.062387
miss_detection,85.0,90.0,-30.0,-20.0,constant,1.000000,,
distal,85.0,90.0,-30.0,-20.0,normal,0.000000,0.126547,0.077571
perpendicular,85.0,90.0,-30.0,-20.0,normal,0.000000,0.112768,0.070274
height,85.0,90.0,-30.0,-20.0,normal,0.000000,0.084922,0.052250
yaw,85.0,90.0,-30.0,-20.0,normal,0.000000,0.401671,0.104889
width,85.0,90.0,-30.0,-20.0,normal,0.000000,0.114259,0.083224
length,85.0,90.0,-30.0,-20.0,normal,0.000000,0.203165,0.115768
box_height,85.0,90.0,-30.0,-20.0,normal,0.000000,0.094437,0.062387
miss_detection,85.0,90.0,-20.0,-10.0,constant,1.000000,,
distal,85.0,90.0,-20.0,-10.0,normal,0.000000,0.126547,0.077571
perpendicular,85.0,90.0,-20.0,-10.0,normal,0.000000,0.112768,0.070274
height,85.0,90.0,-20.0,-10.0,normal,0.000000,0.084922,0.052250
yaw,85.0,90.0,-20.0,-10.0,normal,0.000000,0.401671,0.104889
width,85.0,90.0,-20.0,-10.0,normal,0.000000,0.114259,0.083224
length,85.0,90.0,-20.0,-10.0,normal,0.000000,0.203165,0.115768
box_height,85.0,90.0,-20.0,-10.0,normal,0.000000,0.094437,0.062387
miss_detection,85.0,90.0,-10.0,0.0,constant,0.127764,,
distal,85.0,90.0,-10.0,0.0,normal,0.000000,0.123743,0.076154
perpendicular,85.0,90.0,-10.0,0.0,normal,0.000000,0.130233,0.102431
height,85.0,90.0,-10.0,0.0,normal,0.000000,0.116268,0.085057
yaw,85.0,90.0,-10.0,0.0,normal,0.000000,0.059121,0.046209
width,85.0,90.0,-10.0,0.0,normal,0.000000,0.136504,0.103085
length,85.0,90.0,-10.0,0.0,normal,0.000000,0.238593,0.118459
box_height,85.0,90.0,-10.0,0.0,normal,0.000000,0.120789,0.086660
miss_detection,85.0,90.0,0.0,10.0,constant,0.192941,,
distal,85.0,90.0,0.0,10.0,normal,0.000000,0.145800,0.085769
perpendicular,85.0,90.0,0.0,10.0,normal,0.000000,0.156902,0.114048
height,85.0,90.0,0.0,10.0,normal,0.000000,0.189329,0.138346
yaw,85.0,90.0,0.0,10.0,normal,0.000000,0.178315,0.063630
width,85.0,90.0,0.0,10.0,normal,0.000000,0.104269,0.075477
length,85.0,90.0,0.0,10.0,normal,0.000000,0.241005,0.103465
box_height,85.0,90.0,0.0,10.0,normal,0.000000,0.115240,0.079339
miss_detection,85.0,90.0,10.0,20.0,constant,0.288372,,
distal,85.0,90.0,10.0,20.0,normal,0.000000,0.121067,0.079437
perpendicular,85.0,90.0,10.0,20.0,normal,0.000000,0.146264,0.101695
height,85.0,90.0,10.0,20.0,normal,0.000000,0.160538,0.112351
yaw,85.0,90.0,10.0,20.0,normal,0.000000,0.097804,0.075754
width,85.0,90.0,10.0,20.0,normal,0.000000,0.121266,0.087847
length,85.0,90.0,10.0,20.0,normal,0.000000,0.133078,0.095181
box_height,85.0,90.0,10.0,20.0,normal,0.000000,0.113419,0.084655
miss_detection,85.0,90.0,20.0,30.0,constant,1.000000,,
distal,85.0,90.0,20.0,30.0,normal,0.000000,0.126547,0.077571
perpendicular,85.0,90.0,20.0,30.0,normal,0.000000,0.112768,0.070274
height,85.0,90.0,20.0,30.0,normal,0.000000,0.084922,0.052250
yaw,85.0,90.0,20.0,30.0,normal,0.000000,0.401671,0.104889
width,85.0,90.0,20.0,30.0,normal,0.000000,0.114259,0.083224
length,85.0,90.0,20.0,30.0,normal,0.000000,0.203165,0.115768
box_height,85.0,90.0,20.0,30.0,normal,0.000000,0.094437,0.062387
miss_detection,85.0,90.0,30.0,40.0,constant,1.000000,,
distal,85.0,90.0,30.0,40.0,normal,0.000000,0.126547,0.077571
perpendicular,85.0,90.0,30.0,40.0,normal,0.000000,0.112768,0.070274
height,85.0,90.0,30.0,40.0,normal,0.000000,0.084922,0.052250
yaw,85.0,90.0,30.0,40.0,normal,0.000000,0.401671,0.104889
width,85.0,90.0,30.0,40.0,normal,0.000000,0.114259,0.083224
length,85.0,90.0,30.0,40.0,normal,0.000000,0.203165,0.115768
box_height,85.0,90.0,30.0,40.0,normal,0.000000,0.094437,0.062387
miss_detection,85.0,90.0,40.0,50.0,constant,1.000000,,
distal,85.0,90.0,40.0,50.0,normal,0.000000,0.126547,0.077571
perpendicular,85.0,90.0,40.0,50.0,normal,0.000000,0.112768,0.070274
height,85.0,90.0,40.0,50.0,normal,0.000000,0.084922,0.052250
yaw,85.0,90.0,40.0,50.0,normal,0.000000,0.401671,0.104889
width,85.0,90.0,40.0,50.0,normal,0.000000,0.114259,0.083224
length,85.0,90.0,40.0,50.0,normal,0.000000,0.203165,0.115768
box_height,85.0,90.0,40.0,50.0,normal,0.000000,0.094437,0.062387
miss_detection,85.0,90.0,50.0,60.0,constant,1.000000,,
distal,85.0,90.0,50.0,60.0,normal,0.000000,0.126547,0.077571
perpendicular,85.0,90.0,50.0,60.0,normal,0.000000,0.112768,0.070274
height,85.0,90.0,50.0,60.0,normal,0.000000,0.084922,0.052250
yaw,85.0,90.0,50.0,60.0,normal,0.000000,0.401671,0.104889
width,85.0,90.0,50.0,60.0,normal,0.000000,0.114259,0.083224
length,85.0,90.0,50.0,60.0,normal,0.000000,0.203165,0.115768
box_height,85.0,90.0,50.0,60.0,normal,0.000000,0.094437,0.062387
miss_detection,85.0,90.0,60.0,70.0,constant,1.000000,,
distal,85.0,90.0,60.0,70.0,normal,0.000000,0.126547,0.077571
perpendicular,85.0,90.0,60.0,70.0,normal,0.000000,0.112768,0.070274
height,85.0,90.0,60.0,70.0,normal,0.000000,0.084922,0.052250
yaw,85.0,90.0,60.0,70.0,normal,0.000000,0.401671,0.104889
width,85.0,90.0,60.0,70.0,normal,0.000000,0.114259,0.083224
length,85.0,90.0,60.0,70.0,normal,0.000000,0.203165,0.115768
box_height,85.0,90.0,60.0,70.0,normal,0.000000,0.094437,0.062387
miss_detection,85.0,90.0,70.0,80.0,constant,1.000000,,
distal,85.0,90.0,70.0,80.0,normal,0.000000,0.126547,0.077571
perpendicular,85.0,90.0,70.0,80.0,normal,0.000000,0.112768,0.070274
height,85.0,90.0,70.0,80.0,normal,0.000000,0.084922,0.052250
yaw,85.0,90.0,70.0,80.0,normal,0.000000,0.401671,0.104889
width,85.0,90.0,70.0,80.0,normal,0.000000,0.114259,0.083224
length,85.0,90.0,70.0,80.0,normal,0.000000,0.203165,0.115768
box_height,85.0,90.0,70.0,80.0,normal,0.000000,0.094437,0.062387
miss_detection,85.0,90.0,80.0,90.0,constant,1.000000,,
distal,85.0,90.0,80.0,90.0,normal,0.000000,0.126547,0.077571
perpendicular,85.0,90.0,80.0,90.0,normal,0.000000,0.112768,0.070274
height,85.0,90.0,80.0,90.0,normal,0.000000,0.084922,0.052250
yaw,85.0,90.0,80.0,90.0,normal,0.000000,0.401671,0.104889
width,85.0,90.0,80.0,90.0,normal,0.000000,0.114259,0.083224
length,85.0,90.0,80.0,90.0,normal,0.000000,0.203165,0.115768
box_height,85.0,90.0,80.0,90.0,normal,0.000000,0.094437,0.062387
miss_detection,85.0,90.0,90.0,100.0,constant,1.000000,,
distal,85.0,90.0,90.0,100.0,normal,0.000000,0.126547,0.077571
perpendicular,85.0,90.0,90.0,100.0,normal,0.000000,0.112768,0.070274
height,85.0,90.0,90.0,100.0,normal,0.000000,0.084922,0.052250
yaw,85.0,90.0,90.0,100.0,normal,0.000000,0.401671,0.104889
width,85.0,90.0,90.0,100.0,normal,0.000000,0.114259,0.083224
length,85.0,90.0,90.0,100.0,normal,0.000000,0.203165,0.115768
box_height,85.0,90.0,90.0,100.0,normal,0.000000,0.094437,0.062387
miss_detection,85.0,90.0,100.0,110.0,constant,1.000000,,
distal,85.0,90.0,100.0,110.0,normal,0.000000,0.126547,0.077571
perpendicular,85.0,90.0,100.0,110.0,normal,0.000000,0.112768,0.070274
height,85.0,90.0,100.0,110.0,normal,0.000000,0.084922,0.052250
yaw,85.0,90.0,100.0,110.0,normal,0.000000,0.401671,0.104889
width,85.0,90.0,100.0,110.0,normal,0.000000,0.114259,0.083224
length,85.0,90.0,100.0,110.0,normal,0.000000,0.203165,0.115768
box_height,85.0,90.0,100.0,110.0,normal,0.000000,0.094437,0.062387
miss_detection,85.0,90.0,110.0,120.0,constant,1.000000,,
distal,85.0,90.0,110.0,120.0,normal,0.000000,0.126547,0.077571
perpendicular,85.0,90.0,110.0,120.0,normal,0.000000,0.112768,0.070274
height,85.0,90.0,110.0,120.0,normal,0.000000,0.084922,0.052250
yaw,85.0,90.0,110.0,120.0,normal,0.000000,0.401671,0.104889
width,85.0,90.0,110.0,120.0,normal,0.000000,0.114259,0.083224
length,85.0,90.0,110.0,120.0,normal,0.000000,0.203165,0.115768
box_height,85.0,90.0,110.0,120.0,normal,0.000000,0.094437,0.062387
miss_detection,85.0,90.0,120.0,130.0,constant,1.000000,,
distal,85.0,90.0,120.0,130.0,normal,0.000000,0.126547,0.077571
perpendicular,85.0,90.0,120.0,130.0,normal,0.000000,0.112768,0.070274
height,85.0,90.0,120.0,130.0,normal,0.000000,0.084922,0.052250
yaw,85.0,90.0,120.0,130.0,normal,0.000000,0.401671,0.104889
width,85.0,90.0,120.0,130.0,normal,0.000000,0.114259,0.083224
length,85.0,90.0,120.0,130.0,normal,0.000000,0.203165,0.115768
box_height,85.0,90.0,120.0,130.0,normal,0.000000,0.094437,0.062387
miss_detection,85.0,90.0,130.0,140.0,constant,1.000000,,
distal,85.0,90.0,130.0,140.0,normal,0.000000,0.126547,0.077571
perpendicular,85.0,90.0,130.0,140.0,normal,0.000000,0.112768,0.070274
height,85.0,90.0,130.0,140.0,normal,0.000000,0.084922,0.052250
yaw,85.0,90.0,130.0,140.0,normal,0.000000,0.401671,0.104889
width,85.0,90.0,130.0,140.0,normal,0.000000,0.114259,0.083224
length,85.0,90.0,130.0,140.0,normal,0.000000,0.203165,0.115768
box_height,85.0,90.0,130.0,140.0,normal,0.000000,0.094437,0.062387
miss_detection,85.0,90.0,140.0,150.0,constant,1.000000,,
distal,85.0,90.0,140.0,150.0,normal,0.000000,0.126547,0.077571
perpendicular,85.0,90.0,140.0,150.0,normal,0.000000,0.112768,0.070274
height,85.0,90.0,140.0,150.0,normal,0.000000,0.084922,0.052250
yaw,85.0,90.0,140.0,150.0,normal,0.000000,0.401671,0.104889
width,85.0,90.0,140.0,150.0,normal,0.000000,0.114259,0.083224
length,85.0,90.0,140.0,150.0,normal,0.000000,0.203165,0.115768
box_height,85.0,90.0,140.0,150.0,normal,0.000000,0.094437,0.062387
miss_detection,85.0,90.0,150.0,160.0,constant,1.000000,,
distal,85.0,90.0,150.0,160.0,normal,0.000000,0.126547,0.077571
perpendicular,85.0,90.0,150.0,160.0,normal,0.000000,0.112768,0.070274
height,85.0,90.0,150.0,160.0,normal,0.000000,0.084922,0.052250
yaw,85.0,90.0,150.0,160.0,normal,0.000000,0.401671,0.104889
width,85.0,90.0,150.0,160.0,normal,0.000000,0.114259,0.083224
length,85.0,90.0,150.0,160.0,normal,0.000000,0.203165,0.115768
box_height,85.0,90.0,150.0,160.0,normal,0.000000,0.094437,0.062387
miss_detection,85.0,90.0,160.0,170.0,constant,1.000000,,
distal,85.0,90.0,160.0,170.0,normal,0.000000,0.126547,0.077571
perpendicular,85.0,90.0,160.0,170.0,normal,0.000000,0.112768,0.070274
height,85.0,90.0,160.0,170.0,normal,0.000000,0.084922,0.052250
yaw,85.0,90.0,160.0,170.0,normal,0.000000,0.401671,0.104889
width,85.0,90.0,160.0,170.0,normal,0.000000,0.114259,0.083224
length,85.0,90.0,160.0,170.0,normal,0.000000,0.203165,0.115768
box_height,85.0,90.0,160.0,170.0,normal,0.000000,0.094437,0.062387
miss_detection,85.0,90.0,170.0,180.0,constant,1.000000,,
distal,85.0,90.0,170.0,180.0,normal,0.000000,0.126547,0.077571
perpendicular,85.0,90.0,170.0,180.0,normal,0.000000,0.112768,0.070274
height,85.0,90.0,170.0,180.0,normal,0.000000,0.084922,0.052250
yaw,85.0,90.0,170.0,180.0,normal,0.000000,0.401671,0.104889
width,85.0,90.0,170.0,180.0,normal,0.000000,0.114259,0.083224
length,85.0,90.0,170.0,180.0,normal,0.000000,0.203165,0.115768
box_height,85.0,90.0,170.0,180.0,normal,0.000000,0.094437,0.062387
miss_detection,90.0,95.0,-180.0,-170.0,constant,1.000000,,
distal,90.0,95.0,-180.0,-170.0,normal,0.000000,0.126547,0.077571
perpendicular,90.0,95.0,-180.0,-170.0,normal,0.000000,0.112768,0.070274
height,90.0,95.0,-180.0,-170.0,normal,0.000000,0.084922,0.052250
yaw,90.0,95.0,-180.0,-170.0,normal,0.000000,0.401671,0.104889
width,90.0,95.0,-180.0,-170.0,normal,0.000000,0.114259,0.083224
length,90.0,95.0,-180.0,-170.0,normal,0.000000,0.203165,0.115768
box_height,90.0,95.0,-180.0,-170.0,normal,0.000000,0.094437,0.062387
miss_detection,90.0,95.0,-170.0,-160.0,constant,1.000000,,
distal,90.0,95.0,-170.0,-160.0,normal,0.000000,0.126547,0.077571
perpendicular,90.0,95.0,-170.0,-160.0,normal,0.000000,0.112768,0.070274
height,90.0,95.0,-170.0,-160.0,normal,0.000000,0.084922,0.052250
yaw,90.0,95.0,-170.0,-160.0,normal,0.000000,0.401671,0.104889
width,90.0,95.0,-170.0,-160.0,normal,0.000000,0.114259,0.083224
length,90.0,95.0,-170.0,-160.0,normal,0.000000,0.203165,0.115768
box_height,90.0,95.0,-170.0,-160.0,normal,0.000000,0.094437,0.062387
miss_detection,90.0,95.0,-160.0,-150.0,constant,1.000000,,
distal,90.0,95.0,-160.0,-150.0,normal,0.000000,0.126547,0.077571
perpendicular,90.0,95.0,-160.0,-150.0,normal,0.000000,0.112768,0.070274
height,90.0,95.0,-160.0,-150.0,normal,0.000000,0.084922,0.052250
yaw,90.0,95.0,-160.0,-150.0,normal,0.000000,0.401671,0.104889
width,90.0,95.0,-160.0,-150.0,normal,0.000000,0.114259,0.083224
length,90.0,95.0,-160.0,-150.0,normal,0.000000,0.203165,0.115768
box_height,90.0,95.0,-160.0,-150.0,normal,0.000000,0.094437,0.062387
miss_detection,90.0,95.0,-150.0,-140.0,constant,1.000000,,
distal,90.0,95.0,-150.0,-140.0,normal,0.000000,0.126547,0.077571
perpendicular,90.0,95.0,-150.0,-140.0,normal,0.000000,0.112768,0.070274
height,90.0,95.0,-150.0,-140.0,normal,0.000000,0.084922,0.052250
yaw,90.0,95.0,-150.0,-140.0,normal,0.000000,0.401671,0.104889
width,90.0,95.0,-150.0,-140.0,normal,0.000000,0.114259,0.083224
length,90.0,95.0,-150.0,-140.0,normal,0.000000,0.203165,0.115768
box_height,90.0,95.0,-150.0,-140.0,normal,0.000000,0.094437,0.062387
miss_detection,90.0,95.0,-140.0,-130.0,constant,1.000000,,
distal,90.0,95.0,-140.0,-130.0,normal,0.000000,0.126547,0.077571
perpendicular,90.0,95.0,-140.0,-130.0,normal,0.000000,0.112768,0.070274
height,90.0,95.0,-140.0,-130.0,normal,0.000000,0.084922,0.052250
yaw,90.0,95.0,-140.0,-130.0,normal,0.000000,0.401671,0.104889
width,90.0,95.0,-140.0,-130.0,normal,0.000000,0.114259,0.083224
length,90.0,95.0,-140.0,-130.0,normal,0.000000,0.203165,0.115768
box_height,90.0,95.0,-140.0,-130.0,normal,0.000000,0.094437,0.062387
miss_detection,90.0,95.0,-130.0,-120.0,constant,1.000000,,
distal,90.0,95.0,-130.0,-120.0,normal,0.000000,0.126547,0.077571
perpendicular,90.0,95.0,-130.0,-120.0,normal,0.000000,0.112768,0.070274
height,90.0,95.0,-130.0,-120.0,normal,0.000000,0.084922,0.052250
yaw,90.0,95.0,-130.0,-120.0,normal,0.000000,0.401671,0.104889
width,90.0,95.0,-130.0,-120.0,normal,0.000000,0.114259,0.083224
length,90.0,95.0,-130.0,-120.0,normal,0.000000,0.203165,0.115768
box_height,90.0,95.0,-130.0,-120.0,normal,0.000000,0.094437,0.062387
miss_detection,90.0,95.0,-120.0,-110.0,constant,1.000000,,
distal,90.0,95.0,-120.0,-110.0,normal,0.000000,0.126547,0.077571
perpendicular,90.0,95.0,-120.0,-110.0,normal,0.000000,0.112768,0.070274
height,90.0,95.0,-120.0,-110.0,normal,0.000000,0.084922,0.052250
yaw,90.0,95.0,-120.0,-110.0,normal,0.000000,0.401671,0.104889
width,90.0,95.0,-120.0,-110.0,normal,0.000000,0.114259,0.083224
length,90.0,95.0,-120.0,-110.0,normal,0.000000,0.203165,0.115768
box_height,90.0,95.0,-120.0,-110.0,normal,0.000000,0.094437,0.062387
miss_detection,90.0,95.0,-110.0,-100.0,constant,1.000000,,
distal,90.0,95.0,-110.0,-100.0,normal,0.000000,0.126547,0.077571
perpendicular,90.0,95.0,-110.0,-100.0,normal,0.000000,0.112768,0.070274
height,90.0,95.0,-110.0,-100.0,normal,0.000000,0.084922,0.052250
yaw,90.0,95.0,-110.0,-100.0,normal,0.000000,0.401671,0.104889
width,90.0,95.0,-110.0,-100.0,normal,0.000000,0.114259,0.083224
length,90.0,95.0,-110.0,-100.0,normal,0.000000,0.203165,0.115768
box_height,90.0,95.0,-110.0,-100.0,normal,0.000000,0.094437,0.062387
miss_detection,90.0,95.0,-100.0,-90.0,constant,1.000000,,
distal,90.0,95.0,-100.0,-90.0,normal,0.000000,0.126547,0.077571
perpendicular,90.0,95.0,-100.0,-90.0,normal,0.000000,0.112768,0.070274
height,90.0,95.0,-100.0,-90.0,normal,0.000000,0.084922,0.052250
yaw,90.0,95.0,-100.0,-90.0,normal,0.000000,0.401671,0.104889
width,90.0,95.0,-100.0,-90.0,normal,0.000000,0.114259,0.083224
length,90.0,95.0,-100.0,-90.0,normal,0.000000,0.203165,0.115768
box_height,90.0,95.0,-100.0,-90.0,normal,0.000000,0.094437,0.062387
miss_detection,90.0,95.0,-90.0,-80.0,constant,1.000000,,
distal,90.0,95.0,-90.0,-80.0,normal,0.000000,0.126547,0.077571
perpendicular,90.0,95.0,-90.0,-80.0,normal,0.000000,0.112768,0.070274
height,90.0,95.0,-90.0,-80.0,normal,0.000000,0.084922,0.052250
yaw,90.0,95.0,-90.0,-80.0,normal,0.000000,0.401671,0.104889
width,90.0,95.0,-90.0,-80.0,normal,0.000000,0.114259,0.083224
length,90.0,95.0,-90.0,-80.0,normal,0.000000,0.203165,0.115768
box_height,90.0,95.0,-90.0,-80.0,normal,0.000000,0.094437,0.062387
miss_detection,90.0,95.0,-80.0,-70.0,constant,1.000000,,
distal,90.0,95.0,-80.0,-70.0,normal,0.000000,0.126547,0.077571
perpendicular,90.0,95.0,-80.0,-70.0,normal,0.000000,0.112768,0.070274
height,90.0,95.0,-80.0,-70.0,normal,0.000000,0.084922,0.052250
yaw,90.0,95.0,-80.0,-70.0,normal,0.000000,0.401671,0.104889
width,90.0,95.0,-80.0,-70.0,normal,0.000000,0.114259,0.083224
length,90.0,95.0,-80.0,-70.0,normal,0.000000,0.203165,0.115768
box_height,90.0,95.0,-80.0,-70.0,normal,0.000000,0.094437,0.062387
miss_detection,90.0,95.0,-70.0,-60.0,constant,1.000000,,
distal,90.0,95.0,-70.0,-60.0,normal,0.000000,0.126547,0.077571
perpendicular,90.0,95.0,-70.0,-60.0,normal,0.000000,0.112768,0.070274
height,90.0,95.0,-70.0,-60.0,normal,0.000000,0.084922,0.052250
yaw,90.0,95.0,-70.0,-60.0,normal,0.000000,0.401671,0.104889
width,90.0,95.0,-70.0,-60.0,normal,0.000000,0.114259,0.083224
length,90.0,95.0,-70.0,-60.0,normal,0.000000,0.203165,0.115768
box_height,90.0,95.0,-70.0,-60.0,normal,0.000000,0.094437,0.062387
miss_detection,90.0,95.0,-60.0,-50.0,constant,1.000000,,
distal,90.0,95.0,-60.0,-50.0,normal,0.000000,0.126547,0.077571
perpendicular,90.0,95.0,-60.0,-50.0,normal,0.000000,0.112768,0.070274
height,90.0,95.0,-60.0,-50.0,normal,0.000000,0.084922,0.052250
yaw,90.0,95.0,-60.0,-50.0,normal,0.000000,0.401671,0.104889
width,90.0,95.0,-60.0,-50.0,normal,0.000000,0.114259,0.083224
length,90.0,95.0,-60.0,-50.0,normal,0.000000,0.203165,0.115768
box_height,90.0,95.0,-60.0,-50.0,normal,0.000000,0.094437,0.062387
miss_detection,90.0,95.0,-50.0,-40.0,constant,1.000000,,
distal,90.0,95.0,-50.0,-40.0,normal,0.000000,0.126547,0.077571
perpendicular,90.0,95.0,-50.0,-40.0,normal,0.000000,0.112768,0.070274
height,90.0,95.0,-50.0,-40.0,normal,0.000000,0.084922,0.052250
yaw,90.0,95.0,-50.0,-40.0,normal,0.000000,0.401671,0.104889
width,90.0,95.0,-50.0,-40.0,normal,0.000000,0.114259,0.083224
length,90.0,95.0,-50.0,-40.0,normal,0.000000,0.203165,0.115768
box_height,90.0,95.0,-50.0,-40.0,normal,0.000000,0.094437,0.062387
miss_detection,90.0,95.0,-40.0,-30.0,constant,1.000000,,
distal,90.0,95.0,-40.0,-30.0,normal,0.000000,0.126547,0.077571
perpendicular,90.0,95.0,-40.0,-30.0,normal,0.000000,0.112768,0.070274
height,90.0,95.0,-40.0,-30.0,normal,0.000000,0.084922,0.052250
yaw,90.0,95.0,-40.0,-30.0,normal,0.000000,0.401671,0.104889
width,90.0,95.0,-40.0,-30.0,normal,0.000000,0.114259,0.083224
length,90.0,95.0,-40.0,-30.0,normal,0.000000,0.203165,0.115768
box_height,90.0,95.0,-40.0,-30.0,normal,0.000000,0.094437,0.062387
miss_detection,90.0,95.0,-30.0,-20.0,constant,1.000000,,
distal,90.0,95.0,-30.0,-20.0,normal,0.000000,0.126547,0.077571
perpendicular,90.0,95.0,-30.0,-20.0,normal,0.000000,0.112768,0.070274
height,90.0,95.0,-30.0,-20.0,normal,0.000000,0.084922,0.052250
yaw,90.0,95.0,-30.0,-20.0,normal,0.000000,0.401671,0.104889
width,90.0,95.0,-30.0,-20.0,normal,0.000000,0.114259,0.083224
length,90.0,95.0,-30.0,-20.0,normal,0.000000,0.203165,0.115768
box_height,90.0,95.0,-30.0,-20.0,normal,0.000000,0.094437,0.062387
miss_detection,90.0,95.0,-20.0,-10.0,constant,1.000000,,
distal,90.0,95.0,-20.0,-10.0,normal,0.000000,0.126547,0.077571
perpendicular,90.0,95.0,-20.0,-10.0,normal,0.000000,0.112768,0.070274
height,90.0,95.0,-20.0,-10.0,normal,0.000000,0.084922,0.052250
yaw,90.0,95.0,-20.0,-10.0,normal,0.000000,0.401671,0.104889
width,90.0,95.0,-20.0,-10.0,normal,0.000000,0.114259,0.083224
length,90.0,95.0,-20.0,-10.0,normal,0.000000,0.203165,0.115768
box_height,90.0,95.0,-20.0,-10.0,normal,0.000000,0.094437,0.062387
miss_detection,90.0,95.0,-10.0,0.0,constant,0.593985,,
distal,90.0,95.0,-10.0,0.0,normal,0.000000,0.221786,0.101306
perpendicular,90.0,95.0,-10.0,0.0,normal,0.000000,0.146959,0.119909
height,90.0,95.0,-10.0,0.0,normal,0.000000,0.115621,0.083429
yaw,90.0,95.0,-10.0,0.0,normal,0.000000,0.352333,0.094638
width,90.0,95.0,-10.0,0.0,normal,0.000000,0.140659,0.107650
length,90.0,95.0,-10.0,0.0,normal,0.000000,0.434094,0.165819
box_height,90.0,95.0,-10.0,0.0,normal,0.000000,0.157906,0.097625
miss_detection,90.0,95.0,0.0,10.0,constant,0.676492,,
distal,90.0,95.0,0.0,10.0,normal,0.000000,0.176088,0.109697
perpendicular,90.0,95.0,0.0,10.0,normal,0.000000,0.187320,0.133102
height,90.0,95.0,0.0,10.0,normal,0.000000,0.156543,0.108566
yaw,90.0,95.0,0.0,10.0,normal,0.000000,0.187447,0.083296
width,90.0,95.0,0.0,10.0,normal,0.000000,0.111695,0.083701
length,90.0,95.0,0.0,10.0,normal,0.000000,0.274364,0.155585
box_height,90.0,95.0,0.0,10.0,normal,0.000000,0.161254,0.105427
miss_detection,90.0,95.0,10.0,20.0,constant,0.415641,,
distal,90.0,95.0,10.0,20.0,normal,0.000000,0.104086,0.080804
perpendicular,90.0,95.0,10.0,20.0,normal,0.000000,0.181125,0.132232
height,90.0,95.0,10.0,20.0,normal,0.000000,0.144270,0.107228
yaw,90.0,95.0,10.0,20.0,normal,0.000000,0.077852,0.079663
width,90.0,95.0,10.0,20.0,normal,0.000000,0.112772,0.079299
length,90.0,95.0,10.0,20.0,normal,0.000000,0.153446,0.102773
box_height,90.0,95.0,10.0,20.0,normal,0.000000,0.120338,0.084494
miss_detection,90.0,95.0,20.0,30.0,constant,1.000000,,
distal,90.0,95.0,20.0,30.0,normal,0.000000,0.126547,0.077571
perpendicular,90.0,95.0,20.0,30.0,normal,0.000000,0.112768,0.070274
height,90.0,95.0,20.0,30.0,normal,0.000000,0.084922,0.052250
yaw,90.0,95.0,20.0,30.0,normal,0.000000,0.401671,0.104889
width,90.0,95.0,20.0,30.0,normal,0.000000,0.114259,0.083224
length,90.0,95.0,20.0,30.0,normal,0.000000,0.203165,0.115768
box_height,90.0,95.0,20.0,30.0,normal,0.000000,0.094437,0.062387
miss_detection,90.0,95.0,30.0,40.0,constant,1.000000,,
distal,90.0,95.0,30.0,40.0,normal,0.000000,0.126547,0.077571
perpendicular,90.0,95.0,30.0,40.0,normal,0.000000,0.112768,0.070274
height,90.0,95.0,30.0,40.0,normal,0.000000,0.084922,0.052250
yaw,90.0,95.0,30.0,40.0,normal,0.000000,0.401671,0.104889
width,90.0,95.0,30.0,40.0,normal,0.000000,0.114259,0.083224
length,90.0,95.0,30.0,40.0,normal,0.000000,0.203165,0.115768
box_height,90.0,95.0,30.0,40.0,normal,0.000000,0.094437,0.062387
miss_detection,90.0,95.0,40.0,50.0,constant,1.000000,,
distal,90.0,95.0,40.0,50.0,normal,0.000000,0.126547,0.077571
perpendicular,90.0,95.0,40.0,50.0,normal,0.000000,0.112768,0.070274
height,90.0,95.0,40.0,50.0,normal,0.000000,0.084922,0.052250
yaw,90.0,95.0,40.0,50.0,normal,0.000000,0.401671,0.104889
width,90.0,95.0,40.0,50.0,normal,0.000000,0.114259,0.083224
length,90.0,95.0,40.0,50.0,normal,0.000000,0.203165,0.115768
box_height,90.0,95.0,40.0,50.0,normal,0.000000,0.094437,0.062387
miss_detection,90.0,95.0,50.0,60.0,constant,1.000000,,
distal,90.0,95.0,50.0,60.0,normal,0.000000,0.126547,0.077571
perpendicular,90.0,95.0,50.0,60.0,normal,0.000000,0.112768,0.070274
height,90.0,95.0,50.0,60.0,normal,0.000000,0.084922,0.052250
yaw,90.0,95.0,50.0,60.0,normal,0.000000,0.401671,0.104889
width,90.0,95.0,50.0,60.0,normal,0.000000,0.114259,0.083224
length,90.0,95.0,50.0,60.0,normal,0.000000,0.203165,0.115768
box_height,90.0,95.0,50.0,60.0,normal,0.000000,0.094437,0.062387
miss_detection,90.0,95.0,60.0,70.0,constant,1.000000,,
distal,90.0,95.0,60.0,70.0,normal,0.000000,0.126547,0.077571
perpendicular,90.0,95.0,60.0,70.0,normal,0.000000,0.112768,0.070274
height,90.0,95.0,60.0,70.0,normal,0.000000,0.084922,0.052250
yaw,90.0,95.0,60.0,70.0,normal,0.000000,0.401671,0.104889
width,90.0,95.0,60.0,70.0,normal,0.000000,0.114259,0.083224
length,90.0,95.0,60.0,70.0,normal,0.000000,0.203165,0.115768
box_height,90.0,95.0,60.0,70.0,normal,0.000000,0.094437,0.062387
miss_detection,90.0,95.0,70.0,80.0,constant,1.000000,,
distal,90.0,95.0,70.0,80.0,normal,0.000000,0.126547,0.077571
perpendicular,90.0,95.0,70.0,80.0,normal,0.000000,0.112768,0.070274
height,90.0,95.0,70.0,80.0,normal,0.000000,0.084922,0.052250
yaw,90.0,95.0,70.0,80.0,normal,0.000000,0.401671,0.104889
width,90.0,95.0,70.0,80.0,normal,0.000000,0.114259,0.083224
length,90.0,95.0,70.0,80.0,normal,0.000000,0.203165,0.115768
box_height,90.0,95.0,70.0,80.0,normal,0.000000,0.094437,0.062387
miss_detection,90.0,95.0,80.0,90.0,constant,1.000000,,
distal,90.0,95.0,80.0,90.0,normal,0.000000,0.126547,0.077571
perpendicular,90.0,95.0,80.0,90.0,normal,0.000000,0.112768,0.070274
height,90.0,95.0,80.0,90.0,normal,0.000000,0.084922,0.052250
yaw,90.0,95.0,80.0,90.0,normal,0.000000,0.401671,0.104889
width,90.0,95.0,80.0,90.0,normal,0.000000,0.114259,0.083224
length,90.0,95.0,80.0,90.0,normal,0.000000,0.203165,0.115768
box_height,90.0,95.0,80.0,90.0,normal,0.000000,0.094437,0.062387
miss_detection,90.0,95.0,90.0,100.0,constant,1.000000,,
distal,90.0,95.0,90.0,100.0,normal,0.000000,0.126547,0.077571
perpendicular,90.0,95.0,90.0,100.0,normal,0.000000,0.112768,0.070274
height,90.0,95.0,90.0,100.0,normal,0.000000,0.084922,0.052250
yaw,90.0,95.0,90.0,100.0,normal,0.000000,0.401671,0.104889
width,90.0,95.0,90.0,100.0,normal,0.000000,0.114259,0.083224
length,90.0,95.0,90.0,100.0,normal,0.000000,0.203165,0.115768
box_height,90.0,95.0,90.0,100.0,normal,0.000000,0.094437,0.062387
miss_detection,90.0,95.0,100.0,110.0,constant,1.000000,,
distal,90.0,95.0,100.0,110.0,normal,0.000000,0.126547,0.077571
perpendicular,90.0,95.0,100.0,110.0,normal,0.000000,0.112768,0.070274
height,90.0,95.0,100.0,110.0,normal,0.000000,0.084922,0.052250
yaw,90.0,95.0,100.0,110.0,normal,0.000000,0.401671,0.104889
width,90.0,95.0,100.0,110.0,normal,0.000000,0.114259,0.083224
length,90.0,95.0,100.0,110.0,normal,0.000000,0.203165,0.115768
box_height,90.0,95.0,100.0,110.0,normal,0.000000,0.094437,0.062387
miss_detection,90.0,95.0,110.0,120.0,constant,1.000000,,
distal,90.0,95.0,110.0,120.0,normal,0.000000,0.126547,0.077571
perpendicular,90.0,95.0,110.0,120.0,normal,0.000000,0.112768,0.070274
height,90.0,95.0,110.0,120.0,normal,0.000000,0.084922,0.052250
yaw,90.0,95.0,110.0,120.0,normal,0.000000,0.401671,0.104889
width,90.0,95.0,110.0,120.0,normal,0.000000,0.114259,0.083224
length,90.0,95.0,110.0,120.0,normal,0.000000,0.203165,0.115768
box_height,90.0,95.0,110.0,120.0,normal,0.000000,0.094437,0.062387
miss_detection,90.0,95.0,120.0,130.0,constant,1.000000,,
distal,90.0,95.0,120.0,130.0,normal,0.000000,0.126547,0.077571
perpendicular,90.0,95.0,120.0,130.0,normal,0.000000,0.112768,0.070274
height,90.0,95.0,120.0,130.0,normal,0.000000,0.084922,0.052250
yaw,90.0,95.0,120.0,130.0,normal,0.000000,0.401671,0.104889
width,90.0,95.0,120.0,130.0,normal,0.000000,0.114259,0.083224
length,90.0,95.0,120.0,130.0,normal,0.000000,0.203165,0.115768
box_height,90.0,95.0,120.0,130.0,normal,0.000000,0.094437,0.062387
miss_detection,90.0,95.0,130.0,140.0,constant,1.000000,,
distal,90.0,95.0,130.0,140.0,normal,0.000000,0.126547,0.077571
perpendicular,90.0,95.0,130.0,140.0,normal,0.000000,0.112768,0.070274
height,90.0,95.0,130.0,140.0,normal,0.000000,0.084922,0.052250
yaw,90.0,95.0,130.0,140.0,normal,0.000000,0.401671,0.104889
width,90.0,95.0,130.0,140.0,normal,0.000000,0.114259,0.083224
length,90.0,95.0,130.0,140.0,normal,0.000000,0.203165,0.115768
box_height,90.0,95.0,130.0,140.0,normal,0.000000,0.094437,0.062387
miss_detection,90.0,95.0,140.0,150.0,constant,1.000000,,
distal,90.0,95.0,140.0,150.0,normal,0.000000,0.126547,0.077571
perpendicular,90.0,95.0,140.0,150.0,normal,0.000000,0.112768,0.070274
height,90.0,95.0,140.0,150.0,normal,0.000000,0.084922,0.052250
yaw,90.0,95.0,140.0,150.0,normal,0.000000,0.401671,0.104889
width,90.0,95.0,140.0,150.0,normal,0.000000,0.114259,0.083224
length,90.0,95.0,140.0,150.0,normal,0.000000,0.203165,0.115768
box_height,90.0,95.0,140.0,150.0,normal,0.000000,0.094437,0.062387
miss_detection,90.0,95.0,150.0,160.0,constant,1.000000,,
distal,90.0,95.0,150.0,160.0,normal,0.000000,0.126547,0.077571
perpendicular,90.0,95.0,150.0,160.0,normal,0.000000,0.112768,0.070274
height,90.0,95.0,150.0,160.0,normal,0.000000,0.084922,0.052250
yaw,90.0,95.0,150.0,160.0,normal,0.000000,0.401671,0.104889
width,90.0,95.0,150.0,160.0,normal,0.000000,0.114259,0.083224
length,90.0,95.0,150.0,160.0,normal,0.000000,0.203165,0.115768
box_height,90.0,95.0,150.0,160.0,normal,0.000000,0.094437,0.062387
miss_detection,90.0,95.0,160.0,170.0,constant,1.000000,,
distal,90.0,95.0,160.0,170.0,normal,0.000000,0.126547,0.077571
perpendicular,90.0,95.0,160.0,170.0,normal,0.000000,0.112768,0.070274
height,90.0,95.0,160.0,170.0,normal,0.000000,0.084922,0.052250
yaw,90.0,95.0,160.0,170.0,normal,0.000000,0.401671,0.104889
width,90.0,95.0,160.0,170.0,normal,0.000000,0.114259,0.083224
length,90.0,95.0,160.0,170.0,normal,0.000000,0.203165,0.115768
box_height,90.0,95.0,160.0,170.0,normal,0.000000,0.094437,0.062387
miss_detection,90.0,95.0,170.0,180.0,constant,1.000000,,
distal,90.0,95.0,170.0,180.0,normal,0.000000,0.126547,0.077571
perpendicular,90.0,95.0,170.0,180.0,normal,0.000000,0.112768,0.070274
height,90.0,95.0,170.0,180.0,normal,0.000000,0.084922,0.052250
yaw,90.0,95.0,170.0,180.0,normal,0.000000,0.401671,0.104889
width,90.0,95.0,170.0,180.0,normal,0.000000,0.114259,0.083224
length,90.0,95.0,170.0,180.0,normal,0.000000,0.203165,0.115768
box_height,90.0,95.0,170.0,180.0,normal,0.000000,0.094437,0.062387
miss_detection,95.0,100.0,-180.0,-170.0,constant,1.000000,,
distal,95.0,100.0,-180.0,-170.0,normal,0.000000,0.126547,0.077571
perpendicular,95.0,100.0,-180.0,-170.0,normal,0.000000,0.112768,0.070274
height,95.0,100.0,-180.0,-170.0,normal,0.000000,0.084922,0.052250
yaw,95.0,100.0,-180.0,-170.0,normal,0.000000,0.401671,0.104889
width,95.0,100.0,-180.0,-170.0,normal,0.000000,0.114259,0.083224
length,95.0,100.0,-180.0,-170.0,normal,0.000000,0.203165,0.115768
box_height,95.0,100.0,-180.0,-170.0,normal,0.000000,0.094437,0.062387
miss_detection,95.0,100.0,-170.0,-160.0,constant,1.000000,,
distal,95.0,100.0,-170.0,-160.0,normal,0.000000,0.126547,0.077571
perpendicular,95.0,100.0,-170.0,-160.0,normal,0.000000,0.112768,0.070274
height,95.0,100.0,-170.0,-160.0,normal,0.000000,0.084922,0.052250
yaw,95.0,100.0,-170.0,-160.0,normal,0.000000,0.401671,0.104889
width,95.0,100.0,-170.0,-160.0,normal,0.000000,0.114259,0.083224
length,95.0,100.0,-170.0,-160.0,normal,0.000000,0.203165,0.115768
box_height,95.0,100.0,-170.0,-160.0,normal,0.000000,0.094437,0.062387
miss_detection,95.0,100.0,-160.0,-150.0,constant,1.000000,,
distal,95.0,100.0,-160.0,-150.0,normal,0.000000,0.126547,0.077571
perpendicular,95.0,100.0,-160.0,-150.0,normal,0.000000,0.112768,0.070274
height,95.0,100.0,-160.0,-150.0,normal,0.000000,0.084922,0.052250
yaw,95.0,100.0,-160.0,-150.0,normal,0.000000,0.401671,0.104889
width,95.0,100.0,-160.0,-150.0,normal,0.000000,0.114259,0.083224
length,95.0,100.0,-160.0,-150.0,normal,0.000000,0.203165,0.115768
box_height,95.0,100.0,-160.0,-150.0,normal,0.000000,0.094437,0.062387
miss_detection,95.0,100.0,-150.0,-140.0,constant,1.000000,,
distal,95.0,100.0,-150.0,-140.0,normal,0.000000,0.126547,0.077571
perpendicular,95.0,100.0,-150.0,-140.0,normal,0.000000,0.112768,0.070274
height,95.0,100.0,-150.0,-140.0,normal,0.000000,0.084922,0.052250
yaw,95.0,100.0,-150.0,-140.0,normal,0.000000,0.401671,0.104889
width,95.0,100.0,-150.0,-140.0,normal,0.000000,0.114259,0.083224
length,95.0,100.0,-150.0,-140.0,normal,0.000000,0.203165,0.115768
box_height,95.0,100.0,-150.0,-140.0,normal,0.000000,0.094437,0.062387
miss_detection,95.0,100.0,-140.0,-130.0,constant,1.000000,,
distal,95.0,100.0,-140.0,-130.0,normal,0.000000,0.126547,0.077571
perpendicular,95.0,100.0,-140.0,-130.0,normal,0.000000,0.112768,0.070274
height,95.0,100.0,-140.0,-130.0,normal,0.000000,0.084922,0.052250
yaw,95.0,100.0,-140.0,-130.0,normal,0.000000,0.401671,0.104889
width,95.0,100.0,-140.0,-130.0,normal,0.000000,0.114259,0.083224
length,95.0,100.0,-140.0,-130.0,normal,0.000000,0.203165,0.115768
box_height,95.0,100.0,-140.0,-130.0,normal,0.000000,0.094437,0.062387
miss_detection,95.0,100.0,-130.0,-120.0,constant,1.000000,,
distal,95.0,100.0,-130.0,-120.0,normal,0.000000,0.126547,0.077571
perpendicular,95.0,100.0,-130.0,-120.0,normal,0.000000,0.112768,0.070274
height,95.0,100.0,-130.0,-120.0,normal,0.000000,0.084922,0.052250
yaw,95.0,100.0,-130.0,-120.0,normal,0.000000,0.401671,0.104889
width,95.0,100.0,-130.0,-120.0,normal,0.000000,0.114259,0.083224
length,95.0,100.0,-130.0,-120.0,normal,0.000000,0.203165,0.115768
box_height,95.0,100.0,-130.0,-120.0,normal,0.000000,0.094437,0.062387
miss_detection,95.0,100.0,-120.0,-110.0,constant,1.000000,,
distal,95.0,100.0,-120.0,-110.0,normal,0.000000,0.126547,0.077571
perpendicular,95.0,100.0,-120.0,-110.0,normal,0.000000,0.112768,0.070274
height,95.0,100.0,-120.0,-110.0,normal,0.000000,0.084922,0.052250
yaw,95.0,100.0,-120.0,-110.0,normal,0.000000,0.401671,0.104889
width,95.0,100.0,-120.0,-110.0,normal,0.000000,0.114259,0.083224
length,95.0,100.0,-120.0,-110.0,normal,0.000000,0.203165,0.115768
box_height,95.0,100.0,-120.0,-110.0,normal,0.000000,0.094437,0.062387
miss_detection,95.0,100.0,-110.0,-100.0,constant,1.000000,,
distal,95.0,100.0,-110.0,-100.0,normal,0.000000,0.126547,0.077571
perpendicular,95.0,100.0,-110.0,-100.0,normal,0.000000,0.112768,0.070274
height,95.0,100.0,-110.0,-100.0,normal,0.000000,0.084922,0.052250
yaw,95.0,100.0,-110.0,-100.0,normal,0.000000,0.401671,0.104889
width,95.0,100.0,-110.0,-100.0,normal,0.000000,0.114259,0.083224
length,95.0,100.0,-110.0,-100.0,normal,0.000000,0.203165,0.115768
box_height,95.0,100.0,-110.0,-100.0,normal,0.000000,0.094437,0.062387
miss_detection,95.0,100.0,-100.0,-90.0,constant,1.000000,,
distal,95.0,100.0,-100.0,-90.0,normal,0.000000,0.126547,0.077571
perpendicular,95.0,100.0,-100.0,-90.0,normal,0.000000,0.112768,0.070274
height,95.0,100.0,-100.0,-90.0,normal,0.000000,0.084922,0.052250
yaw,95.0,100.0,-100.0,-90.0,normal,0.000000,0.401671,0.104889
width,95.0,100.0,-100.0,-90.0,normal,0.000000,0.114259,0.083224
length,95.0,100.0,-100.0,-90.0,normal,0.000000,0.203165,0.115768
box_height,95.0,100.0,-100.0,-90.0,normal,0.000000,0.094437,0.062387
miss_detection,95.0,100.0,-90.0,-80.0,constant,1.000000,,
distal,95.0,100.0,-90.0,-80.0,normal,0.000000,0.126547,0.077571
perpendicular,95.0,100.0,-90.0,-80.0,normal,0.000000,0.112768,0.070274
height,95.0,100.0,-90.0,-80.0,normal,0.000000,0.084922,0.052250
yaw,95.0,100.0,-90.0,-80.0,normal,0.000000,0.401671,0.104889
width,95.0,100.0,-90.0,-80.0,normal,0.000000,0.114259,0.083224
length,95.0,100.0,-90.0,-80.0,normal,0.000000,0.203165,0.115768
box_height,95.0,100.0,-90.0,-80.0,normal,0.000000,0.094437,0.062387
miss_detection,95.0,100.0,-80.0,-70.0,constant,1.000000,,
distal,95.0,100.0,-80.0,-70.0,normal,0.000000,0.126547,0.077571
perpendicular,95.0,100.0,-80.0,-70.0,normal,0.000000,0.112768,0.070274
height,95.0,100.0,-80.0,-70.0,normal,0.000000,0.084922,0.052250
yaw,95.0,100.0,-80.0,-70.0,normal,0.000000,0.401671,0.104889
width,95.0,100.0,-80.0,-70.0,normal,0.000000,0.114259,0.083224
length,95.0,100.0,-80.0,-70.0,normal,0.000000,0.203165,0.115768
box_height,95.0,100.0,-80.0,-70.0,normal,0.000000,0.094437,0.062387
miss_detection,95.0,100.0,-70.0,-60.0,constant,1.000000,,
distal,95.0,100.0,-70.0,-60.0,normal,0.000000,0.126547,0.077571
perpendicular,95.0,100.0,-70.0,-60.0,normal,0.000000,0.112768,0.070274
height,95.0,100.0,-70.0,-60.0,normal,0.000000,0.084922,0.052250
yaw,95.0,100.0,-70.0,-60.0,normal,0.000000,0.401671,0.104889
width,95.0,100.0,-70.0,-60.0,normal,0.000000,0.114259,0.083224
length,95.0,100.0,-70.0,-60.0,normal,0.000000,0.203165,0.115768
box_height,95.0,100.0,-70.0,-60.0,normal,0.000000,0.094437,0.062387
miss_detection,95.0,100.0,-60.0,-50.0,constant,1.000000,,
distal,95.0,100.0,-60.0,-50.0,normal,0.000000,0.126547,0.077571
perpendicular,95.0,100.0,-60.0,-50.0,normal,0.000000,0.112768,0.070274
height,95.0,100.0,-60.0,-50.0,normal,0.000000,0.084922,0.052250
yaw,95.0,100.0,-60.0,-50.0,normal,0.000000,0.401671,0.104889
width,95.0,100.0,-60.0,-50.0,normal,0.000000,0.114259,0.083224
length,95.0,100.0,-60.0,-50.0,normal,0.000000,0.203165,0.115768
box_height,95.0,100.0,-60.0,-50.0,normal,0.000000,0.094437,0.062387
miss_detection,95.0,100.0,-50.0,-40.0,constant,1.000000,,
distal,95.0,100.0,-50.0,-40.0,normal,0.000000,0.126547,0.077571
perpendicular,95.0,100.0,-50.0,-40.0,normal,0.000000,0.112768,0.070274
height,95.0,100.0,-50.0,-40.0,normal,0.000000,0.084922,0.052250
yaw,95.0,100.0,-50.0,-40.0,normal,0.000000,0.401671,0.104889
width,95.0,100.0,-50.0,-40.0,normal,0.000000,0.114259,0.083224
length,95.0,100.0,-50.0,-40.0,normal,0.000000,0.203165,0.115768
box_height,95.0,100.0,-50.0,-40.0,normal,0.000000,0.094437,0.062387
miss_detection,95.0,100.0,-40.0,-30.0,constant,1.000000,,
distal,95.0,100.0,-40.0,-30.0,normal,0.000000,0.126547,0.077571
perpendicular,95.0,100.0,-40.0,-30.0,normal,0.000000,0.112768,0.070274
height,95.0,100.0,-40.0,-30.0,normal,0.000000,0.084922,0.052250
yaw,95.0,100.0,-40.0,-30.0,normal,0.000000,0.401671,0.104889
width,95.0,100.0,-40.0,-30.0,normal,0.000000,0.114259,0.083224
length,95.0,100.0,-40.0,-30.0,normal,0.000000,0.203165,0.115768
box_height,95.0,100.0,-40.0,-30.0,normal,0.000000,0.094437,0.062387
miss_detection,95.0,100.0,-30.0,-20.0,constant,0.119891,,
distal,95.0,100.0,-30.0,-20.0,normal,0.000000,0.173050,0.131915
perpendicular,95.0,100.0,-30.0,-20.0,normal,0.000000,0.232594,0.166371
height,95.0,100.0,-30.0,-20.0,normal,0.000000,0.232406,0.195350
yaw,95.0,100.0,-30.0,-20.0,normal,0.000000,0.104213,0.069554
width,95.0,100.0,-30.0,-20.0,normal,0.000000,0.100125,0.069600
length,95.0,100.0,-30.0,-20.0,normal,0.000000,0.150436,0.137320
box_height,95.0,100.0,-30.0,-20.0,normal,0.000000,0.104916,0.090925
miss_detection,95.0,100.0,-20.0,-10.0,constant,1.000000,,
distal,95.0,100.0,-20.0,-10.0,normal,0.000000,0.126547,0.077571
perpendicular,95.0,100.0,-20.0,-10.0,normal,0.000000,0.112768,0.070274
height,95.0,100.0,-20.0,-10.0,normal,0.000000,0.084922,0.052250
yaw,95.0,100.0,-20.0,-10.0,normal,0.000000,0.401671,0.104889
width,95.0,100.0,-20.0,-10.0,normal,0.000000,0.114259,0.083224
length,95.0,100.0,-20.0,-10.0,normal,0.000000,0.203165,0.115768
box_height,95.0,100.0,-20.0,-10.0,normal,0.000000,0.094437,0.062387
miss_detection,95.0,100.0,-10.0,0.0,constant,1.000000,,
distal,95.0,100.0,-10.0,0.0,normal,0.000000,0.126547,0.077571
perpendicular,95.0,100.0,-10.0,0.0,normal,0.000000,0.112768,0.070274
height,95.0,100.0,-10.0,0.0,normal,0.000000,0.084922,0.052250
yaw,95.0,100.0,-10.0,0.0,normal,0.000000,0.401671,0.104889
width,95.0,100.0,-10.0,0.0,normal,0.000000,0.114259,0.083224
length,95.0,100.0,-10.0,0.0,normal,0.000000,0.203165,0.115768
box_height,95.0,100.0,-10.0,0.0,normal,0.000000,0.094437,0.062387
miss_detection,95.0,100.0,0.0,10.0,constant,1.000000,,
distal,95.0,100.0,0.0,10.0,normal,0.000000,0.126547,0.077571
perpendicular,95.0,100.0,0.0,10.0,normal,0.000000,0.112768,0.070274
height,95.0,100.0,0.0,10.0,normal,0.000000,0.084922,0.052250
yaw,95.0,100.0,0.0,10.0,normal,0.000000,0.401671,0.104889
width,95.0,100.0,0.0,10.0,normal,0.000000,0.114259,0.083224
length,95.0,100.0,0.0,10.0,normal,0.000000,0.203165,0.115768
box_height,95.0,100.0,0.0,10.0,normal,0.000000,0.094437,0.062387
miss_detection,95.0,100.0,10.0,20.0,constant,0.986817,,
distal,95.0,100.0,10.0,20.0,normal,0.000000,0.129619,0.139794
perpendicular,95.0,100.0,10.0,20.0,normal,0.000000,0.192608,0.170351
height,95.0,100.0,10.0,20.0,normal,0.000000,0.158665,0.143069
yaw,95.0,100.0,10.0,20.0,normal,0.000000,0.115448,0.101902
width,95.0,100.0,10.0,20.0,normal,0.000000,0.080975,0.069168
length,95.0,100.0,10.0,20.0,normal,0.000000,0.216021,0.144763
box_height,95.0,100.0,10.0,20.0,normal,0.000000,0.159388,0.141812
miss_detection,95.0,100.0,20.0,30.0,constant,1.000000,,
distal,95.0,100.0,20.0,30.0,normal,0.000000,0.126547,0.077571
perpendicular,95.0,100.0,20.0,30.0,normal,0.000000,0.112768,0.070274
height,95.0,100.0,20.0,30.0,normal,0.000000,0.084922,0.052250
yaw,95.0,100.0,20.0,30.0,normal,0.000000,0.401671,0.104889
width,95.0,100.0,20.0,30.0,normal,0.000000,0.114259,0.083224
length,95.0,100.0,20.0,30.0,normal,0.000000,0.203165,0.115768
box_height,95.0,100.0,20.0,30.0,normal,0.000000,0.094437,0.062387
miss_detection,95.0,100.0,30.0,40.0,constant,1.000000,,
distal,95.0,100.0,30.0,40.0,normal,0.000000,0.126547,0.077571
perpendicular,95.0,100.0,30.0,40.0,normal,0.000000,0.112768,0.070274
height,95.0,100.0,30.0,40.0,normal,0.000000,0.084922,0.052250
yaw,95.0,100.0,30.0,40.0,normal,0.000000,0.401671,0.104889
width,95.0,100.0,30.0,40.0,normal,0.000000,0.114259,0.083224
length,95.0,100.0,30.0,40.0,normal,0.000000,0.203165,0.115768
box_height,95.0,100.0,30.0,40.0,normal,0.000000,0.094437,0.062387
miss_detection,95.0,100.0,40.0,50.0,constant,1.000000,,
distal,95.0,100.0,40.0,50.0,normal,0.000000,0.126547,0.077571
perpendicular,95.0,100.0,40.0,50.0,normal,0.000000,0.112768,0.070274
height,95.0,100.0,40.0,50.0,normal,0.000000,0.084922,0.052250
yaw,95.0,100.0,40.0,50.0,normal,0.000000,0.401671,0.104889
width,95.0,100.0,40.0,50.0,normal,0.000000,0.114259,0.083224
length,95.0,100.0,40.0,50.0,normal,0.000000,0.203165,0.115768
box_height,95.0,100.0,40.0,50.0,normal,0.000000,0.094437,0.062387
miss_detection,95.0,100.0,50.0,60.0,constant,1.000000,,
distal,95.0,100.0,50.0,60.0,normal,0.000000,0.126547,0.077571
perpendicular,95.0,100.0,50.0,60.0,normal,0.000000,0.112768,0.070274
height,95.0,100.0,50.0,60.0,normal,0.000000,0.084922,0.052250
yaw,95.0,100.0,50.0,60.0,normal,0.000000,0.401671,0.104889
width,95.0,100.0,50.0,60.0,normal,0.000000,0.114259,0.083224
length,95.0,100.0,50.0,60.0,normal,0.000000,0.203165,0.115768
box_height,95.0,100.0,50.0,60.0,normal,0.000000,0.094437,0.062387
miss_detection,95.0,100.0,60.0,70.0,constant,1.000000,,
distal,95.0,100.0,60.0,70.0,normal,0.000000,0.126547,0.077571
perpendicular,95.0,100.0,60.0,70.0,normal,0.000000,0.112768,0.070274
height,95.0,100.0,60.0,70.0,normal,0.000000,0.084922,0.052250
yaw,95.0,100.0,60.0,70.0,normal,0.000000,0.401671,0.104889
width,95.0,100.0,60.0,70.0,normal,0.000000,0.114259,0.083224
length,95.0,100.0,60.0,70.0,normal,0.000000,0.203165,0.115768
box_height,95.0,100.0,60.0,70.0,normal,0.000000,0.094437,0.062387
miss_detection,95.0,100.0,70.0,80.0,constant,1.000000,,
distal,95.0,100.0,70.0,80.0,normal,0.000000,0.126547,0.077571
perpendicular,95.0,100.0,70.0,80.0,normal,0.000000,0.112768,0.070274
height,95.0,100.0,70.0,80.0,normal,0.000000,0.084922,0.052250
yaw,95.0,100.0,70.0,80.0,normal,0.000000,0.401671,0.104889
width,95.0,100.0,70.0,80.0,normal,0.000000,0.114259,0.083224
length,95.0,100.0,70.0,80.0,normal,0.000000,0.203165,0.115768
box_height,95.0,100.0,70.0,80.0,normal,0.000000,0.094437,0.062387
miss_detection,95.0,100.0,80.0,90.0,constant,1.000000,,
distal,95.0,100.0,80.0,90.0,normal,0.000000,0.126547,0.077571
perpendicular,95.0,100.0,80.0,90.0,normal,0.000000,0.112768,0.070274
height,95.0,100.0,80.0,90.0,normal,0.000000,0.084922,0.052250
yaw,95.0,100.0,80.0,90.0,normal,0.000000,0.401671,0.104889
width,95.0,100.0,80.0,90.0,normal,0.000000,0.114259,0.083224
length,95.0,100.0,80.0,90.0,normal,0.000000,0.203165,0.115768
box_height,95.0,100.0,80.0,90.0,normal,0.000000,0.094437,0.062387
miss_detection,95.0,100.0,90.0,100.0,constant,1.000000,,
distal,95.0,100.0,90.0,100.0,normal,0.000000,0.126547,0.077571
perpendicular,95.0,100.0,90.0,100.0,normal,0.000000,0.112768,0.070274
height,95.0,100.0,90.0,100.0,normal,0.000000,0.084922,0.052250
yaw,95.0,100.0,90.0,100.0,normal,0.000000,0.401671,0.104889
width,95.0,100.0,90.0,100.0,normal,0.000000,0.114259,0.083224
length,95.0,100.0,90.0,100.0,normal,0.000000,0.203165,0.115768
box_height,95.0,100.0,90.0,100.0,normal,0.000000,0.094437,0.062387
miss_detection,95.0,100.0,100.0,110.0,constant,1.000000,,
distal,95.0,100.0,100.0,110.0,normal,0.000000,0.126547,0.077571
perpendicular,95.0,100.0,100.0,110.0,normal,0.000000,0.112768,0.070274
height,95.0,100.0,100.0,110.0,normal,0.000000,0.084922,0.052250
yaw,95.0,100.0,100.0,110.0,normal,0.000000,0.401671,0.104889
width,95.0,100.0,100.0,110.0,normal,0.000000,0.114259,0.083224
length,95.0,100.0,100.0,110.0,normal,0.000000,0.203165,0.115768
box_height,95.0,100.0,100.0,110.0,normal,0.000000,0.094437,0.062387
miss_detection,95.0,100.0,110.0,120.0,constant,1.000000,,
distal,95.0,100.0,110.0,120.0,normal,0.000000,0.126547,0.077571
perpendicular,95.0,100.0,110.0,120.0,normal,0.000000,0.112768,0.070274
height,95.0,100.0,110.0,120.0,normal,0.000000,0.084922,0.052250
yaw,95.0,100.0,110.0,120.0,normal,0.000000,0.401671,0.104889
width,95.0,100.0,110.0,120.0,normal,0.000000,0.114259,0.083224
length,95.0,100.0,110.0,120.0,normal,0.000000,0.203165,0.115768
box_height,95.0,100.0,110.0,120.0,normal,0.000000,0.094437,0.062387
miss_detection,95.0,100.0,120.0,130.0,constant,1.000000,,
distal,95.0,100.0,120.0,130.0,normal,0.000000,0.126547,0.077571
perpendicular,95.0,100.0,120.0,130.0,normal,0.000000,0.112768,0.070274
height,95.0,100.0,120.0,130.0,normal,0.000000,0.084922,0.052250
yaw,95.0,100.0,120.0,130.0,normal,0.000000,0.401671,0.104889
width,95.0,100.0,120.0,130.0,normal,0.000000,0.114259,0.083224
length,95.0,100.0,120.0,130.0,normal,0.000000,0.203165,0.115768
box_height,95.0,100.0,120.0,130.0,normal,0.000000,0.094437,0.062387
miss_detection,95.0,100.0,130.0,140.0,constant,1.000000,,
distal,95.0,100.0,130.0,140.0,normal,0.000000,0.126547,0.077571
perpendicular,95.0,100.0,130.0,140.0,normal,0.000000,0.112768,0.070274
height,95.0,100.0,130.0,140.0,normal,0.000000,0.084922,0.052250
yaw,95.0,100.0,130.0,140.0,normal,0.000000,0.401671,0.104889
width,95.0,100.0,130.0,140.0,normal,0.000000,0.114259,0.083224
length,95.0,100.0,130.0,140.0,normal,0.000000,0.203165,0.115768
box_height,95.0,100.0,130.0,140.0,normal,0.000000,0.094437,0.062387
miss_detection,95.0,100.0,140.0,150.0,constant,1.000000,,
distal,95.0,100.0,140.0,150.0,normal,0.000000,0.126547,0.077571
perpendicular,95.0,100.0,140.0,150.0,normal,0.000000,0.112768,0.070274
height,95.0,100.0,140.0,150.0,normal,0.000000,0.084922,0.052250
yaw,95.0,100.0,140.0,150.0,normal,0.000000,0.401671,0.104889
width,95.0,100.0,140.0,150.0,normal,0.000000,0.114259,0.083224
length,95.0,100.0,140.0,150.0,normal,0.000000,0.203165,0.115768
box_height,95.0,100.0,140.0,150.0,normal,0.000000,0.094437,0.062387
miss_detection,95.0,100.0,150.0,160.0,constant,1.000000,,
distal,95.0,100.0,150.0,160.0,normal,0.000000,0.126547,0.077571
perpendicular,95.0,100.0,150.0,160.0,normal,0.000000,0.112768,0.070274
height,95.0,100.0,150.0,160.0,normal,0.000000,0.084922,0.052250
yaw,95.0,100.0,150.0,160.0,normal,0.000000,0.401671,0.104889
width,95.0,100.0,150.0,160.0,normal,0.000000,0.114259,0.083224
length,95.0,100.0,150.0,160.0,normal,0.000000,0.203165,0.115768
box_height,95.0,100.0,150.0,160.0,normal,0.000000,0.094437,0.062387
miss_detection,95.0,100.0,160.0,170.0,constant,1.000000,,
distal,95.0,100.0,160.0,170.0,normal,0.000000,0.126547,0.077571
perpendicular,95.0,100.0,160.0,170.0,normal,0.000000,0.112768,0.070274
height,95.0,100.0,160.0,170.0,normal,0.000000,0.084922,0.052250
yaw,95.0,100.0,160.0,170.0,normal,0.000000,0.401671,0.104889
width,95.0,100.0,160.0,170.0,normal,0.000000,0.114259,0.083224
length,95.0,100.0,160.0,170.0,normal,0.000000,0.203165,0.115768
box_height,95.0,100.0,160.0,170.0,normal,0.000000,0.094437,0.062387
miss_detection,95.0,100.0,170.0,180.0,constant,1.000000,,
distal,95.0,100.0,170.0,180.0,normal,0.000000,0.126547,0.077571
perpendicular,95.0,100.0,170.0,180.0,normal,0.000000,0.112768,0.070274
height,95.0,100.0,170.0,180.0,normal,0.000000,0.084922,0.052250
yaw,95.0,100.0,170.0,180.0,normal,0.000000,0.401671,0.104889
width,95.0,100.0,170.0,180.0,normal,0.000000,0.114259,0.083224
length,95.0,100.0,170.0,180.0,normal,0.000000,0.203165,0.115768
box_height,95.0,100.0,170.0,180.0,normal,0.000000,0.094437,0.062387
miss_detection,100.0,105.0,-180.0,-170.0,constant,1.000000,,
distal,100.0,105.0,-180.0,-170.0,normal,0.000000,0.126547,0.077571
perpendicular,100.0,105.0,-180.0,-170.0,normal,0.000000,0.112768,0.070274
height,100.0,105.0,-180.0,-170.0,normal,0.000000,0.084922,0.052250
yaw,100.0,105.0,-180.0,-170.0,normal,0.000000,0.401671,0.104889
width,100.0,105.0,-180.0,-170.0,normal,0.000000,0.114259,0.083224
length,100.0,105.0,-180.0,-170.0,normal,0.000000,0.203165,0.115768
box_height,100.0,105.0,-180.0,-170.0,normal,0.000000,0.094437,0.062387
miss_detection,100.0,105.0,-170.0,-160.0,constant,1.000000,,
distal,100.0,105.0,-170.0,-160.0,normal,0.000000,0.126547,0.077571
perpendicular,100.0,105.0,-170.0,-160.0,normal,0.000000,0.112768,0.070274
height,100.0,105.0,-170.0,-160.0,normal,0.000000,0.084922,0.052250
yaw,100.0,105.0,-170.0,-160.0,normal,0.000000,0.401671,0.104889
width,100.0,105.0,-170.0,-160.0,normal,0.000000,0.114259,0.083224
length,100.0,105.0,-170.0,-160.0,normal,0.000000,0.203165,0.115768
box_height,100.0,105.0,-170.0,-160.0,normal,0.000000,0.094437,0.062387
miss_detection,100.0,105.0,-160.0,-150.0,constant,1.000000,,
distal,100.0,105.0,-160.0,-150.0,normal,0.000000,0.126547,0.077571
perpendicular,100.0,105.0,-160.0,-150.0,normal,0.000000,0.112768,0.070274
height,100.0,105.0,-160.0,-150.0,normal,0.000000,0.084922,0.052250
yaw,100.0,105.0,-160.0,-150.0,normal,0.000000,0.401671,0.104889
width,100.0,105.0,-160.0,-150.0,normal,0.000000,0.114259,0.083224
length,100.0,105.0,-160.0,-150.0,normal,0.000000,0.203165,0.115768
box_height,100.0,105.0,-160.0,-150.0,normal,0.000000,0.094437,0.062387
miss_detection,100.0,105.0,-150.0,-140.0,constant,1.000000,,
distal,100.0,105.0,-150.0,-140.0,normal,0.000000,0.126547,0.077571
perpendicular,100.0,105.0,-150.0,-140.0,normal,0.000000,0.112768,0.070274
height,100.0,105.0,-150.0,-140.0,normal,0.000000,0.084922,0.052250
yaw,100.0,105.0,-150.0,-140.0,normal,0.000000,0.401671,0.104889
width,100.0,105.0,-150.0,-140.0,normal,0.000000,0.114259,0.083224
length,100.0,105.0,-150.0,-140.0,normal,0.000000,0.203165,0.115768
box_height,100.0,105.0,-150.0,-140.0,normal,0.000000,0.094437,0.062387
miss_detection,100.0,105.0,-140.0,-130.0,constant,1.000000,,
distal,100.0,105.0,-140.0,-130.0,normal,0.000000,0.126547,0.077571
perpendicular,100.0,105.0,-140.0,-130.0,normal,0.000000,0.112768,0.070274
height,100.0,105.0,-140.0,-130.0,normal,0.000000,0.084922,0.052250
yaw,100.0,105.0,-140.0,-130.0,normal,0.000000,0.401671,0.104889
width,100.0,105.0,-140.0,-130.0,normal,0.000000,0.114259,0.083224
length,100.0,105.0,-140.0,-130.0,normal,0.000000,0.203165,0.115768
box_height,100.0,105.0,-140.0,-130.0,normal,0.000000,0.094437,0.062387
miss_detection,100.0,105.0,-130.0,-120.0,constant,1.000000,,
distal,100.0,105.0,-130.0,-120.0,normal,0.000000,0.126547,0.077571
perpendicular,100.0,105.0,-130.0,-120.0,normal,0.000000,0.112768,0.070274
height,100.0,105.0,-130.0,-120.0,normal,0.000000,0.084922,0.052250
yaw,100.0,105.0,-130.0,-120.0,normal,0.000000,0.401671,0.104889
width,100.0,105.0,-130.0,-120.0,normal,0.000000,0.114259,0.083224
length,100.0,105.0,-130.0,-120.0,normal,0.000000,0.203165,0.115768
box_height,100.0,105.0,-130.0,-120.0,normal,0.000000,0.094437,0.062387
miss_detection,100.0,105.0,-120.0,-110.0,constant,1.000000,,
distal,100.0,105.0,-120.0,-110.0,normal,0.000000,0.126547,0.077571
perpendicular,100.0,105.0,-120.0,-110.0,normal,0.000000,0.112768,0.070274
height,100.0,105.0,-120.0,-110.0,normal,0.000000,0.084922,0.052250
yaw,100.0,105.0,-120.0,-110.0,normal,0.000000,0.401671,0.104889
width,100.0,105.0,-120.0,-110.0,normal,0.000000,0.114259,0.083224
length,100.0,105.0,-120.0,-110.0,normal,0.000000,0.203165,0.115768
box_height,100.0,105.0,-120.0,-110.0,normal,0.000000,0.094437,0.062387
miss_detection,100.0,105.0,-110.0,-100.0,constant,1.000000,,
distal,100.0,105.0,-110.0,-100.0,normal,0.000000,0.126547,0.077571
perpendicular,100.0,105.0,-110.0,-100.0,normal,0.000000,0.112768,0.070274
height,100.0,105.0,-110.0,-100.0,normal,0.000000,0.084922,0.052250
yaw,100.0,105.0,-110.0,-100.0,normal,0.000000,0.401671,0.104889
width,100.0,105.0,-110.0,-100.0,normal,0.000000,0.114259,0.083224
length,100.0,105.0,-110.0,-100.0,normal,0.000000,0.203165,0.115768
box_height,100.0,105.0,-110.0,-100.0,normal,0.000000,0.094437,0.062387
miss_detection,100.0,105.0,-100.0,-90.0,constant,1.000000,,
distal,100.0,105.0,-100.0,-90.0,normal,0.000000,0.126547,0.077571
perpendicular,100.0,105.0,-100.0,-90.0,normal,0.000000,0.112768,0.070274
height,100.0,105.0,-100.0,-90.0,normal,0.000000,0.084922,0.052250
yaw,100.0,105.0,-100.0,-90.0,normal,0.000000,0.401671,0.104889
width,100.0,105.0,-100.0,-90.0,normal,0.000000,0.114259,0.083224
length,100.0,105.0,-100.0,-90.0,normal,0.000000,0.203165,0.115768
box_height,100.0,105.0,-100.0,-90.0,normal,0.000000,0.094437,0.062387
miss_detection,100.0,105.0,-90.0,-80.0,constant,1.000000,,
distal,100.0,105.0,-90.0,-80.0,normal,0.000000,0.126547,0.077571
perpendicular,100.0,105.0,-90.0,-80.0,normal,0.000000,0.112768,0.070274
height,100.0,105.0,-90.0,-80.0,normal,0.000000,0.084922,0.052250
yaw,100.0,105.0,-90.0,-80.0,normal,0.000000,0.401671,0.104889
width,100.0,105.0,-90.0,-80.0,normal,0.000000,0.114259,0.083224
length,100.0,105.0,-90.0,-80.0,normal,0.000000,0.203165,0.115768
box_height,100.0,105.0,-90.0,-80.0,normal,0.000000,0.094437,0.062387
miss_detection,100.0,105.0,-80.0,-70.0,constant,1.000000,,
distal,100.0,105.0,-80.0,-70.0,normal,0.000000,0.126547,0.077571
perpendicular,100.0,105.0,-80.0,-70.0,normal,0.000000,0.112768,0.070274
height,100.0,105.0,-80.0,-70.0,normal,0.000000,0.084922,0.052250
yaw,100.0,105.0,-80.0,-70.0,normal,0.000000,0.401671,0.104889
width,100.0,105.0,-80.0,-70.0,normal,0.000000,0.114259,0.083224
length,100.0,105.0,-80.0,-70.0,normal,0.000000,0.203165,0.115768
box_height,100.0,105.0,-80.0,-70.0,normal,0.000000,0.094437,0.062387
miss_detection,100.0,105.0,-70.0,-60.0,constant,1.000000,,
distal,100.0,105.0,-70.0,-60.0,normal,0.000000,0.126547,0.077571
perpendicular,100.0,105.0,-70.0,-60.0,normal,0.000000,0.112768,0.070274
height,100.0,105.0,-70.0,-60.0,normal,0.000000,0.084922,0.052250
yaw,100.0,105.0,-70.0,-60.0,normal,0.000000,0.401671,0.104889
width,100.0,105.0,-70.0,-60.0,normal,0.000000,0.114259,0.083224
length,100.0,105.0,-70.0,-60.0,normal,0.000000,0.203165,0.115768
box_height,100.0,105.0,-70.0,-60.0,normal,0.000000,0.094437,0.062387
miss_detection,100.0,105.0,-60.0,-50.0,constant,1.000000,,
distal,100.0,105.0,-60.0,-50.0,normal,0.000000,0.126547,0.077571
perpendicular,100.0,105.0,-60.0,-50.0,normal,0.000000,0.112768,0.070274
height,100.0,105.0,-60.0,-50.0,normal,0.000000,0.084922,0.052250
yaw,100.0,105.0,-60.0,-50.0,normal,0.000000,0.401671,0.104889
width,100.0,105.0,-60.0,-50.0,normal,0.000000,0.114259,0.083224
length,100.0,105.0,-60.0,-50.0,normal,0.000000,0.203165,0.115768
box_height,100.0,105.0,-60.0,-50.0,normal,0.000000,0.094437,0.062387
miss_detection,100.0,105.0,-50.0,-40.0,constant,1.000000,,
distal,100.0,105.0,-50.0,-40.0,normal,0.000000,0.126547,0.077571
perpendicular,100.0,105.0,-50.0,-40.0,normal,0.000000,0.112768,0.070274
height,100.0,105.0,-50.0,-40.0,normal,0.000000,0.084922,0.052250
yaw,100.0,105.0,-50.0,-40.0,normal,0.000000,0.401671,0.104889
width,100.0,105.0,-50.0,-40.0,normal,0.000000,0.114259,0.083224
length,100.0,105.0,-50.0,-40.0,normal,0.000000,0.203165,0.115768
box_height,100.0,105.0,-50.0,-40.0,normal,0.000000,0.094437,0.062387
miss_detection,100.0,105.0,-40.0,-30.0,constant,1.000000,,
distal,100.0,105.0,-40.0,-30.0,normal,0.000000,0.126547,0.077571
perpendicular,100.0,105.0,-40.0,-30.0,normal,0.000000,0.112768,0.070274
height,100.0,105.0,-40.0,-30.0,normal,0.000000,0.084922,0.052250
yaw,100.0,105.0,-40.0,-30.0,normal,0.000000,0.401671,0.104889
width,100.0,105.0,-40.0,-30.0,normal,0.000000,0.114259,0.083224
length,100.0,105.0,-40.0,-30.0,normal,0.000000,0.203165,0.115768
box_height,100.0,105.0,-40.0,-30.0,normal,0.000000,0.094437,0.062387
miss_detection,100.0,105.0,-30.0,-20.0,constant,1.000000,,
distal,100.0,105.0,-30.0,-20.0,normal,0.000000,0.126547,0.077571
perpendicular,100.0,105.0,-30.0,-20.0,normal,0.000000,0.112768,0.070274
height,100.0,105.0,-30.0,-20.0,normal,0.000000,0.084922,0.052250
yaw,100.0,105.0,-30.0,-20.0,normal,0.000000,0.401671,0.104889
width,100.0,105.0,-30.0,-20.0,normal,0.000000,0.114259,0.083224
length,100.0,105.0,-30.0,-20.0,normal,0.000000,0.203165,0.115768
box_height,100.0,105.0,-30.0,-20.0,normal,0.000000,0.094437,0.062387
miss_detection,100.0,105.0,-20.0,-10.0,constant,1.000000,,
distal,100.0,105.0,-20.0,-10.0,normal,0.000000,0.126547,0.077571
perpendicular,100.0,105.0,-20.0,-10.0,normal,0.000000,0.112768,0.070274
height,100.0,105.0,-20.0,-10.0,normal,0.000000,0.084922,0.052250
yaw,100.0,105.0,-20.0,-10.0,normal,0.000000,0.401671,0.104889
width,100.0,105.0,-20.0,-10.0,normal,0.000000,0.114259,0.083224
length,100.0,105.0,-20.0,-10.0,normal,0.000000,0.203165,0.115768
box_height,100.0,105.0,-20.0,-10.0,normal,0.000000,0.094437,0.062387
miss_detection,100.0,105.0,-10.0,0.0,constant,1.000000,,
distal,100.0,105.0,-10.0,0.0,normal,0.000000,0.126547,0.077571
perpendicular,100.0,105.0,-10.0,0.0,normal,0.000000,0.112768,0.070274
height,100.0,105.0,-10.0,0.0,normal,0.000000,0.084922,0.052250
yaw,100.0,105.0,-10.0,0.0,normal,0.000000,0.401671,0.104889
width,100.0,105.0,-10.0,0.0,normal,0.000000,0.114259,0.083224
length,100.0,105.0,-10.0,0.0,normal,0.000000,0.203165,0.115768
box_height,100.0,105.0,-10.0,0.0,normal,0.000000,0.094437,0.062387
miss_detection,100.0,105.0,0.0,10.0,constant,1.000000,,
distal,100.0,105.0,0.0,10.0,normal,0.000000,0.126547,0.077571
perpendicular,100.0,105.0,0.0,10.0,normal,0.000000,0.112768,0.070274
height,100.0,105.0,0.0,10.0,normal,0.000000,0.084922,0.052250
yaw,100.0,105.0,0.0,10.0,normal,0.000000,0.401671,0.104889
width,100.0,105.0,0.0,10.0,normal,0.000000,0.114259,0.083224
length,100.0,105.0,0.0,10.0,normal,0.000000,0.203165,0.115768
box_height,100.0,105.0,0.0,10.0,normal,0.000000,0.094437,0.062387
miss_detection,100.0,105.0,10.0,20.0,constant,1.000000,,
distal,100.0,105.0,10.0,20.0,normal,0.000000,0.126547,0.077571
perpendicular,100.0,105.0,10.0,20.0,normal,0.000000,0.112768,0.070274
height,100.0,105.0,10.0,20.0,normal,0.000000,0.084922,0.052250
yaw,100.0,105.0,10.0,20.0,normal,0.000000,0.401671,0.104889
width,100.0,105.0,10.0,20.0,normal,0.000000,0.114259,0.083224
length,100.0,105.0,10.0,20.0,normal,0.000000,0.203165,0.115768
box_height,100.0,105.0,10.0,20.0,normal,0.000000,0.094437,0.062387
miss_detection,100.0,105.0,20.0,30.0,constant,1.000000,,
distal,100.0,105.0,20.0,30.0,normal,0.000000,0.126547,0.077571
perpendicular,100.0,105.0,20.0,30.0,normal,0.000000,0.112768,0.070274
height,100.0,105.0,20.0,30.0,normal,0.000000,0.084922,0.052250
yaw,100.0,105.0,20.0,30.0,normal,0.000000,0.401671,0.104889
width,100.0,105.0,20.0,30.0,normal,0.000000,0.114259,0.083224
length,100.0,105.0,20.0,30.0,normal,0.000000,0.203165,0.115768
box_height,100.0,105.0,20.0,30.0,normal,0.000000,0.094437,0.062387
miss_detection,100.0,105.0,30.0,40.0,constant,1.000000,,
distal,100.0,105.0,30.0,40.0,normal,0.000000,0.126547,0.077571
perpendicular,100.0,105.0,30.0,40.0,normal,0.000000,0.112768,0.070274
height,100.0,105.0,30.0,40.0,normal,0.000000,0.084922,0.052250
yaw,100.0,105.0,30.0,40.0,normal,0.000000,0.401671,0.104889
width,100.0,105.0,30.0,40.0,normal,0.000000,0.114259,0.083224
length,100.0,105.0,30.0,40.0,normal,0.000000,0.203165,0.115768
box_height,100.0,105.0,30.0,40.0,normal,0.000000,0.094437,0.062387
miss_detection,100.0,105.0,40.0,50.0,constant,1.000000,,
distal,100.0,105.0,40.0,50.0,normal,0.000000,0.126547,0.077571
perpendicular,100.0,105.0,40.0,50.0,normal,0.000000,0.112768,0.070274
height,100.0,105.0,40.0,50.0,normal,0.000000,0.084922,0.052250
yaw,100.0,105.0,40.0,50.0,normal,0.000000,0.401671,0.104889
width,100.0,105.0,40.0,50.0,normal,0.000000,0.114259,0.083224
length,100.0,105.0,40.0,50.0,normal,0.000000,0.203165,0.115768
box_height,100.0,105.0,40.0,50.0,normal,0.000000,0.094437,0.062387
miss_detection,100.0,105.0,50.0,60.0,constant,1.000000,,
distal,100.0,105.0,50.0,60.0,normal,0.000000,0.126547,0.077571
perpendicular,100.0,105.0,50.0,60.0,normal,0.000000,0.112768,0.070274
height,100.0,105.0,50.0,60.0,normal,0.000000,0.084922,0.052250
yaw,100.0,105.0,50.0,60.0,normal,0.000000,0.401671,0.104889
width,100.0,105.0,50.0,60.0,normal,0.000000,0.114259,0.083224
length,100.0,105.0,50.0,60.0,normal,0.000000,0.203165,0.115768
box_height,100.0,105.0,50.0,60.0,normal,0.000000,0.094437,0.062387
miss_detection,100.0,105.0,60.0,70.0,constant,1.000000,,
distal,100.0,105.0,60.0,70.0,normal,0.000000,0.126547,0.077571
perpendicular,100.0,105.0,60.0,70.0,normal,0.000000,0.112768,0.070274
height,100.0,105.0,60.0,70.0,normal,0.000000,0.084922,0.052250
yaw,100.0,105.0,60.0,70.0,normal,0.000000,0.401671,0.104889
width,100.0,105.0,60.0,70.0,normal,0.000000,0.114259,0.083224
length,100.0,105.0,60.0,70.0,normal,0.000000,0.203165,0.115768
box_height,100.0,105.0,60.0,70.0,normal,0.000000,0.094437,0.062387
miss_detection,100.0,105.0,70.0,80.0,constant,1.000000,,
distal,100.0,105.0,70.0,80.0,normal,0.000000,0.126547,0.077571
perpendicular,100.0,105.0,70.0,80.0,normal,0.000000,0.112768,0.070274
height,100.0,105.0,70.0,80.0,normal,0.000000,0.084922,0.052250
yaw,100.0,105.0,70.0,80.0,normal,0.000000,0.401671,0.104889
width,100.0,105.0,70.0,80.0,normal,0.000000,0.114259,0.083224
length,100.0,105.0,70.0,80.0,normal,0.000000,0.203165,0.115768
box_height,100.0,105.0,70.0,80.0,normal,0.000000,0.094437,0.062387
miss_detection,100.0,105.0,80.0,90.0,constant,1.000000,,
distal,100.0,105.0,80.0,90.0,normal,0.000000,0.126547,0.077571
perpendicular,100.0,105.0,80.0,90.0,normal,0.000000,0.112768,0.070274
height,100.0,105.0,80.0,90.0,normal,0.000000,0.084922,0.052250
yaw,100.0,105.0,80.0,90.0,normal,0.000000,0.401671,0.104889
width,100.0,105.0,80.0,90.0,normal,0.000000,0.114259,0.083224
length,100.0,105.0,80.0,90.0,normal,0.000000,0.203165,0.115768
box_height,100.0,105.0,80.0,90.0,normal,0.000000,0.094437,0.062387
miss_detection,100.0,105.0,90.0,100.0,constant,1.000000,,
distal,100.0,105.0,90.0,100.0,normal,0.000000,0.126547,0.077571
perpendicular,100.0,105.0,90.0,100.0,normal,0.000000,0.112768,0.070274
height,100.0,105.0,90.0,100.0,normal,0.000000,0.084922,0.052250
yaw,100.0,105.0,90.0,100.0,normal,0.000000,0.401671,0.104889
width,100.0,105.0,90.0,100.0,normal,0.000000,0.114259,0.083224
length,100.0,105.0,90.0,100.0,normal,0.000000,0.203165,0.115768
box_height,100.0,105.0,90.0,100.0,normal,0.000000,0.094437,0.062387
miss_detection,100.0,105.0,100.0,110.0,constant,1.000000,,
distal,100.0,105.0,100.0,110.0,normal,0.000000,0.126547,0.077571
perpendicular,100.0,105.0,100.0,110.0,normal,0.000000,0.112768,0.070274
height,100.0,105.0,100.0,110.0,normal,0.000000,0.084922,0.052250
yaw,100.0,105.0,100.0,110.0,normal,0.000000,0.401671,0.104889
width,100.0,105.0,100.0,110.0,normal,0.000000,0.114259,0.083224
length,100.0,105.0,100.0,110.0,normal,0.000000,0.203165,0.115768
box_height,100.0,105.0,100.0,110.0,normal,0.000000,0.094437,0.062387
miss_detection,100.0,105.0,110.0,120.0,constant,1.000000,,
distal,100.0,105.0,110.0,120.0,normal,0.000000,0.126547,0.077571
perpendicular,100.0,105.0,110.0,120.0,normal,0.000000,0.112768,0.070274
height,100.0,105.0,110.0,120.0,normal,0.000000,0.084922,0.052250
yaw,100.0,105.0,110.0,120.0,normal,0.000000,0.401671,0.104889
width,100.0,105.0,110.0,120.0,normal,0.000000,0.114259,0.083224
length,100.0,105.0,110.0,120.0,normal,0.000000,0.203165,0.115768
box_height,100.0,105.0,110.0,120.0,normal,0.000000,0.094437,0.062387
miss_detection,100.0,105.0,120.0,130.0,constant,1.000000,,
distal,100.0,105.0,120.0,130.0,normal,0.000000,0.126547,0.077571
perpendicular,100.0,105.0,120.0,130.0,normal,0.000000,0.112768,0.070274
height,100.0,105.0,120.0,130.0,normal,0.000000,0.084922,0.052250
yaw,100.0,105.0,120.0,130.0,normal,0.000000,0.401671,0.104889
width,100.0,105.0,120.0,130.0,normal,0.000000,0.114259,0.083224
length,100.0,105.0,120.0,130.0,normal,0.000000,0.203165,0.115768
box_height,100.0,105.0,120.0,130.0,normal,0.000000,0.094437,0.062387
miss_detection,100.0,105.0,130.0,140.0,constant,1.000000,,
distal,100.0,105.0,130.0,140.0,normal,0.000000,0.126547,0.077571
perpendicular,100.0,105.0,130.0,140.0,normal,0.000000,0.112768,0.070274
height,100.0,105.0,130.0,140.0,normal,0.000000,0.084922,0.052250
yaw,100.0,105.0,130.0,140.0,normal,0.000000,0.401671,0.104889
width,100.0,105.0,130.0,140.0,normal,0.000000,0.114259,0.083224
length,100.0,105.0,130.0,140.0,normal,0.000000,0.203165,0.115768
box_height,100.0,105.0,130.0,140.0,normal,0.000000,0.094437,0.062387
miss_detection,100.0,105.0,140.0,150.0,constant,1.000000,,
distal,100.0,105.0,140.0,150.0,normal,0.000000,0.126547,0.077571
perpendicular,100.0,105.0,140.0,150.0,normal,0.000000,0.112768,0.070274
height,100.0,105.0,140.0,150.0,normal,0.000000,0.084922,0.052250
yaw,100.0,105.0,140.0,150.0,normal,0.000000,0.401671,0.104889
width,100.0,105.0,140.0,150.0,normal,0.000000,0.114259,0.083224
length,100.0,105.0,140.0,150.0,normal,0.000000,0.203165,0.115768
box_height,100.0,105.0,140.0,150.0,normal,0.000000,0.094437,0.062387
miss_detection,100.0,105.0,150.0,160.0,constant,1.000000,,
distal,100.0,105.0,150.0,160.0,normal,0.000000,0.126547,0.077571
perpendicular,100.0,105.0,150.0,160.0,normal,0.000000,0.112768,0.070274
height,100.0,105.0,150.0,160.0,normal,0.000000,0.084922,0.052250
yaw,100.0,105.0,150.0,160.0,normal,0.000000,0.401671,0.104889
width,100.0,105.0,150.0,160.0,normal,0.000000,0.114259,0.083224
length,100.0,105.0,150.0,160.0,normal,0.000000,0.203165,0.115768
box_height,100.0,105.0,150.0,160.0,normal,0.000000,0.094437,0.062387
miss_detection,100.0,105.0,160.0,170.0,constant,1.000000,,
distal,100.0,105.0,160.0,170.0,normal,0.000000,0.126547,0.077571
perpendicular,100.0,105.0,160.0,170.0,normal,0.000000,0.112768,0.070274
height,100.0,105.0,160.0,170.0,normal,0.000000,0.084922,0.052250
yaw,100.0,105.0,160.0,170.0,normal,0.000000,0.401671,0.104889
width,100.0,105.0,160.0,170.0,normal,0.000000,0.114259,0.083224
length,100.0,105.0,160.0,170.0,normal,0.000000,0.203165,0.115768
box_height,100.0,105.0,160.0,170.0,normal,0.000000,0.094437,0.062387
miss_detection,100.0,105.0,170.0,180.0,constant,1.000000,,
distal,100.0,105.0,170.0,180.0,normal,0.000000,0.126547,0.077571
perpendicular,100.0,105.0,170.0,180.0,normal,0.000000,0.112768,0.070274
height,100.0,105.0,170.0,180.0,normal,0.000000,0.084922,0.052250
yaw,100.0,105.0,170.0,180.0,normal,0.000000,0.401671,0.104889
width,100.0,105.0,170.0,180.0,normal,0.000000,0.114259,0.083224
length,100.0,105.0,170.0,180.0,normal,0.000000,0.203165,0.115768
box_height,100.0,105.0,170.0,180.0,normal,0.000000,0.094437,0.062387
miss_detection,105.0,110.0,-180.0,-170.0,constant,1.000000,,
distal,105.0,110.0,-180.0,-170.0,normal,0.000000,0.126547,0.077571
perpendicular,105.0,110.0,-180.0,-170.0,normal,0.000000,0.112768,0.070274
height,105.0,110.0,-180.0,-170.0,normal,0.000000,0.084922,0.052250
yaw,105.0,110.0,-180.0,-170.0,normal,0.000000,0.401671,0.104889
width,105.0,110.0,-180.0,-170.0,normal,0.000000,0.114259,0.083224
length,105.0,110.0,-180.0,-170.0,normal,0.000000,0.203165,0.115768
box_height,105.0,110.0,-180.0,-170.0,normal,0.000000,0.094437,0.062387
miss_detection,105.0,110.0,-170.0,-160.0,constant,1.000000,,
distal,105.0,110.0,-170.0,-160.0,normal,0.000000,0.126547,0.077571
perpendicular,105.0,110.0,-170.0,-160.0,normal,0.000000,0.112768,0.070274
height,105.0,110.0,-170.0,-160.0,normal,0.000000,0.084922,0.052250
yaw,105.0,110.0,-170.0,-160.0,normal,0.000000,0.401671,0.104889
width,105.0,110.0,-170.0,-160.0,normal,0.000000,0.114259,0.083224
length,105.0,110.0,-170.0,-160.0,normal,0.000000,0.203165,0.115768
box_height,105.0,110.0,-170.0,-160.0,normal,0.000000,0.094437,0.062387
miss_detection,105.0,110.0,-160.0,-150.0,constant,1.000000,,
distal,105.0,110.0,-160.0,-150.0,normal,0.000000,0.126547,0.077571
perpendicular,105.0,110.0,-160.0,-150.0,normal,0.000000,0.112768,0.070274
height,105.0,110.0,-160.0,-150.0,normal,0.000000,0.084922,0.052250
yaw,105.0,110.0,-160.0,-150.0,normal,0.000000,0.401671,0.104889
width,105.0,110.0,-160.0,-150.0,normal,0.000000,0.114259,0.083224
length,105.0,110.0,-160.0,-150.0,normal,0.000000,0.203165,0.115768
box_height,105.0,110.0,-160.0,-150.0,normal,0.000000,0.094437,0.062387
miss_detection,105.0,110.0,-150.0,-140.0,constant,1.000000,,
distal,105.0,110.0,-150.0,-140.0,normal,0.000000,0.126547,0.077571
perpendicular,105.0,110.0,-150.0,-140.0,normal,0.000000,0.112768,0.070274
height,105.0,110.0,-150.0,-140.0,normal,0.000000,0.084922,0.052250
yaw,105.0,110.0,-150.0,-140.0,normal,0.000000,0.401671,0.104889
width,105.0,110.0,-150.0,-140.0,normal,0.000000,0.114259,0.083224
length,105.0,110.0,-150.0,-140.0,normal,0.000000,0.203165,0.115768
box_height,105.0,110.0,-150.0,-140.0,normal,0.000000,0.094437,0.062387
miss_detection,105.0,110.0,-140.0,-130.0,constant,1.000000,,
distal,105.0,110.0,-140.0,-130.0,normal,0.000000,0.126547,0.077571
perpendicular,105.0,110.0,-140.0,-130.0,normal,0.000000,0.112768,0.070274
height,105.0,110.0,-140.0,-130.0,normal,0.000000,0.084922,0.052250
yaw,105.0,110.0,-140.0,-130.0,normal,0.000000,0.401671,0.104889
width,105.0,110.0,-140.0,-130.0,normal,0.000000,0.114259,0.083224
length,105.0,110.0,-140.0,-130.0,normal,0.000000,0.203165,0.115768
box_height,105.0,110.0,-140.0,-130.0,normal,0.000000,0.094437,0.062387
miss_detection,105.0,110.0,-130.0,-120.0,constant,1.000000,,
distal,105.0,110.0,-130.0,-120.0,normal,0.000000,0.126547,0.077571
perpendicular,105.0,110.0,-130.0,-120.0,normal,0.000000,0.112768,0.070274
height,105.0,110.0,-130.0,-120.0,normal,0.000000,0.084922,0.052250
yaw,105.0,110.0,-130.0,-120.0,normal,0.000000,0.401671,0.104889
width,105.0,110.0,-130.0,-120.0,normal,0.000000,0.114259,0.083224
length,105.0,110.0,-130.0,-120.0,normal,0.000000,0.203165,0.115768
box_height,105.0,110.0,-130.0,-120.0,normal,0.000000,0.094437,0.062387
miss_detection,105.0,110.0,-120.0,-110.0,constant,1.000000,,
distal,105.0,110.0,-120.0,-110.0,normal,0.000000,0.126547,0.077571
perpendicular,105.0,110.0,-120.0,-110.0,normal,0.000000,0.112768,0.070274
height,105.0,110.0,-120.0,-110.0,normal,0.000000,0.084922,0.052250
yaw,105.0,110.0,-120.0,-110.0,normal,0.000000,0.401671,0.104889
width,105.0,110.0,-120.0,-110.0,normal,0.000000,0.114259,0.083224
length,105.0,110.0,-120.0,-110.0,normal,0.000000,0.203165,0.115768
box_height,105.0,110.0,-120.0,-110.0,normal,0.000000,0.094437,0.062387
miss_detection,105.0,110.0,-110.0,-100.0,constant,1.000000,,
distal,105.0,110.0,-110.0,-100.0,normal,0.000000,0.126547,0.077571
perpendicular,105.0,110.0,-110.0,-100.0,normal,0.000000,0.112768,0.070274
height,105.0,110.0,-110.0,-100.0,normal,0.000000,0.084922,0.052250
yaw,105.0,110.0,-110.0,-100.0,normal,0.000000,0.401671,0.104889
width,105.0,110.0,-110.0,-100.0,normal,0.000000,0.114259,0.083224
length,105.0,110.0,-110.0,-100.0,normal,0.000000,0.203165,0.115768
box_height,105.0,110.0,-110.0,-100.0,normal,0.000000,0.094437,0.062387
miss_detection,105.0,110.0,-100.0,-90.0,constant,1.000000,,
distal,105.0,110.0,-100.0,-90.0,normal,0.000000,0.126547,0.077571
perpendicular,105.0,110.0,-100.0,-90.0,normal,0.000000,0.112768,0.070274
height,105.0,110.0,-100.0,-90.0,normal,0.000000,0.084922,0.052250
yaw,105.0,110.0,-100.0,-90.0,normal,0.000000,0.401671,0.104889
width,105.0,110.0,-100.0,-90.0,normal,0.000000,0.114259,0.083224
length,105.0,110.0,-100.0,-90.0,normal,0.000000,0.203165,0.115768
box_height,105.0,110.0,-100.0,-90.0,normal,0.000000,0.094437,0.062387
miss_detection,105.0,110.0,-90.0,-80.0,constant,1.000000,,
distal,105.0,110.0,-90.0,-80.0,normal,0.000000,0.126547,0.077571
perpendicular,105.0,110.0,-90.0,-80.0,normal,0.000000,0.112768,0.070274
height,105.0,110.0,-90.0,-80.0,normal,0.000000,0.084922,0.052250
yaw,105.0,110.0,-90.0,-80.0,normal,0.000000,0.401671,0.104889
width,105.0,110.0,-90.0,-80.0,normal,0.000000,0.114259,0.083224
length,105.0,110.0,-90.0,-80.0,normal,0.000000,0.203165,0.115768
box_height,105.0,110.0,-90.0,-80.0,normal,0.000000,0.094437,0.062387
miss_detection,105.0,110.0,-80.0,-70.0,constant,1.000000,,
distal,105.0,110.0,-80.0,-70.0,normal,0.000000,0.126547,0.077571
perpendicular,105.0,110.0,-80.0,-70.0,normal,0.000000,0.112768,0.070274
height,105.0,110.0,-80.0,-70.0,normal,0.000000,0.084922,0.052250
yaw,105.0,110.0,-80.0,-70.0,normal,0.000000,0.401671,0.104889
width,105.0,110.0,-80.0,-70.0,normal,0.000000,0.114259,0.083224
length,105.0,110.0,-80.0,-70.0,normal,0.000000,0.203165,0.115768
box_height,105.0,110.0,-80.0,-70.0,normal,0.000000,0.094437,0.062387
miss_detection,105.0,110.0,-70.0,-60.0,constant,1.000000,,
distal,105.0,110.0,-70.0,-60.0,normal,0.000000,0.126547,0.077571
perpendicular,105.0,110.0,-70.0,-60.0,normal,0.000000,0.112768,0.070274
height,105.0,110.0,-70.0,-60.0,normal,0.000000,0.084922,0.052250
yaw,105.0,110.0,-70.0,-60.0,normal,0.000000,0.401671,0.104889
width,105.0,110.0,-70.0,-60.0,normal,0.000000,0.114259,0.083224
length,105.0,110.0,-70.0,-60.0,normal,0.000000,0.203165,0.115768
box_height,105.0,110.0,-70.0,-60.0,normal,0.000000,0.094437,0.062387
miss_detection,105.0,110.0,-60.0,-50.0,constant,1.000000,,
distal,105.0,110.0,-60.0,-50.0,normal,0.000000,0.126547,0.077571
perpendicular,105.0,110.0,-60.0,-50.0,normal,0.000000,0.112768,0.070274
height,105.0,110.0,-60.0,-50.0,normal,0.000000,0.084922,0.052250
yaw,105.0,110.0,-60.0,-50.0,normal,0.000000,0.401671,0.104889
width,105.0,110.0,-60.0,-50.0,normal,0.000000,0.114259,0.083224
length,105.0,110.0,-60.0,-50.0,normal,0.000000,0.203165,0.115768
box_height,105.0,110.0,-60.0,-50.0,normal,0.000000,0.094437,0.062387
miss_detection,105.0,110.0,-50.0,-40.0,constant,1.000000,,
distal,105.0,110.0,-50.0,-40.0,normal,0.000000,0.126547,0.077571
perpendicular,105.0,110.0,-50.0,-40.0,normal,0.000000,0.112768,0.070274
height,105.0,110.0,-50.0,-40.0,normal,0.000000,0.084922,0.052250
yaw,105.0,110.0,-50.0,-40.0,normal,0.000000,0.401671,0.104889
width,105.0,110.0,-50.0,-40.0,normal,0.000000,0.114259,0.083224
length,105.0,110.0,-50.0,-40.0,normal,0.000000,0.203165,0.115768
box_height,105.0,110.0,-50.0,-40.0,normal,0.000000,0.094437,0.062387
miss_detection,105.0,110.0,-40.0,-30.0,constant,1.000000,,
distal,105.0,110.0,-40.0,-30.0,normal,0.000000,0.126547,0.077571
perpendicular,105.0,110.0,-40.0,-30.0,normal,0.000000,0.112768,0.070274
height,105.0,110.0,-40.0,-30.0,normal,0.000000,0.084922,0.052250
yaw,105.0,110.0,-40.0,-30.0,normal,0.000000,0.401671,0.104889
width,105.0,110.0,-40.0,-30.0,normal,0.000000,0.114259,0.083224
length,105.0,110.0,-40.0,-30.0,normal,0.000000,0.203165,0.115768
box_height,105.0,110.0,-40.0,-30.0,normal,0.000000,0.094437,0.062387
miss_detection,105.0,110.0,-30.0,-20.0,constant,1.000000,,
distal,105.0,110.0,-30.0,-20.0,normal,0.000000,0.126547,0.077571
perpendicular,105.0,110.0,-30.0,-20.0,normal,0.000000,0.112768,0.070274
height,105.0,110.0,-30.0,-20.0,normal,0.000000,0.084922,0.052250
yaw,105.0,110.0,-30.0,-20.0,normal,0.000000,0.401671,0.104889
width,105.0,110.0,-30.0,-20.0,normal,0.000000,0.114259,0.083224
length,105.0,110.0,-30.0,-20.0,normal,0.000000,0.203165,0.115768
box_height,105.0,110.0,-30.0,-20.0,normal,0.000000,0.094437,0.062387
miss_detection,105.0,110.0,-20.0,-10.0,constant,1.000000,,
distal,105.0,110.0,-20.0,-10.0,normal,0.000000,0.126547,0.077571
perpendicular,105.0,110.0,-20.0,-10.0,normal,0.000000,0.112768,0.070274
height,105.0,110.0,-20.0,-10.0,normal,0.000000,0.084922,0.052250
yaw,105.0,110.0,-20.0,-10.0,normal,0.000000,0.401671,0.104889
width,105.0,110.0,-20.0,-10.0,normal,0.000000,0.114259,0.083224
length,105.0,110.0,-20.0,-10.0,normal,0.000000,0.203165,0.115768
box_height,105.0,110.0,-20.0,-10.0,normal,0.000000,0.094437,0.062387
miss_detection,105.0,110.0,-10.0,0.0,constant,1.000000,,
distal,105.0,110.0,-10.0,0.0,normal,0.000000,0.126547,0.077571
perpendicular,105.0,110.0,-10.0,0.0,normal,0.000000,0.112768,0.070274
height,105.0,110.0,-10.0,0.0,normal,0.000000,0.084922,0.052250
yaw,105.0,110.0,-10.0,0.0,normal,0.000000,0.401671,0.104889
width,105.0,110.0,-10.0,0.0,normal,0.000000,0.114259,0.083224
length,105.0,110.0,-10.0,0.0,normal,0.000000,0.203165,0.115768
box_height,105.0,110.0,-10.0,0.0,normal,0.000000,0.094437,0.062387
miss_detection,105.0,110.0,0.0,10.0,constant,1.000000,,
distal,105.0,110.0,0.0,10.0,normal,0.000000,0.126547,0.077571
perpendicular,105.0,110.0,0.0,10.0,normal,0.000000,0.112768,0.070274
height,105.0,110.0,0.0,10.0,normal,0.000000,0.084922,0.052250
yaw,105.0,110.0,0.0,10.0,normal,0.000000,0.401671,0.104889
width,105.0,110.0,0.0,10.0,normal,0.000000,0.114259,0.083224
length,105.0,110.0,0.0,10.0,normal,0.000000,0.203165,0.115768
box_height,105.0,110.0,0.0,10.0,normal,0.000000,0.094437,0.062387
miss_detection,105.0,110.0,10.0,20.0,constant,1.000000,,
distal,105.0,110.0,10.0,20.0,normal,0.000000,0.126547,0.077571
perpendicular,105.0,110.0,10.0,20.0,normal,0.000000,0.112768,0.070274
height,105.0,110.0,10.0,20.0,normal,0.000000,0.084922,0.052250
yaw,105.0,110.0,10.0,20.0,normal,0.000000,0.401671,0.104889
width,105.0,110.0,10.0,20.0,normal,0.000000,0.114259,0.083224
length,105.0,110.0,10.0,20.0,normal,0.000000,0.203165,0.115768
box_height,105.0,110.0,10.0,20.0,normal,0.000000,0.094437,0.062387
miss_detection,105.0,110.0,20.0,30.0,constant,1.000000,,
distal,105.0,110.0,20.0,30.0,normal,0.000000,0.126547,0.077571
perpendicular,105.0,110.0,20.0,30.0,normal,0.000000,0.112768,0.070274
height,105.0,110.0,20.0,30.0,normal,0.000000,0.084922,0.052250
yaw,105.0,110.0,20.0,30.0,normal,0.000000,0.401671,0.104889
width,105.0,110.0,20.0,30.0,normal,0.000000,0.114259,0.083224
length,105.0,110.0,20.0,30.0,normal,0.000000,0.203165,0.115768
box_height,105.0,110.0,20.0,30.0,normal,0.000000,0.094437,0.062387
miss_detection,105.0,110.0,30.0,40.0,constant,1.000000,,
distal,105.0,110.0,30.0,40.0,normal,0.000000,0.126547,0.077571
perpendicular,105.0,110.0,30.0,40.0,normal,0.000000,0.112768,0.070274
height,105.0,110.0,30.0,40.0,normal,0.000000,0.084922,0.052250
yaw,105.0,110.0,30.0,40.0,normal,0.000000,0.401671,0.104889
width,105.0,110.0,30.0,40.0,normal,0.000000,0.114259,0.083224
length,105.0,110.0,30.0,40.0,normal,0.000000,0.203165,0.115768
box_height,105.0,110.0,30.0,40.0,normal,0.000000,0.094437,0.062387
miss_detection,105.0,110.0,40.0,50.0,constant,1.000000,,
distal,105.0,110.0,40.0,50.0,normal,0.000000,0.126547,0.077571
perpendicular,105.0,110.0,40.0,50.0,normal,0.000000,0.112768,0.070274
height,105.0,110.0,40.0,50.0,normal,0.000000,0.084922,0.052250
yaw,105.0,110.0,40.0,50.0,normal,0.000000,0.401671,0.104889
width,105.0,110.0,40.0,50.0,normal,0.000000,0.114259,0.083224
length,105.0,110.0,40.0,50.0,normal,0.000000,0.203165,0.115768
box_height,105.0,110.0,40.0,50.0,normal,0.000000,0.094437,0.062387
miss_detection,105.0,110.0,50.0,60.0,constant,1.000000,,
distal,105.0,110.0,50.0,60.0,normal,0.000000,0.126547,0.077571
perpendicular,105.0,110.0,50.0,60.0,normal,0.000000,0.112768,0.070274
height,105.0,110.0,50.0,60.0,normal,0.000000,0.084922,0.052250
yaw,105.0,110.0,50.0,60.0,normal,0.000000,0.401671,0.104889
width,105.0,110.0,50.0,60.0,normal,0.000000,0.114259,0.083224
length,105.0,110.0,50.0,60.0,normal,0.000000,0.203165,0.115768
box_height,105.0,110.0,50.0,60.0,normal,0.000000,0.094437,0.062387
miss_detection,105.0,110.0,60.0,70.0,constant,1.000000,,
distal,105.0,110.0,60.0,70.0,normal,0.000000,0.126547,0.077571
perpendicular,105.0,110.0,60.0,70.0,normal,0.000000,0.112768,0.070274
height,105.0,110.0,60.0,70.0,normal,0.000000,0.084922,0.052250
yaw,105.0,110.0,60.0,70.0,normal,0.000000,0.401671,0.104889
width,105.0,110.0,60.0,70.0,normal,0.000000,0.114259,0.083224
length,105.0,110.0,60.0,70.0,normal,0.000000,0.203165,0.115768
box_height,105.0,110.0,60.0,70.0,normal,0.000000,0.094437,0.062387
miss_detection,105.0,110.0,70.0,80.0,constant,1.000000,,
distal,105.0,110.0,70.0,80.0,normal,0.000000,0.126547,0.077571
perpendicular,105.0,110.0,70.0,80.0,normal,0.000000,0.112768,0.070274
height,105.0,110.0,70.0,80.0,normal,0.000000,0.084922,0.052250
yaw,105.0,110.0,70.0,80.0,normal,0.000000,0.401671,0.104889
width,105.0,110.0,70.0,80.0,normal,0.000000,0.114259,0.083224
length,105.0,110.0,70.0,80.0,normal,0.000000,0.203165,0.115768
box_height,105.0,110.0,70.0,80.0,normal,0.000000,0.094437,0.062387
miss_detection,105.0,110.0,80.0,90.0,constant,1.000000,,
distal,105.0,110.0,80.0,90.0,normal,0.000000,0.126547,0.077571
perpendicular,105.0,110.0,80.0,90.0,normal,0.000000,0.112768,0.070274
height,105.0,110.0,80.0,90.0,normal,0.000000,0.084922,0.052250
yaw,105.0,110.0,80.0,90.0,normal,0.000000,0.401671,0.104889
width,105.0,110.0,80.0,90.0,normal,0.000000,0.114259,0.083224
length,105.0,110.0,80.0,90.0,normal,0.000000,0.203165,0.115768
box_height,105.0,110.0,80.0,90.0,normal,0.000000,0.094437,0.062387
miss_detection,105.0,110.0,90.0,100.0,constant,1.000000,,
distal,105.0,110.0,90.0,100.0,normal,0.000000,0.126547,0.077571
perpendicular,105.0,110.0,90.0,100.0,normal,0.000000,0.112768,0.070274
height,105.0,110.0,90.0,100.0,normal,0.000000,0.084922,0.052250
yaw,105.0,110.0,90.0,100.0,normal,0.000000,0.401671,0.104889
width,105.0,110.0,90.0,100.0,normal,0.000000,0.114259,0.083224
length,105.0,110.0,90.0,100.0,normal,0.000000,0.203165,0.115768
box_height,105.0,110.0,90.0,100.0,normal,0.000000,0.094437,0.062387
miss_detection,105.0,110.0,100.0,110.0,constant,1.000000,,
distal,105.0,110.0,100.0,110.0,normal,0.000000,0.126547,0.077571
perpendicular,105.0,110.0,100.0,110.0,normal,0.000000,0.112768,0.070274
height,105.0,110.0,100.0,110.0,normal,0.000000,0.084922,0.052250
yaw,105.0,110.0,100.0,110.0,normal,0.000000,0.401671,0.104889
width,105.0,110.0,100.0,110.0,normal,0.000000,0.114259,0.083224
length,105.0,110.0,100.0,110.0,normal,0.000000,0.203165,0.115768
box_height,105.0,110.0,100.0,110.0,normal,0.000000,0.094437,0.062387
miss_detection,105.0,110.0,110.0,120.0,constant,1.000000,,
distal,105.0,110.0,110.0,120.0,normal,0.000000,0.126547,0.077571
perpendicular,105.0,110.0,110.0,120.0,normal,0.000000,0.112768,0.070274
height,105.0,110.0,110.0,120.0,normal,0.000000,0.084922,0.052250
yaw,105.0,110.0,110.0,120.0,normal,0.000000,0.401671,0.104889
width,105.0,110.0,110.0,120.0,normal,0.000000,0.114259,0.083224
length,105.0,110.0,110.0,120.0,normal,0.000000,0.203165,0.115768
box_height,105.0,110.0,110.0,120.0,normal,0.000000,0.094437,0.062387
miss_detection,105.0,110.0,120.0,130.0,constant,1.000000,,
distal,105.0,110.0,120.0,130.0,normal,0.000000,0.126547,0.077571
perpendicular,105.0,110.0,120.0,130.0,normal,0.000000,0.112768,0.070274
height,105.0,110.0,120.0,130.0,normal,0.000000,0.084922,0.052250
yaw,105.0,110.0,120.0,130.0,normal,0.000000,0.401671,0.104889
width,105.0,110.0,120.0,130.0,normal,0.000000,0.114259,0.083224
length,105.0,110.0,120.0,130.0,normal,0.000000,0.203165,0.115768
box_height,105.0,110.0,120.0,130.0,normal,0.000000,0.094437,0.062387
miss_detection,105.0,110.0,130.0,140.0,constant,1.000000,,
distal,105.0,110.0,130.0,140.0,normal,0.000000,0.126547,0.077571
perpendicular,105.0,110.0,130.0,140.0,normal,0.000000,0.112768,0.070274
height,105.0,110.0,130.0,140.0,normal,0.000000,0.084922,0.052250
yaw,105.0,110.0,130.0,140.0,normal,0.000000,0.401671,0.104889
width,105.0,110.0,130.0,140.0,normal,0.000000,0.114259,0.083224
length,105.0,110.0,130.0,140.0,normal,0.000000,0.203165,0.115768
box_height,105.0,110.0,130.0,140.0,normal,0.000000,0.094437,0.062387
miss_detection,105.0,110.0,140.0,150.0,constant,1.000000,,
distal,105.0,110.0,140.0,150.0,normal,0.000000,0.126547,0.077571
perpendicular,105.0,110.0,140.0,150.0,normal,0.000000,0.112768,0.070274
height,105.0,110.0,140.0,150.0,normal,0.000000,0.084922,0.052250
yaw,105.0,110.0,140.0,150.0,normal,0.000000,0.401671,0.104889
width,105.0,110.0,140.0,150.0,normal,0.000000,0.114259,0.083224
length,105.0,110.0,140.0,150.0,normal,0.000000,0.203165,0.115768
box_height,105.0,110.0,140.0,150.0,normal,0.000000,0.094437,0.062387
miss_detection,105.0,110.0,150.0,160.0,constant,1.000000,,
distal,105.0,110.0,150.0,160.0,normal,0.000000,0.126547,0.077571
perpendicular,105.0,110.0,150.0,160.0,normal,0.000000,0.112768,0.070274
height,105.0,110.0,150.0,160.0,normal,0.000000,0.084922,0.052250
yaw,105.0,110.0,150.0,160.0,normal,0.000000,0.401671,0.104889
width,105.0,110.0,150.0,160.0,normal,0.000000,0.114259,0.083224
length,105.0,110.0,150.0,160.0,normal,0.000000,0.203165,0.115768
box_height,105.0,110.0,150.0,160.0,normal,0.000000,0.094437,0.062387
miss_detection,105.0,110.0,160.0,170.0,constant,1.000000,,
distal,105.0,110.0,160.0,170.0,normal,0.000000,0.126547,0.077571
perpendicular,105.0,110.0,160.0,170.0,normal,0.000000,0.112768,0.070274
height,105.0,110.0,160.0,170.0,normal,0.000000,0.084922,0.052250
yaw,105.0,110.0,160.0,170.0,normal,0.000000,0.401671,0.104889
width,105.0,110.0,160.0,170.0,normal,0.000000,0.114259,0.083224
length,105.0,110.0,160.0,170.0,normal,0.000000,0.203165,0.115768
box_height,105.0,110.0,160.0,170.0,normal,0.000000,0.094437,0.062387
miss_detection,105.0,110.0,170.0,180.0,constant,1.000000,,
distal,105.0,110.0,170.0,180.0,normal,0.000000,0.126547,0.077571
perpendicular,105.0,110.0,170.0,180.0,normal,0.000000,0.112768,0.070274
height,105.0,110.0,170.0,180.0,normal,0.000000,0.084922,0.052250
yaw,105.0,110.0,170.0,180.0,normal,0.000000,0.401671,0.104889
width,105.0,110.0,170.0,180.0,normal,0.000000,0.114259,0.083224
length,105.0,110.0,170.0,180.0,normal,0.000000,0.203165,0.115768
box_height,105.0,110.0,170.0,180.0,normal,0.000000,0.094437,0.062387
miss_detection,110.0,115.0,-180.0,-170.0,constant,1.000000,,
distal,110.0,115.0,-180.0,-170.0,normal,0.000000,0.126547,0.077571
perpendicular,110.0,115.0,-180.0,-170.0,normal,0.000000,0.112768,0.070274
height,110.0,115.0,-180.0,-170.0,normal,0.000000,0.084922,0.052250
yaw,110.0,115.0,-180.0,-170.0,normal,0.000000,0.401671,0.104889
width,110.0,115.0,-180.0,-170.0,normal,0.000000,0.114259,0.083224
length,110.0,115.0,-180.0,-170.0,normal,0.000000,0.203165,0.115768
box_height,110.0,115.0,-180.0,-170.0,normal,0.000000,0.094437,0.062387
miss_detection,110.0,115.0,-170.0,-160.0,constant,1.000000,,
distal,110.0,115.0,-170.0,-160.0,normal,0.000000,0.126547,0.077571
perpendicular,110.0,115.0,-170.0,-160.0,normal,0.000000,0.112768,0.070274
height,110.0,115.0,-170.0,-160.0,normal,0.000000,0.084922,0.052250
yaw,110.0,115.0,-170.0,-160.0,normal,0.000000,0.401671,0.104889
width,110.0,115.0,-170.0,-160.0,normal,0.000000,0.114259,0.083224
length,110.0,115.0,-170.0,-160.0,normal,0.000000,0.203165,0.115768
box_height,110.0,115.0,-170.0,-160.0,normal,0.000000,0.094437,0.062387
miss_detection,110.0,115.0,-160.0,-150.0,constant,1.000000,,
distal,110.0,115.0,-160.0,-150.0,normal,0.000000,0.126547,0.077571
perpendicular,110.0,115.0,-160.0,-150.0,normal,0.000000,0.112768,0.070274
height,110.0,115.0,-160.0,-150.0,normal,0.000000,0.084922,0.052250
yaw,110.0,115.0,-160.0,-150.0,normal,0.000000,0.401671,0.104889
width,110.0,115.0,-160.0,-150.0,normal,0.000000,0.114259,0.083224
length,110.0,115.0,-160.0,-150.0,normal,0.000000,0.203165,0.115768
box_height,110.0,115.0,-160.0,-150.0,normal,0.000000,0.094437,0.062387
miss_detection,110.0,115.0,-150.0,-140.0,constant,1.000000,,
distal,110.0,115.0,-150.0,-140.0,normal,0.000000,0.126547,0.077571
perpendicular,110.0,115.0,-150.0,-140.0,normal,0.000000,0.112768,0.070274
height,110.0,115.0,-150.0,-140.0,normal,0.000000,0.084922,0.052250
yaw,110.0,115.0,-150.0,-140.0,normal,0.000000,0.401671,0.104889
width,110.0,115.0,-150.0,-140.0,normal,0.000000,0.114259,0.083224
length,110.0,115.0,-150.0,-140.0,normal,0.000000,0.203165,0.115768
box_height,110.0,115.0,-150.0,-140.0,normal,0.000000,0.094437,0.062387
miss_detection,110.0,115.0,-140.0,-130.0,constant,1.000000,,
distal,110.0,115.0,-140.0,-130.0,normal,0.000000,0.126547,0.077571
perpendicular,110.0,115.0,-140.0,-130.0,normal,0.000000,0.112768,0.070274
height,110.0,115.0,-140.0,-130.0,normal,0.000000,0.084922,0.052250
yaw,110.0,115.0,-140.0,-130.0,normal,0.000000,0.401671,0.104889
width,110.0,115.0,-140.0,-130.0,normal,0.000000,0.114259,0.083224
length,110.0,115.0,-140.0,-130.0,normal,0.000000,0.203165,0.115768
box_height,110.0,115.0,-140.0,-130.0,normal,0.000000,0.094437,0.062387
miss_detection,110.0,115.0,-130.0,-120.0,constant,1.000000,,
distal,110.0,115.0,-130.0,-120.0,normal,0.000000,0.126547,0.077571
perpendicular,110.0,115.0,-130.0,-120.0,normal,0.000000,0.112768,0.070274
height,110.0,115.0,-130.0,-120.0,normal,0.000000,0.084922,0.052250
yaw,110.0,115.0,-130.0,-120.0,normal,0.000000,0.401671,0.104889
width,110.0,115.0,-130.0,-120.0,normal,0.000000,0.114259,0.083224
length,110.0,115.0,-130.0,-120.0,normal,0.000000,0.203165,0.115768
box_height,110.0,115.0,-130.0,-120.0,normal,0.000000,0.094437,0.062387
miss_detection,110.0,115.0,-120.0,-110.0,constant,1.000000,,
distal,110.0,115.0,-120.0,-110.0,normal,0.000000,0.126547,0.077571
perpendicular,110.0,115.0,-120.0,-110.0,normal,0.000000,0.112768,0.070274
height,110.0,115.0,-120.0,-110.0,normal,0.000000,0.084922,0.052250
yaw,110.0,115.0,-120.0,-110.0,normal,0.000000,0.401671,0.104889
width,110.0,115.0,-120.0,-110.0,normal,0.000000,0.114259,0.083224
length,110.0,115.0,-120.0,-110.0,normal,0.000000,0.203165,0.115768
box_height,110.0,115.0,-120.0,-110.0,normal,0.000000,0.094437,0.062387
miss_detection,110.0,115.0,-110.0,-100.0,constant,1.000000,,
distal,110.0,115.0,-110.0,-100.0,normal,0.000000,0.126547,0.077571
perpendicular,110.0,115.0,-110.0,-100.0,normal,0.000000,0.112768,0.070274
height,110.0,115.0,-110.0,-100.0,normal,0.000000,0.084922,0.052250
yaw,110.0,115.0,-110.0,-100.0,normal,0.000000,0.401671,0.104889
width,110.0,115.0,-110.0,-100.0,normal,0.000000,0.114259,0.083224
length,110.0,115.0,-110.0,-100.0,normal,0.000000,0.203165,0.115768
box_height,110.0,115.0,-110.0,-100.0,normal,0.000000,0.094437,0.062387
miss_detection,110.0,115.0,-100.0,-90.0,constant,1.000000,,
distal,110.0,115.0,-100.0,-90.0,normal,0.000000,0.126547,0.077571
perpendicular,110.0,115.0,-100.0,-90.0,normal,0.000000,0.112768,0.070274
height,110.0,115.0,-100.0,-90.0,normal,0.000000,0.084922,0.052250
yaw,110.0,115.0,-100.0,-90.0,normal,0.000000,0.401671,0.104889
width,110.0,115.0,-100.0,-90.0,normal,0.000000,0.114259,0.083224
length,110.0,115.0,-100.0,-90.0,normal,0.000000,0.203165,0.115768
box_height,110.0,115.0,-100.0,-90.0,normal,0.000000,0.094437,0.062387
miss_detection,110.0,115.0,-90.0,-80.0,constant,1.000000,,
distal,110.0,115.0,-90.0,-80.0,normal,0.000000,0.126547,0.077571
perpendicular,110.0,115.0,-90.0,-80.0,normal,0.000000,0.112768,0.070274
height,110.0,115.0,-90.0,-80.0,normal,0.000000,0.084922,0.052250
yaw,110.0,115.0,-90.0,-80.0,normal,0.000000,0.401671,0.104889
width,110.0,115.0,-90.0,-80.0,normal,0.000000,0.114259,0.083224
length,110.0,115.0,-90.0,-80.0,normal,0.000000,0.203165,0.115768
box_height,110.0,115.0,-90.0,-80.0,normal,0.000000,0.094437,0.062387
miss_detection,110.0,115.0,-80.0,-70.0,constant,1.000000,,
distal,110.0,115.0,-80.0,-70.0,normal,0.000000,0.126547,0.077571
perpendicular,110.0,115.0,-80.0,-70.0,normal,0.000000,0.112768,0.070274
height,110.0,115.0,-80.0,-70.0,normal,0.000000,0.084922,0.052250
yaw,110.0,115.0,-80.0,-70.0,normal,0.000000,0.401671,0.104889
width,110.0,115.0,-80.0,-70.0,normal,0.000000,0.114259,0.083224
length,110.0,115.0,-80.0,-70.0,normal,0.000000,0.203165,0.115768
box_height,110.0,115.0,-80.0,-70.0,normal,0.000000,0.094437,0.062387
miss_detection,110.0,115.0,-70.0,-60.0,constant,1.000000,,
distal,110.0,115.0,-70.0,-60.0,normal,0.000000,0.126547,0.077571
perpendicular,110.0,115.0,-70.0,-60.0,normal,0.000000,0.112768,0.070274
height,110.0,115.0,-70.0,-60.0,normal,0.000000,0.084922,0.052250
yaw,110.0,115.0,-70.0,-60.0,normal,0.000000,0.401671,0.104889
width,110.0,115.0,-70.0,-60.0,normal,0.000000,0.114259,0.083224
length,110.0,115.0,-70.0,-60.0,normal,0.000000,0.203165,0.115768
box_height,110.0,115.0,-70.0,-60.0,normal,0.000000,0.094437,0.062387
miss_detection,110.0,115.0,-60.0,-50.0,constant,1.000000,,
distal,110.0,115.0,-60.0,-50.0,normal,0.000000,0.126547,0.077571
perpendicular,110.0,115.0,-60.0,-50.0,normal,0.000000,0.112768,0.070274
height,110.0,115.0,-60.0,-50.0,normal,0.000000,0.084922,0.052250
yaw,110.0,115.0,-60.0,-50.0,normal,0.000000,0.401671,0.104889
width,110.0,115.0,-60.0,-50.0,normal,0.000000,0.114259,0.083224
length,110.0,115.0,-60.0,-50.0,normal,0.000000,0.203165,0.115768
box_height,110.0,115.0,-60.0,-50.0,normal,0.000000,0.094437,0.062387
miss_detection,110.0,115.0,-50.0,-40.0,constant,1.000000,,
distal,110.0,115.0,-50.0,-40.0,normal,0.000000,0.126547,0.077571
perpendicular,110.0,115.0,-50.0,-40.0,normal,0.000000,0.112768,0.070274
height,110.0,115.0,-50.0,-40.0,normal,0.000000,0.084922,0.052250
yaw,110.0,115.0,-50.0,-40.0,normal,0.000000,0.401671,0.104889
width,110.0,115.0,-50.0,-40.0,normal,0.000000,0.114259,0.083224
length,110.0,115.0,-50.0,-40.0,normal,0.000000,0.203165,0.115768
box_height,110.0,115.0,-50.0,-40.0,normal,0.000000,0.094437,0.062387
miss_detection,110.0,115.0,-40.0,-30.0,constant,1.000000,,
distal,110.0,115.0,-40.0,-30.0,normal,0.000000,0.126547,0.077571
perpendicular,110.0,115.0,-40.0,-30.0,normal,0.000000,0.112768,0.070274
height,110.0,115.0,-40.0,-30.0,normal,0.000000,0.084922,0.052250
yaw,110.0,115.0,-40.0,-30.0,normal,0.000000,0.401671,0.104889
width,110.0,115.0,-40.0,-30.0,normal,0.000000,0.114259,0.083224
length,110.0,115.0,-40.0,-30.0,normal,0.000000,0.203165,0.115768
box_height,110.0,115.0,-40.0,-30.0,normal,0.000000,0.094437,0.062387
miss_detection,110.0,115.0,-30.0,-20.0,constant,1.000000,,
distal,110.0,115.0,-30.0,-20.0,normal,0.000000,0.126547,0.077571
perpendicular,110.0,115.0,-30.0,-20.0,normal,0.000000,0.112768,0.070274
height,110.0,115.0,-30.0,-20.0,normal,0.000000,0.084922,0.052250
yaw,110.0,115.0,-30.0,-20.0,normal,0.000000,0.401671,0.104889
width,110.0,115.0,-30.0,-20.0,normal,0.000000,0.114259,0.083224
length,110.0,115.0,-30.0,-20.0,normal,0.000000,0.203165,0.115768
box_height,110.0,115.0,-30.0,-20.0,normal,0.000000,0.094437,0.062387
miss_detection,110.0,115.0,-20.0,-10.0,constant,1.000000,,
distal,110.0,115.0,-20.0,-10.0,normal,0.000000,0.126547,0.077571
perpendicular,110.0,115.0,-20.0,-10.0,normal,0.000000,0.112768,0.070274
height,110.0,115.0,-20.0,-10.0,normal,0.000000,0.084922,0.052250
yaw,110.0,115.0,-20.0,-10.0,normal,0.000000,0.401671,0.104889
width,110.0,115.0,-20.0,-10.0,normal,0.000000,0.114259,0.083224
length,110.0,115.0,-20.0,-10.0,normal,0.000000,0.203165,0.115768
box_height,110.0,115.0,-20.0,-10.0,normal,0.000000,0.094437,0.062387
miss_detection,110.0,115.0,-10.0,0.0,constant,1.000000,,
distal,110.0,115.0,-10.0,0.0,normal,0.000000,0.126547,0.077571
perpendicular,110.0,115.0,-10.0,0.0,normal,0.000000,0.112768,0.070274
height,110.0,115.0,-10.0,0.0,normal,0.000000,0.084922,0.052250
yaw,110.0,115.0,-10.0,0.0,normal,0.000000,0.401671,0.104889
width,110.0,115.0,-10.0,0.0,normal,0.000000,0.114259,0.083224
length,110.0,115.0,-10.0,0.0,normal,0.000000,0.203165,0.115768
box_height,110.0,115.0,-10.0,0.0,normal,0.000000,0.094437,0.062387
miss_detection,110.0,115.0,0.0,10.0,constant,1.000000,,
distal,110.0,115.0,0.0,10.0,normal,0.000000,0.126547,0.077571
perpendicular,110.0,115.0,0.0,10.0,normal,0.000000,0.112768,0.070274
height,110.0,115.0,0.0,10.0,normal,0.000000,0.084922,0.052250
yaw,110.0,115.0,0.0,10.0,normal,0.000000,0.401671,0.104889
width,110.0,115.0,0.0,10.0,normal,0.000000,0.114259,0.083224
length,110.0,115.0,0.0,10.0,normal,0.000000,0.203165,0.115768
box_height,110.0,115.0,0.0,10.0,normal,0.000000,0.094437,0.062387
miss_detection,110.0,115.0,10.0,20.0,constant,1.000000,,
distal,110.0,115.0,10.0,20.0,normal,0.000000,0.126547,0.077571
perpendicular,110.0,115.0,10.0,20.0,normal,0.000000,0.112768,0.070274
height,110.0,115.0,10.0,20.0,normal,0.000000,0.084922,0.052250
yaw,110.0,115.0,10.0,20.0,normal,0.000000,0.401671,0.104889
width,110.0,115.0,10.0,20.0,normal,0.000000,0.114259,0.083224
length,110.0,115.0,10.0,20.0,normal,0.000000,0.203165,0.115768
box_height,110.0,115.0,10.0,20.0,normal,0.000000,0.094437,0.062387
miss_detection,110.0,115.0,20.0,30.0,constant,1.000000,,
distal,110.0,115.0,20.0,30.0,normal,0.000000,0.126547,0.077571
perpendicular,110.0,115.0,20.0,30.0,normal,0.000000,0.112768,0.070274
height,110.0,115.0,20.0,30.0,normal,0.000000,0.084922,0.052250
yaw,110.0,115.0,20.0,30.0,normal,0.000000,0.401671,0.104889
width,110.0,115.0,20.0,30.0,normal,0.000000,0.114259,0.083224
length,110.0,115.0,20.0,30.0,normal,0.000000,0.203165,0.115768
box_height,110.0,115.0,20.0,30.0,normal,0.000000,0.094437,0.062387
miss_detection,110.0,115.0,30.0,40.0,constant,1.000000,,
distal,110.0,115.0,30.0,40.0,normal,0.000000,0.126547,0.077571
perpendicular,110.0,115.0,30.0,40.0,normal,0.000000,0.112768,0.070274
height,110.0,115.0,30.0,40.0,normal,0.000000,0.084922,0.052250
yaw,110.0,115.0,30.0,40.0,normal,0.000000,0.401671,0.104889
width,110.0,115.0,30.0,40.0,normal,0.000000,0.114259,0.083224
length,110.0,115.0,30.0,40.0,normal,0.000000,0.203165,0.115768
box_height,110.0,115.0,30.0,40.0,normal,0.000000,0.094437,0.062387
miss_detection,110.0,115.0,40.0,50.0,constant,1.000000,,
distal,110.0,115.0,40.0,50.0,normal,0.000000,0.126547,0.077571
perpendicular,110.0,115.0,40.0,50.0,normal,0.000000,0.112768,0.070274
height,110.0,115.0,40.0,50.0,normal,0.000000,0.084922,0.052250
yaw,110.0,115.0,40.0,50.0,normal,0.000000,0.401671,0.104889
width,110.0,115.0,40.0,50.0,normal,0.000000,0.114259,0.083224
length,110.0,115.0,40.0,50.0,normal,0.000000,0.203165,0.115768
box_height,110.0,115.0,40.0,50.0,normal,0.000000,0.094437,0.062387
miss_detection,110.0,115.0,50.0,60.0,constant,1.000000,,
distal,110.0,115.0,50.0,60.0,normal,0.000000,0.126547,0.077571
perpendicular,110.0,115.0,50.0,60.0,normal,0.000000,0.112768,0.070274
height,110.0,115.0,50.0,60.0,normal,0.000000,0.084922,0.052250
yaw,110.0,115.0,50.0,60.0,normal,0.000000,0.401671,0.104889
width,110.0,115.0,50.0,60.0,normal,0.000000,0.114259,0.083224
length,110.0,115.0,50.0,60.0,normal,0.000000,0.203165,0.115768
box_height,110.0,115.0,50.0,60.0,normal,0.000000,0.094437,0.062387
miss_detection,110.0,115.0,60.0,70.0,constant,1.000000,,
distal,110.0,115.0,60.0,70.0,normal,0.000000,0.126547,0.077571
perpendicular,110.0,115.0,60.0,70.0,normal,0.000000,0.112768,0.070274
height,110.0,115.0,60.0,70.0,normal,0.000000,0.084922,0.052250
yaw,110.0,115.0,60.0,70.0,normal,0.000000,0.401671,0.104889
width,110.0,115.0,60.0,70.0,normal,0.000000,0.114259,0.083224
length,110.0,115.0,60.0,70.0,normal,0.000000,0.203165,0.115768
box_height,110.0,115.0,60.0,70.0,normal,0.000000,0.094437,0.062387
miss_detection,110.0,115.0,70.0,80.0,constant,1.000000,,
distal,110.0,115.0,70.0,80.0,normal,0.000000,0.126547,0.077571
perpendicular,110.0,115.0,70.0,80.0,normal,0.000000,0.112768,0.070274
height,110.0,115.0,70.0,80.0,normal,0.000000,0.084922,0.052250
yaw,110.0,115.0,70.0,80.0,normal,0.000000,0.401671,0.104889
width,110.0,115.0,70.0,80.0,normal,0.000000,0.114259,0.083224
length,110.0,115.0,70.0,80.0,normal,0.000000,0.203165,0.115768
box_height,110.0,115.0,70.0,80.0,normal,0.000000,0.094437,0.062387
miss_detection,110.0,115.0,80.0,90.0,constant,1.000000,,
distal,110.0,115.0,80.0,90.0,normal,0.000000,0.126547,0.077571
perpendicular,110.0,115.0,80.0,90.0,normal,0.000000,0.112768,0.070274
height,110.0,115.0,80.0,90.0,normal,0.000000,0.084922,0.052250
yaw,110.0,115.0,80.0,90.0,normal,0.000000,0.401671,0.104889
width,110.0,115.0,80.0,90.0,normal,0.000000,0.114259,0.083224
length,110.0,115.0,80.0,90.0,normal,0.000000,0.203165,0.115768
box_height,110.0,115.0,80.0,90.0,normal,0.000000,0.094437,0.062387
miss_detection,110.0,115.0,90.0,100.0,constant,1.000000,,
distal,110.0,115.0,90.0,100.0,normal,0.000000,0.126547,0.077571
perpendicular,110.0,115.0,90.0,100.0,normal,0.000000,0.112768,0.070274
height,110.0,115.0,90.0,100.0,normal,0.000000,0.084922,0.052250
yaw,110.0,115.0,90.0,100.0,normal,0.000000,0.401671,0.104889
width,110.0,115.0,90.0,100.0,normal,0.000000,0.114259,0.083224
length,110.0,115.0,90.0,100.0,normal,0.000000,0.203165,0.115768
box_height,110.0,115.0,90.0,100.0,normal,0.000000,0.094437,0.062387
miss_detection,110.0,115.0,100.0,110.0,constant,1.000000,,
distal,110.0,115.0,100.0,110.0,normal,0.000000,0.126547,0.077571
perpendicular,110.0,115.0,100.0,110.0,normal,0.000000,0.112768,0.070274
height,110.0,115.0,100.0,110.0,normal,0.000000,0.084922,0.052250
yaw,110.0,115.0,100.0,110.0,normal,0.000000,0.401671,0.104889
width,110.0,115.0,100.0,110.0,normal,0.000000,0.114259,0.083224
length,110.0,115.0,100.0,110.0,normal,0.000000,0.203165,0.115768
box_height,110.0,115.0,100.0,110.0,normal,0.000000,0.094437,0.062387
miss_detection,110.0,115.0,110.0,120.0,constant,1.000000,,
distal,110.0,115.0,110.0,120.0,normal,0.000000,0.126547,0.077571
perpendicular,110.0,115.0,110.0,120.0,normal,0.000000,0.112768,0.070274
height,110.0,115.0,110.0,120.0,normal,0.000000,0.084922,0.052250
yaw,110.0,115.0,110.0,120.0,normal,0.000000,0.401671,0.104889
width,110.0,115.0,110.0,120.0,normal,0.000000,0.114259,0.083224
length,110.0,115.0,110.0,120.0,normal,0.000000,0.203165,0.115768
box_height,110.0,115.0,110.0,120.0,normal,0.000000,0.094437,0.062387
miss_detection,110.0,115.0,120.0,130.0,constant,1.000000,,
distal,110.0,115.0,120.0,130.0,normal,0.000000,0.126547,0.077571
perpendicular,110.0,115.0,120.0,130.0,normal,0.000000,0.112768,0.070274
height,110.0,115.0,120.0,130.0,normal,0.000000,0.084922,0.052250
yaw,110.0,115.0,120.0,130.0,normal,0.000000,0.401671,0.104889
width,110.0,115.0,120.0,130.0,normal,0.000000,0.114259,0.083224
length,110.0,115.0,120.0,130.0,normal,0.000000,0.203165,0.115768
box_height,110.0,115.0,120.0,130.0,normal,0.000000,0.094437,0.062387
miss_detection,110.0,115.0,130.0,140.0,constant,1.000000,,
distal,110.0,115.0,130.0,140.0,normal,0.000000,0.126547,0.077571
perpendicular,110.0,115.0,130.0,140.0,normal,0.000000,0.112768,0.070274
height,110.0,115.0,130.0,140.0,normal,0.000000,0.084922,0.052250
yaw,110.0,115.0,130.0,140.0,normal,0.000000,0.401671,0.104889
width,110.0,115.0,130.0,140.0,normal,0.000000,0.114259,0.083224
length,110.0,115.0,130.0,140.0,normal,0.000000,0.203165,0.115768
box_height,110.0,115.0,130.0,140.0,normal,0.000000,0.094437,0.062387
miss_detection,110.0,115.0,140.0,150.0,constant,1.000000,,
distal,110.0,115.0,140.0,150.0,normal,0.000000,0.126547,0.077571
perpendicular,110.0,115.0,140.0,150.0,normal,0.000000,0.112768,0.070274
height,110.0,115.0,140.0,150.0,normal,0.000000,0.084922,0.052250
yaw,110.0,115.0,140.0,150.0,normal,0.000000,0.401671,0.104889
width,110.0,115.0,140.0,150.0,normal,0.000000,0.114259,0.083224
length,110.0,115.0,140.0,150.0,normal,0.000000,0.203165,0.115768
box_height,110.0,115.0,140.0,150.0,normal,0.000000,0.094437,0.062387
miss_detection,110.0,115.0,150.0,160.0,constant,1.000000,,
distal,110.0,115.0,150.0,160.0,normal,0.000000,0.126547,0.077571
perpendicular,110.0,115.0,150.0,160.0,normal,0.000000,0.112768,0.070274
height,110.0,115.0,150.0,160.0,normal,0.000000,0.084922,0.052250
yaw,110.0,115.0,150.0,160.0,normal,0.000000,0.401671,0.104889
width,110.0,115.0,150.0,160.0,normal,0.000000,0.114259,0.083224
length,110.0,115.0,150.0,160.0,normal,0.000000,0.203165,0.115768
box_height,110.0,115.0,150.0,160.0,normal,0.000000,0.094437,0.062387
miss_detection,110.0,115.0,160.0,170.0,constant,1.000000,,
distal,110.0,115.0,160.0,170.0,normal,0.000000,0.126547,0.077571
perpendicular,110.0,115.0,160.0,170.0,normal,0.000000,0.112768,0.070274
height,110.0,115.0,160.0,170.0,normal,0.000000,0.084922,0.052250
yaw,110.0,115.0,160.0,170.0,normal,0.000000,0.401671,0.104889
width,110.0,115.0,160.0,170.0,normal,0.000000,0.114259,0.083224
length,110.0,115.0,160.0,170.0,normal,0.000000,0.203165,0.115768
box_height,110.0,115.0,160.0,170.0,normal,0.000000,0.094437,0.062387
miss_detection,110.0,115.0,170.0,180.0,constant,1.000000,,
distal,110.0,115.0,170.0,180.0,normal,0.000000,0.126547,0.077571
perpendicular,110.0,115.0,170.0,180.0,normal,0.000000,0.112768,0.070274
height,110.0,115.0,170.0,180.0,normal,0.000000,0.084922,0.052250
yaw,110.0,115.0,170.0,180.0,normal,0.000000,0.401671,0.104889
width,110.0,115.0,170.0,180.0,normal,0.000000,0.114259,0.083224
length,110.0,115.0,170.0,180.0,normal,0.000000,0.203165,0.115768
box_height,110.0,115.0,170.0,180.0,normal,0.000000,0.094437,0.062387
miss_detection,115.0,120.0,-180.0,-170.0,constant,1.000000,,
distal,115.0,120.0,-180.0,-170.0,normal,0.000000,0.126547,0.077571
perpendicular,115.0,120.0,-180.0,-170.0,normal,0.000000,0.112768,0.070274
height,115.0,120.0,-180.0,-170.0,normal,0.000000,0.084922,0.052250
yaw,115.0,120.0,-180.0,-170.0,normal,0.000000,0.401671,0.104889
width,115.0,120.0,-180.0,-170.0,normal,0.000000,0.114259,0.083224
length,115.0,120.0,-180.0,-170.0,normal,0.000000,0.203165,0.115768
box_height,115.0,120.0,-180.0,-170.0,normal,0.000000,0.094437,0.062387
miss_detection,115.0,120.0,-170.0,-160.0,constant,1.000000,,
distal,115.0,120.0,-170.0,-160.0,normal,0.000000,0.126547,0.077571
perpendicular,115.0,120.0,-170.0,-160.0,normal,0.000000,0.112768,0.070274
height,115.0,120.0,-170.0,-160.0,normal,0.000000,0.084922,0.052250
yaw,115.0,120.0,-170.0,-160.0,normal,0.000000,0.401671,0.104889
width,115.0,120.0,-170.0,-160.0,normal,0.000000,0.114259,0.083224
length,115.0,120.0,-170.0,-160.0,normal,0.000000,0.203165,0.115768
box_height,115.0,120.0,-170.0,-160.0,normal,0.000000,0.094437,0.062387
miss_detection,115.0,120.0,-160.0,-150.0,constant,1.000000,,
distal,115.0,120.0,-160.0,-150.0,normal,0.000000,0.126547,0.077571
perpendicular,115.0,120.0,-160.0,-150.0,normal,0.000000,0.112768,0.070274
height,115.0,120.0,-160.0,-150.0,normal,0.000000,0.084922,0.052250
yaw,115.0,120.0,-160.0,-150.0,normal,0.000000,0.401671,0.104889
width,115.0,120.0,-160.0,-150.0,normal,0.000000,0.114259,0.083224
length,115.0,120.0,-160.0,-150.0,normal,0.000000,0.203165,0.115768
box_height,115.0,120.0,-160.0,-150.0,normal,0.000000,0.094437,0.062387
miss_detection,115.0,120.0,-150.0,-140.0,constant,1.000000,,
distal,115.0,120.0,-150.0,-140.0,normal,0.000000,0.126547,0.077571
perpendicular,115.0,120.0,-150.0,-140.0,normal,0.000000,0.112768,0.070274
height,115.0,120.0,-150.0,-140.0,normal,0.000000,0.084922,0.052250
yaw,115.0,120.0,-150.0,-140.0,normal,0.000000,0.401671,0.104889
width,115.0,120.0,-150.0,-140.0,normal,0.000000,0.114259,0.083224
length,115.0,120.0,-150.0,-140.0,normal,0.000000,0.203165,0.115768
box_height,115.0,120.0,-150.0,-140.0,normal,0.000000,0.094437,0.062387
miss_detection,115.0,120.0,-140.0,-130.0,constant,1.000000,,
distal,115.0,120.0,-140.0,-130.0,normal,0.000000,0.126547,0.077571
perpendicular,115.0,120.0,-140.0,-130.0,normal,0.000000,0.112768,0.070274
height,115.0,120.0,-140.0,-130.0,normal,0.000000,0.084922,0.052250
yaw,115.0,120.0,-140.0,-130.0,normal,0.000000,0.401671,0.104889
width,115.0,120.0,-140.0,-130.0,normal,0.000000,0.114259,0.083224
length,115.0,120.0,-140.0,-130.0,normal,0.000000,0.203165,0.115768
box_height,115.0,120.0,-140.0,-130.0,normal,0.000000,0.094437,0.062387
miss_detection,115.0,120.0,-130.0,-120.0,constant,1.000000,,
distal,115.0,120.0,-130.0,-120.0,normal,0.000000,0.126547,0.077571
perpendicular,115.0,120.0,-130.0,-120.0,normal,0.000000,0.112768,0.070274
height,115.0,120.0,-130.0,-120.0,normal,0.000000,0.084922,0.052250
yaw,115.0,120.0,-130.0,-120.0,normal,0.000000,0.401671,0.104889
width,115.0,120.0,-130.0,-120.0,normal,0.000000,0.114259,0.083224
length,115.0,120.0,-130.0,-120.0,normal,0.000000,0.203165,0.115768
box_height,115.0,120.0,-130.0,-120.0,normal,0.000000,0.094437,0.062387
miss_detection,115.0,120.0,-120.0,-110.0,constant,1.000000,,
distal,115.0,120.0,-120.0,-110.0,normal,0.000000,0.126547,0.077571
perpendicular,115.0,120.0,-120.0,-110.0,normal,0.000000,0.112768,0.070274
height,115.0,120.0,-120.0,-110.0,normal,0.000000,0.084922,0.052250
yaw,115.0,120.0,-120.0,-110.0,normal,0.000000,0.401671,0.104889
width,115.0,120.0,-120.0,-110.0,normal,0.000000,0.114259,0.083224
length,115.0,120.0,-120.0,-110.0,normal,0.000000,0.203165,0.115768
box_height,115.0,120.0,-120.0,-110.0,normal,0.000000,0.094437,0.062387
miss_detection,115.0,120.0,-110.0,-100.0,constant,1.000000,,
distal,115.0,120.0,-110.0,-100.0,normal,0.000000,0.126547,0.077571
perpendicular,115.0,120.0,-110.0,-100.0,normal,0.000000,0.112768,0.070274
height,115.0,120.0,-110.0,-100.0,normal,0.000000,0.084922,0.052250
yaw,115.0,120.0,-110.0,-100.0,normal,0.000000,0.401671,0.104889
width,115.0,120.0,-110.0,-100.0,normal,0.000000,0.114259,0.083224
length,115.0,120.0,-110.0,-100.0,normal,0.000000,0.203165,0.115768
box_height,115.0,120.0,-110.0,-100.0,normal,0.000000,0.094437,0.062387
miss_detection,115.0,120.0,-100.0,-90.0,constant,1.000000,,
distal,115.0,120.0,-100.0,-90.0,normal,0.000000,0.126547,0.077571
perpendicular,115.0,120.0,-100.0,-90.0,normal,0.000000,0.112768,0.070274
height,115.0,120.0,-100.0,-90.0,normal,0.000000,0.084922,0.052250
yaw,115.0,120.0,-100.0,-90.0,normal,0.000000,0.401671,0.104889
width,115.0,120.0,-100.0,-90.0,normal,0.000000,0.114259,0.083224
length,115.0,120.0,-100.0,-90.0,normal,0.000000,0.203165,0.115768
box_height,115.0,120.0,-100.0,-90.0,normal,0.000000,0.094437,0.062387
miss_detection,115.0,120.0,-90.0,-80.0,constant,1.000000,,
distal,115.0,120.0,-90.0,-80.0,normal,0.000000,0.126547,0.077571
perpendicular,115.0,120.0,-90.0,-80.0,normal,0.000000,0.112768,0.070274
height,115.0,120.0,-90.0,-80.0,normal,0.000000,0.084922,0.052250
yaw,115.0,120.0,-90.0,-80.0,normal,0.000000,0.401671,0.104889
width,115.0,120.0,-90.0,-80.0,normal,0.000000,0.114259,0.083224
length,115.0,120.0,-90.0,-80.0,normal,0.000000,0.203165,0.115768
box_height,115.0,120.0,-90.0,-80.0,normal,0.000000,0.094437,0.062387
miss_detection,115.0,120.0,-80.0,-70.0,constant,1.000000,,
distal,115.0,120.0,-80.0,-70.0,normal,0.000000,0.126547,0.077571
perpendicular,115.0,120.0,-80.0,-70.0,normal,0.000000,0.112768,0.070274
height,115.0,120.0,-80.0,-70.0,normal,0.000000,0.084922,0.052250
yaw,115.0,120.0,-80.0,-70.0,normal,0.000000,0.401671,0.104889
width,115.0,120.0,-80.0,-70.0,normal,0.000000,0.114259,0.083224
length,115.0,120.0,-80.0,-70.0,normal,0.000000,0.203165,0.115768
box_height,115.0,120.0,-80.0,-70.0,normal,0.000000,0.094437,0.062387
miss_detection,115.0,120.0,-70.0,-60.0,constant,1.000000,,
distal,115.0,120.0,-70.0,-60.0,normal,0.000000,0.126547,0.077571
perpendicular,115.0,120.0,-70.0,-60.0,normal,0.000000,0.112768,0.070274
height,115.0,120.0,-70.0,-60.0,normal,0.000000,0.084922,0.052250
yaw,115.0,120.0,-70.0,-60.0,normal,0.000000,0.401671,0.104889
width,115.0,120.0,-70.0,-60.0,normal,0.000000,0.114259,0.083224
length,115.0,120.0,-70.0,-60.0,normal,0.000000,0.203165,0.115768
box_height,115.0,120.0,-70.0,-60.0,normal,0.000000,0.094437,0.062387
miss_detection,115.0,120.0,-60.0,-50.0,constant,1.000000,,
distal,115.0,120.0,-60.0,-50.0,normal,0.000000,0.126547,0.077571
perpendicular,115.0,120.0,-60.0,-50.0,normal,0.000000,0.112768,0.070274
height,115.0,120.0,-60.0,-50.0,normal,0.000000,0.084922,0.052250
yaw,115.0,120.0,-60.0,-50.0,normal,0.000000,0.401671,0.104889
width,115.0,120.0,-60.0,-50.0,normal,0.000000,0.114259,0.083224
length,115.0,120.0,-60.0,-50.0,normal,0.000000,0.203165,0.115768
box_height,115.0,120.0,-60.0,-50.0,normal,0.000000,0.094437,0.062387
miss_detection,115.0,120.0,-50.0,-40.0,constant,1.000000,,
distal,115.0,120.0,-50.0,-40.0,normal,0.000000,0.126547,0.077571
perpendicular,115.0,120.0,-50.0,-40.0,normal,0.000000,0.112768,0.070274
height,115.0,120.0,-50.0,-40.0,normal,0.000000,0.084922,0.052250
yaw,115.0,120.0,-50.0,-40.0,normal,0.000000,0.401671,0.104889
width,115.0,120.0,-50.0,-40.0,normal,0.000000,0.114259,0.083224
length,115.0,120.0,-50.0,-40.0,normal,0.000000,0.203165,0.115768
box_height,115.0,120.0,-50.0,-40.0,normal,0.000000,0.094437,0.062387
miss_detection,115.0,120.0,-40.0,-30.0,constant,1.000000,,
distal,115.0,120.0,-40.0,-30.0,normal,0.000000,0.126547,0.077571
perpendicular,115.0,120.0,-40.0,-30.0,normal,0.000000,0.112768,0.070274
height,115.0,120.0,-40.0,-30.0,normal,0.000000,0.084922,0.052250
yaw,115.0,120.0,-40.0,-30.0,normal,0.000000,0.401671,0.104889
width,115.0,120.0,-40.0,-30.0,normal,0.000000,0.114259,0.083224
length,115.0,120.0,-40.0,-30.0,normal,0.000000,0.203165,0.115768
box_height,115.0,120.0,-40.0,-30.0,normal,0.000000,0.094437,0.062387
miss_detection,115.0,120.0,-30.0,-20.0,constant,1.000000,,
distal,115.0,120.0,-30.0,-20.0,normal,0.000000,0.126547,0.077571
perpendicular,115.0,120.0,-30.0,-20.0,normal,0.000000,0.112768,0.070274
height,115.0,120.0,-30.0,-20.0,normal,0.000000,0.084922,0.052250
yaw,115.0,120.0,-30.0,-20.0,normal,0.000000,0.401671,0.104889
width,115.0,120.0,-30.0,-20.0,normal,0.000000,0.114259,0.083224
length,115.0,120.0,-30.0,-20.0,normal,0.000000,0.203165,0.115768
box_height,115.0,120.0,-30.0,-20.0,normal,0.000000,0.094437,0.062387
miss_detection,115.0,120.0,-20.0,-10.0,constant,1.000000,,
distal,115.0,120.0,-20.0,-10.0,normal,0.000000,0.126547,0.077571
perpendicular,115.0,120.0,-20.0,-10.0,normal,0.000000,0.112768,0.070274
height,115.0,120.0,-20.0,-10.0,normal,0.000000,0.084922,0.052250
yaw,115.0,120.0,-20.0,-10.0,normal,0.000000,0.401671,0.104889
width,115.0,120.0,-20.0,-10.0,normal,0.000000,0.114259,0.083224
length,115.0,120.0,-20.0,-10.0,normal,0.000000,0.203165,0.115768
box_height,115.0,120.0,-20.0,-10.0,normal,0.000000,0.094437,0.062387
miss_detection,115.0,120.0,-10.0,0.0,constant,1.000000,,
distal,115.0,120.0,-10.0,0.0,normal,0.000000,0.126547,0.077571
perpendicular,115.0,120.0,-10.0,0.0,normal,0.000000,0.112768,0.070274
height,115.0,120.0,-10.0,0.0,normal,0.000000,0.084922,0.052250
yaw,115.0,120.0,-10.0,0.0,normal,0.000000,0.401671,0.104889
width,115.0,120.0,-10.0,0.0,normal,0.000000,0.114259,0.083224
length,115.0,120.0,-10.0,0.0,normal,0.000000,0.203165,0.115768
box_height,115.0,120.0,-10.0,0.0,normal,0.000000,0.094437,0.062387
miss_detection,115.0,120.0,0.0,10.0,constant,1.000000,,
distal,115.0,120.0,0.0,10.0,normal,0.000000,0.126547,0.077571
perpendicular,115.0,120.0,0.0,10.0,normal,0.000000,0.112768,0.070274
height,115.0,120.0,0.0,10.0,normal,0.000000,0.084922,0.052250
yaw,115.0,120.0,0.0,10.0,normal,0.000000,0.401671,0.104889
width,115.0,120.0,0.0,10.0,normal,0.000000,0.114259,0.083224
length,115.0,120.0,0.0,10.0,normal,0.000000,0.203165,0.115768
box_height,115.0,120.0,0.0,10.0,normal,0.000000,0.094437,0.062387
miss_detection,115.0,120.0,10.0,20.0,constant,1.000000,,
distal,115.0,120.0,10.0,20.0,normal,0.000000,0.126547,0.077571
perpendicular,115.0,120.0,10.0,20.0,normal,0.000000,0.112768,0.070274
height,115.0,120.0,10.0,20.0,normal,0.000000,0.084922,0.052250
yaw,115.0,120.0,10.0,20.0,normal,0.000000,0.401671,0.104889
width,115.0,120.0,10.0,20.0,normal,0.000000,0.114259,0.083224
length,115.0,120.0,10.0,20.0,normal,0.000000,0.203165,0.115768
box_height,115.0,120.0,10.0,20.0,normal,0.000000,0.094437,0.062387
miss_detection,115.0,120.0,20.0,30.0,constant,1.000000,,
distal,115.0,120.0,20.0,30.0,normal,0.000000,0.126547,0.077571
perpendicular,115.0,120.0,20.0,30.0,normal,0.000000,0.112768,0.070274
height,115.0,120.0,20.0,30.0,normal,0.000000,0.084922,0.052250
yaw,115.0,120.0,20.0,30.0,normal,0.000000,0.401671,0.104889
width,115.0,120.0,20.0,30.0,normal,0.000000,0.114259,0.083224
length,115.0,120.0,20.0,30.0,normal,0.000000,0.203165,0.115768
box_height,115.0,120.0,20.0,30.0,normal,0.000000,0.094437,0.062387
miss_detection,115.0,120.0,30.0,40.0,constant,1.000000,,
distal,115.0,120.0,30.0,40.0,normal,0.000000,0.126547,0.077571
perpendicular,115.0,120.0,30.0,40.0,normal,0.000000,0.112768,0.070274
height,115.0,120.0,30.0,40.0,normal,0.000000,0.084922,0.052250
yaw,115.0,120.0,30.0,40.0,normal,0.000000,0.401671,0.104889
width,115.0,120.0,30.0,40.0,normal,0.000000,0.114259,0.083224
length,115.0,120.0,30.0,40.0,normal,0.000000,0.203165,0.115768
box_height,115.0,120.0,30.0,40.0,normal,0.000000,0.094437,0.062387
miss_detection,115.0,120.0,40.0,50.0,constant,1.000000,,
distal,115.0,120.0,40.0,50.0,normal,0.000000,0.126547,0.077571
perpendicular,115.0,120.0,40.0,50.0,normal,0.000000,0.112768,0.070274
height,115.0,120.0,40.0,50.0,normal,0.000000,0.084922,0.052250
yaw,115.0,120.0,40.0,50.0,normal,0.000000,0.401671,0.104889
width,115.0,120.0,40.0,50.0,normal,0.000000,0.114259,0.083224
length,115.0,120.0,40.0,50.0,normal,0.000000,0.203165,0.115768
box_height,115.0,120.0,40.0,50.0,normal,0.000000,0.094437,0.062387
miss_detection,115.0,120.0,50.0,60.0,constant,1.000000,,
distal,115.0,120.0,50.0,60.0,normal,0.000000,0.126547,0.077571
perpendicular,115.0,120.0,50.0,60.0,normal,0.000000,0.112768,0.070274
height,115.0,120.0,50.0,60.0,normal,0.000000,0.084922,0.052250
yaw,115.0,120.0,50.0,60.0,normal,0.000000,0.401671,0.104889
width,115.0,120.0,50.0,60.0,normal,0.000000,0.114259,0.083224
length,115.0,120.0,50.0,60.0,normal,0.000000,0.203165,0.115768
box_height,115.0,120.0,50.0,60.0,normal,0.000000,0.094437,0.062387
miss_detection,115.0,120.0,60.0,70.0,constant,1.000000,,
distal,115.0,120.0,60.0,70.0,normal,0.000000,0.126547,0.077571
perpendicular,115.0,120.0,60.0,70.0,normal,0.000000,0.112768,0.070274
height,115.0,120.0,60.0,70.0,normal,0.000000,0.084922,0.052250
yaw,115.0,120.0,60.0,70.0,normal,0.000000,0.401671,0.104889
width,115.0,120.0,60.0,70.0,normal,0.000000,0.114259,0.083224
length,115.0,120.0,60.0,70.0,normal,0.000000,0.203165,0.115768
box_height,115.0,120.0,60.0,70.0,normal,0.000000,0.094437,0.062387
miss_detection,115.0,120.0,70.0,80.0,constant,1.000000,,
distal,115.0,120.0,70.0,80.0,normal,0.000000,0.126547,0.077571
perpendicular,115.0,120.0,70.0,80.0,normal,0.000000,0.112768,0.070274
height,115.0,120.0,70.0,80.0,normal,0.000000,0.084922,0.052250
yaw,115.0,120.0,70.0,80.0,normal,0.000000,0.401671,0.104889
width,115.0,120.0,70.0,80.0,normal,0.000000,0.114259,0.083224
length,115.0,120.0,70.0,80.0,normal,0.000000,0.203165,0.115768
box_height,115.0,120.0,70.0,80.0,normal,0.000000,0.094437,0.062387
miss_detection,115.0,120.0,80.0,90.0,constant,1.000000,,
distal,115.0,120.0,80.0,90.0,normal,0.000000,0.126547,0.077571
perpendicular,115.0,120.0,80.0,90.0,normal,0.000000,0.112768,0.070274
height,115.0,120.0,80.0,90.0,normal,0.000000,0.084922,0.052250
yaw,115.0,120.0,80.0,90.0,normal,0.000000,0.401671,0.104889
width,115.0,120.0,80.0,90.0,normal,0.000000,0.114259,0.083224
length,115.0,120.0,80.0,90.0,normal,0.000000,0.203165,0.115768
box_height,115.0,120.0,80.0,90.0,normal,0.000000,0.094437,0.062387
miss_detection,115.0,120.0,90.0,100.0,constant,1.000000,,
distal,115.0,120.0,90.0,100.0,normal,0.000000,0.126547,0.077571
perpendicular,115.0,120.0,90.0,100.0,normal,0.000000,0.112768,0.070274
height,115.0,120.0,90.0,100.0,normal,0.000000,0.084922,0.052250
yaw,115.0,120.0,90.0,100.0,normal,0.000000,0.401671,0.104889
width,115.0,120.0,90.0,100.0,normal,0.000000,0.114259,0.083224
length,115.0,120.0,90.0,100.0,normal,0.000000,0.203165,0.115768
box_height,115.0,120.0,90.0,100.0,normal,0.000000,0.094437,0.062387
miss_detection,115.0,120.0,100.0,110.0,constant,1.000000,,
distal,115.0,120.0,100.0,110.0,normal,0.000000,0.126547,0.077571
perpendicular,115.0,120.0,100.0,110.0,normal,0.000000,0.112768,0.070274
height,115.0,120.0,100.0,110.0,normal,0.000000,0.084922,0.052250
yaw,115.0,120.0,100.0,110.0,normal,0.000000,0.401671,0.104889
width,115.0,120.0,100.0,110.0,normal,0.000000,0.114259,0.083224
length,115.0,120.0,100.0,110.0,normal,0.000000,0.203165,0.115768
box_height,115.0,120.0,100.0,110.0,normal,0.000000,0.094437,0.062387
miss_detection,115.0,120.0,110.0,120.0,constant,1.000000,,
distal,115.0,120.0,110.0,120.0,normal,0.000000,0.126547,0.077571
perpendicular,115.0,120.0,110.0,120.0,normal,0.000000,0.112768,0.070274
height,115.0,120.0,110.0,120.0,normal,0.000000,0.084922,0.052250
yaw,115.0,120.0,110.0,120.0,normal,0.000000,0.401671,0.104889
width,115.0,120.0,110.0,120.0,normal,0.000000,0.114259,0.083224
length,115.0,120.0,110.0,120.0,normal,0.000000,0.203165,0.115768
box_height,115.0,120.0,110.0,120.0,normal,0.000000,0.094437,0.062387
miss_detection,115.0,120.0,120.0,130.0,constant,1.000000,,
distal,115.0,120.0,120.0,130.0,normal,0.000000,0.126547,0.077571
perpendicular,115.0,120.0,120.0,130.0,normal,0.000000,0.112768,0.070274
height,115.0,120.0,120.0,130.0,normal,0.000000,0.084922,0.052250
yaw,115.0,120.0,120.0,130.0,normal,0.000000,0.401671,0.104889
width,115.0,120.0,120.0,130.0,normal,0.000000,0.114259,0.083224
length,115.0,120.0,120.0,130.0,normal,0.000000,0.203165,0.115768
box_height,115.0,120.0,120.0,130.0,normal,0.000000,0.094437,0.062387
miss_detection,115.0,120.0,130.0,140.0,constant,1.000000,,
distal,115.0,120.0,130.0,140.0,normal,0.000000,0.126547,0.077571
perpendicular,115.0,120.0,130.0,140.0,normal,0.000000,0.112768,0.070274
height,115.0,120.0,130.0,140.0,normal,0.000000,0.084922,0.052250
yaw,115.0,120.0,130.0,140.0,normal,0.000000,0.401671,0.104889
width,115.0,120.0,130.0,140.0,normal,0.000000,0.114259,0.083224
length,115.0,120.0,130.0,140.0,normal,0.000000,0.203165,0.115768
box_height,115.0,120.0,130.0,140.0,normal,0.000000,0.094437,0.062387
miss_detection,115.0,120.0,140.0,150.0,constant,1.000000,,
distal,115.0,120.0,140.0,150.0,normal,0.000000,0.126547,0.077571
perpendicular,115.0,120.0,140.0,150.0,normal,0.000000,0.112768,0.070274
height,115.0,120.0,140.0,150.0,normal,0.000000,0.084922,0.052250
yaw,115.0,120.0,140.0,150.0,normal,0.000000,0.401671,0.104889
width,115.0,120.0,140.0,150.0,normal,0.000000,0.114259,0.083224
length,115.0,120.0,140.0,150.0,normal,0.000000,0.203165,0.115768
box_height,115.0,120.0,140.0,150.0,normal,0.000000,0.094437,0.062387
miss_detection,115.0,120.0,150.0,160.0,constant,1.000000,,
distal,115.0,120.0,150.0,160.0,normal,0.000000,0.126547,0.077571
perpendicular,115.0,120.0,150.0,160.0,normal,0.000000,0.112768,0.070274
height,115.0,120.0,150.0,160.0,normal,0.000000,0.084922,0.052250
yaw,115.0,120.0,150.0,160.0,normal,0.000000,0.401671,0.104889
width,115.0,120.0,150.0,160.0,normal,0.000000,0.114259,0.083224
length,115.0,120.0,150.0,160.0,normal,0.000000,0.203165,0.115768
box_height,115.0,120.0,150.0,160.0,normal,0.000000,0.094437,0.062387
miss_detection,115.0,120.0,160.0,170.0,constant,1.000000,,
distal,115.0,120.0,160.0,170.0,normal,0.000000,0.126547,0.077571
perpendicular,115.0,120.0,160.0,170.0,normal,0.000000,0.112768,0.070274
height,115.0,120.0,160.0,170.0,normal,0.000000,0.084922,0.052250
yaw,115.0,120.0,160.0,170.0,normal,0.000000,0.401671,0.104889
width,115.0,120.0,160.0,170.0,normal,0.000000,0.114259,0.083224
length,115.0,120.0,160.0,170.0,normal,0.000000,0.203165,0.115768
box_height,115.0,120.0,160.0,170.0,normal,0.000000,0.094437,0.062387
miss_detection,115.0,120.0,170.0,180.0,constant,1.000000,,
distal,115.0,120.0,170.0,180.0,normal,0.000000,0.126547,0.077571
perpendicular,115.0,120.0,170.0,180.0,normal,0.000000,0.112768,0.070274
height,115.0,120.0,170.0,180.0,normal,0.000000,0.084922,0.052250
yaw,115.0,120.0,170.0,180.0,normal,0.000000,0.401671,0.104889
width,115.0,120.0,170.0,180.0,normal,0.000000,0.114259,0.083224
length,115.0,120.0,170.0,180.0,normal,0.000000,0.203165,0.115768
box_height,115.0,120.0,170.0,180.0,normal,0.000000,0.094437,0.062387
