# DAIR-V2X-Seq SPD PointPillars (infrastructure node yizhuang06, train-calibrated) - Polar binned error distributions (angle+distance)
# normal: param1=mu(0), param2=std, param3=mae; miss_detection constant: param1=miss_rate

error_type,dist_min,dist_max,angle_min,angle_max,distribution,param1,param2,param3
miss_detection,0.0,5.0,-180.0,-170.0,constant,1.000000,,
distal,0.0,5.0,-180.0,-170.0,normal,0.000000,0.113883,0.071738
perpendicular,0.0,5.0,-180.0,-170.0,normal,0.000000,0.080888,0.055199
height,0.0,5.0,-180.0,-170.0,normal,0.000000,0.056859,0.035965
yaw,0.0,5.0,-180.0,-170.0,normal,0.000000,0.312987,0.100466
width,0.0,5.0,-180.0,-170.0,normal,0.000000,0.118622,0.088224
length,0.0,5.0,-180.0,-170.0,normal,0.000000,0.158192,0.108543
box_height,0.0,5.0,-180.0,-170.0,normal,0.000000,0.075459,0.051630
miss_detection,0.0,5.0,-170.0,-160.0,constant,1.000000,,
distal,0.0,5.0,-170.0,-160.0,normal,0.000000,0.113883,0.071738
perpendicular,0.0,5.0,-170.0,-160.0,normal,0.000000,0.080888,0.055199
height,0.0,5.0,-170.0,-160.0,normal,0.000000,0.056859,0.035965
yaw,0.0,5.0,-170.0,-160.0,normal,0.000000,0.312987,0.100466
width,0.0,5.0,-170.0,-160.0,normal,0.000000,0.118622,0.088224
length,0.0,5.0,-170.0,-160.0,normal,0.000000,0.158192,0.108543
box_height,0.0,5.0,-170.0,-160.0,normal,0.000000,0.075459,0.051630
miss_detection,0.0,5.0,-160.0,-150.0,constant,1.000000,,
distal,0.0,5.0,-160.0,-150.0,normal,0.000000,0.113883,0.071738
perpendicular,0.0,5.0,-160.0,-150.0,normal,0.000000,0.080888,0.055199
height,0.0,5.0,-160.0,-150.0,normal,0.000000,0.056859,0.035965
yaw,0.0,5.0,-160.0,-150.0,normal,0.000000,0.312987,0.100466
width,0.0,5.0,-160.0,-150.0,normal,0.000000,0.118622,0.088224
length,0.0,5.0,-160.0,-150.0,normal,0.000000,0.158192,0.108543
box_height,0.0,5.0,-160.0,-150.0,normal,0.000000,0.075459,0.051630
miss_detection,0.0,5.0,-150.0,-140.0,constant,1.000000,,
distal,0.0,5.0,-150.0,-140.0,normal,0.000000,0.113883,0.071738
perpendicular,0.0,5.0,-150.0,-140.0,normal,0.000000,0.080888,0.055199
height,0.0,5.0,-150.0,-140.0,normal,0.000000,0.056859,0.035965
yaw,0.0,5.0,-150.0,-140.0,normal,0.000000,0.312987,0.100466
width,0.0,5.0,-150.0,-140.0,normal,0.000000,0.118622,0.088224
length,0.0,5.0,-150.0,-140.0,normal,0.000000,0.158192,0.108543
box_height,0.0,5.0,-150.0,-140.0,normal,0.000000,0.075459,0.051630
miss_detection,0.0,5.0,-140.0,-130.0,constant,1.000000,,
distal,0.0,5.0,-140.0,-130.0,normal,0.000000,0.113883,0.071738
perpendicular,0.0,5.0,-140.0,-130.0,normal,0.000000,0.080888,0.055199
height,0.0,5.0,-140.0,-130.0,normal,0.000000,0.056859,0.035965
yaw,0.0,5.0,-140.0,-130.0,normal,0.000000,0.312987,0.100466
width,0.0,5.0,-140.0,-130.0,normal,0.000000,0.118622,0.088224
length,0.0,5.0,-140.0,-130.0,normal,0.000000,0.158192,0.108543
box_height,0.0,5.0,-140.0,-130.0,normal,0.000000,0.075459,0.051630
miss_detection,0.0,5.0,-130.0,-120.0,constant,1.000000,,
distal,0.0,5.0,-130.0,-120.0,normal,0.000000,0.113883,0.071738
perpendicular,0.0,5.0,-130.0,-120.0,normal,0.000000,0.080888,0.055199
height,0.0,5.0,-130.0,-120.0,normal,0.000000,0.056859,0.035965
yaw,0.0,5.0,-130.0,-120.0,normal,0.000000,0.312987,0.100466
width,0.0,5.0,-130.0,-120.0,normal,0.000000,0.118622,0.088224
length,0.0,5.0,-130.0,-120.0,normal,0.000000,0.158192,0.108543
box_height,0.0,5.0,-130.0,-120.0,normal,0.000000,0.075459,0.051630
miss_detection,0.0,5.0,-120.0,-110.0,constant,1.000000,,
distal,0.0,5.0,-120.0,-110.0,normal,0.000000,0.113883,0.071738
perpendicular,0.0,5.0,-120.0,-110.0,normal,0.000000,0.080888,0.055199
height,0.0,5.0,-120.0,-110.0,normal,0.000000,0.056859,0.035965
yaw,0.0,5.0,-120.0,-110.0,normal,0.000000,0.312987,0.100466
width,0.0,5.0,-120.0,-110.0,normal,0.000000,0.118622,0.088224
length,0.0,5.0,-120.0,-110.0,normal,0.000000,0.158192,0.108543
box_height,0.0,5.0,-120.0,-110.0,normal,0.000000,0.075459,0.051630
miss_detection,0.0,5.0,-110.0,-100.0,constant,1.000000,,
distal,0.0,5.0,-110.0,-100.0,normal,0.000000,0.113883,0.071738
perpendicular,0.0,5.0,-110.0,-100.0,normal,0.000000,0.080888,0.055199
height,0.0,5.0,-110.0,-100.0,normal,0.000000,0.056859,0.035965
yaw,0.0,5.0,-110.0,-100.0,normal,0.000000,0.312987,0.100466
width,0.0,5.0,-110.0,-100.0,normal,0.000000,0.118622,0.088224
length,0.0,5.0,-110.0,-100.0,normal,0.000000,0.158192,0.108543
box_height,0.0,5.0,-110.0,-100.0,normal,0.000000,0.075459,0.051630
miss_detection,0.0,5.0,-100.0,-90.0,constant,1.000000,,
distal,0.0,5.0,-100.0,-90.0,normal,0.000000,0.113883,0.071738
perpendicular,0.0,5.0,-100.0,-90.0,normal,0.000000,0.080888,0.055199
height,0.0,5.0,-100.0,-90.0,normal,0.000000,0.056859,0.035965
yaw,0.0,5.0,-100.0,-90.0,normal,0.000000,0.312987,0.100466
width,0.0,5.0,-100.0,-90.0,normal,0.000000,0.118622,0.088224
length,0.0,5.0,-100.0,-90.0,normal,0.000000,0.158192,0.108543
box_height,0.0,5.0,-100.0,-90.0,normal,0.000000,0.075459,0.051630
miss_detection,0.0,5.0,-90.0,-80.0,constant,1.000000,,
distal,0.0,5.0,-90.0,-80.0,normal,0.000000,0.113883,0.071738
perpendicular,0.0,5.0,-90.0,-80.0,normal,0.000000,0.080888,0.055199
height,0.0,5.0,-90.0,-80.0,normal,0.000000,0.056859,0.035965
yaw,0.0,5.0,-90.0,-80.0,normal,0.000000,0.312987,0.100466
width,0.0,5.0,-90.0,-80.0,normal,0.000000,0.118622,0.088224
length,0.0,5.0,-90.0,-80.0,normal,0.000000,0.158192,0.108543
box_height,0.0,5.0,-90.0,-80.0,normal,0.000000,0.075459,0.051630
miss_detection,0.0,5.0,-80.0,-70.0,constant,1.000000,,
distal,0.0,5.0,-80.0,-70.0,normal,0.000000,0.113883,0.071738
perpendicular,0.0,5.0,-80.0,-70.0,normal,0.000000,0.080888,0.055199
height,0.0,5.0,-80.0,-70.0,normal,0.000000,0.056859,0.035965
yaw,0.0,5.0,-80.0,-70.0,normal,0.000000,0.312987,0.100466
width,0.0,5.0,-80.0,-70.0,normal,0.000000,0.118622,0.088224
length,0.0,5.0,-80.0,-70.0,normal,0.000000,0.158192,0.108543
box_height,0.0,5.0,-80.0,-70.0,normal,0.000000,0.075459,0.051630
miss_detection,0.0,5.0,-70.0,-60.0,constant,1.000000,,
distal,0.0,5.0,-70.0,-60.0,normal,0.000000,0.113883,0.071738
perpendicular,0.0,5.0,-70.0,-60.0,normal,0.000000,0.080888,0.055199
height,0.0,5.0,-70.0,-60.0,normal,0.000000,0.056859,0.035965
yaw,0.0,5.0,-70.0,-60.0,normal,0.000000,0.312987,0.100466
width,0.0,5.0,-70.0,-60.0,normal,0.000000,0.118622,0.088224
length,0.0,5.0,-70.0,-60.0,normal,0.000000,0.158192,0.108543
box_height,0.0,5.0,-70.0,-60.0,normal,0.000000,0.075459,0.051630
miss_detection,0.0,5.0,-60.0,-50.0,constant,1.000000,,
distal,0.0,5.0,-60.0,-50.0,normal,0.000000,0.113883,0.071738
perpendicular,0.0,5.0,-60.0,-50.0,normal,0.000000,0.080888,0.055199
height,0.0,5.0,-60.0,-50.0,normal,0.000000,0.056859,0.035965
yaw,0.0,5.0,-60.0,-50.0,normal,0.000000,0.312987,0.100466
width,0.0,5.0,-60.0,-50.0,normal,0.000000,0.118622,0.088224
length,0.0,5.0,-60.0,-50.0,normal,0.000000,0.158192,0.108543
box_height,0.0,5.0,-60.0,-50.0,normal,0.000000,0.075459,0.051630
miss_detection,0.0,5.0,-50.0,-40.0,constant,1.000000,,
distal,0.0,5.0,-50.0,-40.0,normal,0.000000,0.113883,0.071738
perpendicular,0.0,5.0,-50.0,-40.0,normal,0.000000,0.080888,0.055199
height,0.0,5.0,-50.0,-40.0,normal,0.000000,0.056859,0.035965
yaw,0.0,5.0,-50.0,-40.0,normal,0.000000,0.312987,0.100466
width,0.0,5.0,-50.0,-40.0,normal,0.000000,0.118622,0.088224
length,0.0,5.0,-50.0,-40.0,normal,0.000000,0.158192,0.108543
box_height,0.0,5.0,-50.0,-40.0,normal,0.000000,0.075459,0.051630
miss_detection,0.0,5.0,-40.0,-30.0,constant,1.000000,,
distal,0.0,5.0,-40.0,-30.0,normal,0.000000,0.113883,0.071738
perpendicular,0.0,5.0,-40.0,-30.0,normal,0.000000,0.080888,0.055199
height,0.0,5.0,-40.0,-30.0,normal,0.000000,0.056859,0.035965
yaw,0.0,5.0,-40.0,-30.0,normal,0.000000,0.312987,0.100466
width,0.0,5.0,-40.0,-30.0,normal,0.000000,0.118622,0.088224
length,0.0,5.0,-40.0,-30.0,normal,0.000000,0.158192,0.108543
box_height,0.0,5.0,-40.0,-30.0,normal,0.000000,0.075459,0.051630
miss_detection,0.0,5.0,-30.0,-20.0,constant,1.000000,,
distal,0.0,5.0,-30.0,-20.0,normal,0.000000,0.113883,0.071738
perpendicular,0.0,5.0,-30.0,-20.0,normal,0.000000,0.080888,0.055199
height,0.0,5.0,-30.0,-20.0,normal,0.000000,0.056859,0.035965
yaw,0.0,5.0,-30.0,-20.0,normal,0.000000,0.312987,0.100466
width,0.0,5.0,-30.0,-20.0,normal,0.000000,0.118622,0.088224
length,0.0,5.0,-30.0,-20.0,normal,0.000000,0.158192,0.108543
box_height,0.0,5.0,-30.0,-20.0,normal,0.000000,0.075459,0.051630
miss_detection,0.0,5.0,-20.0,-10.0,constant,1.000000,,
distal,0.0,5.0,-20.0,-10.0,normal,0.000000,0.113883,0.071738
perpendicular,0.0,5.0,-20.0,-10.0,normal,0.000000,0.080888,0.055199
height,0.0,5.0,-20.0,-10.0,normal,0.000000,0.056859,0.035965
yaw,0.0,5.0,-20.0,-10.0,normal,0.000000,0.312987,0.100466
width,0.0,5.0,-20.0,-10.0,normal,0.000000,0.118622,0.088224
length,0.0,5.0,-20.0,-10.0,normal,0.000000,0.158192,0.108543
box_height,0.0,5.0,-20.0,-10.0,normal,0.000000,0.075459,0.051630
miss_detection,0.0,5.0,-10.0,0.0,constant,1.000000,,
distal,0.0,5.0,-10.0,0.0,normal,0.000000,0.113883,0.071738
perpendicular,0.0,5.0,-10.0,0.0,normal,0.000000,0.080888,0.055199
height,0.0,5.0,-10.0,0.0,normal,0.000000,0.056859,0.035965
yaw,0.0,5.0,-10.0,0.0,normal,0.000000,0.312987,0.100466
width,0.0,5.0,-10.0,0.0,normal,0.000000,0.118622,0.088224
length,0.0,5.0,-10.0,0.0,normal,0.000000,0.158192,0.108543
box_height,0.0,5.0,-10.0,0.0,normal,0.000000,0.075459,0.051630
miss_detection,0.0,5.0,0.0,10.0,constant,1.000000,,
distal,0.0,5.0,0.0,10.0,normal,0.000000,0.113883,0.071738
perpendicular,0.0,5.0,0.0,10.0,normal,0.000000,0.080888,0.055199
height,0.0,5.0,0.0,10.0,normal,0.000000,0.056859,0.035965
yaw,0.0,5.0,0.0,10.0,normal,0.000000,0.312987,0.100466
width,0.0,5.0,0.0,10.0,normal,0.000000,0.118622,0.088224
length,0.0,5.0,0.0,10.0,normal,0.000000,0.158192,0.108543
box_height,0.0,5.0,0.0,10.0,normal,0.000000,0.075459,0.051630
miss_detection,0.0,5.0,10.0,20.0,constant,1.000000,,
distal,0.0,5.0,10.0,20.0,normal,0.000000,0.113883,0.071738
perpendicular,0.0,5.0,10.0,20.0,normal,0.000000,0.080888,0.055199
height,0.0,5.0,10.0,20.0,normal,0.000000,0.056859,0.035965
yaw,0.0,5.0,10.0,20.0,normal,0.000000,0.312987,0.100466
width,0.0,5.0,10.0,20.0,normal,0.000000,0.118622,0.088224
length,0.0,5.0,10.0,20.0,normal,0.000000,0.158192,0.108543
box_height,0.0,5.0,10.0,20.0,normal,0.000000,0.075459,0.051630
miss_detection,0.0,5.0,20.0,30.0,constant,1.000000,,
distal,0.0,5.0,20.0,30.0,normal,0.000000,0.113883,0.071738
perpendicular,0.0,5.0,20.0,30.0,normal,0.000000,0.080888,0.055199
height,0.0,5.0,20.0,30.0,normal,0.000000,0.056859,0.035965
yaw,0.0,5.0,20.0,30.0,normal,0.000000,0.312987,0.100466
width,0.0,5.0,20.0,30.0,normal,0.000000,0.118622,0.088224
length,0.0,5.0,20.0,30.0,normal,0.000000,0.158192,0.108543
box_height,0.0,5.0,20.0,30.0,normal,0.000000,0.075459,0.051630
miss_detection,0.0,5.0,30.0,40.0,constant,1.000000,,
distal,0.0,5.0,30.0,40.0,normal,0.000000,0.113883,0.071738
perpendicular,0.0,5.0,30.0,40.0,normal,0.000000,0.080888,0.055199
height,0.0,5.0,30.0,40.0,normal,0.000000,0.056859,0.035965
yaw,0.0,5.0,30.0,40.0,normal,0.000000,0.312987,0.100466
width,0.0,5.0,30.0,40.0,normal,0.000000,0.118622,0.088224
length,0.0,5.0,30.0,40.0,normal,0.000000,0.158192,0.108543
box_height,0.0,5.0,30.0,40.0,normal,0.000000,0.075459,0.051630
miss_detection,0.0,5.0,40.0,50.0,constant,1.000000,,
distal,0.0,5.0,40.0,50.0,normal,0.000000,0.113883,0.071738
perpendicular,0.0,5.0,40.0,50.0,normal,0.000000,0.080888,0.055199
height,0.0,5.0,40.0,50.0,normal,0.000000,0.056859,0.035965
yaw,0.0,5.0,40.0,50.0,normal,0.000000,0.312987,0.100466
width,0.0,5.0,40.0,50.0,normal,0.000000,0.118622,0.088224
length,0.0,5.0,40.0,50.0,normal,0.000000,0.158192,0.108543
box_height,0.0,5.0,40.0,50.0,normal,0.000000,0.075459,0.051630
miss_detection,0.0,5.0,50.0,60.0,constant,1.000000,,
distal,0.0,5.0,50.0,60.0,normal,0.000000,0.113883,0.071738
perpendicular,0.0,5.0,50.0,60.0,normal,0.000000,0.080888,0.055199
height,0.0,5.0,50.0,60.0,normal,0.000000,0.056859,0.035965
yaw,0.0,5.0,50.0,60.0,normal,0.000000,0.312987,0.100466
width,0.0,5.0,50.0,60.0,normal,0.000000,0.118622,0.088224
length,0.0,5.0,50.0,60.0,normal,0.000000,0.158192,0.108543
box_height,0.0,5.0,50.0,60.0,normal,0.000000,0.075459,0.051630
miss_detection,0.0,5.0,60.0,70.0,constant,1.000000,,
distal,0.0,5.0,60.0,70.0,normal,0.000000,0.113883,0.071738
perpendicular,0.0,5.0,60.0,70.0,normal,0.000000,0.080888,0.055199
height,0.0,5.0,60.0,70.0,normal,0.000000,0.056859,0.035965
yaw,0.0,5.0,60.0,70.0,normal,0.000000,0.312987,0.100466
width,0.0,5.0,60.0,70.0,normal,0.000000,0.118622,0.088224
length,0.0,5.0,60.0,70.0,normal,0.000000,0.158192,0.108543
box_height,0.0,5.0,60.0,70.0,normal,0.000000,0.075459,0.051630
miss_detection,0.0,5.0,70.0,80.0,constant,1.000000,,
distal,0.0,5.0,70.0,80.0,normal,0.000000,0.113883,0.071738
perpendicular,0.0,5.0,70.0,80.0,normal,0.000000,0.080888,0.055199
height,0.0,5.0,70.0,80.0,normal,0.000000,0.056859,0.035965
yaw,0.0,5.0,70.0,80.0,normal,0.000000,0.312987,0.100466
width,0.0,5.0,70.0,80.0,normal,0.000000,0.118622,0.088224
length,0.0,5.0,70.0,80.0,normal,0.000000,0.158192,0.108543
box_height,0.0,5.0,70.0,80.0,normal,0.000000,0.075459,0.051630
miss_detection,0.0,5.0,80.0,90.0,constant,1.000000,,
distal,0.0,5.0,80.0,90.0,normal,0.000000,0.113883,0.071738
perpendicular,0.0,5.0,80.0,90.0,normal,0.000000,0.080888,0.055199
height,0.0,5.0,80.0,90.0,normal,0.000000,0.056859,0.035965
yaw,0.0,5.0,80.0,90.0,normal,0.000000,0.312987,0.100466
width,0.0,5.0,80.0,90.0,normal,0.000000,0.118622,0.088224
length,0.0,5.0,80.0,90.0,normal,0.000000,0.158192,0.108543
box_height,0.0,5.0,80.0,90.0,normal,0.000000,0.075459,0.051630
miss_detection,0.0,5.0,90.0,100.0,constant,1.000000,,
distal,0.0,5.0,90.0,100.0,normal,0.000000,0.113883,0.071738
perpendicular,0.0,5.0,90.0,100.0,normal,0.000000,0.080888,0.055199
height,0.0,5.0,90.0,100.0,normal,0.000000,0.056859,0.035965
yaw,0.0,5.0,90.0,100.0,normal,0.000000,0.312987,0.100466
width,0.0,5.0,90.0,100.0,normal,0.000000,0.118622,0.088224
length,0.0,5.0,90.0,100.0,normal,0.000000,0.158192,0.108543
box_height,0.0,5.0,90.0,100.0,normal,0.000000,0.075459,0.051630
miss_detection,0.0,5.0,100.0,110.0,constant,1.000000,,
distal,0.0,5.0,100.0,110.0,normal,0.000000,0.113883,0.071738
perpendicular,0.0,5.0,100.0,110.0,normal,0.000000,0.080888,0.055199
height,0.0,5.0,100.0,110.0,normal,0.000000,0.056859,0.035965
yaw,0.0,5.0,100.0,110.0,normal,0.000000,0.312987,0.100466
width,0.0,5.0,100.0,110.0,normal,0.000000,0.118622,0.088224
length,0.0,5.0,100.0,110.0,normal,0.000000,0.158192,0.108543
box_height,0.0,5.0,100.0,110.0,normal,0.000000,0.075459,0.051630
miss_detection,0.0,5.0,110.0,120.0,constant,1.000000,,
distal,0.0,5.0,110.0,120.0,normal,0.000000,0.113883,0.071738
perpendicular,0.0,5.0,110.0,120.0,normal,0.000000,0.080888,0.055199
height,0.0,5.0,110.0,120.0,normal,0.000000,0.056859,0.035965
yaw,0.0,5.0,110.0,120.0,normal,0.000000,0.312987,0.100466
width,0.0,5.0,110.0,120.0,normal,0.000000,0.118622,0.088224
length,0.0,5.0,110.0,120.0,normal,0.000000,0.158192,0.108543
box_height,0.0,5.0,110.0,120.0,normal,0.000000,0.075459,0.051630
miss_detection,0.0,5.0,120.0,130.0,constant,1.000000,,
distal,0.0,5.0,120.0,130.0,normal,0.000000,0.113883,0.071738
perpendicular,0.0,5.0,120.0,130.0,normal,0.000000,0.080888,0.055199
height,0.0,5.0,120.0,130.0,normal,0.000000,0.056859,0.035965
yaw,0.0,5.0,120.0,130.0,normal,0.000000,0.312987,0.100466
width,0.0,5.0,120.0,130.0,normal,0.000000,0.118622,0.088224
length,0.0,5.0,120.0,130.0,normal,0.000000,0.158192,0.108543
box_height,0.0,5.0,120.0,130.0,normal,0.000000,0.075459,0.051630
miss_detection,0.0,5.0,130.0,140.0,constant,1.000000,,
distal,0.0,5.0,130.0,140.0,normal,0.000000,0.113883,0.071738
perpendicular,0.0,5.0,130.0,140.0,normal,0.000000,0.080888,0.055199
height,0.0,5.0,130.0,140.0,normal,0.000000,0.056859,0.035965
yaw,0.0,5.0,130.0,140.0,normal,0.000000,0.312987,0.100466
width,0.0,5.0,130.0,140.0,normal,0.000000,0.118622,0.088224
length,0.0,5.0,130.0,140.0,normal,0.000000,0.158192,0.108543
box_height,0.0,5.0,130.0,140.0,normal,0.000000,0.075459,0.051630
miss_detection,0.0,5.0,140.0,150.0,constant,1.000000,,
distal,0.0,5.0,140.0,150.0,normal,0.000000,0.113883,0.071738
perpendicular,0.0,5.0,140.0,150.0,normal,0.000000,0.080888,0.055199
height,0.0,5.0,140.0,150.0,normal,0.000000,0.056859,0.035965
yaw,0.0,5.0,140.0,150.0,normal,0.000000,0.312987,0.100466
width,0.0,5.0,140.0,150.0,normal,0.000000,0.118622,0.088224
length,0.0,5.0,140.0,150.0,normal,0.000000,0.158192,0.108543
box_height,0.0,5.0,140.0,150.0,normal,0.000000,0.075459,0.051630
miss_detection,0.0,5.0,150.0,160.0,constant,1.000000,,
distal,0.0,5.0,150.0,160.0,normal,0.000000,0.113883,0.071738
perpendicular,0.0,5.0,150.0,160.0,normal,0.000000,0.080888,0.055199
height,0.0,5.0,150.0,160.0,normal,0.000000,0.056859,0.035965
yaw,0.0,5.0,150.0,160.0,normal,0.000000,0.312987,0.100466
width,0.0,5.0,150.0,160.0,normal,0.000000,0.118622,0.088224
length,0.0,5.0,150.0,160.0,normal,0.000000,0.158192,0.108543
box_height,0.0,5.0,150.0,160.0,normal,0.000000,0.075459,0.051630
miss_detection,0.0,5.0,160.0,170.0,constant,1.000000,,
distal,0.0,5.0,160.0,170.0,normal,0.000000,0.113883,0.071738
perpendicular,0.0,5.0,160.0,170.0,normal,0.000000,0.080888,0.055199
height,0.0,5.0,160.0,170.0,normal,0.000000,0.056859,0.035965
yaw,0.0,5.0,160.0,170.0,normal,0.000000,0.312987,0.100466
width,0.0,5.0,160.0,170.0,normal,0.000000,0.118622,0.088224
length,0.0,5.0,160.0,170.0,normal,0.000000,0.158192,0.108543
box_height,0.0,5.0,160.0,170.0,normal,0.000000,0.075459,0.051630
miss_detection,0.0,5.0,170.0,180.0,constant,1.000000,,
distal,0.0,5.0,170.0,180.0,normal,0.000000,0.113883,0.071738
perpendicular,0.0,5.0,170.0,180.0,normal,0.000000,0.080888,0.055199
height,0.0,5.0,170.0,180.0,normal,0.000000,0.056859,0.035965
yaw,0.0,5.0,170.0,180.0,normal,0.000000,0.312987,0.100466
width,0.0,5.0,170.0,180.0,normal,0.000000,0.118622,0.088224
length,0.0,5.0,170.0,180.0,normal,0.000000,0.158192,0.108543
box_height,0.0,5.0,170.0,180.0,normal,0.000000,0.075459,0.051630
miss_detection,5.0,10.0,-180.0,-170.0,constant,1.000000,,
distal,5.0,10.0,-180.0,-170.0,normal,0.000000,0.113883,0.071738
perpendicular,5.0,10.0,-180.0,-170.0,normal,0.000000,0.080888,0.055199
height,5.0,10.0,-180.0,-170.0,normal,0.000000,0.056859,0.035965
yaw,5.0,10.0,-180.0,-170.0,normal,0.000000,0.312987,0.100466
width,5.0,10.0,-180.0,-170.0,normal,0.000000,0.118622,0.088224
length,5.0,10.0,-180.0,-170.0,normal,0.000000,0.158192,0.108543
box_height,5.0,10.0,-180.0,-170.0,normal,0.000000,0.075459,0.051630
miss_detection,5.0,10.0,-170.0,-160.0,constant,1.000000,,
distal,5.0,10.0,-170.0,-160.0,normal,0.000000,0.113883,0.071738
perpendicular,5.0,10.0,-170.0,-160.0,normal,0.000000,0.080888,0.055199
height,5.0,10.0,-170.0,-160.0,normal,0.000000,0.056859,0.035965
yaw,5.0,10.0,-170.0,-160.0,normal,0.000000,0.312987,0.100466
width,5.0,10.0,-170.0,-160.0,normal,0.000000,0.118622,0.088224
length,5.0,10.0,-170.0,-160.0,normal,0.000000,0.158192,0.108543
box_height,5.0,10.0,-170.0,-160.0,normal,0.000000,0.075459,0.051630
miss_detection,5.0,10.0,-160.0,-150.0,constant,1.000000,,
distal,5.0,10.0,-160.0,-150.0,normal,0.000000,0.113883,0.071738
perpendicular,5.0,10.0,-160.0,-150.0,normal,0.000000,0.080888,0.055199
height,5.0,10.0,-160.0,-150.0,normal,0.000000,0.056859,0.035965
yaw,5.0,10.0,-160.0,-150.0,normal,0.000000,0.312987,0.100466
width,5.0,10.0,-160.0,-150.0,normal,0.000000,0.118622,0.088224
length,5.0,10.0,-160.0,-150.0,normal,0.000000,0.158192,0.108543
box_height,5.0,10.0,-160.0,-150.0,normal,0.000000,0.075459,0.051630
miss_detection,5.0,10.0,-150.0,-140.0,constant,1.000000,,
distal,5.0,10.0,-150.0,-140.0,normal,0.000000,0.113883,0.071738
perpendicular,5.0,10.0,-150.0,-140.0,normal,0.000000,0.080888,0.055199
height,5.0,10.0,-150.0,-140.0,normal,0.000000,0.056859,0.035965
yaw,5.0,10.0,-150.0,-140.0,normal,0.000000,0.312987,0.100466
width,5.0,10.0,-150.0,-140.0,normal,0.000000,0.118622,0.088224
length,5.0,10.0,-150.0,-140.0,normal,0.000000,0.158192,0.108543
box_height,5.0,10.0,-150.0,-140.0,normal,0.000000,0.075459,0.051630
miss_detection,5.0,10.0,-140.0,-130.0,constant,1.000000,,
distal,5.0,10.0,-140.0,-130.0,normal,0.000000,0.113883,0.071738
perpendicular,5.0,10.0,-140.0,-130.0,normal,0.000000,0.080888,0.055199
height,5.0,10.0,-140.0,-130.0,normal,0.000000,0.056859,0.035965
yaw,5.0,10.0,-140.0,-130.0,normal,0.000000,0.312987,0.100466
width,5.0,10.0,-140.0,-130.0,normal,0.000000,0.118622,0.088224
length,5.0,10.0,-140.0,-130.0,normal,0.000000,0.158192,0.108543
box_height,5.0,10.0,-140.0,-130.0,normal,0.000000,0.075459,0.051630
miss_detection,5.0,10.0,-130.0,-120.0,constant,1.000000,,
distal,5.0,10.0,-130.0,-120.0,normal,0.000000,0.113883,0.071738
perpendicular,5.0,10.0,-130.0,-120.0,normal,0.000000,0.080888,0.055199
height,5.0,10.0,-130.0,-120.0,normal,0.000000,0.056859,0.035965
yaw,5.0,10.0,-130.0,-120.0,normal,0.000000,0.312987,0.100466
width,5.0,10.0,-130.0,-120.0,normal,0.000000,0.118622,0.088224
length,5.0,10.0,-130.0,-120.0,normal,0.000000,0.158192,0.108543
box_height,5.0,10.0,-130.0,-120.0,normal,0.000000,0.075459,0.051630
miss_detection,5.0,10.0,-120.0,-110.0,constant,1.000000,,
distal,5.0,10.0,-120.0,-110.0,normal,0.000000,0.113883,0.071738
perpendicular,5.0,10.0,-120.0,-110.0,normal,0.000000,0.080888,0.055199
height,5.0,10.0,-120.0,-110.0,normal,0.000000,0.056859,0.035965
yaw,5.0,10.0,-120.0,-110.0,normal,0.000000,0.312987,0.100466
width,5.0,10.0,-120.0,-110.0,normal,0.000000,0.118622,0.088224
length,5.0,10.0,-120.0,-110.0,normal,0.000000,0.158192,0.108543
box_height,5.0,10.0,-120.0,-110.0,normal,0.000000,0.075459,0.051630
miss_detection,5.0,10.0,-110.0,-100.0,constant,1.000000,,
distal,5.0,10.0,-110.0,-100.0,normal,0.000000,0.113883,0.071738
perpendicular,5.0,10.0,-110.0,-100.0,normal,0.000000,0.080888,0.055199
height,5.0,10.0,-110.0,-100.0,normal,0.000000,0.056859,0.035965
yaw,5.0,10.0,-110.0,-100.0,normal,0.000000,0.312987,0.100466
width,5.0,10.0,-110.0,-100.0,normal,0.000000,0.118622,0.088224
length,5.0,10.0,-110.0,-100.0,normal,0.000000,0.158192,0.108543
box_height,5.0,10.0,-110.0,-100.0,normal,0.000000,0.075459,0.051630
miss_detection,5.0,10.0,-100.0,-90.0,constant,1.000000,,
distal,5.0,10.0,-100.0,-90.0,normal,0.000000,0.113883,0.071738
perpendicular,5.0,10.0,-100.0,-90.0,normal,0.000000,0.080888,0.055199
height,5.0,10.0,-100.0,-90.0,normal,0.000000,0.056859,0.035965
yaw,5.0,10.0,-100.0,-90.0,normal,0.000000,0.312987,0.100466
width,5.0,10.0,-100.0,-90.0,normal,0.000000,0.118622,0.088224
length,5.0,10.0,-100.0,-90.0,normal,0.000000,0.158192,0.108543
box_height,5.0,10.0,-100.0,-90.0,normal,0.000000,0.075459,0.051630
miss_detection,5.0,10.0,-90.0,-80.0,constant,1.000000,,
distal,5.0,10.0,-90.0,-80.0,normal,0.000000,0.113883,0.071738
perpendicular,5.0,10.0,-90.0,-80.0,normal,0.000000,0.080888,0.055199
height,5.0,10.0,-90.0,-80.0,normal,0.000000,0.056859,0.035965
yaw,5.0,10.0,-90.0,-80.0,normal,0.000000,0.312987,0.100466
width,5.0,10.0,-90.0,-80.0,normal,0.000000,0.118622,0.088224
length,5.0,10.0,-90.0,-80.0,normal,0.000000,0.158192,0.108543
box_height,5.0,10.0,-90.0,-80.0,normal,0.000000,0.075459,0.051630
miss_detection,5.0,10.0,-80.0,-70.0,constant,1.000000,,
distal,5.0,10.0,-80.0,-70.0,normal,0.000000,0.113883,0.071738
perpendicular,5.0,10.0,-80.0,-70.0,normal,0.000000,0.080888,0.055199
height,5.0,10.0,-80.0,-70.0,normal,0.000000,0.056859,0.035965
yaw,5.0,10.0,-80.0,-70.0,normal,0.000000,0.312987,0.100466
width,5.0,10.0,-80.0,-70.0,normal,0.000000,0.118622,0.088224
length,5.0,10.0,-80.0,-70.0,normal,0.000000,0.158192,0.108543
box_height,5.0,10.0,-80.0,-70.0,normal,0.000000,0.075459,0.051630
miss_detection,5.0,10.0,-70.0,-60.0,constant,1.000000,,
distal,5.0,10.0,-70.0,-60.0,normal,0.000000,0.113883,0.071738
perpendicular,5.0,10.0,-70.0,-60.0,normal,0.000000,0.080888,0.055199
height,5.0,10.0,-70.0,-60.0,normal,0.000000,0.056859,0.035965
yaw,5.0,10.0,-70.0,-60.0,normal,0.000000,0.312987,0.100466
width,5.0,10.0,-70.0,-60.0,normal,0.000000,0.118622,0.088224
length,5.0,10.0,-70.0,-60.0,normal,0.000000,0.158192,0.108543
box_height,5.0,10.0,-70.0,-60.0,normal,0.000000,0.075459,0.051630
miss_detection,5.0,10.0,-60.0,-50.0,constant,1.000000,,
distal,5.0,10.0,-60.0,-50.0,normal,0.000000,0.113883,0.071738
perpendicular,5.0,10.0,-60.0,-50.0,normal,0.000000,0.080888,0.055199
height,5.0,10.0,-60.0,-50.0,normal,0.000000,0.056859,0.035965
yaw,5.0,10.0,-60.0,-50.0,normal,0.000000,0.312987,0.100466
width,5.0,10.0,-60.0,-50.0,normal,0.000000,0.118622,0.088224
length,5.0,10.0,-60.0,-50.0,normal,0.000000,0.158192,0.108543
box_height,5.0,10.0,-60.0,-50.0,normal,0.000000,0.075459,0.051630
miss_detection,5.0,10.0,-50.0,-40.0,constant,1.000000,,
distal,5.0,10.0,-50.0,-40.0,normal,0.000000,0.113883,0.071738
perpendicular,5.0,10.0,-50.0,-40.0,normal,0.000000,0.080888,0.055199
height,5.0,10.0,-50.0,-40.0,normal,0.000000,0.056859,0.035965
yaw,5.0,10.0,-50.0,-40.0,normal,0.000000,0.312987,0.100466
width,5.0,10.0,-50.0,-40.0,normal,0.000000,0.118622,0.088224
length,5.0,10.0,-50.0,-40.0,normal,0.000000,0.158192,0.108543
box_height,5.0,10.0,-50.0,-40.0,normal,0.000000,0.075459,0.051630
miss_detection,5.0,10.0,-40.0,-30.0,constant,1.000000,,
distal,5.0,10.0,-40.0,-30.0,normal,0.000000,0.113883,0.071738
perpendicular,5.0,10.0,-40.0,-30.0,normal,0.000000,0.080888,0.055199
height,5.0,10.0,-40.0,-30.0,normal,0.000000,0.056859,0.035965
yaw,5.0,10.0,-40.0,-30.0,normal,0.000000,0.312987,0.100466
width,5.0,10.0,-40.0,-30.0,normal,0.000000,0.118622,0.088224
length,5.0,10.0,-40.0,-30.0,normal,0.000000,0.158192,0.108543
box_height,5.0,10.0,-40.0,-30.0,normal,0.000000,0.075459,0.051630
miss_detection,5.0,10.0,-30.0,-20.0,constant,1.000000,,
distal,5.0,10.0,-30.0,-20.0,normal,0.000000,0.113883,0.071738
perpendicular,5.0,10.0,-30.0,-20.0,normal,0.000000,0.080888,0.055199
height,5.0,10.0,-30.0,-20.0,normal,0.000000,0.056859,0.035965
yaw,5.0,10.0,-30.0,-20.0,normal,0.000000,0.312987,0.100466
width,5.0,10.0,-30.0,-20.0,normal,0.000000,0.118622,0.088224
length,5.0,10.0,-30.0,-20.0,normal,0.000000,0.158192,0.108543
box_height,5.0,10.0,-30.0,-20.0,normal,0.000000,0.075459,0.051630
miss_detection,5.0,10.0,-20.0,-10.0,constant,1.000000,,
distal,5.0,10.0,-20.0,-10.0,normal,0.000000,0.113883,0.071738
perpendicular,5.0,10.0,-20.0,-10.0,normal,0.000000,0.080888,0.055199
height,5.0,10.0,-20.0,-10.0,normal,0.000000,0.056859,0.035965
yaw,5.0,10.0,-20.0,-10.0,normal,0.000000,0.312987,0.100466
width,5.0,10.0,-20.0,-10.0,normal,0.000000,0.118622,0.088224
length,5.0,10.0,-20.0,-10.0,normal,0.000000,0.158192,0.108543
box_height,5.0,10.0,-20.0,-10.0,normal,0.000000,0.075459,0.051630
miss_detection,5.0,10.0,-10.0,0.0,constant,1.000000,,
distal,5.0,10.0,-10.0,0.0,normal,0.000000,0.113883,0.071738
perpendicular,5.0,10.0,-10.0,0.0,normal,0.000000,0.080888,0.055199
height,5.0,10.0,-10.0,0.0,normal,0.000000,0.056859,0.035965
yaw,5.0,10.0,-10.0,0.0,normal,0.000000,0.312987,0.100466
width,5.0,10.0,-10.0,0.0,normal,0.000000,0.118622,0.088224
length,5.0,10.0,-10.0,0.0,normal,0.000000,0.158192,0.108543
box_height,5.0,10.0,-10.0,0.0,normal,0.000000,0.075459,0.051630
miss_detection,5.0,10.0,0.0,10.0,constant,1.000000,,
distal,5.0,10.0,0.0,10.0,normal,0.000000,0.113883,0.071738
perpendicular,5.0,10.0,0.0,10.0,normal,0.000000,0.080888,0.055199
height,5.0,10.0,0.0,10.0,normal,0.000000,0.056859,0.035965
yaw,5.0,10.0,0.0,10.0,normal,0.000000,0.312987,0.100466
width,5.0,10.0,0.0,10.0,normal,0.000000,0.118622,0.088224
length,5.0,10.0,0.0,10.0,normal,0.000000,0.158192,0.108543
box_height,5.0,10.0,0.0,10.0,normal,0.000000,0.075459,0.051630
miss_detection,5.0,10.0,10.0,20.0,constant,1.000000,,
distal,5.0,10.0,10.0,20.0,normal,0.000000,0.113883,0.071738
perpendicular,5.0,10.0,10.0,20.0,normal,0.000000,0.080888,0.055199
height,5.0,10.0,10.0,20.0,normal,0.000000,0.056859,0.035965
yaw,5.0,10.0,10.0,20.0,normal,0.000000,0.312987,0.100466
width,5.0,10.0,10.0,20.0,normal,0.000000,0.118622,0.088224
length,5.0,10.0,10.0,20.0,normal,0.000000,0.158192,0.108543
box_height,5.0,10.0,10.0,20.0,normal,0.000000,0.075459,0.051630
miss_detection,5.0,10.0,20.0,30.0,constant,1.000000,,
distal,5.0,10.0,20.0,30.0,normal,0.000000,0.113883,0.071738
perpendicular,5.0,10.0,20.0,30.0,normal,0.000000,0.080888,0.055199
height,5.0,10.0,20.0,30.0,normal,0.000000,0.056859,0.035965
yaw,5.0,10.0,20.0,30.0,normal,0.000000,0.312987,0.100466
width,5.0,10.0,20.0,30.0,normal,0.000000,0.118622,0.088224
length,5.0,10.0,20.0,30.0,normal,0.000000,0.158192,0.108543
box_height,5.0,10.0,20.0,30.0,normal,0.000000,0.075459,0.051630
miss_detection,5.0,10.0,30.0,40.0,constant,1.000000,,
distal,5.0,10.0,30.0,40.0,normal,0.000000,0.113883,0.071738
perpendicular,5.0,10.0,30.0,40.0,normal,0.000000,0.080888,0.055199
height,5.0,10.0,30.0,40.0,normal,0.000000,0.056859,0.035965
yaw,5.0,10.0,30.0,40.0,normal,0.000000,0.312987,0.100466
width,5.0,10.0,30.0,40.0,normal,0.000000,0.118622,0.088224
length,5.0,10.0,30.0,40.0,normal,0.000000,0.158192,0.108543
box_height,5.0,10.0,30.0,40.0,normal,0.000000,0.075459,0.051630
miss_detection,5.0,10.0,40.0,50.0,constant,1.000000,,
distal,5.0,10.0,40.0,50.0,normal,0.000000,0.113883,0.071738
perpendicular,5.0,10.0,40.0,50.0,normal,0.000000,0.080888,0.055199
height,5.0,10.0,40.0,50.0,normal,0.000000,0.056859,0.035965
yaw,5.0,10.0,40.0,50.0,normal,0.000000,0.312987,0.100466
width,5.0,10.0,40.0,50.0,normal,0.000000,0.118622,0.088224
length,5.0,10.0,40.0,50.0,normal,0.000000,0.158192,0.108543
box_height,5.0,10.0,40.0,50.0,normal,0.000000,0.075459,0.051630
miss_detection,5.0,10.0,50.0,60.0,constant,1.000000,,
distal,5.0,10.0,50.0,60.0,normal,0.000000,0.113883,0.071738
perpendicular,5.0,10.0,50.0,60.0,normal,0.000000,0.080888,0.055199
height,5.0,10.0,50.0,60.0,normal,0.000000,0.056859,0.035965
yaw,5.0,10.0,50.0,60.0,normal,0.000000,0.312987,0.100466
width,5.0,10.0,50.0,60.0,normal,0.000000,0.118622,0.088224
length,5.0,10.0,50.0,60.0,normal,0.000000,0.158192,0.108543
box_height,5.0,10.0,50.0,60.0,normal,0.000000,0.075459,0.051630
miss_detection,5.0,10.0,60.0,70.0,constant,1.000000,,
distal,5.0,10.0,60.0,70.0,normal,0.000000,0.113883,0.071738
perpendicular,5.0,10.0,60.0,70.0,normal,0.000000,0.080888,0.055199
height,5.0,10.0,60.0,70.0,normal,0.000000,0.056859,0.035965
yaw,5.0,10.0,60.0,70.0,normal,0.000000,0.312987,0.100466
width,5.0,10.0,60.0,70.0,normal,0.000000,0.118622,0.088224
length,5.0,10.0,60.0,70.0,normal,0.000000,0.158192,0.108543
box_height,5.0,10.0,60.0,70.0,normal,0.000000,0.075459,0.051630
miss_detection,5.0,10.0,70.0,80.0,constant,1.000000,,
distal,5.0,10.0,70.0,80.0,normal,0.000000,0.113883,0.071738
perpendicular,5.0,10.0,70.0,80.0,normal,0.000000,0.080888,0.055199
height,5.0,10.0,70.0,80.0,normal,0.000000,0.056859,0.035965
yaw,5.0,10.0,70.0,80.0,normal,0.000000,0.312987,0.100466
width,5.0,10.0,70.0,80.0,normal,0.000000,0.118622,0.088224
length,5.0,10.0,70.0,80.0,normal,0.000000,0.158192,0.108543
box_height,5.0,10.0,70.0,80.0,normal,0.000000,0.075459,0.051630
miss_detection,5.0,10.0,80.0,90.0,constant,1.000000,,
distal,5.0,10.0,80.0,90.0,normal,0.000000,0.113883,0.071738
perpendicular,5.0,10.0,80.0,90.0,normal,0.000000,0.080888,0.055199
height,5.0,10.0,80.0,90.0,normal,0.000000,0.056859,0.035965
yaw,5.0,10.0,80.0,90.0,normal,0.000000,0.312987,0.100466
width,5.0,10.0,80.0,90.0,normal,0.000000,0.118622,0.088224
length,5.0,10.0,80.0,90.0,normal,0.000000,0.158192,0.108543
box_height,5.0,10.0,80.0,90.0,normal,0.000000,0.075459,0.051630
miss_detection,5.0,10.0,90.0,100.0,constant,1.000000,,
distal,5.0,10.0,90.0,100.0,normal,0.000000,0.113883,0.071738
perpendicular,5.0,10.0,90.0,100.0,normal,0.000000,0.080888,0.055199
height,5.0,10.0,90.0,100.0,normal,0.000000,0.056859,0.035965
yaw,5.0,10.0,90.0,100.0,normal,0.000000,0.312987,0.100466
width,5.0,10.0,90.0,100.0,normal,0.000000,0.118622,0.088224
length,5.0,10.0,90.0,100.0,normal,0.000000,0.158192,0.108543
box_height,5.0,10.0,90.0,100.0,normal,0.000000,0.075459,0.051630
miss_detection,5.0,10.0,100.0,110.0,constant,1.000000,,
distal,5.0,10.0,100.0,110.0,normal,0.000000,0.113883,0.071738
perpendicular,5.0,10.0,100.0,110.0,normal,0.000000,0.080888,0.055199
height,5.0,10.0,100.0,110.0,normal,0.000000,0.056859,0.035965
yaw,5.0,10.0,100.0,110.0,normal,0.000000,0.312987,0.100466
width,5.0,10.0,100.0,110.0,normal,0.000000,0.118622,0.088224
length,5.0,10.0,100.0,110.0,normal,0.000000,0.158192,0.108543
box_height,5.0,10.0,100.0,110.0,normal,0.000000,0.075459,0.051630
miss_detection,5.0,10.0,110.0,120.0,constant,1.000000,,
distal,5.0,10.0,110.0,120.0,normal,0.000000,0.113883,0.071738
perpendicular,5.0,10.0,110.0,120.0,normal,0.000000,0.080888,0.055199
height,5.0,10.0,110.0,120.0,normal,0.000000,0.056859,0.035965
yaw,5.0,10.0,110.0,120.0,normal,0.000000,0.312987,0.100466
width,5.0,10.0,110.0,120.0,normal,0.000000,0.118622,0.088224
length,5.0,10.0,110.0,120.0,normal,0.000000,0.158192,0.108543
box_height,5.0,10.0,110.0,120.0,normal,0.000000,0.075459,0.051630
miss_detection,5.0,10.0,120.0,130.0,constant,1.000000,,
distal,5.0,10.0,120.0,130.0,normal,0.000000,0.113883,0.071738
perpendicular,5.0,10.0,120.0,130.0,normal,0.000000,0.080888,0.055199
height,5.0,10.0,120.0,130.0,normal,0.000000,0.056859,0.035965
yaw,5.0,10.0,120.0,130.0,normal,0.000000,0.312987,0.100466
width,5.0,10.0,120.0,130.0,normal,0.000000,0.118622,0.088224
length,5.0,10.0,120.0,130.0,normal,0.000000,0.158192,0.108543
box_height,5.0,10.0,120.0,130.0,normal,0.000000,0.075459,0.051630
miss_detection,5.0,10.0,130.0,140.0,constant,1.000000,,
distal,5.0,10.0,130.0,140.0,normal,0.000000,0.113883,0.071738
perpendicular,5.0,10.0,130.0,140.0,normal,0.000000,0.080888,0.055199
height,5.0,10.0,130.0,140.0,normal,0.000000,0.056859,0.035965
yaw,5.0,10.0,130.0,140.0,normal,0.000000,0.312987,0.100466
width,5.0,10.0,130.0,140.0,normal,0.000000,0.118622,0.088224
length,5.0,10.0,130.0,140.0,normal,0.000000,0.158192,0.108543
box_height,5.0,10.0,130.0,140.0,normal,0.000000,0.075459,0.051630
miss_detection,5.0,10.0,140.0,150.0,constant,1.000000,,
distal,5.0,10.0,140.0,150.0,normal,0.000000,0.113883,0.071738
perpendicular,5.0,10.0,140.0,150.0,normal,0.000000,0.080888,0.055199
height,5.0,10.0,140.0,150.0,normal,0.000000,0.056859,0.035965
yaw,5.0,10.0,140.0,150.0,normal,0.000000,0.312987,0.100466
width,5.0,10.0,140.0,150.0,normal,0.000000,0.118622,0.088224
length,5.0,10.0,140.0,150.0,normal,0.000000,0.158192,0.108543
box_height,5.0,10.0,140.0,150.0,normal,0.000000,0.075459,0.051630
miss_detection,5.0,10.0,150.0,160.0,constant,1.000000,,
distal,5.0,10.0,150.0,160.0,normal,0.000000,0.113883,0.071738
perpendicular,5.0,10.0,150.0,160.0,normal,0.000000,0.080888,0.055199
height,5.0,10.0,150.0,160.0,normal,0.000000,0.056859,0.035965
yaw,5.0,10.0,150.0,160.0,normal,0.000000,0.312987,0.100466
width,5.0,10.0,150.0,160.0,normal,0.000000,0.118622,0.088224
length,5.0,10.0,150.0,160.0,normal,0.000000,0.158192,0.108543
box_height,5.0,10.0,150.0,160.0,normal,0.000000,0.075459,0.051630
miss_detection,5.0,10.0,160.0,170.0,constant,1.000000,,
distal,5.0,10.0,160.0,170.0,normal,0.000000,0.113883,0.071738
perpendicular,5.0,10.0,160.0,170.0,normal,0.000000,0.080888,0.055199
height,5.0,10.0,160.0,170.0,normal,0.000000,0.056859,0.035965
yaw,5.0,10.0,160.0,170.0,normal,0.000000,0.312987,0.100466
width,5.0,10.0,160.0,170.0,normal,0.000000,0.118622,0.088224
length,5.0,10.0,160.0,170.0,normal,0.000000,0.158192,0.108543
box_height,5.0,10.0,160.0,170.0,normal,0.000000,0.075459,0.051630
miss_detection,5.0,10.0,170.0,180.0,constant,1.000000,,
distal,5.0,10.0,170.0,180.0,normal,0.000000,0.113883,0.071738
perpendicular,5.0,10.0,170.0,180.0,normal,0.000000,0.080888,0.055199
height,5.0,10.0,170.0,180.0,normal,0.000000,0.056859,0.035965
yaw,5.0,10.0,170.0,180.0,normal,0.000000,0.312987,0.100466
width,5.0,10.0,170.0,180.0,normal,0.000000,0.118622,0.088224
length,5.0,10.0,170.0,180.0,normal,0.000000,0.158192,0.108543
box_height,5.0,10.0,170.0,180.0,normal,0.000000,0.075459,0.051630
miss_detection,10.0,15.0,-180.0,-170.0,constant,1.000000,,
distal,10.0,15.0,-180.0,-170.0,normal,0.000000,0.113883,0.071738
perpendicular,10.0,15.0,-180.0,-170.0,normal,0.000000,0.080888,0.055199
height,10.0,15.0,-180.0,-170.0,normal,0.000000,0.056859,0.035965
yaw,10.0,15.0,-180.0,-170.0,normal,0.000000,0.312987,0.100466
width,10.0,15.0,-180.0,-170.0,normal,0.000000,0.118622,0.088224
length,10.0,15.0,-180.0,-170.0,normal,0.000000,0.158192,0.108543
box_height,10.0,15.0,-180.0,-170.0,normal,0.000000,0.075459,0.051630
miss_detection,10.0,15.0,-170.0,-160.0,constant,1.000000,,
distal,10.0,15.0,-170.0,-160.0,normal,0.000000,0.113883,0.071738
perpendicular,10.0,15.0,-170.0,-160.0,normal,0.000000,0.080888,0.055199
height,10.0,15.0,-170.0,-160.0,normal,0.000000,0.056859,0.035965
yaw,10.0,15.0,-170.0,-160.0,normal,0.000000,0.312987,0.100466
width,10.0,15.0,-170.0,-160.0,normal,0.000000,0.118622,0.088224
length,10.0,15.0,-170.0,-160.0,normal,0.000000,0.158192,0.108543
box_height,10.0,15.0,-170.0,-160.0,normal,0.000000,0.075459,0.051630
miss_detection,10.0,15.0,-160.0,-150.0,constant,1.000000,,
distal,10.0,15.0,-160.0,-150.0,normal,0.000000,0.113883,0.071738
perpendicular,10.0,15.0,-160.0,-150.0,normal,0.000000,0.080888,0.055199
height,10.0,15.0,-160.0,-150.0,normal,0.000000,0.056859,0.035965
yaw,10.0,15.0,-160.0,-150.0,normal,0.000000,0.312987,0.100466
width,10.0,15.0,-160.0,-150.0,normal,0.000000,0.118622,0.088224
length,10.0,15.0,-160.0,-150.0,normal,0.000000,0.158192,0.108543
box_height,10.0,15.0,-160.0,-150.0,normal,0.000000,0.075459,0.051630
miss_detection,10.0,15.0,-150.0,-140.0,constant,1.000000,,
distal,10.0,15.0,-150.0,-140.0,normal,0.000000,0.113883,0.071738
perpendicular,10.0,15.0,-150.0,-140.0,normal,0.000000,0.080888,0.055199
height,10.0,15.0,-150.0,-140.0,normal,0.000000,0.056859,0.035965
yaw,10.0,15.0,-150.0,-140.0,normal,0.000000,0.312987,0.100466
width,10.0,15.0,-150.0,-140.0,normal,0.000000,0.118622,0.088224
length,10.0,15.0,-150.0,-140.0,normal,0.000000,0.158192,0.108543
box_height,10.0,15.0,-150.0,-140.0,normal,0.000000,0.075459,0.051630
miss_detection,10.0,15.0,-140.0,-130.0,constant,1.000000,,
distal,10.0,15.0,-140.0,-130.0,normal,0.000000,0.113883,0.071738
perpendicular,10.0,15.0,-140.0,-130.0,normal,0.000000,0.080888,0.055199
height,10.0,15.0,-140.0,-130.0,normal,0.000000,0.056859,0.035965
yaw,10.0,15.0,-140.0,-130.0,normal,0.000000,0.312987,0.100466
width,10.0,15.0,-140.0,-130.0,normal,0.000000,0.118622,0.088224
length,10.0,15.0,-140.0,-130.0,normal,0.000000,0.158192,0.108543
box_height,10.0,15.0,-140.0,-130.0,normal,0.000000,0.075459,0.051630
miss_detection,10.0,15.0,-130.0,-120.0,constant,1.000000,,
distal,10.0,15.0,-130.0,-120.0,normal,0.000000,0.113883,0.071738
perpendicular,10.0,15.0,-130.0,-120.0,normal,0.000000,0.080888,0.055199
height,10.0,15.0,-130.0,-120.0,normal,0.000000,0.056859,0.035965
yaw,10.0,15.0,-130.0,-120.0,normal,0.000000,0.312987,0.100466
width,10.0,15.0,-130.0,-120.0,normal,0.000000,0.118622,0.088224
length,10.0,15.0,-130.0,-120.0,normal,0.000000,0.158192,0.108543
box_height,10.0,15.0,-130.0,-120.0,normal,0.000000,0.075459,0.051630
miss_detection,10.0,15.0,-120.0,-110.0,constant,1.000000,,
distal,10.0,15.0,-120.0,-110.0,normal,0.000000,0.113883,0.071738
perpendicular,10.0,15.0,-120.0,-110.0,normal,0.000000,0.080888,0.055199
height,10.0,15.0,-120.0,-110.0,normal,0.000000,0.056859,0.035965
yaw,10.0,15.0,-120.0,-110.0,normal,0.000000,0.312987,0.100466
width,10.0,15.0,-120.0,-110.0,normal,0.000000,0.118622,0.088224
length,10.0,15.0,-120.0,-110.0,normal,0.000000,0.158192,0.108543
box_height,10.0,15.0,-120.0,-110.0,normal,0.000000,0.075459,0.051630
miss_detection,10.0,15.0,-110.0,-100.0,constant,1.000000,,
distal,10.0,15.0,-110.0,-100.0,normal,0.000000,0.113883,0.071738
perpendicular,10.0,15.0,-110.0,-100.0,normal,0.000000,0.080888,0.055199
height,10.0,15.0,-110.0,-100.0,normal,0.000000,0.056859,0.035965
yaw,10.0,15.0,-110.0,-100.0,normal,0.000000,0.312987,0.100466
width,10.0,15.0,-110.0,-100.0,normal,0.000000,0.118622,0.088224
length,10.0,15.0,-110.0,-100.0,normal,0.000000,0.158192,0.108543
box_height,10.0,15.0,-110.0,-100.0,normal,0.000000,0.075459,0.051630
miss_detection,10.0,15.0,-100.0,-90.0,constant,1.000000,,
distal,10.0,15.0,-100.0,-90.0,normal,0.000000,0.113883,0.071738
perpendicular,10.0,15.0,-100.0,-90.0,normal,0.000000,0.080888,0.055199
height,10.0,15.0,-100.0,-90.0,normal,0.000000,0.056859,0.035965
yaw,10.0,15.0,-100.0,-90.0,normal,0.000000,0.312987,0.100466
width,10.0,15.0,-100.0,-90.0,normal,0.000000,0.118622,0.088224
length,10.0,15.0,-100.0,-90.0,normal,0.000000,0.158192,0.108543
box_height,10.0,15.0,-100.0,-90.0,normal,0.000000,0.075459,0.051630
miss_detection,10.0,15.0,-90.0,-80.0,constant,1.000000,,
distal,10.0,15.0,-90.0,-80.0,normal,0.000000,0.113883,0.071738
perpendicular,10.0,15.0,-90.0,-80.0,normal,0.000000,0.080888,0.055199
height,10.0,15.0,-90.0,-80.0,normal,0.000000,0.056859,0.035965
yaw,10.0,15.0,-90.0,-80.0,normal,0.000000,0.312987,0.100466
width,10.0,15.0,-90.0,-80.0,normal,0.000000,0.118622,0.088224
length,10.0,15.0,-90.0,-80.0,normal,0.000000,0.158192,0.108543
box_height,10.0,15.0,-90.0,-80.0,normal,0.000000,0.075459,0.051630
miss_detection,10.0,15.0,-80.0,-70.0,constant,1.000000,,
distal,10.0,15.0,-80.0,-70.0,normal,0.000000,0.113883,0.071738
perpendicular,10.0,15.0,-80.0,-70.0,normal,0.000000,0.080888,0.055199
height,10.0,15.0,-80.0,-70.0,normal,0.000000,0.056859,0.035965
yaw,10.0,15.0,-80.0,-70.0,normal,0.000000,0.312987,0.100466
width,10.0,15.0,-80.0,-70.0,normal,0.000000,0.118622,0.088224
length,10.0,15.0,-80.0,-70.0,normal,0.000000,0.158192,0.108543
box_height,10.0,15.0,-80.0,-70.0,normal,0.000000,0.075459,0.051630
miss_detection,10.0,15.0,-70.0,-60.0,constant,1.000000,,
distal,10.0,15.0,-70.0,-60.0,normal,0.000000,0.113883,0.071738
perpendicular,10.0,15.0,-70.0,-60.0,normal,0.000000,0.080888,0.055199
height,10.0,15.0,-70.0,-60.0,normal,0.000000,0.056859,0.035965
yaw,10.0,15.0,-70.0,-60.0,normal,0.000000,0.312987,0.100466
width,10.0,15.0,-70.0,-60.0,normal,0.000000,0.118622,0.088224
length,10.0,15.0,-70.0,-60.0,normal,0.000000,0.158192,0.108543
box_height,10.0,15.0,-70.0,-60.0,normal,0.000000,0.075459,0.051630
miss_detection,10.0,15.0,-60.0,-50.0,constant,1.000000,,
distal,10.0,15.0,-60.0,-50.0,normal,0.000000,0.113883,0.071738
perpendicular,10.0,15.0,-60.0,-50.0,normal,0.000000,0.080888,0.055199
height,10.0,15.0,-60.0,-50.0,normal,0.000000,0.056859,0.035965
yaw,10.0,15.0,-60.0,-50.0,normal,0.000000,0.312987,0.100466
width,10.0,15.0,-60.0,-50.0,normal,0.000000,0.118622,0.088224
length,10.0,15.0,-60.0,-50.0,normal,0.000000,0.158192,0.108543
box_height,10.0,15.0,-60.0,-50.0,normal,0.000000,0.075459,0.051630
miss_detection,10.0,15.0,-50.0,-40.0,constant,1.000000,,
distal,10.0,15.0,-50.0,-40.0,normal,0.000000,0.113883,0.071738
perpendicular,10.0,15.0,-50.0,-40.0,normal,0.000000,0.080888,0.055199
height,10.0,15.0,-50.0,-40.0,normal,0.000000,0.056859,0.035965
yaw,10.0,15.0,-50.0,-40.0,normal,0.000000,0.312987,0.100466
width,10.0,15.0,-50.0,-40.0,normal,0.000000,0.118622,0.088224
length,10.0,15.0,-50.0,-40.0,normal,0.000000,0.158192,0.108543
box_height,10.0,15.0,-50.0,-40.0,normal,0.000000,0.075459,0.051630
miss_detection,10.0,15.0,-40.0,-30.0,constant,1.000000,,
distal,10.0,15.0,-40.0,-30.0,normal,0.000000,0.113883,0.071738
perpendicular,10.0,15.0,-40.0,-30.0,normal,0.000000,0.080888,0.055199
height,10.0,15.0,-40.0,-30.0,normal,0.000000,0.056859,0.035965
yaw,10.0,15.0,-40.0,-30.0,normal,0.000000,0.312987,0.100466
width,10.0,15.0,-40.0,-30.0,normal,0.000000,0.118622,0.088224
length,10.0,15.0,-40.0,-30.0,normal,0.000000,0.158192,0.108543
box_height,10.0,15.0,-40.0,-30.0,normal,0.000000,0.075459,0.051630
miss_detection,10.0,15.0,-30.0,-20.0,constant,0.798030,,
distal,10.0,15.0,-30.0,-20.0,normal,0.000000,0.177091,0.118646
perpendicular,10.0,15.0,-30.0,-20.0,normal,0.000000,0.119460,0.137876
height,10.0,15.0,-30.0,-20.0,normal,0.000000,0.030681,0.024523
yaw,10.0,15.0,-30.0,-20.0,normal,0.000000,0.037382,0.114436
width,10.0,15.0,-30.0,-20.0,normal,0.000000,0.088963,0.065050
length,10.0,15.0,-30.0,-20.0,normal,0.000000,0.091267,0.063856
box_height,10.0,15.0,-30.0,-20.0,normal,0.000000,0.027824,0.024003
miss_detection,10.0,15.0,-20.0,-10.0,constant,0.289093,,
distal,10.0,15.0,-20.0,-10.0,normal,0.000000,0.283562,0.177022
perpendicular,10.0,15.0,-20.0,-10.0,normal,0.000000,0.107969,0.089656
height,10.0,15.0,-20.0,-10.0,normal,0.000000,0.027693,0.022505
yaw,10.0,15.0,-20.0,-10.0,normal,0.000000,0.035059,0.113788
width,10.0,15.0,-20.0,-10.0,normal,0.000000,0.107694,0.084673
length,10.0,15.0,-20.0,-10.0,normal,0.000000,0.217326,0.150923
box_height,10.0,15.0,-20.0,-10.0,normal,0.000000,0.042286,0.031336
miss_detection,10.0,15.0,-10.0,0.0,constant,0.249536,,
distal,10.0,15.0,-10.0,0.0,normal,0.000000,0.249700,0.172043
perpendicular,10.0,15.0,-10.0,0.0,normal,0.000000,0.046769,0.041516
height,10.0,15.0,-10.0,0.0,normal,0.000000,0.034651,0.026458
yaw,10.0,15.0,-10.0,0.0,normal,0.000000,0.047231,0.104818
width,10.0,15.0,-10.0,0.0,normal,0.000000,0.075048,0.056903
length,10.0,15.0,-10.0,0.0,normal,0.000000,0.132351,0.094400
box_height,10.0,15.0,-10.0,0.0,normal,0.000000,0.069129,0.049320
miss_detection,10.0,15.0,0.0,10.0,constant,0.017192,,
distal,10.0,15.0,0.0,10.0,normal,0.000000,0.128142,0.080397
perpendicular,10.0,15.0,0.0,10.0,normal,0.000000,0.043033,0.033503
height,10.0,15.0,0.0,10.0,normal,0.000000,0.040949,0.021752
yaw,10.0,15.0,0.0,10.0,normal,0.000000,0.036357,0.110598
width,10.0,15.0,0.0,10.0,normal,0.000000,0.064014,0.056878
length,10.0,15.0,0.0,10.0,normal,0.000000,0.113916,0.080000
box_height,10.0,15.0,0.0,10.0,normal,0.000000,0.081228,0.040299
miss_detection,10.0,15.0,10.0,20.0,constant,0.680000,,
distal,10.0,15.0,10.0,20.0,normal,0.000000,0.120419,0.107891
perpendicular,10.0,15.0,10.0,20.0,normal,0.000000,0.050657,0.067178
height,10.0,15.0,10.0,20.0,normal,0.000000,0.038276,0.032394
yaw,10.0,15.0,10.0,20.0,normal,0.000000,0.072697,0.072154
width,10.0,15.0,10.0,20.0,normal,0.000000,0.070014,0.068724
length,10.0,15.0,10.0,20.0,normal,0.000000,0.174252,0.131863
box_height,10.0,15.0,10.0,20.0,normal,0.000000,0.095678,0.084344
miss_detection,10.0,15.0,20.0,30.0,constant,0.047431,,
distal,10.0,15.0,20.0,30.0,normal,0.000000,0.091764,0.058857
perpendicular,10.0,15.0,20.0,30.0,normal,0.000000,0.057490,0.051036
height,10.0,15.0,20.0,30.0,normal,0.000000,0.032921,0.026233
yaw,10.0,15.0,20.0,30.0,normal,0.000000,0.036050,0.103751
width,10.0,15.0,20.0,30.0,normal,0.000000,0.104642,0.079596
length,10.0,15.0,20.0,30.0,normal,0.000000,0.116787,0.090848
box_height,10.0,15.0,20.0,30.0,normal,0.000000,0.054582,0.040933
miss_detection,10.0,15.0,30.0,40.0,constant,1.000000,,
distal,10.0,15.0,30.0,40.0,normal,0.000000,0.113883,0.071738
perpendicular,10.0,15.0,30.0,40.0,normal,0.000000,0.080888,0.055199
height,10.0,15.0,30.0,40.0,normal,0.000000,0.056859,0.035965
yaw,10.0,15.0,30.0,40.0,normal,0.000000,0.312987,0.100466
width,10.0,15.0,30.0,40.0,normal,0.000000,0.118622,0.088224
length,10.0,15.0,30.0,40.0,normal,0.000000,0.158192,0.108543
box_height,10.0,15.0,30.0,40.0,normal,0.000000,0.075459,0.051630
miss_detection,10.0,15.0,40.0,50.0,constant,1.000000,,
distal,10.0,15.0,40.0,50.0,normal,0.000000,0.113883,0.071738
perpendicular,10.0,15.0,40.0,50.0,normal,0.000000,0.080888,0.055199
height,10.0,15.0,40.0,50.0,normal,0.000000,0.056859,0.035965
yaw,10.0,15.0,40.0,50.0,normal,0.000000,0.312987,0.100466
width,10.0,15.0,40.0,50.0,normal,0.000000,0.118622,0.088224
length,10.0,15.0,40.0,50.0,normal,0.000000,0.158192,0.108543
box_height,10.0,15.0,40.0,50.0,normal,0.000000,0.075459,0.051630
miss_detection,10.0,15.0,50.0,60.0,constant,1.000000,,
distal,10.0,15.0,50.0,60.0,normal,0.000000,0.113883,0.071738
perpendicular,10.0,15.0,50.0,60.0,normal,0.000000,0.080888,0.055199
height,10.0,15.0,50.0,60.0,normal,0.000000,0.056859,0.035965
yaw,10.0,15.0,50.0,60.0,normal,0.000000,0.312987,0.100466
width,10.0,15.0,50.0,60.0,normal,0.000000,0.118622,0.088224
length,10.0,15.0,50.0,60.0,normal,0.000000,0.158192,0.108543
box_height,10.0,15.0,50.0,60.0,normal,0.000000,0.075459,0.051630
miss_detection,10.0,15.0,60.0,70.0,constant,1.000000,,
distal,10.0,15.0,60.0,70.0,normal,0.000000,0.113883,0.071738
perpendicular,10.0,15.0,60.0,70.0,normal,0.000000,0.080888,0.055199
height,10.0,15.0,60.0,70.0,normal,0.000000,0.056859,0.035965
yaw,10.0,15.0,60.0,70.0,normal,0.000000,0.312987,0.100466
width,10.0,15.0,60.0,70.0,normal,0.000000,0.118622,0.088224
length,10.0,15.0,60.0,70.0,normal,0.000000,0.158192,0.108543
box_height,10.0,15.0,60.0,70.0,normal,0.000000,0.075459,0.051630
miss_detection,10.0,15.0,70.0,80.0,constant,1.000000,,
distal,10.0,15.0,70.0,80.0,normal,0.000000,0.113883,0.071738
perpendicular,10.0,15.0,70.0,80.0,normal,0.000000,0.080888,0.055199
height,10.0,15.0,70.0,80.0,normal,0.000000,0.056859,0.035965
yaw,10.0,15.0,70.0,80.0,normal,0.000000,0.312987,0.100466
width,10.0,15.0,70.0,80.0,normal,0.000000,0.118622,0.088224
length,10.0,15.0,70.0,80.0,normal,0.000000,0.158192,0.108543
box_height,10.0,15.0,70.0,80.0,normal,0.000000,0.075459,0.051630
miss_detection,10.0,15.0,80.0,90.0,constant,1.000000,,
distal,10.0,15.0,80.0,90.0,normal,0.000000,0.113883,0.071738
perpendicular,10.0,15.0,80.0,90.0,normal,0.000000,0.080888,0.055199
height,10.0,15.0,80.0,90.0,normal,0.000000,0.056859,0.035965
yaw,10.0,15.0,80.0,90.0,normal,0.000000,0.312987,0.100466
width,10.0,15.0,80.0,90.0,normal,0.000000,0.118622,0.088224
length,10.0,15.0,80.0,90.0,normal,0.000000,0.158192,0.108543
box_height,10.0,15.0,80.0,90.0,normal,0.000000,0.075459,0.051630
miss_detection,10.0,15.0,90.0,100.0,constant,1.000000,,
distal,10.0,15.0,90.0,100.0,normal,0.000000,0.113883,0.071738
perpendicular,10.0,15.0,90.0,100.0,normal,0.000000,0.080888,0.055199
height,10.0,15.0,90.0,100.0,normal,0.000000,0.056859,0.035965
yaw,10.0,15.0,90.0,100.0,normal,0.000000,0.312987,0.100466
width,10.0,15.0,90.0,100.0,normal,0.000000,0.118622,0.088224
length,10.0,15.0,90.0,100.0,normal,0.000000,0.158192,0.108543
box_height,10.0,15.0,90.0,100.0,normal,0.000000,0.075459,0.051630
miss_detection,10.0,15.0,100.0,110.0,constant,1.000000,,
distal,10.0,15.0,100.0,110.0,normal,0.000000,0.113883,0.071738
perpendicular,10.0,15.0,100.0,110.0,normal,0.000000,0.080888,0.055199
height,10.0,15.0,100.0,110.0,normal,0.000000,0.056859,0.035965
yaw,10.0,15.0,100.0,110.0,normal,0.000000,0.312987,0.100466
width,10.0,15.0,100.0,110.0,normal,0.000000,0.118622,0.088224
length,10.0,15.0,100.0,110.0,normal,0.000000,0.158192,0.108543
box_height,10.0,15.0,100.0,110.0,normal,0.000000,0.075459,0.051630
miss_detection,10.0,15.0,110.0,120.0,constant,1.000000,,
distal,10.0,15.0,110.0,120.0,normal,0.000000,0.113883,0.071738
perpendicular,10.0,15.0,110.0,120.0,normal,0.000000,0.080888,0.055199
height,10.0,15.0,110.0,120.0,normal,0.000000,0.056859,0.035965
yaw,10.0,15.0,110.0,120.0,normal,0.000000,0.312987,0.100466
width,10.0,15.0,110.0,120.0,normal,0.000000,0.118622,0.088224
length,10.0,15.0,110.0,120.0,normal,0.000000,0.158192,0.108543
box_height,10.0,15.0,110.0,120.0,normal,0.000000,0.075459,0.051630
miss_detection,10.0,15.0,120.0,130.0,constant,1.000000,,
distal,10.0,15.0,120.0,130.0,normal,0.000000,0.113883,0.071738
perpendicular,10.0,15.0,120.0,130.0,normal,0.000000,0.080888,0.055199
height,10.0,15.0,120.0,130.0,normal,0.000000,0.056859,0.035965
yaw,10.0,15.0,120.0,130.0,normal,0.000000,0.312987,0.100466
width,10.0,15.0,120.0,130.0,normal,0.000000,0.118622,0.088224
length,10.0,15.0,120.0,130.0,normal,0.000000,0.158192,0.108543
box_height,10.0,15.0,120.0,130.0,normal,0.000000,0.075459,0.051630
miss_detection,10.0,15.0,130.0,140.0,constant,1.000000,,
distal,10.0,15.0,130.0,140.0,normal,0.000000,0.113883,0.071738
perpendicular,10.0,15.0,130.0,140.0,normal,0.000000,0.080888,0.055199
height,10.0,15.0,130.0,140.0,normal,0.000000,0.056859,0.035965
yaw,10.0,15.0,130.0,140.0,normal,0.000000,0.312987,0.100466
width,10.0,15.0,130.0,140.0,normal,0.000000,0.118622,0.088224
length,10.0,15.0,130.0,140.0,normal,0.000000,0.158192,0.108543
box_height,10.0,15.0,130.0,140.0,normal,0.000000,0.075459,0.051630
miss_detection,10.0,15.0,140.0,150.0,constant,1.000000,,
distal,10.0,15.0,140.0,150.0,normal,0.000000,0.113883,0.071738
perpendicular,10.0,15.0,140.0,150.0,normal,0.000000,0.080888,0.055199
height,10.0,15.0,140.0,150.0,normal,0.000000,0.056859,0.035965
yaw,10.0,15.0,140.0,150.0,normal,0.000000,0.312987,0.100466
width,10.0,15.0,140.0,150.0,normal,0.000000,0.118622,0.088224
length,10.0,15.0,140.0,150.0,normal,0.000000,0.158192,0.108543
box_height,10.0,15.0,140.0,150.0,normal,0.000000,0.075459,0.051630
miss_detection,10.0,15.0,150.0,160.0,constant,1.000000,,
distal,10.0,15.0,150.0,160.0,normal,0.000000,0.113883,0.071738
perpendicular,10.0,15.0,150.0,160.0,normal,0.000000,0.080888,0.055199
height,10.0,15.0,150.0,160.0,normal,0.000000,0.056859,0.035965
yaw,10.0,15.0,150.0,160.0,normal,0.000000,0.312987,0.100466
width,10.0,15.0,150.0,160.0,normal,0.000000,0.118622,0.088224
length,10.0,15.0,150.0,160.0,normal,0.000000,0.158192,0.108543
box_height,10.0,15.0,150.0,160.0,normal,0.000000,0.075459,0.051630
miss_detection,10.0,15.0,160.0,170.0,constant,1.000000,,
distal,10.0,15.0,160.0,170.0,normal,0.000000,0.113883,0.071738
perpendicular,10.0,15.0,160.0,170.0,normal,0.000000,0.080888,0.055199
height,10.0,15.0,160.0,170.0,normal,0.000000,0.056859,0.035965
yaw,10.0,15.0,160.0,170.0,normal,0.000000,0.312987,0.100466
width,10.0,15.0,160.0,170.0,normal,0.000000,0.118622,0.088224
length,10.0,15.0,160.0,170.0,normal,0.000000,0.158192,0.108543
box_height,10.0,15.0,160.0,170.0,normal,0.000000,0.075459,0.051630
miss_detection,10.0,15.0,170.0,180.0,constant,1.000000,,
distal,10.0,15.0,170.0,180.0,normal,0.000000,0.113883,0.071738
perpendicular,10.0,15.0,170.0,180.0,normal,0.000000,0.080888,0.055199
height,10.0,15.0,170.0,180.0,normal,0.000000,0.056859,0.035965
yaw,10.0,15.0,170.0,180.0,normal,0.000000,0.312987,0.100466
width,10.0,15.0,170.0,180.0,normal,0.000000,0.118622,0.088224
length,10.0,15.0,170.0,180.0,normal,0.000000,0.158192,0.108543
box_height,10.0,15.0,170.0,180.0,normal,0.000000,0.075459,0.051630
miss_detection,15.0,20.0,-180.0,-170.0,constant,1.000000,,
distal,15.0,20.0,-180.0,-170.0,normal,0.000000,0.113883,0.071738
perpendicular,15.0,20.0,-180.0,-170.0,normal,0.000000,0.080888,0.055199
height,15.0,20.0,-180.0,-170.0,normal,0.000000,0.056859,0.035965
yaw,15.0,20.0,-180.0,-170.0,normal,0.000000,0.312987,0.100466
width,15.0,20.0,-180.0,-170.0,normal,0.000000,0.118622,0.088224
length,15.0,20.0,-180.0,-170.0,normal,0.000000,0.158192,0.108543
box_height,15.0,20.0,-180.0,-170.0,normal,0.000000,0.075459,0.051630
miss_detection,15.0,20.0,-170.0,-160.0,constant,1.000000,,
distal,15.0,20.0,-170.0,-160.0,normal,0.000000,0.113883,0.071738
perpendicular,15.0,20.0,-170.0,-160.0,normal,0.000000,0.080888,0.055199
height,15.0,20.0,-170.0,-160.0,normal,0.000000,0.056859,0.035965
yaw,15.0,20.0,-170.0,-160.0,normal,0.000000,0.312987,0.100466
width,15.0,20.0,-170.0,-160.0,normal,0.000000,0.118622,0.088224
length,15.0,20.0,-170.0,-160.0,normal,0.000000,0.158192,0.108543
box_height,15.0,20.0,-170.0,-160.0,normal,0.000000,0.075459,0.051630
miss_detection,15.0,20.0,-160.0,-150.0,constant,1.000000,,
distal,15.0,20.0,-160.0,-150.0,normal,0.000000,0.113883,0.071738
perpendicular,15.0,20.0,-160.0,-150.0,normal,0.000000,0.080888,0.055199
height,15.0,20.0,-160.0,-150.0,normal,0.000000,0.056859,0.035965
yaw,15.0,20.0,-160.0,-150.0,normal,0.000000,0.312987,0.100466
width,15.0,20.0,-160.0,-150.0,normal,0.000000,0.118622,0.088224
length,15.0,20.0,-160.0,-150.0,normal,0.000000,0.158192,0.108543
box_height,15.0,20.0,-160.0,-150.0,normal,0.000000,0.075459,0.051630
miss_detection,15.0,20.0,-150.0,-140.0,constant,1.000000,,
distal,15.0,20.0,-150.0,-140.0,normal,0.000000,0.113883,0.071738
perpendicular,15.0,20.0,-150.0,-140.0,normal,0.000000,0.080888,0.055199
height,15.0,20.0,-150.0,-140.0,normal,0.000000,0.056859,0.035965
yaw,15.0,20.0,-150.0,-140.0,normal,0.000000,0.312987,0.100466
width,15.0,20.0,-150.0,-140.0,normal,0.000000,0.118622,0.088224
length,15.0,20.0,-150.0,-140.0,normal,0.000000,0.158192,0.108543
box_height,15.0,20.0,-150.0,-140.0,normal,0.000000,0.075459,0.051630
miss_detection,15.0,20.0,-140.0,-130.0,constant,1.000000,,
distal,15.0,20.0,-140.0,-130.0,normal,0.000000,0.113883,0.071738
perpendicular,15.0,20.0,-140.0,-130.0,normal,0.000000,0.080888,0.055199
height,15.0,20.0,-140.0,-130.0,normal,0.000000,0.056859,0.035965
yaw,15.0,20.0,-140.0,-130.0,normal,0.000000,0.312987,0.100466
width,15.0,20.0,-140.0,-130.0,normal,0.000000,0.118622,0.088224
length,15.0,20.0,-140.0,-130.0,normal,0.000000,0.158192,0.108543
box_height,15.0,20.0,-140.0,-130.0,normal,0.000000,0.075459,0.051630
miss_detection,15.0,20.0,-130.0,-120.0,constant,1.000000,,
distal,15.0,20.0,-130.0,-120.0,normal,0.000000,0.113883,0.071738
perpendicular,15.0,20.0,-130.0,-120.0,normal,0.000000,0.080888,0.055199
height,15.0,20.0,-130.0,-120.0,normal,0.000000,0.056859,0.035965
yaw,15.0,20.0,-130.0,-120.0,normal,0.000000,0.312987,0.100466
width,15.0,20.0,-130.0,-120.0,normal,0.000000,0.118622,0.088224
length,15.0,20.0,-130.0,-120.0,normal,0.000000,0.158192,0.108543
box_height,15.0,20.0,-130.0,-120.0,normal,0.000000,0.075459,0.051630
miss_detection,15.0,20.0,-120.0,-110.0,constant,1.000000,,
distal,15.0,20.0,-120.0,-110.0,normal,0.000000,0.113883,0.071738
perpendicular,15.0,20.0,-120.0,-110.0,normal,0.000000,0.080888,0.055199
height,15.0,20.0,-120.0,-110.0,normal,0.000000,0.056859,0.035965
yaw,15.0,20.0,-120.0,-110.0,normal,0.000000,0.312987,0.100466
width,15.0,20.0,-120.0,-110.0,normal,0.000000,0.118622,0.088224
length,15.0,20.0,-120.0,-110.0,normal,0.000000,0.158192,0.108543
box_height,15.0,20.0,-120.0,-110.0,normal,0.000000,0.075459,0.051630
miss_detection,15.0,20.0,-110.0,-100.0,constant,1.000000,,
distal,15.0,20.0,-110.0,-100.0,normal,0.000000,0.113883,0.071738
perpendicular,15.0,20.0,-110.0,-100.0,normal,0.000000,0.080888,0.055199
height,15.0,20.0,-110.0,-100.0,normal,0.000000,0.056859,0.035965
yaw,15.0,20.0,-110.0,-100.0,normal,0.000000,0.312987,0.100466
width,15.0,20.0,-110.0,-100.0,normal,0.000000,0.118622,0.088224
length,15.0,20.0,-110.0,-100.0,normal,0.000000,0.158192,0.108543
box_height,15.0,20.0,-110.0,-100.0,normal,0.000000,0.075459,0.051630
miss_detection,15.0,20.0,-100.0,-90.0,constant,1.000000,,
distal,15.0,20.0,-100.0,-90.0,normal,0.000000,0.113883,0.071738
perpendicular,15.0,20.0,-100.0,-90.0,normal,0.000000,0.080888,0.055199
height,15.0,20.0,-100.0,-90.0,normal,0.000000,0.056859,0.035965
yaw,15.0,20.0,-100.0,-90.0,normal,0.000000,0.312987,0.100466
width,15.0,20.0,-100.0,-90.0,normal,0.000000,0.118622,0.088224
length,15.0,20.0,-100.0,-90.0,normal,0.000000,0.158192,0.108543
box_height,15.0,20.0,-100.0,-90.0,normal,0.000000,0.075459,0.051630
miss_detection,15.0,20.0,-90.0,-80.0,constant,1.000000,,
distal,15.0,20.0,-90.0,-80.0,normal,0.000000,0.113883,0.071738
perpendicular,15.0,20.0,-90.0,-80.0,normal,0.000000,0.080888,0.055199
height,15.0,20.0,-90.0,-80.0,normal,0.000000,0.056859,0.035965
yaw,15.0,20.0,-90.0,-80.0,normal,0.000000,0.312987,0.100466
width,15.0,20.0,-90.0,-80.0,normal,0.000000,0.118622,0.088224
length,15.0,20.0,-90.0,-80.0,normal,0.000000,0.158192,0.108543
box_height,15.0,20.0,-90.0,-80.0,normal,0.000000,0.075459,0.051630
miss_detection,15.0,20.0,-80.0,-70.0,constant,1.000000,,
distal,15.0,20.0,-80.0,-70.0,normal,0.000000,0.113883,0.071738
perpendicular,15.0,20.0,-80.0,-70.0,normal,0.000000,0.080888,0.055199
height,15.0,20.0,-80.0,-70.0,normal,0.000000,0.056859,0.035965
yaw,15.0,20.0,-80.0,-70.0,normal,0.000000,0.312987,0.100466
width,15.0,20.0,-80.0,-70.0,normal,0.000000,0.118622,0.088224
length,15.0,20.0,-80.0,-70.0,normal,0.000000,0.158192,0.108543
box_height,15.0,20.0,-80.0,-70.0,normal,0.000000,0.075459,0.051630
miss_detection,15.0,20.0,-70.0,-60.0,constant,1.000000,,
distal,15.0,20.0,-70.0,-60.0,normal,0.000000,0.113883,0.071738
perpendicular,15.0,20.0,-70.0,-60.0,normal,0.000000,0.080888,0.055199
height,15.0,20.0,-70.0,-60.0,normal,0.000000,0.056859,0.035965
yaw,15.0,20.0,-70.0,-60.0,normal,0.000000,0.312987,0.100466
width,15.0,20.0,-70.0,-60.0,normal,0.000000,0.118622,0.088224
length,15.0,20.0,-70.0,-60.0,normal,0.000000,0.158192,0.108543
box_height,15.0,20.0,-70.0,-60.0,normal,0.000000,0.075459,0.051630
miss_detection,15.0,20.0,-60.0,-50.0,constant,1.000000,,
distal,15.0,20.0,-60.0,-50.0,normal,0.000000,0.113883,0.071738
perpendicular,15.0,20.0,-60.0,-50.0,normal,0.000000,0.080888,0.055199
height,15.0,20.0,-60.0,-50.0,normal,0.000000,0.056859,0.035965
yaw,15.0,20.0,-60.0,-50.0,normal,0.000000,0.312987,0.100466
width,15.0,20.0,-60.0,-50.0,normal,0.000000,0.118622,0.088224
length,15.0,20.0,-60.0,-50.0,normal,0.000000,0.158192,0.108543
box_height,15.0,20.0,-60.0,-50.0,normal,0.000000,0.075459,0.051630
miss_detection,15.0,20.0,-50.0,-40.0,constant,1.000000,,
distal,15.0,20.0,-50.0,-40.0,normal,0.000000,0.113883,0.071738
perpendicular,15.0,20.0,-50.0,-40.0,normal,0.000000,0.080888,0.055199
height,15.0,20.0,-50.0,-40.0,normal,0.000000,0.056859,0.035965
yaw,15.0,20.0,-50.0,-40.0,normal,0.000000,0.312987,0.100466
width,15.0,20.0,-50.0,-40.0,normal,0.000000,0.118622,0.088224
length,15.0,20.0,-50.0,-40.0,normal,0.000000,0.158192,0.108543
box_height,15.0,20.0,-50.0,-40.0,normal,0.000000,0.075459,0.051630
miss_detection,15.0,20.0,-40.0,-30.0,constant,1.000000,,
distal,15.0,20.0,-40.0,-30.0,normal,0.000000,0.113883,0.071738
perpendicular,15.0,20.0,-40.0,-30.0,normal,0.000000,0.080888,0.055199
height,15.0,20.0,-40.0,-30.0,normal,0.000000,0.056859,0.035965
yaw,15.0,20.0,-40.0,-30.0,normal,0.000000,0.312987,0.100466
width,15.0,20.0,-40.0,-30.0,normal,0.000000,0.118622,0.088224
length,15.0,20.0,-40.0,-30.0,normal,0.000000,0.158192,0.108543
box_height,15.0,20.0,-40.0,-30.0,normal,0.000000,0.075459,0.051630
miss_detection,15.0,20.0,-30.0,-20.0,constant,0.391960,,
distal,15.0,20.0,-30.0,-20.0,normal,0.000000,0.050040,0.038518
perpendicular,15.0,20.0,-30.0,-20.0,normal,0.000000,0.034972,0.026848
height,15.0,20.0,-30.0,-20.0,normal,0.000000,0.025378,0.019263
yaw,15.0,20.0,-30.0,-20.0,normal,0.000000,0.033548,0.107638
width,15.0,20.0,-30.0,-20.0,normal,0.000000,0.063841,0.049233
length,15.0,20.0,-30.0,-20.0,normal,0.000000,0.095204,0.088413
box_height,15.0,20.0,-30.0,-20.0,normal,0.000000,0.040489,0.041829
miss_detection,15.0,20.0,-20.0,-10.0,constant,0.170642,,
distal,15.0,20.0,-20.0,-10.0,normal,0.000000,0.127169,0.101258
perpendicular,15.0,20.0,-20.0,-10.0,normal,0.000000,0.053746,0.045324
height,15.0,20.0,-20.0,-10.0,normal,0.000000,0.023899,0.022777
yaw,15.0,20.0,-20.0,-10.0,normal,0.000000,0.047275,0.106979
width,15.0,20.0,-20.0,-10.0,normal,0.000000,0.099810,0.079252
length,15.0,20.0,-20.0,-10.0,normal,0.000000,0.152221,0.127148
box_height,15.0,20.0,-20.0,-10.0,normal,0.000000,0.050841,0.038574
miss_detection,15.0,20.0,-10.0,0.0,constant,0.000000,,
distal,15.0,20.0,-10.0,0.0,normal,0.000000,0.120252,0.108309
perpendicular,15.0,20.0,-10.0,0.0,normal,0.000000,0.047833,0.038198
height,15.0,20.0,-10.0,0.0,normal,0.000000,0.032532,0.026820
yaw,15.0,20.0,-10.0,0.0,normal,0.000000,0.061086,0.075678
width,15.0,20.0,-10.0,0.0,normal,0.000000,0.088055,0.067809
length,15.0,20.0,-10.0,0.0,normal,0.000000,0.153796,0.104386
box_height,15.0,20.0,-10.0,0.0,normal,0.000000,0.060049,0.046178
miss_detection,15.0,20.0,0.0,10.0,constant,0.000000,,
distal,15.0,20.0,0.0,10.0,normal,0.000000,0.081901,0.060053
perpendicular,15.0,20.0,0.0,10.0,normal,0.000000,0.042720,0.033362
height,15.0,20.0,0.0,10.0,normal,0.000000,0.027954,0.024245
yaw,15.0,20.0,0.0,10.0,normal,0.000000,0.037777,0.101984
width,15.0,20.0,0.0,10.0,normal,0.000000,0.075546,0.060475
length,15.0,20.0,0.0,10.0,normal,0.000000,0.158094,0.130791
box_height,15.0,20.0,0.0,10.0,normal,0.000000,0.041938,0.032706
miss_detection,15.0,20.0,10.0,20.0,constant,0.287958,,
distal,15.0,20.0,10.0,20.0,normal,0.000000,0.059373,0.040380
perpendicular,15.0,20.0,10.0,20.0,normal,0.000000,0.039658,0.033112
height,15.0,20.0,10.0,20.0,normal,0.000000,0.023896,0.015021
yaw,15.0,20.0,10.0,20.0,normal,0.000000,0.029425,0.082673
width,15.0,20.0,10.0,20.0,normal,0.000000,0.078104,0.056595
length,15.0,20.0,10.0,20.0,normal,0.000000,0.122915,0.084276
box_height,15.0,20.0,10.0,20.0,normal,0.000000,0.034381,0.026393
miss_detection,15.0,20.0,20.0,30.0,constant,0.500000,,
distal,15.0,20.0,20.0,30.0,normal,0.000000,0.192795,0.214453
perpendicular,15.0,20.0,20.0,30.0,normal,0.000000,0.105520,0.077572
height,15.0,20.0,20.0,30.0,normal,0.000000,0.070604,0.055650
yaw,15.0,20.0,20.0,30.0,normal,0.000000,0.035169,0.043496
width,15.0,20.0,20.0,30.0,normal,0.000000,0.148475,0.142509
length,15.0,20.0,20.0,30.0,normal,0.000000,0.197286,0.181487
box_height,15.0,20.0,20.0,30.0,normal,0.000000,0.060582,0.055736
miss_detection,15.0,20.0,30.0,40.0,constant,1.000000,,
distal,15.0,20.0,30.0,40.0,normal,0.000000,0.113883,0.071738
perpendicular,15.0,20.0,30.0,40.0,normal,0.000000,0.080888,0.055199
height,15.0,20.0,30.0,40.0,normal,0.000000,0.056859,0.035965
yaw,15.0,20.0,30.0,40.0,normal,0.000000,0.312987,0.100466
width,15.0,20.0,30.0,40.0,normal,0.000000,0.118622,0.088224
length,15.0,20.0,30.0,40.0,normal,0.000000,0.158192,0.108543
box_height,15.0,20.0,30.0,40.0,normal,0.000000,0.075459,0.051630
miss_detection,15.0,20.0,40.0,50.0,constant,1.000000,,
distal,15.0,20.0,40.0,50.0,normal,0.000000,0.113883,0.071738
perpendicular,15.0,20.0,40.0,50.0,normal,0.000000,0.080888,0.055199
height,15.0,20.0,40.0,50.0,normal,0.000000,0.056859,0.035965
yaw,15.0,20.0,40.0,50.0,normal,0.000000,0.312987,0.100466
width,15.0,20.0,40.0,50.0,normal,0.000000,0.118622,0.088224
length,15.0,20.0,40.0,50.0,normal,0.000000,0.158192,0.108543
box_height,15.0,20.0,40.0,50.0,normal,0.000000,0.075459,0.051630
miss_detection,15.0,20.0,50.0,60.0,constant,1.000000,,
distal,15.0,20.0,50.0,60.0,normal,0.000000,0.113883,0.071738
perpendicular,15.0,20.0,50.0,60.0,normal,0.000000,0.080888,0.055199
height,15.0,20.0,50.0,60.0,normal,0.000000,0.056859,0.035965
yaw,15.0,20.0,50.0,60.0,normal,0.000000,0.312987,0.100466
width,15.0,20.0,50.0,60.0,normal,0.000000,0.118622,0.088224
length,15.0,20.0,50.0,60.0,normal,0.000000,0.158192,0.108543
box_height,15.0,20.0,50.0,60.0,normal,0.000000,0.075459,0.051630
miss_detection,15.0,20.0,60.0,70.0,constant,1.000000,,
distal,15.0,20.0,60.0,70.0,normal,0.000000,0.113883,0.071738
perpendicular,15.0,20.0,60.0,70.0,normal,0.000000,0.080888,0.055199
height,15.0,20.0,60.0,70.0,normal,0.000000,0.056859,0.035965
yaw,15.0,20.0,60.0,70.0,normal,0.000000,0.312987,0.100466
width,15.0,20.0,60.0,70.0,normal,0.000000,0.118622,0.088224
length,15.0,20.0,60.0,70.0,normal,0.000000,0.158192,0.108543
box_height,15.0,20.0,60.0,70.0,normal,0.000000,0.075459,0.051630
miss_detection,15.0,20.0,70.0,80.0,constant,1.000000,,
distal,15.0,20.0,70.0,80.0,normal,0.000000,0.113883,0.071738
perpendicular,15.0,20.0,70.0,80.0,normal,0.000000,0.080888,0.055199
height,15.0,20.0,70.0,80.0,normal,0.000000,0.056859,0.035965
yaw,15.0,20.0,70.0,80.0,normal,0.000000,0.312987,0.100466
width,15.0,20.0,70.0,80.0,normal,0.000000,0.118622,0.088224
length,15.0,20.0,70.0,80.0,normal,0.000000,0.158192,0.108543
box_height,15.0,20.0,70.0,80.0,normal,0.000000,0.075459,0.051630
miss_detection,15.0,20.0,80.0,90.0,constant,1.000000,,
distal,15.0,20.0,80.0,90.0,normal,0.000000,0.113883,0.071738
perpendicular,15.0,20.0,80.0,90.0,normal,0.000000,0.080888,0.055199
height,15.0,20.0,80.0,90.0,normal,0.000000,0.056859,0.035965
yaw,15.0,20.0,80.0,90.0,normal,0.000000,0.312987,0.100466
width,15.0,20.0,80.0,90.0,normal,0.000000,0.118622,0.088224
length,15.0,20.0,80.0,90.0,normal,0.000000,0.158192,0.108543
box_height,15.0,20.0,80.0,90.0,normal,0.000000,0.075459,0.051630
miss_detection,15.0,20.0,90.0,100.0,constant,1.000000,,
distal,15.0,20.0,90.0,100.0,normal,0.000000,0.113883,0.071738
perpendicular,15.0,20.0,90.0,100.0,normal,0.000000,0.080888,0.055199
height,15.0,20.0,90.0,100.0,normal,0.000000,0.056859,0.035965
yaw,15.0,20.0,90.0,100.0,normal,0.000000,0.312987,0.100466
width,15.0,20.0,90.0,100.0,normal,0.000000,0.118622,0.088224
length,15.0,20.0,90.0,100.0,normal,0.000000,0.158192,0.108543
box_height,15.0,20.0,90.0,100.0,normal,0.000000,0.075459,0.051630
miss_detection,15.0,20.0,100.0,110.0,constant,1.000000,,
distal,15.0,20.0,100.0,110.0,normal,0.000000,0.113883,0.071738
perpendicular,15.0,20.0,100.0,110.0,normal,0.000000,0.080888,0.055199
height,15.0,20.0,100.0,110.0,normal,0.000000,0.056859,0.035965
yaw,15.0,20.0,100.0,110.0,normal,0.000000,0.312987,0.100466
width,15.0,20.0,100.0,110.0,normal,0.000000,0.118622,0.088224
length,15.0,20.0,100.0,110.0,normal,0.000000,0.158192,0.108543
box_height,15.0,20.0,100.0,110.0,normal,0.000000,0.075459,0.051630
miss_detection,15.0,20.0,110.0,120.0,constant,1.000000,,
distal,15.0,20.0,110.0,120.0,normal,0.000000,0.113883,0.071738
perpendicular,15.0,20.0,110.0,120.0,normal,0.000000,0.080888,0.055199
height,15.0,20.0,110.0,120.0,normal,0.000000,0.056859,0.035965
yaw,15.0,20.0,110.0,120.0,normal,0.000000,0.312987,0.100466
width,15.0,20.0,110.0,120.0,normal,0.000000,0.118622,0.088224
length,15.0,20.0,110.0,120.0,normal,0.000000,0.158192,0.108543
box_height,15.0,20.0,110.0,120.0,normal,0.000000,0.075459,0.051630
miss_detection,15.0,20.0,120.0,130.0,constant,1.000000,,
distal,15.0,20.0,120.0,130.0,normal,0.000000,0.113883,0.071738
perpendicular,15.0,20.0,120.0,130.0,normal,0.000000,0.080888,0.055199
height,15.0,20.0,120.0,130.0,normal,0.000000,0.056859,0.035965
yaw,15.0,20.0,120.0,130.0,normal,0.000000,0.312987,0.100466
width,15.0,20.0,120.0,130.0,normal,0.000000,0.118622,0.088224
length,15.0,20.0,120.0,130.0,normal,0.000000,0.158192,0.108543
box_height,15.0,20.0,120.0,130.0,normal,0.000000,0.075459,0.051630
miss_detection,15.0,20.0,130.0,140.0,constant,1.000000,,
distal,15.0,20.0,130.0,140.0,normal,0.000000,0.113883,0.071738
perpendicular,15.0,20.0,130.0,140.0,normal,0.000000,0.080888,0.055199
height,15.0,20.0,130.0,140.0,normal,0.000000,0.056859,0.035965
yaw,15.0,20.0,130.0,140.0,normal,0.000000,0.312987,0.100466
width,15.0,20.0,130.0,140.0,normal,0.000000,0.118622,0.088224
length,15.0,20.0,130.0,140.0,normal,0.000000,0.158192,0.108543
box_height,15.0,20.0,130.0,140.0,normal,0.000000,0.075459,0.051630
miss_detection,15.0,20.0,140.0,150.0,constant,1.000000,,
distal,15.0,20.0,140.0,150.0,normal,0.000000,0.113883,0.071738
perpendicular,15.0,20.0,140.0,150.0,normal,0.000000,0.080888,0.055199
height,15.0,20.0,140.0,150.0,normal,0.000000,0.056859,0.035965
yaw,15.0,20.0,140.0,150.0,normal,0.000000,0.312987,0.100466
width,15.0,20.0,140.0,150.0,normal,0.000000,0.118622,0.088224
length,15.0,20.0,140.0,150.0,normal,0.000000,0.158192,0.108543
box_height,15.0,20.0,140.0,150.0,normal,0.000000,0.075459,0.051630
miss_detection,15.0,20.0,150.0,160.0,constant,1.000000,,
distal,15.0,20.0,150.0,160.0,normal,0.000000,0.113883,0.071738
perpendicular,15.0,20.0,150.0,160.0,normal,0.000000,0.080888,0.055199
height,15.0,20.0,150.0,160.0,normal,0.000000,0.056859,0.035965
yaw,15.0,20.0,150.0,160.0,normal,0.000000,0.312987,0.100466
width,15.0,20.0,150.0,160.0,normal,0.000000,0.118622,0.088224
length,15.0,20.0,150.0,160.0,normal,0.000000,0.158192,0.108543
box_height,15.0,20.0,150.0,160.0,normal,0.000000,0.075459,0.051630
miss_detection,15.0,20.0,160.0,170.0,constant,1.000000,,
distal,15.0,20.0,160.0,170.0,normal,0.000000,0.113883,0.071738
perpendicular,15.0,20.0,160.0,170.0,normal,0.000000,0.080888,0.055199
height,15.0,20.0,160.0,170.0,normal,0.000000,0.056859,0.035965
yaw,15.0,20.0,160.0,170.0,normal,0.000000,0.312987,0.100466
width,15.0,20.0,160.0,170.0,normal,0.000000,0.118622,0.088224
length,15.0,20.0,160.0,170.0,normal,0.000000,0.158192,0.108543
box_height,15.0,20.0,160.0,170.0,normal,0.000000,0.075459,0.051630
miss_detection,15.0,20.0,170.0,180.0,constant,1.000000,,
distal,15.0,20.0,170.0,180.0,normal,0.000000,0.113883,0.071738
perpendicular,15.0,20.0,170.0,180.0,normal,0.000000,0.080888,0.055199
height,15.0,20.0,170.0,180.0,normal,0.000000,0.056859,0.035965
yaw,15.0,20.0,170.0,180.0,normal,0.000000,0.312987,0.100466
width,15.0,20.0,170.0,180.0,normal,0.000000,0.118622,0.088224
length,15.0,20.0,170.0,180.0,normal,0.000000,0.158192,0.108543
box_height,15.0,20.0,170.0,180.0,normal,0.000000,0.075459,0.051630
miss_detection,20.0,25.0,-180.0,-170.0,constant,1.000000,,
distal,20.0,25.0,-180.0,-170.0,normal,0.000000,0.113883,0.071738
perpendicular,20.0,25.0,-180.0,-170.0,normal,0.000000,0.080888,0.055199
height,20.0,25.0,-180.0,-170.0,normal,0.000000,0.056859,0.035965
yaw,20.0,25.0,-180.0,-170.0,normal,0.000000,0.312987,0.100466
width,20.0,25.0,-180.0,-170.0,normal,0.000000,0.118622,0.088224
length,20.0,25.0,-180.0,-170.0,normal,0.000000,0.158192,0.108543
box_height,20.0,25.0,-180.0,-170.0,normal,0.000000,0.075459,0.051630
miss_detection,20.0,25.0,-170.0,-160.0,constant,1.000000,,
distal,20.0,25.0,-170.0,-160.0,normal,0.000000,0.113883,0.071738
perpendicular,20.0,25.0,-170.0,-160.0,normal,0.000000,0.080888,0.055199
height,20.0,25.0,-170.0,-160.0,normal,0.000000,0.056859,0.035965
yaw,20.0,25.0,-170.0,-160.0,normal,0.000000,0.312987,0.100466
width,20.0,25.0,-170.0,-160.0,normal,0.000000,0.118622,0.088224
length,20.0,25.0,-170.0,-160.0,normal,0.000000,0.158192,0.108543
box_height,20.0,25.0,-170.0,-160.0,normal,0.000000,0.075459,0.051630
miss_detection,20.0,25.0,-160.0,-150.0,constant,1.000000,,
distal,20.0,25.0,-160.0,-150.0,normal,0.000000,0.113883,0.071738
perpendicular,20.0,25.0,-160.0,-150.0,normal,0.000000,0.080888,0.055199
height,20.0,25.0,-160.0,-150.0,normal,0.000000,0.056859,0.035965
yaw,20.0,25.0,-160.0,-150.0,normal,0.000000,0.312987,0.100466
width,20.0,25.0,-160.0,-150.0,normal,0.000000,0.118622,0.088224
length,20.0,25.0,-160.0,-150.0,normal,0.000000,0.158192,0.108543
box_height,20.0,25.0,-160.0,-150.0,normal,0.000000,0.075459,0.051630
miss_detection,20.0,25.0,-150.0,-140.0,constant,1.000000,,
distal,20.0,25.0,-150.0,-140.0,normal,0.000000,0.113883,0.071738
perpendicular,20.0,25.0,-150.0,-140.0,normal,0.000000,0.080888,0.055199
height,20.0,25.0,-150.0,-140.0,normal,0.000000,0.056859,0.035965
yaw,20.0,25.0,-150.0,-140.0,normal,0.000000,0.312987,0.100466
width,20.0,25.0,-150.0,-140.0,normal,0.000000,0.118622,0.088224
length,20.0,25.0,-150.0,-140.0,normal,0.000000,0.158192,0.108543
box_height,20.0,25.0,-150.0,-140.0,normal,0.000000,0.075459,0.051630
miss_detection,20.0,25.0,-140.0,-130.0,constant,1.000000,,
distal,20.0,25.0,-140.0,-130.0,normal,0.000000,0.113883,0.071738
perpendicular,20.0,25.0,-140.0,-130.0,normal,0.000000,0.080888,0.055199
height,20.0,25.0,-140.0,-130.0,normal,0.000000,0.056859,0.035965
yaw,20.0,25.0,-140.0,-130.0,normal,0.000000,0.312987,0.100466
width,20.0,25.0,-140.0,-130.0,normal,0.000000,0.118622,0.088224
length,20.0,25.0,-140.0,-130.0,normal,0.000000,0.158192,0.108543
box_height,20.0,25.0,-140.0,-130.0,normal,0.000000,0.075459,0.051630
miss_detection,20.0,25.0,-130.0,-120.0,constant,1.000000,,
distal,20.0,25.0,-130.0,-120.0,normal,0.000000,0.113883,0.071738
perpendicular,20.0,25.0,-130.0,-120.0,normal,0.000000,0.080888,0.055199
height,20.0,25.0,-130.0,-120.0,normal,0.000000,0.056859,0.035965
yaw,20.0,25.0,-130.0,-120.0,normal,0.000000,0.312987,0.100466
width,20.0,25.0,-130.0,-120.0,normal,0.000000,0.118622,0.088224
length,20.0,25.0,-130.0,-120.0,normal,0.000000,0.158192,0.108543
box_height,20.0,25.0,-130.0,-120.0,normal,0.000000,0.075459,0.051630
miss_detection,20.0,25.0,-120.0,-110.0,constant,1.000000,,
distal,20.0,25.0,-120.0,-110.0,normal,0.000000,0.113883,0.071738
perpendicular,20.0,25.0,-120.0,-110.0,normal,0.000000,0.080888,0.055199
height,20.0,25.0,-120.0,-110.0,normal,0.000000,0.056859,0.035965
yaw,20.0,25.0,-120.0,-110.0,normal,0.000000,0.312987,0.100466
width,20.0,25.0,-120.0,-110.0,normal,0.000000,0.118622,0.088224
length,20.0,25.0,-120.0,-110.0,normal,0.000000,0.158192,0.108543
box_height,20.0,25.0,-120.0,-110.0,normal,0.000000,0.075459,0.051630
miss_detection,20.0,25.0,-110.0,-100.0,constant,1.000000,,
distal,20.0,25.0,-110.0,-100.0,normal,0.000000,0.113883,0.071738
perpendicular,20.0,25.0,-110.0,-100.0,normal,0.000000,0.080888,0.055199
height,20.0,25.0,-110.0,-100.0,normal,0.000000,0.056859,0.035965
yaw,20.0,25.0,-110.0,-100.0,normal,0.000000,0.312987,0.100466
width,20.0,25.0,-110.0,-100.0,normal,0.000000,0.118622,0.088224
length,20.0,25.0,-110.0,-100.0,normal,0.000000,0.158192,0.108543
box_height,20.0,25.0,-110.0,-100.0,normal,0.000000,0.075459,0.051630
miss_detection,20.0,25.0,-100.0,-90.0,constant,1.000000,,
distal,20.0,25.0,-100.0,-90.0,normal,0.000000,0.113883,0.071738
perpendicular,20.0,25.0,-100.0,-90.0,normal,0.000000,0.080888,0.055199
height,20.0,25.0,-100.0,-90.0,normal,0.000000,0.056859,0.035965
yaw,20.0,25.0,-100.0,-90.0,normal,0.000000,0.312987,0.100466
width,20.0,25.0,-100.0,-90.0,normal,0.000000,0.118622,0.088224
length,20.0,25.0,-100.0,-90.0,normal,0.000000,0.158192,0.108543
box_height,20.0,25.0,-100.0,-90.0,normal,0.000000,0.075459,0.051630
miss_detection,20.0,25.0,-90.0,-80.0,constant,1.000000,,
distal,20.0,25.0,-90.0,-80.0,normal,0.000000,0.113883,0.071738
perpendicular,20.0,25.0,-90.0,-80.0,normal,0.000000,0.080888,0.055199
height,20.0,25.0,-90.0,-80.0,normal,0.000000,0.056859,0.035965
yaw,20.0,25.0,-90.0,-80.0,normal,0.000000,0.312987,0.100466
width,20.0,25.0,-90.0,-80.0,normal,0.000000,0.118622,0.088224
length,20.0,25.0,-90.0,-80.0,normal,0.000000,0.158192,0.108543
box_height,20.0,25.0,-90.0,-80.0,normal,0.000000,0.075459,0.051630
miss_detection,20.0,25.0,-80.0,-70.0,constant,1.000000,,
distal,20.0,25.0,-80.0,-70.0,normal,0.000000,0.113883,0.071738
perpendicular,20.0,25.0,-80.0,-70.0,normal,0.000000,0.080888,0.055199
height,20.0,25.0,-80.0,-70.0,normal,0.000000,0.056859,0.035965
yaw,20.0,25.0,-80.0,-70.0,normal,0.000000,0.312987,0.100466
width,20.0,25.0,-80.0,-70.0,normal,0.000000,0.118622,0.088224
length,20.0,25.0,-80.0,-70.0,normal,0.000000,0.158192,0.108543
box_height,20.0,25.0,-80.0,-70.0,normal,0.000000,0.075459,0.051630
miss_detection,20.0,25.0,-70.0,-60.0,constant,1.000000,,
distal,20.0,25.0,-70.0,-60.0,normal,0.000000,0.113883,0.071738
perpendicular,20.0,25.0,-70.0,-60.0,normal,0.000000,0.080888,0.055199
height,20.0,25.0,-70.0,-60.0,normal,0.000000,0.056859,0.035965
yaw,20.0,25.0,-70.0,-60.0,normal,0.000000,0.312987,0.100466
width,20.0,25.0,-70.0,-60.0,normal,0.000000,0.118622,0.088224
length,20.0,25.0,-70.0,-60.0,normal,0.000000,0.158192,0.108543
box_height,20.0,25.0,-70.0,-60.0,normal,0.000000,0.075459,0.051630
miss_detection,20.0,25.0,-60.0,-50.0,constant,1.000000,,
distal,20.0,25.0,-60.0,-50.0,normal,0.000000,0.113883,0.071738
perpendicular,20.0,25.0,-60.0,-50.0,normal,0.000000,0.080888,0.055199
height,20.0,25.0,-60.0,-50.0,normal,0.000000,0.056859,0.035965
yaw,20.0,25.0,-60.0,-50.0,normal,0.000000,0.312987,0.100466
width,20.0,25.0,-60.0,-50.0,normal,0.000000,0.118622,0.088224
length,20.0,25.0,-60.0,-50.0,normal,0.000000,0.158192,0.108543
box_height,20.0,25.0,-60.0,-50.0,normal,0.000000,0.075459,0.051630
miss_detection,20.0,25.0,-50.0,-40.0,constant,1.000000,,
distal,20.0,25.0,-50.0,-40.0,normal,0.000000,0.113883,0.071738
perpendicular,20.0,25.0,-50.0,-40.0,normal,0.000000,0.080888,0.055199
height,20.0,25.0,-50.0,-40.0,normal,0.000000,0.056859,0.035965
yaw,20.0,25.0,-50.0,-40.0,normal,0.000000,0.312987,0.100466
width,20.0,25.0,-50.0,-40.0,normal,0.000000,0.118622,0.088224
length,20.0,25.0,-50.0,-40.0,normal,0.000000,0.158192,0.108543
box_height,20.0,25.0,-50.0,-40.0,normal,0.000000,0.075459,0.051630
miss_detection,20.0,25.0,-40.0,-30.0,constant,1.000000,,
distal,20.0,25.0,-40.0,-30.0,normal,0.000000,0.113883,0.071738
perpendicular,20.0,25.0,-40.0,-30.0,normal,0.000000,0.080888,0.055199
height,20.0,25.0,-40.0,-30.0,normal,0.000000,0.056859,0.035965
yaw,20.0,25.0,-40.0,-30.0,normal,0.000000,0.312987,0.100466
width,20.0,25.0,-40.0,-30.0,normal,0.000000,0.118622,0.088224
length,20.0,25.0,-40.0,-30.0,normal,0.000000,0.158192,0.108543
box_height,20.0,25.0,-40.0,-30.0,normal,0.000000,0.075459,0.051630
miss_detection,20.0,25.0,-30.0,-20.0,constant,1.000000,,
distal,20.0,25.0,-30.0,-20.0,normal,0.000000,0.113883,0.071738
perpendicular,20.0,25.0,-30.0,-20.0,normal,0.000000,0.080888,0.055199
height,20.0,25.0,-30.0,-20.0,normal,0.000000,0.056859,0.035965
yaw,20.0,25.0,-30.0,-20.0,normal,0.000000,0.312987,0.100466
width,20.0,25.0,-30.0,-20.0,normal,0.000000,0.118622,0.088224
length,20.0,25.0,-30.0,-20.0,normal,0.000000,0.158192,0.108543
box_height,20.0,25.0,-30.0,-20.0,normal,0.000000,0.075459,0.051630
miss_detection,20.0,25.0,-20.0,-10.0,constant,0.160799,,
distal,20.0,25.0,-20.0,-10.0,normal,0.000000,0.067055,0.049272
perpendicular,20.0,25.0,-20.0,-10.0,normal,0.000000,0.042194,0.034616
height,20.0,25.0,-20.0,-10.0,normal,0.000000,0.022033,0.017092
yaw,20.0,25.0,-20.0,-10.0,normal,0.000000,0.028440,0.059423
width,20.0,25.0,-20.0,-10.0,normal,0.000000,0.086309,0.059644
length,20.0,25.0,-20.0,-10.0,normal,0.000000,0.115466,0.084726
box_height,20.0,25.0,-20.0,-10.0,normal,0.000000,0.037973,0.030287
miss_detection,20.0,25.0,-10.0,0.0,constant,0.026147,,
distal,20.0,25.0,-10.0,0.0,normal,0.000000,0.105674,0.074637
perpendicular,20.0,25.0,-10.0,0.0,normal,0.000000,0.051802,0.040963
height,20.0,25.0,-10.0,0.0,normal,0.000000,0.025310,0.019731
yaw,20.0,25.0,-10.0,0.0,normal,0.000000,0.039988,0.081111
width,20.0,25.0,-10.0,0.0,normal,0.000000,0.106793,0.082363
length,20.0,25.0,-10.0,0.0,normal,0.000000,0.185554,0.125151
box_height,20.0,25.0,-10.0,0.0,normal,0.000000,0.042277,0.033586
miss_detection,20.0,25.0,0.0,10.0,constant,0.000000,,
distal,20.0,25.0,0.0,10.0,normal,0.000000,0.095376,0.065776
perpendicular,20.0,25.0,0.0,10.0,normal,0.000000,0.043403,0.034556
height,20.0,25.0,0.0,10.0,normal,0.000000,0.025549,0.020434
yaw,20.0,25.0,0.0,10.0,normal,0.000000,0.036493,0.070760
width,20.0,25.0,0.0,10.0,normal,0.000000,0.089368,0.069448
length,20.0,25.0,0.0,10.0,normal,0.000000,0.155513,0.110615
box_height,20.0,25.0,0.0,10.0,normal,0.000000,0.043759,0.035007
miss_detection,20.0,25.0,10.0,20.0,constant,0.011006,,
distal,20.0,25.0,10.0,20.0,normal,0.000000,0.112087,0.078000
perpendicular,20.0,25.0,10.0,20.0,normal,0.000000,0.063461,0.048944
height,20.0,25.0,10.0,20.0,normal,0.000000,0.035189,0.025452
yaw,20.0,25.0,10.0,20.0,normal,0.000000,0.041449,0.096271
width,20.0,25.0,10.0,20.0,normal,0.000000,0.104640,0.082643
length,20.0,25.0,10.0,20.0,normal,0.000000,0.150485,0.104829
box_height,20.0,25.0,10.0,20.0,normal,0.000000,0.056477,0.037401
miss_detection,20.0,25.0,20.0,30.0,constant,0.559091,,
distal,20.0,25.0,20.0,30.0,normal,0.000000,0.094059,0.067858
perpendicular,20.0,25.0,20.0,30.0,normal,0.000000,0.076521,0.061672
height,20.0,25.0,20.0,30.0,normal,0.000000,0.051862,0.044126
yaw,20.0,25.0,20.0,30.0,normal,0.000000,0.034692,0.061752
width,20.0,25.0,20.0,30.0,normal,0.000000,0.124026,0.104093
length,20.0,25.0,20.0,30.0,normal,0.000000,0.209009,0.164268
box_height,20.0,25.0,20.0,30.0,normal,0.000000,0.064830,0.050367
miss_detection,20.0,25.0,30.0,40.0,constant,1.000000,,
distal,20.0,25.0,30.0,40.0,normal,0.000000,0.113883,0.071738
perpendicular,20.0,25.0,30.0,40.0,normal,0.000000,0.080888,0.055199
height,20.0,25.0,30.0,40.0,normal,0.000000,0.056859,0.035965
yaw,20.0,25.0,30.0,40.0,normal,0.000000,0.312987,0.100466
width,20.0,25.0,30.0,40.0,normal,0.000000,0.118622,0.088224
length,20.0,25.0,30.0,40.0,normal,0.000000,0.158192,0.108543
box_height,20.0,25.0,30.0,40.0,normal,0.000000,0.075459,0.051630
miss_detection,20.0,25.0,40.0,50.0,constant,1.000000,,
distal,20.0,25.0,40.0,50.0,normal,0.000000,0.113883,0.071738
perpendicular,20.0,25.0,40.0,50.0,normal,0.000000,0.080888,0.055199
height,20.0,25.0,40.0,50.0,normal,0.000000,0.056859,0.035965
yaw,20.0,25.0,40.0,50.0,normal,0.000000,0.312987,0.100466
width,20.0,25.0,40.0,50.0,normal,0.000000,0.118622,0.088224
length,20.0,25.0,40.0,50.0,normal,0.000000,0.158192,0.108543
box_height,20.0,25.0,40.0,50.0,normal,0.000000,0.075459,0.051630
miss_detection,20.0,25.0,50.0,60.0,constant,1.000000,,
distal,20.0,25.0,50.0,60.0,normal,0.000000,0.113883,0.071738
perpendicular,20.0,25.0,50.0,60.0,normal,0.000000,0.080888,0.055199
height,20.0,25.0,50.0,60.0,normal,0.000000,0.056859,0.035965
yaw,20.0,25.0,50.0,60.0,normal,0.000000,0.312987,0.100466
width,20.0,25.0,50.0,60.0,normal,0.000000,0.118622,0.088224
length,20.0,25.0,50.0,60.0,normal,0.000000,0.158192,0.108543
box_height,20.0,25.0,50.0,60.0,normal,0.000000,0.075459,0.051630
miss_detection,20.0,25.0,60.0,70.0,constant,1.000000,,
distal,20.0,25.0,60.0,70.0,normal,0.000000,0.113883,0.071738
perpendicular,20.0,25.0,60.0,70.0,normal,0.000000,0.080888,0.055199
height,20.0,25.0,60.0,70.0,normal,0.000000,0.056859,0.035965
yaw,20.0,25.0,60.0,70.0,normal,0.000000,0.312987,0.100466
width,20.0,25.0,60.0,70.0,normal,0.000000,0.118622,0.088224
length,20.0,25.0,60.0,70.0,normal,0.000000,0.158192,0.108543
box_height,20.0,25.0,60.0,70.0,normal,0.000000,0.075459,0.051630
miss_detection,20.0,25.0,70.0,80.0,constant,1.000000,,
distal,20.0,25.0,70.0,80.0,normal,0.000000,0.113883,0.071738
perpendicular,20.0,25.0,70.0,80.0,normal,0.000000,0.080888,0.055199
height,20.0,25.0,70.0,80.0,normal,0.000000,0.056859,0.035965
yaw,20.0,25.0,70.0,80.0,normal,0.000000,0.312987,0.100466
width,20.0,25.0,70.0,80.0,normal,0.000000,0.118622,0.088224
length,20.0,25.0,70.0,80.0,normal,0.000000,0.158192,0.108543
box_height,20.0,25.0,70.0,80.0,normal,0.000000,0.075459,0.051630
miss_detection,20.0,25.0,80.0,90.0,constant,1.000000,,
distal,20.0,25.0,80.0,90.0,normal,0.000000,0.113883,0.071738
perpendicular,20.0,25.0,80.0,90.0,normal,0.000000,0.080888,0.055199
height,20.0,25.0,80.0,90.0,normal,0.000000,0.056859,0.035965
yaw,20.0,25.0,80.0,90.0,normal,0.000000,0.312987,0.100466
width,20.0,25.0,80.0,90.0,normal,0.000000,0.118622,0.088224
length,20.0,25.0,80.0,90.0,normal,0.000000,0.158192,0.108543
box_height,20.0,25.0,80.0,90.0,normal,0.000000,0.075459,0.051630
miss_detection,20.0,25.0,90.0,100.0,constant,1.000000,,
distal,20.0,25.0,90.0,100.0,normal,0.000000,0.113883,0.071738
perpendicular,20.0,25.0,90.0,100.0,normal,0.000000,0.080888,0.055199
height,20.0,25.0,90.0,100.0,normal,0.000000,0.056859,0.035965
yaw,20.0,25.0,90.0,100.0,normal,0.000000,0.312987,0.100466
width,20.0,25.0,90.0,100.0,normal,0.000000,0.118622,0.088224
length,20.0,25.0,90.0,100.0,normal,0.000000,0.158192,0.108543
box_height,20.0,25.0,90.0,100.0,normal,0.000000,0.075459,0.051630
miss_detection,20.0,25.0,100.0,110.0,constant,1.000000,,
distal,20.0,25.0,100.0,110.0,normal,0.000000,0.113883,0.071738
perpendicular,20.0,25.0,100.0,110.0,normal,0.000000,0.080888,0.055199
height,20.0,25.0,100.0,110.0,normal,0.000000,0.056859,0.035965
yaw,20.0,25.0,100.0,110.0,normal,0.000000,0.312987,0.100466
width,20.0,25.0,100.0,110.0,normal,0.000000,0.118622,0.088224
length,20.0,25.0,100.0,110.0,normal,0.000000,0.158192,0.108543
box_height,20.0,25.0,100.0,110.0,normal,0.000000,0.075459,0.051630
miss_detection,20.0,25.0,110.0,120.0,constant,1.000000,,
distal,20.0,25.0,110.0,120.0,normal,0.000000,0.113883,0.071738
perpendicular,20.0,25.0,110.0,120.0,normal,0.000000,0.080888,0.055199
height,20.0,25.0,110.0,120.0,normal,0.000000,0.056859,0.035965
yaw,20.0,25.0,110.0,120.0,normal,0.000000,0.312987,0.100466
width,20.0,25.0,110.0,120.0,normal,0.000000,0.118622,0.088224
length,20.0,25.0,110.0,120.0,normal,0.000000,0.158192,0.108543
box_height,20.0,25.0,110.0,120.0,normal,0.000000,0.075459,0.051630
miss_detection,20.0,25.0,120.0,130.0,constant,1.000000,,
distal,20.0,25.0,120.0,130.0,normal,0.000000,0.113883,0.071738
perpendicular,20.0,25.0,120.0,130.0,normal,0.000000,0.080888,0.055199
height,20.0,25.0,120.0,130.0,normal,0.000000,0.056859,0.035965
yaw,20.0,25.0,120.0,130.0,normal,0.000000,0.312987,0.100466
width,20.0,25.0,120.0,130.0,normal,0.000000,0.118622,0.088224
length,20.0,25.0,120.0,130.0,normal,0.000000,0.158192,0.108543
box_height,20.0,25.0,120.0,130.0,normal,0.000000,0.075459,0.051630
miss_detection,20.0,25.0,130.0,140.0,constant,1.000000,,
distal,20.0,25.0,130.0,140.0,normal,0.000000,0.113883,0.071738
perpendicular,20.0,25.0,130.0,140.0,normal,0.000000,0.080888,0.055199
height,20.0,25.0,130.0,140.0,normal,0.000000,0.056859,0.035965
yaw,20.0,25.0,130.0,140.0,normal,0.000000,0.312987,0.100466
width,20.0,25.0,130.0,140.0,normal,0.000000,0.118622,0.088224
length,20.0,25.0,130.0,140.0,normal,0.000000,0.158192,0.108543
box_height,20.0,25.0,130.0,140.0,normal,0.000000,0.075459,0.051630
miss_detection,20.0,25.0,140.0,150.0,constant,1.000000,,
distal,20.0,25.0,140.0,150.0,normal,0.000000,0.113883,0.071738
perpendicular,20.0,25.0,140.0,150.0,normal,0.000000,0.080888,0.055199
height,20.0,25.0,140.0,150.0,normal,0.000000,0.056859,0.035965
yaw,20.0,25.0,140.0,150.0,normal,0.000000,0.312987,0.100466
width,20.0,25.0,140.0,150.0,normal,0.000000,0.118622,0.088224
length,20.0,25.0,140.0,150.0,normal,0.000000,0.158192,0.108543
box_height,20.0,25.0,140.0,150.0,normal,0.000000,0.075459,0.051630
miss_detection,20.0,25.0,150.0,160.0,constant,1.000000,,
distal,20.0,25.0,150.0,160.0,normal,0.000000,0.113883,0.071738
perpendicular,20.0,25.0,150.0,160.0,normal,0.000000,0.080888,0.055199
height,20.0,25.0,150.0,160.0,normal,0.000000,0.056859,0.035965
yaw,20.0,25.0,150.0,160.0,normal,0.000000,0.312987,0.100466
width,20.0,25.0,150.0,160.0,normal,0.000000,0.118622,0.088224
length,20.0,25.0,150.0,160.0,normal,0.000000,0.158192,0.108543
box_height,20.0,25.0,150.0,160.0,normal,0.000000,0.075459,0.051630
miss_detection,20.0,25.0,160.0,170.0,constant,1.000000,,
distal,20.0,25.0,160.0,170.0,normal,0.000000,0.113883,0.071738
perpendicular,20.0,25.0,160.0,170.0,normal,0.000000,0.080888,0.055199
height,20.0,25.0,160.0,170.0,normal,0.000000,0.056859,0.035965
yaw,20.0,25.0,160.0,170.0,normal,0.000000,0.312987,0.100466
width,20.0,25.0,160.0,170.0,normal,0.000000,0.118622,0.088224
length,20.0,25.0,160.0,170.0,normal,0.000000,0.158192,0.108543
box_height,20.0,25.0,160.0,170.0,normal,0.000000,0.075459,0.051630
miss_detection,20.0,25.0,170.0,180.0,constant,1.000000,,
distal,20.0,25.0,170.0,180.0,normal,0.000000,0.113883,0.071738
perpendicular,20.0,25.0,170.0,180.0,normal,0.000000,0.080888,0.055199
height,20.0,25.0,170.0,180.0,normal,0.000000,0.056859,0.035965
yaw,20.0,25.0,170.0,180.0,normal,0.000000,0.312987,0.100466
width,20.0,25.0,170.0,180.0,normal,0.000000,0.118622,0.088224
length,20.0,25.0,170.0,180.0,normal,0.000000,0.158192,0.108543
box_height,20.0,25.0,170.0,180.0,normal,0.000000,0.075459,0.051630
miss_detection,25.0,30.0,-180.0,-170.0,constant,1.000000,,
distal,25.0,30.0,-180.0,-170.0,normal,0.000000,0.113883,0.071738
perpendicular,25.0,30.0,-180.0,-170.0,normal,0.000000,0.080888,0.055199
height,25.0,30.0,-180.0,-170.0,normal,0.000000,0.056859,0.035965
yaw,25.0,30.0,-180.0,-170.0,normal,0.000000,0.312987,0.100466
width,25.0,30.0,-180.0,-170.0,normal,0.000000,0.118622,0.088224
length,25.0,30.0,-180.0,-170.0,normal,0.000000,0.158192,0.108543
box_height,25.0,30.0,-180.0,-170.0,normal,0.000000,0.075459,0.051630
miss_detection,25.0,30.0,-170.0,-160.0,constant,1.000000,,
distal,25.0,30.0,-170.0,-160.0,normal,0.000000,0.113883,0.071738
perpendicular,25.0,30.0,-170.0,-160.0,normal,0.000000,0.080888,0.055199
height,25.0,30.0,-170.0,-160.0,normal,0.000000,0.056859,0.035965
yaw,25.0,30.0,-170.0,-160.0,normal,0.000000,0.312987,0.100466
width,25.0,30.0,-170.0,-160.0,normal,0.000000,0.118622,0.088224
length,25.0,30.0,-170.0,-160.0,normal,0.000000,0.158192,0.108543
box_height,25.0,30.0,-170.0,-160.0,normal,0.000000,0.075459,0.051630
miss_detection,25.0,30.0,-160.0,-150.0,constant,1.000000,,
distal,25.0,30.0,-160.0,-150.0,normal,0.000000,0.113883,0.071738
perpendicular,25.0,30.0,-160.0,-150.0,normal,0.000000,0.080888,0.055199
height,25.0,30.0,-160.0,-150.0,normal,0.000000,0.056859,0.035965
yaw,25.0,30.0,-160.0,-150.0,normal,0.000000,0.312987,0.100466
width,25.0,30.0,-160.0,-150.0,normal,0.000000,0.118622,0.088224
length,25.0,30.0,-160.0,-150.0,normal,0.000000,0.158192,0.108543
box_height,25.0,30.0,-160.0,-150.0,normal,0.000000,0.075459,0.051630
miss_detection,25.0,30.0,-150.0,-140.0,constant,1.000000,,
distal,25.0,30.0,-150.0,-140.0,normal,0.000000,0.113883,0.071738
perpendicular,25.0,30.0,-150.0,-140.0,normal,0.000000,0.080888,0.055199
height,25.0,30.0,-150.0,-140.0,normal,0.000000,0.056859,0.035965
yaw,25.0,30.0,-150.0,-140.0,normal,0.000000,0.312987,0.100466
width,25.0,30.0,-150.0,-140.0,normal,0.000000,0.118622,0.088224
length,25.0,30.0,-150.0,-140.0,normal,0.000000,0.158192,0.108543
box_height,25.0,30.0,-150.0,-140.0,normal,0.000000,0.075459,0.051630
miss_detection,25.0,30.0,-140.0,-130.0,constant,1.000000,,
distal,25.0,30.0,-140.0,-130.0,normal,0.000000,0.113883,0.071738
perpendicular,25.0,30.0,-140.0,-130.0,normal,0.000000,0.080888,0.055199
height,25.0,30.0,-140.0,-130.0,normal,0.000000,0.056859,0.035965
yaw,25.0,30.0,-140.0,-130.0,normal,0.000000,0.312987,0.100466
width,25.0,30.0,-140.0,-130.0,normal,0.000000,0.118622,0.088224
length,25.0,30.0,-140.0,-130.0,normal,0.000000,0.158192,0.108543
box_height,25.0,30.0,-140.0,-130.0,normal,0.000000,0.075459,0.051630
miss_detection,25.0,30.0,-130.0,-120.0,constant,1.000000,,
distal,25.0,30.0,-130.0,-120.0,normal,0.000000,0.113883,0.071738
perpendicular,25.0,30.0,-130.0,-120.0,normal,0.000000,0.080888,0.055199
height,25.0,30.0,-130.0,-120.0,normal,0.000000,0.056859,0.035965
yaw,25.0,30.0,-130.0,-120.0,normal,0.000000,0.312987,0.100466
width,25.0,30.0,-130.0,-120.0,normal,0.000000,0.118622,0.088224
length,25.0,30.0,-130.0,-120.0,normal,0.000000,0.158192,0.108543
box_height,25.0,30.0,-130.0,-120.0,normal,0.000000,0.075459,0.051630
miss_detection,25.0,30.0,-120.0,-110.0,constant,1.000000,,
distal,25.0,30.0,-120.0,-110.0,normal,0.000000,0.113883,0.071738
perpendicular,25.0,30.0,-120.0,-110.0,normal,0.000000,0.080888,0.055199
height,25.0,30.0,-120.0,-110.0,normal,0.000000,0.056859,0.035965
yaw,25.0,30.0,-120.0,-110.0,normal,0.000000,0.312987,0.100466
width,25.0,30.0,-120.0,-110.0,normal,0.000000,0.118622,0.088224
length,25.0,30.0,-120.0,-110.0,normal,0.000000,0.158192,0.108543
box_height,25.0,30.0,-120.0,-110.0,normal,0.000000,0.075459,0.051630
miss_detection,25.0,30.0,-110.0,-100.0,constant,1.000000,,
distal,25.0,30.0,-110.0,-100.0,normal,0.000000,0.113883,0.071738
perpendicular,25.0,30.0,-110.0,-100.0,normal,0.000000,0.080888,0.055199
height,25.0,30.0,-110.0,-100.0,normal,0.000000,0.056859,0.035965
yaw,25.0,30.0,-110.0,-100.0,normal,0.000000,0.312987,0.100466
width,25.0,30.0,-110.0,-100.0,normal,0.000000,0.118622,0.088224
length,25.0,30.0,-110.0,-100.0,normal,0.000000,0.158192,0.108543
box_height,25.0,30.0,-110.0,-100.0,normal,0.000000,0.075459,0.051630
miss_detection,25.0,30.0,-100.0,-90.0,constant,1.000000,,
distal,25.0,30.0,-100.0,-90.0,normal,0.000000,0.113883,0.071738
perpendicular,25.0,30.0,-100.0,-90.0,normal,0.000000,0.080888,0.055199
height,25.0,30.0,-100.0,-90.0,normal,0.000000,0.056859,0.035965
yaw,25.0,30.0,-100.0,-90.0,normal,0.000000,0.312987,0.100466
width,25.0,30.0,-100.0,-90.0,normal,0.000000,0.118622,0.088224
length,25.0,30.0,-100.0,-90.0,normal,0.000000,0.158192,0.108543
box_height,25.0,30.0,-100.0,-90.0,normal,0.000000,0.075459,0.051630
miss_detection,25.0,30.0,-90.0,-80.0,constant,1.000000,,
distal,25.0,30.0,-90.0,-80.0,normal,0.000000,0.113883,0.071738
perpendicular,25.0,30.0,-90.0,-80.0,normal,0.000000,0.080888,0.055199
height,25.0,30.0,-90.0,-80.0,normal,0.000000,0.056859,0.035965
yaw,25.0,30.0,-90.0,-80.0,normal,0.000000,0.312987,0.100466
width,25.0,30.0,-90.0,-80.0,normal,0.000000,0.118622,0.088224
length,25.0,30.0,-90.0,-80.0,normal,0.000000,0.158192,0.108543
box_height,25.0,30.0,-90.0,-80.0,normal,0.000000,0.075459,0.051630
miss_detection,25.0,30.0,-80.0,-70.0,constant,1.000000,,
distal,25.0,30.0,-80.0,-70.0,normal,0.000000,0.113883,0.071738
perpendicular,25.0,30.0,-80.0,-70.0,normal,0.000000,0.080888,0.055199
height,25.0,30.0,-80.0,-70.0,normal,0.000000,0.056859,0.035965
yaw,25.0,30.0,-80.0,-70.0,normal,0.000000,0.312987,0.100466
width,25.0,30.0,-80.0,-70.0,normal,0.000000,0.118622,0.088224
length,25.0,30.0,-80.0,-70.0,normal,0.000000,0.158192,0.108543
box_height,25.0,30.0,-80.0,-70.0,normal,0.000000,0.075459,0.051630
miss_detection,25.0,30.0,-70.0,-60.0,constant,1.000000,,
distal,25.0,30.0,-70.0,-60.0,normal,0.000000,0.113883,0.071738
perpendicular,25.0,30.0,-70.0,-60.0,normal,0.000000,0.080888,0.055199
height,25.0,30.0,-70.0,-60.0,normal,0.000000,0.056859,0.035965
yaw,25.0,30.0,-70.0,-60.0,normal,0.000000,0.312987,0.100466
width,25.0,30.0,-70.0,-60.0,normal,0.000000,0.118622,0.088224
length,25.0,30.0,-70.0,-60.0,normal,0.000000,0.158192,0.108543
box_height,25.0,30.0,-70.0,-60.0,normal,0.000000,0.075459,0.051630
miss_detection,25.0,30.0,-60.0,-50.0,constant,1.000000,,
distal,25.0,30.0,-60.0,-50.0,normal,0.000000,0.113883,0.071738
perpendicular,25.0,30.0,-60.0,-50.0,normal,0.000000,0.080888,0.055199
height,25.0,30.0,-60.0,-50.0,normal,0.000000,0.056859,0.035965
yaw,25.0,30.0,-60.0,-50.0,normal,0.000000,0.312987,0.100466
width,25.0,30.0,-60.0,-50.0,normal,0.000000,0.118622,0.088224
length,25.0,30.0,-60.0,-50.0,normal,0.000000,0.158192,0.108543
box_height,25.0,30.0,-60.0,-50.0,normal,0.000000,0.075459,0.051630
miss_detection,25.0,30.0,-50.0,-40.0,constant,1.000000,,
distal,25.0,30.0,-50.0,-40.0,normal,0.000000,0.113883,0.071738
perpendicular,25.0,30.0,-50.0,-40.0,normal,0.000000,0.080888,0.055199
height,25.0,30.0,-50.0,-40.0,normal,0.000000,0.056859,0.035965
yaw,25.0,30.0,-50.0,-40.0,normal,0.000000,0.312987,0.100466
width,25.0,30.0,-50.0,-40.0,normal,0.000000,0.118622,0.088224
length,25.0,30.0,-50.0,-40.0,normal,0.000000,0.158192,0.108543
box_height,25.0,30.0,-50.0,-40.0,normal,0.000000,0.075459,0.051630
miss_detection,25.0,30.0,-40.0,-30.0,constant,1.000000,,
distal,25.0,30.0,-40.0,-30.0,normal,0.000000,0.113883,0.071738
perpendicular,25.0,30.0,-40.0,-30.0,normal,0.000000,0.080888,0.055199
height,25.0,30.0,-40.0,-30.0,normal,0.000000,0.056859,0.035965
yaw,25.0,30.0,-40.0,-30.0,normal,0.000000,0.312987,0.100466
width,25.0,30.0,-40.0,-30.0,normal,0.000000,0.118622,0.088224
length,25.0,30.0,-40.0,-30.0,normal,0.000000,0.158192,0.108543
box_height,25.0,30.0,-40.0,-30.0,normal,0.000000,0.075459,0.051630
miss_detection,25.0,30.0,-30.0,-20.0,constant,1.000000,,
distal,25.0,30.0,-30.0,-20.0,normal,0.000000,0.113883,0.071738
perpendicular,25.0,30.0,-30.0,-20.0,normal,0.000000,0.080888,0.055199
height,25.0,30.0,-30.0,-20.0,normal,0.000000,0.056859,0.035965
yaw,25.0,30.0,-30.0,-20.0,normal,0.000000,0.312987,0.100466
width,25.0,30.0,-30.0,-20.0,normal,0.000000,0.118622,0.088224
length,25.0,30.0,-30.0,-20.0,normal,0.000000,0.158192,0.108543
box_height,25.0,30.0,-30.0,-20.0,normal,0.000000,0.075459,0.051630
miss_detection,25.0,30.0,-20.0,-10.0,constant,0.000000,,
distal,25.0,30.0,-20.0,-10.0,normal,0.000000,0.062803,0.053067
perpendicular,25.0,30.0,-20.0,-10.0,normal,0.000000,0.040771,0.035359
height,25.0,30.0,-20.0,-10.0,normal,0.000000,0.027597,0.024782
yaw,25.0,30.0,-20.0,-10.0,normal,0.000000,0.040961,0.035176
width,25.0,30.0,-20.0,-10.0,normal,0.000000,0.086252,0.072640
length,25.0,30.0,-20.0,-10.0,normal,0.000000,0.112877,0.075945
box_height,25.0,30.0,-20.0,-10.0,normal,0.000000,0.056834,0.046898
miss_detection,25.0,30.0,-10.0,0.0,constant,0.000000,,
distal,25.0,30.0,-10.0,0.0,normal,0.000000,0.095915,0.067140
perpendicular,25.0,30.0,-10.0,0.0,normal,0.000000,0.049801,0.037241
height,25.0,30.0,-10.0,0.0,normal,0.000000,0.033022,0.026331
yaw,25.0,30.0,-10.0,0.0,normal,0.000000,0.032082,0.028290
width,25.0,30.0,-10.0,0.0,normal,0.000000,0.085670,0.063741
length,25.0,30.0,-10.0,0.0,normal,0.000000,0.178500,0.115935
box_height,25.0,30.0,-10.0,0.0,normal,0.000000,0.053366,0.047921
miss_detection,25.0,30.0,0.0,10.0,constant,0.000000,,
distal,25.0,30.0,0.0,10.0,normal,0.000000,0.083156,0.071191
perpendicular,25.0,30.0,0.0,10.0,normal,0.000000,0.049415,0.043706
height,25.0,30.0,0.0,10.0,normal,0.000000,0.031973,0.026821
yaw,25.0,30.0,0.0,10.0,normal,0.000000,0.040844,0.030490
width,25.0,30.0,0.0,10.0,normal,0.000000,0.106281,0.090529
length,25.0,30.0,0.0,10.0,normal,0.000000,0.143896,0.106036
box_height,25.0,30.0,0.0,10.0,normal,0.000000,0.048863,0.043578
miss_detection,25.0,30.0,10.0,20.0,constant,0.440233,,
distal,25.0,30.0,10.0,20.0,normal,0.000000,0.141588,0.068320
perpendicular,25.0,30.0,10.0,20.0,normal,0.000000,0.055182,0.044218
height,25.0,30.0,10.0,20.0,normal,0.000000,0.036757,0.030347
yaw,25.0,30.0,10.0,20.0,normal,0.000000,0.060249,0.063565
width,25.0,30.0,10.0,20.0,normal,0.000000,0.112388,0.088602
length,25.0,30.0,10.0,20.0,normal,0.000000,0.267458,0.125193
box_height,25.0,30.0,10.0,20.0,normal,0.000000,0.053227,0.043206
miss_detection,25.0,30.0,20.0,30.0,constant,0.469453,,
distal,25.0,30.0,20.0,30.0,normal,0.000000,0.079546,0.062354
perpendicular,25.0,30.0,20.0,30.0,normal,0.000000,0.096492,0.065542
height,25.0,30.0,20.0,30.0,normal,0.000000,0.053307,0.039716
yaw,25.0,30.0,20.0,30.0,normal,0.000000,0.038437,0.060610
width,25.0,30.0,20.0,30.0,normal,0.000000,0.110472,0.082883
length,25.0,30.0,20.0,30.0,normal,0.000000,0.179845,0.122726
box_height,25.0,30.0,20.0,30.0,normal,0.000000,0.079597,0.063277
miss_detection,25.0,30.0,30.0,40.0,constant,1.000000,,
distal,25.0,30.0,30.0,40.0,normal,0.000000,0.113883,0.071738
perpendicular,25.0,30.0,30.0,40.0,normal,0.000000,0.080888,0.055199
height,25.0,30.0,30.0,40.0,normal,0.000000,0.056859,0.035965
yaw,25.0,30.0,30.0,40.0,normal,0.000000,0.312987,0.100466
width,25.0,30.0,30.0,40.0,normal,0.000000,0.118622,0.088224
length,25.0,30.0,30.0,40.0,normal,0.000000,0.158192,0.108543
box_height,25.0,30.0,30.0,40.0,normal,0.000000,0.075459,0.051630
miss_detection,25.0,30.0,40.0,50.0,constant,1.000000,,
distal,25.0,30.0,40.0,50.0,normal,0.000000,0.113883,0.071738
perpendicular,25.0,30.0,40.0,50.0,normal,0.000000,0.080888,0.055199
height,25.0,30.0,40.0,50.0,normal,0.000000,0.056859,0.035965
yaw,25.0,30.0,40.0,50.0,normal,0.000000,0.312987,0.100466
width,25.0,30.0,40.0,50.0,normal,0.000000,0.118622,0.088224
length,25.0,30.0,40.0,50.0,normal,0.000000,0.158192,0.108543
box_height,25.0,30.0,40.0,50.0,normal,0.000000,0.075459,0.051630
miss_detection,25.0,30.0,50.0,60.0,constant,1.000000,,
distal,25.0,30.0,50.0,60.0,normal,0.000000,0.113883,0.071738
perpendicular,25.0,30.0,50.0,60.0,normal,0.000000,0.080888,0.055199
height,25.0,30.0,50.0,60.0,normal,0.000000,0.056859,0.035965
yaw,25.0,30.0,50.0,60.0,normal,0.000000,0.312987,0.100466
width,25.0,30.0,50.0,60.0,normal,0.000000,0.118622,0.088224
length,25.0,30.0,50.0,60.0,normal,0.000000,0.158192,0.108543
box_height,25.0,30.0,50.0,60.0,normal,0.000000,0.075459,0.051630
miss_detection,25.0,30.0,60.0,70.0,constant,1.000000,,
distal,25.0,30.0,60.0,70.0,normal,0.000000,0.113883,0.071738
perpendicular,25.0,30.0,60.0,70.0,normal,0.000000,0.080888,0.055199
height,25.0,30.0,60.0,70.0,normal,0.000000,0.056859,0.035965
yaw,25.0,30.0,60.0,70.0,normal,0.000000,0.312987,0.100466
width,25.0,30.0,60.0,70.0,normal,0.000000,0.118622,0.088224
length,25.0,30.0,60.0,70.0,normal,0.000000,0.158192,0.108543
box_height,25.0,30.0,60.0,70.0,normal,0.000000,0.075459,0.051630
miss_detection,25.0,30.0,70.0,80.0,constant,1.000000,,
distal,25.0,30.0,70.0,80.0,normal,0.000000,0.113883,0.071738
perpendicular,25.0,30.0,70.0,80.0,normal,0.000000,0.080888,0.055199
height,25.0,30.0,70.0,80.0,normal,0.000000,0.056859,0.035965
yaw,25.0,30.0,70.0,80.0,normal,0.000000,0.312987,0.100466
width,25.0,30.0,70.0,80.0,normal,0.000000,0.118622,0.088224
length,25.0,30.0,70.0,80.0,normal,0.000000,0.158192,0.108543
box_height,25.0,30.0,70.0,80.0,normal,0.000000,0.075459,0.051630
miss_detection,25.0,30.0,80.0,90.0,constant,1.000000,,
distal,25.0,30.0,80.0,90.0,normal,0.000000,0.113883,0.071738
perpendicular,25.0,30.0,80.0,90.0,normal,0.000000,0.080888,0.055199
height,25.0,30.0,80.0,90.0,normal,0.000000,0.056859,0.035965
yaw,25.0,30.0,80.0,90.0,normal,0.000000,0.312987,0.100466
width,25.0,30.0,80.0,90.0,normal,0.000000,0.118622,0.088224
length,25.0,30.0,80.0,90.0,normal,0.000000,0.158192,0.108543
box_height,25.0,30.0,80.0,90.0,normal,0.000000,0.075459,0.051630
miss_detection,25.0,30.0,90.0,100.0,constant,1.000000,,
distal,25.0,30.0,90.0,100.0,normal,0.000000,0.113883,0.071738
perpendicular,25.0,30.0,90.0,100.0,normal,0.000000,0.080888,0.055199
height,25.0,30.0,90.0,100.0,normal,0.000000,0.056859,0.035965
yaw,25.0,30.0,90.0,100.0,normal,0.000000,0.312987,0.100466
width,25.0,30.0,90.0,100.0,normal,0.000000,0.118622,0.088224
length,25.0,30.0,90.0,100.0,normal,0.000000,0.158192,0.108543
box_height,25.0,30.0,90.0,100.0,normal,0.000000,0.075459,0.051630
miss_detection,25.0,30.0,100.0,110.0,constant,1.000000,,
distal,25.0,30.0,100.0,110.0,normal,0.000000,0.113883,0.071738
perpendicular,25.0,30.0,100.0,110.0,normal,0.000000,0.080888,0.055199
height,25.0,30.0,100.0,110.0,normal,0.000000,0.056859,0.035965
yaw,25.0,30.0,100.0,110.0,normal,0.000000,0.312987,0.100466
width,25.0,30.0,100.0,110.0,normal,0.000000,0.118622,0.088224
length,25.0,30.0,100.0,110.0,normal,0.000000,0.158192,0.108543
box_height,25.0,30.0,100.0,110.0,normal,0.000000,0.075459,0.051630
miss_detection,25.0,30.0,110.0,120.0,constant,1.000000,,
distal,25.0,30.0,110.0,120.0,normal,0.000000,0.113883,0.071738
perpendicular,25.0,30.0,110.0,120.0,normal,0.000000,0.080888,0.055199
height,25.0,30.0,110.0,120.0,normal,0.000000,0.056859,0.035965
yaw,25.0,30.0,110.0,120.0,normal,0.000000,0.312987,0.100466
width,25.0,30.0,110.0,120.0,normal,0.000000,0.118622,0.088224
length,25.0,30.0,110.0,120.0,normal,0.000000,0.158192,0.108543
box_height,25.0,30.0,110.0,120.0,normal,0.000000,0.075459,0.051630
miss_detection,25.0,30.0,120.0,130.0,constant,1.000000,,
distal,25.0,30.0,120.0,130.0,normal,0.000000,0.113883,0.071738
perpendicular,25.0,30.0,120.0,130.0,normal,0.000000,0.080888,0.055199
height,25.0,30.0,120.0,130.0,normal,0.000000,0.056859,0.035965
yaw,25.0,30.0,120.0,130.0,normal,0.000000,0.312987,0.100466
width,25.0,30.0,120.0,130.0,normal,0.000000,0.118622,0.088224
length,25.0,30.0,120.0,130.0,normal,0.000000,0.158192,0.108543
box_height,25.0,30.0,120.0,130.0,normal,0.000000,0.075459,0.051630
miss_detection,25.0,30.0,130.0,140.0,constant,1.000000,,
distal,25.0,30.0,130.0,140.0,normal,0.000000,0.113883,0.071738
perpendicular,25.0,30.0,130.0,140.0,normal,0.000000,0.080888,0.055199
height,25.0,30.0,130.0,140.0,normal,0.000000,0.056859,0.035965
yaw,25.0,30.0,130.0,140.0,normal,0.000000,0.312987,0.100466
width,25.0,30.0,130.0,140.0,normal,0.000000,0.118622,0.088224
length,25.0,30.0,130.0,140.0,normal,0.000000,0.158192,0.108543
box_height,25.0,30.0,130.0,140.0,normal,0.000000,0.075459,0.051630
miss_detection,25.0,30.0,140.0,150.0,constant,1.000000,,
distal,25.0,30.0,140.0,150.0,normal,0.000000,0.113883,0.071738
perpendicular,25.0,30.0,140.0,150.0,normal,0.000000,0.080888,0.055199
height,25.0,30.0,140.0,150.0,normal,0.000000,0.056859,0.035965
yaw,25.0,30.0,140.0,150.0,normal,0.000000,0.312987,0.100466
width,25.0,30.0,140.0,150.0,normal,0.000000,0.118622,0.088224
length,25.0,30.0,140.0,150.0,normal,0.000000,0.158192,0.108543
box_height,25.0,30.0,140.0,150.0,normal,0.000000,0.075459,0.051630
miss_detection,25.0,30.0,150.0,160.0,constant,1.000000,,
distal,25.0,30.0,150.0,160.0,normal,0.000000,0.113883,0.071738
perpendicular,25.0,30.0,150.0,160.0,normal,0.000000,0.080888,0.055199
height,25.0,30.0,150.0,160.0,normal,0.000000,0.056859,0.035965
yaw,25.0,30.0,150.0,160.0,normal,0.000000,0.312987,0.100466
width,25.0,30.0,150.0,160.0,normal,0.000000,0.118622,0.088224
length,25.0,30.0,150.0,160.0,normal,0.000000,0.158192,0.108543
box_height,25.0,30.0,150.0,160.0,normal,0.000000,0.075459,0.051630
miss_detection,25.0,30.0,160.0,170.0,constant,1.000000,,
distal,25.0,30.0,160.0,170.0,normal,0.000000,0.113883,0.071738
perpendicular,25.0,30.0,160.0,170.0,normal,0.000000,0.080888,0.055199
height,25.0,30.0,160.0,170.0,normal,0.000000,0.056859,0.035965
yaw,25.0,30.0,160.0,170.0,normal,0.000000,0.312987,0.100466
width,25.0,30.0,160.0,170.0,normal,0.000000,0.118622,0.088224
length,25.0,30.0,160.0,170.0,normal,0.000000,0.158192,0.108543
box_height,25.0,30.0,160.0,170.0,normal,0.000000,0.075459,0.051630
miss_detection,25.0,30.0,170.0,180.0,constant,1.000000,,
distal,25.0,30.0,170.0,180.0,normal,0.000000,0.113883,0.071738
perpendicular,25.0,30.0,170.0,180.0,normal,0.000000,0.080888,0.055199
height,25.0,30.0,170.0,180.0,normal,0.000000,0.056859,0.035965
yaw,25.0,30.0,170.0,180.0,normal,0.000000,0.312987,0.100466
width,25.0,30.0,170.0,180.0,normal,0.000000,0.118622,0.088224
length,25.0,30.0,170.0,180.0,normal,0.000000,0.158192,0.108543
box_height,25.0,30.0,170.0,180.0,normal,0.000000,0.075459,0.051630
miss_detection,30.0,35.0,-180.0,-170.0,constant,1.000000,,
distal,30.0,35.0,-180.0,-170.0,normal,0.000000,0.113883,0.071738
perpendicular,30.0,35.0,-180.0,-170.0,normal,0.000000,0.080888,0.055199
height,30.0,35.0,-180.0,-170.0,normal,0.000000,0.056859,0.035965
yaw,30.0,35.0,-180.0,-170.0,normal,0.000000,0.312987,0.100466
width,30.0,35.0,-180.0,-170.0,normal,0.000000,0.118622,0.088224
length,30.0,35.0,-180.0,-170.0,normal,0.000000,0.158192,0.108543
box_height,30.0,35.0,-180.0,-170.0,normal,0.000000,0.075459,0.051630
miss_detection,30.0,35.0,-170.0,-160.0,constant,1.000000,,
distal,30.0,35.0,-170.0,-160.0,normal,0.000000,0.113883,0.071738
perpendicular,30.0,35.0,-170.0,-160.0,normal,0.000000,0.080888,0.055199
height,30.0,35.0,-170.0,-160.0,normal,0.000000,0.056859,0.035965
yaw,30.0,35.0,-170.0,-160.0,normal,0.000000,0.312987,0.100466
width,30.0,35.0,-170.0,-160.0,normal,0.000000,0.118622,0.088224
length,30.0,35.0,-170.0,-160.0,normal,0.000000,0.158192,0.108543
box_height,30.0,35.0,-170.0,-160.0,normal,0.000000,0.075459,0.051630
miss_detection,30.0,35.0,-160.0,-150.0,constant,1.000000,,
distal,30.0,35.0,-160.0,-150.0,normal,0.000000,0.113883,0.071738
perpendicular,30.0,35.0,-160.0,-150.0,normal,0.000000,0.080888,0.055199
height,30.0,35.0,-160.0,-150.0,normal,0.000000,0.056859,0.035965
yaw,30.0,35.0,-160.0,-150.0,normal,0.000000,0.312987,0.100466
width,30.0,35.0,-160.0,-150.0,normal,0.000000,0.118622,0.088224
length,30.0,35.0,-160.0,-150.0,normal,0.000000,0.158192,0.108543
box_height,30.0,35.0,-160.0,-150.0,normal,0.000000,0.075459,0.051630
miss_detection,30.0,35.0,-150.0,-140.0,constant,1.000000,,
distal,30.0,35.0,-150.0,-140.0,normal,0.000000,0.113883,0.071738
perpendicular,30.0,35.0,-150.0,-140.0,normal,0.000000,0.080888,0.055199
height,30.0,35.0,-150.0,-140.0,normal,0.000000,0.056859,0.035965
yaw,30.0,35.0,-150.0,-140.0,normal,0.000000,0.312987,0.100466
width,30.0,35.0,-150.0,-140.0,normal,0.000000,0.118622,0.088224
length,30.0,35.0,-150.0,-140.0,normal,0.000000,0.158192,0.108543
box_height,30.0,35.0,-150.0,-140.0,normal,0.000000,0.075459,0.051630
miss_detection,30.0,35.0,-140.0,-130.0,constant,1.000000,,
distal,30.0,35.0,-140.0,-130.0,normal,0.000000,0.113883,0.071738
perpendicular,30.0,35.0,-140.0,-130.0,normal,0.000000,0.080888,0.055199
height,30.0,35.0,-140.0,-130.0,normal,0.000000,0.056859,0.035965
yaw,30.0,35.0,-140.0,-130.0,normal,0.000000,0.312987,0.100466
width,30.0,35.0,-140.0,-130.0,normal,0.000000,0.118622,0.088224
length,30.0,35.0,-140.0,-130.0,normal,0.000000,0.158192,0.108543
box_height,30.0,35.0,-140.0,-130.0,normal,0.000000,0.075459,0.051630
miss_detection,30.0,35.0,-130.0,-120.0,constant,1.000000,,
distal,30.0,35.0,-130.0,-120.0,normal,0.000000,0.113883,0.071738
perpendicular,30.0,35.0,-130.0,-120.0,normal,0.000000,0.080888,0.055199
height,30.0,35.0,-130.0,-120.0,normal,0.000000,0.056859,0.035965
yaw,30.0,35.0,-130.0,-120.0,normal,0.000000,0.312987,0.100466
width,30.0,35.0,-130.0,-120.0,normal,0.000000,0.118622,0.088224
length,30.0,35.0,-130.0,-120.0,normal,0.000000,0.158192,0.108543
box_height,30.0,35.0,-130.0,-120.0,normal,0.000000,0.075459,0.051630
miss_detection,30.0,35.0,-120.0,-110.0,constant,1.000000,,
distal,30.0,35.0,-120.0,-110.0,normal,0.000000,0.113883,0.071738
perpendicular,30.0,35.0,-120.0,-110.0,normal,0.000000,0.080888,0.055199
height,30.0,35.0,-120.0,-110.0,normal,0.000000,0.056859,0.035965
yaw,30.0,35.0,-120.0,-110.0,normal,0.000000,0.312987,0.100466
width,30.0,35.0,-120.0,-110.0,normal,0.000000,0.118622,0.088224
length,30.0,35.0,-120.0,-110.0,normal,0.000000,0.158192,0.108543
box_height,30.0,35.0,-120.0,-110.0,normal,0.000000,0.075459,0.051630
miss_detection,30.0,35.0,-110.0,-100.0,constant,1.000000,,
distal,30.0,35.0,-110.0,-100.0,normal,0.000000,0.113883,0.071738
perpendicular,30.0,35.0,-110.0,-100.0,normal,0.000000,0.080888,0.055199
height,30.0,35.0,-110.0,-100.0,normal,0.000000,0.056859,0.035965
yaw,30.0,35.0,-110.0,-100.0,normal,0.000000,0.312987,0.100466
width,30.0,35.0,-110.0,-100.0,normal,0.000000,0.118622,0.088224
length,30.0,35.0,-110.0,-100.0,normal,0.000000,0.158192,0.108543
box_height,30.0,35.0,-110.0,-100.0,normal,0.000000,0.075459,0.051630
miss_detection,30.0,35.0,-100.0,-90.0,constant,1.000000,,
distal,30.0,35.0,-100.0,-90.0,normal,0.000000,0.113883,0.071738
perpendicular,30.0,35.0,-100.0,-90.0,normal,0.000000,0.080888,0.055199
height,30.0,35.0,-100.0,-90.0,normal,0.000000,0.056859,0.035965
yaw,30.0,35.0,-100.0,-90.0,normal,0.000000,0.312987,0.100466
width,30.0,35.0,-100.0,-90.0,normal,0.000000,0.118622,0.088224
length,30.0,35.0,-100.0,-90.0,normal,0.000000,0.158192,0.108543
box_height,30.0,35.0,-100.0,-90.0,normal,0.000000,0.075459,0.051630
miss_detection,30.0,35.0,-90.0,-80.0,constant,1.000000,,
distal,30.0,35.0,-90.0,-80.0,normal,0.000000,0.113883,0.071738
perpendicular,30.0,35.0,-90.0,-80.0,normal,0.000000,0.080888,0.055199
height,30.0,35.0,-90.0,-80.0,normal,0.000000,0.056859,0.035965
yaw,30.0,35.0,-90.0,-80.0,normal,0.000000,0.312987,0.100466
width,30.0,35.0,-90.0,-80.0,normal,0.000000,0.118622,0.088224
length,30.0,35.0,-90.0,-80.0,normal,0.000000,0.158192,0.108543
box_height,30.0,35.0,-90.0,-80.0,normal,0.000000,0.075459,0.051630
miss_detection,30.0,35.0,-80.0,-70.0,constant,1.000000,,
distal,30.0,35.0,-80.0,-70.0,normal,0.000000,0.113883,0.071738
perpendicular,30.0,35.0,-80.0,-70.0,normal,0.000000,0.080888,0.055199
height,30.0,35.0,-80.0,-70.0,normal,0.000000,0.056859,0.035965
yaw,30.0,35.0,-80.0,-70.0,normal,0.000000,0.312987,0.100466
width,30.0,35.0,-80.0,-70.0,normal,0.000000,0.118622,0.088224
length,30.0,35.0,-80.0,-70.0,normal,0.000000,0.158192,0.108543
box_height,30.0,35.0,-80.0,-70.0,normal,0.000000,0.075459,0.051630
miss_detection,30.0,35.0,-70.0,-60.0,constant,1.000000,,
distal,30.0,35.0,-70.0,-60.0,normal,0.000000,0.113883,0.071738
perpendicular,30.0,35.0,-70.0,-60.0,normal,0.000000,0.080888,0.055199
height,30.0,35.0,-70.0,-60.0,normal,0.000000,0.056859,0.035965
yaw,30.0,35.0,-70.0,-60.0,normal,0.000000,0.312987,0.100466
width,30.0,35.0,-70.0,-60.0,normal,0.000000,0.118622,0.088224
length,30.0,35.0,-70.0,-60.0,normal,0.000000,0.158192,0.108543
box_height,30.0,35.0,-70.0,-60.0,normal,0.000000,0.075459,0.051630
miss_detection,30.0,35.0,-60.0,-50.0,constant,1.000000,,
distal,30.0,35.0,-60.0,-50.0,normal,0.000000,0.113883,0.071738
perpendicular,30.0,35.0,-60.0,-50.0,normal,0.000000,0.080888,0.055199
height,30.0,35.0,-60.0,-50.0,normal,0.000000,0.056859,0.035965
yaw,30.0,35.0,-60.0,-50.0,normal,0.000000,0.312987,0.100466
width,30.0,35.0,-60.0,-50.0,normal,0.000000,0.118622,0.088224
length,30.0,35.0,-60.0,-50.0,normal,0.000000,0.158192,0.108543
box_height,30.0,35.0,-60.0,-50.0,normal,0.000000,0.075459,0.051630
miss_detection,30.0,35.0,-50.0,-40.0,constant,1.000000,,
distal,30.0,35.0,-50.0,-40.0,normal,0.000000,0.113883,0.071738
perpendicular,30.0,35.0,-50.0,-40.0,normal,0.000000,0.080888,0.055199
height,30.0,35.0,-50.0,-40.0,normal,0.000000,0.056859,0.035965
yaw,30.0,35.0,-50.0,-40.0,normal,0.000000,0.312987,0.100466
width,30.0,35.0,-50.0,-40.0,normal,0.000000,0.118622,0.088224
length,30.0,35.0,-50.0,-40.0,normal,0.000000,0.158192,0.108543
box_height,30.0,35.0,-50.0,-40.0,normal,0.000000,0.075459,0.051630
miss_detection,30.0,35.0,-40.0,-30.0,constant,1.000000,,
distal,30.0,35.0,-40.0,-30.0,normal,0.000000,0.113883,0.071738
perpendicular,30.0,35.0,-40.0,-30.0,normal,0.000000,0.080888,0.055199
height,30.0,35.0,-40.0,-30.0,normal,0.000000,0.056859,0.035965
yaw,30.0,35.0,-40.0,-30.0,normal,0.000000,0.312987,0.100466
width,30.0,35.0,-40.0,-30.0,normal,0.000000,0.118622,0.088224
length,30.0,35.0,-40.0,-30.0,normal,0.000000,0.158192,0.108543
box_height,30.0,35.0,-40.0,-30.0,normal,0.000000,0.075459,0.051630
miss_detection,30.0,35.0,-30.0,-20.0,constant,1.000000,,
distal,30.0,35.0,-30.0,-20.0,normal,0.000000,0.113883,0.071738
perpendicular,30.0,35.0,-30.0,-20.0,normal,0.000000,0.080888,0.055199
height,30.0,35.0,-30.0,-20.0,normal,0.000000,0.056859,0.035965
yaw,30.0,35.0,-30.0,-20.0,normal,0.000000,0.312987,0.100466
width,30.0,35.0,-30.0,-20.0,normal,0.000000,0.118622,0.088224
length,30.0,35.0,-30.0,-20.0,normal,0.000000,0.158192,0.108543
box_height,30.0,35.0,-30.0,-20.0,normal,0.000000,0.075459,0.051630
miss_detection,30.0,35.0,-20.0,-10.0,constant,0.000000,,
distal,30.0,35.0,-20.0,-10.0,normal,0.000000,0.052685,0.047713
perpendicular,30.0,35.0,-20.0,-10.0,normal,0.000000,0.044155,0.039985
height,30.0,35.0,-20.0,-10.0,normal,0.000000,0.035422,0.027844
yaw,30.0,35.0,-20.0,-10.0,normal,0.000000,0.029939,0.034409
width,30.0,35.0,-20.0,-10.0,normal,0.000000,0.077887,0.060939
length,30.0,35.0,-20.0,-10.0,normal,0.000000,0.094974,0.082701
box_height,30.0,35.0,-20.0,-10.0,normal,0.000000,0.050417,0.047856
miss_detection,30.0,35.0,-10.0,0.0,constant,0.031818,,
distal,30.0,35.0,-10.0,0.0,normal,0.000000,0.063086,0.047948
perpendicular,30.0,35.0,-10.0,0.0,normal,0.000000,0.051782,0.039440
height,30.0,35.0,-10.0,0.0,normal,0.000000,0.030697,0.030560
yaw,30.0,35.0,-10.0,0.0,normal,0.000000,0.051787,0.073000
width,30.0,35.0,-10.0,0.0,normal,0.000000,0.104056,0.078108
length,30.0,35.0,-10.0,0.0,normal,0.000000,0.105965,0.078805
box_height,30.0,35.0,-10.0,0.0,normal,0.000000,0.049756,0.039847
miss_detection,30.0,35.0,0.0,10.0,constant,0.052392,,
distal,30.0,35.0,0.0,10.0,normal,0.000000,0.058970,0.047262
perpendicular,30.0,35.0,0.0,10.0,normal,0.000000,0.060537,0.044889
height,30.0,35.0,0.0,10.0,normal,0.000000,0.031309,0.030869
yaw,30.0,35.0,0.0,10.0,normal,0.000000,0.046273,0.088242
width,30.0,35.0,0.0,10.0,normal,0.000000,0.107369,0.082817
length,30.0,35.0,0.0,10.0,normal,0.000000,0.101986,0.075871
box_height,30.0,35.0,0.0,10.0,normal,0.000000,0.053360,0.041737
miss_detection,30.0,35.0,10.0,20.0,constant,0.551648,,
distal,30.0,35.0,10.0,20.0,normal,0.000000,0.087315,0.062203
perpendicular,30.0,35.0,10.0,20.0,normal,0.000000,0.068685,0.049382
height,30.0,35.0,10.0,20.0,normal,0.000000,0.035004,0.030654
yaw,30.0,35.0,10.0,20.0,normal,0.000000,0.053990,0.080171
width,30.0,35.0,10.0,20.0,normal,0.000000,0.114015,0.089366
length,30.0,35.0,10.0,20.0,normal,0.000000,0.185388,0.107023
box_height,30.0,35.0,10.0,20.0,normal,0.000000,0.060207,0.048918
miss_detection,30.0,35.0,20.0,30.0,constant,0.487923,,
distal,30.0,35.0,20.0,30.0,normal,0.000000,0.056099,0.044732
perpendicular,30.0,35.0,20.0,30.0,normal,0.000000,0.076954,0.059263
height,30.0,35.0,20.0,30.0,normal,0.000000,0.045044,0.039069
yaw,30.0,35.0,20.0,30.0,normal,0.000000,0.033385,0.068016
width,30.0,35.0,20.0,30.0,normal,0.000000,0.102139,0.077199
length,30.0,35.0,20.0,30.0,normal,0.000000,0.128811,0.102057
box_height,30.0,35.0,20.0,30.0,normal,0.000000,0.058445,0.048077
miss_detection,30.0,35.0,30.0,40.0,constant,1.000000,,
distal,30.0,35.0,30.0,40.0,normal,0.000000,0.113883,0.071738
perpendicular,30.0,35.0,30.0,40.0,normal,0.000000,0.080888,0.055199
height,30.0,35.0,30.0,40.0,normal,0.000000,0.056859,0.035965
yaw,30.0,35.0,30.0,40.0,normal,0.000000,0.312987,0.100466
width,30.0,35.0,30.0,40.0,normal,0.000000,0.118622,0.088224
length,30.0,35.0,30.0,40.0,normal,0.000000,0.158192,0.108543
box_height,30.0,35.0,30.0,40.0,normal,0.000000,0.075459,0.051630
miss_detection,30.0,35.0,40.0,50.0,constant,1.000000,,
distal,30.0,35.0,40.0,50.0,normal,0.000000,0.113883,0.071738
perpendicular,30.0,35.0,40.0,50.0,normal,0.000000,0.080888,0.055199
height,30.0,35.0,40.0,50.0,normal,0.000000,0.056859,0.035965
yaw,30.0,35.0,40.0,50.0,normal,0.000000,0.312987,0.100466
width,30.0,35.0,40.0,50.0,normal,0.000000,0.118622,0.088224
length,30.0,35.0,40.0,50.0,normal,0.000000,0.158192,0.108543
box_height,30.0,35.0,40.0,50.0,normal,0.000000,0.075459,0.051630
miss_detection,30.0,35.0,50.0,60.0,constant,1.000000,,
distal,30.0,35.0,50.0,60.0,normal,0.000000,0.113883,0.071738
perpendicular,30.0,35.0,50.0,60.0,normal,0.000000,0.080888,0.055199
height,30.0,35.0,50.0,60.0,normal,0.000000,0.056859,0.035965
yaw,30.0,35.0,50.0,60.0,normal,0.000000,0.312987,0.100466
width,30.0,35.0,50.0,60.0,normal,0.000000,0.118622,0.088224
length,30.0,35.0,50.0,60.0,normal,0.000000,0.158192,0.108543
box_height,30.0,35.0,50.0,60.0,normal,0.000000,0.075459,0.051630
miss_detection,30.0,35.0,60.0,70.0,constant,1.000000,,
distal,30.0,35.0,60.0,70.0,normal,0.000000,0.113883,0.071738
perpendicular,30.0,35.0,60.0,70.0,normal,0.000000,0.080888,0.055199
height,30.0,35.0,60.0,70.0,normal,0.000000,0.056859,0.035965
yaw,30.0,35.0,60.0,70.0,normal,0.000000,0.312987,0.100466
width,30.0,35.0,60.0,70.0,normal,0.000000,0.118622,0.088224
length,30.0,35.0,60.0,70.0,normal,0.000000,0.158192,0.108543
box_height,30.0,35.0,60.0,70.0,normal,0.000000,0.075459,0.051630
miss_detection,30.0,35.0,70.0,80.0,constant,1.000000,,
distal,30.0,35.0,70.0,80.0,normal,0.000000,0.113883,0.071738
perpendicular,30.0,35.0,70.0,80.0,normal,0.000000,0.080888,0.055199
height,30.0,35.0,70.0,80.0,normal,0.000000,0.056859,0.035965
yaw,30.0,35.0,70.0,80.0,normal,0.000000,0.312987,0.100466
width,30.0,35.0,70.0,80.0,normal,0.000000,0.118622,0.088224
length,30.0,35.0,70.0,80.0,normal,0.000000,0.158192,0.108543
box_height,30.0,35.0,70.0,80.0,normal,0.000000,0.075459,0.051630
miss_detection,30.0,35.0,80.0,90.0,constant,1.000000,,
distal,30.0,35.0,80.0,90.0,normal,0.000000,0.113883,0.071738
perpendicular,30.0,35.0,80.0,90.0,normal,0.000000,0.080888,0.055199
height,30.0,35.0,80.0,90.0,normal,0.000000,0.056859,0.035965
yaw,30.0,35.0,80.0,90.0,normal,0.000000,0.312987,0.100466
width,30.0,35.0,80.0,90.0,normal,0.000000,0.118622,0.088224
length,30.0,35.0,80.0,90.0,normal,0.000000,0.158192,0.108543
box_height,30.0,35.0,80.0,90.0,normal,0.000000,0.075459,0.051630
miss_detection,30.0,35.0,90.0,100.0,constant,1.000000,,
distal,30.0,35.0,90.0,100.0,normal,0.000000,0.113883,0.071738
perpendicular,30.0,35.0,90.0,100.0,normal,0.000000,0.080888,0.055199
height,30.0,35.0,90.0,100.0,normal,0.000000,0.056859,0.035965
yaw,30.0,35.0,90.0,100.0,normal,0.000000,0.312987,0.100466
width,30.0,35.0,90.0,100.0,normal,0.000000,0.118622,0.088224
length,30.0,35.0,90.0,100.0,normal,0.000000,0.158192,0.108543
box_height,30.0,35.0,90.0,100.0,normal,0.000000,0.075459,0.051630
miss_detection,30.0,35.0,100.0,110.0,constant,1.000000,,
distal,30.0,35.0,100.0,110.0,normal,0.000000,0.113883,0.071738
perpendicular,30.0,35.0,100.0,110.0,normal,0.000000,0.080888,0.055199
height,30.0,35.0,100.0,110.0,normal,0.000000,0.056859,0.035965
yaw,30.0,35.0,100.0,110.0,normal,0.000000,0.312987,0.100466
width,30.0,35.0,100.0,110.0,normal,0.000000,0.118622,0.088224
length,30.0,35.0,100.0,110.0,normal,0.000000,0.158192,0.108543
box_height,30.0,35.0,100.0,110.0,normal,0.000000,0.075459,0.051630
miss_detection,30.0,35.0,110.0,120.0,constant,1.000000,,
distal,30.0,35.0,110.0,120.0,normal,0.000000,0.113883,0.071738
perpendicular,30.0,35.0,110.0,120.0,normal,0.000000,0.080888,0.055199
height,30.0,35.0,110.0,120.0,normal,0.000000,0.056859,0.035965
yaw,30.0,35.0,110.0,120.0,normal,0.000000,0.312987,0.100466
width,30.0,35.0,110.0,120.0,normal,0.000000,0.118622,0.088224
length,30.0,35.0,110.0,120.0,normal,0.000000,0.158192,0.108543
box_height,30.0,35.0,110.0,120.0,normal,0.000000,0.075459,0.051630
miss_detection,30.0,35.0,120.0,130.0,constant,1.000000,,
distal,30.0,35.0,120.0,130.0,normal,0.000000,0.113883,0.071738
perpendicular,30.0,35.0,120.0,130.0,normal,0.000000,0.080888,0.055199
height,30.0,35.0,120.0,130.0,normal,0.000000,0.056859,0.035965
yaw,30.0,35.0,120.0,130.0,normal,0.000000,0.312987,0.100466
width,30.0,35.0,120.0,130.0,normal,0.000000,0.118622,0.088224
length,30.0,35.0,120.0,130.0,normal,0.000000,0.158192,0.108543
box_height,30.0,35.0,120.0,130.0,normal,0.000000,0.075459,0.051630
miss_detection,30.0,35.0,130.0,140.0,constant,1.000000,,
distal,30.0,35.0,130.0,140.0,normal,0.000000,0.113883,0.071738
perpendicular,30.0,35.0,130.0,140.0,normal,0.000000,0.080888,0.055199
height,30.0,35.0,130.0,140.0,normal,0.000000,0.056859,0.035965
yaw,30.0,35.0,130.0,140.0,normal,0.000000,0.312987,0.100466
width,30.0,35.0,130.0,140.0,normal,0.000000,0.118622,0.088224
length,30.0,35.0,130.0,140.0,normal,0.000000,0.158192,0.108543
box_height,30.0,35.0,130.0,140.0,normal,0.000000,0.075459,0.051630
miss_detection,30.0,35.0,140.0,150.0,constant,1.000000,,
distal,30.0,35.0,140.0,150.0,normal,0.000000,0.113883,0.071738
perpendicular,30.0,35.0,140.0,150.0,normal,0.000000,0.080888,0.055199
height,30.0,35.0,140.0,150.0,normal,0.000000,0.056859,0.035965
yaw,30.0,35.0,140.0,150.0,normal,0.000000,0.312987,0.100466
width,30.0,35.0,140.0,150.0,normal,0.000000,0.118622,0.088224
length,30.0,35.0,140.0,150.0,normal,0.000000,0.158192,0.108543
box_height,30.0,35.0,140.0,150.0,normal,0.000000,0.075459,0.051630
miss_detection,30.0,35.0,150.0,160.0,constant,1.000000,,
distal,30.0,35.0,150.0,160.0,normal,0.000000,0.113883,0.071738
perpendicular,30.0,35.0,150.0,160.0,normal,0.000000,0.080888,0.055199
height,30.0,35.0,150.0,160.0,normal,0.000000,0.056859,0.035965
yaw,30.0,35.0,150.0,160.0,normal,0.000000,0.312987,0.100466
width,30.0,35.0,150.0,160.0,normal,0.000000,0.118622,0.088224
length,30.0,35.0,150.0,160.0,normal,0.000000,0.158192,0.108543
box_height,30.0,35.0,150.0,160.0,normal,0.000000,0.075459,0.051630
miss_detection,30.0,35.0,160.0,170.0,constant,1.000000,,
distal,30.0,35.0,160.0,170.0,normal,0.000000,0.113883,0.071738
perpendicular,30.0,35.0,160.0,170.0,normal,0.000000,0.080888,0.055199
height,30.0,35.0,160.0,170.0,normal,0.000000,0.056859,0.035965
yaw,30.0,35.0,160.0,170.0,normal,0.000000,0.312987,0.100466
width,30.0,35.0,160.0,170.0,normal,0.000000,0.118622,0.088224
length,30.0,35.0,160.0,170.0,normal,0.000000,0.158192,0.108543
box_height,30.0,35.0,160.0,170.0,normal,0.000000,0.075459,0.051630
miss_detection,30.0,35.0,170.0,180.0,constant,1.000000,,
distal,30.0,35.0,170.0,180.0,normal,0.000000,0.113883,0.071738
perpendicular,30.0,35.0,170.0,180.0,normal,0.000000,0.080888,0.055199
height,30.0,35.0,170.0,180.0,normal,0.000000,0.056859,0.035965
yaw,30.0,35.0,170.0,180.0,normal,0.000000,0.312987,0.100466
width,30.0,35.0,170.0,180.0,normal,0.000000,0.118622,0.088224
length,30.0,35.0,170.0,180.0,normal,0.000000,0.158192,0.108543
box_height,30.0,35.0,170.0,180.0,normal,0.000000,0.075459,0.051630
miss_detection,35.0,40.0,-180.0,-170.0,constant,1.000000,,
distal,35.0,40.0,-180.0,-170.0,normal,0.000000,0.113883,0.071738
perpendicular,35.0,40.0,-180.0,-170.0,normal,0.000000,0.080888,0.055199
height,35.0,40.0,-180.0,-170.0,normal,0.000000,0.056859,0.035965
yaw,35.0,40.0,-180.0,-170.0,normal,0.000000,0.312987,0.100466
width,35.0,40.0,-180.0,-170.0,normal,0.000000,0.118622,0.088224
length,35.0,40.0,-180.0,-170.0,normal,0.000000,0.158192,0.108543
box_height,35.0,40.0,-180.0,-170.0,normal,0.000000,0.075459,0.051630
miss_detection,35.0,40.0,-170.0,-160.0,constant,1.000000,,
distal,35.0,40.0,-170.0,-160.0,normal,0.000000,0.113883,0.071738
perpendicular,35.0,40.0,-170.0,-160.0,normal,0.000000,0.080888,0.055199
height,35.0,40.0,-170.0,-160.0,normal,0.000000,0.056859,0.035965
yaw,35.0,40.0,-170.0,-160.0,normal,0.000000,0.312987,0.100466
width,35.0,40.0,-170.0,-160.0,normal,0.000000,0.118622,0.088224
length,35.0,40.0,-170.0,-160.0,normal,0.000000,0.158192,0.108543
box_height,35.0,40.0,-170.0,-160.0,normal,0.000000,0.075459,0.051630
miss_detection,35.0,40.0,-160.0,-150.0,constant,1.000000,,
distal,35.0,40.0,-160.0,-150.0,normal,0.000000,0.113883,0.071738
perpendicular,35.0,40.0,-160.0,-150.0,normal,0.000000,0.080888,0.055199
height,35.0,40.0,-160.0,-150.0,normal,0.000000,0.056859,0.035965
yaw,35.0,40.0,-160.0,-150.0,normal,0.000000,0.312987,0.100466
width,35.0,40.0,-160.0,-150.0,normal,0.000000,0.118622,0.088224
length,35.0,40.0,-160.0,-150.0,normal,0.000000,0.158192,0.108543
box_height,35.0,40.0,-160.0,-150.0,normal,0.000000,0.075459,0.051630
miss_detection,35.0,40.0,-150.0,-140.0,constant,1.000000,,
distal,35.0,40.0,-150.0,-140.0,normal,0.000000,0.113883,0.071738
perpendicular,35.0,40.0,-150.0,-140.0,normal,0.000000,0.080888,0.055199
height,35.0,40.0,-150.0,-140.0,normal,0.000000,0.056859,0.035965
yaw,35.0,40.0,-150.0,-140.0,normal,0.000000,0.312987,0.100466
width,35.0,40.0,-150.0,-140.0,normal,0.000000,0.118622,0.088224
length,35.0,40.0,-150.0,-140.0,normal,0.000000,0.158192,0.108543
box_height,35.0,40.0,-150.0,-140.0,normal,0.000000,0.075459,0.051630
miss_detection,35.0,40.0,-140.0,-130.0,constant,1.000000,,
distal,35.0,40.0,-140.0,-130.0,normal,0.000000,0.113883,0.071738
perpendicular,35.0,40.0,-140.0,-130.0,normal,0.000000,0.080888,0.055199
height,35.0,40.0,-140.0,-130.0,normal,0.000000,0.056859,0.035965
yaw,35.0,40.0,-140.0,-130.0,normal,0.000000,0.312987,0.100466
width,35.0,40.0,-140.0,-130.0,normal,0.000000,0.118622,0.088224
length,35.0,40.0,-140.0,-130.0,normal,0.000000,0.158192,0.108543
box_height,35.0,40.0,-140.0,-130.0,normal,0.000000,0.075459,0.051630
miss_detection,35.0,40.0,-130.0,-120.0,constant,1.000000,,
distal,35.0,40.0,-130.0,-120.0,normal,0.000000,0.113883,0.071738
perpendicular,35.0,40.0,-130.0,-120.0,normal,0.000000,0.080888,0.055199
height,35.0,40.0,-130.0,-120.0,normal,0.000000,0.056859,0.035965
yaw,35.0,40.0,-130.0,-120.0,normal,0.000000,0.312987,0.100466
width,35.0,40.0,-130.0,-120.0,normal,0.000000,0.118622,0.088224
length,35.0,40.0,-130.0,-120.0,normal,0.000000,0.158192,0.108543
box_height,35.0,40.0,-130.0,-120.0,normal,0.000000,0.075459,0.051630
miss_detection,35.0,40.0,-120.0,-110.0,constant,1.000000,,
distal,35.0,40.0,-120.0,-110.0,normal,0.000000,0.113883,0.071738
perpendicular,35.0,40.0,-120.0,-110.0,normal,0.000000,0.080888,0.055199
height,35.0,40.0,-120.0,-110.0,normal,0.000000,0.056859,0.035965
yaw,35.0,40.0,-120.0,-110.0,normal,0.000000,0.312987,0.100466
width,35.0,40.0,-120.0,-110.0,normal,0.000000,0.118622,0.088224
length,35.0,40.0,-120.0,-110.0,normal,0.000000,0.158192,0.108543
box_height,35.0,40.0,-120.0,-110.0,normal,0.000000,0.075459,0.051630
miss_detection,35.0,40.0,-110.0,-100.0,constant,1.000000,,
distal,35.0,40.0,-110.0,-100.0,normal,0.000000,0.113883,0.071738
perpendicular,35.0,40.0,-110.0,-100.0,normal,0.000000,0.080888,0.055199
height,35.0,40.0,-110.0,-100.0,normal,0.000000,0.056859,0.035965
yaw,35.0,40.0,-110.0,-100.0,normal,0.000000,0.312987,0.100466
width,35.0,40.0,-110.0,-100.0,normal,0.000000,0.118622,0.088224
length,35.0,40.0,-110.0,-100.0,normal,0.000000,0.158192,0.108543
box_height,35.0,40.0,-110.0,-100.0,normal,0.000000,0.075459,0.051630
miss_detection,35.0,40.0,-100.0,-90.0,constant,1.000000,,
distal,35.0,40.0,-100.0,-90.0,normal,0.000000,0.113883,0.071738
perpendicular,35.0,40.0,-100.0,-90.0,normal,0.000000,0.080888,0.055199
height,35.0,40.0,-100.0,-90.0,normal,0.000000,0.056859,0.035965
yaw,35.0,40.0,-100.0,-90.0,normal,0.000000,0.312987,0.100466
width,35.0,40.0,-100.0,-90.0,normal,0.000000,0.118622,0.088224
length,35.0,40.0,-100.0,-90.0,normal,0.000000,0.158192,0.108543
box_height,35.0,40.0,-100.0,-90.0,normal,0.000000,0.075459,0.051630
miss_detection,35.0,40.0,-90.0,-80.0,constant,1.000000,,
distal,35.0,40.0,-90.0,-80.0,normal,0.000000,0.113883,0.071738
perpendicular,35.0,40.0,-90.0,-80.0,normal,0.000000,0.080888,0.055199
height,35.0,40.0,-90.0,-80.0,normal,0.000000,0.056859,0.035965
yaw,35.0,40.0,-90.0,-80.0,normal,0.000000,0.312987,0.100466
width,35.0,40.0,-90.0,-80.0,normal,0.000000,0.118622,0.088224
length,35.0,40.0,-90.0,-80.0,normal,0.000000,0.158192,0.108543
box_height,35.0,40.0,-90.0,-80.0,normal,0.000000,0.075459,0.051630
miss_detection,35.0,40.0,-80.0,-70.0,constant,1.000000,,
distal,35.0,40.0,-80.0,-70.0,normal,0.000000,0.113883,0.071738
perpendicular,35.0,40.0,-80.0,-70.0,normal,0.000000,0.080888,0.055199
height,35.0,40.0,-80.0,-70.0,normal,0.000000,0.056859,0.035965
yaw,35.0,40.0,-80.0,-70.0,normal,0.000000,0.312987,0.100466
width,35.0,40.0,-80.0,-70.0,normal,0.000000,0.118622,0.088224
length,35.0,40.0,-80.0,-70.0,normal,0.000000,0.158192,0.108543
box_height,35.0,40.0,-80.0,-70.0,normal,0.000000,0.075459,0.051630
miss_detection,35.0,40.0,-70.0,-60.0,constant,1.000000,,
distal,35.0,40.0,-70.0,-60.0,normal,0.000000,0.113883,0.071738
perpendicular,35.0,40.0,-70.0,-60.0,normal,0.000000,0.080888,0.055199
height,35.0,40.0,-70.0,-60.0,normal,0.000000,0.056859,0.035965
yaw,35.0,40.0,-70.0,-60.0,normal,0.000000,0.312987,0.100466
width,35.0,40.0,-70.0,-60.0,normal,0.000000,0.118622,0.088224
length,35.0,40.0,-70.0,-60.0,normal,0.000000,0.158192,0.108543
box_height,35.0,40.0,-70.0,-60.0,normal,0.000000,0.075459,0.051630
miss_detection,35.0,40.0,-60.0,-50.0,constant,1.000000,,
distal,35.0,40.0,-60.0,-50.0,normal,0.000000,0.113883,0.071738
perpendicular,35.0,40.0,-60.0,-50.0,normal,0.000000,0.080888,0.055199
height,35.0,40.0,-60.0,-50.0,normal,0.000000,0.056859,0.035965
yaw,35.0,40.0,-60.0,-50.0,normal,0.000000,0.312987,0.100466
width,35.0,40.0,-60.0,-50.0,normal,0.000000,0.118622,0.088224
length,35.0,40.0,-60.0,-50.0,normal,0.000000,0.158192,0.108543
box_height,35.0,40.0,-60.0,-50.0,normal,0.000000,0.075459,0.051630
miss_detection,35.0,40.0,-50.0,-40.0,constant,1.000000,,
distal,35.0,40.0,-50.0,-40.0,normal,0.000000,0.113883,0.071738
perpendicular,35.0,40.0,-50.0,-40.0,normal,0.000000,0.080888,0.055199
height,35.0,40.0,-50.0,-40.0,normal,0.000000,0.056859,0.035965
yaw,35.0,40.0,-50.0,-40.0,normal,0.000000,0.312987,0.100466
width,35.0,40.0,-50.0,-40.0,normal,0.000000,0.118622,0.088224
length,35.0,40.0,-50.0,-40.0,normal,0.000000,0.158192,0.108543
box_height,35.0,40.0,-50.0,-40.0,normal,0.000000,0.075459,0.051630
miss_detection,35.0,40.0,-40.0,-30.0,constant,1.000000,,
distal,35.0,40.0,-40.0,-30.0,normal,0.000000,0.113883,0.071738
perpendicular,35.0,40.0,-40.0,-30.0,normal,0.000000,0.080888,0.055199
height,35.0,40.0,-40.0,-30.0,normal,0.000000,0.056859,0.035965
yaw,35.0,40.0,-40.0,-30.0,normal,0.000000,0.312987,0.100466
width,35.0,40.0,-40.0,-30.0,normal,0.000000,0.118622,0.088224
length,35.0,40.0,-40.0,-30.0,normal,0.000000,0.158192,0.108543
box_height,35.0,40.0,-40.0,-30.0,normal,0.000000,0.075459,0.051630
miss_detection,35.0,40.0,-30.0,-20.0,constant,0.636364,,
distal,35.0,40.0,-30.0,-20.0,normal,0.000000,0.026645,0.046228
perpendicular,35.0,40.0,-30.0,-20.0,normal,0.000000,0.072089,0.096675
height,35.0,40.0,-30.0,-20.0,normal,0.000000,0.029654,0.032627
yaw,35.0,40.0,-30.0,-20.0,normal,0.000000,0.017041,0.072946
width,35.0,40.0,-30.0,-20.0,normal,0.000000,0.035320,0.036455
length,35.0,40.0,-30.0,-20.0,normal,0.000000,0.143608,0.124607
box_height,35.0,40.0,-30.0,-20.0,normal,0.000000,0.085702,0.062713
miss_detection,35.0,40.0,-20.0,-10.0,constant,0.112500,,
distal,35.0,40.0,-20.0,-10.0,normal,0.000000,0.063608,0.046441
perpendicular,35.0,40.0,-20.0,-10.0,normal,0.000000,0.066129,0.051740
height,35.0,40.0,-20.0,-10.0,normal,0.000000,0.039674,0.035130
yaw,35.0,40.0,-20.0,-10.0,normal,0.000000,0.033865,0.074738
width,35.0,40.0,-20.0,-10.0,normal,0.000000,0.114329,0.087908
length,35.0,40.0,-20.0,-10.0,normal,0.000000,0.136425,0.099139
box_height,35.0,40.0,-20.0,-10.0,normal,0.000000,0.056426,0.043998
miss_detection,35.0,40.0,-10.0,0.0,constant,0.084479,,
distal,35.0,40.0,-10.0,0.0,normal,0.000000,0.056505,0.044070
perpendicular,35.0,40.0,-10.0,0.0,normal,0.000000,0.056297,0.042480
height,35.0,40.0,-10.0,0.0,normal,0.000000,0.036420,0.030283
yaw,35.0,40.0,-10.0,0.0,normal,0.000000,0.039229,0.068045
width,35.0,40.0,-10.0,0.0,normal,0.000000,0.115079,0.086483
length,35.0,40.0,-10.0,0.0,normal,0.000000,0.094519,0.071613
box_height,35.0,40.0,-10.0,0.0,normal,0.000000,0.055804,0.043831
miss_detection,35.0,40.0,0.0,10.0,constant,0.106557,,
distal,35.0,40.0,0.0,10.0,normal,0.000000,0.064244,0.048573
perpendicular,35.0,40.0,0.0,10.0,normal,0.000000,0.063285,0.045681
height,35.0,40.0,0.0,10.0,normal,0.000000,0.035310,0.030058
yaw,35.0,40.0,0.0,10.0,normal,0.000000,0.046868,0.067681
width,35.0,40.0,0.0,10.0,normal,0.000000,0.114024,0.087125
length,35.0,40.0,0.0,10.0,normal,0.000000,0.112955,0.083846
box_height,35.0,40.0,0.0,10.0,normal,0.000000,0.059702,0.048222
miss_detection,35.0,40.0,10.0,20.0,constant,0.341270,,
distal,35.0,40.0,10.0,20.0,normal,0.000000,0.064879,0.047595
perpendicular,35.0,40.0,10.0,20.0,normal,0.000000,0.052741,0.040465
height,35.0,40.0,10.0,20.0,normal,0.000000,0.035312,0.029712
yaw,35.0,40.0,10.0,20.0,normal,0.000000,0.043121,0.063187
width,35.0,40.0,10.0,20.0,normal,0.000000,0.127229,0.097425
length,35.0,40.0,10.0,20.0,normal,0.000000,0.111768,0.087038
box_height,35.0,40.0,10.0,20.0,normal,0.000000,0.056267,0.045286
miss_detection,35.0,40.0,20.0,30.0,constant,0.526316,,
distal,35.0,40.0,20.0,30.0,normal,0.000000,0.077650,0.060197
perpendicular,35.0,40.0,20.0,30.0,normal,0.000000,0.052098,0.045934
height,35.0,40.0,20.0,30.0,normal,0.000000,0.026244,0.022201
yaw,35.0,40.0,20.0,30.0,normal,0.000000,0.041690,0.043095
width,35.0,40.0,20.0,30.0,normal,0.000000,0.077359,0.062337
length,35.0,40.0,20.0,30.0,normal,0.000000,0.159381,0.122953
box_height,35.0,40.0,20.0,30.0,normal,0.000000,0.061716,0.051346
miss_detection,35.0,40.0,30.0,40.0,constant,1.000000,,
distal,35.0,40.0,30.0,40.0,normal,0.000000,0.113883,0.071738
perpendicular,35.0,40.0,30.0,40.0,normal,0.000000,0.080888,0.055199
height,35.0,40.0,30.0,40.0,normal,0.000000,0.056859,0.035965
yaw,35.0,40.0,30.0,40.0,normal,0.000000,0.312987,0.100466
width,35.0,40.0,30.0,40.0,normal,0.000000,0.118622,0.088224
length,35.0,40.0,30.0,40.0,normal,0.000000,0.158192,0.108543
box_height,35.0,40.0,30.0,40.0,normal,0.000000,0.075459,0.051630
miss_detection,35.0,40.0,40.0,50.0,constant,1.000000,,
distal,35.0,40.0,40.0,50.0,normal,0.000000,0.113883,0.071738
perpendicular,35.0,40.0,40.0,50.0,normal,0.000000,0.080888,0.055199
height,35.0,40.0,40.0,50.0,normal,0.000000,0.056859,0.035965
yaw,35.0,40.0,40.0,50.0,normal,0.000000,0.312987,0.100466
width,35.0,40.0,40.0,50.0,normal,0.000000,0.118622,0.088224
length,35.0,40.0,40.0,50.0,normal,0.000000,0.158192,0.108543
box_height,35.0,40.0,40.0,50.0,normal,0.000000,0.075459,0.051630
miss_detection,35.0,40.0,50.0,60.0,constant,1.000000,,
distal,35.0,40.0,50.0,60.0,normal,0.000000,0.113883,0.071738
perpendicular,35.0,40.0,50.0,60.0,normal,0.000000,0.080888,0.055199
height,35.0,40.0,50.0,60.0,normal,0.000000,0.056859,0.035965
yaw,35.0,40.0,50.0,60.0,normal,0.000000,0.312987,0.100466
width,35.0,40.0,50.0,60.0,normal,0.000000,0.118622,0.088224
length,35.0,40.0,50.0,60.0,normal,0.000000,0.158192,0.108543
box_height,35.0,40.0,50.0,60.0,normal,0.000000,0.075459,0.051630
miss_detection,35.0,40.0,60.0,70.0,constant,1.000000,,
distal,35.0,40.0,60.0,70.0,normal,0.000000,0.113883,0.071738
perpendicular,35.0,40.0,60.0,70.0,normal,0.000000,0.080888,0.055199
height,35.0,40.0,60.0,70.0,normal,0.000000,0.056859,0.035965
yaw,35.0,40.0,60.0,70.0,normal,0.000000,0.312987,0.100466
width,35.0,40.0,60.0,70.0,normal,0.000000,0.118622,0.088224
length,35.0,40.0,60.0,70.0,normal,0.000000,0.158192,0.108543
box_height,35.0,40.0,60.0,70.0,normal,0.000000,0.075459,0.051630
miss_detection,35.0,40.0,70.0,80.0,constant,1.000000,,
distal,35.0,40.0,70.0,80.0,normal,0.000000,0.113883,0.071738
perpendicular,35.0,40.0,70.0,80.0,normal,0.000000,0.080888,0.055199
height,35.0,40.0,70.0,80.0,normal,0.000000,0.056859,0.035965
yaw,35.0,40.0,70.0,80.0,normal,0.000000,0.312987,0.100466
width,35.0,40.0,70.0,80.0,normal,0.000000,0.118622,0.088224
length,35.0,40.0,70.0,80.0,normal,0.000000,0.158192,0.108543
box_height,35.0,40.0,70.0,80.0,normal,0.000000,0.075459,0.051630
miss_detection,35.0,40.0,80.0,90.0,constant,1.000000,,
distal,35.0,40.0,80.0,90.0,normal,0.000000,0.113883,0.071738
perpendicular,35.0,40.0,80.0,90.0,normal,0.000000,0.080888,0.055199
height,35.0,40.0,80.0,90.0,normal,0.000000,0.056859,0.035965
yaw,35.0,40.0,80.0,90.0,normal,0.000000,0.312987,0.100466
width,35.0,40.0,80.0,90.0,normal,0.000000,0.118622,0.088224
length,35.0,40.0,80.0,90.0,normal,0.000000,0.158192,0.108543
box_height,35.0,40.0,80.0,90.0,normal,0.000000,0.075459,0.051630
miss_detection,35.0,40.0,90.0,100.0,constant,1.000000,,
distal,35.0,40.0,90.0,100.0,normal,0.000000,0.113883,0.071738
perpendicular,35.0,40.0,90.0,100.0,normal,0.000000,0.080888,0.055199
height,35.0,40.0,90.0,100.0,normal,0.000000,0.056859,0.035965
yaw,35.0,40.0,90.0,100.0,normal,0.000000,0.312987,0.100466
width,35.0,40.0,90.0,100.0,normal,0.000000,0.118622,0.088224
length,35.0,40.0,90.0,100.0,normal,0.000000,0.158192,0.108543
box_height,35.0,40.0,90.0,100.0,normal,0.000000,0.075459,0.051630
miss_detection,35.0,40.0,100.0,110.0,constant,1.000000,,
distal,35.0,40.0,100.0,110.0,normal,0.000000,0.113883,0.071738
perpendicular,35.0,40.0,100.0,110.0,normal,0.000000,0.080888,0.055199
height,35.0,40.0,100.0,110.0,normal,0.000000,0.056859,0.035965
yaw,35.0,40.0,100.0,110.0,normal,0.000000,0.312987,0.100466
width,35.0,40.0,100.0,110.0,normal,0.000000,0.118622,0.088224
length,35.0,40.0,100.0,110.0,normal,0.000000,0.158192,0.108543
box_height,35.0,40.0,100.0,110.0,normal,0.000000,0.075459,0.051630
miss_detection,35.0,40.0,110.0,120.0,constant,1.000000,,
distal,35.0,40.0,110.0,120.0,normal,0.000000,0.113883,0.071738
perpendicular,35.0,40.0,110.0,120.0,normal,0.000000,0.080888,0.055199
height,35.0,40.0,110.0,120.0,normal,0.000000,0.056859,0.035965
yaw,35.0,40.0,110.0,120.0,normal,0.000000,0.312987,0.100466
width,35.0,40.0,110.0,120.0,normal,0.000000,0.118622,0.088224
length,35.0,40.0,110.0,120.0,normal,0.000000,0.158192,0.108543
box_height,35.0,40.0,110.0,120.0,normal,0.000000,0.075459,0.051630
miss_detection,35.0,40.0,120.0,130.0,constant,1.000000,,
distal,35.0,40.0,120.0,130.0,normal,0.000000,0.113883,0.071738
perpendicular,35.0,40.0,120.0,130.0,normal,0.000000,0.080888,0.055199
height,35.0,40.0,120.0,130.0,normal,0.000000,0.056859,0.035965
yaw,35.0,40.0,120.0,130.0,normal,0.000000,0.312987,0.100466
width,35.0,40.0,120.0,130.0,normal,0.000000,0.118622,0.088224
length,35.0,40.0,120.0,130.0,normal,0.000000,0.158192,0.108543
box_height,35.0,40.0,120.0,130.0,normal,0.000000,0.075459,0.051630
miss_detection,35.0,40.0,130.0,140.0,constant,1.000000,,
distal,35.0,40.0,130.0,140.0,normal,0.000000,0.113883,0.071738
perpendicular,35.0,40.0,130.0,140.0,normal,0.000000,0.080888,0.055199
height,35.0,40.0,130.0,140.0,normal,0.000000,0.056859,0.035965
yaw,35.0,40.0,130.0,140.0,normal,0.000000,0.312987,0.100466
width,35.0,40.0,130.0,140.0,normal,0.000000,0.118622,0.088224
length,35.0,40.0,130.0,140.0,normal,0.000000,0.158192,0.108543
box_height,35.0,40.0,130.0,140.0,normal,0.000000,0.075459,0.051630
miss_detection,35.0,40.0,140.0,150.0,constant,1.000000,,
distal,35.0,40.0,140.0,150.0,normal,0.000000,0.113883,0.071738
perpendicular,35.0,40.0,140.0,150.0,normal,0.000000,0.080888,0.055199
height,35.0,40.0,140.0,150.0,normal,0.000000,0.056859,0.035965
yaw,35.0,40.0,140.0,150.0,normal,0.000000,0.312987,0.100466
width,35.0,40.0,140.0,150.0,normal,0.000000,0.118622,0.088224
length,35.0,40.0,140.0,150.0,normal,0.000000,0.158192,0.108543
box_height,35.0,40.0,140.0,150.0,normal,0.000000,0.075459,0.051630
miss_detection,35.0,40.0,150.0,160.0,constant,1.000000,,
distal,35.0,40.0,150.0,160.0,normal,0.000000,0.113883,0.071738
perpendicular,35.0,40.0,150.0,160.0,normal,0.000000,0.080888,0.055199
height,35.0,40.0,150.0,160.0,normal,0.000000,0.056859,0.035965
yaw,35.0,40.0,150.0,160.0,normal,0.000000,0.312987,0.100466
width,35.0,40.0,150.0,160.0,normal,0.000000,0.118622,0.088224
length,35.0,40.0,150.0,160.0,normal,0.000000,0.158192,0.108543
box_height,35.0,40.0,150.0,160.0,normal,0.000000,0.075459,0.051630
miss_detection,35.0,40.0,160.0,170.0,constant,1.000000,,
distal,35.0,40.0,160.0,170.0,normal,0.000000,0.113883,0.071738
perpendicular,35.0,40.0,160.0,170.0,normal,0.000000,0.080888,0.055199
height,35.0,40.0,160.0,170.0,normal,0.000000,0.056859,0.035965
yaw,35.0,40.0,160.0,170.0,normal,0.000000,0.312987,0.100466
width,35.0,40.0,160.0,170.0,normal,0.000000,0.118622,0.088224
length,35.0,40.0,160.0,170.0,normal,0.000000,0.158192,0.108543
box_height,35.0,40.0,160.0,170.0,normal,0.000000,0.075459,0.051630
miss_detection,35.0,40.0,170.0,180.0,constant,1.000000,,
distal,35.0,40.0,170.0,180.0,normal,0.000000,0.113883,0.071738
perpendicular,35.0,40.0,170.0,180.0,normal,0.000000,0.080888,0.055199
height,35.0,40.0,170.0,180.0,normal,0.000000,0.056859,0.035965
yaw,35.0,40.0,170.0,180.0,normal,0.000000,0.312987,0.100466
width,35.0,40.0,170.0,180.0,normal,0.000000,0.118622,0.088224
length,35.0,40.0,170.0,180.0,normal,0.000000,0.158192,0.108543
box_height,35.0,40.0,170.0,180.0,normal,0.000000,0.075459,0.051630
miss_detection,40.0,45.0,-180.0,-170.0,constant,1.000000,,
distal,40.0,45.0,-180.0,-170.0,normal,0.000000,0.113883,0.071738
perpendicular,40.0,45.0,-180.0,-170.0,normal,0.000000,0.080888,0.055199
height,40.0,45.0,-180.0,-170.0,normal,0.000000,0.056859,0.035965
yaw,40.0,45.0,-180.0,-170.0,normal,0.000000,0.312987,0.100466
width,40.0,45.0,-180.0,-170.0,normal,0.000000,0.118622,0.088224
length,40.0,45.0,-180.0,-170.0,normal,0.000000,0.158192,0.108543
box_height,40.0,45.0,-180.0,-170.0,normal,0.000000,0.075459,0.051630
miss_detection,40.0,45.0,-170.0,-160.0,constant,1.000000,,
distal,40.0,45.0,-170.0,-160.0,normal,0.000000,0.113883,0.071738
perpendicular,40.0,45.0,-170.0,-160.0,normal,0.000000,0.080888,0.055199
height,40.0,45.0,-170.0,-160.0,normal,0.000000,0.056859,0.035965
yaw,40.0,45.0,-170.0,-160.0,normal,0.000000,0.312987,0.100466
width,40.0,45.0,-170.0,-160.0,normal,0.000000,0.118622,0.088224
length,40.0,45.0,-170.0,-160.0,normal,0.000000,0.158192,0.108543
box_height,40.0,45.0,-170.0,-160.0,normal,0.000000,0.075459,0.051630
miss_detection,40.0,45.0,-160.0,-150.0,constant,1.000000,,
distal,40.0,45.0,-160.0,-150.0,normal,0.000000,0.113883,0.071738
perpendicular,40.0,45.0,-160.0,-150.0,normal,0.000000,0.080888,0.055199
height,40.0,45.0,-160.0,-150.0,normal,0.000000,0.056859,0.035965
yaw,40.0,45.0,-160.0,-150.0,normal,0.000000,0.312987,0.100466
width,40.0,45.0,-160.0,-150.0,normal,0.000000,0.118622,0.088224
length,40.0,45.0,-160.0,-150.0,normal,0.000000,0.158192,0.108543
box_height,40.0,45.0,-160.0,-150.0,normal,0.000000,0.075459,0.051630
miss_detection,40.0,45.0,-150.0,-140.0,constant,1.000000,,
distal,40.0,45.0,-150.0,-140.0,normal,0.000000,0.113883,0.071738
perpendicular,40.0,45.0,-150.0,-140.0,normal,0.000000,0.080888,0.055199
height,40.0,45.0,-150.0,-140.0,normal,0.000000,0.056859,0.035965
yaw,40.0,45.0,-150.0,-140.0,normal,0.000000,0.312987,0.100466
width,40.0,45.0,-150.0,-140.0,normal,0.000000,0.118622,0.088224
length,40.0,45.0,-150.0,-140.0,normal,0.000000,0.158192,0.108543
box_height,40.0,45.0,-150.0,-140.0,normal,0.000000,0.075459,0.051630
miss_detection,40.0,45.0,-140.0,-130.0,constant,1.000000,,
distal,40.0,45.0,-140.0,-130.0,normal,0.000000,0.113883,0.071738
perpendicular,40.0,45.0,-140.0,-130.0,normal,0.000000,0.080888,0.055199
height,40.0,45.0,-140.0,-130.0,normal,0.000000,0.056859,0.035965
yaw,40.0,45.0,-140.0,-130.0,normal,0.000000,0.312987,0.100466
width,40.0,45.0,-140.0,-130.0,normal,0.000000,0.118622,0.088224
length,40.0,45.0,-140.0,-130.0,normal,0.000000,0.158192,0.108543
box_height,40.0,45.0,-140.0,-130.0,normal,0.000000,0.075459,0.051630
miss_detection,40.0,45.0,-130.0,-120.0,constant,1.000000,,
distal,40.0,45.0,-130.0,-120.0,normal,0.000000,0.113883,0.071738
perpendicular,40.0,45.0,-130.0,-120.0,normal,0.000000,0.080888,0.055199
height,40.0,45.0,-130.0,-120.0,normal,0.000000,0.056859,0.035965
yaw,40.0,45.0,-130.0,-120.0,normal,0.000000,0.312987,0.100466
width,40.0,45.0,-130.0,-120.0,normal,0.000000,0.118622,0.088224
length,40.0,45.0,-130.0,-120.0,normal,0.000000,0.158192,0.108543
box_height,40.0,45.0,-130.0,-120.0,normal,0.000000,0.075459,0.051630
miss_detection,40.0,45.0,-120.0,-110.0,constant,1.000000,,
distal,40.0,45.0,-120.0,-110.0,normal,0.000000,0.113883,0.071738
perpendicular,40.0,45.0,-120.0,-110.0,normal,0.000000,0.080888,0.055199
height,40.0,45.0,-120.0,-110.0,normal,0.000000,0.056859,0.035965
yaw,40.0,45.0,-120.0,-110.0,normal,0.000000,0.312987,0.100466
width,40.0,45.0,-120.0,-110.0,normal,0.000000,0.118622,0.088224
length,40.0,45.0,-120.0,-110.0,normal,0.000000,0.158192,0.108543
box_height,40.0,45.0,-120.0,-110.0,normal,0.000000,0.075459,0.051630
miss_detection,40.0,45.0,-110.0,-100.0,constant,1.000000,,
distal,40.0,45.0,-110.0,-100.0,normal,0.000000,0.113883,0.071738
perpendicular,40.0,45.0,-110.0,-100.0,normal,0.000000,0.080888,0.055199
height,40.0,45.0,-110.0,-100.0,normal,0.000000,0.056859,0.035965
yaw,40.0,45.0,-110.0,-100.0,normal,0.000000,0.312987,0.100466
width,40.0,45.0,-110.0,-100.0,normal,0.000000,0.118622,0.088224
length,40.0,45.0,-110.0,-100.0,normal,0.000000,0.158192,0.108543
box_height,40.0,45.0,-110.0,-100.0,normal,0.000000,0.075459,0.051630
miss_detection,40.0,45.0,-100.0,-90.0,constant,1.000000,,
distal,40.0,45.0,-100.0,-90.0,normal,0.000000,0.113883,0.071738
perpendicular,40.0,45.0,-100.0,-90.0,normal,0.000000,0.080888,0.055199
height,40.0,45.0,-100.0,-90.0,normal,0.000000,0.056859,0.035965
yaw,40.0,45.0,-100.0,-90.0,normal,0.000000,0.312987,0.100466
width,40.0,45.0,-100.0,-90.0,normal,0.000000,0.118622,0.088224
length,40.0,45.0,-100.0,-90.0,normal,0.000000,0.158192,0.108543
box_height,40.0,45.0,-100.0,-90.0,normal,0.000000,0.075459,0.051630
miss_detection,40.0,45.0,-90.0,-80.0,constant,1.000000,,
distal,40.0,45.0,-90.0,-80.0,normal,0.000000,0.113883,0.071738
perpendicular,40.0,45.0,-90.0,-80.0,normal,0.000000,0.080888,0.055199
height,40.0,45.0,-90.0,-80.0,normal,0.000000,0.056859,0.035965
yaw,40.0,45.0,-90.0,-80.0,normal,0.000000,0.312987,0.100466
width,40.0,45.0,-90.0,-80.0,normal,0.000000,0.118622,0.088224
length,40.0,45.0,-90.0,-80.0,normal,0.000000,0.158192,0.108543
box_height,40.0,45.0,-90.0,-80.0,normal,0.000000,0.075459,0.051630
miss_detection,40.0,45.0,-80.0,-70.0,constant,1.000000,,
distal,40.0,45.0,-80.0,-70.0,normal,0.000000,0.113883,0.071738
perpendicular,40.0,45.0,-80.0,-70.0,normal,0.000000,0.080888,0.055199
height,40.0,45.0,-80.0,-70.0,normal,0.000000,0.056859,0.035965
yaw,40.0,45.0,-80.0,-70.0,normal,0.000000,0.312987,0.100466
width,40.0,45.0,-80.0,-70.0,normal,0.000000,0.118622,0.088224
length,40.0,45.0,-80.0,-70.0,normal,0.000000,0.158192,0.108543
box_height,40.0,45.0,-80.0,-70.0,normal,0.000000,0.075459,0.051630
miss_detection,40.0,45.0,-70.0,-60.0,constant,1.000000,,
distal,40.0,45.0,-70.0,-60.0,normal,0.000000,0.113883,0.071738
perpendicular,40.0,45.0,-70.0,-60.0,normal,0.000000,0.080888,0.055199
height,40.0,45.0,-70.0,-60.0,normal,0.000000,0.056859,0.035965
yaw,40.0,45.0,-70.0,-60.0,normal,0.000000,0.312987,0.100466
width,40.0,45.0,-70.0,-60.0,normal,0.000000,0.118622,0.088224
length,40.0,45.0,-70.0,-60.0,normal,0.000000,0.158192,0.108543
box_height,40.0,45.0,-70.0,-60.0,normal,0.000000,0.075459,0.051630
miss_detection,40.0,45.0,-60.0,-50.0,constant,1.000000,,
distal,40.0,45.0,-60.0,-50.0,normal,0.000000,0.113883,0.071738
perpendicular,40.0,45.0,-60.0,-50.0,normal,0.000000,0.080888,0.055199
height,40.0,45.0,-60.0,-50.0,normal,0.000000,0.056859,0.035965
yaw,40.0,45.0,-60.0,-50.0,normal,0.000000,0.312987,0.100466
width,40.0,45.0,-60.0,-50.0,normal,0.000000,0.118622,0.088224
length,40.0,45.0,-60.0,-50.0,normal,0.000000,0.158192,0.108543
box_height,40.0,45.0,-60.0,-50.0,normal,0.000000,0.075459,0.051630
miss_detection,40.0,45.0,-50.0,-40.0,constant,1.000000,,
distal,40.0,45.0,-50.0,-40.0,normal,0.000000,0.113883,0.071738
perpendicular,40.0,45.0,-50.0,-40.0,normal,0.000000,0.080888,0.055199
height,40.0,45.0,-50.0,-40.0,normal,0.000000,0.056859,0.035965
yaw,40.0,45.0,-50.0,-40.0,normal,0.000000,0.312987,0.100466
width,40.0,45.0,-50.0,-40.0,normal,0.000000,0.118622,0.088224
length,40.0,45.0,-50.0,-40.0,normal,0.000000,0.158192,0.108543
box_height,40.0,45.0,-50.0,-40.0,normal,0.000000,0.075459,0.051630
miss_detection,40.0,45.0,-40.0,-30.0,constant,1.000000,,
distal,40.0,45.0,-40.0,-30.0,normal,0.000000,0.113883,0.071738
perpendicular,40.0,45.0,-40.0,-30.0,normal,0.000000,0.080888,0.055199
height,40.0,45.0,-40.0,-30.0,normal,0.000000,0.056859,0.035965
yaw,40.0,45.0,-40.0,-30.0,normal,0.000000,0.312987,0.100466
width,40.0,45.0,-40.0,-30.0,normal,0.000000,0.118622,0.088224
length,40.0,45.0,-40.0,-30.0,normal,0.000000,0.158192,0.108543
box_height,40.0,45.0,-40.0,-30.0,normal,0.000000,0.075459,0.051630
miss_detection,40.0,45.0,-30.0,-20.0,constant,0.647887,,
distal,40.0,45.0,-30.0,-20.0,normal,0.000000,0.116032,0.096900
perpendicular,40.0,45.0,-30.0,-20.0,normal,0.000000,0.153441,0.118179
height,40.0,45.0,-30.0,-20.0,normal,0.000000,0.046684,0.043514
yaw,40.0,45.0,-30.0,-20.0,normal,0.000000,0.607513,0.187554
width,40.0,45.0,-30.0,-20.0,normal,0.000000,0.137189,0.112516
length,40.0,45.0,-30.0,-20.0,normal,0.000000,0.303355,0.239828
box_height,40.0,45.0,-30.0,-20.0,normal,0.000000,0.104475,0.082636
miss_detection,40.0,45.0,-20.0,-10.0,constant,0.188235,,
distal,40.0,45.0,-20.0,-10.0,normal,0.000000,0.074220,0.052353
perpendicular,40.0,45.0,-20.0,-10.0,normal,0.000000,0.091547,0.059639
height,40.0,45.0,-20.0,-10.0,normal,0.000000,0.041826,0.033118
yaw,40.0,45.0,-20.0,-10.0,normal,0.000000,0.290794,0.084468
width,40.0,45.0,-20.0,-10.0,normal,0.000000,0.109121,0.083686
length,40.0,45.0,-20.0,-10.0,normal,0.000000,0.202529,0.122895
box_height,40.0,45.0,-20.0,-10.0,normal,0.000000,0.063037,0.047907
miss_detection,40.0,45.0,-10.0,0.0,constant,0.137931,,
distal,40.0,45.0,-10.0,0.0,normal,0.000000,0.064322,0.047469
perpendicular,40.0,45.0,-10.0,0.0,normal,0.000000,0.066642,0.048686
height,40.0,45.0,-10.0,0.0,normal,0.000000,0.039152,0.028764
yaw,40.0,45.0,-10.0,0.0,normal,0.000000,0.042815,0.055131
width,40.0,45.0,-10.0,0.0,normal,0.000000,0.106738,0.082054
length,40.0,45.0,-10.0,0.0,normal,0.000000,0.114994,0.080470
box_height,40.0,45.0,-10.0,0.0,normal,0.000000,0.064678,0.048276
miss_detection,40.0,45.0,0.0,10.0,constant,0.000000,,
distal,40.0,45.0,0.0,10.0,normal,0.000000,0.099386,0.069526
perpendicular,40.0,45.0,0.0,10.0,normal,0.000000,0.067440,0.050781
height,40.0,45.0,0.0,10.0,normal,0.000000,0.047804,0.038862
yaw,40.0,45.0,0.0,10.0,normal,0.000000,0.049870,0.043431
width,40.0,45.0,0.0,10.0,normal,0.000000,0.138027,0.104940
length,40.0,45.0,0.0,10.0,normal,0.000000,0.165631,0.108230
box_height,40.0,45.0,0.0,10.0,normal,0.000000,0.067374,0.054967
miss_detection,40.0,45.0,10.0,20.0,constant,0.685714,,
distal,40.0,45.0,10.0,20.0,normal,0.000000,0.049682,0.039237
perpendicular,40.0,45.0,10.0,20.0,normal,0.000000,0.061700,0.052291
height,40.0,45.0,10.0,20.0,normal,0.000000,0.048481,0.038936
yaw,40.0,45.0,10.0,20.0,normal,0.000000,0.032459,0.028786
width,40.0,45.0,10.0,20.0,normal,0.000000,0.105228,0.091459
length,40.0,45.0,10.0,20.0,normal,0.000000,0.119184,0.085606
box_height,40.0,45.0,10.0,20.0,normal,0.000000,0.081508,0.066415
miss_detection,40.0,45.0,20.0,30.0,constant,0.600000,,
distal,40.0,45.0,20.0,30.0,normal,0.000000,0.101995,0.069005
perpendicular,40.0,45.0,20.0,30.0,normal,0.000000,0.086138,0.061273
height,40.0,45.0,20.0,30.0,normal,0.000000,0.022147,0.016864
yaw,40.0,45.0,20.0,30.0,normal,0.000000,0.093558,0.067806
width,40.0,45.0,20.0,30.0,normal,0.000000,0.136710,0.104065
length,40.0,45.0,20.0,30.0,normal,0.000000,0.140851,0.102741
box_height,40.0,45.0,20.0,30.0,normal,0.000000,0.053651,0.051008
miss_detection,40.0,45.0,30.0,40.0,constant,1.000000,,
distal,40.0,45.0,30.0,40.0,normal,0.000000,0.113883,0.071738
perpendicular,40.0,45.0,30.0,40.0,normal,0.000000,0.080888,0.055199
height,40.0,45.0,30.0,40.0,normal,0.000000,0.056859,0.035965
yaw,40.0,45.0,30.0,40.0,normal,0.000000,0.312987,0.100466
width,40.0,45.0,30.0,40.0,normal,0.000000,0.118622,0.088224
length,40.0,45.0,30.0,40.0,normal,0.000000,0.158192,0.108543
box_height,40.0,45.0,30.0,40.0,normal,0.000000,0.075459,0.051630
miss_detection,40.0,45.0,40.0,50.0,constant,1.000000,,
distal,40.0,45.0,40.0,50.0,normal,0.000000,0.113883,0.071738
perpendicular,40.0,45.0,40.0,50.0,normal,0.000000,0.080888,0.055199
height,40.0,45.0,40.0,50.0,normal,0.000000,0.056859,0.035965
yaw,40.0,45.0,40.0,50.0,normal,0.000000,0.312987,0.100466
width,40.0,45.0,40.0,50.0,normal,0.000000,0.118622,0.088224
length,40.0,45.0,40.0,50.0,normal,0.000000,0.158192,0.108543
box_height,40.0,45.0,40.0,50.0,normal,0.000000,0.075459,0.051630
miss_detection,40.0,45.0,50.0,60.0,constant,1.000000,,
distal,40.0,45.0,50.0,60.0,normal,0.000000,0.113883,0.071738
perpendicular,40.0,45.0,50.0,60.0,normal,0.000000,0.080888,0.055199
height,40.0,45.0,50.0,60.0,normal,0.000000,0.056859,0.035965
yaw,40.0,45.0,50.0,60.0,normal,0.000000,0.312987,0.100466
width,40.0,45.0,50.0,60.0,normal,0.000000,0.118622,0.088224
length,40.0,45.0,50.0,60.0,normal,0.000000,0.158192,0.108543
box_height,40.0,45.0,50.0,60.0,normal,0.000000,0.075459,0.051630
miss_detection,40.0,45.0,60.0,70.0,constant,1.000000,,
distal,40.0,45.0,60.0,70.0,normal,0.000000,0.113883,0.071738
perpendicular,40.0,45.0,60.0,70.0,normal,0.000000,0.080888,0.055199
height,40.0,45.0,60.0,70.0,normal,0.000000,0.056859,0.035965
yaw,40.0,45.0,60.0,70.0,normal,0.000000,0.312987,0.100466
width,40.0,45.0,60.0,70.0,normal,0.000000,0.118622,0.088224
length,40.0,45.0,60.0,70.0,normal,0.000000,0.158192,0.108543
box_height,40.0,45.0,60.0,70.0,normal,0.000000,0.075459,0.051630
miss_detection,40.0,45.0,70.0,80.0,constant,1.000000,,
distal,40.0,45.0,70.0,80.0,normal,0.000000,0.113883,0.071738
perpendicular,40.0,45.0,70.0,80.0,normal,0.000000,0.080888,0.055199
height,40.0,45.0,70.0,80.0,normal,0.000000,0.056859,0.035965
yaw,40.0,45.0,70.0,80.0,normal,0.000000,0.312987,0.100466
width,40.0,45.0,70.0,80.0,normal,0.000000,0.118622,0.088224
length,40.0,45.0,70.0,80.0,normal,0.000000,0.158192,0.108543
box_height,40.0,45.0,70.0,80.0,normal,0.000000,0.075459,0.051630
miss_detection,40.0,45.0,80.0,90.0,constant,1.000000,,
distal,40.0,45.0,80.0,90.0,normal,0.000000,0.113883,0.071738
perpendicular,40.0,45.0,80.0,90.0,normal,0.000000,0.080888,0.055199
height,40.0,45.0,80.0,90.0,normal,0.000000,0.056859,0.035965
yaw,40.0,45.0,80.0,90.0,normal,0.000000,0.312987,0.100466
width,40.0,45.0,80.0,90.0,normal,0.000000,0.118622,0.088224
length,40.0,45.0,80.0,90.0,normal,0.000000,0.158192,0.108543
box_height,40.0,45.0,80.0,90.0,normal,0.000000,0.075459,0.051630
miss_detection,40.0,45.0,90.0,100.0,constant,1.000000,,
distal,40.0,45.0,90.0,100.0,normal,0.000000,0.113883,0.071738
perpendicular,40.0,45.0,90.0,100.0,normal,0.000000,0.080888,0.055199
height,40.0,45.0,90.0,100.0,normal,0.000000,0.056859,0.035965
yaw,40.0,45.0,90.0,100.0,normal,0.000000,0.312987,0.100466
width,40.0,45.0,90.0,100.0,normal,0.000000,0.118622,0.088224
length,40.0,45.0,90.0,100.0,normal,0.000000,0.158192,0.108543
box_height,40.0,45.0,90.0,100.0,normal,0.000000,0.075459,0.051630
miss_detection,40.0,45.0,100.0,110.0,constant,1.000000,,
distal,40.0,45.0,100.0,110.0,normal,0.000000,0.113883,0.071738
perpendicular,40.0,45.0,100.0,110.0,normal,0.000000,0.080888,0.055199
height,40.0,45.0,100.0,110.0,normal,0.000000,0.056859,0.035965
yaw,40.0,45.0,100.0,110.0,normal,0.000000,0.312987,0.100466
width,40.0,45.0,100.0,110.0,normal,0.000000,0.118622,0.088224
length,40.0,45.0,100.0,110.0,normal,0.000000,0.158192,0.108543
box_height,40.0,45.0,100.0,110.0,normal,0.000000,0.075459,0.051630
miss_detection,40.0,45.0,110.0,120.0,constant,1.000000,,
distal,40.0,45.0,110.0,120.0,normal,0.000000,0.113883,0.071738
perpendicular,40.0,45.0,110.0,120.0,normal,0.000000,0.080888,0.055199
height,40.0,45.0,110.0,120.0,normal,0.000000,0.056859,0.035965
yaw,40.0,45.0,110.0,120.0,normal,0.000000,0.312987,0.100466
width,40.0,45.0,110.0,120.0,normal,0.000000,0.118622,0.088224
length,40.0,45.0,110.0,120.0,normal,0.000000,0.158192,0.108543
box_height,40.0,45.0,110.0,120.0,normal,0.000000,0.075459,0.051630
miss_detection,40.0,45.0,120.0,130.0,constant,1.000000,,
distal,40.0,45.0,120.0,130.0,normal,0.000000,0.113883,0.071738
perpendicular,40.0,45.0,120.0,130.0,normal,0.000000,0.080888,0.055199
height,40.0,45.0,120.0,130.0,normal,0.000000,0.056859,0.035965
yaw,40.0,45.0,120.0,130.0,normal,0.000000,0.312987,0.100466
width,40.0,45.0,120.0,130.0,normal,0.000000,0.118622,0.088224
length,40.0,45.0,120.0,130.0,normal,0.000000,0.158192,0.108543
box_height,40.0,45.0,120.0,130.0,normal,0.000000,0.075459,0.051630
miss_detection,40.0,45.0,130.0,140.0,constant,1.000000,,
distal,40.0,45.0,130.0,140.0,normal,0.000000,0.113883,0.071738
perpendicular,40.0,45.0,130.0,140.0,normal,0.000000,0.080888,0.055199
height,40.0,45.0,130.0,140.0,normal,0.000000,0.056859,0.035965
yaw,40.0,45.0,130.0,140.0,normal,0.000000,0.312987,0.100466
width,40.0,45.0,130.0,140.0,normal,0.000000,0.118622,0.088224
length,40.0,45.0,130.0,140.0,normal,0.000000,0.158192,0.108543
box_height,40.0,45.0,130.0,140.0,normal,0.000000,0.075459,0.051630
miss_detection,40.0,45.0,140.0,150.0,constant,1.000000,,
distal,40.0,45.0,140.0,150.0,normal,0.000000,0.113883,0.071738
perpendicular,40.0,45.0,140.0,150.0,normal,0.000000,0.080888,0.055199
height,40.0,45.0,140.0,150.0,normal,0.000000,0.056859,0.035965
yaw,40.0,45.0,140.0,150.0,normal,0.000000,0.312987,0.100466
width,40.0,45.0,140.0,150.0,normal,0.000000,0.118622,0.088224
length,40.0,45.0,140.0,150.0,normal,0.000000,0.158192,0.108543
box_height,40.0,45.0,140.0,150.0,normal,0.000000,0.075459,0.051630
miss_detection,40.0,45.0,150.0,160.0,constant,1.000000,,
distal,40.0,45.0,150.0,160.0,normal,0.000000,0.113883,0.071738
perpendicular,40.0,45.0,150.0,160.0,normal,0.000000,0.080888,0.055199
height,40.0,45.0,150.0,160.0,normal,0.000000,0.056859,0.035965
yaw,40.0,45.0,150.0,160.0,normal,0.000000,0.312987,0.100466
width,40.0,45.0,150.0,160.0,normal,0.000000,0.118622,0.088224
length,40.0,45.0,150.0,160.0,normal,0.000000,0.158192,0.108543
box_height,40.0,45.0,150.0,160.0,normal,0.000000,0.075459,0.051630
miss_detection,40.0,45.0,160.0,170.0,constant,1.000000,,
distal,40.0,45.0,160.0,170.0,normal,0.000000,0.113883,0.071738
perpendicular,40.0,45.0,160.0,170.0,normal,0.000000,0.080888,0.055199
height,40.0,45.0,160.0,170.0,normal,0.000000,0.056859,0.035965
yaw,40.0,45.0,160.0,170.0,normal,0.000000,0.312987,0.100466
width,40.0,45.0,160.0,170.0,normal,0.000000,0.118622,0.088224
length,40.0,45.0,160.0,170.0,normal,0.000000,0.158192,0.108543
box_height,40.0,45.0,160.0,170.0,normal,0.000000,0.075459,0.051630
miss_detection,40.0,45.0,170.0,180.0,constant,1.000000,,
distal,40.0,45.0,170.0,180.0,normal,0.000000,0.113883,0.071738
perpendicular,40.0,45.0,170.0,180.0,normal,0.000000,0.080888,0.055199
height,40.0,45.0,170.0,180.0,normal,0.000000,0.056859,0.035965
yaw,40.0,45.0,170.0,180.0,normal,0.000000,0.312987,0.100466
width,40.0,45.0,170.0,180.0,normal,0.000000,0.118622,0.088224
length,40.0,45.0,170.0,180.0,normal,0.000000,0.158192,0.108543
box_height,40.0,45.0,170.0,180.0,normal,0.000000,0.075459,0.051630
miss_detection,45.0,50.0,-180.0,-170.0,constant,1.000000,,
distal,45.0,50.0,-180.0,-170.0,normal,0.000000,0.113883,0.071738
perpendicular,45.0,50.0,-180.0,-170.0,normal,0.000000,0.080888,0.055199
height,45.0,50.0,-180.0,-170.0,normal,0.000000,0.056859,0.035965
yaw,45.0,50.0,-180.0,-170.0,normal,0.000000,0.312987,0.100466
width,45.0,50.0,-180.0,-170.0,normal,0.000000,0.118622,0.088224
length,45.0,50.0,-180.0,-170.0,normal,0.000000,0.158192,0.108543
box_height,45.0,50.0,-180.0,-170.0,normal,0.000000,0.075459,0.051630
miss_detection,45.0,50.0,-170.0,-160.0,constant,1.000000,,
distal,45.0,50.0,-170.0,-160.0,normal,0.000000,0.113883,0.071738
perpendicular,45.0,50.0,-170.0,-160.0,normal,0.000000,0.080888,0.055199
height,45.0,50.0,-170.0,-160.0,normal,0.000000,0.056859,0.035965
yaw,45.0,50.0,-170.0,-160.0,normal,0.000000,0.312987,0.100466
width,45.0,50.0,-170.0,-160.0,normal,0.000000,0.118622,0.088224
length,45.0,50.0,-170.0,-160.0,normal,0.000000,0.158192,0.108543
box_height,45.0,50.0,-170.0,-160.0,normal,0.000000,0.075459,0.051630
miss_detection,45.0,50.0,-160.0,-150.0,constant,1.000000,,
distal,45.0,50.0,-160.0,-150.0,normal,0.000000,0.113883,0.071738
perpendicular,45.0,50.0,-160.0,-150.0,normal,0.000000,0.080888,0.055199
height,45.0,50.0,-160.0,-150.0,normal,0.000000,0.056859,0.035965
yaw,45.0,50.0,-160.0,-150.0,normal,0.000000,0.312987,0.100466
width,45.0,50.0,-160.0,-150.0,normal,0.000000,0.118622,0.088224
length,45.0,50.0,-160.0,-150.0,normal,0.000000,0.158192,0.108543
box_height,45.0,50.0,-160.0,-150.0,normal,0.000000,0.075459,0.051630
miss_detection,45.0,50.0,-150.0,-140.0,constant,1.000000,,
distal,45.0,50.0,-150.0,-140.0,normal,0.000000,0.113883,0.071738
perpendicular,45.0,50.0,-150.0,-140.0,normal,0.000000,0.080888,0.055199
height,45.0,50.0,-150.0,-140.0,normal,0.000000,0.056859,0.035965
yaw,45.0,50.0,-150.0,-140.0,normal,0.000000,0.312987,0.100466
width,45.0,50.0,-150.0,-140.0,normal,0.000000,0.118622,0.088224
length,45.0,50.0,-150.0,-140.0,normal,0.000000,0.158192,0.108543
box_height,45.0,50.0,-150.0,-140.0,normal,0.000000,0.075459,0.051630
miss_detection,45.0,50.0,-140.0,-130.0,constant,1.000000,,
distal,45.0,50.0,-140.0,-130.0,normal,0.000000,0.113883,0.071738
perpendicular,45.0,50.0,-140.0,-130.0,normal,0.000000,0.080888,0.055199
height,45.0,50.0,-140.0,-130.0,normal,0.000000,0.056859,0.035965
yaw,45.0,50.0,-140.0,-130.0,normal,0.000000,0.312987,0.100466
width,45.0,50.0,-140.0,-130.0,normal,0.000000,0.118622,0.088224
length,45.0,50.0,-140.0,-130.0,normal,0.000000,0.158192,0.108543
box_height,45.0,50.0,-140.0,-130.0,normal,0.000000,0.075459,0.051630
miss_detection,45.0,50.0,-130.0,-120.0,constant,1.000000,,
distal,45.0,50.0,-130.0,-120.0,normal,0.000000,0.113883,0.071738
perpendicular,45.0,50.0,-130.0,-120.0,normal,0.000000,0.080888,0.055199
height,45.0,50.0,-130.0,-120.0,normal,0.000000,0.056859,0.035965
yaw,45.0,50.0,-130.0,-120.0,normal,0.000000,0.312987,0.100466
width,45.0,50.0,-130.0,-120.0,normal,0.000000,0.118622,0.088224
length,45.0,50.0,-130.0,-120.0,normal,0.000000,0.158192,0.108543
box_height,45.0,50.0,-130.0,-120.0,normal,0.000000,0.075459,0.051630
miss_detection,45.0,50.0,-120.0,-110.0,constant,1.000000,,
distal,45.0,50.0,-120.0,-110.0,normal,0.000000,0.113883,0.071738
perpendicular,45.0,50.0,-120.0,-110.0,normal,0.000000,0.080888,0.055199
height,45.0,50.0,-120.0,-110.0,normal,0.000000,0.056859,0.035965
yaw,45.0,50.0,-120.0,-110.0,normal,0.000000,0.312987,0.100466
width,45.0,50.0,-120.0,-110.0,normal,0.000000,0.118622,0.088224
length,45.0,50.0,-120.0,-110.0,normal,0.000000,0.158192,0.108543
box_height,45.0,50.0,-120.0,-110.0,normal,0.000000,0.075459,0.051630
miss_detection,45.0,50.0,-110.0,-100.0,constant,1.000000,,
distal,45.0,50.0,-110.0,-100.0,normal,0.000000,0.113883,0.071738
perpendicular,45.0,50.0,-110.0,-100.0,normal,0.000000,0.080888,0.055199
height,45.0,50.0,-110.0,-100.0,normal,0.000000,0.056859,0.035965
yaw,45.0,50.0,-110.0,-100.0,normal,0.000000,0.312987,0.100466
width,45.0,50.0,-110.0,-100.0,normal,0.000000,0.118622,0.088224
length,45.0,50.0,-110.0,-100.0,normal,0.000000,0.158192,0.108543
box_height,45.0,50.0,-110.0,-100.0,normal,0.000000,0.075459,0.051630
miss_detection,45.0,50.0,-100.0,-90.0,constant,1.000000,,
distal,45.0,50.0,-100.0,-90.0,normal,0.000000,0.113883,0.071738
perpendicular,45.0,50.0,-100.0,-90.0,normal,0.000000,0.080888,0.055199
height,45.0,50.0,-100.0,-90.0,normal,0.000000,0.056859,0.035965
yaw,45.0,50.0,-100.0,-90.0,normal,0.000000,0.312987,0.100466
width,45.0,50.0,-100.0,-90.0,normal,0.000000,0.118622,0.088224
length,45.0,50.0,-100.0,-90.0,normal,0.000000,0.158192,0.108543
box_height,45.0,50.0,-100.0,-90.0,normal,0.000000,0.075459,0.051630
miss_detection,45.0,50.0,-90.0,-80.0,constant,1.000000,,
distal,45.0,50.0,-90.0,-80.0,normal,0.000000,0.113883,0.071738
perpendicular,45.0,50.0,-90.0,-80.0,normal,0.000000,0.080888,0.055199
height,45.0,50.0,-90.0,-80.0,normal,0.000000,0.056859,0.035965
yaw,45.0,50.0,-90.0,-80.0,normal,0.000000,0.312987,0.100466
width,45.0,50.0,-90.0,-80.0,normal,0.000000,0.118622,0.088224
length,45.0,50.0,-90.0,-80.0,normal,0.000000,0.158192,0.108543
box_height,45.0,50.0,-90.0,-80.0,normal,0.000000,0.075459,0.051630
miss_detection,45.0,50.0,-80.0,-70.0,constant,1.000000,,
distal,45.0,50.0,-80.0,-70.0,normal,0.000000,0.113883,0.071738
perpendicular,45.0,50.0,-80.0,-70.0,normal,0.000000,0.080888,0.055199
height,45.0,50.0,-80.0,-70.0,normal,0.000000,0.056859,0.035965
yaw,45.0,50.0,-80.0,-70.0,normal,0.000000,0.312987,0.100466
width,45.0,50.0,-80.0,-70.0,normal,0.000000,0.118622,0.088224
length,45.0,50.0,-80.0,-70.0,normal,0.000000,0.158192,0.108543
box_height,45.0,50.0,-80.0,-70.0,normal,0.000000,0.075459,0.051630
miss_detection,45.0,50.0,-70.0,-60.0,constant,1.000000,,
distal,45.0,50.0,-70.0,-60.0,normal,0.000000,0.113883,0.071738
perpendicular,45.0,50.0,-70.0,-60.0,normal,0.000000,0.080888,0.055199
height,45.0,50.0,-70.0,-60.0,normal,0.000000,0.056859,0.035965
yaw,45.0,50.0,-70.0,-60.0,normal,0.000000,0.312987,0.100466
width,45.0,50.0,-70.0,-60.0,normal,0.000000,0.118622,0.088224
length,45.0,50.0,-70.0,-60.0,normal,0.000000,0.158192,0.108543
box_height,45.0,50.0,-70.0,-60.0,normal,0.000000,0.075459,0.051630
miss_detection,45.0,50.0,-60.0,-50.0,constant,1.000000,,
distal,45.0,50.0,-60.0,-50.0,normal,0.000000,0.113883,0.071738
perpendicular,45.0,50.0,-60.0,-50.0,normal,0.000000,0.080888,0.055199
height,45.0,50.0,-60.0,-50.0,normal,0.000000,0.056859,0.035965
yaw,45.0,50.0,-60.0,-50.0,normal,0.000000,0.312987,0.100466
width,45.0,50.0,-60.0,-50.0,normal,0.000000,0.118622,0.088224
length,45.0,50.0,-60.0,-50.0,normal,0.000000,0.158192,0.108543
box_height,45.0,50.0,-60.0,-50.0,normal,0.000000,0.075459,0.051630
miss_detection,45.0,50.0,-50.0,-40.0,constant,1.000000,,
distal,45.0,50.0,-50.0,-40.0,normal,0.000000,0.113883,0.071738
perpendicular,45.0,50.0,-50.0,-40.0,normal,0.000000,0.080888,0.055199
height,45.0,50.0,-50.0,-40.0,normal,0.000000,0.056859,0.035965
yaw,45.0,50.0,-50.0,-40.0,normal,0.000000,0.312987,0.100466
width,45.0,50.0,-50.0,-40.0,normal,0.000000,0.118622,0.088224
length,45.0,50.0,-50.0,-40.0,normal,0.000000,0.158192,0.108543
box_height,45.0,50.0,-50.0,-40.0,normal,0.000000,0.075459,0.051630
miss_detection,45.0,50.0,-40.0,-30.0,constant,1.000000,,
distal,45.0,50.0,-40.0,-30.0,normal,0.000000,0.113883,0.071738
perpendicular,45.0,50.0,-40.0,-30.0,normal,0.000000,0.080888,0.055199
height,45.0,50.0,-40.0,-30.0,normal,0.000000,0.056859,0.035965
yaw,45.0,50.0,-40.0,-30.0,normal,0.000000,0.312987,0.100466
width,45.0,50.0,-40.0,-30.0,normal,0.000000,0.118622,0.088224
length,45.0,50.0,-40.0,-30.0,normal,0.000000,0.158192,0.108543
box_height,45.0,50.0,-40.0,-30.0,normal,0.000000,0.075459,0.051630
miss_detection,45.0,50.0,-30.0,-20.0,constant,0.820000,,
distal,45.0,50.0,-30.0,-20.0,normal,0.000000,0.108724,0.095032
perpendicular,45.0,50.0,-30.0,-20.0,normal,0.000000,0.155998,0.152021
height,45.0,50.0,-30.0,-20.0,normal,0.000000,0.050992,0.038844
yaw,45.0,50.0,-30.0,-20.0,normal,0.000000,0.986028,0.418981
width,45.0,50.0,-30.0,-20.0,normal,0.000000,0.120297,0.110218
length,45.0,50.0,-30.0,-20.0,normal,0.000000,0.286871,0.270391
box_height,45.0,50.0,-30.0,-20.0,normal,0.000000,0.107333,0.093513
miss_detection,45.0,50.0,-20.0,-10.0,constant,0.208696,,
distal,45.0,50.0,-20.0,-10.0,normal,0.000000,0.067630,0.056156
perpendicular,45.0,50.0,-20.0,-10.0,normal,0.000000,0.123019,0.081094
height,45.0,50.0,-20.0,-10.0,normal,0.000000,0.046791,0.035090
yaw,45.0,50.0,-20.0,-10.0,normal,0.000000,0.568562,0.153749
width,45.0,50.0,-20.0,-10.0,normal,0.000000,0.141484,0.100203
length,45.0,50.0,-20.0,-10.0,normal,0.000000,0.209233,0.143795
box_height,45.0,50.0,-20.0,-10.0,normal,0.000000,0.072128,0.056371
miss_detection,45.0,50.0,-10.0,0.0,constant,0.072464,,
distal,45.0,50.0,-10.0,0.0,normal,0.000000,0.073982,0.054999
perpendicular,45.0,50.0,-10.0,0.0,normal,0.000000,0.060435,0.044741
height,45.0,50.0,-10.0,0.0,normal,0.000000,0.043518,0.031392
yaw,45.0,50.0,-10.0,0.0,normal,0.000000,0.504872,0.129297
width,45.0,50.0,-10.0,0.0,normal,0.000000,0.129431,0.099162
length,45.0,50.0,-10.0,0.0,normal,0.000000,0.123309,0.093718
box_height,45.0,50.0,-10.0,0.0,normal,0.000000,0.062856,0.046356
miss_detection,45.0,50.0,0.0,10.0,constant,0.088353,,
distal,45.0,50.0,0.0,10.0,normal,0.000000,0.076093,0.054534
perpendicular,45.0,50.0,0.0,10.0,normal,0.000000,0.100689,0.052737
height,45.0,50.0,0.0,10.0,normal,0.000000,0.043309,0.035280
yaw,45.0,50.0,0.0,10.0,normal,0.000000,0.679426,0.189873
width,45.0,50.0,0.0,10.0,normal,0.000000,0.124801,0.101971
length,45.0,50.0,0.0,10.0,normal,0.000000,0.148497,0.095136
box_height,45.0,50.0,0.0,10.0,normal,0.000000,0.062411,0.047026
miss_detection,45.0,50.0,10.0,20.0,constant,0.128959,,
distal,45.0,50.0,10.0,20.0,normal,0.000000,0.061787,0.046298
perpendicular,45.0,50.0,10.0,20.0,normal,0.000000,0.064737,0.051283
height,45.0,50.0,10.0,20.0,normal,0.000000,0.039331,0.032050
yaw,45.0,50.0,10.0,20.0,normal,0.000000,0.447779,0.102595
width,45.0,50.0,10.0,20.0,normal,0.000000,0.123402,0.095663
length,45.0,50.0,10.0,20.0,normal,0.000000,0.142306,0.105139
box_height,45.0,50.0,10.0,20.0,normal,0.000000,0.061570,0.048603
miss_detection,45.0,50.0,20.0,30.0,constant,0.423477,,
distal,45.0,50.0,20.0,30.0,normal,0.000000,0.060334,0.050673
perpendicular,45.0,50.0,20.0,30.0,normal,0.000000,0.095874,0.070673
height,45.0,50.0,20.0,30.0,normal,0.000000,0.059389,0.039860
yaw,45.0,50.0,20.0,30.0,normal,0.000000,0.358074,0.092891
width,45.0,50.0,20.0,30.0,normal,0.000000,0.114241,0.088770
length,45.0,50.0,20.0,30.0,normal,0.000000,0.183131,0.135179
box_height,45.0,50.0,20.0,30.0,normal,0.000000,0.086843,0.058945
miss_detection,45.0,50.0,30.0,40.0,constant,1.000000,,
distal,45.0,50.0,30.0,40.0,normal,0.000000,0.113883,0.071738
perpendicular,45.0,50.0,30.0,40.0,normal,0.000000,0.080888,0.055199
height,45.0,50.0,30.0,40.0,normal,0.000000,0.056859,0.035965
yaw,45.0,50.0,30.0,40.0,normal,0.000000,0.312987,0.100466
width,45.0,50.0,30.0,40.0,normal,0.000000,0.118622,0.088224
length,45.0,50.0,30.0,40.0,normal,0.000000,0.158192,0.108543
box_height,45.0,50.0,30.0,40.0,normal,0.000000,0.075459,0.051630
miss_detection,45.0,50.0,40.0,50.0,constant,1.000000,,
distal,45.0,50.0,40.0,50.0,normal,0.000000,0.113883,0.071738
perpendicular,45.0,50.0,40.0,50.0,normal,0.000000,0.080888,0.055199
height,45.0,50.0,40.0,50.0,normal,0.000000,0.056859,0.035965
yaw,45.0,50.0,40.0,50.0,normal,0.000000,0.312987,0.100466
width,45.0,50.0,40.0,50.0,normal,0.000000,0.118622,0.088224
length,45.0,50.0,40.0,50.0,normal,0.000000,0.158192,0.108543
box_height,45.0,50.0,40.0,50.0,normal,0.000000,0.075459,0.051630
miss_detection,45.0,50.0,50.0,60.0,constant,1.000000,,
distal,45.0,50.0,50.0,60.0,normal,0.000000,0.113883,0.071738
perpendicular,45.0,50.0,50.0,60.0,normal,0.000000,0.080888,0.055199
height,45.0,50.0,50.0,60.0,normal,0.000000,0.056859,0.035965
yaw,45.0,50.0,50.0,60.0,normal,0.000000,0.312987,0.100466
width,45.0,50.0,50.0,60.0,normal,0.000000,0.118622,0.088224
length,45.0,50.0,50.0,60.0,normal,0.000000,0.158192,0.108543
box_height,45.0,50.0,50.0,60.0,normal,0.000000,0.075459,0.051630
miss_detection,45.0,50.0,60.0,70.0,constant,1.000000,,
distal,45.0,50.0,60.0,70.0,normal,0.000000,0.113883,0.071738
perpendicular,45.0,50.0,60.0,70.0,normal,0.000000,0.080888,0.055199
height,45.0,50.0,60.0,70.0,normal,0.000000,0.056859,0.035965
yaw,45.0,50.0,60.0,70.0,normal,0.000000,0.312987,0.100466
width,45.0,50.0,60.0,70.0,normal,0.000000,0.118622,0.088224
length,45.0,50.0,60.0,70.0,normal,0.000000,0.158192,0.108543
box_height,45.0,50.0,60.0,70.0,normal,0.000000,0.075459,0.051630
miss_detection,45.0,50.0,70.0,80.0,constant,1.000000,,
distal,45.0,50.0,70.0,80.0,normal,0.000000,0.113883,0.071738
perpendicular,45.0,50.0,70.0,80.0,normal,0.000000,0.080888,0.055199
height,45.0,50.0,70.0,80.0,normal,0.000000,0.056859,0.035965
yaw,45.0,50.0,70.0,80.0,normal,0.000000,0.312987,0.100466
width,45.0,50.0,70.0,80.0,normal,0.000000,0.118622,0.088224
length,45.0,50.0,70.0,80.0,normal,0.000000,0.158192,0.108543
box_height,45.0,50.0,70.0,80.0,normal,0.000000,0.075459,0.051630
miss_detection,45.0,50.0,80.0,90.0,constant,1.000000,,
distal,45.0,50.0,80.0,90.0,normal,0.000000,0.113883,0.071738
perpendicular,45.0,50.0,80.0,90.0,normal,0.000000,0.080888,0.055199
height,45.0,50.0,80.0,90.0,normal,0.000000,0.056859,0.035965
yaw,45.0,50.0,80.0,90.0,normal,0.000000,0.312987,0.100466
width,45.0,50.0,80.0,90.0,normal,0.000000,0.118622,0.088224
length,45.0,50.0,80.0,90.0,normal,0.000000,0.158192,0.108543
box_height,45.0,50.0,80.0,90.0,normal,0.000000,0.075459,0.051630
miss_detection,45.0,50.0,90.0,100.0,constant,1.000000,,
distal,45.0,50.0,90.0,100.0,normal,0.000000,0.113883,0.071738
perpendicular,45.0,50.0,90.0,100.0,normal,0.000000,0.080888,0.055199
height,45.0,50.0,90.0,100.0,normal,0.000000,0.056859,0.035965
yaw,45.0,50.0,90.0,100.0,normal,0.000000,0.312987,0.100466
width,45.0,50.0,90.0,100.0,normal,0.000000,0.118622,0.088224
length,45.0,50.0,90.0,100.0,normal,0.000000,0.158192,0.108543
box_height,45.0,50.0,90.0,100.0,normal,0.000000,0.075459,0.051630
miss_detection,45.0,50.0,100.0,110.0,constant,1.000000,,
distal,45.0,50.0,100.0,110.0,normal,0.000000,0.113883,0.071738
perpendicular,45.0,50.0,100.0,110.0,normal,0.000000,0.080888,0.055199
height,45.0,50.0,100.0,110.0,normal,0.000000,0.056859,0.035965
yaw,45.0,50.0,100.0,110.0,normal,0.000000,0.312987,0.100466
width,45.0,50.0,100.0,110.0,normal,0.000000,0.118622,0.088224
length,45.0,50.0,100.0,110.0,normal,0.000000,0.158192,0.108543
box_height,45.0,50.0,100.0,110.0,normal,0.000000,0.075459,0.051630
miss_detection,45.0,50.0,110.0,120.0,constant,1.000000,,
distal,45.0,50.0,110.0,120.0,normal,0.000000,0.113883,0.071738
perpendicular,45.0,50.0,110.0,120.0,normal,0.000000,0.080888,0.055199
height,45.0,50.0,110.0,120.0,normal,0.000000,0.056859,0.035965
yaw,45.0,50.0,110.0,120.0,normal,0.000000,0.312987,0.100466
width,45.0,50.0,110.0,120.0,normal,0.000000,0.118622,0.088224
length,45.0,50.0,110.0,120.0,normal,0.000000,0.158192,0.108543
box_height,45.0,50.0,110.0,120.0,normal,0.000000,0.075459,0.051630
miss_detection,45.0,50.0,120.0,130.0,constant,1.000000,,
distal,45.0,50.0,120.0,130.0,normal,0.000000,0.113883,0.071738
perpendicular,45.0,50.0,120.0,130.0,normal,0.000000,0.080888,0.055199
height,45.0,50.0,120.0,130.0,normal,0.000000,0.056859,0.035965
yaw,45.0,50.0,120.0,130.0,normal,0.000000,0.312987,0.100466
width,45.0,50.0,120.0,130.0,normal,0.000000,0.118622,0.088224
length,45.0,50.0,120.0,130.0,normal,0.000000,0.158192,0.108543
box_height,45.0,50.0,120.0,130.0,normal,0.000000,0.075459,0.051630
miss_detection,45.0,50.0,130.0,140.0,constant,1.000000,,
distal,45.0,50.0,130.0,140.0,normal,0.000000,0.113883,0.071738
perpendicular,45.0,50.0,130.0,140.0,normal,0.000000,0.080888,0.055199
height,45.0,50.0,130.0,140.0,normal,0.000000,0.056859,0.035965
yaw,45.0,50.0,130.0,140.0,normal,0.000000,0.312987,0.100466
width,45.0,50.0,130.0,140.0,normal,0.000000,0.118622,0.088224
length,45.0,50.0,130.0,140.0,normal,0.000000,0.158192,0.108543
box_height,45.0,50.0,130.0,140.0,normal,0.000000,0.075459,0.051630
miss_detection,45.0,50.0,140.0,150.0,constant,1.000000,,
distal,45.0,50.0,140.0,150.0,normal,0.000000,0.113883,0.071738
perpendicular,45.0,50.0,140.0,150.0,normal,0.000000,0.080888,0.055199
height,45.0,50.0,140.0,150.0,normal,0.000000,0.056859,0.035965
yaw,45.0,50.0,140.0,150.0,normal,0.000000,0.312987,0.100466
width,45.0,50.0,140.0,150.0,normal,0.000000,0.118622,0.088224
length,45.0,50.0,140.0,150.0,normal,0.000000,0.158192,0.108543
box_height,45.0,50.0,140.0,150.0,normal,0.000000,0.075459,0.051630
miss_detection,45.0,50.0,150.0,160.0,constant,1.000000,,
distal,45.0,50.0,150.0,160.0,normal,0.000000,0.113883,0.071738
perpendicular,45.0,50.0,150.0,160.0,normal,0.000000,0.080888,0.055199
height,45.0,50.0,150.0,160.0,normal,0.000000,0.056859,0.035965
yaw,45.0,50.0,150.0,160.0,normal,0.000000,0.312987,0.100466
width,45.0,50.0,150.0,160.0,normal,0.000000,0.118622,0.088224
length,45.0,50.0,150.0,160.0,normal,0.000000,0.158192,0.108543
box_height,45.0,50.0,150.0,160.0,normal,0.000000,0.075459,0.051630
miss_detection,45.0,50.0,160.0,170.0,constant,1.000000,,
distal,45.0,50.0,160.0,170.0,normal,0.000000,0.113883,0.071738
perpendicular,45.0,50.0,160.0,170.0,normal,0.000000,0.080888,0.055199
height,45.0,50.0,160.0,170.0,normal,0.000000,0.056859,0.035965
yaw,45.0,50.0,160.0,170.0,normal,0.000000,0.312987,0.100466
width,45.0,50.0,160.0,170.0,normal,0.000000,0.118622,0.088224
length,45.0,50.0,160.0,170.0,normal,0.000000,0.158192,0.108543
box_height,45.0,50.0,160.0,170.0,normal,0.000000,0.075459,0.051630
miss_detection,45.0,50.0,170.0,180.0,constant,1.000000,,
distal,45.0,50.0,170.0,180.0,normal,0.000000,0.113883,0.071738
perpendicular,45.0,50.0,170.0,180.0,normal,0.000000,0.080888,0.055199
height,45.0,50.0,170.0,180.0,normal,0.000000,0.056859,0.035965
yaw,45.0,50.0,170.0,180.0,normal,0.000000,0.312987,0.100466
width,45.0,50.0,170.0,180.0,normal,0.000000,0.118622,0.088224
length,45.0,50.0,170.0,180.0,normal,0.000000,0.158192,0.108543
box_height,45.0,50.0,170.0,180.0,normal,0.000000,0.075459,0.051630
miss_detection,50.0,55.0,-180.0,-170.0,constant,1.000000,,
distal,50.0,55.0,-180.0,-170.0,normal,0.000000,0.113883,0.071738
perpendicular,50.0,55.0,-180.0,-170.0,normal,0.000000,0.080888,0.055199
height,50.0,55.0,-180.0,-170.0,normal,0.000000,0.056859,0.035965
yaw,50.0,55.0,-180.0,-170.0,normal,0.000000,0.312987,0.100466
width,50.0,55.0,-180.0,-170.0,normal,0.000000,0.118622,0.088224
length,50.0,55.0,-180.0,-170.0,normal,0.000000,0.158192,0.108543
box_height,50.0,55.0,-180.0,-170.0,normal,0.000000,0.075459,0.051630
miss_detection,50.0,55.0,-170.0,-160.0,constant,1.000000,,
distal,50.0,55.0,-170.0,-160.0,normal,0.000000,0.113883,0.071738
perpendicular,50.0,55.0,-170.0,-160.0,normal,0.000000,0.080888,0.055199
height,50.0,55.0,-170.0,-160.0,normal,0.000000,0.056859,0.035965
yaw,50.0,55.0,-170.0,-160.0,normal,0.000000,0.312987,0.100466
width,50.0,55.0,-170.0,-160.0,normal,0.000000,0.118622,0.088224
length,50.0,55.0,-170.0,-160.0,normal,0.000000,0.158192,0.108543
box_height,50.0,55.0,-170.0,-160.0,normal,0.000000,0.075459,0.051630
miss_detection,50.0,55.0,-160.0,-150.0,constant,1.000000,,
distal,50.0,55.0,-160.0,-150.0,normal,0.000000,0.113883,0.071738
perpendicular,50.0,55.0,-160.0,-150.0,normal,0.000000,0.080888,0.055199
height,50.0,55.0,-160.0,-150.0,normal,0.000000,0.056859,0.035965
yaw,50.0,55.0,-160.0,-150.0,normal,0.000000,0.312987,0.100466
width,50.0,55.0,-160.0,-150.0,normal,0.000000,0.118622,0.088224
length,50.0,55.0,-160.0,-150.0,normal,0.000000,0.158192,0.108543
box_height,50.0,55.0,-160.0,-150.0,normal,0.000000,0.075459,0.051630
miss_detection,50.0,55.0,-150.0,-140.0,constant,1.000000,,
distal,50.0,55.0,-150.0,-140.0,normal,0.000000,0.113883,0.071738
perpendicular,50.0,55.0,-150.0,-140.0,normal,0.000000,0.080888,0.055199
height,50.0,55.0,-150.0,-140.0,normal,0.000000,0.056859,0.035965
yaw,50.0,55.0,-150.0,-140.0,normal,0.000000,0.312987,0.100466
width,50.0,55.0,-150.0,-140.0,normal,0.000000,0.118622,0.088224
length,50.0,55.0,-150.0,-140.0,normal,0.000000,0.158192,0.108543
box_height,50.0,55.0,-150.0,-140.0,normal,0.000000,0.075459,0.051630
miss_detection,50.0,55.0,-140.0,-130.0,constant,1.000000,,
distal,50.0,55.0,-140.0,-130.0,normal,0.000000,0.113883,0.071738
perpendicular,50.0,55.0,-140.0,-130.0,normal,0.000000,0.080888,0.055199
height,50.0,55.0,-140.0,-130.0,normal,0.000000,0.056859,0.035965
yaw,50.0,55.0,-140.0,-130.0,normal,0.000000,0.312987,0.100466
width,50.0,55.0,-140.0,-130.0,normal,0.000000,0.118622,0.088224
length,50.0,55.0,-140.0,-130.0,normal,0.000000,0.158192,0.108543
box_height,50.0,55.0,-140.0,-130.0,normal,0.000000,0.075459,0.051630
miss_detection,50.0,55.0,-130.0,-120.0,constant,1.000000,,
distal,50.0,55.0,-130.0,-120.0,normal,0.000000,0.113883,0.071738
perpendicular,50.0,55.0,-130.0,-120.0,normal,0.000000,0.080888,0.055199
height,50.0,55.0,-130.0,-120.0,normal,0.000000,0.056859,0.035965
yaw,50.0,55.0,-130.0,-120.0,normal,0.000000,0.312987,0.100466
width,50.0,55.0,-130.0,-120.0,normal,0.000000,0.118622,0.088224
length,50.0,55.0,-130.0,-120.0,normal,0.000000,0.158192,0.108543
box_height,50.0,55.0,-130.0,-120.0,normal,0.000000,0.075459,0.051630
miss_detection,50.0,55.0,-120.0,-110.0,constant,1.000000,,
distal,50.0,55.0,-120.0,-110.0,normal,0.000000,0.113883,0.071738
perpendicular,50.0,55.0,-120.0,-110.0,normal,0.000000,0.080888,0.055199
height,50.0,55.0,-120.0,-110.0,normal,0.000000,0.056859,0.035965
yaw,50.0,55.0,-120.0,-110.0,normal,0.000000,0.312987,0.100466
width,50.0,55.0,-120.0,-110.0,normal,0.000000,0.118622,0.088224
length,50.0,55.0,-120.0,-110.0,normal,0.000000,0.158192,0.108543
box_height,50.0,55.0,-120.0,-110.0,normal,0.000000,0.075459,0.051630
miss_detection,50.0,55.0,-110.0,-100.0,constant,1.000000,,
distal,50.0,55.0,-110.0,-100.0,normal,0.000000,0.113883,0.071738
perpendicular,50.0,55.0,-110.0,-100.0,normal,0.000000,0.080888,0.055199
height,50.0,55.0,-110.0,-100.0,normal,0.000000,0.056859,0.035965
yaw,50.0,55.0,-110.0,-100.0,normal,0.000000,0.312987,0.100466
width,50.0,55.0,-110.0,-100.0,normal,0.000000,0.118622,0.088224
length,50.0,55.0,-110.0,-100.0,normal,0.000000,0.158192,0.108543
box_height,50.0,55.0,-110.0,-100.0,normal,0.000000,0.075459,0.051630
miss_detection,50.0,55.0,-100.0,-90.0,constant,1.000000,,
distal,50.0,55.0,-100.0,-90.0,normal,0.000000,0.113883,0.071738
perpendicular,50.0,55.0,-100.0,-90.0,normal,0.000000,0.080888,0.055199
height,50.0,55.0,-100.0,-90.0,normal,0.000000,0.056859,0.035965
yaw,50.0,55.0,-100.0,-90.0,normal,0.000000,0.312987,0.100466
width,50.0,55.0,-100.0,-90.0,normal,0.000000,0.118622,0.088224
length,50.0,55.0,-100.0,-90.0,normal,0.000000,0.158192,0.108543
box_height,50.0,55.0,-100.0,-90.0,normal,0.000000,0.075459,0.051630
miss_detection,50.0,55.0,-90.0,-80.0,constant,1.000000,,
distal,50.0,55.0,-90.0,-80.0,normal,0.000000,0.113883,0.071738
perpendicular,50.0,55.0,-90.0,-80.0,normal,0.000000,0.080888,0.055199
height,50.0,55.0,-90.0,-80.0,normal,0.000000,0.056859,0.035965
yaw,50.0,55.0,-90.0,-80.0,normal,0.000000,0.312987,0.100466
width,50.0,55.0,-90.0,-80.0,normal,0.000000,0.118622,0.088224
length,50.0,55.0,-90.0,-80.0,normal,0.000000,0.158192,0.108543
box_height,50.0,55.0,-90.0,-80.0,normal,0.000000,0.075459,0.051630
miss_detection,50.0,55.0,-80.0,-70.0,constant,1.000000,,
distal,50.0,55.0,-80.0,-70.0,normal,0.000000,0.113883,0.071738
perpendicular,50.0,55.0,-80.0,-70.0,normal,0.000000,0.080888,0.055199
height,50.0,55.0,-80.0,-70.0,normal,0.000000,0.056859,0.035965
yaw,50.0,55.0,-80.0,-70.0,normal,0.000000,0.312987,0.100466
width,50.0,55.0,-80.0,-70.0,normal,0.000000,0.118622,0.088224
length,50.0,55.0,-80.0,-70.0,normal,0.000000,0.158192,0.108543
box_height,50.0,55.0,-80.0,-70.0,normal,0.000000,0.075459,0.051630
miss_detection,50.0,55.0,-70.0,-60.0,constant,1.000000,,
distal,50.0,55.0,-70.0,-60.0,normal,0.000000,0.113883,0.071738
perpendicular,50.0,55.0,-70.0,-60.0,normal,0.000000,0.080888,0.055199
height,50.0,55.0,-70.0,-60.0,normal,0.000000,0.056859,0.035965
yaw,50.0,55.0,-70.0,-60.0,normal,0.000000,0.312987,0.100466
width,50.0,55.0,-70.0,-60.0,normal,0.000000,0.118622,0.088224
length,50.0,55.0,-70.0,-60.0,normal,0.000000,0.158192,0.108543
box_height,50.0,55.0,-70.0,-60.0,normal,0.000000,0.075459,0.051630
miss_detection,50.0,55.0,-60.0,-50.0,constant,1.000000,,
distal,50.0,55.0,-60.0,-50.0,normal,0.000000,0.113883,0.071738
perpendicular,50.0,55.0,-60.0,-50.0,normal,0.000000,0.080888,0.055199
height,50.0,55.0,-60.0,-50.0,normal,0.000000,0.056859,0.035965
yaw,50.0,55.0,-60.0,-50.0,normal,0.000000,0.312987,0.100466
width,50.0,55.0,-60.0,-50.0,normal,0.000000,0.118622,0.088224
length,50.0,55.0,-60.0,-50.0,normal,0.000000,0.158192,0.108543
box_height,50.0,55.0,-60.0,-50.0,normal,0.000000,0.075459,0.051630
miss_detection,50.0,55.0,-50.0,-40.0,constant,1.000000,,
distal,50.0,55.0,-50.0,-40.0,normal,0.000000,0.113883,0.071738
perpendicular,50.0,55.0,-50.0,-40.0,normal,0.000000,0.080888,0.055199
height,50.0,55.0,-50.0,-40.0,normal,0.000000,0.056859,0.035965
yaw,50.0,55.0,-50.0,-40.0,normal,0.000000,0.312987,0.100466
width,50.0,55.0,-50.0,-40.0,normal,0.000000,0.118622,0.088224
length,50.0,55.0,-50.0,-40.0,normal,0.000000,0.158192,0.108543
box_height,50.0,55.0,-50.0,-40.0,normal,0.000000,0.075459,0.051630
miss_detection,50.0,55.0,-40.0,-30.0,constant,1.000000,,
distal,50.0,55.0,-40.0,-30.0,normal,0.000000,0.113883,0.071738
perpendicular,50.0,55.0,-40.0,-30.0,normal,0.000000,0.080888,0.055199
height,50.0,55.0,-40.0,-30.0,normal,0.000000,0.056859,0.035965
yaw,50.0,55.0,-40.0,-30.0,normal,0.000000,0.312987,0.100466
width,50.0,55.0,-40.0,-30.0,normal,0.000000,0.118622,0.088224
length,50.0,55.0,-40.0,-30.0,normal,0.000000,0.158192,0.108543
box_height,50.0,55.0,-40.0,-30.0,normal,0.000000,0.075459,0.051630
miss_detection,50.0,55.0,-30.0,-20.0,constant,0.732143,,
distal,50.0,55.0,-30.0,-20.0,normal,0.000000,0.073939,0.062268
perpendicular,50.0,55.0,-30.0,-20.0,normal,0.000000,0.134451,0.104582
height,50.0,55.0,-30.0,-20.0,normal,0.000000,0.087734,0.072695
yaw,50.0,55.0,-30.0,-20.0,normal,0.000000,0.052909,0.059560
width,50.0,55.0,-30.0,-20.0,normal,0.000000,0.171422,0.143788
length,50.0,55.0,-30.0,-20.0,normal,0.000000,0.259804,0.236399
box_height,50.0,55.0,-30.0,-20.0,normal,0.000000,0.086880,0.071826
miss_detection,50.0,55.0,-20.0,-10.0,constant,0.225191,,
distal,50.0,55.0,-20.0,-10.0,normal,0.000000,0.076096,0.055227
perpendicular,50.0,55.0,-20.0,-10.0,normal,0.000000,0.108610,0.067923
height,50.0,55.0,-20.0,-10.0,normal,0.000000,0.047862,0.038271
yaw,50.0,55.0,-20.0,-10.0,normal,0.000000,0.688244,0.196497
width,50.0,55.0,-20.0,-10.0,normal,0.000000,0.112038,0.091905
length,50.0,55.0,-20.0,-10.0,normal,0.000000,0.214444,0.133486
box_height,50.0,55.0,-20.0,-10.0,normal,0.000000,0.068833,0.053039
miss_detection,50.0,55.0,-10.0,0.0,constant,0.140271,,
distal,50.0,55.0,-10.0,0.0,normal,0.000000,0.062206,0.049348
perpendicular,50.0,55.0,-10.0,0.0,normal,0.000000,0.070351,0.052189
height,50.0,55.0,-10.0,0.0,normal,0.000000,0.045345,0.035570
yaw,50.0,55.0,-10.0,0.0,normal,0.000000,0.829808,0.265369
width,50.0,55.0,-10.0,0.0,normal,0.000000,0.120784,0.094219
length,50.0,55.0,-10.0,0.0,normal,0.000000,0.122234,0.092169
box_height,50.0,55.0,-10.0,0.0,normal,0.000000,0.067492,0.053167
miss_detection,50.0,55.0,0.0,10.0,constant,0.204082,,
distal,50.0,55.0,0.0,10.0,normal,0.000000,0.074253,0.055320
perpendicular,50.0,55.0,0.0,10.0,normal,0.000000,0.072257,0.055070
height,50.0,55.0,0.0,10.0,normal,0.000000,0.041707,0.034246
yaw,50.0,55.0,0.0,10.0,normal,0.000000,0.800334,0.251256
width,50.0,55.0,0.0,10.0,normal,0.000000,0.125847,0.096038
length,50.0,55.0,0.0,10.0,normal,0.000000,0.116613,0.089496
box_height,50.0,55.0,0.0,10.0,normal,0.000000,0.061135,0.047771
miss_detection,50.0,55.0,10.0,20.0,constant,0.386364,,
distal,50.0,55.0,10.0,20.0,normal,0.000000,0.081819,0.055211
perpendicular,50.0,55.0,10.0,20.0,normal,0.000000,0.078537,0.058688
height,50.0,55.0,10.0,20.0,normal,0.000000,0.051739,0.039163
yaw,50.0,55.0,10.0,20.0,normal,0.000000,0.535497,0.136512
width,50.0,55.0,10.0,20.0,normal,0.000000,0.123147,0.094982
length,50.0,55.0,10.0,20.0,normal,0.000000,0.133126,0.098070
box_height,50.0,55.0,10.0,20.0,normal,0.000000,0.087825,0.062854
miss_detection,50.0,55.0,20.0,30.0,constant,0.600329,,
distal,50.0,55.0,20.0,30.0,normal,0.000000,0.122420,0.083426
perpendicular,50.0,55.0,20.0,30.0,normal,0.000000,0.132227,0.081793
height,50.0,55.0,20.0,30.0,normal,0.000000,0.069606,0.051189
yaw,50.0,55.0,20.0,30.0,normal,0.000000,0.444148,0.116658
width,50.0,55.0,20.0,30.0,normal,0.000000,0.115134,0.091394
length,50.0,55.0,20.0,30.0,normal,0.000000,0.195483,0.135669
box_height,50.0,55.0,20.0,30.0,normal,0.000000,0.127719,0.082738
miss_detection,50.0,55.0,30.0,40.0,constant,1.000000,,
distal,50.0,55.0,30.0,40.0,normal,0.000000,0.113883,0.071738
perpendicular,50.0,55.0,30.0,40.0,normal,0.000000,0.080888,0.055199
height,50.0,55.0,30.0,40.0,normal,0.000000,0.056859,0.035965
yaw,50.0,55.0,30.0,40.0,normal,0.000000,0.312987,0.100466
width,50.0,55.0,30.0,40.0,normal,0.000000,0.118622,0.088224
length,50.0,55.0,30.0,40.0,normal,0.000000,0.158192,0.108543
box_height,50.0,55.0,30.0,40.0,normal,0.000000,0.075459,0.051630
miss_detection,50.0,55.0,40.0,50.0,constant,1.000000,,
distal,50.0,55.0,40.0,50.0,normal,0.000000,0.113883,0.071738
perpendicular,50.0,55.0,40.0,50.0,normal,0.000000,0.080888,0.055199
height,50.0,55.0,40.0,50.0,normal,0.000000,0.056859,0.035965
yaw,50.0,55.0,40.0,50.0,normal,0.000000,0.312987,0.100466
width,50.0,55.0,40.0,50.0,normal,0.000000,0.118622,0.088224
length,50.0,55.0,40.0,50.0,normal,0.000000,0.158192,0.108543
box_height,50.0,55.0,40.0,50.0,normal,0.000000,0.075459,0.051630
miss_detection,50.0,55.0,50.0,60.0,constant,1.000000,,
distal,50.0,55.0,50.0,60.0,normal,0.000000,0.113883,0.071738
perpendicular,50.0,55.0,50.0,60.0,normal,0.000000,0.080888,0.055199
height,50.0,55.0,50.0,60.0,normal,0.000000,0.056859,0.035965
yaw,50.0,55.0,50.0,60.0,normal,0.000000,0.312987,0.100466
width,50.0,55.0,50.0,60.0,normal,0.000000,0.118622,0.088224
length,50.0,55.0,50.0,60.0,normal,0.000000,0.158192,0.108543
box_height,50.0,55.0,50.0,60.0,normal,0.000000,0.075459,0.051630
miss_detection,50.0,55.0,60.0,70.0,constant,1.000000,,
distal,50.0,55.0,60.0,70.0,normal,0.000000,0.113883,0.071738
perpendicular,50.0,55.0,60.0,70.0,normal,0.000000,0.080888,0.055199
height,50.0,55.0,60.0,70.0,normal,0.000000,0.056859,0.035965
yaw,50.0,55.0,60.0,70.0,normal,0.000000,0.312987,0.100466
width,50.0,55.0,60.0,70.0,normal,0.000000,0.118622,0.088224
length,50.0,55.0,60.0,70.0,normal,0.000000,0.158192,0.108543
box_height,50.0,55.0,60.0,70.0,normal,0.000000,0.075459,0.051630
miss_detection,50.0,55.0,70.0,80.0,constant,1.000000,,
distal,50.0,55.0,70.0,80.0,normal,0.000000,0.113883,0.071738
perpendicular,50.0,55.0,70.0,80.0,normal,0.000000,0.080888,0.055199
height,50.0,55.0,70.0,80.0,normal,0.000000,0.056859,0.035965
yaw,50.0,55.0,70.0,80.0,normal,0.000000,0.312987,0.100466
width,50.0,55.0,70.0,80.0,normal,0.000000,0.118622,0.088224
length,50.0,55.0,70.0,80.0,normal,0.000000,0.158192,0.108543
box_height,50.0,55.0,70.0,80.0,normal,0.000000,0.075459,0.051630
miss_detection,50.0,55.0,80.0,90.0,constant,1.000000,,
distal,50.0,55.0,80.0,90.0,normal,0.000000,0.113883,0.071738
perpendicular,50.0,55.0,80.0,90.0,normal,0.000000,0.080888,0.055199
height,50.0,55.0,80.0,90.0,normal,0.000000,0.056859,0.035965
yaw,50.0,55.0,80.0,90.0,normal,0.000000,0.312987,0.100466
width,50.0,55.0,80.0,90.0,normal,0.000000,0.118622,0.088224
length,50.0,55.0,80.0,90.0,normal,0.000000,0.158192,0.108543
box_height,50.0,55.0,80.0,90.0,normal,0.000000,0.075459,0.051630
miss_detection,50.0,55.0,90.0,100.0,constant,1.000000,,
distal,50.0,55.0,90.0,100.0,normal,0.000000,0.113883,0.071738
perpendicular,50.0,55.0,90.0,100.0,normal,0.000000,0.080888,0.055199
height,50.0,55.0,90.0,100.0,normal,0.000000,0.056859,0.035965
yaw,50.0,55.0,90.0,100.0,normal,0.000000,0.312987,0.100466
width,50.0,55.0,90.0,100.0,normal,0.000000,0.118622,0.088224
length,50.0,55.0,90.0,100.0,normal,0.000000,0.158192,0.108543
box_height,50.0,55.0,90.0,100.0,normal,0.000000,0.075459,0.051630
miss_detection,50.0,55.0,100.0,110.0,constant,1.000000,,
distal,50.0,55.0,100.0,110.0,normal,0.000000,0.113883,0.071738
perpendicular,50.0,55.0,100.0,110.0,normal,0.000000,0.080888,0.055199
height,50.0,55.0,100.0,110.0,normal,0.000000,0.056859,0.035965
yaw,50.0,55.0,100.0,110.0,normal,0.000000,0.312987,0.100466
width,50.0,55.0,100.0,110.0,normal,0.000000,0.118622,0.088224
length,50.0,55.0,100.0,110.0,normal,0.000000,0.158192,0.108543
box_height,50.0,55.0,100.0,110.0,normal,0.000000,0.075459,0.051630
miss_detection,50.0,55.0,110.0,120.0,constant,1.000000,,
distal,50.0,55.0,110.0,120.0,normal,0.000000,0.113883,0.071738
perpendicular,50.0,55.0,110.0,120.0,normal,0.000000,0.080888,0.055199
height,50.0,55.0,110.0,120.0,normal,0.000000,0.056859,0.035965
yaw,50.0,55.0,110.0,120.0,normal,0.000000,0.312987,0.100466
width,50.0,55.0,110.0,120.0,normal,0.000000,0.118622,0.088224
length,50.0,55.0,110.0,120.0,normal,0.000000,0.158192,0.108543
box_height,50.0,55.0,110.0,120.0,normal,0.000000,0.075459,0.051630
miss_detection,50.0,55.0,120.0,130.0,constant,1.000000,,
distal,50.0,55.0,120.0,130.0,normal,0.000000,0.113883,0.071738
perpendicular,50.0,55.0,120.0,130.0,normal,0.000000,0.080888,0.055199
height,50.0,55.0,120.0,130.0,normal,0.000000,0.056859,0.035965
yaw,50.0,55.0,120.0,130.0,normal,0.000000,0.312987,0.100466
width,50.0,55.0,120.0,130.0,normal,0.000000,0.118622,0.088224
length,50.0,55.0,120.0,130.0,normal,0.000000,0.158192,0.108543
box_height,50.0,55.0,120.0,130.0,normal,0.000000,0.075459,0.051630
miss_detection,50.0,55.0,130.0,140.0,constant,1.000000,,
distal,50.0,55.0,130.0,140.0,normal,0.000000,0.113883,0.071738
perpendicular,50.0,55.0,130.0,140.0,normal,0.000000,0.080888,0.055199
height,50.0,55.0,130.0,140.0,normal,0.000000,0.056859,0.035965
yaw,50.0,55.0,130.0,140.0,normal,0.000000,0.312987,0.100466
width,50.0,55.0,130.0,140.0,normal,0.000000,0.118622,0.088224
length,50.0,55.0,130.0,140.0,normal,0.000000,0.158192,0.108543
box_height,50.0,55.0,130.0,140.0,normal,0.000000,0.075459,0.051630
miss_detection,50.0,55.0,140.0,150.0,constant,1.000000,,
distal,50.0,55.0,140.0,150.0,normal,0.000000,0.113883,0.071738
perpendicular,50.0,55.0,140.0,150.0,normal,0.000000,0.080888,0.055199
height,50.0,55.0,140.0,150.0,normal,0.000000,0.056859,0.035965
yaw,50.0,55.0,140.0,150.0,normal,0.000000,0.312987,0.100466
width,50.0,55.0,140.0,150.0,normal,0.000000,0.118622,0.088224
length,50.0,55.0,140.0,150.0,normal,0.000000,0.158192,0.108543
box_height,50.0,55.0,140.0,150.0,normal,0.000000,0.075459,0.051630
miss_detection,50.0,55.0,150.0,160.0,constant,1.000000,,
distal,50.0,55.0,150.0,160.0,normal,0.000000,0.113883,0.071738
perpendicular,50.0,55.0,150.0,160.0,normal,0.000000,0.080888,0.055199
height,50.0,55.0,150.0,160.0,normal,0.000000,0.056859,0.035965
yaw,50.0,55.0,150.0,160.0,normal,0.000000,0.312987,0.100466
width,50.0,55.0,150.0,160.0,normal,0.000000,0.118622,0.088224
length,50.0,55.0,150.0,160.0,normal,0.000000,0.158192,0.108543
box_height,50.0,55.0,150.0,160.0,normal,0.000000,0.075459,0.051630
miss_detection,50.0,55.0,160.0,170.0,constant,1.000000,,
distal,50.0,55.0,160.0,170.0,normal,0.000000,0.113883,0.071738
perpendicular,50.0,55.0,160.0,170.0,normal,0.000000,0.080888,0.055199
height,50.0,55.0,160.0,170.0,normal,0.000000,0.056859,0.035965
yaw,50.0,55.0,160.0,170.0,normal,0.000000,0.312987,0.100466
width,50.0,55.0,160.0,170.0,normal,0.000000,0.118622,0.088224
length,50.0,55.0,160.0,170.0,normal,0.000000,0.158192,0.108543
box_height,50.0,55.0,160.0,170.0,normal,0.000000,0.075459,0.051630
miss_detection,50.0,55.0,170.0,180.0,constant,1.000000,,
distal,50.0,55.0,170.0,180.0,normal,0.000000,0.113883,0.071738
perpendicular,50.0,55.0,170.0,180.0,normal,0.000000,0.080888,0.055199
height,50.0,55.0,170.0,180.0,normal,0.000000,0.056859,0.035965
yaw,50.0,55.0,170.0,180.0,normal,0.000000,0.312987,0.100466
width,50.0,55.0,170.0,180.0,normal,0.000000,0.118622,0.088224
length,50.0,55.0,170.0,180.0,normal,0.000000,0.158192,0.108543
box_height,50.0,55.0,170.0,180.0,normal,0.000000,0.075459,0.051630
miss_detection,55.0,60.0,-180.0,-170.0,constant,1.000000,,
distal,55.0,60.0,-180.0,-170.0,normal,0.000000,0.113883,0.071738
perpendicular,55.0,60.0,-180.0,-170.0,normal,0.000000,0.080888,0.055199
height,55.0,60.0,-180.0,-170.0,normal,0.000000,0.056859,0.035965
yaw,55.0,60.0,-180.0,-170.0,normal,0.000000,0.312987,0.100466
width,55.0,60.0,-180.0,-170.0,normal,0.000000,0.118622,0.088224
length,55.0,60.0,-180.0,-170.0,normal,0.000000,0.158192,0.108543
box_height,55.0,60.0,-180.0,-170.0,normal,0.000000,0.075459,0.051630
miss_detection,55.0,60.0,-170.0,-160.0,constant,1.000000,,
distal,55.0,60.0,-170.0,-160.0,normal,0.000000,0.113883,0.071738
perpendicular,55.0,60.0,-170.0,-160.0,normal,0.000000,0.080888,0.055199
height,55.0,60.0,-170.0,-160.0,normal,0.000000,0.056859,0.035965
yaw,55.0,60.0,-170.0,-160.0,normal,0.000000,0.312987,0.100466
width,55.0,60.0,-170.0,-160.0,normal,0.000000,0.118622,0.088224
length,55.0,60.0,-170.0,-160.0,normal,0.000000,0.158192,0.108543
box_height,55.0,60.0,-170.0,-160.0,normal,0.000000,0.075459,0.051630
miss_detection,55.0,60.0,-160.0,-150.0,constant,1.000000,,
distal,55.0,60.0,-160.0,-150.0,normal,0.000000,0.113883,0.071738
perpendicular,55.0,60.0,-160.0,-150.0,normal,0.000000,0.080888,0.055199
height,55.0,60.0,-160.0,-150.0,normal,0.000000,0.056859,0.035965
yaw,55.0,60.0,-160.0,-150.0,normal,0.000000,0.312987,0.100466
width,55.0,60.0,-160.0,-150.0,normal,0.000000,0.118622,0.088224
length,55.0,60.0,-160.0,-150.0,normal,0.000000,0.158192,0.108543
box_height,55.0,60.0,-160.0,-150.0,normal,0.000000,0.075459,0.051630
miss_detection,55.0,60.0,-150.0,-140.0,constant,1.000000,,
distal,55.0,60.0,-150.0,-140.0,normal,0.000000,0.113883,0.071738
perpendicular,55.0,60.0,-150.0,-140.0,normal,0.000000,0.080888,0.055199
height,55.0,60.0,-150.0,-140.0,normal,0.000000,0.056859,0.035965
yaw,55.0,60.0,-150.0,-140.0,normal,0.000000,0.312987,0.100466
width,55.0,60.0,-150.0,-140.0,normal,0.000000,0.118622,0.088224
length,55.0,60.0,-150.0,-140.0,normal,0.000000,0.158192,0.108543
box_height,55.0,60.0,-150.0,-140.0,normal,0.000000,0.075459,0.051630
miss_detection,55.0,60.0,-140.0,-130.0,constant,1.000000,,
distal,55.0,60.0,-140.0,-130.0,normal,0.000000,0.113883,0.071738
perpendicular,55.0,60.0,-140.0,-130.0,normal,0.000000,0.080888,0.055199
height,55.0,60.0,-140.0,-130.0,normal,0.000000,0.056859,0.035965
yaw,55.0,60.0,-140.0,-130.0,normal,0.000000,0.312987,0.100466
width,55.0,60.0,-140.0,-130.0,normal,0.000000,0.118622,0.088224
length,55.0,60.0,-140.0,-130.0,normal,0.000000,0.158192,0.108543
box_height,55.0,60.0,-140.0,-130.0,normal,0.000000,0.075459,0.051630
miss_detection,55.0,60.0,-130.0,-120.0,constant,1.000000,,
distal,55.0,60.0,-130.0,-120.0,normal,0.000000,0.113883,0.071738
perpendicular,55.0,60.0,-130.0,-120.0,normal,0.000000,0.080888,0.055199
height,55.0,60.0,-130.0,-120.0,normal,0.000000,0.056859,0.035965
yaw,55.0,60.0,-130.0,-120.0,normal,0.000000,0.312987,0.100466
width,55.0,60.0,-130.0,-120.0,normal,0.000000,0.118622,0.088224
length,55.0,60.0,-130.0,-120.0,normal,0.000000,0.158192,0.108543
box_height,55.0,60.0,-130.0,-120.0,normal,0.000000,0.075459,0.051630
miss_detection,55.0,60.0,-120.0,-110.0,constant,1.000000,,
distal,55.0,60.0,-120.0,-110.0,normal,0.000000,0.113883,0.071738
perpendicular,55.0,60.0,-120.0,-110.0,normal,0.000000,0.080888,0.055199
height,55.0,60.0,-120.0,-110.0,normal,0.000000,0.056859,0.035965
yaw,55.0,60.0,-120.0,-110.0,normal,0.000000,0.312987,0.100466
width,55.0,60.0,-120.0,-110.0,normal,0.000000,0.118622,0.088224
length,55.0,60.0,-120.0,-110.0,normal,0.000000,0.158192,0.108543
box_height,55.0,60.0,-120.0,-110.0,normal,0.000000,0.075459,0.051630
miss_detection,55.0,60.0,-110.0,-100.0,constant,1.000000,,
distal,55.0,60.0,-110.0,-100.0,normal,0.000000,0.113883,0.071738
perpendicular,55.0,60.0,-110.0,-100.0,normal,0.000000,0.080888,0.055199
height,55.0,60.0,-110.0,-100.0,normal,0.000000,0.056859,0.035965
yaw,55.0,60.0,-110.0,-100.0,normal,0.000000,0.312987,0.100466
width,55.0,60.0,-110.0,-100.0,normal,0.000000,0.118622,0.088224
length,55.0,60.0,-110.0,-100.0,normal,0.000000,0.158192,0.108543
box_height,55.0,60.0,-110.0,-100.0,normal,0.000000,0.075459,0.051630
miss_detection,55.0,60.0,-100.0,-90.0,constant,1.000000,,
distal,55.0,60.0,-100.0,-90.0,normal,0.000000,0.113883,0.071738
perpendicular,55.0,60.0,-100.0,-90.0,normal,0.000000,0.080888,0.055199
height,55.0,60.0,-100.0,-90.0,normal,0.000000,0.056859,0.035965
yaw,55.0,60.0,-100.0,-90.0,normal,0.000000,0.312987,0.100466
width,55.0,60.0,-100.0,-90.0,normal,0.000000,0.118622,0.088224
length,55.0,60.0,-100.0,-90.0,normal,0.000000,0.158192,0.108543
box_height,55.0,60.0,-100.0,-90.0,normal,0.000000,0.075459,0.051630
miss_detection,55.0,60.0,-90.0,-80.0,constant,1.000000,,
distal,55.0,60.0,-90.0,-80.0,normal,0.000000,0.113883,0.071738
perpendicular,55.0,60.0,-90.0,-80.0,normal,0.000000,0.080888,0.055199
height,55.0,60.0,-90.0,-80.0,normal,0.000000,0.056859,0.035965
yaw,55.0,60.0,-90.0,-80.0,normal,0.000000,0.312987,0.100466
width,55.0,60.0,-90.0,-80.0,normal,0.000000,0.118622,0.088224
length,55.0,60.0,-90.0,-80.0,normal,0.000000,0.158192,0.108543
box_height,55.0,60.0,-90.0,-80.0,normal,0.000000,0.075459,0.051630
miss_detection,55.0,60.0,-80.0,-70.0,constant,1.000000,,
distal,55.0,60.0,-80.0,-70.0,normal,0.000000,0.113883,0.071738
perpendicular,55.0,60.0,-80.0,-70.0,normal,0.000000,0.080888,0.055199
height,55.0,60.0,-80.0,-70.0,normal,0.000000,0.056859,0.035965
yaw,55.0,60.0,-80.0,-70.0,normal,0.000000,0.312987,0.100466
width,55.0,60.0,-80.0,-70.0,normal,0.000000,0.118622,0.088224
length,55.0,60.0,-80.0,-70.0,normal,0.000000,0.158192,0.108543
box_height,55.0,60.0,-80.0,-70.0,normal,0.000000,0.075459,0.051630
miss_detection,55.0,60.0,-70.0,-60.0,constant,1.000000,,
distal,55.0,60.0,-70.0,-60.0,normal,0.000000,0.113883,0.071738
perpendicular,55.0,60.0,-70.0,-60.0,normal,0.000000,0.080888,0.055199
height,55.0,60.0,-70.0,-60.0,normal,0.000000,0.056859,0.035965
yaw,55.0,60.0,-70.0,-60.0,normal,0.000000,0.312987,0.100466
width,55.0,60.0,-70.0,-60.0,normal,0.000000,0.118622,0.088224
length,55.0,60.0,-70.0,-60.0,normal,0.000000,0.158192,0.108543
box_height,55.0,60.0,-70.0,-60.0,normal,0.000000,0.075459,0.051630
miss_detection,55.0,60.0,-60.0,-50.0,constant,1.000000,,
distal,55.0,60.0,-60.0,-50.0,normal,0.000000,0.113883,0.071738
perpendicular,55.0,60.0,-60.0,-50.0,normal,0.000000,0.080888,0.055199
height,55.0,60.0,-60.0,-50.0,normal,0.000000,0.056859,0.035965
yaw,55.0,60.0,-60.0,-50.0,normal,0.000000,0.312987,0.100466
width,55.0,60.0,-60.0,-50.0,normal,0.000000,0.118622,0.088224
length,55.0,60.0,-60.0,-50.0,normal,0.000000,0.158192,0.108543
box_height,55.0,60.0,-60.0,-50.0,normal,0.000000,0.075459,0.051630
miss_detection,55.0,60.0,-50.0,-40.0,constant,1.000000,,
distal,55.0,60.0,-50.0,-40.0,normal,0.000000,0.113883,0.071738
perpendicular,55.0,60.0,-50.0,-40.0,normal,0.000000,0.080888,0.055199
height,55.0,60.0,-50.0,-40.0,normal,0.000000,0.056859,0.035965
yaw,55.0,60.0,-50.0,-40.0,normal,0.000000,0.312987,0.100466
width,55.0,60.0,-50.0,-40.0,normal,0.000000,0.118622,0.088224
length,55.0,60.0,-50.0,-40.0,normal,0.000000,0.158192,0.108543
box_height,55.0,60.0,-50.0,-40.0,normal,0.000000,0.075459,0.051630
miss_detection,55.0,60.0,-40.0,-30.0,constant,1.000000,,
distal,55.0,60.0,-40.0,-30.0,normal,0.000000,0.113883,0.071738
perpendicular,55.0,60.0,-40.0,-30.0,normal,0.000000,0.080888,0.055199
height,55.0,60.0,-40.0,-30.0,normal,0.000000,0.056859,0.035965
yaw,55.0,60.0,-40.0,-30.0,normal,0.000000,0.312987,0.100466
width,55.0,60.0,-40.0,-30.0,normal,0.000000,0.118622,0.088224
length,55.0,60.0,-40.0,-30.0,normal,0.000000,0.158192,0.108543
box_height,55.0,60.0,-40.0,-30.0,normal,0.000000,0.075459,0.051630
miss_detection,55.0,60.0,-30.0,-20.0,constant,0.642857,,
distal,55.0,60.0,-30.0,-20.0,normal,0.000000,0.096878,0.106676
perpendicular,55.0,60.0,-30.0,-20.0,normal,0.000000,0.076317,0.144008
height,55.0,60.0,-30.0,-20.0,normal,0.000000,0.056783,0.057829
yaw,55.0,60.0,-30.0,-20.0,normal,0.000000,1.260964,0.671246
width,55.0,60.0,-30.0,-20.0,normal,0.000000,0.130351,0.118287
length,55.0,60.0,-30.0,-20.0,normal,0.000000,0.255758,0.320514
box_height,55.0,60.0,-30.0,-20.0,normal,0.000000,0.105121,0.083432
miss_detection,55.0,60.0,-20.0,-10.0,constant,0.158140,,
distal,55.0,60.0,-20.0,-10.0,normal,0.000000,0.087310,0.066846
perpendicular,55.0,60.0,-20.0,-10.0,normal,0.000000,0.094875,0.077573
height,55.0,60.0,-20.0,-10.0,normal,0.000000,0.072796,0.056833
yaw,55.0,60.0,-20.0,-10.0,normal,0.000000,1.231008,0.594824
width,55.0,60.0,-20.0,-10.0,normal,0.000000,0.146122,0.114255
length,55.0,60.0,-20.0,-10.0,normal,0.000000,0.208651,0.149874
box_height,55.0,60.0,-20.0,-10.0,normal,0.000000,0.106364,0.078765
miss_detection,55.0,60.0,-10.0,0.0,constant,0.075630,,
distal,55.0,60.0,-10.0,0.0,normal,0.000000,0.090633,0.064474
perpendicular,55.0,60.0,-10.0,0.0,normal,0.000000,0.082220,0.058485
height,55.0,60.0,-10.0,0.0,normal,0.000000,0.062769,0.044887
yaw,55.0,60.0,-10.0,0.0,normal,0.000000,0.663707,0.175107
width,55.0,60.0,-10.0,0.0,normal,0.000000,0.122894,0.099526
length,55.0,60.0,-10.0,0.0,normal,0.000000,0.161717,0.122591
box_height,55.0,60.0,-10.0,0.0,normal,0.000000,0.080185,0.057145
miss_detection,55.0,60.0,0.0,10.0,constant,0.177143,,
distal,55.0,60.0,0.0,10.0,normal,0.000000,0.060442,0.046025
perpendicular,55.0,60.0,0.0,10.0,normal,0.000000,0.090987,0.070834
height,55.0,60.0,0.0,10.0,normal,0.000000,0.051286,0.039499
yaw,55.0,60.0,0.0,10.0,normal,0.000000,0.578687,0.152294
width,55.0,60.0,0.0,10.0,normal,0.000000,0.121637,0.094800
length,55.0,60.0,0.0,10.0,normal,0.000000,0.111050,0.087110
box_height,55.0,60.0,0.0,10.0,normal,0.000000,0.074754,0.057774
miss_detection,55.0,60.0,10.0,20.0,constant,0.510417,,
distal,55.0,60.0,10.0,20.0,normal,0.000000,0.071337,0.055435
perpendicular,55.0,60.0,10.0,20.0,normal,0.000000,0.098419,0.076552
height,55.0,60.0,10.0,20.0,normal,0.000000,0.061312,0.047418
yaw,55.0,60.0,10.0,20.0,normal,0.000000,0.881221,0.313232
width,55.0,60.0,10.0,20.0,normal,0.000000,0.141669,0.108724
length,55.0,60.0,10.0,20.0,normal,0.000000,0.129846,0.106538
box_height,55.0,60.0,10.0,20.0,normal,0.000000,0.085189,0.063346
miss_detection,55.0,60.0,20.0,30.0,constant,0.669192,,
distal,55.0,60.0,20.0,30.0,normal,0.000000,0.112394,0.074336
perpendicular,55.0,60.0,20.0,30.0,normal,0.000000,0.155539,0.090720
height,55.0,60.0,20.0,30.0,normal,0.000000,0.057992,0.041769
yaw,55.0,60.0,20.0,30.0,normal,0.000000,0.474651,0.117376
width,55.0,60.0,20.0,30.0,normal,0.000000,0.127327,0.101557
length,55.0,60.0,20.0,30.0,normal,0.000000,0.197196,0.144337
box_height,55.0,60.0,20.0,30.0,normal,0.000000,0.090572,0.066546
miss_detection,55.0,60.0,30.0,40.0,constant,1.000000,,
distal,55.0,60.0,30.0,40.0,normal,0.000000,0.113883,0.071738
perpendicular,55.0,60.0,30.0,40.0,normal,0.000000,0.080888,0.055199
height,55.0,60.0,30.0,40.0,normal,0.000000,0.056859,0.035965
yaw,55.0,60.0,30.0,40.0,normal,0.000000,0.312987,0.100466
width,55.0,60.0,30.0,40.0,normal,0.000000,0.118622,0.088224
length,55.0,60.0,30.0,40.0,normal,0.000000,0.158192,0.108543
box_height,55.0,60.0,30.0,40.0,normal,0.000000,0.075459,0.051630
miss_detection,55.0,60.0,40.0,50.0,constant,1.000000,,
distal,55.0,60.0,40.0,50.0,normal,0.000000,0.113883,0.071738
perpendicular,55.0,60.0,40.0,50.0,normal,0.000000,0.080888,0.055199
height,55.0,60.0,40.0,50.0,normal,0.000000,0.056859,0.035965
yaw,55.0,60.0,40.0,50.0,normal,0.000000,0.312987,0.100466
width,55.0,60.0,40.0,50.0,normal,0.000000,0.118622,0.088224
length,55.0,60.0,40.0,50.0,normal,0.000000,0.158192,0.108543
box_height,55.0,60.0,40.0,50.0,normal,0.000000,0.075459,0.051630
miss_detection,55.0,60.0,50.0,60.0,constant,1.000000,,
distal,55.0,60.0,50.0,60.0,normal,0.000000,0.113883,0.071738
perpendicular,55.0,60.0,50.0,60.0,normal,0.000000,0.080888,0.055199
height,55.0,60.0,50.0,60.0,normal,0.000000,0.056859,0.035965
yaw,55.0,60.0,50.0,60.0,normal,0.000000,0.312987,0.100466
width,55.0,60.0,50.0,60.0,normal,0.000000,0.118622,0.088224
length,55.0,60.0,50.0,60.0,normal,0.000000,0.158192,0.108543
box_height,55.0,60.0,50.0,60.0,normal,0.000000,0.075459,0.051630
miss_detection,55.0,60.0,60.0,70.0,constant,1.000000,,
distal,55.0,60.0,60.0,70.0,normal,0.000000,0.113883,0.071738
perpendicular,55.0,60.0,60.0,70.0,normal,0.000000,0.080888,0.055199
height,55.0,60.0,60.0,70.0,normal,0.000000,0.056859,0.035965
yaw,55.0,60.0,60.0,70.0,normal,0.000000,0.312987,0.100466
width,55.0,60.0,60.0,70.0,normal,0.000000,0.118622,0.088224
length,55.0,60.0,60.0,70.0,normal,0.000000,0.158192,0.108543
box_height,55.0,60.0,60.0,70.0,normal,0.000000,0.075459,0.051630
miss_detection,55.0,60.0,70.0,80.0,constant,1.000000,,
distal,55.0,60.0,70.0,80.0,normal,0.000000,0.113883,0.071738
perpendicular,55.0,60.0,70.0,80.0,normal,0.000000,0.080888,0.055199
height,55.0,60.0,70.0,80.0,normal,0.000000,0.056859,0.035965
yaw,55.0,60.0,70.0,80.0,normal,0.000000,0.312987,0.100466
width,55.0,60.0,70.0,80.0,normal,0.000000,0.118622,0.088224
length,55.0,60.0,70.0,80.0,normal,0.000000,0.158192,0.108543
box_height,55.0,60.0,70.0,80.0,normal,0.000000,0.075459,0.051630
miss_detection,55.0,60.0,80.0,90.0,constant,1.000000,,
distal,55.0,60.0,80.0,90.0,normal,0.000000,0.113883,0.071738
perpendicular,55.0,60.0,80.0,90.0,normal,0.000000,0.080888,0.055199
height,55.0,60.0,80.0,90.0,normal,0.000000,0.056859,0.035965
yaw,55.0,60.0,80.0,90.0,normal,0.000000,0.312987,0.100466
width,55.0,60.0,80.0,90.0,normal,0.000000,0.118622,0.088224
length,55.0,60.0,80.0,90.0,normal,0.000000,0.158192,0.108543
box_height,55.0,60.0,80.0,90.0,normal,0.000000,0.075459,0.051630
miss_detection,55.0,60.0,90.0,100.0,constant,1.000000,,
distal,55.0,60.0,90.0,100.0,normal,0.000000,0.113883,0.071738
perpendicular,55.0,60.0,90.0,100.0,normal,0.000000,0.080888,0.055199
height,55.0,60.0,90.0,100.0,normal,0.000000,0.056859,0.035965
yaw,55.0,60.0,90.0,100.0,normal,0.000000,0.312987,0.100466
width,55.0,60.0,90.0,100.0,normal,0.000000,0.118622,0.088224
length,55.0,60.0,90.0,100.0,normal,0.000000,0.158192,0.108543
box_height,55.0,60.0,90.0,100.0,normal,0.000000,0.075459,0.051630
miss_detection,55.0,60.0,100.0,110.0,constant,1.000000,,
distal,55.0,60.0,100.0,110.0,normal,0.000000,0.113883,0.071738
perpendicular,55.0,60.0,100.0,110.0,normal,0.000000,0.080888,0.055199
height,55.0,60.0,100.0,110.0,normal,0.000000,0.056859,0.035965
yaw,55.0,60.0,100.0,110.0,normal,0.000000,0.312987,0.100466
width,55.0,60.0,100.0,110.0,normal,0.000000,0.118622,0.088224
length,55.0,60.0,100.0,110.0,normal,0.000000,0.158192,0.108543
box_height,55.0,60.0,100.0,110.0,normal,0.000000,0.075459,0.051630
miss_detection,55.0,60.0,110.0,120.0,constant,1.000000,,
distal,55.0,60.0,110.0,120.0,normal,0.000000,0.113883,0.071738
perpendicular,55.0,60.0,110.0,120.0,normal,0.000000,0.080888,0.055199
height,55.0,60.0,110.0,120.0,normal,0.000000,0.056859,0.035965
yaw,55.0,60.0,110.0,120.0,normal,0.000000,0.312987,0.100466
width,55.0,60.0,110.0,120.0,normal,0.000000,0.118622,0.088224
length,55.0,60.0,110.0,120.0,normal,0.000000,0.158192,0.108543
box_height,55.0,60.0,110.0,120.0,normal,0.000000,0.075459,0.051630
miss_detection,55.0,60.0,120.0,130.0,constant,1.000000,,
distal,55.0,60.0,120.0,130.0,normal,0.000000,0.113883,0.071738
perpendicular,55.0,60.0,120.0,130.0,normal,0.000000,0.080888,0.055199
height,55.0,60.0,120.0,130.0,normal,0.000000,0.056859,0.035965
yaw,55.0,60.0,120.0,130.0,normal,0.000000,0.312987,0.100466
width,55.0,60.0,120.0,130.0,normal,0.000000,0.118622,0.088224
length,55.0,60.0,120.0,130.0,normal,0.000000,0.158192,0.108543
box_height,55.0,60.0,120.0,130.0,normal,0.000000,0.075459,0.051630
miss_detection,55.0,60.0,130.0,140.0,constant,1.000000,,
distal,55.0,60.0,130.0,140.0,normal,0.000000,0.113883,0.071738
perpendicular,55.0,60.0,130.0,140.0,normal,0.000000,0.080888,0.055199
height,55.0,60.0,130.0,140.0,normal,0.000000,0.056859,0.035965
yaw,55.0,60.0,130.0,140.0,normal,0.000000,0.312987,0.100466
width,55.0,60.0,130.0,140.0,normal,0.000000,0.118622,0.088224
length,55.0,60.0,130.0,140.0,normal,0.000000,0.158192,0.108543
box_height,55.0,60.0,130.0,140.0,normal,0.000000,0.075459,0.051630
miss_detection,55.0,60.0,140.0,150.0,constant,1.000000,,
distal,55.0,60.0,140.0,150.0,normal,0.000000,0.113883,0.071738
perpendicular,55.0,60.0,140.0,150.0,normal,0.000000,0.080888,0.055199
height,55.0,60.0,140.0,150.0,normal,0.000000,0.056859,0.035965
yaw,55.0,60.0,140.0,150.0,normal,0.000000,0.312987,0.100466
width,55.0,60.0,140.0,150.0,normal,0.000000,0.118622,0.088224
length,55.0,60.0,140.0,150.0,normal,0.000000,0.158192,0.108543
box_height,55.0,60.0,140.0,150.0,normal,0.000000,0.075459,0.051630
miss_detection,55.0,60.0,150.0,160.0,constant,1.000000,,
distal,55.0,60.0,150.0,160.0,normal,0.000000,0.113883,0.071738
perpendicular,55.0,60.0,150.0,160.0,normal,0.000000,0.080888,0.055199
height,55.0,60.0,150.0,160.0,normal,0.000000,0.056859,0.035965
yaw,55.0,60.0,150.0,160.0,normal,0.000000,0.312987,0.100466
width,55.0,60.0,150.0,160.0,normal,0.000000,0.118622,0.088224
length,55.0,60.0,150.0,160.0,normal,0.000000,0.158192,0.108543
box_height,55.0,60.0,150.0,160.0,normal,0.000000,0.075459,0.051630
miss_detection,55.0,60.0,160.0,170.0,constant,1.000000,,
distal,55.0,60.0,160.0,170.0,normal,0.000000,0.113883,0.071738
perpendicular,55.0,60.0,160.0,170.0,normal,0.000000,0.080888,0.055199
height,55.0,60.0,160.0,170.0,normal,0.000000,0.056859,0.035965
yaw,55.0,60.0,160.0,170.0,normal,0.000000,0.312987,0.100466
width,55.0,60.0,160.0,170.0,normal,0.000000,0.118622,0.088224
length,55.0,60.0,160.0,170.0,normal,0.000000,0.158192,0.108543
box_height,55.0,60.0,160.0,170.0,normal,0.000000,0.075459,0.051630
miss_detection,55.0,60.0,170.0,180.0,constant,1.000000,,
distal,55.0,60.0,170.0,180.0,normal,0.000000,0.113883,0.071738
perpendicular,55.0,60.0,170.0,180.0,normal,0.000000,0.080888,0.055199
height,55.0,60.0,170.0,180.0,normal,0.000000,0.056859,0.035965
yaw,55.0,60.0,170.0,180.0,normal,0.000000,0.312987,0.100466
width,55.0,60.0,170.0,180.0,normal,0.000000,0.118622,0.088224
length,55.0,60.0,170.0,180.0,normal,0.000000,0.158192,0.108543
box_height,55.0,60.0,170.0,180.0,normal,0.000000,0.075459,0.051630
miss_detection,60.0,65.0,-180.0,-170.0,constant,1.000000,,
distal,60.0,65.0,-180.0,-170.0,normal,0.000000,0.113883,0.071738
perpendicular,60.0,65.0,-180.0,-170.0,normal,0.000000,0.080888,0.055199
height,60.0,65.0,-180.0,-170.0,normal,0.000000,0.056859,0.035965
yaw,60.0,65.0,-180.0,-170.0,normal,0.000000,0.312987,0.100466
width,60.0,65.0,-180.0,-170.0,normal,0.000000,0.118622,0.088224
length,60.0,65.0,-180.0,-170.0,normal,0.000000,0.158192,0.108543
box_height,60.0,65.0,-180.0,-170.0,normal,0.000000,0.075459,0.051630
miss_detection,60.0,65.0,-170.0,-160.0,constant,1.000000,,
distal,60.0,65.0,-170.0,-160.0,normal,0.000000,0.113883,0.071738
perpendicular,60.0,65.0,-170.0,-160.0,normal,0.000000,0.080888,0.055199
height,60.0,65.0,-170.0,-160.0,normal,0.000000,0.056859,0.035965
yaw,60.0,65.0,-170.0,-160.0,normal,0.000000,0.312987,0.100466
width,60.0,65.0,-170.0,-160.0,normal,0.000000,0.118622,0.088224
length,60.0,65.0,-170.0,-160.0,normal,0.000000,0.158192,0.108543
box_height,60.0,65.0,-170.0,-160.0,normal,0.000000,0.075459,0.051630
miss_detection,60.0,65.0,-160.0,-150.0,constant,1.000000,,
distal,60.0,65.0,-160.0,-150.0,normal,0.000000,0.113883,0.071738
perpendicular,60.0,65.0,-160.0,-150.0,normal,0.000000,0.080888,0.055199
height,60.0,65.0,-160.0,-150.0,normal,0.000000,0.056859,0.035965
yaw,60.0,65.0,-160.0,-150.0,normal,0.000000,0.312987,0.100466
width,60.0,65.0,-160.0,-150.0,normal,0.000000,0.118622,0.088224
length,60.0,65.0,-160.0,-150.0,normal,0.000000,0.158192,0.108543
box_height,60.0,65.0,-160.0,-150.0,normal,0.000000,0.075459,0.051630
miss_detection,60.0,65.0,-150.0,-140.0,constant,1.000000,,
distal,60.0,65.0,-150.0,-140.0,normal,0.000000,0.113883,0.071738
perpendicular,60.0,65.0,-150.0,-140.0,normal,0.000000,0.080888,0.055199
height,60.0,65.0,-150.0,-140.0,normal,0.000000,0.056859,0.035965
yaw,60.0,65.0,-150.0,-140.0,normal,0.000000,0.312987,0.100466
width,60.0,65.0,-150.0,-140.0,normal,0.000000,0.118622,0.088224
length,60.0,65.0,-150.0,-140.0,normal,0.000000,0.158192,0.108543
box_height,60.0,65.0,-150.0,-140.0,normal,0.000000,0.075459,0.051630
miss_detection,60.0,65.0,-140.0,-130.0,constant,1.000000,,
distal,60.0,65.0,-140.0,-130.0,normal,0.000000,0.113883,0.071738
perpendicular,60.0,65.0,-140.0,-130.0,normal,0.000000,0.080888,0.055199
height,60.0,65.0,-140.0,-130.0,normal,0.000000,0.056859,0.035965
yaw,60.0,65.0,-140.0,-130.0,normal,0.000000,0.312987,0.100466
width,60.0,65.0,-140.0,-130.0,normal,0.000000,0.118622,0.088224
length,60.0,65.0,-140.0,-130.0,normal,0.000000,0.158192,0.108543
box_height,60.0,65.0,-140.0,-130.0,normal,0.000000,0.075459,0.051630
miss_detection,60.0,65.0,-130.0,-120.0,constant,1.000000,,
distal,60.0,65.0,-130.0,-120.0,normal,0.000000,0.113883,0.071738
perpendicular,60.0,65.0,-130.0,-120.0,normal,0.000000,0.080888,0.055199
height,60.0,65.0,-130.0,-120.0,normal,0.000000,0.056859,0.035965
yaw,60.0,65.0,-130.0,-120.0,normal,0.000000,0.312987,0.100466
width,60.0,65.0,-130.0,-120.0,normal,0.000000,0.118622,0.088224
length,60.0,65.0,-130.0,-120.0,normal,0.000000,0.158192,0.108543
box_height,60.0,65.0,-130.0,-120.0,normal,0.000000,0.075459,0.051630
miss_detection,60.0,65.0,-120.0,-110.0,constant,1.000000,,
distal,60.0,65.0,-120.0,-110.0,normal,0.000000,0.113883,0.071738
perpendicular,60.0,65.0,-120.0,-110.0,normal,0.000000,0.080888,0.055199
height,60.0,65.0,-120.0,-110.0,normal,0.000000,0.056859,0.035965
yaw,60.0,65.0,-120.0,-110.0,normal,0.000000,0.312987,0.100466
width,60.0,65.0,-120.0,-110.0,normal,0.000000,0.118622,0.088224
length,60.0,65.0,-120.0,-110.0,normal,0.000000,0.158192,0.108543
box_height,60.0,65.0,-120.0,-110.0,normal,0.000000,0.075459,0.051630
miss_detection,60.0,65.0,-110.0,-100.0,constant,1.000000,,
distal,60.0,65.0,-110.0,-100.0,normal,0.000000,0.113883,0.071738
perpendicular,60.0,65.0,-110.0,-100.0,normal,0.000000,0.080888,0.055199
height,60.0,65.0,-110.0,-100.0,normal,0.000000,0.056859,0.035965
yaw,60.0,65.0,-110.0,-100.0,normal,0.000000,0.312987,0.100466
width,60.0,65.0,-110.0,-100.0,normal,0.000000,0.118622,0.088224
length,60.0,65.0,-110.0,-100.0,normal,0.000000,0.158192,0.108543
box_height,60.0,65.0,-110.0,-100.0,normal,0.000000,0.075459,0.051630
miss_detection,60.0,65.0,-100.0,-90.0,constant,1.000000,,
distal,60.0,65.0,-100.0,-90.0,normal,0.000000,0.113883,0.071738
perpendicular,60.0,65.0,-100.0,-90.0,normal,0.000000,0.080888,0.055199
height,60.0,65.0,-100.0,-90.0,normal,0.000000,0.056859,0.035965
yaw,60.0,65.0,-100.0,-90.0,normal,0.000000,0.312987,0.100466
width,60.0,65.0,-100.0,-90.0,normal,0.000000,0.118622,0.088224
length,60.0,65.0,-100.0,-90.0,normal,0.000000,0.158192,0.108543
box_height,60.0,65.0,-100.0,-90.0,normal,0.000000,0.075459,0.051630
miss_detection,60.0,65.0,-90.0,-80.0,constant,1.000000,,
distal,60.0,65.0,-90.0,-80.0,normal,0.000000,0.113883,0.071738
perpendicular,60.0,65.0,-90.0,-80.0,normal,0.000000,0.080888,0.055199
height,60.0,65.0,-90.0,-80.0,normal,0.000000,0.056859,0.035965
yaw,60.0,65.0,-90.0,-80.0,normal,0.000000,0.312987,0.100466
width,60.0,65.0,-90.0,-80.0,normal,0.000000,0.118622,0.088224
length,60.0,65.0,-90.0,-80.0,normal,0.000000,0.158192,0.108543
box_height,60.0,65.0,-90.0,-80.0,normal,0.000000,0.075459,0.051630
miss_detection,60.0,65.0,-80.0,-70.0,constant,1.000000,,
distal,60.0,65.0,-80.0,-70.0,normal,0.000000,0.113883,0.071738
perpendicular,60.0,65.0,-80.0,-70.0,normal,0.000000,0.080888,0.055199
height,60.0,65.0,-80.0,-70.0,normal,0.000000,0.056859,0.035965
yaw,60.0,65.0,-80.0,-70.0,normal,0.000000,0.312987,0.100466
width,60.0,65.0,-80.0,-70.0,normal,0.000000,0.118622,0.088224
length,60.0,65.0,-80.0,-70.0,normal,0.000000,0.158192,0.108543
box_height,60.0,65.0,-80.0,-70.0,normal,0.000000,0.075459,0.051630
miss_detection,60.0,65.0,-70.0,-60.0,constant,1.000000,,
distal,60.0,65.0,-70.0,-60.0,normal,0.000000,0.113883,0.071738
perpendicular,60.0,65.0,-70.0,-60.0,normal,0.000000,0.080888,0.055199
height,60.0,65.0,-70.0,-60.0,normal,0.000000,0.056859,0.035965
yaw,60.0,65.0,-70.0,-60.0,normal,0.000000,0.312987,0.100466
width,60.0,65.0,-70.0,-60.0,normal,0.000000,0.118622,0.088224
length,60.0,65.0,-70.0,-60.0,normal,0.000000,0.158192,0.108543
box_height,60.0,65.0,-70.0,-60.0,normal,0.000000,0.075459,0.051630
miss_detection,60.0,65.0,-60.0,-50.0,constant,1.000000,,
distal,60.0,65.0,-60.0,-50.0,normal,0.000000,0.113883,0.071738
perpendicular,60.0,65.0,-60.0,-50.0,normal,0.000000,0.080888,0.055199
height,60.0,65.0,-60.0,-50.0,normal,0.000000,0.056859,0.035965
yaw,60.0,65.0,-60.0,-50.0,normal,0.000000,0.312987,0.100466
width,60.0,65.0,-60.0,-50.0,normal,0.000000,0.118622,0.088224
length,60.0,65.0,-60.0,-50.0,normal,0.000000,0.158192,0.108543
box_height,60.0,65.0,-60.0,-50.0,normal,0.000000,0.075459,0.051630
miss_detection,60.0,65.0,-50.0,-40.0,constant,1.000000,,
distal,60.0,65.0,-50.0,-40.0,normal,0.000000,0.113883,0.071738
perpendicular,60.0,65.0,-50.0,-40.0,normal,0.000000,0.080888,0.055199
height,60.0,65.0,-50.0,-40.0,normal,0.000000,0.056859,0.035965
yaw,60.0,65.0,-50.0,-40.0,normal,0.000000,0.312987,0.100466
width,60.0,65.0,-50.0,-40.0,normal,0.000000,0.118622,0.088224
length,60.0,65.0,-50.0,-40.0,normal,0.000000,0.158192,0.108543
box_height,60.0,65.0,-50.0,-40.0,normal,0.000000,0.075459,0.051630
miss_detection,60.0,65.0,-40.0,-30.0,constant,1.000000,,
distal,60.0,65.0,-40.0,-30.0,normal,0.000000,0.113883,0.071738
perpendicular,60.0,65.0,-40.0,-30.0,normal,0.000000,0.080888,0.055199
height,60.0,65.0,-40.0,-30.0,normal,0.000000,0.056859,0.035965
yaw,60.0,65.0,-40.0,-30.0,normal,0.000000,0.312987,0.100466
width,60.0,65.0,-40.0,-30.0,normal,0.000000,0.118622,0.088224
length,60.0,65.0,-40.0,-30.0,normal,0.000000,0.158192,0.108543
box_height,60.0,65.0,-40.0,-30.0,normal,0.000000,0.075459,0.051630
miss_detection,60.0,65.0,-30.0,-20.0,constant,0.843750,,
distal,60.0,65.0,-30.0,-20.0,normal,0.000000,0.249997,0.221401
perpendicular,60.0,65.0,-30.0,-20.0,normal,0.000000,0.180001,0.201691
height,60.0,65.0,-30.0,-20.0,normal,0.000000,0.053725,0.048210
yaw,60.0,65.0,-30.0,-20.0,normal,0.000000,1.218657,0.689425
width,60.0,65.0,-30.0,-20.0,normal,0.000000,0.351491,0.230088
length,60.0,65.0,-30.0,-20.0,normal,0.000000,0.233954,0.231495
box_height,60.0,65.0,-30.0,-20.0,normal,0.000000,0.042758,0.043204
miss_detection,60.0,65.0,-20.0,-10.0,constant,0.280702,,
distal,60.0,65.0,-20.0,-10.0,normal,0.000000,0.085452,0.068167
perpendicular,60.0,65.0,-20.0,-10.0,normal,0.000000,0.088491,0.061466
height,60.0,65.0,-20.0,-10.0,normal,0.000000,0.056674,0.043459
yaw,60.0,65.0,-20.0,-10.0,normal,0.000000,0.421234,0.092075
width,60.0,65.0,-20.0,-10.0,normal,0.000000,0.134535,0.103217
length,60.0,65.0,-20.0,-10.0,normal,0.000000,0.200055,0.135620
box_height,60.0,65.0,-20.0,-10.0,normal,0.000000,0.083933,0.065751
miss_detection,60.0,65.0,-10.0,0.0,constant,0.342466,,
distal,60.0,65.0,-10.0,0.0,normal,0.000000,0.084011,0.058017
perpendicular,60.0,65.0,-10.0,0.0,normal,0.000000,0.074852,0.060135
height,60.0,65.0,-10.0,0.0,normal,0.000000,0.068901,0.049205
yaw,60.0,65.0,-10.0,0.0,normal,0.000000,0.049440,0.038535
width,60.0,65.0,-10.0,0.0,normal,0.000000,0.142556,0.125975
length,60.0,65.0,-10.0,0.0,normal,0.000000,0.141156,0.101351
box_height,60.0,65.0,-10.0,0.0,normal,0.000000,0.101418,0.068281
miss_detection,60.0,65.0,0.0,10.0,constant,0.024590,,
distal,60.0,65.0,0.0,10.0,normal,0.000000,0.078864,0.061384
perpendicular,60.0,65.0,0.0,10.0,normal,0.000000,0.087641,0.066733
height,60.0,65.0,0.0,10.0,normal,0.000000,0.055032,0.042825
yaw,60.0,65.0,0.0,10.0,normal,0.000000,0.052601,0.043412
width,60.0,65.0,0.0,10.0,normal,0.000000,0.105929,0.081336
length,60.0,65.0,0.0,10.0,normal,0.000000,0.133748,0.105931
box_height,60.0,65.0,0.0,10.0,normal,0.000000,0.087377,0.070036
miss_detection,60.0,65.0,10.0,20.0,constant,0.305882,,
distal,60.0,65.0,10.0,20.0,normal,0.000000,0.082393,0.065886
perpendicular,60.0,65.0,10.0,20.0,normal,0.000000,0.086522,0.066752
height,60.0,65.0,10.0,20.0,normal,0.000000,0.062829,0.050788
yaw,60.0,65.0,10.0,20.0,normal,0.000000,0.054894,0.036911
width,60.0,65.0,10.0,20.0,normal,0.000000,0.171751,0.135953
length,60.0,65.0,10.0,20.0,normal,0.000000,0.122636,0.101851
box_height,60.0,65.0,10.0,20.0,normal,0.000000,0.083346,0.067338
miss_detection,60.0,65.0,20.0,30.0,constant,0.821192,,
distal,60.0,65.0,20.0,30.0,normal,0.000000,0.210772,0.130325
perpendicular,60.0,65.0,20.0,30.0,normal,0.000000,0.331573,0.157185
height,60.0,65.0,20.0,30.0,normal,0.000000,0.053650,0.041415
yaw,60.0,65.0,20.0,30.0,normal,0.000000,0.047844,0.039568
width,60.0,65.0,20.0,30.0,normal,0.000000,0.134006,0.103745
length,60.0,65.0,20.0,30.0,normal,0.000000,0.263361,0.205001
box_height,60.0,65.0,20.0,30.0,normal,0.000000,0.093561,0.074416
miss_detection,60.0,65.0,30.0,40.0,constant,1.000000,,
distal,60.0,65.0,30.0,40.0,normal,0.000000,0.113883,0.071738
perpendicular,60.0,65.0,30.0,40.0,normal,0.000000,0.080888,0.055199
height,60.0,65.0,30.0,40.0,normal,0.000000,0.056859,0.035965
yaw,60.0,65.0,30.0,40.0,normal,0.000000,0.312987,0.100466
width,60.0,65.0,30.0,40.0,normal,0.000000,0.118622,0.088224
length,60.0,65.0,30.0,40.0,normal,0.000000,0.158192,0.108543
box_height,60.0,65.0,30.0,40.0,normal,0.000000,0.075459,0.051630
miss_detection,60.0,65.0,40.0,50.0,constant,1.000000,,
distal,60.0,65.0,40.0,50.0,normal,0.000000,0.113883,0.071738
perpendicular,60.0,65.0,40.0,50.0,normal,0.000000,0.080888,0.055199
height,60.0,65.0,40.0,50.0,normal,0.000000,0.056859,0.035965
yaw,60.0,65.0,40.0,50.0,normal,0.000000,0.312987,0.100466
width,60.0,65.0,40.0,50.0,normal,0.000000,0.118622,0.088224
length,60.0,65.0,40.0,50.0,normal,0.000000,0.158192,0.108543
box_height,60.0,65.0,40.0,50.0,normal,0.000000,0.075459,0.051630
miss_detection,60.0,65.0,50.0,60.0,constant,1.000000,,
distal,60.0,65.0,50.0,60.0,normal,0.000000,0.113883,0.071738
perpendicular,60.0,65.0,50.0,60.0,normal,0.000000,0.080888,0.055199
height,60.0,65.0,50.0,60.0,normal,0.000000,0.056859,0.035965
yaw,60.0,65.0,50.0,60.0,normal,0.000000,0.312987,0.100466
width,60.0,65.0,50.0,60.0,normal,0.000000,0.118622,0.088224
length,60.0,65.0,50.0,60.0,normal,0.000000,0.158192,0.108543
box_height,60.0,65.0,50.0,60.0,normal,0.000000,0.075459,0.051630
miss_detection,60.0,65.0,60.0,70.0,constant,1.000000,,
distal,60.0,65.0,60.0,70.0,normal,0.000000,0.113883,0.071738
perpendicular,60.0,65.0,60.0,70.0,normal,0.000000,0.080888,0.055199
height,60.0,65.0,60.0,70.0,normal,0.000000,0.056859,0.035965
yaw,60.0,65.0,60.0,70.0,normal,0.000000,0.312987,0.100466
width,60.0,65.0,60.0,70.0,normal,0.000000,0.118622,0.088224
length,60.0,65.0,60.0,70.0,normal,0.000000,0.158192,0.108543
box_height,60.0,65.0,60.0,70.0,normal,0.000000,0.075459,0.051630
miss_detection,60.0,65.0,70.0,80.0,constant,1.000000,,
distal,60.0,65.0,70.0,80.0,normal,0.000000,0.113883,0.071738
perpendicular,60.0,65.0,70.0,80.0,normal,0.000000,0.080888,0.055199
height,60.0,65.0,70.0,80.0,normal,0.000000,0.056859,0.035965
yaw,60.0,65.0,70.0,80.0,normal,0.000000,0.312987,0.100466
width,60.0,65.0,70.0,80.0,normal,0.000000,0.118622,0.088224
length,60.0,65.0,70.0,80.0,normal,0.000000,0.158192,0.108543
box_height,60.0,65.0,70.0,80.0,normal,0.000000,0.075459,0.051630
miss_detection,60.0,65.0,80.0,90.0,constant,1.000000,,
distal,60.0,65.0,80.0,90.0,normal,0.000000,0.113883,0.071738
perpendicular,60.0,65.0,80.0,90.0,normal,0.000000,0.080888,0.055199
height,60.0,65.0,80.0,90.0,normal,0.000000,0.056859,0.035965
yaw,60.0,65.0,80.0,90.0,normal,0.000000,0.312987,0.100466
width,60.0,65.0,80.0,90.0,normal,0.000000,0.118622,0.088224
length,60.0,65.0,80.0,90.0,normal,0.000000,0.158192,0.108543
box_height,60.0,65.0,80.0,90.0,normal,0.000000,0.075459,0.051630
miss_detection,60.0,65.0,90.0,100.0,constant,1.000000,,
distal,60.0,65.0,90.0,100.0,normal,0.000000,0.113883,0.071738
perpendicular,60.0,65.0,90.0,100.0,normal,0.000000,0.080888,0.055199
height,60.0,65.0,90.0,100.0,normal,0.000000,0.056859,0.035965
yaw,60.0,65.0,90.0,100.0,normal,0.000000,0.312987,0.100466
width,60.0,65.0,90.0,100.0,normal,0.000000,0.118622,0.088224
length,60.0,65.0,90.0,100.0,normal,0.000000,0.158192,0.108543
box_height,60.0,65.0,90.0,100.0,normal,0.000000,0.075459,0.051630
miss_detection,60.0,65.0,100.0,110.0,constant,1.000000,,
distal,60.0,65.0,100.0,110.0,normal,0.000000,0.113883,0.071738
perpendicular,60.0,65.0,100.0,110.0,normal,0.000000,0.080888,0.055199
height,60.0,65.0,100.0,110.0,normal,0.000000,0.056859,0.035965
yaw,60.0,65.0,100.0,110.0,normal,0.000000,0.312987,0.100466
width,60.0,65.0,100.0,110.0,normal,0.000000,0.118622,0.088224
length,60.0,65.0,100.0,110.0,normal,0.000000,0.158192,0.108543
box_height,60.0,65.0,100.0,110.0,normal,0.000000,0.075459,0.051630
miss_detection,60.0,65.0,110.0,120.0,constant,1.000000,,
distal,60.0,65.0,110.0,120.0,normal,0.000000,0.113883,0.071738
perpendicular,60.0,65.0,110.0,120.0,normal,0.000000,0.080888,0.055199
height,60.0,65.0,110.0,120.0,normal,0.000000,0.056859,0.035965
yaw,60.0,65.0,110.0,120.0,normal,0.000000,0.312987,0.100466
width,60.0,65.0,110.0,120.0,normal,0.000000,0.118622,0.088224
length,60.0,65.0,110.0,120.0,normal,0.000000,0.158192,0.108543
box_height,60.0,65.0,110.0,120.0,normal,0.000000,0.075459,0.051630
miss_detection,60.0,65.0,120.0,130.0,constant,1.000000,,
distal,60.0,65.0,120.0,130.0,normal,0.000000,0.113883,0.071738
perpendicular,60.0,65.0,120.0,130.0,normal,0.000000,0.080888,0.055199
height,60.0,65.0,120.0,130.0,normal,0.000000,0.056859,0.035965
yaw,60.0,65.0,120.0,130.0,normal,0.000000,0.312987,0.100466
width,60.0,65.0,120.0,130.0,normal,0.000000,0.118622,0.088224
length,60.0,65.0,120.0,130.0,normal,0.000000,0.158192,0.108543
box_height,60.0,65.0,120.0,130.0,normal,0.000000,0.075459,0.051630
miss_detection,60.0,65.0,130.0,140.0,constant,1.000000,,
distal,60.0,65.0,130.0,140.0,normal,0.000000,0.113883,0.071738
perpendicular,60.0,65.0,130.0,140.0,normal,0.000000,0.080888,0.055199
height,60.0,65.0,130.0,140.0,normal,0.000000,0.056859,0.035965
yaw,60.0,65.0,130.0,140.0,normal,0.000000,0.312987,0.100466
width,60.0,65.0,130.0,140.0,normal,0.000000,0.118622,0.088224
length,60.0,65.0,130.0,140.0,normal,0.000000,0.158192,0.108543
box_height,60.0,65.0,130.0,140.0,normal,0.000000,0.075459,0.051630
miss_detection,60.0,65.0,140.0,150.0,constant,1.000000,,
distal,60.0,65.0,140.0,150.0,normal,0.000000,0.113883,0.071738
perpendicular,60.0,65.0,140.0,150.0,normal,0.000000,0.080888,0.055199
height,60.0,65.0,140.0,150.0,normal,0.000000,0.056859,0.035965
yaw,60.0,65.0,140.0,150.0,normal,0.000000,0.312987,0.100466
width,60.0,65.0,140.0,150.0,normal,0.000000,0.118622,0.088224
length,60.0,65.0,140.0,150.0,normal,0.000000,0.158192,0.108543
box_height,60.0,65.0,140.0,150.0,normal,0.000000,0.075459,0.051630
miss_detection,60.0,65.0,150.0,160.0,constant,1.000000,,
distal,60.0,65.0,150.0,160.0,normal,0.000000,0.113883,0.071738
perpendicular,60.0,65.0,150.0,160.0,normal,0.000000,0.080888,0.055199
height,60.0,65.0,150.0,160.0,normal,0.000000,0.056859,0.035965
yaw,60.0,65.0,150.0,160.0,normal,0.000000,0.312987,0.100466
width,60.0,65.0,150.0,160.0,normal,0.000000,0.118622,0.088224
length,60.0,65.0,150.0,160.0,normal,0.000000,0.158192,0.108543
box_height,60.0,65.0,150.0,160.0,normal,0.000000,0.075459,0.051630
miss_detection,60.0,65.0,160.0,170.0,constant,1.000000,,
distal,60.0,65.0,160.0,170.0,normal,0.000000,0.113883,0.071738
perpendicular,60.0,65.0,160.0,170.0,normal,0.000000,0.080888,0.055199
height,60.0,65.0,160.0,170.0,normal,0.000000,0.056859,0.035965
yaw,60.0,65.0,160.0,170.0,normal,0.000000,0.312987,0.100466
width,60.0,65.0,160.0,170.0,normal,0.000000,0.118622,0.088224
length,60.0,65.0,160.0,170.0,normal,0.000000,0.158192,0.108543
box_height,60.0,65.0,160.0,170.0,normal,0.000000,0.075459,0.051630
miss_detection,60.0,65.0,170.0,180.0,constant,1.000000,,
distal,60.0,65.0,170.0,180.0,normal,0.000000,0.113883,0.071738
perpendicular,60.0,65.0,170.0,180.0,normal,0.000000,0.080888,0.055199
height,60.0,65.0,170.0,180.0,normal,0.000000,0.056859,0.035965
yaw,60.0,65.0,170.0,180.0,normal,0.000000,0.312987,0.100466
width,60.0,65.0,170.0,180.0,normal,0.000000,0.118622,0.088224
length,60.0,65.0,170.0,180.0,normal,0.000000,0.158192,0.108543
box_height,60.0,65.0,170.0,180.0,normal,0.000000,0.075459,0.051630
miss_detection,65.0,70.0,-180.0,-170.0,constant,1.000000,,
distal,65.0,70.0,-180.0,-170.0,normal,0.000000,0.113883,0.071738
perpendicular,65.0,70.0,-180.0,-170.0,normal,0.000000,0.080888,0.055199
height,65.0,70.0,-180.0,-170.0,normal,0.000000,0.056859,0.035965
yaw,65.0,70.0,-180.0,-170.0,normal,0.000000,0.312987,0.100466
width,65.0,70.0,-180.0,-170.0,normal,0.000000,0.118622,0.088224
length,65.0,70.0,-180.0,-170.0,normal,0.000000,0.158192,0.108543
box_height,65.0,70.0,-180.0,-170.0,normal,0.000000,0.075459,0.051630
miss_detection,65.0,70.0,-170.0,-160.0,constant,1.000000,,
distal,65.0,70.0,-170.0,-160.0,normal,0.000000,0.113883,0.071738
perpendicular,65.0,70.0,-170.0,-160.0,normal,0.000000,0.080888,0.055199
height,65.0,70.0,-170.0,-160.0,normal,0.000000,0.056859,0.035965
yaw,65.0,70.0,-170.0,-160.0,normal,0.000000,0.312987,0.100466
width,65.0,70.0,-170.0,-160.0,normal,0.000000,0.118622,0.088224
length,65.0,70.0,-170.0,-160.0,normal,0.000000,0.158192,0.108543
box_height,65.0,70.0,-170.0,-160.0,normal,0.000000,0.075459,0.051630
miss_detection,65.0,70.0,-160.0,-150.0,constant,1.000000,,
distal,65.0,70.0,-160.0,-150.0,normal,0.000000,0.113883,0.071738
perpendicular,65.0,70.0,-160.0,-150.0,normal,0.000000,0.080888,0.055199
height,65.0,70.0,-160.0,-150.0,normal,0.000000,0.056859,0.035965
yaw,65.0,70.0,-160.0,-150.0,normal,0.000000,0.312987,0.100466
width,65.0,70.0,-160.0,-150.0,normal,0.000000,0.118622,0.088224
length,65.0,70.0,-160.0,-150.0,normal,0.000000,0.158192,0.108543
box_height,65.0,70.0,-160.0,-150.0,normal,0.000000,0.075459,0.051630
miss_detection,65.0,70.0,-150.0,-140.0,constant,1.000000,,
distal,65.0,70.0,-150.0,-140.0,normal,0.000000,0.113883,0.071738
perpendicular,65.0,70.0,-150.0,-140.0,normal,0.000000,0.080888,0.055199
height,65.0,70.0,-150.0,-140.0,normal,0.000000,0.056859,0.035965
yaw,65.0,70.0,-150.0,-140.0,normal,0.000000,0.312987,0.100466
width,65.0,70.0,-150.0,-140.0,normal,0.000000,0.118622,0.088224
length,65.0,70.0,-150.0,-140.0,normal,0.000000,0.158192,0.108543
box_height,65.0,70.0,-150.0,-140.0,normal,0.000000,0.075459,0.051630
miss_detection,65.0,70.0,-140.0,-130.0,constant,1.000000,,
distal,65.0,70.0,-140.0,-130.0,normal,0.000000,0.113883,0.071738
perpendicular,65.0,70.0,-140.0,-130.0,normal,0.000000,0.080888,0.055199
height,65.0,70.0,-140.0,-130.0,normal,0.000000,0.056859,0.035965
yaw,65.0,70.0,-140.0,-130.0,normal,0.000000,0.312987,0.100466
width,65.0,70.0,-140.0,-130.0,normal,0.000000,0.118622,0.088224
length,65.0,70.0,-140.0,-130.0,normal,0.000000,0.158192,0.108543
box_height,65.0,70.0,-140.0,-130.0,normal,0.000000,0.075459,0.051630
miss_detection,65.0,70.0,-130.0,-120.0,constant,1.000000,,
distal,65.0,70.0,-130.0,-120.0,normal,0.000000,0.113883,0.071738
perpendicular,65.0,70.0,-130.0,-120.0,normal,0.000000,0.080888,0.055199
height,65.0,70.0,-130.0,-120.0,normal,0.000000,0.056859,0.035965
yaw,65.0,70.0,-130.0,-120.0,normal,0.000000,0.312987,0.100466
width,65.0,70.0,-130.0,-120.0,normal,0.000000,0.118622,0.088224
length,65.0,70.0,-130.0,-120.0,normal,0.000000,0.158192,0.108543
box_height,65.0,70.0,-130.0,-120.0,normal,0.000000,0.075459,0.051630
miss_detection,65.0,70.0,-120.0,-110.0,constant,1.000000,,
distal,65.0,70.0,-120.0,-110.0,normal,0.000000,0.113883,0.071738
perpendicular,65.0,70.0,-120.0,-110.0,normal,0.000000,0.080888,0.055199
height,65.0,70.0,-120.0,-110.0,normal,0.000000,0.056859,0.035965
yaw,65.0,70.0,-120.0,-110.0,normal,0.000000,0.312987,0.100466
width,65.0,70.0,-120.0,-110.0,normal,0.000000,0.118622,0.088224
length,65.0,70.0,-120.0,-110.0,normal,0.000000,0.158192,0.108543
box_height,65.0,70.0,-120.0,-110.0,normal,0.000000,0.075459,0.051630
miss_detection,65.0,70.0,-110.0,-100.0,constant,1.000000,,
distal,65.0,70.0,-110.0,-100.0,normal,0.000000,0.113883,0.071738
perpendicular,65.0,70.0,-110.0,-100.0,normal,0.000000,0.080888,0.055199
height,65.0,70.0,-110.0,-100.0,normal,0.000000,0.056859,0.035965
yaw,65.0,70.0,-110.0,-100.0,normal,0.000000,0.312987,0.100466
width,65.0,70.0,-110.0,-100.0,normal,0.000000,0.118622,0.088224
length,65.0,70.0,-110.0,-100.0,normal,0.000000,0.158192,0.108543
box_height,65.0,70.0,-110.0,-100.0,normal,0.000000,0.075459,0.051630
miss_detection,65.0,70.0,-100.0,-90.0,constant,1.000000,,
distal,65.0,70.0,-100.0,-90.0,normal,0.000000,0.113883,0.071738
perpendicular,65.0,70.0,-100.0,-90.0,normal,0.000000,0.080888,0.055199
height,65.0,70.0,-100.0,-90.0,normal,0.000000,0.056859,0.035965
yaw,65.0,70.0,-100.0,-90.0,normal,0.000000,0.312987,0.100466
width,65.0,70.0,-100.0,-90.0,normal,0.000000,0.118622,0.088224
length,65.0,70.0,-100.0,-90.0,normal,0.000000,0.158192,0.108543
box_height,65.0,70.0,-100.0,-90.0,normal,0.000000,0.075459,0.051630
miss_detection,65.0,70.0,-90.0,-80.0,constant,1.000000,,
distal,65.0,70.0,-90.0,-80.0,normal,0.000000,0.113883,0.071738
perpendicular,65.0,70.0,-90.0,-80.0,normal,0.000000,0.080888,0.055199
height,65.0,70.0,-90.0,-80.0,normal,0.000000,0.056859,0.035965
yaw,65.0,70.0,-90.0,-80.0,normal,0.000000,0.312987,0.100466
width,65.0,70.0,-90.0,-80.0,normal,0.000000,0.118622,0.088224
length,65.0,70.0,-90.0,-80.0,normal,0.000000,0.158192,0.108543
box_height,65.0,70.0,-90.0,-80.0,normal,0.000000,0.075459,0.051630
miss_detection,65.0,70.0,-80.0,-70.0,constant,1.000000,,
distal,65.0,70.0,-80.0,-70.0,normal,0.000000,0.113883,0.071738
perpendicular,65.0,70.0,-80.0,-70.0,normal,0.000000,0.080888,0.055199
height,65.0,70.0,-80.0,-70.0,normal,0.000000,0.056859,0.035965
yaw,65.0,70.0,-80.0,-70.0,normal,0.000000,0.312987,0.100466
width,65.0,70.0,-80.0,-70.0,normal,0.000000,0.118622,0.088224
length,65.0,70.0,-80.0,-70.0,normal,0.000000,0.158192,0.108543
box_height,65.0,70.0,-80.0,-70.0,normal,0.000000,0.075459,0.051630
miss_detection,65.0,70.0,-70.0,-60.0,constant,1.000000,,
distal,65.0,70.0,-70.0,-60.0,normal,0.000000,0.113883,0.071738
perpendicular,65.0,70.0,-70.0,-60.0,normal,0.000000,0.080888,0.055199
height,65.0,70.0,-70.0,-60.0,normal,0.000000,0.056859,0.035965
yaw,65.0,70.0,-70.0,-60.0,normal,0.000000,0.312987,0.100466
width,65.0,70.0,-70.0,-60.0,normal,0.000000,0.118622,0.088224
length,65.0,70.0,-70.0,-60.0,normal,0.000000,0.158192,0.108543
box_height,65.0,70.0,-70.0,-60.0,normal,0.000000,0.075459,0.051630
miss_detection,65.0,70.0,-60.0,-50.0,constant,1.000000,,
distal,65.0,70.0,-60.0,-50.0,normal,0.000000,0.113883,0.071738
perpendicular,65.0,70.0,-60.0,-50.0,normal,0.000000,0.080888,0.055199
height,65.0,70.0,-60.0,-50.0,normal,0.000000,0.056859,0.035965
yaw,65.0,70.0,-60.0,-50.0,normal,0.000000,0.312987,0.100466
width,65.0,70.0,-60.0,-50.0,normal,0.000000,0.118622,0.088224
length,65.0,70.0,-60.0,-50.0,normal,0.000000,0.158192,0.108543
box_height,65.0,70.0,-60.0,-50.0,normal,0.000000,0.075459,0.051630
miss_detection,65.0,70.0,-50.0,-40.0,constant,1.000000,,
distal,65.0,70.0,-50.0,-40.0,normal,0.000000,0.113883,0.071738
perpendicular,65.0,70.0,-50.0,-40.0,normal,0.000000,0.080888,0.055199
height,65.0,70.0,-50.0,-40.0,normal,0.000000,0.056859,0.035965
yaw,65.0,70.0,-50.0,-40.0,normal,0.000000,0.312987,0.100466
width,65.0,70.0,-50.0,-40.0,normal,0.000000,0.118622,0.088224
length,65.0,70.0,-50.0,-40.0,normal,0.000000,0.158192,0.108543
box_height,65.0,70.0,-50.0,-40.0,normal,0.000000,0.075459,0.051630
miss_detection,65.0,70.0,-40.0,-30.0,constant,1.000000,,
distal,65.0,70.0,-40.0,-30.0,normal,0.000000,0.113883,0.071738
perpendicular,65.0,70.0,-40.0,-30.0,normal,0.000000,0.080888,0.055199
height,65.0,70.0,-40.0,-30.0,normal,0.000000,0.056859,0.035965
yaw,65.0,70.0,-40.0,-30.0,normal,0.000000,0.312987,0.100466
width,65.0,70.0,-40.0,-30.0,normal,0.000000,0.118622,0.088224
length,65.0,70.0,-40.0,-30.0,normal,0.000000,0.158192,0.108543
box_height,65.0,70.0,-40.0,-30.0,normal,0.000000,0.075459,0.051630
miss_detection,65.0,70.0,-30.0,-20.0,constant,1.000000,,
distal,65.0,70.0,-30.0,-20.0,normal,0.000000,0.113883,0.071738
perpendicular,65.0,70.0,-30.0,-20.0,normal,0.000000,0.080888,0.055199
height,65.0,70.0,-30.0,-20.0,normal,0.000000,0.056859,0.035965
yaw,65.0,70.0,-30.0,-20.0,normal,0.000000,0.312987,0.100466
width,65.0,70.0,-30.0,-20.0,normal,0.000000,0.118622,0.088224
length,65.0,70.0,-30.0,-20.0,normal,0.000000,0.158192,0.108543
box_height,65.0,70.0,-30.0,-20.0,normal,0.000000,0.075459,0.051630
miss_detection,65.0,70.0,-20.0,-10.0,constant,1.000000,,
distal,65.0,70.0,-20.0,-10.0,normal,0.000000,0.113883,0.071738
perpendicular,65.0,70.0,-20.0,-10.0,normal,0.000000,0.080888,0.055199
height,65.0,70.0,-20.0,-10.0,normal,0.000000,0.056859,0.035965
yaw,65.0,70.0,-20.0,-10.0,normal,0.000000,0.312987,0.100466
width,65.0,70.0,-20.0,-10.0,normal,0.000000,0.118622,0.088224
length,65.0,70.0,-20.0,-10.0,normal,0.000000,0.158192,0.108543
box_height,65.0,70.0,-20.0,-10.0,normal,0.000000,0.075459,0.051630
miss_detection,65.0,70.0,-10.0,0.0,constant,0.301075,,
distal,65.0,70.0,-10.0,0.0,normal,0.000000,0.096652,0.066998
perpendicular,65.0,70.0,-10.0,0.0,normal,0.000000,0.168425,0.074704
height,65.0,70.0,-10.0,0.0,normal,0.000000,0.069255,0.054259
yaw,65.0,70.0,-10.0,0.0,normal,0.000000,0.044387,0.036713
width,65.0,70.0,-10.0,0.0,normal,0.000000,0.186482,0.126822
length,65.0,70.0,-10.0,0.0,normal,0.000000,0.143064,0.109091
box_height,65.0,70.0,-10.0,0.0,normal,0.000000,0.081108,0.062046
miss_detection,65.0,70.0,0.0,10.0,constant,0.008403,,
distal,65.0,70.0,0.0,10.0,normal,0.000000,0.095247,0.063323
perpendicular,65.0,70.0,0.0,10.0,normal,0.000000,0.098550,0.074613
height,65.0,70.0,0.0,10.0,normal,0.000000,0.064232,0.047685
yaw,65.0,70.0,0.0,10.0,normal,0.000000,0.056332,0.043154
width,65.0,70.0,0.0,10.0,normal,0.000000,0.132909,0.104697
length,65.0,70.0,0.0,10.0,normal,0.000000,0.132814,0.099693
box_height,65.0,70.0,0.0,10.0,normal,0.000000,0.079548,0.061570
miss_detection,65.0,70.0,10.0,20.0,constant,0.039474,,
distal,65.0,70.0,10.0,20.0,normal,0.000000,0.113313,0.078838
perpendicular,65.0,70.0,10.0,20.0,normal,0.000000,0.100358,0.075007
height,65.0,70.0,10.0,20.0,normal,0.000000,0.069893,0.052418
yaw,65.0,70.0,10.0,20.0,normal,0.000000,0.051713,0.039247
width,65.0,70.0,10.0,20.0,normal,0.000000,0.154994,0.115771
length,65.0,70.0,10.0,20.0,normal,0.000000,0.146558,0.118049
box_height,65.0,70.0,10.0,20.0,normal,0.000000,0.094733,0.070977
miss_detection,65.0,70.0,20.0,30.0,constant,1.000000,,
distal,65.0,70.0,20.0,30.0,normal,0.000000,0.113883,0.071738
perpendicular,65.0,70.0,20.0,30.0,normal,0.000000,0.080888,0.055199
height,65.0,70.0,20.0,30.0,normal,0.000000,0.056859,0.035965
yaw,65.0,70.0,20.0,30.0,normal,0.000000,0.312987,0.100466
width,65.0,70.0,20.0,30.0,normal,0.000000,0.118622,0.088224
length,65.0,70.0,20.0,30.0,normal,0.000000,0.158192,0.108543
box_height,65.0,70.0,20.0,30.0,normal,0.000000,0.075459,0.051630
miss_detection,65.0,70.0,30.0,40.0,constant,1.000000,,
distal,65.0,70.0,30.0,40.0,normal,0.000000,0.113883,0.071738
perpendicular,65.0,70.0,30.0,40.0,normal,0.000000,0.080888,0.055199
height,65.0,70.0,30.0,40.0,normal,0.000000,0.056859,0.035965
yaw,65.0,70.0,30.0,40.0,normal,0.000000,0.312987,0.100466
width,65.0,70.0,30.0,40.0,normal,0.000000,0.118622,0.088224
length,65.0,70.0,30.0,40.0,normal,0.000000,0.158192,0.108543
box_height,65.0,70.0,30.0,40.0,normal,0.000000,0.075459,0.051630
miss_detection,65.0,70.0,40.0,50.0,constant,1.000000,,
distal,65.0,70.0,40.0,50.0,normal,0.000000,0.113883,0.071738
perpendicular,65.0,70.0,40.0,50.0,normal,0.000000,0.080888,0.055199
height,65.0,70.0,40.0,50.0,normal,0.000000,0.056859,0.035965
yaw,65.0,70.0,40.0,50.0,normal,0.000000,0.312987,0.100466
width,65.0,70.0,40.0,50.0,normal,0.000000,0.118622,0.088224
length,65.0,70.0,40.0,50.0,normal,0.000000,0.158192,0.108543
box_height,65.0,70.0,40.0,50.0,normal,0.000000,0.075459,0.051630
miss_detection,65.0,70.0,50.0,60.0,constant,1.000000,,
distal,65.0,70.0,50.0,60.0,normal,0.000000,0.113883,0.071738
perpendicular,65.0,70.0,50.0,60.0,normal,0.000000,0.080888,0.055199
height,65.0,70.0,50.0,60.0,normal,0.000000,0.056859,0.035965
yaw,65.0,70.0,50.0,60.0,normal,0.000000,0.312987,0.100466
width,65.0,70.0,50.0,60.0,normal,0.000000,0.118622,0.088224
length,65.0,70.0,50.0,60.0,normal,0.000000,0.158192,0.108543
box_height,65.0,70.0,50.0,60.0,normal,0.000000,0.075459,0.051630
miss_detection,65.0,70.0,60.0,70.0,constant,1.000000,,
distal,65.0,70.0,60.0,70.0,normal,0.000000,0.113883,0.071738
perpendicular,65.0,70.0,60.0,70.0,normal,0.000000,0.080888,0.055199
height,65.0,70.0,60.0,70.0,normal,0.000000,0.056859,0.035965
yaw,65.0,70.0,60.0,70.0,normal,0.000000,0.312987,0.100466
width,65.0,70.0,60.0,70.0,normal,0.000000,0.118622,0.088224
length,65.0,70.0,60.0,70.0,normal,0.000000,0.158192,0.108543
box_height,65.0,70.0,60.0,70.0,normal,0.000000,0.075459,0.051630
miss_detection,65.0,70.0,70.0,80.0,constant,1.000000,,
distal,65.0,70.0,70.0,80.0,normal,0.000000,0.113883,0.071738
perpendicular,65.0,70.0,70.0,80.0,normal,0.000000,0.080888,0.055199
height,65.0,70.0,70.0,80.0,normal,0.000000,0.056859,0.035965
yaw,65.0,70.0,70.0,80.0,normal,0.000000,0.312987,0.100466
width,65.0,70.0,70.0,80.0,normal,0.000000,0.118622,0.088224
length,65.0,70.0,70.0,80.0,normal,0.000000,0.158192,0.108543
box_height,65.0,70.0,70.0,80.0,normal,0.000000,0.075459,0.051630
miss_detection,65.0,70.0,80.0,90.0,constant,1.000000,,
distal,65.0,70.0,80.0,90.0,normal,0.000000,0.113883,0.071738
perpendicular,65.0,70.0,80.0,90.0,normal,0.000000,0.080888,0.055199
height,65.0,70.0,80.0,90.0,normal,0.000000,0.056859,0.035965
yaw,65.0,70.0,80.0,90.0,normal,0.000000,0.312987,0.100466
width,65.0,70.0,80.0,90.0,normal,0.000000,0.118622,0.088224
length,65.0,70.0,80.0,90.0,normal,0.000000,0.158192,0.108543
box_height,65.0,70.0,80.0,90.0,normal,0.000000,0.075459,0.051630
miss_detection,65.0,70.0,90.0,100.0,constant,1.000000,,
distal,65.0,70.0,90.0,100.0,normal,0.000000,0.113883,0.071738
perpendicular,65.0,70.0,90.0,100.0,normal,0.000000,0.080888,0.055199
height,65.0,70.0,90.0,100.0,normal,0.000000,0.056859,0.035965
yaw,65.0,70.0,90.0,100.0,normal,0.000000,0.312987,0.100466
width,65.0,70.0,90.0,100.0,normal,0.000000,0.118622,0.088224
length,65.0,70.0,90.0,100.0,normal,0.000000,0.158192,0.108543
box_height,65.0,70.0,90.0,100.0,normal,0.000000,0.075459,0.051630
miss_detection,65.0,70.0,100.0,110.0,constant,1.000000,,
distal,65.0,70.0,100.0,110.0,normal,0.000000,0.113883,0.071738
perpendicular,65.0,70.0,100.0,110.0,normal,0.000000,0.080888,0.055199
height,65.0,70.0,100.0,110.0,normal,0.000000,0.056859,0.035965
yaw,65.0,70.0,100.0,110.0,normal,0.000000,0.312987,0.100466
width,65.0,70.0,100.0,110.0,normal,0.000000,0.118622,0.088224
length,65.0,70.0,100.0,110.0,normal,0.000000,0.158192,0.108543
box_height,65.0,70.0,100.0,110.0,normal,0.000000,0.075459,0.051630
miss_detection,65.0,70.0,110.0,120.0,constant,1.000000,,
distal,65.0,70.0,110.0,120.0,normal,0.000000,0.113883,0.071738
perpendicular,65.0,70.0,110.0,120.0,normal,0.000000,0.080888,0.055199
height,65.0,70.0,110.0,120.0,normal,0.000000,0.056859,0.035965
yaw,65.0,70.0,110.0,120.0,normal,0.000000,0.312987,0.100466
width,65.0,70.0,110.0,120.0,normal,0.000000,0.118622,0.088224
length,65.0,70.0,110.0,120.0,normal,0.000000,0.158192,0.108543
box_height,65.0,70.0,110.0,120.0,normal,0.000000,0.075459,0.051630
miss_detection,65.0,70.0,120.0,130.0,constant,1.000000,,
distal,65.0,70.0,120.0,130.0,normal,0.000000,0.113883,0.071738
perpendicular,65.0,70.0,120.0,130.0,normal,0.000000,0.080888,0.055199
height,65.0,70.0,120.0,130.0,normal,0.000000,0.056859,0.035965
yaw,65.0,70.0,120.0,130.0,normal,0.000000,0.312987,0.100466
width,65.0,70.0,120.0,130.0,normal,0.000000,0.118622,0.088224
length,65.0,70.0,120.0,130.0,normal,0.000000,0.158192,0.108543
box_height,65.0,70.0,120.0,130.0,normal,0.000000,0.075459,0.051630
miss_detection,65.0,70.0,130.0,140.0,constant,1.000000,,
distal,65.0,70.0,130.0,140.0,normal,0.000000,0.113883,0.071738
perpendicular,65.0,70.0,130.0,140.0,normal,0.000000,0.080888,0.055199
height,65.0,70.0,130.0,140.0,normal,0.000000,0.056859,0.035965
yaw,65.0,70.0,130.0,140.0,normal,0.000000,0.312987,0.100466
width,65.0,70.0,130.0,140.0,normal,0.000000,0.118622,0.088224
length,65.0,70.0,130.0,140.0,normal,0.000000,0.158192,0.108543
box_height,65.0,70.0,130.0,140.0,normal,0.000000,0.075459,0.051630
miss_detection,65.0,70.0,140.0,150.0,constant,1.000000,,
distal,65.0,70.0,140.0,150.0,normal,0.000000,0.113883,0.071738
perpendicular,65.0,70.0,140.0,150.0,normal,0.000000,0.080888,0.055199
height,65.0,70.0,140.0,150.0,normal,0.000000,0.056859,0.035965
yaw,65.0,70.0,140.0,150.0,normal,0.000000,0.312987,0.100466
width,65.0,70.0,140.0,150.0,normal,0.000000,0.118622,0.088224
length,65.0,70.0,140.0,150.0,normal,0.000000,0.158192,0.108543
box_height,65.0,70.0,140.0,150.0,normal,0.000000,0.075459,0.051630
miss_detection,65.0,70.0,150.0,160.0,constant,1.000000,,
distal,65.0,70.0,150.0,160.0,normal,0.000000,0.113883,0.071738
perpendicular,65.0,70.0,150.0,160.0,normal,0.000000,0.080888,0.055199
height,65.0,70.0,150.0,160.0,normal,0.000000,0.056859,0.035965
yaw,65.0,70.0,150.0,160.0,normal,0.000000,0.312987,0.100466
width,65.0,70.0,150.0,160.0,normal,0.000000,0.118622,0.088224
length,65.0,70.0,150.0,160.0,normal,0.000000,0.158192,0.108543
box_height,65.0,70.0,150.0,160.0,normal,0.000000,0.075459,0.051630
miss_detection,65.0,70.0,160.0,170.0,constant,1.000000,,
distal,65.0,70.0,160.0,170.0,normal,0.000000,0.113883,0.071738
perpendicular,65.0,70.0,160.0,170.0,normal,0.000000,0.080888,0.055199
height,65.0,70.0,160.0,170.0,normal,0.000000,0.056859,0.035965
yaw,65.0,70.0,160.0,170.0,normal,0.000000,0.312987,0.100466
width,65.0,70.0,160.0,170.0,normal,0.000000,0.118622,0.088224
length,65.0,70.0,160.0,170.0,normal,0.000000,0.158192,0.108543
box_height,65.0,70.0,160.0,170.0,normal,0.000000,0.075459,0.051630
miss_detection,65.0,70.0,170.0,180.0,constant,1.000000,,
distal,65.0,70.0,170.0,180.0,normal,0.000000,0.113883,0.071738
perpendicular,65.0,70.0,170.0,180.0,normal,0.000000,0.080888,0.055199
height,65.0,70.0,170.0,180.0,normal,0.000000,0.056859,0.035965
yaw,65.0,70.0,170.0,180.0,normal,0.000000,0.312987,0.100466
width,65.0,70.0,170.0,180.0,normal,0.000000,0.118622,0.088224
length,65.0,70.0,170.0,180.0,normal,0.000000,0.158192,0.108543
box_height,65.0,70.0,170.0,180.0,normal,0.000000,0.075459,0.051630
miss_detection,70.0,75.0,-180.0,-170.0,constant,1.000000,,
distal,70.0,75.0,-180.0,-170.0,normal,0.000000,0.113883,0.071738
perpendicular,70.0,75.0,-180.0,-170.0,normal,0.000000,0.080888,0.055199
height,70.0,75.0,-180.0,-170.0,normal,0.000000,0.056859,0.035965
yaw,70.0,75.0,-180.0,-170.0,normal,0.000000,0.312987,0.100466
width,70.0,75.0,-180.0,-170.0,normal,0.000000,0.118622,0.088224
length,70.0,75.0,-180.0,-170.0,normal,0.000000,0.158192,0.108543
box_height,70.0,75.0,-180.0,-170.0,normal,0.000000,0.075459,0.051630
miss_detection,70.0,75.0,-170.0,-160.0,constant,1.000000,,
distal,70.0,75.0,-170.0,-160.0,normal,0.000000,0.113883,0.071738
perpendicular,70.0,75.0,-170.0,-160.0,normal,0.000000,0.080888,0.055199
height,70.0,75.0,-170.0,-160.0,normal,0.000000,0.056859,0.035965
yaw,70.0,75.0,-170.0,-160.0,normal,0.000000,0.312987,0.100466
width,70.0,75.0,-170.0,-160.0,normal,0.000000,0.118622,0.088224
length,70.0,75.0,-170.0,-160.0,normal,0.000000,0.158192,0.108543
box_height,70.0,75.0,-170.0,-160.0,normal,0.000000,0.075459,0.051630
miss_detection,70.0,75.0,-160.0,-150.0,constant,1.000000,,
distal,70.0,75.0,-160.0,-150.0,normal,0.000000,0.113883,0.071738
perpendicular,70.0,75.0,-160.0,-150.0,normal,0.000000,0.080888,0.055199
height,70.0,75.0,-160.0,-150.0,normal,0.000000,0.056859,0.035965
yaw,70.0,75.0,-160.0,-150.0,normal,0.000000,0.312987,0.100466
width,70.0,75.0,-160.0,-150.0,normal,0.000000,0.118622,0.088224
length,70.0,75.0,-160.0,-150.0,normal,0.000000,0.158192,0.108543
box_height,70.0,75.0,-160.0,-150.0,normal,0.000000,0.075459,0.051630
miss_detection,70.0,75.0,-150.0,-140.0,constant,1.000000,,
distal,70.0,75.0,-150.0,-140.0,normal,0.000000,0.113883,0.071738
perpendicular,70.0,75.0,-150.0,-140.0,normal,0.000000,0.080888,0.055199
height,70.0,75.0,-150.0,-140.0,normal,0.000000,0.056859,0.035965
yaw,70.0,75.0,-150.0,-140.0,normal,0.000000,0.312987,0.100466
width,70.0,75.0,-150.0,-140.0,normal,0.000000,0.118622,0.088224
length,70.0,75.0,-150.0,-140.0,normal,0.000000,0.158192,0.108543
box_height,70.0,75.0,-150.0,-140.0,normal,0.000000,0.075459,0.051630
miss_detection,70.0,75.0,-140.0,-130.0,constant,1.000000,,
distal,70.0,75.0,-140.0,-130.0,normal,0.000000,0.113883,0.071738
perpendicular,70.0,75.0,-140.0,-130.0,normal,0.000000,0.080888,0.055199
height,70.0,75.0,-140.0,-130.0,normal,0.000000,0.056859,0.035965
yaw,70.0,75.0,-140.0,-130.0,normal,0.000000,0.312987,0.100466
width,70.0,75.0,-140.0,-130.0,normal,0.000000,0.118622,0.088224
length,70.0,75.0,-140.0,-130.0,normal,0.000000,0.158192,0.108543
box_height,70.0,75.0,-140.0,-130.0,normal,0.000000,0.075459,0.051630
miss_detection,70.0,75.0,-130.0,-120.0,constant,1.000000,,
distal,70.0,75.0,-130.0,-120.0,normal,0.000000,0.113883,0.071738
perpendicular,70.0,75.0,-130.0,-120.0,normal,0.000000,0.080888,0.055199
height,70.0,75.0,-130.0,-120.0,normal,0.000000,0.056859,0.035965
yaw,70.0,75.0,-130.0,-120.0,normal,0.000000,0.312987,0.100466
width,70.0,75.0,-130.0,-120.0,normal,0.000000,0.118622,0.088224
length,70.0,75.0,-130.0,-120.0,normal,0.000000,0.158192,0.108543
box_height,70.0,75.0,-130.0,-120.0,normal,0.000000,0.075459,0.051630
miss_detection,70.0,75.0,-120.0,-110.0,constant,1.000000,,
distal,70.0,75.0,-120.0,-110.0,normal,0.000000,0.113883,0.071738
perpendicular,70.0,75.0,-120.0,-110.0,normal,0.000000,0.080888,0.055199
height,70.0,75.0,-120.0,-110.0,normal,0.000000,0.056859,0.035965
yaw,70.0,75.0,-120.0,-110.0,normal,0.000000,0.312987,0.100466
width,70.0,75.0,-120.0,-110.0,normal,0.000000,0.118622,0.088224
length,70.0,75.0,-120.0,-110.0,normal,0.000000,0.158192,0.108543
box_height,70.0,75.0,-120.0,-110.0,normal,0.000000,0.075459,0.051630
miss_detection,70.0,75.0,-110.0,-100.0,constant,1.000000,,
distal,70.0,75.0,-110.0,-100.0,normal,0.000000,0.113883,0.071738
perpendicular,70.0,75.0,-110.0,-100.0,normal,0.000000,0.080888,0.055199
height,70.0,75.0,-110.0,-100.0,normal,0.000000,0.056859,0.035965
yaw,70.0,75.0,-110.0,-100.0,normal,0.000000,0.312987,0.100466
width,70.0,75.0,-110.0,-100.0,normal,0.000000,0.118622,0.088224
length,70.0,75.0,-110.0,-100.0,normal,0.000000,0.158192,0.108543
box_height,70.0,75.0,-110.0,-100.0,normal,0.000000,0.075459,0.051630
miss_detection,70.0,75.0,-100.0,-90.0,constant,1.000000,,
distal,70.0,75.0,-100.0,-90.0,normal,0.000000,0.113883,0.071738
perpendicular,70.0,75.0,-100.0,-90.0,normal,0.000000,0.080888,0.055199
height,70.0,75.0,-100.0,-90.0,normal,0.000000,0.056859,0.035965
yaw,70.0,75.0,-100.0,-90.0,normal,0.000000,0.312987,0.100466
width,70.0,75.0,-100.0,-90.0,normal,0.000000,0.118622,0.088224
length,70.0,75.0,-100.0,-90.0,normal,0.000000,0.158192,0.108543
box_height,70.0,75.0,-100.0,-90.0,normal,0.000000,0.075459,0.051630
miss_detection,70.0,75.0,-90.0,-80.0,constant,1.000000,,
distal,70.0,75.0,-90.0,-80.0,normal,0.000000,0.113883,0.071738
perpendicular,70.0,75.0,-90.0,-80.0,normal,0.000000,0.080888,0.055199
height,70.0,75.0,-90.0,-80.0,normal,0.000000,0.056859,0.035965
yaw,70.0,75.0,-90.0,-80.0,normal,0.000000,0.312987,0.100466
width,70.0,75.0,-90.0,-80.0,normal,0.000000,0.118622,0.088224
length,70.0,75.0,-90.0,-80.0,normal,0.000000,0.158192,0.108543
box_height,70.0,75.0,-90.0,-80.0,normal,0.000000,0.075459,0.051630
miss_detection,70.0,75.0,-80.0,-70.0,constant,1.000000,,
distal,70.0,75.0,-80.0,-70.0,normal,0.000000,0.113883,0.071738
perpendicular,70.0,75.0,-80.0,-70.0,normal,0.000000,0.080888,0.055199
height,70.0,75.0,-80.0,-70.0,normal,0.000000,0.056859,0.035965
yaw,70.0,75.0,-80.0,-70.0,normal,0.000000,0.312987,0.100466
width,70.0,75.0,-80.0,-70.0,normal,0.000000,0.118622,0.088224
length,70.0,75.0,-80.0,-70.0,normal,0.000000,0.158192,0.108543
box_height,70.0,75.0,-80.0,-70.0,normal,0.000000,0.075459,0.051630
miss_detection,70.0,75.0,-70.0,-60.0,constant,1.000000,,
distal,70.0,75.0,-70.0,-60.0,normal,0.000000,0.113883,0.071738
perpendicular,70.0,75.0,-70.0,-60.0,normal,0.000000,0.080888,0.055199
height,70.0,75.0,-70.0,-60.0,normal,0.000000,0.056859,0.035965
yaw,70.0,75.0,-70.0,-60.0,normal,0.000000,0.312987,0.100466
width,70.0,75.0,-70.0,-60.0,normal,0.000000,0.118622,0.088224
length,70.0,75.0,-70.0,-60.0,normal,0.000000,0.158192,0.108543
box_height,70.0,75.0,-70.0,-60.0,normal,0.000000,0.075459,0.051630
miss_detection,70.0,75.0,-60.0,-50.0,constant,1.000000,,
distal,70.0,75.0,-60.0,-50.0,normal,0.000000,0.113883,0.071738
perpendicular,70.0,75.0,-60.0,-50.0,normal,0.000000,0.080888,0.055199
height,70.0,75.0,-60.0,-50.0,normal,0.000000,0.056859,0.035965
yaw,70.0,75.0,-60.0,-50.0,normal,0.000000,0.312987,0.100466
width,70.0,75.0,-60.0,-50.0,normal,0.000000,0.118622,0.088224
length,70.0,75.0,-60.0,-50.0,normal,0.000000,0.158192,0.108543
box_height,70.0,75.0,-60.0,-50.0,normal,0.000000,0.075459,0.051630
miss_detection,70.0,75.0,-50.0,-40.0,constant,1.000000,,
distal,70.0,75.0,-50.0,-40.0,normal,0.000000,0.113883,0.071738
perpendicular,70.0,75.0,-50.0,-40.0,normal,0.000000,0.080888,0.055199
height,70.0,75.0,-50.0,-40.0,normal,0.000000,0.056859,0.035965
yaw,70.0,75.0,-50.0,-40.0,normal,0.000000,0.312987,0.100466
width,70.0,75.0,-50.0,-40.0,normal,0.000000,0.118622,0.088224
length,70.0,75.0,-50.0,-40.0,normal,0.000000,0.158192,0.108543
box_height,70.0,75.0,-50.0,-40.0,normal,0.000000,0.075459,0.051630
miss_detection,70.0,75.0,-40.0,-30.0,constant,1.000000,,
distal,70.0,75.0,-40.0,-30.0,normal,0.000000,0.113883,0.071738
perpendicular,70.0,75.0,-40.0,-30.0,normal,0.000000,0.080888,0.055199
height,70.0,75.0,-40.0,-30.0,normal,0.000000,0.056859,0.035965
yaw,70.0,75.0,-40.0,-30.0,normal,0.000000,0.312987,0.100466
width,70.0,75.0,-40.0,-30.0,normal,0.000000,0.118622,0.088224
length,70.0,75.0,-40.0,-30.0,normal,0.000000,0.158192,0.108543
box_height,70.0,75.0,-40.0,-30.0,normal,0.000000,0.075459,0.051630
miss_detection,70.0,75.0,-30.0,-20.0,constant,1.000000,,
distal,70.0,75.0,-30.0,-20.0,normal,0.000000,0.113883,0.071738
perpendicular,70.0,75.0,-30.0,-20.0,normal,0.000000,0.080888,0.055199
height,70.0,75.0,-30.0,-20.0,normal,0.000000,0.056859,0.035965
yaw,70.0,75.0,-30.0,-20.0,normal,0.000000,0.312987,0.100466
width,70.0,75.0,-30.0,-20.0,normal,0.000000,0.118622,0.088224
length,70.0,75.0,-30.0,-20.0,normal,0.000000,0.158192,0.108543
box_height,70.0,75.0,-30.0,-20.0,normal,0.000000,0.075459,0.051630
miss_detection,70.0,75.0,-20.0,-10.0,constant,1.000000,,
distal,70.0,75.0,-20.0,-10.0,normal,0.000000,0.113883,0.071738
perpendicular,70.0,75.0,-20.0,-10.0,normal,0.000000,0.080888,0.055199
height,70.0,75.0,-20.0,-10.0,normal,0.000000,0.056859,0.035965
yaw,70.0,75.0,-20.0,-10.0,normal,0.000000,0.312987,0.100466
width,70.0,75.0,-20.0,-10.0,normal,0.000000,0.118622,0.088224
length,70.0,75.0,-20.0,-10.0,normal,0.000000,0.158192,0.108543
box_height,70.0,75.0,-20.0,-10.0,normal,0.000000,0.075459,0.051630
miss_detection,70.0,75.0,-10.0,0.0,constant,0.108434,,
distal,70.0,75.0,-10.0,0.0,normal,0.000000,0.080493,0.055635
perpendicular,70.0,75.0,-10.0,0.0,normal,0.000000,0.106618,0.076929
height,70.0,75.0,-10.0,0.0,normal,0.000000,0.071287,0.053749
yaw,70.0,75.0,-10.0,0.0,normal,0.000000,0.261888,0.062667
width,70.0,75.0,-10.0,0.0,normal,0.000000,0.141706,0.119373
length,70.0,75.0,-10.0,0.0,normal,0.000000,0.152371,0.103747
box_height,70.0,75.0,-10.0,0.0,normal,0.000000,0.085925,0.066673
miss_detection,70.0,75.0,0.0,10.0,constant,0.009434,,
distal,70.0,75.0,0.0,10.0,normal,0.000000,0.117510,0.076002
perpendicular,70.0,75.0,0.0,10.0,normal,0.000000,0.106042,0.081332
height,70.0,75.0,0.0,10.0,normal,0.000000,0.067435,0.054838
yaw,70.0,75.0,0.0,10.0,normal,0.000000,0.051571,0.042083
width,70.0,75.0,0.0,10.0,normal,0.000000,0.127098,0.101080
length,70.0,75.0,0.0,10.0,normal,0.000000,0.162670,0.107554
box_height,70.0,75.0,0.0,10.0,normal,0.000000,0.084131,0.068194
miss_detection,70.0,75.0,10.0,20.0,constant,0.007659,,
distal,70.0,75.0,10.0,20.0,normal,0.000000,0.129776,0.091710
perpendicular,70.0,75.0,10.0,20.0,normal,0.000000,0.088598,0.069202
height,70.0,75.0,10.0,20.0,normal,0.000000,0.110226,0.080947
yaw,70.0,75.0,10.0,20.0,normal,0.000000,0.046300,0.053372
width,70.0,75.0,10.0,20.0,normal,0.000000,0.158093,0.131891
length,70.0,75.0,10.0,20.0,normal,0.000000,0.161575,0.120512
box_height,70.0,75.0,10.0,20.0,normal,0.000000,0.137081,0.098387
miss_detection,70.0,75.0,20.0,30.0,constant,1.000000,,
distal,70.0,75.0,20.0,30.0,normal,0.000000,0.113883,0.071738
perpendicular,70.0,75.0,20.0,30.0,normal,0.000000,0.080888,0.055199
height,70.0,75.0,20.0,30.0,normal,0.000000,0.056859,0.035965
yaw,70.0,75.0,20.0,30.0,normal,0.000000,0.312987,0.100466
width,70.0,75.0,20.0,30.0,normal,0.000000,0.118622,0.088224
length,70.0,75.0,20.0,30.0,normal,0.000000,0.158192,0.108543
box_height,70.0,75.0,20.0,30.0,normal,0.000000,0.075459,0.051630
miss_detection,70.0,75.0,30.0,40.0,constant,1.000000,,
distal,70.0,75.0,30.0,40.0,normal,0.000000,0.113883,0.071738
perpendicular,70.0,75.0,30.0,40.0,normal,0.000000,0.080888,0.055199
height,70.0,75.0,30.0,40.0,normal,0.000000,0.056859,0.035965
yaw,70.0,75.0,30.0,40.0,normal,0.000000,0.312987,0.100466
width,70.0,75.0,30.0,40.0,normal,0.000000,0.118622,0.088224
length,70.0,75.0,30.0,40.0,normal,0.000000,0.158192,0.108543
box_height,70.0,75.0,30.0,40.0,normal,0.000000,0.075459,0.051630
miss_detection,70.0,75.0,40.0,50.0,constant,1.000000,,
distal,70.0,75.0,40.0,50.0,normal,0.000000,0.113883,0.071738
perpendicular,70.0,75.0,40.0,50.0,normal,0.000000,0.080888,0.055199
height,70.0,75.0,40.0,50.0,normal,0.000000,0.056859,0.035965
yaw,70.0,75.0,40.0,50.0,normal,0.000000,0.312987,0.100466
width,70.0,75.0,40.0,50.0,normal,0.000000,0.118622,0.088224
length,70.0,75.0,40.0,50.0,normal,0.000000,0.158192,0.108543
box_height,70.0,75.0,40.0,50.0,normal,0.000000,0.075459,0.051630
miss_detection,70.0,75.0,50.0,60.0,constant,1.000000,,
distal,70.0,75.0,50.0,60.0,normal,0.000000,0.113883,0.071738
perpendicular,70.0,75.0,50.0,60.0,normal,0.000000,0.080888,0.055199
height,70.0,75.0,50.0,60.0,normal,0.000000,0.056859,0.035965
yaw,70.0,75.0,50.0,60.0,normal,0.000000,0.312987,0.100466
width,70.0,75.0,50.0,60.0,normal,0.000000,0.118622,0.088224
length,70.0,75.0,50.0,60.0,normal,0.000000,0.158192,0.108543
box_height,70.0,75.0,50.0,60.0,normal,0.000000,0.075459,0.051630
miss_detection,70.0,75.0,60.0,70.0,constant,1.000000,,
distal,70.0,75.0,60.0,70.0,normal,0.000000,0.113883,0.071738
perpendicular,70.0,75.0,60.0,70.0,normal,0.000000,0.080888,0.055199
height,70.0,75.0,60.0,70.0,normal,0.000000,0.056859,0.035965
yaw,70.0,75.0,60.0,70.0,normal,0.000000,0.312987,0.100466
width,70.0,75.0,60.0,70.0,normal,0.000000,0.118622,0.088224
length,70.0,75.0,60.0,70.0,normal,0.000000,0.158192,0.108543
box_height,70.0,75.0,60.0,70.0,normal,0.000000,0.075459,0.051630
miss_detection,70.0,75.0,70.0,80.0,constant,1.000000,,
distal,70.0,75.0,70.0,80.0,normal,0.000000,0.113883,0.071738
perpendicular,70.0,75.0,70.0,80.0,normal,0.000000,0.080888,0.055199
height,70.0,75.0,70.0,80.0,normal,0.000000,0.056859,0.035965
yaw,70.0,75.0,70.0,80.0,normal,0.000000,0.312987,0.100466
width,70.0,75.0,70.0,80.0,normal,0.000000,0.118622,0.088224
length,70.0,75.0,70.0,80.0,normal,0.000000,0.158192,0.108543
box_height,70.0,75.0,70.0,80.0,normal,0.000000,0.075459,0.051630
miss_detection,70.0,75.0,80.0,90.0,constant,1.000000,,
distal,70.0,75.0,80.0,90.0,normal,0.000000,0.113883,0.071738
perpendicular,70.0,75.0,80.0,90.0,normal,0.000000,0.080888,0.055199
height,70.0,75.0,80.0,90.0,normal,0.000000,0.056859,0.035965
yaw,70.0,75.0,80.0,90.0,normal,0.000000,0.312987,0.100466
width,70.0,75.0,80.0,90.0,normal,0.000000,0.118622,0.088224
length,70.0,75.0,80.0,90.0,normal,0.000000,0.158192,0.108543
box_height,70.0,75.0,80.0,90.0,normal,0.000000,0.075459,0.051630
miss_detection,70.0,75.0,90.0,100.0,constant,1.000000,,
distal,70.0,75.0,90.0,100.0,normal,0.000000,0.113883,0.071738
perpendicular,70.0,75.0,90.0,100.0,normal,0.000000,0.080888,0.055199
height,70.0,75.0,90.0,100.0,normal,0.000000,0.056859,0.035965
yaw,70.0,75.0,90.0,100.0,normal,0.000000,0.312987,0.100466
width,70.0,75.0,90.0,100.0,normal,0.000000,0.118622,0.088224
length,70.0,75.0,90.0,100.0,normal,0.000000,0.158192,0.108543
box_height,70.0,75.0,90.0,100.0,normal,0.000000,0.075459,0.051630
miss_detection,70.0,75.0,100.0,110.0,constant,1.000000,,
distal,70.0,75.0,100.0,110.0,normal,0.000000,0.113883,0.071738
perpendicular,70.0,75.0,100.0,110.0,normal,0.000000,0.080888,0.055199
height,70.0,75.0,100.0,110.0,normal,0.000000,0.056859,0.035965
yaw,70.0,75.0,100.0,110.0,normal,0.000000,0.312987,0.100466
width,70.0,75.0,100.0,110.0,normal,0.000000,0.118622,0.088224
length,70.0,75.0,100.0,110.0,normal,0.000000,0.158192,0.108543
box_height,70.0,75.0,100.0,110.0,normal,0.000000,0.075459,0.051630
miss_detection,70.0,75.0,110.0,120.0,constant,1.000000,,
distal,70.0,75.0,110.0,120.0,normal,0.000000,0.113883,0.071738
perpendicular,70.0,75.0,110.0,120.0,normal,0.000000,0.080888,0.055199
height,70.0,75.0,110.0,120.0,normal,0.000000,0.056859,0.035965
yaw,70.0,75.0,110.0,120.0,normal,0.000000,0.312987,0.100466
width,70.0,75.0,110.0,120.0,normal,0.000000,0.118622,0.088224
length,70.0,75.0,110.0,120.0,normal,0.000000,0.158192,0.108543
box_height,70.0,75.0,110.0,120.0,normal,0.000000,0.075459,0.051630
miss_detection,70.0,75.0,120.0,130.0,constant,1.000000,,
distal,70.0,75.0,120.0,130.0,normal,0.000000,0.113883,0.071738
perpendicular,70.0,75.0,120.0,130.0,normal,0.000000,0.080888,0.055199
height,70.0,75.0,120.0,130.0,normal,0.000000,0.056859,0.035965
yaw,70.0,75.0,120.0,130.0,normal,0.000000,0.312987,0.100466
width,70.0,75.0,120.0,130.0,normal,0.000000,0.118622,0.088224
length,70.0,75.0,120.0,130.0,normal,0.000000,0.158192,0.108543
box_height,70.0,75.0,120.0,130.0,normal,0.000000,0.075459,0.051630
miss_detection,70.0,75.0,130.0,140.0,constant,1.000000,,
distal,70.0,75.0,130.0,140.0,normal,0.000000,0.113883,0.071738
perpendicular,70.0,75.0,130.0,140.0,normal,0.000000,0.080888,0.055199
height,70.0,75.0,130.0,140.0,normal,0.000000,0.056859,0.035965
yaw,70.0,75.0,130.0,140.0,normal,0.000000,0.312987,0.100466
width,70.0,75.0,130.0,140.0,normal,0.000000,0.118622,0.088224
length,70.0,75.0,130.0,140.0,normal,0.000000,0.158192,0.108543
box_height,70.0,75.0,130.0,140.0,normal,0.000000,0.075459,0.051630
miss_detection,70.0,75.0,140.0,150.0,constant,1.000000,,
distal,70.0,75.0,140.0,150.0,normal,0.000000,0.113883,0.071738
perpendicular,70.0,75.0,140.0,150.0,normal,0.000000,0.080888,0.055199
height,70.0,75.0,140.0,150.0,normal,0.000000,0.056859,0.035965
yaw,70.0,75.0,140.0,150.0,normal,0.000000,0.312987,0.100466
width,70.0,75.0,140.0,150.0,normal,0.000000,0.118622,0.088224
length,70.0,75.0,140.0,150.0,normal,0.000000,0.158192,0.108543
box_height,70.0,75.0,140.0,150.0,normal,0.000000,0.075459,0.051630
miss_detection,70.0,75.0,150.0,160.0,constant,1.000000,,
distal,70.0,75.0,150.0,160.0,normal,0.000000,0.113883,0.071738
perpendicular,70.0,75.0,150.0,160.0,normal,0.000000,0.080888,0.055199
height,70.0,75.0,150.0,160.0,normal,0.000000,0.056859,0.035965
yaw,70.0,75.0,150.0,160.0,normal,0.000000,0.312987,0.100466
width,70.0,75.0,150.0,160.0,normal,0.000000,0.118622,0.088224
length,70.0,75.0,150.0,160.0,normal,0.000000,0.158192,0.108543
box_height,70.0,75.0,150.0,160.0,normal,0.000000,0.075459,0.051630
miss_detection,70.0,75.0,160.0,170.0,constant,1.000000,,
distal,70.0,75.0,160.0,170.0,normal,0.000000,0.113883,0.071738
perpendicular,70.0,75.0,160.0,170.0,normal,0.000000,0.080888,0.055199
height,70.0,75.0,160.0,170.0,normal,0.000000,0.056859,0.035965
yaw,70.0,75.0,160.0,170.0,normal,0.000000,0.312987,0.100466
width,70.0,75.0,160.0,170.0,normal,0.000000,0.118622,0.088224
length,70.0,75.0,160.0,170.0,normal,0.000000,0.158192,0.108543
box_height,70.0,75.0,160.0,170.0,normal,0.000000,0.075459,0.051630
miss_detection,70.0,75.0,170.0,180.0,constant,1.000000,,
distal,70.0,75.0,170.0,180.0,normal,0.000000,0.113883,0.071738
perpendicular,70.0,75.0,170.0,180.0,normal,0.000000,0.080888,0.055199
height,70.0,75.0,170.0,180.0,normal,0.000000,0.056859,0.035965
yaw,70.0,75.0,170.0,180.0,normal,0.000000,0.312987,0.100466
width,70.0,75.0,170.0,180.0,normal,0.000000,0.118622,0.088224
length,70.0,75.0,170.0,180.0,normal,0.000000,0.158192,0.108543
box_height,70.0,75.0,170.0,180.0,normal,0.000000,0.075459,0.051630
miss_detection,75.0,80.0,-180.0,-170.0,constant,1.000000,,
distal,75.0,80.0,-180.0,-170.0,normal,0.000000,0.113883,0.071738
perpendicular,75.0,80.0,-180.0,-170.0,normal,0.000000,0.080888,0.055199
height,75.0,80.0,-180.0,-170.0,normal,0.000000,0.056859,0.035965
yaw,75.0,80.0,-180.0,-170.0,normal,0.000000,0.312987,0.100466
width,75.0,80.0,-180.0,-170.0,normal,0.000000,0.118622,0.088224
length,75.0,80.0,-180.0,-170.0,normal,0.000000,0.158192,0.108543
box_height,75.0,80.0,-180.0,-170.0,normal,0.000000,0.075459,0.051630
miss_detection,75.0,80.0,-170.0,-160.0,constant,1.000000,,
distal,75.0,80.0,-170.0,-160.0,normal,0.000000,0.113883,0.071738
perpendicular,75.0,80.0,-170.0,-160.0,normal,0.000000,0.080888,0.055199
height,75.0,80.0,-170.0,-160.0,normal,0.000000,0.056859,0.035965
yaw,75.0,80.0,-170.0,-160.0,normal,0.000000,0.312987,0.100466
width,75.0,80.0,-170.0,-160.0,normal,0.000000,0.118622,0.088224
length,75.0,80.0,-170.0,-160.0,normal,0.000000,0.158192,0.108543
box_height,75.0,80.0,-170.0,-160.0,normal,0.000000,0.075459,0.051630
miss_detection,75.0,80.0,-160.0,-150.0,constant,1.000000,,
distal,75.0,80.0,-160.0,-150.0,normal,0.000000,0.113883,0.071738
perpendicular,75.0,80.0,-160.0,-150.0,normal,0.000000,0.080888,0.055199
height,75.0,80.0,-160.0,-150.0,normal,0.000000,0.056859,0.035965
yaw,75.0,80.0,-160.0,-150.0,normal,0.000000,0.312987,0.100466
width,75.0,80.0,-160.0,-150.0,normal,0.000000,0.118622,0.088224
length,75.0,80.0,-160.0,-150.0,normal,0.000000,0.158192,0.108543
box_height,75.0,80.0,-160.0,-150.0,normal,0.000000,0.075459,0.051630
miss_detection,75.0,80.0,-150.0,-140.0,constant,1.000000,,
distal,75.0,80.0,-150.0,-140.0,normal,0.000000,0.113883,0.071738
perpendicular,75.0,80.0,-150.0,-140.0,normal,0.000000,0.080888,0.055199
height,75.0,80.0,-150.0,-140.0,normal,0.000000,0.056859,0.035965
yaw,75.0,80.0,-150.0,-140.0,normal,0.000000,0.312987,0.100466
width,75.0,80.0,-150.0,-140.0,normal,0.000000,0.118622,0.088224
length,75.0,80.0,-150.0,-140.0,normal,0.000000,0.158192,0.108543
box_height,75.0,80.0,-150.0,-140.0,normal,0.000000,0.075459,0.051630
miss_detection,75.0,80.0,-140.0,-130.0,constant,1.000000,,
distal,75.0,80.0,-140.0,-130.0,normal,0.000000,0.113883,0.071738
perpendicular,75.0,80.0,-140.0,-130.0,normal,0.000000,0.080888,0.055199
height,75.0,80.0,-140.0,-130.0,normal,0.000000,0.056859,0.035965
yaw,75.0,80.0,-140.0,-130.0,normal,0.000000,0.312987,0.100466
width,75.0,80.0,-140.0,-130.0,normal,0.000000,0.118622,0.088224
length,75.0,80.0,-140.0,-130.0,normal,0.000000,0.158192,0.108543
box_height,75.0,80.0,-140.0,-130.0,normal,0.000000,0.075459,0.051630
miss_detection,75.0,80.0,-130.0,-120.0,constant,1.000000,,
distal,75.0,80.0,-130.0,-120.0,normal,0.000000,0.113883,0.071738
perpendicular,75.0,80.0,-130.0,-120.0,normal,0.000000,0.080888,0.055199
height,75.0,80.0,-130.0,-120.0,normal,0.000000,0.056859,0.035965
yaw,75.0,80.0,-130.0,-120.0,normal,0.000000,0.312987,0.100466
width,75.0,80.0,-130.0,-120.0,normal,0.000000,0.118622,0.088224
length,75.0,80.0,-130.0,-120.0,normal,0.000000,0.158192,0.108543
box_height,75.0,80.0,-130.0,-120.0,normal,0.000000,0.075459,0.051630
miss_detection,75.0,80.0,-120.0,-110.0,constant,1.000000,,
distal,75.0,80.0,-120.0,-110.0,normal,0.000000,0.113883,0.071738
perpendicular,75.0,80.0,-120.0,-110.0,normal,0.000000,0.080888,0.055199
height,75.0,80.0,-120.0,-110.0,normal,0.000000,0.056859,0.035965
yaw,75.0,80.0,-120.0,-110.0,normal,0.000000,0.312987,0.100466
width,75.0,80.0,-120.0,-110.0,normal,0.000000,0.118622,0.088224
length,75.0,80.0,-120.0,-110.0,normal,0.000000,0.158192,0.108543
box_height,75.0,80.0,-120.0,-110.0,normal,0.000000,0.075459,0.051630
miss_detection,75.0,80.0,-110.0,-100.0,constant,1.000000,,
distal,75.0,80.0,-110.0,-100.0,normal,0.000000,0.113883,0.071738
perpendicular,75.0,80.0,-110.0,-100.0,normal,0.000000,0.080888,0.055199
height,75.0,80.0,-110.0,-100.0,normal,0.000000,0.056859,0.035965
yaw,75.0,80.0,-110.0,-100.0,normal,0.000000,0.312987,0.100466
width,75.0,80.0,-110.0,-100.0,normal,0.000000,0.118622,0.088224
length,75.0,80.0,-110.0,-100.0,normal,0.000000,0.158192,0.108543
box_height,75.0,80.0,-110.0,-100.0,normal,0.000000,0.075459,0.051630
miss_detection,75.0,80.0,-100.0,-90.0,constant,1.000000,,
distal,75.0,80.0,-100.0,-90.0,normal,0.000000,0.113883,0.071738
perpendicular,75.0,80.0,-100.0,-90.0,normal,0.000000,0.080888,0.055199
height,75.0,80.0,-100.0,-90.0,normal,0.000000,0.056859,0.035965
yaw,75.0,80.0,-100.0,-90.0,normal,0.000000,0.312987,0.100466
width,75.0,80.0,-100.0,-90.0,normal,0.000000,0.118622,0.088224
length,75.0,80.0,-100.0,-90.0,normal,0.000000,0.158192,0.108543
box_height,75.0,80.0,-100.0,-90.0,normal,0.000000,0.075459,0.051630
miss_detection,75.0,80.0,-90.0,-80.0,constant,1.000000,,
distal,75.0,80.0,-90.0,-80.0,normal,0.000000,0.113883,0.071738
perpendicular,75.0,80.0,-90.0,-80.0,normal,0.000000,0.080888,0.055199
height,75.0,80.0,-90.0,-80.0,normal,0.000000,0.056859,0.035965
yaw,75.0,80.0,-90.0,-80.0,normal,0.000000,0.312987,0.100466
width,75.0,80.0,-90.0,-80.0,normal,0.000000,0.118622,0.088224
length,75.0,80.0,-90.0,-80.0,normal,0.000000,0.158192,0.108543
box_height,75.0,80.0,-90.0,-80.0,normal,0.000000,0.075459,0.051630
miss_detection,75.0,80.0,-80.0,-70.0,constant,1.000000,,
distal,75.0,80.0,-80.0,-70.0,normal,0.000000,0.113883,0.071738
perpendicular,75.0,80.0,-80.0,-70.0,normal,0.000000,0.080888,0.055199
height,75.0,80.0,-80.0,-70.0,normal,0.000000,0.056859,0.035965
yaw,75.0,80.0,-80.0,-70.0,normal,0.000000,0.312987,0.100466
width,75.0,80.0,-80.0,-70.0,normal,0.000000,0.118622,0.088224
length,75.0,80.0,-80.0,-70.0,normal,0.000000,0.158192,0.108543
box_height,75.0,80.0,-80.0,-70.0,normal,0.000000,0.075459,0.051630
miss_detection,75.0,80.0,-70.0,-60.0,constant,1.000000,,
distal,75.0,80.0,-70.0,-60.0,normal,0.000000,0.113883,0.071738
perpendicular,75.0,80.0,-70.0,-60.0,normal,0.000000,0.080888,0.055199
height,75.0,80.0,-70.0,-60.0,normal,0.000000,0.056859,0.035965
yaw,75.0,80.0,-70.0,-60.0,normal,0.000000,0.312987,0.100466
width,75.0,80.0,-70.0,-60.0,normal,0.000000,0.118622,0.088224
length,75.0,80.0,-70.0,-60.0,normal,0.000000,0.158192,0.108543
box_height,75.0,80.0,-70.0,-60.0,normal,0.000000,0.075459,0.051630
miss_detection,75.0,80.0,-60.0,-50.0,constant,1.000000,,
distal,75.0,80.0,-60.0,-50.0,normal,0.000000,0.113883,0.071738
perpendicular,75.0,80.0,-60.0,-50.0,normal,0.000000,0.080888,0.055199
height,75.0,80.0,-60.0,-50.0,normal,0.000000,0.056859,0.035965
yaw,75.0,80.0,-60.0,-50.0,normal,0.000000,0.312987,0.100466
width,75.0,80.0,-60.0,-50.0,normal,0.000000,0.118622,0.088224
length,75.0,80.0,-60.0,-50.0,normal,0.000000,0.158192,0.108543
box_height,75.0,80.0,-60.0,-50.0,normal,0.000000,0.075459,0.051630
miss_detection,75.0,80.0,-50.0,-40.0,constant,1.000000,,
distal,75.0,80.0,-50.0,-40.0,normal,0.000000,0.113883,0.071738
perpendicular,75.0,80.0,-50.0,-40.0,normal,0.000000,0.080888,0.055199
height,75.0,80.0,-50.0,-40.0,normal,0.000000,0.056859,0.035965
yaw,75.0,80.0,-50.0,-40.0,normal,0.000000,0.312987,0.100466
width,75.0,80.0,-50.0,-40.0,normal,0.000000,0.118622,0.088224
length,75.0,80.0,-50.0,-40.0,normal,0.000000,0.158192,0.108543
box_height,75.0,80.0,-50.0,-40.0,normal,0.000000,0.075459,0.051630
miss_detection,75.0,80.0,-40.0,-30.0,constant,1.000000,,
distal,75.0,80.0,-40.0,-30.0,normal,0.000000,0.113883,0.071738
perpendicular,75.0,80.0,-40.0,-30.0,normal,0.000000,0.080888,0.055199
height,75.0,80.0,-40.0,-30.0,normal,0.000000,0.056859,0.035965
yaw,75.0,80.0,-40.0,-30.0,normal,0.000000,0.312987,0.100466
width,75.0,80.0,-40.0,-30.0,normal,0.000000,0.118622,0.088224
length,75.0,80.0,-40.0,-30.0,normal,0.000000,0.158192,0.108543
box_height,75.0,80.0,-40.0,-30.0,normal,0.000000,0.075459,0.051630
miss_detection,75.0,80.0,-30.0,-20.0,constant,1.000000,,
distal,75.0,80.0,-30.0,-20.0,normal,0.000000,0.113883,0.071738
perpendicular,75.0,80.0,-30.0,-20.0,normal,0.000000,0.080888,0.055199
height,75.0,80.0,-30.0,-20.0,normal,0.000000,0.056859,0.035965
yaw,75.0,80.0,-30.0,-20.0,normal,0.000000,0.312987,0.100466
width,75.0,80.0,-30.0,-20.0,normal,0.000000,0.118622,0.088224
length,75.0,80.0,-30.0,-20.0,normal,0.000000,0.158192,0.108543
box_height,75.0,80.0,-30.0,-20.0,normal,0.000000,0.075459,0.051630
miss_detection,75.0,80.0,-20.0,-10.0,constant,1.000000,,
distal,75.0,80.0,-20.0,-10.0,normal,0.000000,0.113883,0.071738
perpendicular,75.0,80.0,-20.0,-10.0,normal,0.000000,0.080888,0.055199
height,75.0,80.0,-20.0,-10.0,normal,0.000000,0.056859,0.035965
yaw,75.0,80.0,-20.0,-10.0,normal,0.000000,0.312987,0.100466
width,75.0,80.0,-20.0,-10.0,normal,0.000000,0.118622,0.088224
length,75.0,80.0,-20.0,-10.0,normal,0.000000,0.158192,0.108543
box_height,75.0,80.0,-20.0,-10.0,normal,0.000000,0.075459,0.051630
miss_detection,75.0,80.0,-10.0,0.0,constant,0.127273,,
distal,75.0,80.0,-10.0,0.0,normal,0.000000,0.086946,0.068436
perpendicular,75.0,80.0,-10.0,0.0,normal,0.000000,0.100020,0.072090
height,75.0,80.0,-10.0,0.0,normal,0.000000,0.083509,0.064081
yaw,75.0,80.0,-10.0,0.0,normal,0.000000,0.063405,0.046383
width,75.0,80.0,-10.0,0.0,normal,0.000000,0.155089,0.122812
length,75.0,80.0,-10.0,0.0,normal,0.000000,0.121463,0.111995
box_height,75.0,80.0,-10.0,0.0,normal,0.000000,0.088388,0.069067
miss_detection,75.0,80.0,0.0,10.0,constant,0.030000,,
distal,75.0,80.0,0.0,10.0,normal,0.000000,0.082391,0.067859
perpendicular,75.0,80.0,0.0,10.0,normal,0.000000,0.138342,0.100064
height,75.0,80.0,0.0,10.0,normal,0.000000,0.083495,0.061110
yaw,75.0,80.0,0.0,10.0,normal,0.000000,0.061031,0.046897
width,75.0,80.0,0.0,10.0,normal,0.000000,0.156887,0.122043
length,75.0,80.0,0.0,10.0,normal,0.000000,0.126878,0.110792
box_height,75.0,80.0,0.0,10.0,normal,0.000000,0.141743,0.102877
miss_detection,75.0,80.0,10.0,20.0,constant,0.091675,,
distal,75.0,80.0,10.0,20.0,normal,0.000000,0.087471,0.065874
perpendicular,75.0,80.0,10.0,20.0,normal,0.000000,0.085445,0.057849
height,75.0,80.0,10.0,20.0,normal,0.000000,0.075338,0.053079
yaw,75.0,80.0,10.0,20.0,normal,0.000000,0.043486,0.051667
width,75.0,80.0,10.0,20.0,normal,0.000000,0.119596,0.094993
length,75.0,80.0,10.0,20.0,normal,0.000000,0.122431,0.092772
box_height,75.0,80.0,10.0,20.0,normal,0.000000,0.091049,0.070453
miss_detection,75.0,80.0,20.0,30.0,constant,1.000000,,
distal,75.0,80.0,20.0,30.0,normal,0.000000,0.113883,0.071738
perpendicular,75.0,80.0,20.0,30.0,normal,0.000000,0.080888,0.055199
height,75.0,80.0,20.0,30.0,normal,0.000000,0.056859,0.035965
yaw,75.0,80.0,20.0,30.0,normal,0.000000,0.312987,0.100466
width,75.0,80.0,20.0,30.0,normal,0.000000,0.118622,0.088224
length,75.0,80.0,20.0,30.0,normal,0.000000,0.158192,0.108543
box_height,75.0,80.0,20.0,30.0,normal,0.000000,0.075459,0.051630
miss_detection,75.0,80.0,30.0,40.0,constant,1.000000,,
distal,75.0,80.0,30.0,40.0,normal,0.000000,0.113883,0.071738
perpendicular,75.0,80.0,30.0,40.0,normal,0.000000,0.080888,0.055199
height,75.0,80.0,30.0,40.0,normal,0.000000,0.056859,0.035965
yaw,75.0,80.0,30.0,40.0,normal,0.000000,0.312987,0.100466
width,75.0,80.0,30.0,40.0,normal,0.000000,0.118622,0.088224
length,75.0,80.0,30.0,40.0,normal,0.000000,0.158192,0.108543
box_height,75.0,80.0,30.0,40.0,normal,0.000000,0.075459,0.051630
miss_detection,75.0,80.0,40.0,50.0,constant,1.000000,,
distal,75.0,80.0,40.0,50.0,normal,0.000000,0.113883,0.071738
perpendicular,75.0,80.0,40.0,50.0,normal,0.000000,0.080888,0.055199
height,75.0,80.0,40.0,50.0,normal,0.000000,0.056859,0.035965
yaw,75.0,80.0,40.0,50.0,normal,0.000000,0.312987,0.100466
width,75.0,80.0,40.0,50.0,normal,0.000000,0.118622,0.088224
length,75.0,80.0,40.0,50.0,normal,0.000000,0.158192,0.108543
box_height,75.0,80.0,40.0,50.0,normal,0.000000,0.075459,0.051630
miss_detection,75.0,80.0,50.0,60.0,constant,1.000000,,
distal,75.0,80.0,50.0,60.0,normal,0.000000,0.113883,0.071738
perpendicular,75.0,80.0,50.0,60.0,normal,0.000000,0.080888,0.055199
height,75.0,80.0,50.0,60.0,normal,0.000000,0.056859,0.035965
yaw,75.0,80.0,50.0,60.0,normal,0.000000,0.312987,0.100466
width,75.0,80.0,50.0,60.0,normal,0.000000,0.118622,0.088224
length,75.0,80.0,50.0,60.0,normal,0.000000,0.158192,0.108543
box_height,75.0,80.0,50.0,60.0,normal,0.000000,0.075459,0.051630
miss_detection,75.0,80.0,60.0,70.0,constant,1.000000,,
distal,75.0,80.0,60.0,70.0,normal,0.000000,0.113883,0.071738
perpendicular,75.0,80.0,60.0,70.0,normal,0.000000,0.080888,0.055199
height,75.0,80.0,60.0,70.0,normal,0.000000,0.056859,0.035965
yaw,75.0,80.0,60.0,70.0,normal,0.000000,0.312987,0.100466
width,75.0,80.0,60.0,70.0,normal,0.000000,0.118622,0.088224
length,75.0,80.0,60.0,70.0,normal,0.000000,0.158192,0.108543
box_height,75.0,80.0,60.0,70.0,normal,0.000000,0.075459,0.051630
miss_detection,75.0,80.0,70.0,80.0,constant,1.000000,,
distal,75.0,80.0,70.0,80.0,normal,0.000000,0.113883,0.071738
perpendicular,75.0,80.0,70.0,80.0,normal,0.000000,0.080888,0.055199
height,75.0,80.0,70.0,80.0,normal,0.000000,0.056859,0.035965
yaw,75.0,80.0,70.0,80.0,normal,0.000000,0.312987,0.100466
width,75.0,80.0,70.0,80.0,normal,0.000000,0.118622,0.088224
length,75.0,80.0,70.0,80.0,normal,0.000000,0.158192,0.108543
box_height,75.0,80.0,70.0,80.0,normal,0.000000,0.075459,0.051630
miss_detection,75.0,80.0,80.0,90.0,constant,1.000000,,
distal,75.0,80.0,80.0,90.0,normal,0.000000,0.113883,0.071738
perpendicular,75.0,80.0,80.0,90.0,normal,0.000000,0.080888,0.055199
height,75.0,80.0,80.0,90.0,normal,0.000000,0.056859,0.035965
yaw,75.0,80.0,80.0,90.0,normal,0.000000,0.312987,0.100466
width,75.0,80.0,80.0,90.0,normal,0.000000,0.118622,0.088224
length,75.0,80.0,80.0,90.0,normal,0.000000,0.158192,0.108543
box_height,75.0,80.0,80.0,90.0,normal,0.000000,0.075459,0.051630
miss_detection,75.0,80.0,90.0,100.0,constant,1.000000,,
distal,75.0,80.0,90.0,100.0,normal,0.000000,0.113883,0.071738
perpendicular,75.0,80.0,90.0,100.0,normal,0.000000,0.080888,0.055199
height,75.0,80.0,90.0,100.0,normal,0.000000,0.056859,0.035965
yaw,75.0,80.0,90.0,100.0,normal,0.000000,0.312987,0.100466
width,75.0,80.0,90.0,100.0,normal,0.000000,0.118622,0.088224
length,75.0,80.0,90.0,100.0,normal,0.000000,0.158192,0.108543
box_height,75.0,80.0,90.0,100.0,normal,0.000000,0.075459,0.051630
miss_detection,75.0,80.0,100.0,110.0,constant,1.000000,,
distal,75.0,80.0,100.0,110.0,normal,0.000000,0.113883,0.071738
perpendicular,75.0,80.0,100.0,110.0,normal,0.000000,0.080888,0.055199
height,75.0,80.0,100.0,110.0,normal,0.000000,0.056859,0.035965
yaw,75.0,80.0,100.0,110.0,normal,0.000000,0.312987,0.100466
width,75.0,80.0,100.0,110.0,normal,0.000000,0.118622,0.088224
length,75.0,80.0,100.0,110.0,normal,0.000000,0.158192,0.108543
box_height,75.0,80.0,100.0,110.0,normal,0.000000,0.075459,0.051630
miss_detection,75.0,80.0,110.0,120.0,constant,1.000000,,
distal,75.0,80.0,110.0,120.0,normal,0.000000,0.113883,0.071738
perpendicular,75.0,80.0,110.0,120.0,normal,0.000000,0.080888,0.055199
height,75.0,80.0,110.0,120.0,normal,0.000000,0.056859,0.035965
yaw,75.0,80.0,110.0,120.0,normal,0.000000,0.312987,0.100466
width,75.0,80.0,110.0,120.0,normal,0.000000,0.118622,0.088224
length,75.0,80.0,110.0,120.0,normal,0.000000,0.158192,0.108543
box_height,75.0,80.0,110.0,120.0,normal,0.000000,0.075459,0.051630
miss_detection,75.0,80.0,120.0,130.0,constant,1.000000,,
distal,75.0,80.0,120.0,130.0,normal,0.000000,0.113883,0.071738
perpendicular,75.0,80.0,120.0,130.0,normal,0.000000,0.080888,0.055199
height,75.0,80.0,120.0,130.0,normal,0.000000,0.056859,0.035965
yaw,75.0,80.0,120.0,130.0,normal,0.000000,0.312987,0.100466
width,75.0,80.0,120.0,130.0,normal,0.000000,0.118622,0.088224
length,75.0,80.0,120.0,130.0,normal,0.000000,0.158192,0.108543
box_height,75.0,80.0,120.0,130.0,normal,0.000000,0.075459,0.051630
miss_detection,75.0,80.0,130.0,140.0,constant,1.000000,,
distal,75.0,80.0,130.0,140.0,normal,0.000000,0.113883,0.071738
perpendicular,75.0,80.0,130.0,140.0,normal,0.000000,0.080888,0.055199
height,75.0,80.0,130.0,140.0,normal,0.000000,0.056859,0.035965
yaw,75.0,80.0,130.0,140.0,normal,0.000000,0.312987,0.100466
width,75.0,80.0,130.0,140.0,normal,0.000000,0.118622,0.088224
length,75.0,80.0,130.0,140.0,normal,0.000000,0.158192,0.108543
box_height,75.0,80.0,130.0,140.0,normal,0.000000,0.075459,0.051630
miss_detection,75.0,80.0,140.0,150.0,constant,1.000000,,
distal,75.0,80.0,140.0,150.0,normal,0.000000,0.113883,0.071738
perpendicular,75.0,80.0,140.0,150.0,normal,0.000000,0.080888,0.055199
height,75.0,80.0,140.0,150.0,normal,0.000000,0.056859,0.035965
yaw,75.0,80.0,140.0,150.0,normal,0.000000,0.312987,0.100466
width,75.0,80.0,140.0,150.0,normal,0.000000,0.118622,0.088224
length,75.0,80.0,140.0,150.0,normal,0.000000,0.158192,0.108543
box_height,75.0,80.0,140.0,150.0,normal,0.000000,0.075459,0.051630
miss_detection,75.0,80.0,150.0,160.0,constant,1.000000,,
distal,75.0,80.0,150.0,160.0,normal,0.000000,0.113883,0.071738
perpendicular,75.0,80.0,150.0,160.0,normal,0.000000,0.080888,0.055199
height,75.0,80.0,150.0,160.0,normal,0.000000,0.056859,0.035965
yaw,75.0,80.0,150.0,160.0,normal,0.000000,0.312987,0.100466
width,75.0,80.0,150.0,160.0,normal,0.000000,0.118622,0.088224
length,75.0,80.0,150.0,160.0,normal,0.000000,0.158192,0.108543
box_height,75.0,80.0,150.0,160.0,normal,0.000000,0.075459,0.051630
miss_detection,75.0,80.0,160.0,170.0,constant,1.000000,,
distal,75.0,80.0,160.0,170.0,normal,0.000000,0.113883,0.071738
perpendicular,75.0,80.0,160.0,170.0,normal,0.000000,0.080888,0.055199
height,75.0,80.0,160.0,170.0,normal,0.000000,0.056859,0.035965
yaw,75.0,80.0,160.0,170.0,normal,0.000000,0.312987,0.100466
width,75.0,80.0,160.0,170.0,normal,0.000000,0.118622,0.088224
length,75.0,80.0,160.0,170.0,normal,0.000000,0.158192,0.108543
box_height,75.0,80.0,160.0,170.0,normal,0.000000,0.075459,0.051630
miss_detection,75.0,80.0,170.0,180.0,constant,1.000000,,
distal,75.0,80.0,170.0,180.0,normal,0.000000,0.113883,0.071738
perpendicular,75.0,80.0,170.0,180.0,normal,0.000000,0.080888,0.055199
height,75.0,80.0,170.0,180.0,normal,0.000000,0.056859,0.035965
yaw,75.0,80.0,170.0,180.0,normal,0.000000,0.312987,0.100466
width,75.0,80.0,170.0,180.0,normal,0.000000,0.118622,0.088224
length,75.0,80.0,170.0,180.0,normal,0.000000,0.158192,0.108543
box_height,75.0,80.0,170.0,180.0,normal,0.000000,0.075459,0.051630
miss_detection,80.0,85.0,-180.0,-170.0,constant,1.000000,,
distal,80.0,85.0,-180.0,-170.0,normal,0.000000,0.113883,0.071738
perpendicular,80.0,85.0,-180.0,-170.0,normal,0.000000,0.080888,0.055199
height,80.0,85.0,-180.0,-170.0,normal,0.000000,0.056859,0.035965
yaw,80.0,85.0,-180.0,-170.0,normal,0.000000,0.312987,0.100466
width,80.0,85.0,-180.0,-170.0,normal,0.000000,0.118622,0.088224
length,80.0,85.0,-180.0,-170.0,normal,0.000000,0.158192,0.108543
box_height,80.0,85.0,-180.0,-170.0,normal,0.000000,0.075459,0.051630
miss_detection,80.0,85.0,-170.0,-160.0,constant,1.000000,,
distal,80.0,85.0,-170.0,-160.0,normal,0.000000,0.113883,0.071738
perpendicular,80.0,85.0,-170.0,-160.0,normal,0.000000,0.080888,0.055199
height,80.0,85.0,-170.0,-160.0,normal,0.000000,0.056859,0.035965
yaw,80.0,85.0,-170.0,-160.0,normal,0.000000,0.312987,0.100466
width,80.0,85.0,-170.0,-160.0,normal,0.000000,0.118622,0.088224
length,80.0,85.0,-170.0,-160.0,normal,0.000000,0.158192,0.108543
box_height,80.0,85.0,-170.0,-160.0,normal,0.000000,0.075459,0.051630
miss_detection,80.0,85.0,-160.0,-150.0,constant,1.000000,,
distal,80.0,85.0,-160.0,-150.0,normal,0.000000,0.113883,0.071738
perpendicular,80.0,85.0,-160.0,-150.0,normal,0.000000,0.080888,0.055199
height,80.0,85.0,-160.0,-150.0,normal,0.000000,0.056859,0.035965
yaw,80.0,85.0,-160.0,-150.0,normal,0.000000,0.312987,0.100466
width,80.0,85.0,-160.0,-150.0,normal,0.000000,0.118622,0.088224
length,80.0,85.0,-160.0,-150.0,normal,0.000000,0.158192,0.108543
box_height,80.0,85.0,-160.0,-150.0,normal,0.000000,0.075459,0.051630
miss_detection,80.0,85.0,-150.0,-140.0,constant,1.000000,,
distal,80.0,85.0,-150.0,-140.0,normal,0.000000,0.113883,0.071738
perpendicular,80.0,85.0,-150.0,-140.0,normal,0.000000,0.080888,0.055199
height,80.0,85.0,-150.0,-140.0,normal,0.000000,0.056859,0.035965
yaw,80.0,85.0,-150.0,-140.0,normal,0.000000,0.312987,0.100466
width,80.0,85.0,-150.0,-140.0,normal,0.000000,0.118622,0.088224
length,80.0,85.0,-150.0,-140.0,normal,0.000000,0.158192,0.108543
box_height,80.0,85.0,-150.0,-140.0,normal,0.000000,0.075459,0.051630
miss_detection,80.0,85.0,-140.0,-130.0,constant,1.000000,,
distal,80.0,85.0,-140.0,-130.0,normal,0.000000,0.113883,0.071738
perpendicular,80.0,85.0,-140.0,-130.0,normal,0.000000,0.080888,0.055199
height,80.0,85.0,-140.0,-130.0,normal,0.000000,0.056859,0.035965
yaw,80.0,85.0,-140.0,-130.0,normal,0.000000,0.312987,0.100466
width,80.0,85.0,-140.0,-130.0,normal,0.000000,0.118622,0.088224
length,80.0,85.0,-140.0,-130.0,normal,0.000000,0.158192,0.108543
box_height,80.0,85.0,-140.0,-130.0,normal,0.000000,0.075459,0.051630
miss_detection,80.0,85.0,-130.0,-120.0,constant,1.000000,,
distal,80.0,85.0,-130.0,-120.0,normal,0.000000,0.113883,0.071738
perpendicular,80.0,85.0,-130.0,-120.0,normal,0.000000,0.080888,0.055199
height,80.0,85.0,-130.0,-120.0,normal,0.000000,0.056859,0.035965
yaw,80.0,85.0,-130.0,-120.0,normal,0.000000,0.312987,0.100466
width,80.0,85.0,-130.0,-120.0,normal,0.000000,0.118622,0.088224
length,80.0,85.0,-130.0,-120.0,normal,0.000000,0.158192,0.108543
box_height,80.0,85.0,-130.0,-120.0,normal,0.000000,0.075459,0.051630
miss_detection,80.0,85.0,-120.0,-110.0,constant,1.000000,,
distal,80.0,85.0,-120.0,-110.0,normal,0.000000,0.113883,0.071738
perpendicular,80.0,85.0,-120.0,-110.0,normal,0.000000,0.080888,0.055199
height,80.0,85.0,-120.0,-110.0,normal,0.000000,0.056859,0.035965
yaw,80.0,85.0,-120.0,-110.0,normal,0.000000,0.312987,0.100466
width,80.0,85.0,-120.0,-110.0,normal,0.000000,0.118622,0.088224
length,80.0,85.0,-120.0,-110.0,normal,0.000000,0.158192,0.108543
box_height,80.0,85.0,-120.0,-110.0,normal,0.000000,0.075459,0.051630
miss_detection,80.0,85.0,-110.0,-100.0,constant,1.000000,,
distal,80.0,85.0,-110.0,-100.0,normal,0.000000,0.113883,0.071738
perpendicular,80.0,85.0,-110.0,-100.0,normal,0.000000,0.080888,0.055199
height,80.0,85.0,-110.0,-100.0,normal,0.000000,0.056859,0.035965
yaw,80.0,85.0,-110.0,-100.0,normal,0.000000,0.312987,0.100466
width,80.0,85.0,-110.0,-100.0,normal,0.000000,0.118622,0.088224
length,80.0,85.0,-110.0,-100.0,normal,0.000000,0.158192,0.108543
box_height,80.0,85.0,-110.0,-100.0,normal,0.000000,0.075459,0.051630
miss_detection,80.0,85.0,-100.0,-90.0,constant,1.000000,,
distal,80.0,85.0,-100.0,-90.0,normal,0.000000,0.113883,0.071738
perpendicular,80.0,85.0,-100.0,-90.0,normal,0.000000,0.080888,0.055199
height,80.0,85.0,-100.0,-90.0,normal,0.000000,0.056859,0.035965
yaw,80.0,85.0,-100.0,-90.0,normal,0.000000,0.312987,0.100466
width,80.0,85.0,-100.0,-90.0,normal,0.000000,0.118622,0.088224
length,80.0,85.0,-100.0,-90.0,normal,0.000000,0.158192,0.108543
box_height,80.0,85.0,-100.0,-90.0,normal,0.000000,0.075459,0.051630
miss_detection,80.0,85.0,-90.0,-80.0,constant,1.000000,,
distal,80.0,85.0,-90.0,-80.0,normal,0.000000,0.113883,0.071738
perpendicular,80.0,85.0,-90.0,-80.0,normal,0.000000,0.080888,0.055199
height,80.0,85.0,-90.0,-80.0,normal,0.000000,0.056859,0.035965
yaw,80.0,85.0,-90.0,-80.0,normal,0.000000,0.312987,0.100466
width,80.0,85.0,-90.0,-80.0,normal,0.000000,0.118622,0.088224
length,80.0,85.0,-90.0,-80.0,normal,0.000000,0.158192,0.108543
box_height,80.0,85.0,-90.0,-80.0,normal,0.000000,0.075459,0.051630
miss_detection,80.0,85.0,-80.0,-70.0,constant,1.000000,,
distal,80.0,85.0,-80.0,-70.0,normal,0.000000,0.113883,0.071738
perpendicular,80.0,85.0,-80.0,-70.0,normal,0.000000,0.080888,0.055199
height,80.0,85.0,-80.0,-70.0,normal,0.000000,0.056859,0.035965
yaw,80.0,85.0,-80.0,-70.0,normal,0.000000,0.312987,0.100466
width,80.0,85.0,-80.0,-70.0,normal,0.000000,0.118622,0.088224
length,80.0,85.0,-80.0,-70.0,normal,0.000000,0.158192,0.108543
box_height,80.0,85.0,-80.0,-70.0,normal,0.000000,0.075459,0.051630
miss_detection,80.0,85.0,-70.0,-60.0,constant,1.000000,,
distal,80.0,85.0,-70.0,-60.0,normal,0.000000,0.113883,0.071738
perpendicular,80.0,85.0,-70.0,-60.0,normal,0.000000,0.080888,0.055199
height,80.0,85.0,-70.0,-60.0,normal,0.000000,0.056859,0.035965
yaw,80.0,85.0,-70.0,-60.0,normal,0.000000,0.312987,0.100466
width,80.0,85.0,-70.0,-60.0,normal,0.000000,0.118622,0.088224
length,80.0,85.0,-70.0,-60.0,normal,0.000000,0.158192,0.108543
box_height,80.0,85.0,-70.0,-60.0,normal,0.000000,0.075459,0.051630
miss_detection,80.0,85.0,-60.0,-50.0,constant,1.000000,,
distal,80.0,85.0,-60.0,-50.0,normal,0.000000,0.113883,0.071738
perpendicular,80.0,85.0,-60.0,-50.0,normal,0.000000,0.080888,0.055199
height,80.0,85.0,-60.0,-50.0,normal,0.000000,0.056859,0.035965
yaw,80.0,85.0,-60.0,-50.0,normal,0.000000,0.312987,0.100466
width,80.0,85.0,-60.0,-50.0,normal,0.000000,0.118622,0.088224
length,80.0,85.0,-60.0,-50.0,normal,0.000000,0.158192,0.108543
box_height,80.0,85.0,-60.0,-50.0,normal,0.000000,0.075459,0.051630
miss_detection,80.0,85.0,-50.0,-40.0,constant,1.000000,,
distal,80.0,85.0,-50.0,-40.0,normal,0.000000,0.113883,0.071738
perpendicular,80.0,85.0,-50.0,-40.0,normal,0.000000,0.080888,0.055199
height,80.0,85.0,-50.0,-40.0,normal,0.000000,0.056859,0.035965
yaw,80.0,85.0,-50.0,-40.0,normal,0.000000,0.312987,0.100466
width,80.0,85.0,-50.0,-40.0,normal,0.000000,0.118622,0.088224
length,80.0,85.0,-50.0,-40.0,normal,0.000000,0.158192,0.108543
box_height,80.0,85.0,-50.0,-40.0,normal,0.000000,0.075459,0.051630
miss_detection,80.0,85.0,-40.0,-30.0,constant,1.000000,,
distal,80.0,85.0,-40.0,-30.0,normal,0.000000,0.113883,0.071738
perpendicular,80.0,85.0,-40.0,-30.0,normal,0.000000,0.080888,0.055199
height,80.0,85.0,-40.0,-30.0,normal,0.000000,0.056859,0.035965
yaw,80.0,85.0,-40.0,-30.0,normal,0.000000,0.312987,0.100466
width,80.0,85.0,-40.0,-30.0,normal,0.000000,0.118622,0.088224
length,80.0,85.0,-40.0,-30.0,normal,0.000000,0.158192,0.108543
box_height,80.0,85.0,-40.0,-30.0,normal,0.000000,0.075459,0.051630
miss_detection,80.0,85.0,-30.0,-20.0,constant,1.000000,,
distal,80.0,85.0,-30.0,-20.0,normal,0.000000,0.113883,0.071738
perpendicular,80.0,85.0,-30.0,-20.0,normal,0.000000,0.080888,0.055199
height,80.0,85.0,-30.0,-20.0,normal,0.000000,0.056859,0.035965
yaw,80.0,85.0,-30.0,-20.0,normal,0.000000,0.312987,0.100466
width,80.0,85.0,-30.0,-20.0,normal,0.000000,0.118622,0.088224
length,80.0,85.0,-30.0,-20.0,normal,0.000000,0.158192,0.108543
box_height,80.0,85.0,-30.0,-20.0,normal,0.000000,0.075459,0.051630
miss_detection,80.0,85.0,-20.0,-10.0,constant,1.000000,,
distal,80.0,85.0,-20.0,-10.0,normal,0.000000,0.113883,0.071738
perpendicular,80.0,85.0,-20.0,-10.0,normal,0.000000,0.080888,0.055199
height,80.0,85.0,-20.0,-10.0,normal,0.000000,0.056859,0.035965
yaw,80.0,85.0,-20.0,-10.0,normal,0.000000,0.312987,0.100466
width,80.0,85.0,-20.0,-10.0,normal,0.000000,0.118622,0.088224
length,80.0,85.0,-20.0,-10.0,normal,0.000000,0.158192,0.108543
box_height,80.0,85.0,-20.0,-10.0,normal,0.000000,0.075459,0.051630
miss_detection,80.0,85.0,-10.0,0.0,constant,0.181159,,
distal,80.0,85.0,-10.0,0.0,normal,0.000000,0.062145,0.051091
perpendicular,80.0,85.0,-10.0,0.0,normal,0.000000,0.120390,0.089315
height,80.0,85.0,-10.0,0.0,normal,0.000000,0.078616,0.062172
yaw,80.0,85.0,-10.0,0.0,normal,0.000000,0.064845,0.049497
width,80.0,85.0,-10.0,0.0,normal,0.000000,0.155639,0.119650
length,80.0,85.0,-10.0,0.0,normal,0.000000,0.112627,0.118515
box_height,80.0,85.0,-10.0,0.0,normal,0.000000,0.120266,0.084125
miss_detection,80.0,85.0,0.0,10.0,constant,0.116071,,
distal,80.0,85.0,0.0,10.0,normal,0.000000,0.067277,0.050030
perpendicular,80.0,85.0,0.0,10.0,normal,0.000000,0.100526,0.076551
height,80.0,85.0,0.0,10.0,normal,0.000000,0.108808,0.072665
yaw,80.0,85.0,0.0,10.0,normal,0.000000,0.050166,0.038967
width,80.0,85.0,0.0,10.0,normal,0.000000,0.146632,0.116761
length,80.0,85.0,0.0,10.0,normal,0.000000,0.099927,0.092190
box_height,80.0,85.0,0.0,10.0,normal,0.000000,0.151488,0.099989
miss_detection,80.0,85.0,10.0,20.0,constant,0.406872,,
distal,80.0,85.0,10.0,20.0,normal,0.000000,0.121450,0.080272
perpendicular,80.0,85.0,10.0,20.0,normal,0.000000,0.150773,0.111886
height,80.0,85.0,10.0,20.0,normal,0.000000,0.083765,0.061106
yaw,80.0,85.0,10.0,20.0,normal,0.000000,0.062176,0.089046
width,80.0,85.0,10.0,20.0,normal,0.000000,0.168292,0.134870
length,80.0,85.0,10.0,20.0,normal,0.000000,0.160624,0.111711
box_height,80.0,85.0,10.0,20.0,normal,0.000000,0.108981,0.084886
miss_detection,80.0,85.0,20.0,30.0,constant,1.000000,,
distal,80.0,85.0,20.0,30.0,normal,0.000000,0.113883,0.071738
perpendicular,80.0,85.0,20.0,30.0,normal,0.000000,0.080888,0.055199
height,80.0,85.0,20.0,30.0,normal,0.000000,0.056859,0.035965
yaw,80.0,85.0,20.0,30.0,normal,0.000000,0.312987,0.100466
width,80.0,85.0,20.0,30.0,normal,0.000000,0.118622,0.088224
length,80.0,85.0,20.0,30.0,normal,0.000000,0.158192,0.108543
box_height,80.0,85.0,20.0,30.0,normal,0.000000,0.075459,0.051630
miss_detection,80.0,85.0,30.0,40.0,constant,1.000000,,
distal,80.0,85.0,30.0,40.0,normal,0.000000,0.113883,0.071738
perpendicular,80.0,85.0,30.0,40.0,normal,0.000000,0.080888,0.055199
height,80.0,85.0,30.0,40.0,normal,0.000000,0.056859,0.035965
yaw,80.0,85.0,30.0,40.0,normal,0.000000,0.312987,0.100466
width,80.0,85.0,30.0,40.0,normal,0.000000,0.118622,0.088224
length,80.0,85.0,30.0,40.0,normal,0.000000,0.158192,0.108543
box_height,80.0,85.0,30.0,40.0,normal,0.000000,0.075459,0.051630
miss_detection,80.0,85.0,40.0,50.0,constant,1.000000,,
distal,80.0,85.0,40.0,50.0,normal,0.000000,0.113883,0.071738
perpendicular,80.0,85.0,40.0,50.0,normal,0.000000,0.080888,0.055199
height,80.0,85.0,40.0,50.0,normal,0.000000,0.056859,0.035965
yaw,80.0,85.0,40.0,50.0,normal,0.000000,0.312987,0.100466
width,80.0,85.0,40.0,50.0,normal,0.000000,0.118622,0.088224
length,80.0,85.0,40.0,50.0,normal,0.000000,0.158192,0.108543
box_height,80.0,85.0,40.0,50.0,normal,0.000000,0.075459,0.051630
miss_detection,80.0,85.0,50.0,60.0,constant,1.000000,,
distal,80.0,85.0,50.0,60.0,normal,0.000000,0.113883,0.071738
perpendicular,80.0,85.0,50.0,60.0,normal,0.000000,0.080888,0.055199
height,80.0,85.0,50.0,60.0,normal,0.000000,0.056859,0.035965
yaw,80.0,85.0,50.0,60.0,normal,0.000000,0.312987,0.100466
width,80.0,85.0,50.0,60.0,normal,0.000000,0.118622,0.088224
length,80.0,85.0,50.0,60.0,normal,0.000000,0.158192,0.108543
box_height,80.0,85.0,50.0,60.0,normal,0.000000,0.075459,0.051630
miss_detection,80.0,85.0,60.0,70.0,constant,1.000000,,
distal,80.0,85.0,60.0,70.0,normal,0.000000,0.113883,0.071738
perpendicular,80.0,85.0,60.0,70.0,normal,0.000000,0.080888,0.055199
height,80.0,85.0,60.0,70.0,normal,0.000000,0.056859,0.035965
yaw,80.0,85.0,60.0,70.0,normal,0.000000,0.312987,0.100466
width,80.0,85.0,60.0,70.0,normal,0.000000,0.118622,0.088224
length,80.0,85.0,60.0,70.0,normal,0.000000,0.158192,0.108543
box_height,80.0,85.0,60.0,70.0,normal,0.000000,0.075459,0.051630
miss_detection,80.0,85.0,70.0,80.0,constant,1.000000,,
distal,80.0,85.0,70.0,80.0,normal,0.000000,0.113883,0.071738
perpendicular,80.0,85.0,70.0,80.0,normal,0.000000,0.080888,0.055199
height,80.0,85.0,70.0,80.0,normal,0.000000,0.056859,0.035965
yaw,80.0,85.0,70.0,80.0,normal,0.000000,0.312987,0.100466
width,80.0,85.0,70.0,80.0,normal,0.000000,0.118622,0.088224
length,80.0,85.0,70.0,80.0,normal,0.000000,0.158192,0.108543
box_height,80.0,85.0,70.0,80.0,normal,0.000000,0.075459,0.051630
miss_detection,80.0,85.0,80.0,90.0,constant,1.000000,,
distal,80.0,85.0,80.0,90.0,normal,0.000000,0.113883,0.071738
perpendicular,80.0,85.0,80.0,90.0,normal,0.000000,0.080888,0.055199
height,80.0,85.0,80.0,90.0,normal,0.000000,0.056859,0.035965
yaw,80.0,85.0,80.0,90.0,normal,0.000000,0.312987,0.100466
width,80.0,85.0,80.0,90.0,normal,0.000000,0.118622,0.088224
length,80.0,85.0,80.0,90.0,normal,0.000000,0.158192,0.108543
box_height,80.0,85.0,80.0,90.0,normal,0.000000,0.075459,0.051630
miss_detection,80.0,85.0,90.0,100.0,constant,1.000000,,
distal,80.0,85.0,90.0,100.0,normal,0.000000,0.113883,0.071738
perpendicular,80.0,85.0,90.0,100.0,normal,0.000000,0.080888,0.055199
height,80.0,85.0,90.0,100.0,normal,0.000000,0.056859,0.035965
yaw,80.0,85.0,90.0,100.0,normal,0.000000,0.312987,0.100466
width,80.0,85.0,90.0,100.0,normal,0.000000,0.118622,0.088224
length,80.0,85.0,90.0,100.0,normal,0.000000,0.158192,0.108543
box_height,80.0,85.0,90.0,100.0,normal,0.000000,0.075459,0.051630
miss_detection,80.0,85.0,100.0,110.0,constant,1.000000,,
distal,80.0,85.0,100.0,110.0,normal,0.000000,0.113883,0.071738
perpendicular,80.0,85.0,100.0,110.0,normal,0.000000,0.080888,0.055199
height,80.0,85.0,100.0,110.0,normal,0.000000,0.056859,0.035965
yaw,80.0,85.0,100.0,110.0,normal,0.000000,0.312987,0.100466
width,80.0,85.0,100.0,110.0,normal,0.000000,0.118622,0.088224
length,80.0,85.0,100.0,110.0,normal,0.000000,0.158192,0.108543
box_height,80.0,85.0,100.0,110.0,normal,0.000000,0.075459,0.051630
miss_detection,80.0,85.0,110.0,120.0,constant,1.000000,,
distal,80.0,85.0,110.0,120.0,normal,0.000000,0.113883,0.071738
perpendicular,80.0,85.0,110.0,120.0,normal,0.000000,0.080888,0.055199
height,80.0,85.0,110.0,120.0,normal,0.000000,0.056859,0.035965
yaw,80.0,85.0,110.0,120.0,normal,0.000000,0.312987,0.100466
width,80.0,85.0,110.0,120.0,normal,0.000000,0.118622,0.088224
length,80.0,85.0,110.0,120.0,normal,0.000000,0.158192,0.108543
box_height,80.0,85.0,110.0,120.0,normal,0.000000,0.075459,0.051630
miss_detection,80.0,85.0,120.0,130.0,constant,1.000000,,
distal,80.0,85.0,120.0,130.0,normal,0.000000,0.113883,0.071738
perpendicular,80.0,85.0,120.0,130.0,normal,0.000000,0.080888,0.055199
height,80.0,85.0,120.0,130.0,normal,0.000000,0.056859,0.035965
yaw,80.0,85.0,120.0,130.0,normal,0.000000,0.312987,0.100466
width,80.0,85.0,120.0,130.0,normal,0.000000,0.118622,0.088224
length,80.0,85.0,120.0,130.0,normal,0.000000,0.158192,0.108543
box_height,80.0,85.0,120.0,130.0,normal,0.000000,0.075459,0.051630
miss_detection,80.0,85.0,130.0,140.0,constant,1.000000,,
distal,80.0,85.0,130.0,140.0,normal,0.000000,0.113883,0.071738
perpendicular,80.0,85.0,130.0,140.0,normal,0.000000,0.080888,0.055199
height,80.0,85.0,130.0,140.0,normal,0.000000,0.056859,0.035965
yaw,80.0,85.0,130.0,140.0,normal,0.000000,0.312987,0.100466
width,80.0,85.0,130.0,140.0,normal,0.000000,0.118622,0.088224
length,80.0,85.0,130.0,140.0,normal,0.000000,0.158192,0.108543
box_height,80.0,85.0,130.0,140.0,normal,0.000000,0.075459,0.051630
miss_detection,80.0,85.0,140.0,150.0,constant,1.000000,,
distal,80.0,85.0,140.0,150.0,normal,0.000000,0.113883,0.071738
perpendicular,80.0,85.0,140.0,150.0,normal,0.000000,0.080888,0.055199
height,80.0,85.0,140.0,150.0,normal,0.000000,0.056859,0.035965
yaw,80.0,85.0,140.0,150.0,normal,0.000000,0.312987,0.100466
width,80.0,85.0,140.0,150.0,normal,0.000000,0.118622,0.088224
length,80.0,85.0,140.0,150.0,normal,0.000000,0.158192,0.108543
box_height,80.0,85.0,140.0,150.0,normal,0.000000,0.075459,0.051630
miss_detection,80.0,85.0,150.0,160.0,constant,1.000000,,
distal,80.0,85.0,150.0,160.0,normal,0.000000,0.113883,0.071738
perpendicular,80.0,85.0,150.0,160.0,normal,0.000000,0.080888,0.055199
height,80.0,85.0,150.0,160.0,normal,0.000000,0.056859,0.035965
yaw,80.0,85.0,150.0,160.0,normal,0.000000,0.312987,0.100466
width,80.0,85.0,150.0,160.0,normal,0.000000,0.118622,0.088224
length,80.0,85.0,150.0,160.0,normal,0.000000,0.158192,0.108543
box_height,80.0,85.0,150.0,160.0,normal,0.000000,0.075459,0.051630
miss_detection,80.0,85.0,160.0,170.0,constant,1.000000,,
distal,80.0,85.0,160.0,170.0,normal,0.000000,0.113883,0.071738
perpendicular,80.0,85.0,160.0,170.0,normal,0.000000,0.080888,0.055199
height,80.0,85.0,160.0,170.0,normal,0.000000,0.056859,0.035965
yaw,80.0,85.0,160.0,170.0,normal,0.000000,0.312987,0.100466
width,80.0,85.0,160.0,170.0,normal,0.000000,0.118622,0.088224
length,80.0,85.0,160.0,170.0,normal,0.000000,0.158192,0.108543
box_height,80.0,85.0,160.0,170.0,normal,0.000000,0.075459,0.051630
miss_detection,80.0,85.0,170.0,180.0,constant,1.000000,,
distal,80.0,85.0,170.0,180.0,normal,0.000000,0.113883,0.071738
perpendicular,80.0,85.0,170.0,180.0,normal,0.000000,0.080888,0.055199
height,80.0,85.0,170.0,180.0,normal,0.000000,0.056859,0.035965
yaw,80.0,85.0,170.0,180.0,normal,0.000000,0.312987,0.100466
width,80.0,85.0,170.0,180.0,normal,0.000000,0.118622,0.088224
length,80.0,85.0,170.0,180.0,normal,0.000000,0.158192,0.108543
box_height,80.0,85.0,170.0,180.0,normal,0.000000,0.075459,0.051630
miss_detection,85.0,90.0,-180.0,-170.0,constant,1.000000,,
distal,85.0,90.0,-180.0,-170.0,normal,0.000000,0.113883,0.071738
perpendicular,85.0,90.0,-180.0,-170.0,normal,0.000000,0.080888,0.055199
height,85.0,90.0,-180.0,-170.0,normal,0.000000,0.056859,0.035965
yaw,85.0,90.0,-180.0,-170.0,normal,0.000000,0.312987,0.100466
width,85.0,90.0,-180.0,-170.0,normal,0.000000,0.118622,0.088224
length,85.0,90.0,-180.0,-170.0,normal,0.000000,0.158192,0.108543
box_height,85.0,90.0,-180.0,-170.0,normal,0.000000,0.075459,0.051630
miss_detection,85.0,90.0,-170.0,-160.0,constant,1.000000,,
distal,85.0,90.0,-170.0,-160.0,normal,0.000000,0.113883,0.071738
perpendicular,85.0,90.0,-170.0,-160.0,normal,0.000000,0.080888,0.055199
height,85.0,90.0,-170.0,-160.0,normal,0.000000,0.056859,0.035965
yaw,85.0,90.0,-170.0,-160.0,normal,0.000000,0.312987,0.100466
width,85.0,90.0,-170.0,-160.0,normal,0.000000,0.118622,0.088224
length,85.0,90.0,-170.0,-160.0,normal,0.000000,0.158192,0.108543
box_height,85.0,90.0,-170.0,-160.0,normal,0.000000,0.075459,0.051630
miss_detection,85.0,90.0,-160.0,-150.0,constant,1.000000,,
distal,85.0,90.0,-160.0,-150.0,normal,0.000000,0.113883,0.071738
perpendicular,85.0,90.0,-160.0,-150.0,normal,0.000000,0.080888,0.055199
height,85.0,90.0,-160.0,-150.0,normal,0.000000,0.056859,0.035965
yaw,85.0,90.0,-160.0,-150.0,normal,0.000000,0.312987,0.100466
width,85.0,90.0,-160.0,-150.0,normal,0.000000,0.118622,0.088224
length,85.0,90.0,-160.0,-150.0,normal,0.000000,0.158192,0.108543
box_height,85.0,90.0,-160.0,-150.0,normal,0.000000,0.075459,0.051630
miss_detection,85.0,90.0,-150.0,-140.0,constant,1.000000,,
distal,85.0,90.0,-150.0,-140.0,normal,0.000000,0.113883,0.071738
perpendicular,85.0,90.0,-150.0,-140.0,normal,0.000000,0.080888,0.055199
height,85.0,90.0,-150.0,-140.0,normal,0.000000,0.056859,0.035965
yaw,85.0,90.0,-150.0,-140.0,normal,0.000000,0.312987,0.100466
width,85.0,90.0,-150.0,-140.0,normal,0.000000,0.118622,0.088224
length,85.0,90.0,-150.0,-140.0,normal,0.000000,0.158192,0.108543
box_height,85.0,90.0,-150.0,-140.0,normal,0.000000,0.075459,0.051630
miss_detection,85.0,90.0,-140.0,-130.0,constant,1.000000,,
distal,85.0,90.0,-140.0,-130.0,normal,0.000000,0.113883,0.071738
perpendicular,85.0,90.0,-140.0,-130.0,normal,0.000000,0.080888,0.055199
height,85.0,90.0,-140.0,-130.0,normal,0.000000,0.056859,0.035965
yaw,85.0,90.0,-140.0,-130.0,normal,0.000000,0.312987,0.100466
width,85.0,90.0,-140.0,-130.0,normal,0.000000,0.118622,0.088224
length,85.0,90.0,-140.0,-130.0,normal,0.000000,0.158192,0.108543
box_height,85.0,90.0,-140.0,-130.0,normal,0.000000,0.075459,0.051630
miss_detection,85.0,90.0,-130.0,-120.0,constant,1.000000,,
distal,85.0,90.0,-130.0,-120.0,normal,0.000000,0.113883,0.071738
perpendicular,85.0,90.0,-130.0,-120.0,normal,0.000000,0.080888,0.055199
height,85.0,90.0,-130.0,-120.0,normal,0.000000,0.056859,0.035965
yaw,85.0,90.0,-130.0,-120.0,normal,0.000000,0.312987,0.100466
width,85.0,90.0,-130.0,-120.0,normal,0.000000,0.118622,0.088224
length,85.0,90.0,-130.0,-120.0,normal,0.000000,0.158192,0.108543
box_height,85.0,90.0,-130.0,-120.0,normal,0.000000,0.075459,0.051630
miss_detection,85.0,90.0,-120.0,-110.0,constant,1.000000,,
distal,85.0,90.0,-120.0,-110.0,normal,0.000000,0.113883,0.071738
perpendicular,85.0,90.0,-120.0,-110.0,normal,0.000000,0.080888,0.055199
height,85.0,90.0,-120.0,-110.0,normal,0.000000,0.056859,0.035965
yaw,85.0,90.0,-120.0,-110.0,normal,0.000000,0.312987,0.100466
width,85.0,90.0,-120.0,-110.0,normal,0.000000,0.118622,0.088224
length,85.0,90.0,-120.0,-110.0,normal,0.000000,0.158192,0.108543
box_height,85.0,90.0,-120.0,-110.0,normal,0.000000,0.075459,0.051630
miss_detection,85.0,90.0,-110.0,-100.0,constant,1.000000,,
distal,85.0,90.0,-110.0,-100.0,normal,0.000000,0.113883,0.071738
perpendicular,85.0,90.0,-110.0,-100.0,normal,0.000000,0.080888,0.055199
height,85.0,90.0,-110.0,-100.0,normal,0.000000,0.056859,0.035965
yaw,85.0,90.0,-110.0,-100.0,normal,0.000000,0.312987,0.100466
width,85.0,90.0,-110.0,-100.0,normal,0.000000,0.118622,0.088224
length,85.0,90.0,-110.0,-100.0,normal,0.000000,0.158192,0.108543
box_height,85.0,90.0,-110.0,-100.0,normal,0.000000,0.075459,0.051630
miss_detection,85.0,90.0,-100.0,-90.0,constant,1.000000,,
distal,85.0,90.0,-100.0,-90.0,normal,0.000000,0.113883,0.071738
perpendicular,85.0,90.0,-100.0,-90.0,normal,0.000000,0.080888,0.055199
height,85.0,90.0,-100.0,-90.0,normal,0.000000,0.056859,0.035965
yaw,85.0,90.0,-100.0,-90.0,normal,0.000000,0.312987,0.100466
width,85.0,90.0,-100.0,-90.0,normal,0.000000,0.118622,0.088224
length,85.0,90.0,-100.0,-90.0,normal,0.000000,0.158192,0.108543
box_height,85.0,90.0,-100.0,-90.0,normal,0.000000,0.075459,0.051630
miss_detection,85.0,90.0,-90.0,-80.0,constant,1.000000,,
distal,85.0,90.0,-90.0,-80.0,normal,0.000000,0.113883,0.071738
perpendicular,85.0,90.0,-90.0,-80.0,normal,0.000000,0.080888,0.055199
height,85.0,90.0,-90.0,-80.0,normal,0.000000,0.056859,0.035965
yaw,85.0,90.0,-90.0,-80.0,normal,0.000000,0.312987,0.100466
width,85.0,90.0,-90.0,-80.0,normal,0.000000,0.118622,0.088224
length,85.0,90.0,-90.0,-80.0,normal,0.000000,0.158192,0.108543
box_height,85.0,90.0,-90.0,-80.0,normal,0.000000,0.075459,0.051630
miss_detection,85.0,90.0,-80.0,-70.0,constant,1.000000,,
distal,85.0,90.0,-80.0,-70.0,normal,0.000000,0.113883,0.071738
perpendicular,85.0,90.0,-80.0,-70.0,normal,0.000000,0.080888,0.055199
height,85.0,90.0,-80.0,-70.0,normal,0.000000,0.056859,0.035965
yaw,85.0,90.0,-80.0,-70.0,normal,0.000000,0.312987,0.100466
width,85.0,90.0,-80.0,-70.0,normal,0.000000,0.118622,0.088224
length,85.0,90.0,-80.0,-70.0,normal,0.000000,0.158192,0.108543
box_height,85.0,90.0,-80.0,-70.0,normal,0.000000,0.075459,0.051630
miss_detection,85.0,90.0,-70.0,-60.0,constant,1.000000,,
distal,85.0,90.0,-70.0,-60.0,normal,0.000000,0.113883,0.071738
perpendicular,85.0,90.0,-70.0,-60.0,normal,0.000000,0.080888,0.055199
height,85.0,90.0,-70.0,-60.0,normal,0.000000,0.056859,0.035965
yaw,85.0,90.0,-70.0,-60.0,normal,0.000000,0.312987,0.100466
width,85.0,90.0,-70.0,-60.0,normal,0.000000,0.118622,0.088224
length,85.0,90.0,-70.0,-60.0,normal,0.000000,0.158192,0.108543
box_height,85.0,90.0,-70.0,-60.0,normal,0.000000,0.075459,0.051630
miss_detection,85.0,90.0,-60.0,-50.0,constant,1.000000,,
distal,85.0,90.0,-60.0,-50.0,normal,0.000000,0.113883,0.071738
perpendicular,85.0,90.0,-60.0,-50.0,normal,0.000000,0.080888,0.055199
height,85.0,90.0,-60.0,-50.0,normal,0.000000,0.056859,0.035965
yaw,85.0,90.0,-60.0,-50.0,normal,0.000000,0.312987,0.100466
width,85.0,90.0,-60.0,-50.0,normal,0.000000,0.118622,0.088224
length,85.0,90.0,-60.0,-50.0,normal,0.000000,0.158192,0.108543
box_height,85.0,90.0,-60.0,-50.0,normal,0.000000,0.075459,0.051630
miss_detection,85.0,90.0,-50.0,-40.0,constant,1.000000,,
distal,85.0,90.0,-50.0,-40.0,normal,0.000000,0.113883,0.071738
perpendicular,85.0,90.0,-50.0,-40.0,normal,0.000000,0.080888,0.055199
height,85.0,90.0,-50.0,-40.0,normal,0.000000,0.056859,0.035965
yaw,85.0,90.0,-50.0,-40.0,normal,0.000000,0.312987,0.100466
width,85.0,90.0,-50.0,-40.0,normal,0.000000,0.118622,0.088224
length,85.0,90.0,-50.0,-40.0,normal,0.000000,0.158192,0.108543
box_height,85.0,90.0,-50.0,-40.0,normal,0.000000,0.075459,0.051630
miss_detection,85.0,90.0,-40.0,-30.0,constant,1.000000,,
distal,85.0,90.0,-40.0,-30.0,normal,0.000000,0.113883,0.071738
perpendicular,85.0,90.0,-40.0,-30.0,normal,0.000000,0.080888,0.055199
height,85.0,90.0,-40.0,-30.0,normal,0.000000,0.056859,0.035965
yaw,85.0,90.0,-40.0,-30.0,normal,0.000000,0.312987,0.100466
width,85.0,90.0,-40.0,-30.0,normal,0.000000,0.118622,0.088224
length,85.0,90.0,-40.0,-30.0,normal,0.000000,0.158192,0.108543
box_height,85.0,90.0,-40.0,-30.0,normal,0.000000,0.075459,0.051630
miss_detection,85.0,90.0,-30.0,-20.0,constant,1.000000,,
distal,85.0,90.0,-30.0,-20.0,normal,0.000000,0.113883,0.071738
perpendicular,85.0,90.0,-30.0,-20.0,normal,0.000000,0.080888,0.055199
height,85.0,90.0,-30.0,-20.0,normal,0.000000,0.056859,0.035965
yaw,85.0,90.0,-30.0,-20.0,normal,0.000000,0.312987,0.100466
width,85.0,90.0,-30.0,-20.0,normal,0.000000,0.118622,0.088224
length,85.0,90.0,-30.0,-20.0,normal,0.000000,0.158192,0.108543
box_height,85.0,90.0,-30.0,-20.0,normal,0.000000,0.075459,0.051630
miss_detection,85.0,90.0,-20.0,-10.0,constant,1.000000,,
distal,85.0,90.0,-20.0,-10.0,normal,0.000000,0.113883,0.071738
perpendicular,85.0,90.0,-20.0,-10.0,normal,0.000000,0.080888,0.055199
height,85.0,90.0,-20.0,-10.0,normal,0.000000,0.056859,0.035965
yaw,85.0,90.0,-20.0,-10.0,normal,0.000000,0.312987,0.100466
width,85.0,90.0,-20.0,-10.0,normal,0.000000,0.118622,0.088224
length,85.0,90.0,-20.0,-10.0,normal,0.000000,0.158192,0.108543
box_height,85.0,90.0,-20.0,-10.0,normal,0.000000,0.075459,0.051630
miss_detection,85.0,90.0,-10.0,0.0,constant,0.180328,,
distal,85.0,90.0,-10.0,0.0,normal,0.000000,0.073178,0.056550
perpendicular,85.0,90.0,-10.0,0.0,normal,0.000000,0.096794,0.074344
height,85.0,90.0,-10.0,0.0,normal,0.000000,0.092336,0.072389
yaw,85.0,90.0,-10.0,0.0,normal,0.000000,0.050448,0.040310
width,85.0,90.0,-10.0,0.0,normal,0.000000,0.155369,0.119903
length,85.0,90.0,-10.0,0.0,normal,0.000000,0.123856,0.117548
box_height,85.0,90.0,-10.0,0.0,normal,0.000000,0.102695,0.079256
miss_detection,85.0,90.0,0.0,10.0,constant,0.697947,,
distal,85.0,90.0,0.0,10.0,normal,0.000000,0.176522,0.080807
perpendicular,85.0,90.0,0.0,10.0,normal,0.000000,0.127690,0.101521
height,85.0,90.0,0.0,10.0,normal,0.000000,0.084916,0.063339
yaw,85.0,90.0,0.0,10.0,normal,0.000000,0.053583,0.044028
width,85.0,90.0,0.0,10.0,normal,0.000000,0.162465,0.130951
length,85.0,90.0,0.0,10.0,normal,0.000000,0.225791,0.125352
box_height,85.0,90.0,0.0,10.0,normal,0.000000,0.114789,0.088701
miss_detection,85.0,90.0,10.0,20.0,constant,0.566745,,
distal,85.0,90.0,10.0,20.0,normal,0.000000,0.110886,0.082547
perpendicular,85.0,90.0,10.0,20.0,normal,0.000000,0.125045,0.099186
height,85.0,90.0,10.0,20.0,normal,0.000000,0.234498,0.154870
yaw,85.0,90.0,10.0,20.0,normal,0.000000,0.081034,0.074455
width,85.0,90.0,10.0,20.0,normal,0.000000,0.164837,0.142510
length,85.0,90.0,10.0,20.0,normal,0.000000,0.169439,0.125059
box_height,85.0,90.0,10.0,20.0,normal,0.000000,0.145432,0.122517
miss_detection,85.0,90.0,20.0,30.0,constant,1.000000,,
distal,85.0,90.0,20.0,30.0,normal,0.000000,0.113883,0.071738
perpendicular,85.0,90.0,20.0,30.0,normal,0.000000,0.080888,0.055199
height,85.0,90.0,20.0,30.0,normal,0.000000,0.056859,0.035965
yaw,85.0,90.0,20.0,30.0,normal,0.000000,0.312987,0.100466
width,85.0,90.0,20.0,30.0,normal,0.000000,0.118622,0.088224
length,85.0,90.0,20.0,30.0,normal,0.000000,0.158192,0.108543
box_height,85.0,90.0,20.0,30.0,normal,0.000000,0.075459,0.051630
miss_detection,85.0,90.0,30.0,40.0,constant,1.000000,,
distal,85.0,90.0,30.0,40.0,normal,0.000000,0.113883,0.071738
perpendicular,85.0,90.0,30.0,40.0,normal,0.000000,0.080888,0.055199
height,85.0,90.0,30.0,40.0,normal,0.000000,0.056859,0.035965
yaw,85.0,90.0,30.0,40.0,normal,0.000000,0.312987,0.100466
width,85.0,90.0,30.0,40.0,normal,0.000000,0.118622,0.088224
length,85.0,90.0,30.0,40.0,normal,0.000000,0.158192,0.108543
box_height,85.0,90.0,30.0,40.0,normal,0.000000,0.075459,0.051630
miss_detection,85.0,90.0,40.0,50.0,constant,1.000000,,
distal,85.0,90.0,40.0,50.0,normal,0.000000,0.113883,0.071738
perpendicular,85.0,90.0,40.0,50.0,normal,0.000000,0.080888,0.055199
height,85.0,90.0,40.0,50.0,normal,0.000000,0.056859,0.035965
yaw,85.0,90.0,40.0,50.0,normal,0.000000,0.312987,0.100466
width,85.0,90.0,40.0,50.0,normal,0.000000,0.118622,0.088224
length,85.0,90.0,40.0,50.0,normal,0.000000,0.158192,0.108543
box_height,85.0,90.0,40.0,50.0,normal,0.000000,0.075459,0.051630
miss_detection,85.0,90.0,50.0,60.0,constant,1.000000,,
distal,85.0,90.0,50.0,60.0,normal,0.000000,0.113883,0.071738
perpendicular,85.0,90.0,50.0,60.0,normal,0.000000,0.080888,0.055199
height,85.0,90.0,50.0,60.0,normal,0.000000,0.056859,0.035965
yaw,85.0,90.0,50.0,60.0,normal,0.000000,0.312987,0.100466
width,85.0,90.0,50.0,60.0,normal,0.000000,0.118622,0.088224
length,85.0,90.0,50.0,60.0,normal,0.000000,0.158192,0.108543
box_height,85.0,90.0,50.0,60.0,normal,0.000000,0.075459,0.051630
miss_detection,85.0,90.0,60.0,70.0,constant,1.000000,,
distal,85.0,90.0,60.0,70.0,normal,0.000000,0.113883,0.071738
perpendicular,85.0,90.0,60.0,70.0,normal,0.000000,0.080888,0.055199
height,85.0,90.0,60.0,70.0,normal,0.000000,0.056859,0.035965
yaw,85.0,90.0,60.0,70.0,normal,0.000000,0.312987,0.100466
width,85.0,90.0,60.0,70.0,normal,0.000000,0.118622,0.088224
length,85.0,90.0,60.0,70.0,normal,0.000000,0.158192,0.108543
box_height,85.0,90.0,60.0,70.0,normal,0.000000,0.075459,0.051630
miss_detection,85.0,90.0,70.0,80.0,constant,1.000000,,
distal,85.0,90.0,70.0,80.0,normal,0.000000,0.113883,0.071738
perpendicular,85.0,90.0,70.0,80.0,normal,0.000000,0.080888,0.055199
height,85.0,90.0,70.0,80.0,normal,0.000000,0.056859,0.035965
yaw,85.0,90.0,70.0,80.0,normal,0.000000,0.312987,0.100466
width,85.0,90.0,70.0,80.0,normal,0.000000,0.118622,0.088224
length,85.0,90.0,70.0,80.0,normal,0.000000,0.158192,0.108543
box_height,85.0,90.0,70.0,80.0,normal,0.000000,0.075459,0.051630
miss_detection,85.0,90.0,80.0,90.0,constant,1.000000,,
distal,85.0,90.0,80.0,90.0,normal,0.000000,0.113883,0.071738
perpendicular,85.0,90.0,80.0,90.0,normal,0.000000,0.080888,0.055199
height,85.0,90.0,80.0,90.0,normal,0.000000,0.056859,0.035965
yaw,85.0,90.0,80.0,90.0,normal,0.000000,0.312987,0.100466
width,85.0,90.0,80.0,90.0,normal,0.000000,0.118622,0.088224
length,85.0,90.0,80.0,90.0,normal,0.000000,0.158192,0.108543
box_height,85.0,90.0,80.0,90.0,normal,0.000000,0.075459,0.051630
miss_detection,85.0,90.0,90.0,100.0,constant,1.000000,,
distal,85.0,90.0,90.0,100.0,normal,0.000000,0.113883,0.071738
perpendicular,85.0,90.0,90.0,100.0,normal,0.000000,0.080888,0.055199
height,85.0,90.0,90.0,100.0,normal,0.000000,0.056859,0.035965
yaw,85.0,90.0,90.0,100.0,normal,0.000000,0.312987,0.100466
width,85.0,90.0,90.0,100.0,normal,0.000000,0.118622,0.088224
length,85.0,90.0,90.0,100.0,normal,0.000000,0.158192,0.108543
box_height,85.0,90.0,90.0,100.0,normal,0.000000,0.075459,0.051630
miss_detection,85.0,90.0,100.0,110.0,constant,1.000000,,
distal,85.0,90.0,100.0,110.0,normal,0.000000,0.113883,0.071738
perpendicular,85.0,90.0,100.0,110.0,normal,0.000000,0.080888,0.055199
height,85.0,90.0,100.0,110.0,normal,0.000000,0.056859,0.035965
yaw,85.0,90.0,100.0,110.0,normal,0.000000,0.312987,0.100466
width,85.0,90.0,100.0,110.0,normal,0.000000,0.118622,0.088224
length,85.0,90.0,100.0,110.0,normal,0.000000,0.158192,0.108543
box_height,85.0,90.0,100.0,110.0,normal,0.000000,0.075459,0.051630
miss_detection,85.0,90.0,110.0,120.0,constant,1.000000,,
distal,85.0,90.0,110.0,120.0,normal,0.000000,0.113883,0.071738
perpendicular,85.0,90.0,110.0,120.0,normal,0.000000,0.080888,0.055199
height,85.0,90.0,110.0,120.0,normal,0.000000,0.056859,0.035965
yaw,85.0,90.0,110.0,120.0,normal,0.000000,0.312987,0.100466
width,85.0,90.0,110.0,120.0,normal,0.000000,0.118622,0.088224
length,85.0,90.0,110.0,120.0,normal,0.000000,0.158192,0.108543
box_height,85.0,90.0,110.0,120.0,normal,0.000000,0.075459,0.051630
miss_detection,85.0,90.0,120.0,130.0,constant,1.000000,,
distal,85.0,90.0,120.0,130.0,normal,0.000000,0.113883,0.071738
perpendicular,85.0,90.0,120.0,130.0,normal,0.000000,0.080888,0.055199
height,85.0,90.0,120.0,130.0,normal,0.000000,0.056859,0.035965
yaw,85.0,90.0,120.0,130.0,normal,0.000000,0.312987,0.100466
width,85.0,90.0,120.0,130.0,normal,0.000000,0.118622,0.088224
length,85.0,90.0,120.0,130.0,normal,0.000000,0.158192,0.108543
box_height,85.0,90.0,120.0,130.0,normal,0.000000,0.075459,0.051630
miss_detection,85.0,90.0,130.0,140.0,constant,1.000000,,
distal,85.0,90.0,130.0,140.0,normal,0.000000,0.113883,0.071738
perpendicular,85.0,90.0,130.0,140.0,normal,0.000000,0.080888,0.055199
height,85.0,90.0,130.0,140.0,normal,0.000000,0.056859,0.035965
yaw,85.0,90.0,130.0,140.0,normal,0.000000,0.312987,0.100466
width,85.0,90.0,130.0,140.0,normal,0.000000,0.118622,0.088224
length,85.0,90.0,130.0,140.0,normal,0.000000,0.158192,0.108543
box_height,85.0,90.0,130.0,140.0,normal,0.000000,0.075459,0.051630
miss_detection,85.0,90.0,140.0,150.0,constant,1.000000,,
distal,85.0,90.0,140.0,150.0,normal,0.000000,0.113883,0.071738
perpendicular,85.0,90.0,140.0,150.0,normal,0.000000,0.080888,0.055199
height,85.0,90.0,140.0,150.0,normal,0.000000,0.056859,0.035965
yaw,85.0,90.0,140.0,150.0,normal,0.000000,0.312987,0.100466
width,85.0,90.0,140.0,150.0,normal,0.000000,0.118622,0.088224
length,85.0,90.0,140.0,150.0,normal,0.000000,0.158192,0.108543
box_height,85.0,90.0,140.0,150.0,normal,0.000000,0.075459,0.051630
miss_detection,85.0,90.0,150.0,160.0,constant,1.000000,,
distal,85.0,90.0,150.0,160.0,normal,0.000000,0.113883,0.071738
perpendicular,85.0,90.0,150.0,160.0,normal,0.000000,0.080888,0.055199
height,85.0,90.0,150.0,160.0,normal,0.000000,0.056859,0.035965
yaw,85.0,90.0,150.0,160.0,normal,0.000000,0.312987,0.100466
width,85.0,90.0,150.0,160.0,normal,0.000000,0.118622,0.088224
length,85.0,90.0,150.0,160.0,normal,0.000000,0.158192,0.108543
box_height,85.0,90.0,150.0,160.0,normal,0.000000,0.075459,0.051630
miss_detection,85.0,90.0,160.0,170.0,constant,1.000000,,
distal,85.0,90.0,160.0,170.0,normal,0.000000,0.113883,0.071738
perpendicular,85.0,90.0,160.0,170.0,normal,0.000000,0.080888,0.055199
height,85.0,90.0,160.0,170.0,normal,0.000000,0.056859,0.035965
yaw,85.0,90.0,160.0,170.0,normal,0.000000,0.312987,0.100466
width,85.0,90.0,160.0,170.0,normal,0.000000,0.118622,0.088224
length,85.0,90.0,160.0,170.0,normal,0.000000,0.158192,0.108543
box_height,85.0,90.0,160.0,170.0,normal,0.000000,0.075459,0.051630
miss_detection,85.0,90.0,170.0,180.0,constant,1.000000,,
distal,85.0,90.0,170.0,180.0,normal,0.000000,0.113883,0.071738
perpendicular,85.0,90.0,170.0,180.0,normal,0.000000,0.080888,0.055199
height,85.0,90.0,170.0,180.0,normal,0.000000,0.056859,0.035965
yaw,85.0,90.0,170.0,180.0,normal,0.000000,0.312987,0.100466
width,85.0,90.0,170.0,180.0,normal,0.000000,0.118622,0.088224
length,85.0,90.0,170.0,180.0,normal,0.000000,0.158192,0.108543
box_height,85.0,90.0,170.0,180.0,normal,0.000000,0.075459,0.051630
miss_detection,90.0,95.0,-180.0,-170.0,constant,1.000000,,
distal,90.0,95.0,-180.0,-170.0,normal,0.000000,0.113883,0.071738
perpendicular,90.0,95.0,-180.0,-170.0,normal,0.000000,0.080888,0.055199
height,90.0,95.0,-180.0,-170.0,normal,0.000000,0.056859,0.035965
yaw,90.0,95.0,-180.0,-170.0,normal,0.000000,0.312987,0.100466
width,90.0,95.0,-180.0,-170.0,normal,0.000000,0.118622,0.088224
length,90.0,95.0,-180.0,-170.0,normal,0.000000,0.158192,0.108543
box_height,90.0,95.0,-180.0,-170.0,normal,0.000000,0.075459,0.051630
miss_detection,90.0,95.0,-170.0,-160.0,constant,1.000000,,
distal,90.0,95.0,-170.0,-160.0,normal,0.000000,0.113883,0.071738
perpendicular,90.0,95.0,-170.0,-160.0,normal,0.000000,0.080888,0.055199
height,90.0,95.0,-170.0,-160.0,normal,0.000000,0.056859,0.035965
yaw,90.0,95.0,-170.0,-160.0,normal,0.000000,0.312987,0.100466
width,90.0,95.0,-170.0,-160.0,normal,0.000000,0.118622,0.088224
length,90.0,95.0,-170.0,-160.0,normal,0.000000,0.158192,0.108543
box_height,90.0,95.0,-170.0,-160.0,normal,0.000000,0.075459,0.051630
miss_detection,90.0,95.0,-160.0,-150.0,constant,1.000000,,
distal,90.0,95.0,-160.0,-150.0,normal,0.000000,0.113883,0.071738
perpendicular,90.0,95.0,-160.0,-150.0,normal,0.000000,0.080888,0.055199
height,90.0,95.0,-160.0,-150.0,normal,0.000000,0.056859,0.035965
yaw,90.0,95.0,-160.0,-150.0,normal,0.000000,0.312987,0.100466
width,90.0,95.0,-160.0,-150.0,normal,0.000000,0.118622,0.088224
length,90.0,95.0,-160.0,-150.0,normal,0.000000,0.158192,0.108543
box_height,90.0,95.0,-160.0,-150.0,normal,0.000000,0.075459,0.051630
miss_detection,90.0,95.0,-150.0,-140.0,constant,1.000000,,
distal,90.0,95.0,-150.0,-140.0,normal,0.000000,0.113883,0.071738
perpendicular,90.0,95.0,-150.0,-140.0,normal,0.000000,0.080888,0.055199
height,90.0,95.0,-150.0,-140.0,normal,0.000000,0.056859,0.035965
yaw,90.0,95.0,-150.0,-140.0,normal,0.000000,0.312987,0.100466
width,90.0,95.0,-150.0,-140.0,normal,0.000000,0.118622,0.088224
length,90.0,95.0,-150.0,-140.0,normal,0.000000,0.158192,0.108543
box_height,90.0,95.0,-150.0,-140.0,normal,0.000000,0.075459,0.051630
miss_detection,90.0,95.0,-140.0,-130.0,constant,1.000000,,
distal,90.0,95.0,-140.0,-130.0,normal,0.000000,0.113883,0.071738
perpendicular,90.0,95.0,-140.0,-130.0,normal,0.000000,0.080888,0.055199
height,90.0,95.0,-140.0,-130.0,normal,0.000000,0.056859,0.035965
yaw,90.0,95.0,-140.0,-130.0,normal,0.000000,0.312987,0.100466
width,90.0,95.0,-140.0,-130.0,normal,0.000000,0.118622,0.088224
length,90.0,95.0,-140.0,-130.0,normal,0.000000,0.158192,0.108543
box_height,90.0,95.0,-140.0,-130.0,normal,0.000000,0.075459,0.051630
miss_detection,90.0,95.0,-130.0,-120.0,constant,1.000000,,
distal,90.0,95.0,-130.0,-120.0,normal,0.000000,0.113883,0.071738
perpendicular,90.0,95.0,-130.0,-120.0,normal,0.000000,0.080888,0.055199
height,90.0,95.0,-130.0,-120.0,normal,0.000000,0.056859,0.035965
yaw,90.0,95.0,-130.0,-120.0,normal,0.000000,0.312987,0.100466
width,90.0,95.0,-130.0,-120.0,normal,0.000000,0.118622,0.088224
length,90.0,95.0,-130.0,-120.0,normal,0.000000,0.158192,0.108543
box_height,90.0,95.0,-130.0,-120.0,normal,0.000000,0.075459,0.051630
miss_detection,90.0,95.0,-120.0,-110.0,constant,1.000000,,
distal,90.0,95.0,-120.0,-110.0,normal,0.000000,0.113883,0.071738
perpendicular,90.0,95.0,-120.0,-110.0,normal,0.000000,0.080888,0.055199
height,90.0,95.0,-120.0,-110.0,normal,0.000000,0.056859,0.035965
yaw,90.0,95.0,-120.0,-110.0,normal,0.000000,0.312987,0.100466
width,90.0,95.0,-120.0,-110.0,normal,0.000000,0.118622,0.088224
length,90.0,95.0,-120.0,-110.0,normal,0.000000,0.158192,0.108543
box_height,90.0,95.0,-120.0,-110.0,normal,0.000000,0.075459,0.051630
miss_detection,90.0,95.0,-110.0,-100.0,constant,1.000000,,
distal,90.0,95.0,-110.0,-100.0,normal,0.000000,0.113883,0.071738
perpendicular,90.0,95.0,-110.0,-100.0,normal,0.000000,0.080888,0.055199
height,90.0,95.0,-110.0,-100.0,normal,0.000000,0.056859,0.035965
yaw,90.0,95.0,-110.0,-100.0,normal,0.000000,0.312987,0.100466
width,90.0,95.0,-110.0,-100.0,normal,0.000000,0.118622,0.088224
length,90.0,95.0,-110.0,-100.0,normal,0.000000,0.158192,0.108543
box_height,90.0,95.0,-110.0,-100.0,normal,0.000000,0.075459,0.051630
miss_detection,90.0,95.0,-100.0,-90.0,constant,1.000000,,
distal,90.0,95.0,-100.0,-90.0,normal,0.000000,0.113883,0.071738
perpendicular,90.0,95.0,-100.0,-90.0,normal,0.000000,0.080888,0.055199
height,90.0,95.0,-100.0,-90.0,normal,0.000000,0.056859,0.035965
yaw,90.0,95.0,-100.0,-90.0,normal,0.000000,0.312987,0.100466
width,90.0,95.0,-100.0,-90.0,normal,0.000000,0.118622,0.088224
length,90.0,95.0,-100.0,-90.0,normal,0.000000,0.158192,0.108543
box_height,90.0,95.0,-100.0,-90.0,normal,0.000000,0.075459,0.051630
miss_detection,90.0,95.0,-90.0,-80.0,constant,1.000000,,
distal,90.0,95.0,-90.0,-80.0,normal,0.000000,0.113883,0.071738
perpendicular,90.0,95.0,-90.0,-80.0,normal,0.000000,0.080888,0.055199
height,90.0,95.0,-90.0,-80.0,normal,0.000000,0.056859,0.035965
yaw,90.0,95.0,-90.0,-80.0,normal,0.000000,0.312987,0.100466
width,90.0,95.0,-90.0,-80.0,normal,0.000000,0.118622,0.088224
length,90.0,95.0,-90.0,-80.0,normal,0.000000,0.158192,0.108543
box_height,90.0,95.0,-90.0,-80.0,normal,0.000000,0.075459,0.051630
miss_detection,90.0,95.0,-80.0,-70.0,constant,1.000000,,
distal,90.0,95.0,-80.0,-70.0,normal,0.000000,0.113883,0.071738
perpendicular,90.0,95.0,-80.0,-70.0,normal,0.000000,0.080888,0.055199
height,90.0,95.0,-80.0,-70.0,normal,0.000000,0.056859,0.035965
yaw,90.0,95.0,-80.0,-70.0,normal,0.000000,0.312987,0.100466
width,90.0,95.0,-80.0,-70.0,normal,0.000000,0.118622,0.088224
length,90.0,95.0,-80.0,-70.0,normal,0.000000,0.158192,0.108543
box_height,90.0,95.0,-80.0,-70.0,normal,0.000000,0.075459,0.051630
miss_detection,90.0,95.0,-70.0,-60.0,constant,1.000000,,
distal,90.0,95.0,-70.0,-60.0,normal,0.000000,0.113883,0.071738
perpendicular,90.0,95.0,-70.0,-60.0,normal,0.000000,0.080888,0.055199
height,90.0,95.0,-70.0,-60.0,normal,0.000000,0.056859,0.035965
yaw,90.0,95.0,-70.0,-60.0,normal,0.000000,0.312987,0.100466
width,90.0,95.0,-70.0,-60.0,normal,0.000000,0.118622,0.088224
length,90.0,95.0,-70.0,-60.0,normal,0.000000,0.158192,0.108543
box_height,90.0,95.0,-70.0,-60.0,normal,0.000000,0.075459,0.051630
miss_detection,90.0,95.0,-60.0,-50.0,constant,1.000000,,
distal,90.0,95.0,-60.0,-50.0,normal,0.000000,0.113883,0.071738
perpendicular,90.0,95.0,-60.0,-50.0,normal,0.000000,0.080888,0.055199
height,90.0,95.0,-60.0,-50.0,normal,0.000000,0.056859,0.035965
yaw,90.0,95.0,-60.0,-50.0,normal,0.000000,0.312987,0.100466
width,90.0,95.0,-60.0,-50.0,normal,0.000000,0.118622,0.088224
length,90.0,95.0,-60.0,-50.0,normal,0.000000,0.158192,0.108543
box_height,90.0,95.0,-60.0,-50.0,normal,0.000000,0.075459,0.051630
miss_detection,90.0,95.0,-50.0,-40.0,constant,1.000000,,
distal,90.0,95.0,-50.0,-40.0,normal,0.000000,0.113883,0.071738
perpendicular,90.0,95.0,-50.0,-40.0,normal,0.000000,0.080888,0.055199
height,90.0,95.0,-50.0,-40.0,normal,0.000000,0.056859,0.035965
yaw,90.0,95.0,-50.0,-40.0,normal,0.000000,0.312987,0.100466
width,90.0,95.0,-50.0,-40.0,normal,0.000000,0.118622,0.088224
length,90.0,95.0,-50.0,-40.0,normal,0.000000,0.158192,0.108543
box_height,90.0,95.0,-50.0,-40.0,normal,0.000000,0.075459,0.051630
miss_detection,90.0,95.0,-40.0,-30.0,constant,1.000000,,
distal,90.0,95.0,-40.0,-30.0,normal,0.000000,0.113883,0.071738
perpendicular,90.0,95.0,-40.0,-30.0,normal,0.000000,0.080888,0.055199
height,90.0,95.0,-40.0,-30.0,normal,0.000000,0.056859,0.035965
yaw,90.0,95.0,-40.0,-30.0,normal,0.000000,0.312987,0.100466
width,90.0,95.0,-40.0,-30.0,normal,0.000000,0.118622,0.088224
length,90.0,95.0,-40.0,-30.0,normal,0.000000,0.158192,0.108543
box_height,90.0,95.0,-40.0,-30.0,normal,0.000000,0.075459,0.051630
miss_detection,90.0,95.0,-30.0,-20.0,constant,1.000000,,
distal,90.0,95.0,-30.0,-20.0,normal,0.000000,0.113883,0.071738
perpendicular,90.0,95.0,-30.0,-20.0,normal,0.000000,0.080888,0.055199
height,90.0,95.0,-30.0,-20.0,normal,0.000000,0.056859,0.035965
yaw,90.0,95.0,-30.0,-20.0,normal,0.000000,0.312987,0.100466
width,90.0,95.0,-30.0,-20.0,normal,0.000000,0.118622,0.088224
length,90.0,95.0,-30.0,-20.0,normal,0.000000,0.158192,0.108543
box_height,90.0,95.0,-30.0,-20.0,normal,0.000000,0.075459,0.051630
miss_detection,90.0,95.0,-20.0,-10.0,constant,1.000000,,
distal,90.0,95.0,-20.0,-10.0,normal,0.000000,0.113883,0.071738
perpendicular,90.0,95.0,-20.0,-10.0,normal,0.000000,0.080888,0.055199
height,90.0,95.0,-20.0,-10.0,normal,0.000000,0.056859,0.035965
yaw,90.0,95.0,-20.0,-10.0,normal,0.000000,0.312987,0.100466
width,90.0,95.0,-20.0,-10.0,normal,0.000000,0.118622,0.088224
length,90.0,95.0,-20.0,-10.0,normal,0.000000,0.158192,0.108543
box_height,90.0,95.0,-20.0,-10.0,normal,0.000000,0.075459,0.051630
miss_detection,90.0,95.0,-10.0,0.0,constant,0.663636,,
distal,90.0,95.0,-10.0,0.0,normal,0.000000,0.098970,0.068954
perpendicular,90.0,95.0,-10.0,0.0,normal,0.000000,0.157898,0.131158
height,90.0,95.0,-10.0,0.0,normal,0.000000,0.089440,0.071814
yaw,90.0,95.0,-10.0,0.0,normal,0.000000,0.079472,0.056742
width,90.0,95.0,-10.0,0.0,normal,0.000000,0.141729,0.127313
length,90.0,95.0,-10.0,0.0,normal,0.000000,0.139521,0.140598
box_height,90.0,95.0,-10.0,0.0,normal,0.000000,0.116667,0.084719
miss_detection,90.0,95.0,0.0,10.0,constant,0.697080,,
distal,90.0,95.0,0.0,10.0,normal,0.000000,0.102437,0.073454
perpendicular,90.0,95.0,0.0,10.0,normal,0.000000,0.118201,0.099726
height,90.0,95.0,0.0,10.0,normal,0.000000,0.137441,0.095126
yaw,90.0,95.0,0.0,10.0,normal,0.000000,0.066292,0.056127
width,90.0,95.0,0.0,10.0,normal,0.000000,0.131079,0.103455
length,90.0,95.0,0.0,10.0,normal,0.000000,0.151270,0.124022
box_height,90.0,95.0,0.0,10.0,normal,0.000000,0.175606,0.100216
miss_detection,90.0,95.0,10.0,20.0,constant,0.864560,,
distal,90.0,95.0,10.0,20.0,normal,0.000000,0.098056,0.073659
perpendicular,90.0,95.0,10.0,20.0,normal,0.000000,0.126795,0.090454
height,90.0,95.0,10.0,20.0,normal,0.000000,0.146975,0.106299
yaw,90.0,95.0,10.0,20.0,normal,0.000000,0.088717,0.077203
width,90.0,95.0,10.0,20.0,normal,0.000000,0.152946,0.116195
length,90.0,95.0,10.0,20.0,normal,0.000000,0.157094,0.126234
box_height,90.0,95.0,10.0,20.0,normal,0.000000,0.128980,0.103857
miss_detection,90.0,95.0,20.0,30.0,constant,1.000000,,
distal,90.0,95.0,20.0,30.0,normal,0.000000,0.113883,0.071738
perpendicular,90.0,95.0,20.0,30.0,normal,0.000000,0.080888,0.055199
height,90.0,95.0,20.0,30.0,normal,0.000000,0.056859,0.035965
yaw,90.0,95.0,20.0,30.0,normal,0.000000,0.312987,0.100466
width,90.0,95.0,20.0,30.0,normal,0.000000,0.118622,0.088224
length,90.0,95.0,20.0,30.0,normal,0.000000,0.158192,0.108543
box_height,90.0,95.0,20.0,30.0,normal,0.000000,0.075459,0.051630
miss_detection,90.0,95.0,30.0,40.0,constant,1.000000,,
distal,90.0,95.0,30.0,40.0,normal,0.000000,0.113883,0.071738
perpendicular,90.0,95.0,30.0,40.0,normal,0.000000,0.080888,0.055199
height,90.0,95.0,30.0,40.0,normal,0.000000,0.056859,0.035965
yaw,90.0,95.0,30.0,40.0,normal,0.000000,0.312987,0.100466
width,90.0,95.0,30.0,40.0,normal,0.000000,0.118622,0.088224
length,90.0,95.0,30.0,40.0,normal,0.000000,0.158192,0.108543
box_height,90.0,95.0,30.0,40.0,normal,0.000000,0.075459,0.051630
miss_detection,90.0,95.0,40.0,50.0,constant,1.000000,,
distal,90.0,95.0,40.0,50.0,normal,0.000000,0.113883,0.071738
perpendicular,90.0,95.0,40.0,50.0,normal,0.000000,0.080888,0.055199
height,90.0,95.0,40.0,50.0,normal,0.000000,0.056859,0.035965
yaw,90.0,95.0,40.0,50.0,normal,0.000000,0.312987,0.100466
width,90.0,95.0,40.0,50.0,normal,0.000000,0.118622,0.088224
length,90.0,95.0,40.0,50.0,normal,0.000000,0.158192,0.108543
box_height,90.0,95.0,40.0,50.0,normal,0.000000,0.075459,0.051630
miss_detection,90.0,95.0,50.0,60.0,constant,1.000000,,
distal,90.0,95.0,50.0,60.0,normal,0.000000,0.113883,0.071738
perpendicular,90.0,95.0,50.0,60.0,normal,0.000000,0.080888,0.055199
height,90.0,95.0,50.0,60.0,normal,0.000000,0.056859,0.035965
yaw,90.0,95.0,50.0,60.0,normal,0.000000,0.312987,0.100466
width,90.0,95.0,50.0,60.0,normal,0.000000,0.118622,0.088224
length,90.0,95.0,50.0,60.0,normal,0.000000,0.158192,0.108543
box_height,90.0,95.0,50.0,60.0,normal,0.000000,0.075459,0.051630
miss_detection,90.0,95.0,60.0,70.0,constant,1.000000,,
distal,90.0,95.0,60.0,70.0,normal,0.000000,0.113883,0.071738
perpendicular,90.0,95.0,60.0,70.0,normal,0.000000,0.080888,0.055199
height,90.0,95.0,60.0,70.0,normal,0.000000,0.056859,0.035965
yaw,90.0,95.0,60.0,70.0,normal,0.000000,0.312987,0.100466
width,90.0,95.0,60.0,70.0,normal,0.000000,0.118622,0.088224
length,90.0,95.0,60.0,70.0,normal,0.000000,0.158192,0.108543
box_height,90.0,95.0,60.0,70.0,normal,0.000000,0.075459,0.051630
miss_detection,90.0,95.0,70.0,80.0,constant,1.000000,,
distal,90.0,95.0,70.0,80.0,normal,0.000000,0.113883,0.071738
perpendicular,90.0,95.0,70.0,80.0,normal,0.000000,0.080888,0.055199
height,90.0,95.0,70.0,80.0,normal,0.000000,0.056859,0.035965
yaw,90.0,95.0,70.0,80.0,normal,0.000000,0.312987,0.100466
width,90.0,95.0,70.0,80.0,normal,0.000000,0.118622,0.088224
length,90.0,95.0,70.0,80.0,normal,0.000000,0.158192,0.108543
box_height,90.0,95.0,70.0,80.0,normal,0.000000,0.075459,0.051630
miss_detection,90.0,95.0,80.0,90.0,constant,1.000000,,
distal,90.0,95.0,80.0,90.0,normal,0.000000,0.113883,0.071738
perpendicular,90.0,95.0,80.0,90.0,normal,0.000000,0.080888,0.055199
height,90.0,95.0,80.0,90.0,normal,0.000000,0.056859,0.035965
yaw,90.0,95.0,80.0,90.0,normal,0.000000,0.312987,0.100466
width,90.0,95.0,80.0,90.0,normal,0.000000,0.118622,0.088224
length,90.0,95.0,80.0,90.0,normal,0.000000,0.158192,0.108543
box_height,90.0,95.0,80.0,90.0,normal,0.000000,0.075459,0.051630
miss_detection,90.0,95.0,90.0,100.0,constant,1.000000,,
distal,90.0,95.0,90.0,100.0,normal,0.000000,0.113883,0.071738
perpendicular,90.0,95.0,90.0,100.0,normal,0.000000,0.080888,0.055199
height,90.0,95.0,90.0,100.0,normal,0.000000,0.056859,0.035965
yaw,90.0,95.0,90.0,100.0,normal,0.000000,0.312987,0.100466
width,90.0,95.0,90.0,100.0,normal,0.000000,0.118622,0.088224
length,90.0,95.0,90.0,100.0,normal,0.000000,0.158192,0.108543
box_height,90.0,95.0,90.0,100.0,normal,0.000000,0.075459,0.051630
miss_detection,90.0,95.0,100.0,110.0,constant,1.000000,,
distal,90.0,95.0,100.0,110.0,normal,0.000000,0.113883,0.071738
perpendicular,90.0,95.0,100.0,110.0,normal,0.000000,0.080888,0.055199
height,90.0,95.0,100.0,110.0,normal,0.000000,0.056859,0.035965
yaw,90.0,95.0,100.0,110.0,normal,0.000000,0.312987,0.100466
width,90.0,95.0,100.0,110.0,normal,0.000000,0.118622,0.088224
length,90.0,95.0,100.0,110.0,normal,0.000000,0.158192,0.108543
box_height,90.0,95.0,100.0,110.0,normal,0.000000,0.075459,0.051630
miss_detection,90.0,95.0,110.0,120.0,constant,1.000000,,
distal,90.0,95.0,110.0,120.0,normal,0.000000,0.113883,0.071738
perpendicular,90.0,95.0,110.0,120.0,normal,0.000000,0.080888,0.055199
height,90.0,95.0,110.0,120.0,normal,0.000000,0.056859,0.035965
yaw,90.0,95.0,110.0,120.0,normal,0.000000,0.312987,0.100466
width,90.0,95.0,110.0,120.0,normal,0.000000,0.118622,0.088224
length,90.0,95.0,110.0,120.0,normal,0.000000,0.158192,0.108543
box_height,90.0,95.0,110.0,120.0,normal,0.000000,0.075459,0.051630
miss_detection,90.0,95.0,120.0,130.0,constant,1.000000,,
distal,90.0,95.0,120.0,130.0,normal,0.000000,0.113883,0.071738
perpendicular,90.0,95.0,120.0,130.0,normal,0.000000,0.080888,0.055199
height,90.0,95.0,120.0,130.0,normal,0.000000,0.056859,0.035965
yaw,90.0,95.0,120.0,130.0,normal,0.000000,0.312987,0.100466
width,90.0,95.0,120.0,130.0,normal,0.000000,0.118622,0.088224
length,90.0,95.0,120.0,130.0,normal,0.000000,0.158192,0.108543
box_height,90.0,95.0,120.0,130.0,normal,0.000000,0.075459,0.051630
miss_detection,90.0,95.0,130.0,140.0,constant,1.000000,,
distal,90.0,95.0,130.0,140.0,normal,0.000000,0.113883,0.071738
perpendicular,90.0,95.0,130.0,140.0,normal,0.000000,0.080888,0.055199
height,90.0,95.0,130.0,140.0,normal,0.000000,0.056859,0.035965
yaw,90.0,95.0,130.0,140.0,normal,0.000000,0.312987,0.100466
width,90.0,95.0,130.0,140.0,normal,0.000000,0.118622,0.088224
length,90.0,95.0,130.0,140.0,normal,0.000000,0.158192,0.108543
box_height,90.0,95.0,130.0,140.0,normal,0.000000,0.075459,0.051630
miss_detection,90.0,95.0,140.0,150.0,constant,1.000000,,
distal,90.0,95.0,140.0,150.0,normal,0.000000,0.113883,0.071738
perpendicular,90.0,95.0,140.0,150.0,normal,0.000000,0.080888,0.055199
height,90.0,95.0,140.0,150.0,normal,0.000000,0.056859,0.035965
yaw,90.0,95.0,140.0,150.0,normal,0.000000,0.312987,0.100466
width,90.0,95.0,140.0,150.0,normal,0.000000,0.118622,0.088224
length,90.0,95.0,140.0,150.0,normal,0.000000,0.158192,0.108543
box_height,90.0,95.0,140.0,150.0,normal,0.000000,0.075459,0.051630
miss_detection,90.0,95.0,150.0,160.0,constant,1.000000,,
distal,90.0,95.0,150.0,160.0,normal,0.000000,0.113883,0.071738
perpendicular,90.0,95.0,150.0,160.0,normal,0.000000,0.080888,0.055199
height,90.0,95.0,150.0,160.0,normal,0.000000,0.056859,0.035965
yaw,90.0,95.0,150.0,160.0,normal,0.000000,0.312987,0.100466
width,90.0,95.0,150.0,160.0,normal,0.000000,0.118622,0.088224
length,90.0,95.0,150.0,160.0,normal,0.000000,0.158192,0.108543
box_height,90.0,95.0,150.0,160.0,normal,0.000000,0.075459,0.051630
miss_detection,90.0,95.0,160.0,170.0,constant,1.000000,,
distal,90.0,95.0,160.0,170.0,normal,0.000000,0.113883,0.071738
perpendicular,90.0,95.0,160.0,170.0,normal,0.000000,0.080888,0.055199
height,90.0,95.0,160.0,170.0,normal,0.000000,0.056859,0.035965
yaw,90.0,95.0,160.0,170.0,normal,0.000000,0.312987,0.100466
width,90.0,95.0,160.0,170.0,normal,0.000000,0.118622,0.088224
length,90.0,95.0,160.0,170.0,normal,0.000000,0.158192,0.108543
box_height,90.0,95.0,160.0,170.0,normal,0.000000,0.075459,0.051630
miss_detection,90.0,95.0,170.0,180.0,constant,1.000000,,
distal,90.0,95.0,170.0,180.0,normal,0.000000,0.113883,0.071738
perpendicular,90.0,95.0,170.0,180.0,normal,0.000000,0.080888,0.055199
height,90.0,95.0,170.0,180.0,normal,0.000000,0.056859,0.035965
yaw,90.0,95.0,170.0,180.0,normal,0.000000,0.312987,0.100466
width,90.0,95.0,170.0,180.0,normal,0.000000,0.118622,0.088224
length,90.0,95.0,170.0,180.0,normal,0.000000,0.158192,0.108543
box_height,90.0,95.0,170.0,180.0,normal,0.000000,0.075459,0.051630
miss_detection,95.0,100.0,-180.0,-170.0,constant,1.000000,,
distal,95.0,100.0,-180.0,-170.0,normal,0.000000,0.113883,0.071738
perpendicular,95.0,100.0,-180.0,-170.0,normal,0.000000,0.080888,0.055199
height,95.0,100.0,-180.0,-170.0,normal,0.000000,0.056859,0.035965
yaw,95.0,100.0,-180.0,-170.0,normal,0.000000,0.312987,0.100466
width,95.0,100.0,-180.0,-170.0,normal,0.000000,0.118622,0.088224
length,95.0,100.0,-180.0,-170.0,normal,0.000000,0.158192,0.108543
box_height,95.0,100.0,-180.0,-170.0,normal,0.000000,0.075459,0.051630
miss_detection,95.0,100.0,-170.0,-160.0,constant,1.000000,,
distal,95.0,100.0,-170.0,-160.0,normal,0.000000,0.113883,0.071738
perpendicular,95.0,100.0,-170.0,-160.0,normal,0.000000,0.080888,0.055199
height,95.0,100.0,-170.0,-160.0,normal,0.000000,0.056859,0.035965
yaw,95.0,100.0,-170.0,-160.0,normal,0.000000,0.312987,0.100466
width,95.0,100.0,-170.0,-160.0,normal,0.000000,0.118622,0.088224
length,95.0,100.0,-170.0,-160.0,normal,0.000000,0.158192,0.108543
box_height,95.0,100.0,-170.0,-160.0,normal,0.000000,0.075459,0.051630
miss_detection,95.0,100.0,-160.0,-150.0,constant,1.000000,,
distal,95.0,100.0,-160.0,-150.0,normal,0.000000,0.113883,0.071738
perpendicular,95.0,100.0,-160.0,-150.0,normal,0.000000,0.080888,0.055199
height,95.0,100.0,-160.0,-150.0,normal,0.000000,0.056859,0.035965
yaw,95.0,100.0,-160.0,-150.0,normal,0.000000,0.312987,0.100466
width,95.0,100.0,-160.0,-150.0,normal,0.000000,0.118622,0.088224
length,95.0,100.0,-160.0,-150.0,normal,0.000000,0.158192,0.108543
box_height,95.0,100.0,-160.0,-150.0,normal,0.000000,0.075459,0.051630
miss_detection,95.0,100.0,-150.0,-140.0,constant,1.000000,,
distal,95.0,100.0,-150.0,-140.0,normal,0.000000,0.113883,0.071738
perpendicular,95.0,100.0,-150.0,-140.0,normal,0.000000,0.080888,0.055199
height,95.0,100.0,-150.0,-140.0,normal,0.000000,0.056859,0.035965
yaw,95.0,100.0,-150.0,-140.0,normal,0.000000,0.312987,0.100466
width,95.0,100.0,-150.0,-140.0,normal,0.000000,0.118622,0.088224
length,95.0,100.0,-150.0,-140.0,normal,0.000000,0.158192,0.108543
box_height,95.0,100.0,-150.0,-140.0,normal,0.000000,0.075459,0.051630
miss_detection,95.0,100.0,-140.0,-130.0,constant,1.000000,,
distal,95.0,100.0,-140.0,-130.0,normal,0.000000,0.113883,0.071738
perpendicular,95.0,100.0,-140.0,-130.0,normal,0.000000,0.080888,0.055199
height,95.0,100.0,-140.0,-130.0,normal,0.000000,0.056859,0.035965
yaw,95.0,100.0,-140.0,-130.0,normal,0.000000,0.312987,0.100466
width,95.0,100.0,-140.0,-130.0,normal,0.000000,0.118622,0.088224
length,95.0,100.0,-140.0,-130.0,normal,0.000000,0.158192,0.108543
box_height,95.0,100.0,-140.0,-130.0,normal,0.000000,0.075459,0.051630
miss_detection,95.0,100.0,-130.0,-120.0,constant,1.000000,,
distal,95.0,100.0,-130.0,-120.0,normal,0.000000,0.113883,0.071738
perpendicular,95.0,100.0,-130.0,-120.0,normal,0.000000,0.080888,0.055199
height,95.0,100.0,-130.0,-120.0,normal,0.000000,0.056859,0.035965
yaw,95.0,100.0,-130.0,-120.0,normal,0.000000,0.312987,0.100466
width,95.0,100.0,-130.0,-120.0,normal,0.000000,0.118622,0.088224
length,95.0,100.0,-130.0,-120.0,normal,0.000000,0.158192,0.108543
box_height,95.0,100.0,-130.0,-120.0,normal,0.000000,0.075459,0.051630
miss_detection,95.0,100.0,-120.0,-110.0,constant,1.000000,,
distal,95.0,100.0,-120.0,-110.0,normal,0.000000,0.113883,0.071738
perpendicular,95.0,100.0,-120.0,-110.0,normal,0.000000,0.080888,0.055199
height,95.0,100.0,-120.0,-110.0,normal,0.000000,0.056859,0.035965
yaw,95.0,100.0,-120.0,-110.0,normal,0.000000,0.312987,0.100466
width,95.0,100.0,-120.0,-110.0,normal,0.000000,0.118622,0.088224
length,95.0,100.0,-120.0,-110.0,normal,0.000000,0.158192,0.108543
box_height,95.0,100.0,-120.0,-110.0,normal,0.000000,0.075459,0.051630
miss_detection,95.0,100.0,-110.0,-100.0,constant,1.000000,,
distal,95.0,100.0,-110.0,-100.0,normal,0.000000,0.113883,0.071738
perpendicular,95.0,100.0,-110.0,-100.0,normal,0.000000,0.080888,0.055199
height,95.0,100.0,-110.0,-100.0,normal,0.000000,0.056859,0.035965
yaw,95.0,100.0,-110.0,-100.0,normal,0.000000,0.312987,0.100466
width,95.0,100.0,-110.0,-100.0,normal,0.000000,0.118622,0.088224
length,95.0,100.0,-110.0,-100.0,normal,0.000000,0.158192,0.108543
box_height,95.0,100.0,-110.0,-100.0,normal,0.000000,0.075459,0.051630
miss_detection,95.0,100.0,-100.0,-90.0,constant,1.000000,,
distal,95.0,100.0,-100.0,-90.0,normal,0.000000,0.113883,0.071738
perpendicular,95.0,100.0,-100.0,-90.0,normal,0.000000,0.080888,0.055199
height,95.0,100.0,-100.0,-90.0,normal,0.000000,0.056859,0.035965
yaw,95.0,100.0,-100.0,-90.0,normal,0.000000,0.312987,0.100466
width,95.0,100.0,-100.0,-90.0,normal,0.000000,0.118622,0.088224
length,95.0,100.0,-100.0,-90.0,normal,0.000000,0.158192,0.108543
box_height,95.0,100.0,-100.0,-90.0,normal,0.000000,0.075459,0.051630
miss_detection,95.0,100.0,-90.0,-80.0,constant,1.000000,,
distal,95.0,100.0,-90.0,-80.0,normal,0.000000,0.113883,0.071738
perpendicular,95.0,100.0,-90.0,-80.0,normal,0.000000,0.080888,0.055199
height,95.0,100.0,-90.0,-80.0,normal,0.000000,0.056859,0.035965
yaw,95.0,100.0,-90.0,-80.0,normal,0.000000,0.312987,0.100466
width,95.0,100.0,-90.0,-80.0,normal,0.000000,0.118622,0.088224
length,95.0,100.0,-90.0,-80.0,normal,0.000000,0.158192,0.108543
box_height,95.0,100.0,-90.0,-80.0,normal,0.000000,0.075459,0.051630
miss_detection,95.0,100.0,-80.0,-70.0,constant,1.000000,,
distal,95.0,100.0,-80.0,-70.0,normal,0.000000,0.113883,0.071738
perpendicular,95.0,100.0,-80.0,-70.0,normal,0.000000,0.080888,0.055199
height,95.0,100.0,-80.0,-70.0,normal,0.000000,0.056859,0.035965
yaw,95.0,100.0,-80.0,-70.0,normal,0.000000,0.312987,0.100466
width,95.0,100.0,-80.0,-70.0,normal,0.000000,0.118622,0.088224
length,95.0,100.0,-80.0,-70.0,normal,0.000000,0.158192,0.108543
box_height,95.0,100.0,-80.0,-70.0,normal,0.000000,0.075459,0.051630
miss_detection,95.0,100.0,-70.0,-60.0,constant,1.000000,,
distal,95.0,100.0,-70.0,-60.0,normal,0.000000,0.113883,0.071738
perpendicular,95.0,100.0,-70.0,-60.0,normal,0.000000,0.080888,0.055199
height,95.0,100.0,-70.0,-60.0,normal,0.000000,0.056859,0.035965
yaw,95.0,100.0,-70.0,-60.0,normal,0.000000,0.312987,0.100466
width,95.0,100.0,-70.0,-60.0,normal,0.000000,0.118622,0.088224
length,95.0,100.0,-70.0,-60.0,normal,0.000000,0.158192,0.108543
box_height,95.0,100.0,-70.0,-60.0,normal,0.000000,0.075459,0.051630
miss_detection,95.0,100.0,-60.0,-50.0,constant,1.000000,,
distal,95.0,100.0,-60.0,-50.0,normal,0.000000,0.113883,0.071738
perpendicular,95.0,100.0,-60.0,-50.0,normal,0.000000,0.080888,0.055199
height,95.0,100.0,-60.0,-50.0,normal,0.000000,0.056859,0.035965
yaw,95.0,100.0,-60.0,-50.0,normal,0.000000,0.312987,0.100466
width,95.0,100.0,-60.0,-50.0,normal,0.000000,0.118622,0.088224
length,95.0,100.0,-60.0,-50.0,normal,0.000000,0.158192,0.108543
box_height,95.0,100.0,-60.0,-50.0,normal,0.000000,0.075459,0.051630
miss_detection,95.0,100.0,-50.0,-40.0,constant,1.000000,,
distal,95.0,100.0,-50.0,-40.0,normal,0.000000,0.113883,0.071738
perpendicular,95.0,100.0,-50.0,-40.0,normal,0.000000,0.080888,0.055199
height,95.0,100.0,-50.0,-40.0,normal,0.000000,0.056859,0.035965
yaw,95.0,100.0,-50.0,-40.0,normal,0.000000,0.312987,0.100466
width,95.0,100.0,-50.0,-40.0,normal,0.000000,0.118622,0.088224
length,95.0,100.0,-50.0,-40.0,normal,0.000000,0.158192,0.108543
box_height,95.0,100.0,-50.0,-40.0,normal,0.000000,0.075459,0.051630
miss_detection,95.0,100.0,-40.0,-30.0,constant,1.000000,,
distal,95.0,100.0,-40.0,-30.0,normal,0.000000,0.113883,0.071738
perpendicular,95.0,100.0,-40.0,-30.0,normal,0.000000,0.080888,0.055199
height,95.0,100.0,-40.0,-30.0,normal,0.000000,0.056859,0.035965
yaw,95.0,100.0,-40.0,-30.0,normal,0.000000,0.312987,0.100466
width,95.0,100.0,-40.0,-30.0,normal,0.000000,0.118622,0.088224
length,95.0,100.0,-40.0,-30.0,normal,0.000000,0.158192,0.108543
box_height,95.0,100.0,-40.0,-30.0,normal,0.000000,0.075459,0.051630
miss_detection,95.0,100.0,-30.0,-20.0,constant,1.000000,,
distal,95.0,100.0,-30.0,-20.0,normal,0.000000,0.113883,0.071738
perpendicular,95.0,100.0,-30.0,-20.0,normal,0.000000,0.080888,0.055199
height,95.0,100.0,-30.0,-20.0,normal,0.000000,0.056859,0.035965
yaw,95.0,100.0,-30.0,-20.0,normal,0.000000,0.312987,0.100466
width,95.0,100.0,-30.0,-20.0,normal,0.000000,0.118622,0.088224
length,95.0,100.0,-30.0,-20.0,normal,0.000000,0.158192,0.108543
box_height,95.0,100.0,-30.0,-20.0,normal,0.000000,0.075459,0.051630
miss_detection,95.0,100.0,-20.0,-10.0,constant,1.000000,,
distal,95.0,100.0,-20.0,-10.0,normal,0.000000,0.113883,0.071738
perpendicular,95.0,100.0,-20.0,-10.0,normal,0.000000,0.080888,0.055199
height,95.0,100.0,-20.0,-10.0,normal,0.000000,0.056859,0.035965
yaw,95.0,100.0,-20.0,-10.0,normal,0.000000,0.312987,0.100466
width,95.0,100.0,-20.0,-10.0,normal,0.000000,0.118622,0.088224
length,95.0,100.0,-20.0,-10.0,normal,0.000000,0.158192,0.108543
box_height,95.0,100.0,-20.0,-10.0,normal,0.000000,0.075459,0.051630
miss_detection,95.0,100.0,-10.0,0.0,constant,1.000000,,
distal,95.0,100.0,-10.0,0.0,normal,0.000000,0.113883,0.071738
perpendicular,95.0,100.0,-10.0,0.0,normal,0.000000,0.080888,0.055199
height,95.0,100.0,-10.0,0.0,normal,0.000000,0.056859,0.035965
yaw,95.0,100.0,-10.0,0.0,normal,0.000000,0.312987,0.100466
width,95.0,100.0,-10.0,0.0,normal,0.000000,0.118622,0.088224
length,95.0,100.0,-10.0,0.0,normal,0.000000,0.158192,0.108543
box_height,95.0,100.0,-10.0,0.0,normal,0.000000,0.075459,0.051630
miss_detection,95.0,100.0,0.0,10.0,constant,1.000000,,
distal,95.0,100.0,0.0,10.0,normal,0.000000,0.113883,0.071738
perpendicular,95.0,100.0,0.0,10.0,normal,0.000000,0.080888,0.055199
height,95.0,100.0,0.0,10.0,normal,0.000000,0.056859,0.035965
yaw,95.0,100.0,0.0,10.0,normal,0.000000,0.312987,0.100466
width,95.0,100.0,0.0,10.0,normal,0.000000,0.118622,0.088224
length,95.0,100.0,0.0,10.0,normal,0.000000,0.158192,0.108543
box_height,95.0,100.0,0.0,10.0,normal,0.000000,0.075459,0.051630
miss_detection,95.0,100.0,10.0,20.0,constant,1.000000,,
distal,95.0,100.0,10.0,20.0,normal,0.000000,0.113883,0.071738
perpendicular,95.0,100.0,10.0,20.0,normal,0.000000,0.080888,0.055199
height,95.0,100.0,10.0,20.0,normal,0.000000,0.056859,0.035965
yaw,95.0,100.0,10.0,20.0,normal,0.000000,0.312987,0.100466
width,95.0,100.0,10.0,20.0,normal,0.000000,0.118622,0.088224
length,95.0,100.0,10.0,20.0,normal,0.000000,0.158192,0.108543
box_height,95.0,100.0,10.0,20.0,normal,0.000000,0.075459,0.051630
miss_detection,95.0,100.0,20.0,30.0,constant,1.000000,,
distal,95.0,100.0,20.0,30.0,normal,0.000000,0.113883,0.071738
perpendicular,95.0,100.0,20.0,30.0,normal,0.000000,0.080888,0.055199
height,95.0,100.0,20.0,30.0,normal,0.000000,0.056859,0.035965
yaw,95.0,100.0,20.0,30.0,normal,0.000000,0.312987,0.100466
width,95.0,100.0,20.0,30.0,normal,0.000000,0.118622,0.088224
length,95.0,100.0,20.0,30.0,normal,0.000000,0.158192,0.108543
box_height,95.0,100.0,20.0,30.0,normal,0.000000,0.075459,0.051630
miss_detection,95.0,100.0,30.0,40.0,constant,1.000000,,
distal,95.0,100.0,30.0,40.0,normal,0.000000,0.113883,0.071738
perpendicular,95.0,100.0,30.0,40.0,normal,0.000000,0.080888,0.055199
height,95.0,100.0,30.0,40.0,normal,0.000000,0.056859,0.035965
yaw,95.0,100.0,30.0,40.0,normal,0.000000,0.312987,0.100466
width,95.0,100.0,30.0,40.0,normal,0.000000,0.118622,0.088224
length,95.0,100.0,30.0,40.0,normal,0.000000,0.158192,0.108543
box_height,95.0,100.0,30.0,40.0,normal,0.000000,0.075459,0.051630
miss_detection,95.0,100.0,40.0,50.0,constant,1.000000,,
distal,95.0,100.0,40.0,50.0,normal,0.000000,0.113883,0.071738
perpendicular,95.0,100.0,40.0,50.0,normal,0.000000,0.080888,0.055199
height,95.0,100.0,40.0,50.0,normal,0.000000,0.056859,0.035965
yaw,95.0,100.0,40.0,50.0,normal,0.000000,0.312987,0.100466
width,95.0,100.0,40.0,50.0,normal,0.000000,0.118622,0.088224
length,95.0,100.0,40.0,50.0,normal,0.000000,0.158192,0.108543
box_height,95.0,100.0,40.0,50.0,normal,0.000000,0.075459,0.051630
miss_detection,95.0,100.0,50.0,60.0,constant,1.000000,,
distal,95.0,100.0,50.0,60.0,normal,0.000000,0.113883,0.071738
perpendicular,95.0,100.0,50.0,60.0,normal,0.000000,0.080888,0.055199
height,95.0,100.0,50.0,60.0,normal,0.000000,0.056859,0.035965
yaw,95.0,100.0,50.0,60.0,normal,0.000000,0.312987,0.100466
width,95.0,100.0,50.0,60.0,normal,0.000000,0.118622,0.088224
length,95.0,100.0,50.0,60.0,normal,0.000000,0.158192,0.108543
box_height,95.0,100.0,50.0,60.0,normal,0.000000,0.075459,0.051630
miss_detection,95.0,100.0,60.0,70.0,constant,1.000000,,
distal,95.0,100.0,60.0,70.0,normal,0.000000,0.113883,0.071738
perpendicular,95.0,100.0,60.0,70.0,normal,0.000000,0.080888,0.055199
height,95.0,100.0,60.0,70.0,normal,0.000000,0.056859,0.035965
yaw,95.0,100.0,60.0,70.0,normal,0.000000,0.312987,0.100466
width,95.0,100.0,60.0,70.0,normal,0.000000,0.118622,0.088224
length,95.0,100.0,60.0,70.0,normal,0.000000,0.158192,0.108543
box_height,95.0,100.0,60.0,70.0,normal,0.000000,0.075459,0.051630
miss_detection,95.0,100.0,70.0,80.0,constant,1.000000,,
distal,95.0,100.0,70.0,80.0,normal,0.000000,0.113883,0.071738
perpendicular,95.0,100.0,70.0,80.0,normal,0.000000,0.080888,0.055199
height,95.0,100.0,70.0,80.0,normal,0.000000,0.056859,0.035965
yaw,95.0,100.0,70.0,80.0,normal,0.000000,0.312987,0.100466
width,95.0,100.0,70.0,80.0,normal,0.000000,0.118622,0.088224
length,95.0,100.0,70.0,80.0,normal,0.000000,0.158192,0.108543
box_height,95.0,100.0,70.0,80.0,normal,0.000000,0.075459,0.051630
miss_detection,95.0,100.0,80.0,90.0,constant,1.000000,,
distal,95.0,100.0,80.0,90.0,normal,0.000000,0.113883,0.071738
perpendicular,95.0,100.0,80.0,90.0,normal,0.000000,0.080888,0.055199
height,95.0,100.0,80.0,90.0,normal,0.000000,0.056859,0.035965
yaw,95.0,100.0,80.0,90.0,normal,0.000000,0.312987,0.100466
width,95.0,100.0,80.0,90.0,normal,0.000000,0.118622,0.088224
length,95.0,100.0,80.0,90.0,normal,0.000000,0.158192,0.108543
box_height,95.0,100.0,80.0,90.0,normal,0.000000,0.075459,0.051630
miss_detection,95.0,100.0,90.0,100.0,constant,1.000000,,
distal,95.0,100.0,90.0,100.0,normal,0.000000,0.113883,0.071738
perpendicular,95.0,100.0,90.0,100.0,normal,0.000000,0.080888,0.055199
height,95.0,100.0,90.0,100.0,normal,0.000000,0.056859,0.035965
yaw,95.0,100.0,90.0,100.0,normal,0.000000,0.312987,0.100466
width,95.0,100.0,90.0,100.0,normal,0.000000,0.118622,0.088224
length,95.0,100.0,90.0,100.0,normal,0.000000,0.158192,0.108543
box_height,95.0,100.0,90.0,100.0,normal,0.000000,0.075459,0.051630
miss_detection,95.0,100.0,100.0,110.0,constant,1.000000,,
distal,95.0,100.0,100.0,110.0,normal,0.000000,0.113883,0.071738
perpendicular,95.0,100.0,100.0,110.0,normal,0.000000,0.080888,0.055199
height,95.0,100.0,100.0,110.0,normal,0.000000,0.056859,0.035965
yaw,95.0,100.0,100.0,110.0,normal,0.000000,0.312987,0.100466
width,95.0,100.0,100.0,110.0,normal,0.000000,0.118622,0.088224
length,95.0,100.0,100.0,110.0,normal,0.000000,0.158192,0.108543
box_height,95.0,100.0,100.0,110.0,normal,0.000000,0.075459,0.051630
miss_detection,95.0,100.0,110.0,120.0,constant,1.000000,,
distal,95.0,100.0,110.0,120.0,normal,0.000000,0.113883,0.071738
perpendicular,95.0,100.0,110.0,120.0,normal,0.000000,0.080888,0.055199
height,95.0,100.0,110.0,120.0,normal,0.000000,0.056859,0.035965
yaw,95.0,100.0,110.0,120.0,normal,0.000000,0.312987,0.100466
width,95.0,100.0,110.0,120.0,normal,0.000000,0.118622,0.088224
length,95.0,100.0,110.0,120.0,normal,0.000000,0.158192,0.108543
box_height,95.0,100.0,110.0,120.0,normal,0.000000,0.075459,0.051630
miss_detection,95.0,100.0,120.0,130.0,constant,1.000000,,
distal,95.0,100.0,120.0,130.0,normal,0.000000,0.113883,0.071738
perpendicular,95.0,100.0,120.0,130.0,normal,0.000000,0.080888,0.055199
height,95.0,100.0,120.0,130.0,normal,0.000000,0.056859,0.035965
yaw,95.0,100.0,120.0,130.0,normal,0.000000,0.312987,0.100466
width,95.0,100.0,120.0,130.0,normal,0.000000,0.118622,0.088224
length,95.0,100.0,120.0,130.0,normal,0.000000,0.158192,0.108543
box_height,95.0,100.0,120.0,130.0,normal,0.000000,0.075459,0.051630
miss_detection,95.0,100.0,130.0,140.0,constant,1.000000,,
distal,95.0,100.0,130.0,140.0,normal,0.000000,0.113883,0.071738
perpendicular,95.0,100.0,130.0,140.0,normal,0.000000,0.080888,0.055199
height,95.0,100.0,130.0,140.0,normal,0.000000,0.056859,0.035965
yaw,95.0,100.0,130.0,140.0,normal,0.000000,0.312987,0.100466
width,95.0,100.0,130.0,140.0,normal,0.000000,0.118622,0.088224
length,95.0,100.0,130.0,140.0,normal,0.000000,0.158192,0.108543
box_height,95.0,100.0,130.0,140.0,normal,0.000000,0.075459,0.051630
miss_detection,95.0,100.0,140.0,150.0,constant,1.000000,,
distal,95.0,100.0,140.0,150.0,normal,0.000000,0.113883,0.071738
perpendicular,95.0,100.0,140.0,150.0,normal,0.000000,0.080888,0.055199
height,95.0,100.0,140.0,150.0,normal,0.000000,0.056859,0.035965
yaw,95.0,100.0,140.0,150.0,normal,0.000000,0.312987,0.100466
width,95.0,100.0,140.0,150.0,normal,0.000000,0.118622,0.088224
length,95.0,100.0,140.0,150.0,normal,0.000000,0.158192,0.108543
box_height,95.0,100.0,140.0,150.0,normal,0.000000,0.075459,0.051630
miss_detection,95.0,100.0,150.0,160.0,constant,1.000000,,
distal,95.0,100.0,150.0,160.0,normal,0.000000,0.113883,0.071738
perpendicular,95.0,100.0,150.0,160.0,normal,0.000000,0.080888,0.055199
height,95.0,100.0,150.0,160.0,normal,0.000000,0.056859,0.035965
yaw,95.0,100.0,150.0,160.0,normal,0.000000,0.312987,0.100466
width,95.0,100.0,150.0,160.0,normal,0.000000,0.118622,0.088224
length,95.0,100.0,150.0,160.0,normal,0.000000,0.158192,0.108543
box_height,95.0,100.0,150.0,160.0,normal,0.000000,0.075459,0.051630
miss_detection,95.0,100.0,160.0,170.0,constant,1.000000,,
distal,95.0,100.0,160.0,170.0,normal,0.000000,0.113883,0.071738
perpendicular,95.0,100.0,160.0,170.0,normal,0.000000,0.080888,0.055199
height,95.0,100.0,160.0,170.0,normal,0.000000,0.056859,0.035965
yaw,95.0,100.0,160.0,170.0,normal,0.000000,0.312987,0.100466
width,95.0,100.0,160.0,170.0,normal,0.000000,0.118622,0.088224
length,95.0,100.0,160.0,170.0,normal,0.000000,0.158192,0.108543
box_height,95.0,100.0,160.0,170.0,normal,0.000000,0.075459,0.051630
miss_detection,95.0,100.0,170.0,180.0,constant,1.000000,,
distal,95.0,100.0,170.0,180.0,normal,0.000000,0.113883,0.071738
perpendicular,95.0,100.0,170.0,180.0,normal,0.000000,0.080888,0.055199
height,95.0,100.0,170.0,180.0,normal,0.000000,0.056859,0.035965
yaw,95.0,100.0,170.0,180.0,normal,0.000000,0.312987,0.100466
width,95.0,100.0,170.0,180.0,normal,0.000000,0.118622,0.088224
length,95.0,100.0,170.0,180.0,normal,0.000000,0.158192,0.108543
box_height,95.0,100.0,170.0,180.0,normal,0.000000,0.075459,0.051630
miss_detection,100.0,105.0,-180.0,-170.0,constant,1.000000,,
distal,100.0,105.0,-180.0,-170.0,normal,0.000000,0.113883,0.071738
perpendicular,100.0,105.0,-180.0,-170.0,normal,0.000000,0.080888,0.055199
height,100.0,105.0,-180.0,-170.0,normal,0.000000,0.056859,0.035965
yaw,100.0,105.0,-180.0,-170.0,normal,0.000000,0.312987,0.100466
width,100.0,105.0,-180.0,-170.0,normal,0.000000,0.118622,0.088224
length,100.0,105.0,-180.0,-170.0,normal,0.000000,0.158192,0.108543
box_height,100.0,105.0,-180.0,-170.0,normal,0.000000,0.075459,0.051630
miss_detection,100.0,105.0,-170.0,-160.0,constant,1.000000,,
distal,100.0,105.0,-170.0,-160.0,normal,0.000000,0.113883,0.071738
perpendicular,100.0,105.0,-170.0,-160.0,normal,0.000000,0.080888,0.055199
height,100.0,105.0,-170.0,-160.0,normal,0.000000,0.056859,0.035965
yaw,100.0,105.0,-170.0,-160.0,normal,0.000000,0.312987,0.100466
width,100.0,105.0,-170.0,-160.0,normal,0.000000,0.118622,0.088224
length,100.0,105.0,-170.0,-160.0,normal,0.000000,0.158192,0.108543
box_height,100.0,105.0,-170.0,-160.0,normal,0.000000,0.075459,0.051630
miss_detection,100.0,105.0,-160.0,-150.0,constant,1.000000,,
distal,100.0,105.0,-160.0,-150.0,normal,0.000000,0.113883,0.071738
perpendicular,100.0,105.0,-160.0,-150.0,normal,0.000000,0.080888,0.055199
height,100.0,105.0,-160.0,-150.0,normal,0.000000,0.056859,0.035965
yaw,100.0,105.0,-160.0,-150.0,normal,0.000000,0.312987,0.100466
width,100.0,105.0,-160.0,-150.0,normal,0.000000,0.118622,0.088224
length,100.0,105.0,-160.0,-150.0,normal,0.000000,0.158192,0.108543
box_height,100.0,105.0,-160.0,-150.0,normal,0.000000,0.075459,0.051630
miss_detection,100.0,105.0,-150.0,-140.0,constant,1.000000,,
distal,100.0,105.0,-150.0,-140.0,normal,0.000000,0.113883,0.071738
perpendicular,100.0,105.0,-150.0,-140.0,normal,0.000000,0.080888,0.055199
height,100.0,105.0,-150.0,-140.0,normal,0.000000,0.056859,0.035965
yaw,100.0,105.0,-150.0,-140.0,normal,0.000000,0.312987,0.100466
width,100.0,105.0,-150.0,-140.0,normal,0.000000,0.118622,0.088224
length,100.0,105.0,-150.0,-140.0,normal,0.000000,0.158192,0.108543
box_height,100.0,105.0,-150.0,-140.0,normal,0.000000,0.075459,0.051630
miss_detection,100.0,105.0,-140.0,-130.0,constant,1.000000,,
distal,100.0,105.0,-140.0,-130.0,normal,0.000000,0.113883,0.071738
perpendicular,100.0,105.0,-140.0,-130.0,normal,0.000000,0.080888,0.055199
height,100.0,105.0,-140.0,-130.0,normal,0.000000,0.056859,0.035965
yaw,100.0,105.0,-140.0,-130.0,normal,0.000000,0.312987,0.100466
width,100.0,105.0,-140.0,-130.0,normal,0.000000,0.118622,0.088224
length,100.0,105.0,-140.0,-130.0,normal,0.000000,0.158192,0.108543
box_height,100.0,105.0,-140.0,-130.0,normal,0.000000,0.075459,0.051630
miss_detection,100.0,105.0,-130.0,-120.0,constant,1.000000,,
distal,100.0,105.0,-130.0,-120.0,normal,0.000000,0.113883,0.071738
perpendicular,100.0,105.0,-130.0,-120.0,normal,0.000000,0.080888,0.055199
height,100.0,105.0,-130.0,-120.0,normal,0.000000,0.056859,0.035965
yaw,100.0,105.0,-130.0,-120.0,normal,0.000000,0.312987,0.100466
width,100.0,105.0,-130.0,-120.0,normal,0.000000,0.118622,0.088224
length,100.0,105.0,-130.0,-120.0,normal,0.000000,0.158192,0.108543
box_height,100.0,105.0,-130.0,-120.0,normal,0.000000,0.075459,0.051630
miss_detection,100.0,105.0,-120.0,-110.0,constant,1.000000,,
distal,100.0,105.0,-120.0,-110.0,normal,0.000000,0.113883,0.071738
perpendicular,100.0,105.0,-120.0,-110.0,normal,0.000000,0.080888,0.055199
height,100.0,105.0,-120.0,-110.0,normal,0.000000,0.056859,0.035965
yaw,100.0,105.0,-120.0,-110.0,normal,0.000000,0.312987,0.100466
width,100.0,105.0,-120.0,-110.0,normal,0.000000,0.118622,0.088224
length,100.0,105.0,-120.0,-110.0,normal,0.000000,0.158192,0.108543
box_height,100.0,105.0,-120.0,-110.0,normal,0.000000,0.075459,0.051630
miss_detection,100.0,105.0,-110.0,-100.0,constant,1.000000,,
distal,100.0,105.0,-110.0,-100.0,normal,0.000000,0.113883,0.071738
perpendicular,100.0,105.0,-110.0,-100.0,normal,0.000000,0.080888,0.055199
height,100.0,105.0,-110.0,-100.0,normal,0.000000,0.056859,0.035965
yaw,100.0,105.0,-110.0,-100.0,normal,0.000000,0.312987,0.100466
width,100.0,105.0,-110.0,-100.0,normal,0.000000,0.118622,0.088224
length,100.0,105.0,-110.0,-100.0,normal,0.000000,0.158192,0.108543
box_height,100.0,105.0,-110.0,-100.0,normal,0.000000,0.075459,0.051630
miss_detection,100.0,105.0,-100.0,-90.0,constant,1.000000,,
distal,100.0,105.0,-100.0,-90.0,normal,0.000000,0.113883,0.071738
perpendicular,100.0,105.0,-100.0,-90.0,normal,0.000000,0.080888,0.055199
height,100.0,105.0,-100.0,-90.0,normal,0.000000,0.056859,0.035965
yaw,100.0,105.0,-100.0,-90.0,normal,0.000000,0.312987,0.100466
width,100.0,105.0,-100.0,-90.0,normal,0.000000,0.118622,0.088224
length,100.0,105.0,-100.0,-90.0,normal,0.000000,0.158192,0.108543
box_height,100.0,105.0,-100.0,-90.0,normal,0.000000,0.075459,0.051630
miss_detection,100.0,105.0,-90.0,-80.0,constant,1.000000,,
distal,100.0,105.0,-90.0,-80.0,normal,0.000000,0.113883,0.071738
perpendicular,100.0,105.0,-90.0,-80.0,normal,0.000000,0.080888,0.055199
height,100.0,105.0,-90.0,-80.0,normal,0.000000,0.056859,0.035965
yaw,100.0,105.0,-90.0,-80.0,normal,0.000000,0.312987,0.100466
width,100.0,105.0,-90.0,-80.0,normal,0.000000,0.118622,0.088224
length,100.0,105.0,-90.0,-80.0,normal,0.000000,0.158192,0.108543
box_height,100.0,105.0,-90.0,-80.0,normal,0.000000,0.075459,0.051630
miss_detection,100.0,105.0,-80.0,-70.0,constant,1.000000,,
distal,100.0,105.0,-80.0,-70.0,normal,0.000000,0.113883,0.071738
perpendicular,100.0,105.0,-80.0,-70.0,normal,0.000000,0.080888,0.055199
height,100.0,105.0,-80.0,-70.0,normal,0.000000,0.056859,0.035965
yaw,100.0,105.0,-80.0,-70.0,normal,0.000000,0.312987,0.100466
width,100.0,105.0,-80.0,-70.0,normal,0.000000,0.118622,0.088224
length,100.0,105.0,-80.0,-70.0,normal,0.000000,0.158192,0.108543
box_height,100.0,105.0,-80.0,-70.0,normal,0.000000,0.075459,0.051630
miss_detection,100.0,105.0,-70.0,-60.0,constant,1.000000,,
distal,100.0,105.0,-70.0,-60.0,normal,0.000000,0.113883,0.071738
perpendicular,100.0,105.0,-70.0,-60.0,normal,0.000000,0.080888,0.055199
height,100.0,105.0,-70.0,-60.0,normal,0.000000,0.056859,0.035965
yaw,100.0,105.0,-70.0,-60.0,normal,0.000000,0.312987,0.100466
width,100.0,105.0,-70.0,-60.0,normal,0.000000,0.118622,0.088224
length,100.0,105.0,-70.0,-60.0,normal,0.000000,0.158192,0.108543
box_height,100.0,105.0,-70.0,-60.0,normal,0.000000,0.075459,0.051630
miss_detection,100.0,105.0,-60.0,-50.0,constant,1.000000,,
distal,100.0,105.0,-60.0,-50.0,normal,0.000000,0.113883,0.071738
perpendicular,100.0,105.0,-60.0,-50.0,normal,0.000000,0.080888,0.055199
height,100.0,105.0,-60.0,-50.0,normal,0.000000,0.056859,0.035965
yaw,100.0,105.0,-60.0,-50.0,normal,0.000000,0.312987,0.100466
width,100.0,105.0,-60.0,-50.0,normal,0.000000,0.118622,0.088224
length,100.0,105.0,-60.0,-50.0,normal,0.000000,0.158192,0.108543
box_height,100.0,105.0,-60.0,-50.0,normal,0.000000,0.075459,0.051630
miss_detection,100.0,105.0,-50.0,-40.0,constant,1.000000,,
distal,100.0,105.0,-50.0,-40.0,normal,0.000000,0.113883,0.071738
perpendicular,100.0,105.0,-50.0,-40.0,normal,0.000000,0.080888,0.055199
height,100.0,105.0,-50.0,-40.0,normal,0.000000,0.056859,0.035965
yaw,100.0,105.0,-50.0,-40.0,normal,0.000000,0.312987,0.100466
width,100.0,105.0,-50.0,-40.0,normal,0.000000,0.118622,0.088224
length,100.0,105.0,-50.0,-40.0,normal,0.000000,0.158192,0.108543
box_height,100.0,105.0,-50.0,-40.0,normal,0.000000,0.075459,0.051630
miss_detection,100.0,105.0,-40.0,-30.0,constant,1.000000,,
distal,100.0,105.0,-40.0,-30.0,normal,0.000000,0.113883,0.071738
perpendicular,100.0,105.0,-40.0,-30.0,normal,0.000000,0.080888,0.055199
height,100.0,105.0,-40.0,-30.0,normal,0.000000,0.056859,0.035965
yaw,100.0,105.0,-40.0,-30.0,normal,0.000000,0.312987,0.100466
width,100.0,105.0,-40.0,-30.0,normal,0.000000,0.118622,0.088224
length,100.0,105.0,-40.0,-30.0,normal,0.000000,0.158192,0.108543
box_height,100.0,105.0,-40.0,-30.0,normal,0.000000,0.075459,0.051630
miss_detection,100.0,105.0,-30.0,-20.0,constant,1.000000,,
distal,100.0,105.0,-30.0,-20.0,normal,0.000000,0.113883,0.071738
perpendicular,100.0,105.0,-30.0,-20.0,normal,0.000000,0.080888,0.055199
height,100.0,105.0,-30.0,-20.0,normal,0.000000,0.056859,0.035965
yaw,100.0,105.0,-30.0,-20.0,normal,0.000000,0.312987,0.100466
width,100.0,105.0,-30.0,-20.0,normal,0.000000,0.118622,0.088224
length,100.0,105.0,-30.0,-20.0,normal,0.000000,0.158192,0.108543
box_height,100.0,105.0,-30.0,-20.0,normal,0.000000,0.075459,0.051630
miss_detection,100.0,105.0,-20.0,-10.0,constant,1.000000,,
distal,100.0,105.0,-20.0,-10.0,normal,0.000000,0.113883,0.071738
perpendicular,100.0,105.0,-20.0,-10.0,normal,0.000000,0.080888,0.055199
height,100.0,105.0,-20.0,-10.0,normal,0.000000,0.056859,0.035965
yaw,100.0,105.0,-20.0,-10.0,normal,0.000000,0.312987,0.100466
width,100.0,105.0,-20.0,-10.0,normal,0.000000,0.118622,0.088224
length,100.0,105.0,-20.0,-10.0,normal,0.000000,0.158192,0.108543
box_height,100.0,105.0,-20.0,-10.0,normal,0.000000,0.075459,0.051630
miss_detection,100.0,105.0,-10.0,0.0,constant,1.000000,,
distal,100.0,105.0,-10.0,0.0,normal,0.000000,0.113883,0.071738
perpendicular,100.0,105.0,-10.0,0.0,normal,0.000000,0.080888,0.055199
height,100.0,105.0,-10.0,0.0,normal,0.000000,0.056859,0.035965
yaw,100.0,105.0,-10.0,0.0,normal,0.000000,0.312987,0.100466
width,100.0,105.0,-10.0,0.0,normal,0.000000,0.118622,0.088224
length,100.0,105.0,-10.0,0.0,normal,0.000000,0.158192,0.108543
box_height,100.0,105.0,-10.0,0.0,normal,0.000000,0.075459,0.051630
miss_detection,100.0,105.0,0.0,10.0,constant,1.000000,,
distal,100.0,105.0,0.0,10.0,normal,0.000000,0.113883,0.071738
perpendicular,100.0,105.0,0.0,10.0,normal,0.000000,0.080888,0.055199
height,100.0,105.0,0.0,10.0,normal,0.000000,0.056859,0.035965
yaw,100.0,105.0,0.0,10.0,normal,0.000000,0.312987,0.100466
width,100.0,105.0,0.0,10.0,normal,0.000000,0.118622,0.088224
length,100.0,105.0,0.0,10.0,normal,0.000000,0.158192,0.108543
box_height,100.0,105.0,0.0,10.0,normal,0.000000,0.075459,0.051630
miss_detection,100.0,105.0,10.0,20.0,constant,1.000000,,
distal,100.0,105.0,10.0,20.0,normal,0.000000,0.113883,0.071738
perpendicular,100.0,105.0,10.0,20.0,normal,0.000000,0.080888,0.055199
height,100.0,105.0,10.0,20.0,normal,0.000000,0.056859,0.035965
yaw,100.0,105.0,10.0,20.0,normal,0.000000,0.312987,0.100466
width,100.0,105.0,10.0,20.0,normal,0.000000,0.118622,0.088224
length,100.0,105.0,10.0,20.0,normal,0.000000,0.158192,0.108543
box_height,100.0,105.0,10.0,20.0,normal,0.000000,0.075459,0.051630
miss_detection,100.0,105.0,20.0,30.0,constant,1.000000,,
distal,100.0,105.0,20.0,30.0,normal,0.000000,0.113883,0.071738
perpendicular,100.0,105.0,20.0,30.0,normal,0.000000,0.080888,0.055199
height,100.0,105.0,20.0,30.0,normal,0.000000,0.056859,0.035965
yaw,100.0,105.0,20.0,30.0,normal,0.000000,0.312987,0.100466
width,100.0,105.0,20.0,30.0,normal,0.000000,0.118622,0.088224
length,100.0,105.0,20.0,30.0,normal,0.000000,0.158192,0.108543
box_height,100.0,105.0,20.0,30.0,normal,0.000000,0.075459,0.051630
miss_detection,100.0,105.0,30.0,40.0,constant,1.000000,,
distal,100.0,105.0,30.0,40.0,normal,0.000000,0.113883,0.071738
perpendicular,100.0,105.0,30.0,40.0,normal,0.000000,0.080888,0.055199
height,100.0,105.0,30.0,40.0,normal,0.000000,0.056859,0.035965
yaw,100.0,105.0,30.0,40.0,normal,0.000000,0.312987,0.100466
width,100.0,105.0,30.0,40.0,normal,0.000000,0.118622,0.088224
length,100.0,105.0,30.0,40.0,normal,0.000000,0.158192,0.108543
box_height,100.0,105.0,30.0,40.0,normal,0.000000,0.075459,0.051630
miss_detection,100.0,105.0,40.0,50.0,constant,1.000000,,
distal,100.0,105.0,40.0,50.0,normal,0.000000,0.113883,0.071738
perpendicular,100.0,105.0,40.0,50.0,normal,0.000000,0.080888,0.055199
height,100.0,105.0,40.0,50.0,normal,0.000000,0.056859,0.035965
yaw,100.0,105.0,40.0,50.0,normal,0.000000,0.312987,0.100466
width,100.0,105.0,40.0,50.0,normal,0.000000,0.118622,0.088224
length,100.0,105.0,40.0,50.0,normal,0.000000,0.158192,0.108543
box_height,100.0,105.0,40.0,50.0,normal,0.000000,0.075459,0.051630
miss_detection,100.0,105.0,50.0,60.0,constant,1.000000,,
distal,100.0,105.0,50.0,60.0,normal,0.000000,0.113883,0.071738
perpendicular,100.0,105.0,50.0,60.0,normal,0.000000,0.080888,0.055199
height,100.0,105.0,50.0,60.0,normal,0.000000,0.056859,0.035965
yaw,100.0,105.0,50.0,60.0,normal,0.000000,0.312987,0.100466
width,100.0,105.0,50.0,60.0,normal,0.000000,0.118622,0.088224
length,100.0,105.0,50.0,60.0,normal,0.000000,0.158192,0.108543
box_height,100.0,105.0,50.0,60.0,normal,0.000000,0.075459,0.051630
miss_detection,100.0,105.0,60.0,70.0,constant,1.000000,,
distal,100.0,105.0,60.0,70.0,normal,0.000000,0.113883,0.071738
perpendicular,100.0,105.0,60.0,70.0,normal,0.000000,0.080888,0.055199
height,100.0,105.0,60.0,70.0,normal,0.000000,0.056859,0.035965
yaw,100.0,105.0,60.0,70.0,normal,0.000000,0.312987,0.100466
width,100.0,105.0,60.0,70.0,normal,0.000000,0.118622,0.088224
length,100.0,105.0,60.0,70.0,normal,0.000000,0.158192,0.108543
box_height,100.0,105.0,60.0,70.0,normal,0.000000,0.075459,0.051630
miss_detection,100.0,105.0,70.0,80.0,constant,1.000000,,
distal,100.0,105.0,70.0,80.0,normal,0.000000,0.113883,0.071738
perpendicular,100.0,105.0,70.0,80.0,normal,0.000000,0.080888,0.055199
height,100.0,105.0,70.0,80.0,normal,0.000000,0.056859,0.035965
yaw,100.0,105.0,70.0,80.0,normal,0.000000,0.312987,0.100466
width,100.0,105.0,70.0,80.0,normal,0.000000,0.118622,0.088224
length,100.0,105.0,70.0,80.0,normal,0.000000,0.158192,0.108543
box_height,100.0,105.0,70.0,80.0,normal,0.000000,0.075459,0.051630
miss_detection,100.0,105.0,80.0,90.0,constant,1.000000,,
distal,100.0,105.0,80.0,90.0,normal,0.000000,0.113883,0.071738
perpendicular,100.0,105.0,80.0,90.0,normal,0.000000,0.080888,0.055199
height,100.0,105.0,80.0,90.0,normal,0.000000,0.056859,0.035965
yaw,100.0,105.0,80.0,90.0,normal,0.000000,0.312987,0.100466
width,100.0,105.0,80.0,90.0,normal,0.000000,0.118622,0.088224
length,100.0,105.0,80.0,90.0,normal,0.000000,0.158192,0.108543
box_height,100.0,105.0,80.0,90.0,normal,0.000000,0.075459,0.051630
miss_detection,100.0,105.0,90.0,100.0,constant,1.000000,,
distal,100.0,105.0,90.0,100.0,normal,0.000000,0.113883,0.071738
perpendicular,100.0,105.0,90.0,100.0,normal,0.000000,0.080888,0.055199
height,100.0,105.0,90.0,100.0,normal,0.000000,0.056859,0.035965
yaw,100.0,105.0,90.0,100.0,normal,0.000000,0.312987,0.100466
width,100.0,105.0,90.0,100.0,normal,0.000000,0.118622,0.088224
length,100.0,105.0,90.0,100.0,normal,0.000000,0.158192,0.108543
box_height,100.0,105.0,90.0,100.0,normal,0.000000,0.075459,0.051630
miss_detection,100.0,105.0,100.0,110.0,constant,1.000000,,
distal,100.0,105.0,100.0,110.0,normal,0.000000,0.113883,0.071738
perpendicular,100.0,105.0,100.0,110.0,normal,0.000000,0.080888,0.055199
height,100.0,105.0,100.0,110.0,normal,0.000000,0.056859,0.035965
yaw,100.0,105.0,100.0,110.0,normal,0.000000,0.312987,0.100466
width,100.0,105.0,100.0,110.0,normal,0.000000,0.118622,0.088224
length,100.0,105.0,100.0,110.0,normal,0.000000,0.158192,0.108543
box_height,100.0,105.0,100.0,110.0,normal,0.000000,0.075459,0.051630
miss_detection,100.0,105.0,110.0,120.0,constant,1.000000,,
distal,100.0,105.0,110.0,120.0,normal,0.000000,0.113883,0.071738
perpendicular,100.0,105.0,110.0,120.0,normal,0.000000,0.080888,0.055199
height,100.0,105.0,110.0,120.0,normal,0.000000,0.056859,0.035965
yaw,100.0,105.0,110.0,120.0,normal,0.000000,0.312987,0.100466
width,100.0,105.0,110.0,120.0,normal,0.000000,0.118622,0.088224
length,100.0,105.0,110.0,120.0,normal,0.000000,0.158192,0.108543
box_height,100.0,105.0,110.0,120.0,normal,0.000000,0.075459,0.051630
miss_detection,100.0,105.0,120.0,130.0,constant,1.000000,,
distal,100.0,105.0,120.0,130.0,normal,0.000000,0.113883,0.071738
perpendicular,100.0,105.0,120.0,130.0,normal,0.000000,0.080888,0.055199
height,100.0,105.0,120.0,130.0,normal,0.000000,0.056859,0.035965
yaw,100.0,105.0,120.0,130.0,normal,0.000000,0.312987,0.100466
width,100.0,105.0,120.0,130.0,normal,0.000000,0.118622,0.088224
length,100.0,105.0,120.0,130.0,normal,0.000000,0.158192,0.108543
box_height,100.0,105.0,120.0,130.0,normal,0.000000,0.075459,0.051630
miss_detection,100.0,105.0,130.0,140.0,constant,1.000000,,
distal,100.0,105.0,130.0,140.0,normal,0.000000,0.113883,0.071738
perpendicular,100.0,105.0,130.0,140.0,normal,0.000000,0.080888,0.055199
height,100.0,105.0,130.0,140.0,normal,0.000000,0.056859,0.035965
yaw,100.0,105.0,130.0,140.0,normal,0.000000,0.312987,0.100466
width,100.0,105.0,130.0,140.0,normal,0.000000,0.118622,0.088224
length,100.0,105.0,130.0,140.0,normal,0.000000,0.158192,0.108543
box_height,100.0,105.0,130.0,140.0,normal,0.000000,0.075459,0.051630
miss_detection,100.0,105.0,140.0,150.0,constant,1.000000,,
distal,100.0,105.0,140.0,150.0,normal,0.000000,0.113883,0.071738
perpendicular,100.0,105.0,140.0,150.0,normal,0.000000,0.080888,0.055199
height,100.0,105.0,140.0,150.0,normal,0.000000,0.056859,0.035965
yaw,100.0,105.0,140.0,150.0,normal,0.000000,0.312987,0.100466
width,100.0,105.0,140.0,150.0,normal,0.000000,0.118622,0.088224
length,100.0,105.0,140.0,150.0,normal,0.000000,0.158192,0.108543
box_height,100.0,105.0,140.0,150.0,normal,0.000000,0.075459,0.051630
miss_detection,100.0,105.0,150.0,160.0,constant,1.000000,,
distal,100.0,105.0,150.0,160.0,normal,0.000000,0.113883,0.071738
perpendicular,100.0,105.0,150.0,160.0,normal,0.000000,0.080888,0.055199
height,100.0,105.0,150.0,160.0,normal,0.000000,0.056859,0.035965
yaw,100.0,105.0,150.0,160.0,normal,0.000000,0.312987,0.100466
width,100.0,105.0,150.0,160.0,normal,0.000000,0.118622,0.088224
length,100.0,105.0,150.0,160.0,normal,0.000000,0.158192,0.108543
box_height,100.0,105.0,150.0,160.0,normal,0.000000,0.075459,0.051630
miss_detection,100.0,105.0,160.0,170.0,constant,1.000000,,
distal,100.0,105.0,160.0,170.0,normal,0.000000,0.113883,0.071738
perpendicular,100.0,105.0,160.0,170.0,normal,0.000000,0.080888,0.055199
height,100.0,105.0,160.0,170.0,normal,0.000000,0.056859,0.035965
yaw,100.0,105.0,160.0,170.0,normal,0.000000,0.312987,0.100466
width,100.0,105.0,160.0,170.0,normal,0.000000,0.118622,0.088224
length,100.0,105.0,160.0,170.0,normal,0.000000,0.158192,0.108543
box_height,100.0,105.0,160.0,170.0,normal,0.000000,0.075459,0.051630
miss_detection,100.0,105.0,170.0,180.0,constant,1.000000,,
distal,100.0,105.0,170.0,180.0,normal,0.000000,0.113883,0.071738
perpendicular,100.0,105.0,170.0,180.0,normal,0.000000,0.080888,0.055199
height,100.0,105.0,170.0,180.0,normal,0.000000,0.056859,0.035965
yaw,100.0,105.0,170.0,180.0,normal,0.000000,0.312987,0.100466
width,100.0,105.0,170.0,180.0,normal,0.000000,0.118622,0.088224
length,100.0,105.0,170.0,180.0,normal,0.000000,0.158192,0.108543
box_height,100.0,105.0,170.0,180.0,normal,0.000000,0.075459,0.051630
miss_detection,105.0,110.0,-180.0,-170.0,constant,1.000000,,
distal,105.0,110.0,-180.0,-170.0,normal,0.000000,0.113883,0.071738
perpendicular,105.0,110.0,-180.0,-170.0,normal,0.000000,0.080888,0.055199
height,105.0,110.0,-180.0,-170.0,normal,0.000000,0.056859,0.035965
yaw,105.0,110.0,-180.0,-170.0,normal,0.000000,0.312987,0.100466
width,105.0,110.0,-180.0,-170.0,normal,0.000000,0.118622,0.088224
length,105.0,110.0,-180.0,-170.0,normal,0.000000,0.158192,0.108543
box_height,105.0,110.0,-180.0,-170.0,normal,0.000000,0.075459,0.051630
miss_detection,105.0,110.0,-170.0,-160.0,constant,1.000000,,
distal,105.0,110.0,-170.0,-160.0,normal,0.000000,0.113883,0.071738
perpendicular,105.0,110.0,-170.0,-160.0,normal,0.000000,0.080888,0.055199
height,105.0,110.0,-170.0,-160.0,normal,0.000000,0.056859,0.035965
yaw,105.0,110.0,-170.0,-160.0,normal,0.000000,0.312987,0.100466
width,105.0,110.0,-170.0,-160.0,normal,0.000000,0.118622,0.088224
length,105.0,110.0,-170.0,-160.0,normal,0.000000,0.158192,0.108543
box_height,105.0,110.0,-170.0,-160.0,normal,0.000000,0.075459,0.051630
miss_detection,105.0,110.0,-160.0,-150.0,constant,1.000000,,
distal,105.0,110.0,-160.0,-150.0,normal,0.000000,0.113883,0.071738
perpendicular,105.0,110.0,-160.0,-150.0,normal,0.000000,0.080888,0.055199
height,105.0,110.0,-160.0,-150.0,normal,0.000000,0.056859,0.035965
yaw,105.0,110.0,-160.0,-150.0,normal,0.000000,0.312987,0.100466
width,105.0,110.0,-160.0,-150.0,normal,0.000000,0.118622,0.088224
length,105.0,110.0,-160.0,-150.0,normal,0.000000,0.158192,0.108543
box_height,105.0,110.0,-160.0,-150.0,normal,0.000000,0.075459,0.051630
miss_detection,105.0,110.0,-150.0,-140.0,constant,1.000000,,
distal,105.0,110.0,-150.0,-140.0,normal,0.000000,0.113883,0.071738
perpendicular,105.0,110.0,-150.0,-140.0,normal,0.000000,0.080888,0.055199
height,105.0,110.0,-150.0,-140.0,normal,0.000000,0.056859,0.035965
yaw,105.0,110.0,-150.0,-140.0,normal,0.000000,0.312987,0.100466
width,105.0,110.0,-150.0,-140.0,normal,0.000000,0.118622,0.088224
length,105.0,110.0,-150.0,-140.0,normal,0.000000,0.158192,0.108543
box_height,105.0,110.0,-150.0,-140.0,normal,0.000000,0.075459,0.051630
miss_detection,105.0,110.0,-140.0,-130.0,constant,1.000000,,
distal,105.0,110.0,-140.0,-130.0,normal,0.000000,0.113883,0.071738
perpendicular,105.0,110.0,-140.0,-130.0,normal,0.000000,0.080888,0.055199
height,105.0,110.0,-140.0,-130.0,normal,0.000000,0.056859,0.035965
yaw,105.0,110.0,-140.0,-130.0,normal,0.000000,0.312987,0.100466
width,105.0,110.0,-140.0,-130.0,normal,0.000000,0.118622,0.088224
length,105.0,110.0,-140.0,-130.0,normal,0.000000,0.158192,0.108543
box_height,105.0,110.0,-140.0,-130.0,normal,0.000000,0.075459,0.051630
miss_detection,105.0,110.0,-130.0,-120.0,constant,1.000000,,
distal,105.0,110.0,-130.0,-120.0,normal,0.000000,0.113883,0.071738
perpendicular,105.0,110.0,-130.0,-120.0,normal,0.000000,0.080888,0.055199
height,105.0,110.0,-130.0,-120.0,normal,0.000000,0.056859,0.035965
yaw,105.0,110.0,-130.0,-120.0,normal,0.000000,0.312987,0.100466
width,105.0,110.0,-130.0,-120.0,normal,0.000000,0.118622,0.088224
length,105.0,110.0,-130.0,-120.0,normal,0.000000,0.158192,0.108543
box_height,105.0,110.0,-130.0,-120.0,normal,0.000000,0.075459,0.051630
miss_detection,105.0,110.0,-120.0,-110.0,constant,1.000000,,
distal,105.0,110.0,-120.0,-110.0,normal,0.000000,0.113883,0.071738
perpendicular,105.0,110.0,-120.0,-110.0,normal,0.000000,0.080888,0.055199
height,105.0,110.0,-120.0,-110.0,normal,0.000000,0.056859,0.035965
yaw,105.0,110.0,-120.0,-110.0,normal,0.000000,0.312987,0.100466
width,105.0,110.0,-120.0,-110.0,normal,0.000000,0.118622,0.088224
length,105.0,110.0,-120.0,-110.0,normal,0.000000,0.158192,0.108543
box_height,105.0,110.0,-120.0,-110.0,normal,0.000000,0.075459,0.051630
miss_detection,105.0,110.0,-110.0,-100.0,constant,1.000000,,
distal,105.0,110.0,-110.0,-100.0,normal,0.000000,0.113883,0.071738
perpendicular,105.0,110.0,-110.0,-100.0,normal,0.000000,0.080888,0.055199
height,105.0,110.0,-110.0,-100.0,normal,0.000000,0.056859,0.035965
yaw,105.0,110.0,-110.0,-100.0,normal,0.000000,0.312987,0.100466
width,105.0,110.0,-110.0,-100.0,normal,0.000000,0.118622,0.088224
length,105.0,110.0,-110.0,-100.0,normal,0.000000,0.158192,0.108543
box_height,105.0,110.0,-110.0,-100.0,normal,0.000000,0.075459,0.051630
miss_detection,105.0,110.0,-100.0,-90.0,constant,1.000000,,
distal,105.0,110.0,-100.0,-90.0,normal,0.000000,0.113883,0.071738
perpendicular,105.0,110.0,-100.0,-90.0,normal,0.000000,0.080888,0.055199
height,105.0,110.0,-100.0,-90.0,normal,0.000000,0.056859,0.035965
yaw,105.0,110.0,-100.0,-90.0,normal,0.000000,0.312987,0.100466
width,105.0,110.0,-100.0,-90.0,normal,0.000000,0.118622,0.088224
length,105.0,110.0,-100.0,-90.0,normal,0.000000,0.158192,0.108543
box_height,105.0,110.0,-100.0,-90.0,normal,0.000000,0.075459,0.051630
miss_detection,105.0,110.0,-90.0,-80.0,constant,1.000000,,
distal,105.0,110.0,-90.0,-80.0,normal,0.000000,0.113883,0.071738
perpendicular,105.0,110.0,-90.0,-80.0,normal,0.000000,0.080888,0.055199
height,105.0,110.0,-90.0,-80.0,normal,0.000000,0.056859,0.035965
yaw,105.0,110.0,-90.0,-80.0,normal,0.000000,0.312987,0.100466
width,105.0,110.0,-90.0,-80.0,normal,0.000000,0.118622,0.088224
length,105.0,110.0,-90.0,-80.0,normal,0.000000,0.158192,0.108543
box_height,105.0,110.0,-90.0,-80.0,normal,0.000000,0.075459,0.051630
miss_detection,105.0,110.0,-80.0,-70.0,constant,1.000000,,
distal,105.0,110.0,-80.0,-70.0,normal,0.000000,0.113883,0.071738
perpendicular,105.0,110.0,-80.0,-70.0,normal,0.000000,0.080888,0.055199
height,105.0,110.0,-80.0,-70.0,normal,0.000000,0.056859,0.035965
yaw,105.0,110.0,-80.0,-70.0,normal,0.000000,0.312987,0.100466
width,105.0,110.0,-80.0,-70.0,normal,0.000000,0.118622,0.088224
length,105.0,110.0,-80.0,-70.0,normal,0.000000,0.158192,0.108543
box_height,105.0,110.0,-80.0,-70.0,normal,0.000000,0.075459,0.051630
miss_detection,105.0,110.0,-70.0,-60.0,constant,1.000000,,
distal,105.0,110.0,-70.0,-60.0,normal,0.000000,0.113883,0.071738
perpendicular,105.0,110.0,-70.0,-60.0,normal,0.000000,0.080888,0.055199
height,105.0,110.0,-70.0,-60.0,normal,0.000000,0.056859,0.035965
yaw,105.0,110.0,-70.0,-60.0,normal,0.000000,0.312987,0.100466
width,105.0,110.0,-70.0,-60.0,normal,0.000000,0.118622,0.088224
length,105.0,110.0,-70.0,-60.0,normal,0.000000,0.158192,0.108543
box_height,105.0,110.0,-70.0,-60.0,normal,0.000000,0.075459,0.051630
miss_detection,105.0,110.0,-60.0,-50.0,constant,1.000000,,
distal,105.0,110.0,-60.0,-50.0,normal,0.000000,0.113883,0.071738
perpendicular,105.0,110.0,-60.0,-50.0,normal,0.000000,0.080888,0.055199
height,105.0,110.0,-60.0,-50.0,normal,0.000000,0.056859,0.035965
yaw,105.0,110.0,-60.0,-50.0,normal,0.000000,0.312987,0.100466
width,105.0,110.0,-60.0,-50.0,normal,0.000000,0.118622,0.088224
length,105.0,110.0,-60.0,-50.0,normal,0.000000,0.158192,0.108543
box_height,105.0,110.0,-60.0,-50.0,normal,0.000000,0.075459,0.051630
miss_detection,105.0,110.0,-50.0,-40.0,constant,1.000000,,
distal,105.0,110.0,-50.0,-40.0,normal,0.000000,0.113883,0.071738
perpendicular,105.0,110.0,-50.0,-40.0,normal,0.000000,0.080888,0.055199
height,105.0,110.0,-50.0,-40.0,normal,0.000000,0.056859,0.035965
yaw,105.0,110.0,-50.0,-40.0,normal,0.000000,0.312987,0.100466
width,105.0,110.0,-50.0,-40.0,normal,0.000000,0.118622,0.088224
length,105.0,110.0,-50.0,-40.0,normal,0.000000,0.158192,0.108543
box_height,105.0,110.0,-50.0,-40.0,normal,0.000000,0.075459,0.051630
miss_detection,105.0,110.0,-40.0,-30.0,constant,1.000000,,
distal,105.0,110.0,-40.0,-30.0,normal,0.000000,0.113883,0.071738
perpendicular,105.0,110.0,-40.0,-30.0,normal,0.000000,0.080888,0.055199
height,105.0,110.0,-40.0,-30.0,normal,0.000000,0.056859,0.035965
yaw,105.0,110.0,-40.0,-30.0,normal,0.000000,0.312987,0.100466
width,105.0,110.0,-40.0,-30.0,normal,0.000000,0.118622,0.088224
length,105.0,110.0,-40.0,-30.0,normal,0.000000,0.158192,0.108543
box_height,105.0,110.0,-40.0,-30.0,normal,0.000000,0.075459,0.051630
miss_detection,105.0,110.0,-30.0,-20.0,constant,1.000000,,
distal,105.0,110.0,-30.0,-20.0,normal,0.000000,0.113883,0.071738
perpendicular,105.0,110.0,-30.0,-20.0,normal,0.000000,0.080888,0.055199
height,105.0,110.0,-30.0,-20.0,normal,0.000000,0.056859,0.035965
yaw,105.0,110.0,-30.0,-20.0,normal,0.000000,0.312987,0.100466
width,105.0,110.0,-30.0,-20.0,normal,0.000000,0.118622,0.088224
length,105.0,110.0,-30.0,-20.0,normal,0.000000,0.158192,0.108543
box_height,105.0,110.0,-30.0,-20.0,normal,0.000000,0.075459,0.051630
miss_detection,105.0,110.0,-20.0,-10.0,constant,1.000000,,
distal,105.0,110.0,-20.0,-10.0,normal,0.000000,0.113883,0.071738
perpendicular,105.0,110.0,-20.0,-10.0,normal,0.000000,0.080888,0.055199
height,105.0,110.0,-20.0,-10.0,normal,0.000000,0.056859,0.035965
yaw,105.0,110.0,-20.0,-10.0,normal,0.000000,0.312987,0.100466
width,105.0,110.0,-20.0,-10.0,normal,0.000000,0.118622,0.088224
length,105.0,110.0,-20.0,-10.0,normal,0.000000,0.158192,0.108543
box_height,105.0,110.0,-20.0,-10.0,normal,0.000000,0.075459,0.051630
miss_detection,105.0,110.0,-10.0,0.0,constant,1.000000,,
distal,105.0,110.0,-10.0,0.0,normal,0.000000,0.113883,0.071738
perpendicular,105.0,110.0,-10.0,0.0,normal,0.000000,0.080888,0.055199
height,105.0,110.0,-10.0,0.0,normal,0.000000,0.056859,0.035965
yaw,105.0,110.0,-10.0,0.0,normal,0.000000,0.312987,0.100466
width,105.0,110.0,-10.0,0.0,normal,0.000000,0.118622,0.088224
length,105.0,110.0,-10.0,0.0,normal,0.000000,0.158192,0.108543
box_height,105.0,110.0,-10.0,0.0,normal,0.000000,0.075459,0.051630
miss_detection,105.0,110.0,0.0,10.0,constant,1.000000,,
distal,105.0,110.0,0.0,10.0,normal,0.000000,0.113883,0.071738
perpendicular,105.0,110.0,0.0,10.0,normal,0.000000,0.080888,0.055199
height,105.0,110.0,0.0,10.0,normal,0.000000,0.056859,0.035965
yaw,105.0,110.0,0.0,10.0,normal,0.000000,0.312987,0.100466
width,105.0,110.0,0.0,10.0,normal,0.000000,0.118622,0.088224
length,105.0,110.0,0.0,10.0,normal,0.000000,0.158192,0.108543
box_height,105.0,110.0,0.0,10.0,normal,0.000000,0.075459,0.051630
miss_detection,105.0,110.0,10.0,20.0,constant,1.000000,,
distal,105.0,110.0,10.0,20.0,normal,0.000000,0.113883,0.071738
perpendicular,105.0,110.0,10.0,20.0,normal,0.000000,0.080888,0.055199
height,105.0,110.0,10.0,20.0,normal,0.000000,0.056859,0.035965
yaw,105.0,110.0,10.0,20.0,normal,0.000000,0.312987,0.100466
width,105.0,110.0,10.0,20.0,normal,0.000000,0.118622,0.088224
length,105.0,110.0,10.0,20.0,normal,0.000000,0.158192,0.108543
box_height,105.0,110.0,10.0,20.0,normal,0.000000,0.075459,0.051630
miss_detection,105.0,110.0,20.0,30.0,constant,1.000000,,
distal,105.0,110.0,20.0,30.0,normal,0.000000,0.113883,0.071738
perpendicular,105.0,110.0,20.0,30.0,normal,0.000000,0.080888,0.055199
height,105.0,110.0,20.0,30.0,normal,0.000000,0.056859,0.035965
yaw,105.0,110.0,20.0,30.0,normal,0.000000,0.312987,0.100466
width,105.0,110.0,20.0,30.0,normal,0.000000,0.118622,0.088224
length,105.0,110.0,20.0,30.0,normal,0.000000,0.158192,0.108543
box_height,105.0,110.0,20.0,30.0,normal,0.000000,0.075459,0.051630
miss_detection,105.0,110.0,30.0,40.0,constant,1.000000,,
distal,105.0,110.0,30.0,40.0,normal,0.000000,0.113883,0.071738
perpendicular,105.0,110.0,30.0,40.0,normal,0.000000,0.080888,0.055199
height,105.0,110.0,30.0,40.0,normal,0.000000,0.056859,0.035965
yaw,105.0,110.0,30.0,40.0,normal,0.000000,0.312987,0.100466
width,105.0,110.0,30.0,40.0,normal,0.000000,0.118622,0.088224
length,105.0,110.0,30.0,40.0,normal,0.000000,0.158192,0.108543
box_height,105.0,110.0,30.0,40.0,normal,0.000000,0.075459,0.051630
miss_detection,105.0,110.0,40.0,50.0,constant,1.000000,,
distal,105.0,110.0,40.0,50.0,normal,0.000000,0.113883,0.071738
perpendicular,105.0,110.0,40.0,50.0,normal,0.000000,0.080888,0.055199
height,105.0,110.0,40.0,50.0,normal,0.000000,0.056859,0.035965
yaw,105.0,110.0,40.0,50.0,normal,0.000000,0.312987,0.100466
width,105.0,110.0,40.0,50.0,normal,0.000000,0.118622,0.088224
length,105.0,110.0,40.0,50.0,normal,0.000000,0.158192,0.108543
box_height,105.0,110.0,40.0,50.0,normal,0.000000,0.075459,0.051630
miss_detection,105.0,110.0,50.0,60.0,constant,1.000000,,
distal,105.0,110.0,50.0,60.0,normal,0.000000,0.113883,0.071738
perpendicular,105.0,110.0,50.0,60.0,normal,0.000000,0.080888,0.055199
height,105.0,110.0,50.0,60.0,normal,0.000000,0.056859,0.035965
yaw,105.0,110.0,50.0,60.0,normal,0.000000,0.312987,0.100466
width,105.0,110.0,50.0,60.0,normal,0.000000,0.118622,0.088224
length,105.0,110.0,50.0,60.0,normal,0.000000,0.158192,0.108543
box_height,105.0,110.0,50.0,60.0,normal,0.000000,0.075459,0.051630
miss_detection,105.0,110.0,60.0,70.0,constant,1.000000,,
distal,105.0,110.0,60.0,70.0,normal,0.000000,0.113883,0.071738
perpendicular,105.0,110.0,60.0,70.0,normal,0.000000,0.080888,0.055199
height,105.0,110.0,60.0,70.0,normal,0.000000,0.056859,0.035965
yaw,105.0,110.0,60.0,70.0,normal,0.000000,0.312987,0.100466
width,105.0,110.0,60.0,70.0,normal,0.000000,0.118622,0.088224
length,105.0,110.0,60.0,70.0,normal,0.000000,0.158192,0.108543
box_height,105.0,110.0,60.0,70.0,normal,0.000000,0.075459,0.051630
miss_detection,105.0,110.0,70.0,80.0,constant,1.000000,,
distal,105.0,110.0,70.0,80.0,normal,0.000000,0.113883,0.071738
perpendicular,105.0,110.0,70.0,80.0,normal,0.000000,0.080888,0.055199
height,105.0,110.0,70.0,80.0,normal,0.000000,0.056859,0.035965
yaw,105.0,110.0,70.0,80.0,normal,0.000000,0.312987,0.100466
width,105.0,110.0,70.0,80.0,normal,0.000000,0.118622,0.088224
length,105.0,110.0,70.0,80.0,normal,0.000000,0.158192,0.108543
box_height,105.0,110.0,70.0,80.0,normal,0.000000,0.075459,0.051630
miss_detection,105.0,110.0,80.0,90.0,constant,1.000000,,
distal,105.0,110.0,80.0,90.0,normal,0.000000,0.113883,0.071738
perpendicular,105.0,110.0,80.0,90.0,normal,0.000000,0.080888,0.055199
height,105.0,110.0,80.0,90.0,normal,0.000000,0.056859,0.035965
yaw,105.0,110.0,80.0,90.0,normal,0.000000,0.312987,0.100466
width,105.0,110.0,80.0,90.0,normal,0.000000,0.118622,0.088224
length,105.0,110.0,80.0,90.0,normal,0.000000,0.158192,0.108543
box_height,105.0,110.0,80.0,90.0,normal,0.000000,0.075459,0.051630
miss_detection,105.0,110.0,90.0,100.0,constant,1.000000,,
distal,105.0,110.0,90.0,100.0,normal,0.000000,0.113883,0.071738
perpendicular,105.0,110.0,90.0,100.0,normal,0.000000,0.080888,0.055199
height,105.0,110.0,90.0,100.0,normal,0.000000,0.056859,0.035965
yaw,105.0,110.0,90.0,100.0,normal,0.000000,0.312987,0.100466
width,105.0,110.0,90.0,100.0,normal,0.000000,0.118622,0.088224
length,105.0,110.0,90.0,100.0,normal,0.000000,0.158192,0.108543
box_height,105.0,110.0,90.0,100.0,normal,0.000000,0.075459,0.051630
miss_detection,105.0,110.0,100.0,110.0,constant,1.000000,,
distal,105.0,110.0,100.0,110.0,normal,0.000000,0.113883,0.071738
perpendicular,105.0,110.0,100.0,110.0,normal,0.000000,0.080888,0.055199
height,105.0,110.0,100.0,110.0,normal,0.000000,0.056859,0.035965
yaw,105.0,110.0,100.0,110.0,normal,0.000000,0.312987,0.100466
width,105.0,110.0,100.0,110.0,normal,0.000000,0.118622,0.088224
length,105.0,110.0,100.0,110.0,normal,0.000000,0.158192,0.108543
box_height,105.0,110.0,100.0,110.0,normal,0.000000,0.075459,0.051630
miss_detection,105.0,110.0,110.0,120.0,constant,1.000000,,
distal,105.0,110.0,110.0,120.0,normal,0.000000,0.113883,0.071738
perpendicular,105.0,110.0,110.0,120.0,normal,0.000000,0.080888,0.055199
height,105.0,110.0,110.0,120.0,normal,0.000000,0.056859,0.035965
yaw,105.0,110.0,110.0,120.0,normal,0.000000,0.312987,0.100466
width,105.0,110.0,110.0,120.0,normal,0.000000,0.118622,0.088224
length,105.0,110.0,110.0,120.0,normal,0.000000,0.158192,0.108543
box_height,105.0,110.0,110.0,120.0,normal,0.000000,0.075459,0.051630
miss_detection,105.0,110.0,120.0,130.0,constant,1.000000,,
distal,105.0,110.0,120.0,130.0,normal,0.000000,0.113883,0.071738
perpendicular,105.0,110.0,120.0,130.0,normal,0.000000,0.080888,0.055199
height,105.0,110.0,120.0,130.0,normal,0.000000,0.056859,0.035965
yaw,105.0,110.0,120.0,130.0,normal,0.000000,0.312987,0.100466
width,105.0,110.0,120.0,130.0,normal,0.000000,0.118622,0.088224
length,105.0,110.0,120.0,130.0,normal,0.000000,0.158192,0.108543
box_height,105.0,110.0,120.0,130.0,normal,0.000000,0.075459,0.051630
miss_detection,105.0,110.0,130.0,140.0,constant,1.000000,,
distal,105.0,110.0,130.0,140.0,normal,0.000000,0.113883,0.071738
perpendicular,105.0,110.0,130.0,140.0,normal,0.000000,0.080888,0.055199
height,105.0,110.0,130.0,140.0,normal,0.000000,0.056859,0.035965
yaw,105.0,110.0,130.0,140.0,normal,0.000000,0.312987,0.100466
width,105.0,110.0,130.0,140.0,normal,0.000000,0.118622,0.088224
length,105.0,110.0,130.0,140.0,normal,0.000000,0.158192,0.108543
box_height,105.0,110.0,130.0,140.0,normal,0.000000,0.075459,0.051630
miss_detection,105.0,110.0,140.0,150.0,constant,1.000000,,
distal,105.0,110.0,140.0,150.0,normal,0.000000,0.113883,0.071738
perpendicular,105.0,110.0,140.0,150.0,normal,0.000000,0.080888,0.055199
height,105.0,110.0,140.0,150.0,normal,0.000000,0.056859,0.035965
yaw,105.0,110.0,140.0,150.0,normal,0.000000,0.312987,0.100466
width,105.0,110.0,140.0,150.0,normal,0.000000,0.118622,0.088224
length,105.0,110.0,140.0,150.0,normal,0.000000,0.158192,0.108543
box_height,105.0,110.0,140.0,150.0,normal,0.000000,0.075459,0.051630
miss_detection,105.0,110.0,150.0,160.0,constant,1.000000,,
distal,105.0,110.0,150.0,160.0,normal,0.000000,0.113883,0.071738
perpendicular,105.0,110.0,150.0,160.0,normal,0.000000,0.080888,0.055199
height,105.0,110.0,150.0,160.0,normal,0.000000,0.056859,0.035965
yaw,105.0,110.0,150.0,160.0,normal,0.000000,0.312987,0.100466
width,105.0,110.0,150.0,160.0,normal,0.000000,0.118622,0.088224
length,105.0,110.0,150.0,160.0,normal,0.000000,0.158192,0.108543
box_height,105.0,110.0,150.0,160.0,normal,0.000000,0.075459,0.051630
miss_detection,105.0,110.0,160.0,170.0,constant,1.000000,,
distal,105.0,110.0,160.0,170.0,normal,0.000000,0.113883,0.071738
perpendicular,105.0,110.0,160.0,170.0,normal,0.000000,0.080888,0.055199
height,105.0,110.0,160.0,170.0,normal,0.000000,0.056859,0.035965
yaw,105.0,110.0,160.0,170.0,normal,0.000000,0.312987,0.100466
width,105.0,110.0,160.0,170.0,normal,0.000000,0.118622,0.088224
length,105.0,110.0,160.0,170.0,normal,0.000000,0.158192,0.108543
box_height,105.0,110.0,160.0,170.0,normal,0.000000,0.075459,0.051630
miss_detection,105.0,110.0,170.0,180.0,constant,1.000000,,
distal,105.0,110.0,170.0,180.0,normal,0.000000,0.113883,0.071738
perpendicular,105.0,110.0,170.0,180.0,normal,0.000000,0.080888,0.055199
height,105.0,110.0,170.0,180.0,normal,0.000000,0.056859,0.035965
yaw,105.0,110.0,170.0,180.0,normal,0.000000,0.312987,0.100466
width,105.0,110.0,170.0,180.0,normal,0.000000,0.118622,0.088224
length,105.0,110.0,170.0,180.0,normal,0.000000,0.158192,0.108543
box_height,105.0,110.0,170.0,180.0,normal,0.000000,0.075459,0.051630
miss_detection,110.0,115.0,-180.0,-170.0,constant,1.000000,,
distal,110.0,115.0,-180.0,-170.0,normal,0.000000,0.113883,0.071738
perpendicular,110.0,115.0,-180.0,-170.0,normal,0.000000,0.080888,0.055199
height,110.0,115.0,-180.0,-170.0,normal,0.000000,0.056859,0.035965
yaw,110.0,115.0,-180.0,-170.0,normal,0.000000,0.312987,0.100466
width,110.0,115.0,-180.0,-170.0,normal,0.000000,0.118622,0.088224
length,110.0,115.0,-180.0,-170.0,normal,0.000000,0.158192,0.108543
box_height,110.0,115.0,-180.0,-170.0,normal,0.000000,0.075459,0.051630
miss_detection,110.0,115.0,-170.0,-160.0,constant,1.000000,,
distal,110.0,115.0,-170.0,-160.0,normal,0.000000,0.113883,0.071738
perpendicular,110.0,115.0,-170.0,-160.0,normal,0.000000,0.080888,0.055199
height,110.0,115.0,-170.0,-160.0,normal,0.000000,0.056859,0.035965
yaw,110.0,115.0,-170.0,-160.0,normal,0.000000,0.312987,0.100466
width,110.0,115.0,-170.0,-160.0,normal,0.000000,0.118622,0.088224
length,110.0,115.0,-170.0,-160.0,normal,0.000000,0.158192,0.108543
box_height,110.0,115.0,-170.0,-160.0,normal,0.000000,0.075459,0.051630
miss_detection,110.0,115.0,-160.0,-150.0,constant,1.000000,,
distal,110.0,115.0,-160.0,-150.0,normal,0.000000,0.113883,0.071738
perpendicular,110.0,115.0,-160.0,-150.0,normal,0.000000,0.080888,0.055199
height,110.0,115.0,-160.0,-150.0,normal,0.000000,0.056859,0.035965
yaw,110.0,115.0,-160.0,-150.0,normal,0.000000,0.312987,0.100466
width,110.0,115.0,-160.0,-150.0,normal,0.000000,0.118622,0.088224
length,110.0,115.0,-160.0,-150.0,normal,0.000000,0.158192,0.108543
box_height,110.0,115.0,-160.0,-150.0,normal,0.000000,0.075459,0.051630
miss_detection,110.0,115.0,-150.0,-140.0,constant,1.000000,,
distal,110.0,115.0,-150.0,-140.0,normal,0.000000,0.113883,0.071738
perpendicular,110.0,115.0,-150.0,-140.0,normal,0.000000,0.080888,0.055199
height,110.0,115.0,-150.0,-140.0,normal,0.000000,0.056859,0.035965
yaw,110.0,115.0,-150.0,-140.0,normal,0.000000,0.312987,0.100466
width,110.0,115.0,-150.0,-140.0,normal,0.000000,0.118622,0.088224
length,110.0,115.0,-150.0,-140.0,normal,0.000000,0.158192,0.108543
box_height,110.0,115.0,-150.0,-140.0,normal,0.000000,0.075459,0.051630
miss_detection,110.0,115.0,-140.0,-130.0,constant,1.000000,,
distal,110.0,115.0,-140.0,-130.0,normal,0.000000,0.113883,0.071738
perpendicular,110.0,115.0,-140.0,-130.0,normal,0.000000,0.080888,0.055199
height,110.0,115.0,-140.0,-130.0,normal,0.000000,0.056859,0.035965
yaw,110.0,115.0,-140.0,-130.0,normal,0.000000,0.312987,0.100466
width,110.0,115.0,-140.0,-130.0,normal,0.000000,0.118622,0.088224
length,110.0,115.0,-140.0,-130.0,normal,0.000000,0.158192,0.108543
box_height,110.0,115.0,-140.0,-130.0,normal,0.000000,0.075459,0.051630
miss_detection,110.0,115.0,-130.0,-120.0,constant,1.000000,,
distal,110.0,115.0,-130.0,-120.0,normal,0.000000,0.113883,0.071738
perpendicular,110.0,115.0,-130.0,-120.0,normal,0.000000,0.080888,0.055199
height,110.0,115.0,-130.0,-120.0,normal,0.000000,0.056859,0.035965
yaw,110.0,115.0,-130.0,-120.0,normal,0.000000,0.312987,0.100466
width,110.0,115.0,-130.0,-120.0,normal,0.000000,0.118622,0.088224
length,110.0,115.0,-130.0,-120.0,normal,0.000000,0.158192,0.108543
box_height,110.0,115.0,-130.0,-120.0,normal,0.000000,0.075459,0.051630
miss_detection,110.0,115.0,-120.0,-110.0,constant,1.000000,,
distal,110.0,115.0,-120.0,-110.0,normal,0.000000,0.113883,0.071738
perpendicular,110.0,115.0,-120.0,-110.0,normal,0.000000,0.080888,0.055199
height,110.0,115.0,-120.0,-110.0,normal,0.000000,0.056859,0.035965
yaw,110.0,115.0,-120.0,-110.0,normal,0.000000,0.312987,0.100466
width,110.0,115.0,-120.0,-110.0,normal,0.000000,0.118622,0.088224
length,110.0,115.0,-120.0,-110.0,normal,0.000000,0.158192,0.108543
box_height,110.0,115.0,-120.0,-110.0,normal,0.000000,0.075459,0.051630
miss_detection,110.0,115.0,-110.0,-100.0,constant,1.000000,,
distal,110.0,115.0,-110.0,-100.0,normal,0.000000,0.113883,0.071738
perpendicular,110.0,115.0,-110.0,-100.0,normal,0.000000,0.080888,0.055199
height,110.0,115.0,-110.0,-100.0,normal,0.000000,0.056859,0.035965
yaw,110.0,115.0,-110.0,-100.0,normal,0.000000,0.312987,0.100466
width,110.0,115.0,-110.0,-100.0,normal,0.000000,0.118622,0.088224
length,110.0,115.0,-110.0,-100.0,normal,0.000000,0.158192,0.108543
box_height,110.0,115.0,-110.0,-100.0,normal,0.000000,0.075459,0.051630
miss_detection,110.0,115.0,-100.0,-90.0,constant,1.000000,,
distal,110.0,115.0,-100.0,-90.0,normal,0.000000,0.113883,0.071738
perpendicular,110.0,115.0,-100.0,-90.0,normal,0.000000,0.080888,0.055199
height,110.0,115.0,-100.0,-90.0,normal,0.000000,0.056859,0.035965
yaw,110.0,115.0,-100.0,-90.0,normal,0.000000,0.312987,0.100466
width,110.0,115.0,-100.0,-90.0,normal,0.000000,0.118622,0.088224
length,110.0,115.0,-100.0,-90.0,normal,0.000000,0.158192,0.108543
box_height,110.0,115.0,-100.0,-90.0,normal,0.000000,0.075459,0.051630
miss_detection,110.0,115.0,-90.0,-80.0,constant,1.000000,,
distal,110.0,115.0,-90.0,-80.0,normal,0.000000,0.113883,0.071738
perpendicular,110.0,115.0,-90.0,-80.0,normal,0.000000,0.080888,0.055199
height,110.0,115.0,-90.0,-80.0,normal,0.000000,0.056859,0.035965
yaw,110.0,115.0,-90.0,-80.0,normal,0.000000,0.312987,0.100466
width,110.0,115.0,-90.0,-80.0,normal,0.000000,0.118622,0.088224
length,110.0,115.0,-90.0,-80.0,normal,0.000000,0.158192,0.108543
box_height,110.0,115.0,-90.0,-80.0,normal,0.000000,0.075459,0.051630
miss_detection,110.0,115.0,-80.0,-70.0,constant,1.000000,,
distal,110.0,115.0,-80.0,-70.0,normal,0.000000,0.113883,0.071738
perpendicular,110.0,115.0,-80.0,-70.0,normal,0.000000,0.080888,0.055199
height,110.0,115.0,-80.0,-70.0,normal,0.000000,0.056859,0.035965
yaw,110.0,115.0,-80.0,-70.0,normal,0.000000,0.312987,0.100466
width,110.0,115.0,-80.0,-70.0,normal,0.000000,0.118622,0.088224
length,110.0,115.0,-80.0,-70.0,normal,0.000000,0.158192,0.108543
box_height,110.0,115.0,-80.0,-70.0,normal,0.000000,0.075459,0.051630
miss_detection,110.0,115.0,-70.0,-60.0,constant,1.000000,,
distal,110.0,115.0,-70.0,-60.0,normal,0.000000,0.113883,0.071738
perpendicular,110.0,115.0,-70.0,-60.0,normal,0.000000,0.080888,0.055199
height,110.0,115.0,-70.0,-60.0,normal,0.000000,0.056859,0.035965
yaw,110.0,115.0,-70.0,-60.0,normal,0.000000,0.312987,0.100466
width,110.0,115.0,-70.0,-60.0,normal,0.000000,0.118622,0.088224
length,110.0,115.0,-70.0,-60.0,normal,0.000000,0.158192,0.108543
box_height,110.0,115.0,-70.0,-60.0,normal,0.000000,0.075459,0.051630
miss_detection,110.0,115.0,-60.0,-50.0,constant,1.000000,,
distal,110.0,115.0,-60.0,-50.0,normal,0.000000,0.113883,0.071738
perpendicular,110.0,115.0,-60.0,-50.0,normal,0.000000,0.080888,0.055199
height,110.0,115.0,-60.0,-50.0,normal,0.000000,0.056859,0.035965
yaw,110.0,115.0,-60.0,-50.0,normal,0.000000,0.312987,0.100466
width,110.0,115.0,-60.0,-50.0,normal,0.000000,0.118622,0.088224
length,110.0,115.0,-60.0,-50.0,normal,0.000000,0.158192,0.108543
box_height,110.0,115.0,-60.0,-50.0,normal,0.000000,0.075459,0.051630
miss_detection,110.0,115.0,-50.0,-40.0,constant,1.000000,,
distal,110.0,115.0,-50.0,-40.0,normal,0.000000,0.113883,0.071738
perpendicular,110.0,115.0,-50.0,-40.0,normal,0.000000,0.080888,0.055199
height,110.0,115.0,-50.0,-40.0,normal,0.000000,0.056859,0.035965
yaw,110.0,115.0,-50.0,-40.0,normal,0.000000,0.312987,0.100466
width,110.0,115.0,-50.0,-40.0,normal,0.000000,0.118622,0.088224
length,110.0,115.0,-50.0,-40.0,normal,0.000000,0.158192,0.108543
box_height,110.0,115.0,-50.0,-40.0,normal,0.000000,0.075459,0.051630
miss_detection,110.0,115.0,-40.0,-30.0,constant,1.000000,,
distal,110.0,115.0,-40.0,-30.0,normal,0.000000,0.113883,0.071738
perpendicular,110.0,115.0,-40.0,-30.0,normal,0.000000,0.080888,0.055199
height,110.0,115.0,-40.0,-30.0,normal,0.000000,0.056859,0.035965
yaw,110.0,115.0,-40.0,-30.0,normal,0.000000,0.312987,0.100466
width,110.0,115.0,-40.0,-30.0,normal,0.000000,0.118622,0.088224
length,110.0,115.0,-40.0,-30.0,normal,0.000000,0.158192,0.108543
box_height,110.0,115.0,-40.0,-30.0,normal,0.000000,0.075459,0.051630
miss_detection,110.0,115.0,-30.0,-20.0,constant,1.000000,,
distal,110.0,115.0,-30.0,-20.0,normal,0.000000,0.113883,0.071738
perpendicular,110.0,115.0,-30.0,-20.0,normal,0.000000,0.080888,0.055199
height,110.0,115.0,-30.0,-20.0,normal,0.000000,0.056859,0.035965
yaw,110.0,115.0,-30.0,-20.0,normal,0.000000,0.312987,0.100466
width,110.0,115.0,-30.0,-20.0,normal,0.000000,0.118622,0.088224
length,110.0,115.0,-30.0,-20.0,normal,0.000000,0.158192,0.108543
box_height,110.0,115.0,-30.0,-20.0,normal,0.000000,0.075459,0.051630
miss_detection,110.0,115.0,-20.0,-10.0,constant,1.000000,,
distal,110.0,115.0,-20.0,-10.0,normal,0.000000,0.113883,0.071738
perpendicular,110.0,115.0,-20.0,-10.0,normal,0.000000,0.080888,0.055199
height,110.0,115.0,-20.0,-10.0,normal,0.000000,0.056859,0.035965
yaw,110.0,115.0,-20.0,-10.0,normal,0.000000,0.312987,0.100466
width,110.0,115.0,-20.0,-10.0,normal,0.000000,0.118622,0.088224
length,110.0,115.0,-20.0,-10.0,normal,0.000000,0.158192,0.108543
box_height,110.0,115.0,-20.0,-10.0,normal,0.000000,0.075459,0.051630
miss_detection,110.0,115.0,-10.0,0.0,constant,1.000000,,
distal,110.0,115.0,-10.0,0.0,normal,0.000000,0.113883,0.071738
perpendicular,110.0,115.0,-10.0,0.0,normal,0.000000,0.080888,0.055199
height,110.0,115.0,-10.0,0.0,normal,0.000000,0.056859,0.035965
yaw,110.0,115.0,-10.0,0.0,normal,0.000000,0.312987,0.100466
width,110.0,115.0,-10.0,0.0,normal,0.000000,0.118622,0.088224
length,110.0,115.0,-10.0,0.0,normal,0.000000,0.158192,0.108543
box_height,110.0,115.0,-10.0,0.0,normal,0.000000,0.075459,0.051630
miss_detection,110.0,115.0,0.0,10.0,constant,1.000000,,
distal,110.0,115.0,0.0,10.0,normal,0.000000,0.113883,0.071738
perpendicular,110.0,115.0,0.0,10.0,normal,0.000000,0.080888,0.055199
height,110.0,115.0,0.0,10.0,normal,0.000000,0.056859,0.035965
yaw,110.0,115.0,0.0,10.0,normal,0.000000,0.312987,0.100466
width,110.0,115.0,0.0,10.0,normal,0.000000,0.118622,0.088224
length,110.0,115.0,0.0,10.0,normal,0.000000,0.158192,0.108543
box_height,110.0,115.0,0.0,10.0,normal,0.000000,0.075459,0.051630
miss_detection,110.0,115.0,10.0,20.0,constant,1.000000,,
distal,110.0,115.0,10.0,20.0,normal,0.000000,0.113883,0.071738
perpendicular,110.0,115.0,10.0,20.0,normal,0.000000,0.080888,0.055199
height,110.0,115.0,10.0,20.0,normal,0.000000,0.056859,0.035965
yaw,110.0,115.0,10.0,20.0,normal,0.000000,0.312987,0.100466
width,110.0,115.0,10.0,20.0,normal,0.000000,0.118622,0.088224
length,110.0,115.0,10.0,20.0,normal,0.000000,0.158192,0.108543
box_height,110.0,115.0,10.0,20.0,normal,0.000000,0.075459,0.051630
miss_detection,110.0,115.0,20.0,30.0,constant,1.000000,,
distal,110.0,115.0,20.0,30.0,normal,0.000000,0.113883,0.071738
perpendicular,110.0,115.0,20.0,30.0,normal,0.000000,0.080888,0.055199
height,110.0,115.0,20.0,30.0,normal,0.000000,0.056859,0.035965
yaw,110.0,115.0,20.0,30.0,normal,0.000000,0.312987,0.100466
width,110.0,115.0,20.0,30.0,normal,0.000000,0.118622,0.088224
length,110.0,115.0,20.0,30.0,normal,0.000000,0.158192,0.108543
box_height,110.0,115.0,20.0,30.0,normal,0.000000,0.075459,0.051630
miss_detection,110.0,115.0,30.0,40.0,constant,1.000000,,
distal,110.0,115.0,30.0,40.0,normal,0.000000,0.113883,0.071738
perpendicular,110.0,115.0,30.0,40.0,normal,0.000000,0.080888,0.055199
height,110.0,115.0,30.0,40.0,normal,0.000000,0.056859,0.035965
yaw,110.0,115.0,30.0,40.0,normal,0.000000,0.312987,0.100466
width,110.0,115.0,30.0,40.0,normal,0.000000,0.118622,0.088224
length,110.0,115.0,30.0,40.0,normal,0.000000,0.158192,0.108543
box_height,110.0,115.0,30.0,40.0,normal,0.000000,0.075459,0.051630
miss_detection,110.0,115.0,40.0,50.0,constant,1.000000,,
distal,110.0,115.0,40.0,50.0,normal,0.000000,0.113883,0.071738
perpendicular,110.0,115.0,40.0,50.0,normal,0.000000,0.080888,0.055199
height,110.0,115.0,40.0,50.0,normal,0.000000,0.056859,0.035965
yaw,110.0,115.0,40.0,50.0,normal,0.000000,0.312987,0.100466
width,110.0,115.0,40.0,50.0,normal,0.000000,0.118622,0.088224
length,110.0,115.0,40.0,50.0,normal,0.000000,0.158192,0.108543
box_height,110.0,115.0,40.0,50.0,normal,0.000000,0.075459,0.051630
miss_detection,110.0,115.0,50.0,60.0,constant,1.000000,,
distal,110.0,115.0,50.0,60.0,normal,0.000000,0.113883,0.071738
perpendicular,110.0,115.0,50.0,60.0,normal,0.000000,0.080888,0.055199
height,110.0,115.0,50.0,60.0,normal,0.000000,0.056859,0.035965
yaw,110.0,115.0,50.0,60.0,normal,0.000000,0.312987,0.100466
width,110.0,115.0,50.0,60.0,normal,0.000000,0.118622,0.088224
length,110.0,115.0,50.0,60.0,normal,0.000000,0.158192,0.108543
box_height,110.0,115.0,50.0,60.0,normal,0.000000,0.075459,0.051630
miss_detection,110.0,115.0,60.0,70.0,constant,1.000000,,
distal,110.0,115.0,60.0,70.0,normal,0.000000,0.113883,0.071738
perpendicular,110.0,115.0,60.0,70.0,normal,0.000000,0.080888,0.055199
height,110.0,115.0,60.0,70.0,normal,0.000000,0.056859,0.035965
yaw,110.0,115.0,60.0,70.0,normal,0.000000,0.312987,0.100466
width,110.0,115.0,60.0,70.0,normal,0.000000,0.118622,0.088224
length,110.0,115.0,60.0,70.0,normal,0.000000,0.158192,0.108543
box_height,110.0,115.0,60.0,70.0,normal,0.000000,0.075459,0.051630
miss_detection,110.0,115.0,70.0,80.0,constant,1.000000,,
distal,110.0,115.0,70.0,80.0,normal,0.000000,0.113883,0.071738
perpendicular,110.0,115.0,70.0,80.0,normal,0.000000,0.080888,0.055199
height,110.0,115.0,70.0,80.0,normal,0.000000,0.056859,0.035965
yaw,110.0,115.0,70.0,80.0,normal,0.000000,0.312987,0.100466
width,110.0,115.0,70.0,80.0,normal,0.000000,0.118622,0.088224
length,110.0,115.0,70.0,80.0,normal,0.000000,0.158192,0.108543
box_height,110.0,115.0,70.0,80.0,normal,0.000000,0.075459,0.051630
miss_detection,110.0,115.0,80.0,90.0,constant,1.000000,,
distal,110.0,115.0,80.0,90.0,normal,0.000000,0.113883,0.071738
perpendicular,110.0,115.0,80.0,90.0,normal,0.000000,0.080888,0.055199
height,110.0,115.0,80.0,90.0,normal,0.000000,0.056859,0.035965
yaw,110.0,115.0,80.0,90.0,normal,0.000000,0.312987,0.100466
width,110.0,115.0,80.0,90.0,normal,0.000000,0.118622,0.088224
length,110.0,115.0,80.0,90.0,normal,0.000000,0.158192,0.108543
box_height,110.0,115.0,80.0,90.0,normal,0.000000,0.075459,0.051630
miss_detection,110.0,115.0,90.0,100.0,constant,1.000000,,
distal,110.0,115.0,90.0,100.0,normal,0.000000,0.113883,0.071738
perpendicular,110.0,115.0,90.0,100.0,normal,0.000000,0.080888,0.055199
height,110.0,115.0,90.0,100.0,normal,0.000000,0.056859,0.035965
yaw,110.0,115.0,90.0,100.0,normal,0.000000,0.312987,0.100466
width,110.0,115.0,90.0,100.0,normal,0.000000,0.118622,0.088224
length,110.0,115.0,90.0,100.0,normal,0.000000,0.158192,0.108543
box_height,110.0,115.0,90.0,100.0,normal,0.000000,0.075459,0.051630
miss_detection,110.0,115.0,100.0,110.0,constant,1.000000,,
distal,110.0,115.0,100.0,110.0,normal,0.000000,0.113883,0.071738
perpendicular,110.0,115.0,100.0,110.0,normal,0.000000,0.080888,0.055199
height,110.0,115.0,100.0,110.0,normal,0.000000,0.056859,0.035965
yaw,110.0,115.0,100.0,110.0,normal,0.000000,0.312987,0.100466
width,110.0,115.0,100.0,110.0,normal,0.000000,0.118622,0.088224
length,110.0,115.0,100.0,110.0,normal,0.000000,0.158192,0.108543
box_height,110.0,115.0,100.0,110.0,normal,0.000000,0.075459,0.051630
miss_detection,110.0,115.0,110.0,120.0,constant,1.000000,,
distal,110.0,115.0,110.0,120.0,normal,0.000000,0.113883,0.071738
perpendicular,110.0,115.0,110.0,120.0,normal,0.000000,0.080888,0.055199
height,110.0,115.0,110.0,120.0,normal,0.000000,0.056859,0.035965
yaw,110.0,115.0,110.0,120.0,normal,0.000000,0.312987,0.100466
width,110.0,115.0,110.0,120.0,normal,0.000000,0.118622,0.088224
length,110.0,115.0,110.0,120.0,normal,0.000000,0.158192,0.108543
box_height,110.0,115.0,110.0,120.0,normal,0.000000,0.075459,0.051630
miss_detection,110.0,115.0,120.0,130.0,constant,1.000000,,
distal,110.0,115.0,120.0,130.0,normal,0.000000,0.113883,0.071738
perpendicular,110.0,115.0,120.0,130.0,normal,0.000000,0.080888,0.055199
height,110.0,115.0,120.0,130.0,normal,0.000000,0.056859,0.035965
yaw,110.0,115.0,120.0,130.0,normal,0.000000,0.312987,0.100466
width,110.0,115.0,120.0,130.0,normal,0.000000,0.118622,0.088224
length,110.0,115.0,120.0,130.0,normal,0.000000,0.158192,0.108543
box_height,110.0,115.0,120.0,130.0,normal,0.000000,0.075459,0.051630
miss_detection,110.0,115.0,130.0,140.0,constant,1.000000,,
distal,110.0,115.0,130.0,140.0,normal,0.000000,0.113883,0.071738
perpendicular,110.0,115.0,130.0,140.0,normal,0.000000,0.080888,0.055199
height,110.0,115.0,130.0,140.0,normal,0.000000,0.056859,0.035965
yaw,110.0,115.0,130.0,140.0,normal,0.000000,0.312987,0.100466
width,110.0,115.0,130.0,140.0,normal,0.000000,0.118622,0.088224
length,110.0,115.0,130.0,140.0,normal,0.000000,0.158192,0.108543
box_height,110.0,115.0,130.0,140.0,normal,0.000000,0.075459,0.051630
miss_detection,110.0,115.0,140.0,150.0,constant,1.000000,,
distal,110.0,115.0,140.0,150.0,normal,0.000000,0.113883,0.071738
perpendicular,110.0,115.0,140.0,150.0,normal,0.000000,0.080888,0.055199
height,110.0,115.0,140.0,150.0,normal,0.000000,0.056859,0.035965
yaw,110.0,115.0,140.0,150.0,normal,0.000000,0.312987,0.100466
width,110.0,115.0,140.0,150.0,normal,0.000000,0.118622,0.088224
length,110.0,115.0,140.0,150.0,normal,0.000000,0.158192,0.108543
box_height,110.0,115.0,140.0,150.0,normal,0.000000,0.075459,0.051630
miss_detection,110.0,115.0,150.0,160.0,constant,1.000000,,
distal,110.0,115.0,150.0,160.0,normal,0.000000,0.113883,0.071738
perpendicular,110.0,115.0,150.0,160.0,normal,0.000000,0.080888,0.055199
height,110.0,115.0,150.0,160.0,normal,0.000000,0.056859,0.035965
yaw,110.0,115.0,150.0,160.0,normal,0.000000,0.312987,0.100466
width,110.0,115.0,150.0,160.0,normal,0.000000,0.118622,0.088224
length,110.0,115.0,150.0,160.0,normal,0.000000,0.158192,0.108543
box_height,110.0,115.0,150.0,160.0,normal,0.000000,0.075459,0.051630
miss_detection,110.0,115.0,160.0,170.0,constant,1.000000,,
distal,110.0,115.0,160.0,170.0,normal,0.000000,0.113883,0.071738
perpendicular,110.0,115.0,160.0,170.0,normal,0.000000,0.080888,0.055199
height,110.0,115.0,160.0,170.0,normal,0.000000,0.056859,0.035965
yaw,110.0,115.0,160.0,170.0,normal,0.000000,0.312987,0.100466
width,110.0,115.0,160.0,170.0,normal,0.000000,0.118622,0.088224
length,110.0,115.0,160.0,170.0,normal,0.000000,0.158192,0.108543
box_height,110.0,115.0,160.0,170.0,normal,0.000000,0.075459,0.051630
miss_detection,110.0,115.0,170.0,180.0,constant,1.000000,,
distal,110.0,115.0,170.0,180.0,normal,0.000000,0.113883,0.071738
perpendicular,110.0,115.0,170.0,180.0,normal,0.000000,0.080888,0.055199
height,110.0,115.0,170.0,180.0,normal,0.000000,0.056859,0.035965
yaw,110.0,115.0,170.0,180.0,normal,0.000000,0.312987,0.100466
width,110.0,115.0,170.0,180.0,normal,0.000000,0.118622,0.088224
length,110.0,115.0,170.0,180.0,normal,0.000000,0.158192,0.108543
box_height,110.0,115.0,170.0,180.0,normal,0.000000,0.075459,0.051630
miss_detection,115.0,120.0,-180.0,-170.0,constant,1.000000,,
distal,115.0,120.0,-180.0,-170.0,normal,0.000000,0.113883,0.071738
perpendicular,115.0,120.0,-180.0,-170.0,normal,0.000000,0.080888,0.055199
height,115.0,120.0,-180.0,-170.0,normal,0.000000,0.056859,0.035965
yaw,115.0,120.0,-180.0,-170.0,normal,0.000000,0.312987,0.100466
width,115.0,120.0,-180.0,-170.0,normal,0.000000,0.118622,0.088224
length,115.0,120.0,-180.0,-170.0,normal,0.000000,0.158192,0.108543
box_height,115.0,120.0,-180.0,-170.0,normal,0.000000,0.075459,0.051630
miss_detection,115.0,120.0,-170.0,-160.0,constant,1.000000,,
distal,115.0,120.0,-170.0,-160.0,normal,0.000000,0.113883,0.071738
perpendicular,115.0,120.0,-170.0,-160.0,normal,0.000000,0.080888,0.055199
height,115.0,120.0,-170.0,-160.0,normal,0.000000,0.056859,0.035965
yaw,115.0,120.0,-170.0,-160.0,normal,0.000000,0.312987,0.100466
width,115.0,120.0,-170.0,-160.0,normal,0.000000,0.118622,0.088224
length,115.0,120.0,-170.0,-160.0,normal,0.000000,0.158192,0.108543
box_height,115.0,120.0,-170.0,-160.0,normal,0.000000,0.075459,0.051630
miss_detection,115.0,120.0,-160.0,-150.0,constant,1.000000,,
distal,115.0,120.0,-160.0,-150.0,normal,0.000000,0.113883,0.071738
perpendicular,115.0,120.0,-160.0,-150.0,normal,0.000000,0.080888,0.055199
height,115.0,120.0,-160.0,-150.0,normal,0.000000,0.056859,0.035965
yaw,115.0,120.0,-160.0,-150.0,normal,0.000000,0.312987,0.100466
width,115.0,120.0,-160.0,-150.0,normal,0.000000,0.118622,0.088224
length,115.0,120.0,-160.0,-150.0,normal,0.000000,0.158192,0.108543
box_height,115.0,120.0,-160.0,-150.0,normal,0.000000,0.075459,0.051630
miss_detection,115.0,120.0,-150.0,-140.0,constant,1.000000,,
distal,115.0,120.0,-150.0,-140.0,normal,0.000000,0.113883,0.071738
perpendicular,115.0,120.0,-150.0,-140.0,normal,0.000000,0.080888,0.055199
height,115.0,120.0,-150.0,-140.0,normal,0.000000,0.056859,0.035965
yaw,115.0,120.0,-150.0,-140.0,normal,0.000000,0.312987,0.100466
width,115.0,120.0,-150.0,-140.0,normal,0.000000,0.118622,0.088224
length,115.0,120.0,-150.0,-140.0,normal,0.000000,0.158192,0.108543
box_height,115.0,120.0,-150.0,-140.0,normal,0.000000,0.075459,0.051630
miss_detection,115.0,120.0,-140.0,-130.0,constant,1.000000,,
distal,115.0,120.0,-140.0,-130.0,normal,0.000000,0.113883,0.071738
perpendicular,115.0,120.0,-140.0,-130.0,normal,0.000000,0.080888,0.055199
height,115.0,120.0,-140.0,-130.0,normal,0.000000,0.056859,0.035965
yaw,115.0,120.0,-140.0,-130.0,normal,0.000000,0.312987,0.100466
width,115.0,120.0,-140.0,-130.0,normal,0.000000,0.118622,0.088224
length,115.0,120.0,-140.0,-130.0,normal,0.000000,0.158192,0.108543
box_height,115.0,120.0,-140.0,-130.0,normal,0.000000,0.075459,0.051630
miss_detection,115.0,120.0,-130.0,-120.0,constant,1.000000,,
distal,115.0,120.0,-130.0,-120.0,normal,0.000000,0.113883,0.071738
perpendicular,115.0,120.0,-130.0,-120.0,normal,0.000000,0.080888,0.055199
height,115.0,120.0,-130.0,-120.0,normal,0.000000,0.056859,0.035965
yaw,115.0,120.0,-130.0,-120.0,normal,0.000000,0.312987,0.100466
width,115.0,120.0,-130.0,-120.0,normal,0.000000,0.118622,0.088224
length,115.0,120.0,-130.0,-120.0,normal,0.000000,0.158192,0.108543
box_height,115.0,120.0,-130.0,-120.0,normal,0.000000,0.075459,0.051630
miss_detection,115.0,120.0,-120.0,-110.0,constant,1.000000,,
distal,115.0,120.0,-120.0,-110.0,normal,0.000000,0.113883,0.071738
perpendicular,115.0,120.0,-120.0,-110.0,normal,0.000000,0.080888,0.055199
height,115.0,120.0,-120.0,-110.0,normal,0.000000,0.056859,0.035965
yaw,115.0,120.0,-120.0,-110.0,normal,0.000000,0.312987,0.100466
width,115.0,120.0,-120.0,-110.0,normal,0.000000,0.118622,0.088224
length,115.0,120.0,-120.0,-110.0,normal,0.000000,0.158192,0.108543
box_height,115.0,120.0,-120.0,-110.0,normal,0.000000,0.075459,0.051630
miss_detection,115.0,120.0,-110.0,-100.0,constant,1.000000,,
distal,115.0,120.0,-110.0,-100.0,normal,0.000000,0.113883,0.071738
perpendicular,115.0,120.0,-110.0,-100.0,normal,0.000000,0.080888,0.055199
height,115.0,120.0,-110.0,-100.0,normal,0.000000,0.056859,0.035965
yaw,115.0,120.0,-110.0,-100.0,normal,0.000000,0.312987,0.100466
width,115.0,120.0,-110.0,-100.0,normal,0.000000,0.118622,0.088224
length,115.0,120.0,-110.0,-100.0,normal,0.000000,0.158192,0.108543
box_height,115.0,120.0,-110.0,-100.0,normal,0.000000,0.075459,0.051630
miss_detection,115.0,120.0,-100.0,-90.0,constant,1.000000,,
distal,115.0,120.0,-100.0,-90.0,normal,0.000000,0.113883,0.071738
perpendicular,115.0,120.0,-100.0,-90.0,normal,0.000000,0.080888,0.055199
height,115.0,120.0,-100.0,-90.0,normal,0.000000,0.056859,0.035965
yaw,115.0,120.0,-100.0,-90.0,normal,0.000000,0.312987,0.100466
width,115.0,120.0,-100.0,-90.0,normal,0.000000,0.118622,0.088224
length,115.0,120.0,-100.0,-90.0,normal,0.000000,0.158192,0.108543
box_height,115.0,120.0,-100.0,-90.0,normal,0.000000,0.075459,0.051630
miss_detection,115.0,120.0,-90.0,-80.0,constant,1.000000,,
distal,115.0,120.0,-90.0,-80.0,normal,0.000000,0.113883,0.071738
perpendicular,115.0,120.0,-90.0,-80.0,normal,0.000000,0.080888,0.055199
height,115.0,120.0,-90.0,-80.0,normal,0.000000,0.056859,0.035965
yaw,115.0,120.0,-90.0,-80.0,normal,0.000000,0.312987,0.100466
width,115.0,120.0,-90.0,-80.0,normal,0.000000,0.118622,0.088224
length,115.0,120.0,-90.0,-80.0,normal,0.000000,0.158192,0.108543
box_height,115.0,120.0,-90.0,-80.0,normal,0.000000,0.075459,0.051630
miss_detection,115.0,120.0,-80.0,-70.0,constant,1.000000,,
distal,115.0,120.0,-80.0,-70.0,normal,0.000000,0.113883,0.071738
perpendicular,115.0,120.0,-80.0,-70.0,normal,0.000000,0.080888,0.055199
height,115.0,120.0,-80.0,-70.0,normal,0.000000,0.056859,0.035965
yaw,115.0,120.0,-80.0,-70.0,normal,0.000000,0.312987,0.100466
width,115.0,120.0,-80.0,-70.0,normal,0.000000,0.118622,0.088224
length,115.0,120.0,-80.0,-70.0,normal,0.000000,0.158192,0.108543
box_height,115.0,120.0,-80.0,-70.0,normal,0.000000,0.075459,0.051630
miss_detection,115.0,120.0,-70.0,-60.0,constant,1.000000,,
distal,115.0,120.0,-70.0,-60.0,normal,0.000000,0.113883,0.071738
perpendicular,115.0,120.0,-70.0,-60.0,normal,0.000000,0.080888,0.055199
height,115.0,120.0,-70.0,-60.0,normal,0.000000,0.056859,0.035965
yaw,115.0,120.0,-70.0,-60.0,normal,0.000000,0.312987,0.100466
width,115.0,120.0,-70.0,-60.0,normal,0.000000,0.118622,0.088224
length,115.0,120.0,-70.0,-60.0,normal,0.000000,0.158192,0.108543
box_height,115.0,120.0,-70.0,-60.0,normal,0.000000,0.075459,0.051630
miss_detection,115.0,120.0,-60.0,-50.0,constant,1.000000,,
distal,115.0,120.0,-60.0,-50.0,normal,0.000000,0.113883,0.071738
perpendicular,115.0,120.0,-60.0,-50.0,normal,0.000000,0.080888,0.055199
height,115.0,120.0,-60.0,-50.0,normal,0.000000,0.056859,0.035965
yaw,115.0,120.0,-60.0,-50.0,normal,0.000000,0.312987,0.100466
width,115.0,120.0,-60.0,-50.0,normal,0.000000,0.118622,0.088224
length,115.0,120.0,-60.0,-50.0,normal,0.000000,0.158192,0.108543
box_height,115.0,120.0,-60.0,-50.0,normal,0.000000,0.075459,0.051630
miss_detection,115.0,120.0,-50.0,-40.0,constant,1.000000,,
distal,115.0,120.0,-50.0,-40.0,normal,0.000000,0.113883,0.071738
perpendicular,115.0,120.0,-50.0,-40.0,normal,0.000000,0.080888,0.055199
height,115.0,120.0,-50.0,-40.0,normal,0.000000,0.056859,0.035965
yaw,115.0,120.0,-50.0,-40.0,normal,0.000000,0.312987,0.100466
width,115.0,120.0,-50.0,-40.0,normal,0.000000,0.118622,0.088224
length,115.0,120.0,-50.0,-40.0,normal,0.000000,0.158192,0.108543
box_height,115.0,120.0,-50.0,-40.0,normal,0.000000,0.075459,0.051630
miss_detection,115.0,120.0,-40.0,-30.0,constant,1.000000,,
distal,115.0,120.0,-40.0,-30.0,normal,0.000000,0.113883,0.071738
perpendicular,115.0,120.0,-40.0,-30.0,normal,0.000000,0.080888,0.055199
height,115.0,120.0,-40.0,-30.0,normal,0.000000,0.056859,0.035965
yaw,115.0,120.0,-40.0,-30.0,normal,0.000000,0.312987,0.100466
width,115.0,120.0,-40.0,-30.0,normal,0.000000,0.118622,0.088224
length,115.0,120.0,-40.0,-30.0,normal,0.000000,0.158192,0.108543
box_height,115.0,120.0,-40.0,-30.0,normal,0.000000,0.075459,0.051630
miss_detection,115.0,120.0,-30.0,-20.0,constant,1.000000,,
distal,115.0,120.0,-30.0,-20.0,normal,0.000000,0.113883,0.071738
perpendicular,115.0,120.0,-30.0,-20.0,normal,0.000000,0.080888,0.055199
height,115.0,120.0,-30.0,-20.0,normal,0.000000,0.056859,0.035965
yaw,115.0,120.0,-30.0,-20.0,normal,0.000000,0.312987,0.100466
width,115.0,120.0,-30.0,-20.0,normal,0.000000,0.118622,0.088224
length,115.0,120.0,-30.0,-20.0,normal,0.000000,0.158192,0.108543
box_height,115.0,120.0,-30.0,-20.0,normal,0.000000,0.075459,0.051630
miss_detection,115.0,120.0,-20.0,-10.0,constant,1.000000,,
distal,115.0,120.0,-20.0,-10.0,normal,0.000000,0.113883,0.071738
perpendicular,115.0,120.0,-20.0,-10.0,normal,0.000000,0.080888,0.055199
height,115.0,120.0,-20.0,-10.0,normal,0.000000,0.056859,0.035965
yaw,115.0,120.0,-20.0,-10.0,normal,0.000000,0.312987,0.100466
width,115.0,120.0,-20.0,-10.0,normal,0.000000,0.118622,0.088224
length,115.0,120.0,-20.0,-10.0,normal,0.000000,0.158192,0.108543
box_height,115.0,120.0,-20.0,-10.0,normal,0.000000,0.075459,0.051630
miss_detection,115.0,120.0,-10.0,0.0,constant,1.000000,,
distal,115.0,120.0,-10.0,0.0,normal,0.000000,0.113883,0.071738
perpendicular,115.0,120.0,-10.0,0.0,normal,0.000000,0.080888,0.055199
height,115.0,120.0,-10.0,0.0,normal,0.000000,0.056859,0.035965
yaw,115.0,120.0,-10.0,0.0,normal,0.000000,0.312987,0.100466
width,115.0,120.0,-10.0,0.0,normal,0.000000,0.118622,0.088224
length,115.0,120.0,-10.0,0.0,normal,0.000000,0.158192,0.108543
box_height,115.0,120.0,-10.0,0.0,normal,0.000000,0.075459,0.051630
miss_detection,115.0,120.0,0.0,10.0,constant,1.000000,,
distal,115.0,120.0,0.0,10.0,normal,0.000000,0.113883,0.071738
perpendicular,115.0,120.0,0.0,10.0,normal,0.000000,0.080888,0.055199
height,115.0,120.0,0.0,10.0,normal,0.000000,0.056859,0.035965
yaw,115.0,120.0,0.0,10.0,normal,0.000000,0.312987,0.100466
width,115.0,120.0,0.0,10.0,normal,0.000000,0.118622,0.088224
length,115.0,120.0,0.0,10.0,normal,0.000000,0.158192,0.108543
box_height,115.0,120.0,0.0,10.0,normal,0.000000,0.075459,0.051630
miss_detection,115.0,120.0,10.0,20.0,constant,1.000000,,
distal,115.0,120.0,10.0,20.0,normal,0.000000,0.113883,0.071738
perpendicular,115.0,120.0,10.0,20.0,normal,0.000000,0.080888,0.055199
height,115.0,120.0,10.0,20.0,normal,0.000000,0.056859,0.035965
yaw,115.0,120.0,10.0,20.0,normal,0.000000,0.312987,0.100466
width,115.0,120.0,10.0,20.0,normal,0.000000,0.118622,0.088224
length,115.0,120.0,10.0,20.0,normal,0.000000,0.158192,0.108543
box_height,115.0,120.0,10.0,20.0,normal,0.000000,0.075459,0.051630
miss_detection,115.0,120.0,20.0,30.0,constant,1.000000,,
distal,115.0,120.0,20.0,30.0,normal,0.000000,0.113883,0.071738
perpendicular,115.0,120.0,20.0,30.0,normal,0.000000,0.080888,0.055199
height,115.0,120.0,20.0,30.0,normal,0.000000,0.056859,0.035965
yaw,115.0,120.0,20.0,30.0,normal,0.000000,0.312987,0.100466
width,115.0,120.0,20.0,30.0,normal,0.000000,0.118622,0.088224
length,115.0,120.0,20.0,30.0,normal,0.000000,0.158192,0.108543
box_height,115.0,120.0,20.0,30.0,normal,0.000000,0.075459,0.051630
miss_detection,115.0,120.0,30.0,40.0,constant,1.000000,,
distal,115.0,120.0,30.0,40.0,normal,0.000000,0.113883,0.071738
perpendicular,115.0,120.0,30.0,40.0,normal,0.000000,0.080888,0.055199
height,115.0,120.0,30.0,40.0,normal,0.000000,0.056859,0.035965
yaw,115.0,120.0,30.0,40.0,normal,0.000000,0.312987,0.100466
width,115.0,120.0,30.0,40.0,normal,0.000000,0.118622,0.088224
length,115.0,120.0,30.0,40.0,normal,0.000000,0.158192,0.108543
box_height,115.0,120.0,30.0,40.0,normal,0.000000,0.075459,0.051630
miss_detection,115.0,120.0,40.0,50.0,constant,1.000000,,
distal,115.0,120.0,40.0,50.0,normal,0.000000,0.113883,0.071738
perpendicular,115.0,120.0,40.0,50.0,normal,0.000000,0.080888,0.055199
height,115.0,120.0,40.0,50.0,normal,0.000000,0.056859,0.035965
yaw,115.0,120.0,40.0,50.0,normal,0.000000,0.312987,0.100466
width,115.0,120.0,40.0,50.0,normal,0.000000,0.118622,0.088224
length,115.0,120.0,40.0,50.0,normal,0.000000,0.158192,0.108543
box_height,115.0,120.0,40.0,50.0,normal,0.000000,0.075459,0.051630
miss_detection,115.0,120.0,50.0,60.0,constant,1.000000,,
distal,115.0,120.0,50.0,60.0,normal,0.000000,0.113883,0.071738
perpendicular,115.0,120.0,50.0,60.0,normal,0.000000,0.080888,0.055199
height,115.0,120.0,50.0,60.0,normal,0.000000,0.056859,0.035965
yaw,115.0,120.0,50.0,60.0,normal,0.000000,0.312987,0.100466
width,115.0,120.0,50.0,60.0,normal,0.000000,0.118622,0.088224
length,115.0,120.0,50.0,60.0,normal,0.000000,0.158192,0.108543
box_height,115.0,120.0,50.0,60.0,normal,0.000000,0.075459,0.051630
miss_detection,115.0,120.0,60.0,70.0,constant,1.000000,,
distal,115.0,120.0,60.0,70.0,normal,0.000000,0.113883,0.071738
perpendicular,115.0,120.0,60.0,70.0,normal,0.000000,0.080888,0.055199
height,115.0,120.0,60.0,70.0,normal,0.000000,0.056859,0.035965
yaw,115.0,120.0,60.0,70.0,normal,0.000000,0.312987,0.100466
width,115.0,120.0,60.0,70.0,normal,0.000000,0.118622,0.088224
length,115.0,120.0,60.0,70.0,normal,0.000000,0.158192,0.108543
box_height,115.0,120.0,60.0,70.0,normal,0.000000,0.075459,0.051630
miss_detection,115.0,120.0,70.0,80.0,constant,1.000000,,
distal,115.0,120.0,70.0,80.0,normal,0.000000,0.113883,0.071738
perpendicular,115.0,120.0,70.0,80.0,normal,0.000000,0.080888,0.055199
height,115.0,120.0,70.0,80.0,normal,0.000000,0.056859,0.035965
yaw,115.0,120.0,70.0,80.0,normal,0.000000,0.312987,0.100466
width,115.0,120.0,70.0,80.0,normal,0.000000,0.118622,0.088224
length,115.0,120.0,70.0,80.0,normal,0.000000,0.158192,0.108543
box_height,115.0,120.0,70.0,80.0,normal,0.000000,0.075459,0.051630
miss_detection,115.0,120.0,80.0,90.0,constant,1.000000,,
distal,115.0,120.0,80.0,90.0,normal,0.000000,0.113883,0.071738
perpendicular,115.0,120.0,80.0,90.0,normal,0.000000,0.080888,0.055199
height,115.0,120.0,80.0,90.0,normal,0.000000,0.056859,0.035965
yaw,115.0,120.0,80.0,90.0,normal,0.000000,0.312987,0.100466
width,115.0,120.0,80.0,90.0,normal,0.000000,0.118622,0.088224
length,115.0,120.0,80.0,90.0,normal,0.000000,0.158192,0.108543
box_height,115.0,120.0,80.0,90.0,normal,0.000000,0.075459,0.051630
miss_detection,115.0,120.0,90.0,100.0,constant,1.000000,,
distal,115.0,120.0,90.0,100.0,normal,0.000000,0.113883,0.071738
perpendicular,115.0,120.0,90.0,100.0,normal,0.000000,0.080888,0.055199
height,115.0,120.0,90.0,100.0,normal,0.000000,0.056859,0.035965
yaw,115.0,120.0,90.0,100.0,normal,0.000000,0.312987,0.100466
width,115.0,120.0,90.0,100.0,normal,0.000000,0.118622,0.088224
length,115.0,120.0,90.0,100.0,normal,0.000000,0.158192,0.108543
box_height,115.0,120.0,90.0,100.0,normal,0.000000,0.075459,0.051630
miss_detection,115.0,120.0,100.0,110.0,constant,1.000000,,
distal,115.0,120.0,100.0,110.0,normal,0.000000,0.113883,0.071738
perpendicular,115.0,120.0,100.0,110.0,normal,0.000000,0.080888,0.055199
height,115.0,120.0,100.0,110.0,normal,0.000000,0.056859,0.035965
yaw,115.0,120.0,100.0,110.0,normal,0.000000,0.312987,0.100466
width,115.0,120.0,100.0,110.0,normal,0.000000,0.118622,0.088224
length,115.0,120.0,100.0,110.0,normal,0.000000,0.158192,0.108543
box_height,115.0,120.0,100.0,110.0,normal,0.000000,0.075459,0.051630
miss_detection,115.0,120.0,110.0,120.0,constant,1.000000,,
distal,115.0,120.0,110.0,120.0,normal,0.000000,0.113883,0.071738
perpendicular,115.0,120.0,110.0,120.0,normal,0.000000,0.080888,0.055199
height,115.0,120.0,110.0,120.0,normal,0.000000,0.056859,0.035965
yaw,115.0,120.0,110.0,120.0,normal,0.000000,0.312987,0.100466
width,115.0,120.0,110.0,120.0,normal,0.000000,0.118622,0.088224
length,115.0,120.0,110.0,120.0,normal,0.000000,0.158192,0.108543
box_height,115.0,120.0,110.0,120.0,normal,0.000000,0.075459,0.051630
miss_detection,115.0,120.0,120.0,130.0,constant,1.000000,,
distal,115.0,120.0,120.0,130.0,normal,0.000000,0.113883,0.071738
perpendicular,115.0,120.0,120.0,130.0,normal,0.000000,0.080888,0.055199
height,115.0,120.0,120.0,130.0,normal,0.000000,0.056859,0.035965
yaw,115.0,120.0,120.0,130.0,normal,0.000000,0.312987,0.100466
width,115.0,120.0,120.0,130.0,normal,0.000000,0.118622,0.088224
length,115.0,120.0,120.0,130.0,normal,0.000000,0.158192,0.108543
box_height,115.0,120.0,120.0,130.0,normal,0.000000,0.075459,0.051630
miss_detection,115.0,120.0,130.0,140.0,constant,1.000000,,
distal,115.0,120.0,130.0,140.0,normal,0.000000,0.113883,0.071738
perpendicular,115.0,120.0,130.0,140.0,normal,0.000000,0.080888,0.055199
height,115.0,120.0,130.0,140.0,normal,0.000000,0.056859,0.035965
yaw,115.0,120.0,130.0,140.0,normal,0.000000,0.312987,0.100466
width,115.0,120.0,130.0,140.0,normal,0.000000,0.118622,0.088224
length,115.0,120.0,130.0,140.0,normal,0.000000,0.158192,0.108543
box_height,115.0,120.0,130.0,140.0,normal,0.000000,0.075459,0.051630
miss_detection,115.0,120.0,140.0,150.0,constant,1.000000,,
distal,115.0,120.0,140.0,150.0,normal,0.000000,0.113883,0.071738
perpendicular,115.0,120.0,140.0,150.0,normal,0.000000,0.080888,0.055199
height,115.0,120.0,140.0,150.0,normal,0.000000,0.056859,0.035965
yaw,115.0,120.0,140.0,150.0,normal,0.000000,0.312987,0.100466
width,115.0,120.0,140.0,150.0,normal,0.000000,0.118622,0.088224
length,115.0,120.0,140.0,150.0,normal,0.000000,0.158192,0.108543
box_height,115.0,120.0,140.0,150.0,normal,0.000000,0.075459,0.051630
miss_detection,115.0,120.0,150.0,160.0,constant,1.000000,,
distal,115.0,120.0,150.0,160.0,normal,0.000000,0.113883,0.071738
perpendicular,115.0,120.0,150.0,160.0,normal,0.000000,0.080888,0.055199
height,115.0,120.0,150.0,160.0,normal,0.000000,0.056859,0.035965
yaw,115.0,120.0,150.0,160.0,normal,0.000000,0.312987,0.100466
width,115.0,120.0,150.0,160.0,normal,0.000000,0.118622,0.088224
length,115.0,120.0,150.0,160.0,normal,0.000000,0.158192,0.108543
box_height,115.0,120.0,150.0,160.0,normal,0.000000,0.075459,0.051630
miss_detection,115.0,120.0,160.0,170.0,constant,1.000000,,
distal,115.0,120.0,160.0,170.0,normal,0.000000,0.113883,0.071738
perpendicular,115.0,120.0,160.0,170.0,normal,0.000000,0.080888,0.055199
height,115.0,120.0,160.0,170.0,normal,0.000000,0.056859,0.035965
yaw,115.0,120.0,160.0,170.0,normal,0.000000,0.312987,0.100466
width,115.0,120.0,160.0,170.0,normal,0.000000,0.118622,0.088224
length,115.0,120.0,160.0,170.0,normal,0.000000,0.158192,0.108543
box_height,115.0,120.0,160.0,170.0,normal,0.000000,0.075459,0.051630
miss_detection,115.0,120.0,170.0,180.0,constant,1.000000,,
distal,115.0,120.0,170.0,180.0,normal,0.000000,0.113883,0.071738
perpendicular,115.0,120.0,170.0,180.0,normal,0.000000,0.080888,0.055199
height,115.0,120.0,170.0,180.0,normal,0.000000,0.056859,0.035965
yaw,115.0,120.0,170.0,180.0,normal,0.000000,0.312987,0.100466
width,115.0,120.0,170.0,180.0,normal,0.000000,0.118622,0.088224
length,115.0,120.0,170.0,180.0,normal,0.000000,0.158192,0.108543
box_height,115.0,120.0,170.0,180.0,normal,0.000000,0.075459,0.051630
