range_lo,range_hi,angle_lo,angle_hi,gt_count,missed,miss_rate,source,n_fp,fp_per_frame,score_mean,score_std,fp_score_mean,fp_score_std,x_mean,y_mean,z_mean,distal_mean,perp_mean,yaw_mean,width_mean,length_mean,box_height_mean,x_std,y_std,z_std,distal_std,perp_std,yaw_std,width_std,length_std,box_height_std,n_fp_car,n_fp_truck,n_fp_bus,n_fp_construction_vehicle,fp_width_mean,fp_width_std,fp_length_mean,fp_length_std,fp_height_mean,fp_height_std,fp_yaw_std
0.000000,5.000000,-180.000000,-170.000000,0,0,1.000000,no_data,0,0.000000,,,,,,,,,,,,,,,,,,,,,,,0,0,0,0,0.000000,0.000000,0.000000,0.000000,0.000000,0.000000,0.785398
0.000000,5.000000,-170.000000,-160.000000,0,0,1.000000,no_data,0,0.000000,,,,,,,,,,,,,,,,,,,,,,,0,0,0,0,0.000000,0.000000,0.000000,0.000000,0.000000,0.000000,0.785398
0.000000,5.000000,-160.000000,-150.000000,0,0,1.000000,no_data,0,0.000000,,,,,,,,,,,,,,,,,,,,,,,0,0,0,0,0.000000,0.000000,0.000000,0.000000,0.000000,0.000000,0.785398
0.000000,5.000000,-150.000000,-140.000000,0,0,1.000000,no_data,0,0.000000,,,,,,,,,,,,,,,,,,,,,,,0,0,0,0,0.000000,0.000000,0.000000,0.000000,0.000000,0.000000,0.785398
0.000000,5.000000,-140.000000,-130.000000,0,0,1.000000,no_data,0,0.000000,,,,,,,,,,,,,,,,,,,,,,,0,0,0,0,0.000000,0.000000,0.000000,0.000000,0.000000,0.000000,0.785398
0.000000,5.000000,-130.000000,-120.000000,0,0,1.000000,no_data,0,0.000000,,,,,,,,,,,,,,,,,,,,,,,0,0,0,0,0.000000,0.000000,0.000000,0.000000,0.000000,0.000000,0.785398
0.000000,5.000000,-120.000000,-110.000000,0,0,1.000000,no_data,0,0.000000,,,,,,,,,,,,,,,,,,,,,,,0,0,0,0,0.000000,0.000000,0.000000,0.000000,0.000000,0.000000,0.785398
0.000000,5.000000,-110.000000,-100.000000,0,0,1.000000,no_data,0,0.000000,,,,,,,,,,,,,,,,,,,,,,,0,0,0,0,0.000000,0.000000,0.000000,0.000000,0.000000,0.000000,0.785398
0.000000,5.000000,-100.000000,-90.000000,0,0,1.000000,no_data,0,0.000000,,,,,,,,,,,,,,,,,,,,,,,0,0,0,0,0.000000,0.000000,0.000000,0.000000,0.000000,0.000000,0.785398
0.000000,5.000000,-90.000000,-80.000000,0,0,1.000000,no_data,0,0.000000,,,,,,,,,,,,,,,,,,,,,,,0,0,0,0,0.000000,0.000000,0.000000,0.000000,0.000000,0.000000,0.785398
0.000000,5.000000,-80.000000,-70.000000,0,0,1.000000,no_data,0,0.000000,,,,,,,,,,,,,,,,,,,,,,,0,0,0,0,0.000000,0.000000,0.000000,0.000000,0.000000,0.000000,0.785398
0.000000,5.000000,-70.000000,-60.000000,0,0,1.000000,no_data,0,0.000000,,,,,,,,,,,,,,,,,,,,,,,0,0,0,0,0.000000,0.000000,0.000000,0.000000,0.000000,0.000000,0.785398
0.000000,5.000000,-60.000000,-50.000000,0,0,1.000000,no_data,0,0.000000,,,,,,,,,,,,,,,,,,,,,,,0,0,0,0,0.000000,0.000000,0.000000,0.000000,0.000000,0.000000,0.785398
0.000000,5.000000,-50.000000,-40.000000,0,0,1.000000,no_data,0,0.000000,,,,,,,,,,,,,,,,,,,,,,,0,0,0,0,0.000000,0.000000,0.000000,0.000000,0.000000,0.000000,0.785398
0.000000,5.000000,-40.000000,-30.000000,0,0,1.000000,no_data,0,0.000000,,,,,,,,,,,,,,,,,,,,,,,0,0,0,0,0.000000,0.000000,0.000000,0.000000,0.000000,0.000000,0.785398
0.000000,5.000000,-30.000000,-20.000000,0,0,1.000000,no_data,0,0.000000,,,,,,,,,,,,,,,,,,,,,,,0,0,0,0,0.000000,0.000000,0.000000,0.000000,0.000000,0.000000,0.785398
0.000000,5.000000,-20.000000,-10.000000,0,0,1.000000,no_data,0,0.000000,,,,,,,,,,,,,,,,,,,,,,,0,0,0,0,0.000000,0.000000,0.000000,0.000000,0.000000,0.000000,0.785398
0.000000,5.000000,-10.000000,0.000000,0,0,1.000000,no_data,0,0.000000,,,,,,,,,,,,,,,,,,,,,,,0,0,0,0,0.000000,0.000000,0.000000,0.000000,0.000000,0.000000,0.785398
0.000000,5.000000,0.000000,10.000000,0,0,1.000000,no_data,0,0.000000,,,,,,,,,,,,,,,,,,,,,,,0,0,0,0,0.000000,0.000000,0.000000,0.000000,0.000000,0.000000,0.785398
0.000000,5.000000,10.000000,20.000000,0,0,1.000000,no_data,0,0.000000,,,,,,,,,,,,,,,,,,,,,,,0,0,0,0,0.000000,0.000000,0.000000,0.000000,0.000000,0.000000,0.785398
0.000000,5.000000,20.000000,30.000000,0,0,1.000000,no_data,0,0.000000,,,,,,,,,,,,,,,,,,,,,,,0,0,0,0,0.000000,0.000000,0.000000,0.000000,0.000000,0.000000,0.785398
0.000000,5.000000,30.000000,40.000000,0,0,1.000000,no_data,0,0.000000,,,,,,,,,,,,,,,,,,,,,,,0,0,0,0,0.000000,0.000000,0.000000,0.000000,0.000000,0.000000,0.785398
0.000000,5.000000,40.000000,50.000000,0,0,1.000000,no_data,0,0.000000,,,,,,,,,,,,,,,,,,,,,,,0,0,0,0,0.000000,0.000000,0.000000,0.000000,0.000000,0.000000,0.785398
0.000000,5.000000,50.000000,60.000000,0,0,1.000000,no_data,0,0.000000,,,,,,,,,,,,,,,,,,,,,,,0,0,0,0,0.000000,0.000000,0.000000,0.000000,0.000000,0.000000,0.785398
0.000000,5.000000,60.000000,70.000000,0,0,1.000000,no_data,0,0.000000,,,,,,,,,,,,,,,,,,,,,,,0,0,0,0,0.000000,0.000000,0.000000,0.000000,0.000000,0.000000,0.785398
0.000000,5.000000,70.000000,80.000000,0,0,1.000000,no_data,0,0.000000,,,,,,,,,,,,,,,,,,,,,,,0,0,0,0,0.000000,0.000000,0.000000,0.000000,0.000000,0.000000,0.785398
0.000000,5.000000,80.000000,90.000000,0,0,1.000000,no_data,0,0.000000,,,,,,,,,,,,,,,,,,,,,,,0,0,0,0,0.000000,0.000000,0.000000,0.000000,0.000000,0.000000,0.785398
0.000000,5.000000,90.000000,100.000000,0,0,1.000000,no_data,0,0.000000,,,,,,,,,,,,,,,,,,,,,,,0,0,0,0,0.000000,0.000000,0.000000,0.000000,0.000000,0.000000,0.785398
0.000000,5.000000,100.000000,110.000000,0,0,1.000000,no_data,0,0.000000,,,,,,,,,,,,,,,,,,,,,,,0,0,0,0,0.000000,0.000000,0.000000,0.000000,0.000000,0.000000,0.785398
0.000000,5.000000,110.000000,120.000000,0,0,1.000000,no_data,0,0.000000,,,,,,,,,,,,,,,,,,,,,,,0,0,0,0,0.000000,0.000000,0.000000,0.000000,0.000000,0.000000,0.785398
0.000000,5.000000,120.000000,130.000000,0,0,1.000000,no_data,0,0.000000,,,,,,,,,,,,,,,,,,,,,,,0,0,0,0,0.000000,0.000000,0.000000,0.000000,0.000000,0.000000,0.785398
0.000000,5.000000,130.000000,140.000000,0,0,1.000000,no_data,0,0.000000,,,,,,,,,,,,,,,,,,,,,,,0,0,0,0,0.000000,0.000000,0.000000,0.000000,0.000000,0.000000,0.785398
0.000000,5.000000,140.000000,150.000000,0,0,1.000000,no_data,0,0.000000,,,,,,,,,,,,,,,,,,,,,,,0,0,0,0,0.000000,0.000000,0.000000,0.000000,0.000000,0.000000,0.785398
0.000000,5.000000,150.000000,160.000000,0,0,1.000000,no_data,0,0.000000,,,,,,,,,,,,,,,,,,,,,,,0,0,0,0,0.000000,0.000000,0.000000,0.000000,0.000000,0.000000,0.785398
0.000000,5.000000,160.000000,170.000000,0,0,1.000000,no_data,0,0.000000,,,,,,,,,,,,,,,,,,,,,,,0,0,0,0,0.000000,0.000000,0.000000,0.000000,0.000000,0.000000,0.785398
0.000000,5.000000,170.000000,180.000000,0,0,1.000000,no_data,0,0.000000,,,,,,,,,,,,,,,,,,,,,,,0,0,0,0,0.000000,0.000000,0.000000,0.000000,0.000000,0.000000,0.785398
5.000000,10.000000,-180.000000,-170.000000,0,0,1.000000,no_data,0,0.000000,,,,,,,,,,,,,,,,,,,,,,,0,0,0,0,0.000000,0.000000,0.000000,0.000000,0.000000,0.000000,0.785398
5.000000,10.000000,-170.000000,-160.000000,0,0,1.000000,no_data,0,0.000000,,,,,,,,,,,,,,,,,,,,,,,0,0,0,0,0.000000,0.000000,0.000000,0.000000,0.000000,0.000000,0.785398
5.000000,10.000000,-160.000000,-150.000000,0,0,1.000000,no_data,0,0.000000,,,,,,,,,,,,,,,,,,,,,,,0,0,0,0,0.000000,0.000000,0.000000,0.000000,0.000000,0.000000,0.785398
5.000000,10.000000,-150.000000,-140.000000,0,0,1.000000,no_data,0,0.000000,,,,,,,,,,,,,,,,,,,,,,,0,0,0,0,0.000000,0.000000,0.000000,0.000000,0.000000,0.000000,0.785398
5.000000,10.000000,-140.000000,-130.000000,0,0,1.000000,no_data,0,0.000000,,,,,,,,,,,,,,,,,,,,,,,0,0,0,0,0.000000,0.000000,0.000000,0.000000,0.000000,0.000000,0.785398
5.000000,10.000000,-130.000000,-120.000000,0,0,1.000000,no_data,0,0.000000,,,,,,,,,,,,,,,,,,,,,,,0,0,0,0,0.000000,0.000000,0.000000,0.000000,0.000000,0.000000,0.785398
5.000000,10.000000,-120.000000,-110.000000,0,0,1.000000,no_data,0,0.000000,,,,,,,,,,,,,,,,,,,,,,,0,0,0,0,0.000000,0.000000,0.000000,0.000000,0.000000,0.000000,0.785398
5.000000,10.000000,-110.000000,-100.000000,0,0,1.000000,no_data,0,0.000000,,,,,,,,,,,,,,,,,,,,,,,0,0,0,0,0.000000,0.000000,0.000000,0.000000,0.000000,0.000000,0.785398
5.000000,10.000000,-100.000000,-90.000000,0,0,1.000000,no_data,0,0.000000,,,,,,,,,,,,,,,,,,,,,,,0,0,0,0,0.000000,0.000000,0.000000,0.000000,0.000000,0.000000,0.785398
5.000000,10.000000,-90.000000,-80.000000,0,0,1.000000,no_data,0,0.000000,,,,,,,,,,,,,,,,,,,,,,,0,0,0,0,0.000000,0.000000,0.000000,0.000000,0.000000,0.000000,0.785398
5.000000,10.000000,-80.000000,-70.000000,0,0,1.000000,no_data,0,0.000000,,,,,,,,,,,,,,,,,,,,,,,0,0,0,0,0.000000,0.000000,0.000000,0.000000,0.000000,0.000000,0.785398
5.000000,10.000000,-70.000000,-60.000000,0,0,1.000000,no_data,0,0.000000,,,,,,,,,,,,,,,,,,,,,,,0,0,0,0,0.000000,0.000000,0.000000,0.000000,0.000000,0.000000,0.785398
5.000000,10.000000,-60.000000,-50.000000,0,0,1.000000,no_data,0,0.000000,,,,,,,,,,,,,,,,,,,,,,,0,0,0,0,0.000000,0.000000,0.000000,0.000000,0.000000,0.000000,0.785398
5.000000,10.000000,-50.000000,-40.000000,0,0,1.000000,no_data,0,0.000000,,,,,,,,,,,,,,,,,,,,,,,0,0,0,0,0.000000,0.000000,0.000000,0.000000,0.000000,0.000000,0.785398
5.000000,10.000000,-40.000000,-30.000000,0,0,1.000000,no_data,0,0.000000,,,,,,,,,,,,,,,,,,,,,,,0,0,0,0,0.000000,0.000000,0.000000,0.000000,0.000000,0.000000,0.785398
5.000000,10.000000,-30.000000,-20.000000,0,0,1.000000,no_data,0,0.000000,,,,,,,,,,,,,,,,,,,,,,,0,0,0,0,0.000000,0.000000,0.000000,0.000000,0.000000,0.000000,0.785398
5.000000,10.000000,-20.000000,-10.000000,0,0,1.000000,no_data,0,0.000000,,,,,,,,,,,,,,,,,,,,,,,0,0,0,0,0.000000,0.000000,0.000000,0.000000,0.000000,0.000000,0.785398
5.000000,10.000000,-10.000000,0.000000,0,0,1.000000,no_data,0,0.000000,,,,,,,,,,,,,,,,,,,,,,,0,0,0,0,0.000000,0.000000,0.000000,0.000000,0.000000,0.000000,0.785398
5.000000,10.000000,0.000000,10.000000,0,0,1.000000,no_data,0,0.000000,,,,,,,,,,,,,,,,,,,,,,,0,0,0,0,0.000000,0.000000,0.000000,0.000000,0.000000,0.000000,0.785398
5.000000,10.000000,10.000000,20.000000,0,0,1.000000,no_data,0,0.000000,,,,,,,,,,,,,,,,,,,,,,,0,0,0,0,0.000000,0.000000,0.000000,0.000000,0.000000,0.000000,0.785398
5.000000,10.000000,20.000000,30.000000,0,0,1.000000,no_data,0,0.000000,,,,,,,,,,,,,,,,,,,,,,,0,0,0,0,0.000000,0.000000,0.000000,0.000000,0.000000,0.000000,0.785398
5.000000,10.000000,30.000000,40.000000,0,0,1.000000,no_data,0,0.000000,,,,,,,,,,,,,,,,,,,,,,,0,0,0,0,0.000000,0.000000,0.000000,0.000000,0.000000,0.000000,0.785398
5.000000,10.000000,40.000000,50.000000,0,0,1.000000,no_data,0,0.000000,,,,,,,,,,,,,,,,,,,,,,,0,0,0,0,0.000000,0.000000,0.000000,0.000000,0.000000,0.000000,0.785398
5.000000,10.000000,50.000000,60.000000,0,0,1.000000,no_data,0,0.000000,,,,,,,,,,,,,,,,,,,,,,,0,0,0,0,0.000000,0.000000,0.000000,0.000000,0.000000,0.000000,0.785398
5.000000,10.000000,60.000000,70.000000,0,0,1.000000,no_data,0,0.000000,,,,,,,,,,,,,,,,,,,,,,,0,0,0,0,0.000000,0.000000,0.000000,0.000000,0.000000,0.000000,0.785398
5.000000,10.000000,70.000000,80.000000,0,0,1.000000,no_data,0,0.000000,,,,,,,,,,,,,,,,,,,,,,,0,0,0,0,0.000000,0.000000,0.000000,0.000000,0.000000,0.000000,0.785398
5.000000,10.000000,80.000000,90.000000,0,0,1.000000,no_data,0,0.000000,,,,,,,,,,,,,,,,,,,,,,,0,0,0,0,0.000000,0.000000,0.000000,0.000000,0.000000,0.000000,0.785398
5.000000,10.000000,90.000000,100.000000,0,0,1.000000,no_data,0,0.000000,,,,,,,,,,,,,,,,,,,,,,,0,0,0,0,0.000000,0.000000,0.000000,0.000000,0.000000,0.000000,0.785398
5.000000,10.000000,100.000000,110.000000,0,0,1.000000,no_data,0,0.000000,,,,,,,,,,,,,,,,,,,,,,,0,0,0,0,0.000000,0.000000,0.000000,0.000000,0.000000,0.000000,0.785398
5.000000,10.000000,110.000000,120.000000,0,0,1.000000,no_data,0,0.000000,,,,,,,,,,,,,,,,,,,,,,,0,0,0,0,0.000000,0.000000,0.000000,0.000000,0.000000,0.000000,0.785398
5.000000,10.000000,120.000000,130.000000,0,0,1.000000,no_data,0,0.000000,,,,,,,,,,,,,,,,,,,,,,,0,0,0,0,0.000000,0.000000,0.000000,0.000000,0.000000,0.000000,0.785398
5.000000,10.000000,130.000000,140.000000,0,0,1.000000,no_data,0,0.000000,,,,,,,,,,,,,,,,,,,,,,,0,0,0,0,0.000000,0.000000,0.000000,0.000000,0.000000,0.000000,0.785398
5.000000,10.000000,140.000000,150.000000,0,0,1.000000,no_data,0,0.000000,,,,,,,,,,,,,,,,,,,,,,,0,0,0,0,0.000000,0.000000,0.000000,0.000000,0.000000,0.000000,0.785398
5.000000,10.000000,150.000000,160.000000,0,0,1.000000,no_data,0,0.000000,,,,,,,,,,,,,,,,,,,,,,,0,0,0,0,0.000000,0.000000,0.000000,0.000000,0.000000,0.000000,0.785398
5.000000,10.000000,160.000000,170.000000,0,0,1.000000,no_data,0,0.000000,,,,,,,,,,,,,,,,,,,,,,,0,0,0,0,0.000000,0.000000,0.000000,0.000000,0.000000,0.000000,0.785398
5.000000,10.000000,170.000000,180.000000,0,0,1.000000,no_data,0,0.000000,,,,,,,,,,,,,,,,,,,,,,,0,0,0,0,0.000000,0.000000,0.000000,0.000000,0.000000,0.000000,0.785398
10.000000,15.000000,-180.000000,-170.000000,0,0,1.000000,no_data,0,0.000000,,,,,,,,,,,,,,,,,,,,,,,0,0,0,0,0.000000,0.000000,0.000000,0.000000,0.000000,0.000000,0.785398
10.000000,15.000000,-170.000000,-160.000000,0,0,1.000000,no_data,0,0.000000,,,,,,,,,,,,,,,,,,,,,,,0,0,0,0,0.000000,0.000000,0.000000,0.000000,0.000000,0.000000,0.785398
10.000000,15.000000,-160.000000,-150.000000,0,0,1.000000,no_data,0,0.000000,,,,,,,,,,,,,,,,,,,,,,,0,0,0,0,0.000000,0.000000,0.000000,0.000000,0.000000,0.000000,0.785398
10.000000,15.000000,-150.000000,-140.000000,0,0,1.000000,no_data,0,0.000000,,,,,,,,,,,,,,,,,,,,,,,0,0,0,0,0.000000,0.000000,0.000000,0.000000,0.000000,0.000000,0.785398
10.000000,15.000000,-140.000000,-130.000000,0,0,1.000000,no_data,0,0.000000,,,,,,,,,,,,,,,,,,,,,,,0,0,0,0,0.000000,0.000000,0.000000,0.000000,0.000000,0.000000,0.785398
10.000000,15.000000,-130.000000,-120.000000,0,0,1.000000,no_data,0,0.000000,,,,,,,,,,,,,,,,,,,,,,,0,0,0,0,0.000000,0.000000,0.000000,0.000000,0.000000,0.000000,0.785398
10.000000,15.000000,-120.000000,-110.000000,0,0,1.000000,no_data,0,0.000000,,,,,,,,,,,,,,,,,,,,,,,0,0,0,0,0.000000,0.000000,0.000000,0.000000,0.000000,0.000000,0.785398
10.000000,15.000000,-110.000000,-100.000000,0,0,1.000000,no_data,0,0.000000,,,,,,,,,,,,,,,,,,,,,,,0,0,0,0,0.000000,0.000000,0.000000,0.000000,0.000000,0.000000,0.785398
10.000000,15.000000,-100.000000,-90.000000,0,0,1.000000,no_data,0,0.000000,,,,,,,,,,,,,,,,,,,,,,,0,0,0,0,0.000000,0.000000,0.000000,0.000000,0.000000,0.000000,0.785398
10.000000,15.000000,-90.000000,-80.000000,0,0,1.000000,no_data,0,0.000000,,,,,,,,,,,,,,,,,,,,,,,0,0,0,0,0.000000,0.000000,0.000000,0.000000,0.000000,0.000000,0.785398
10.000000,15.000000,-80.000000,-70.000000,0,0,1.000000,no_data,0,0.000000,,,,,,,,,,,,,,,,,,,,,,,0,0,0,0,0.000000,0.000000,0.000000,0.000000,0.000000,0.000000,0.785398
10.000000,15.000000,-70.000000,-60.000000,0,0,1.000000,no_data,0,0.000000,,,,,,,,,,,,,,,,,,,,,,,0,0,0,0,0.000000,0.000000,0.000000,0.000000,0.000000,0.000000,0.785398
10.000000,15.000000,-60.000000,-50.000000,0,0,1.000000,no_data,0,0.000000,,,,,,,,,,,,,,,,,,,,,,,0,0,0,0,0.000000,0.000000,0.000000,0.000000,0.000000,0.000000,0.785398
10.000000,15.000000,-50.000000,-40.000000,0,0,1.000000,no_data,0,0.000000,,,,,,,,,,,,,,,,,,,,,,,0,0,0,0,0.000000,0.000000,0.000000,0.000000,0.000000,0.000000,0.785398
10.000000,15.000000,-40.000000,-30.000000,205,205,1.000000,no_data,0,0.000000,,,,,,,,,,,,,,,,,,,,,,,0,0,0,0,0.000000,0.000000,0.000000,0.000000,0.000000,0.000000,0.785398
10.000000,15.000000,-30.000000,-20.000000,203,162,0.798030,measured,5,0.003193,0.571679,0.021803,0.572896,0.006968,-0.028957,0.132344,0.003759,-0.085545,0.106387,-0.114436,0.002317,0.007803,-0.004285,0.191223,0.096686,0.030681,0.177091,0.119460,0.037382,0.088963,0.091267,0.027824,5,0,0,0,1.858469,0.013069,4.236531,0.036625,1.514246,0.022281,0.026830
10.000000,15.000000,-20.000000,-10.000000,761,220,0.289093,measured,11,0.007024,0.836253,0.084784,0.737615,0.058965,0.016379,0.031041,0.005421,0.006949,0.033929,-0.113636,-0.005619,0.097220,-0.006121,0.290384,0.087801,0.027693,0.283562,0.107969,0.035059,0.107694,0.217326,0.042286,11,0,0,0,2.003532,0.032798,4.317306,0.081427,1.511868,0.058132,0.054747
10.000000,15.000000,-10.000000,0.000000,1078,269,0.249536,measured,5,0.003193,0.876653,0.047440,0.825243,0.059713,0.041600,0.018810,0.005686,0.040850,0.020254,-0.102254,0.010850,0.036541,-0.000442,0.250133,0.044334,0.034651,0.249700,0.046769,0.047231,0.075048,0.132351,0.069129,5,0,0,0,2.096629,0.045588,4.324694,0.052659,1.674414,0.026892,0.052080
10.000000,15.000000,0.000000,10.000000,349,6,0.017192,measured,3,0.001916,0.937127,0.024007,0.836233,0.081371,-0.001462,0.003962,-0.003271,-0.000771,0.004164,-0.108852,0.030155,0.025460,0.010615,0.129527,0.038666,0.040949,0.128142,0.043033,0.036357,0.064014,0.113916,0.081228,3,0,0,0,2.019168,0.079058,4.227440,0.039020,1.563551,0.119134,0.075123
10.000000,15.000000,10.000000,20.000000,25,17,0.680000,measured,0,0.000000,0.845380,0.056208,,,0.035559,-0.052570,-0.014495,0.024463,-0.058713,-0.027927,-0.029557,-0.025386,0.014034,0.125137,0.037751,0.038276,0.120419,0.050657,0.072697,0.070014,0.174252,0.095678,0,0,0,0,0.000000,0.000000,0.000000,0.000000,0.000000,0.000000,0.785398
10.000000,15.000000,20.000000,30.000000,506,24,0.047431,measured,1,0.000639,0.911290,0.026561,0.868018,0.000000,-0.003809,0.032936,-0.013516,0.008614,0.031618,-0.101436,-0.025628,0.010150,-0.015068,0.096373,0.049119,0.032921,0.091764,0.057490,0.036050,0.104642,0.116787,0.054582,1,0,0,0,1.807456,0.000000,4.164088,0.000000,1.473979,0.000000,0.000000
10.000000,15.000000,30.000000,40.000000,0,0,1.000000,no_data,0,0.000000,,,,,,,,,,,,,,,,,,,,,,,0,0,0,0,0.000000,0.000000,0.000000,0.000000,0.000000,0.000000,0.785398
10.000000,15.000000,40.000000,50.000000,0,0,1.000000,no_data,0,0.000000,,,,,,,,,,,,,,,,,,,,,,,0,0,0,0,0.000000,0.000000,0.000000,0.000000,0.000000,0.000000,0.785398
10.000000,15.000000,50.000000,60.000000,0,0,1.000000,no_data,0,0.000000,,,,,,,,,,,,,,,,,,,,,,,0,0,0,0,0.000000,0.000000,0.000000,0.000000,0.000000,0.000000,0.785398
10.000000,15.000000,60.000000,70.000000,0,0,1.000000,no_data,0,0.000000,,,,,,,,,,,,,,,,,,,,,,,0,0,0,0,0.000000,0.000000,0.000000,0.000000,0.000000,0.000000,0.785398
10.000000,15.000000,70.000000,80.000000,0,0,1.000000,no_data,0,0.000000,,,,,,,,,,,,,,,,,,,,,,,0,0,0,0,0.000000,0.000000,0.000000,0.000000,0.000000,0.000000,0.785398
10.000000,15.000000,80.000000,90.000000,0,0,1.000000,no_data,0,0.000000,,,,,,,,,,,,,,,,,,,,,,,0,0,0,0,0.000000,0.000000,0.000000,0.000000,0.000000,0.000000,0.785398
10.000000,15.000000,90.000000,100.000000,0,0,1.000000,no_data,0,0.000000,,,,,,,,,,,,,,,,,,,,,,,0,0,0,0,0.000000,0.000000,0.000000,0.000000,0.000000,0.000000,0.785398
10.000000,15.000000,100.000000,110.000000,0,0,1.000000,no_data,0,0.000000,,,,,,,,,,,,,,,,,,,,,,,0,0,0,0,0.000000,0.000000,0.000000,0.000000,0.000000,0.000000,0.785398
10.000000,15.000000,110.000000,120.000000,0,0,1.000000,no_data,0,0.000000,,,,,,,,,,,,,,,,,,,,,,,0,0,0,0,0.000000,0.000000,0.000000,0.000000,0.000000,0.000000,0.785398
10.000000,15.000000,120.000000,130.000000,0,0,1.000000,no_data,0,0.000000,,,,,,,,,,,,,,,,,,,,,,,0,0,0,0,0.000000,0.000000,0.000000,0.000000,0.000000,0.000000,0.785398
10.000000,15.000000,130.000000,140.000000,0,0,1.000000,no_data,0,0.000000,,,,,,,,,,,,,,,,,,,,,,,0,0,0,0,0.000000,0.000000,0.000000,0.000000,0.000000,0.000000,0.785398
10.000000,15.000000,140.000000,150.000000,0,0,1.000000,no_data,0,0.000000,,,,,,,,,,,,,,,,,,,,,,,0,0,0,0,0.000000,0.000000,0.000000,0.000000,0.000000,0.000000,0.785398
10.000000,15.000000,150.000000,160.000000,0,0,1.000000,no_data,0,0.000000,,,,,,,,,,,,,,,,,,,,,,,0,0,0,0,0.000000,0.000000,0.000000,0.000000,0.000000,0.000000,0.785398
10.000000,15.000000,160.000000,170.000000,0,0,1.000000,no_data,0,0.000000,,,,,,,,,,,,,,,,,,,,,,,0,0,0,0,0.000000,0.000000,0.000000,0.000000,0.000000,0.000000,0.785398
10.000000,15.000000,170.000000,180.000000,0,0,1.000000,no_data,0,0.000000,,,,,,,,,,,,,,,,,,,,,,,0,0,0,0,0.000000,0.000000,0.000000,0.000000,0.000000,0.000000,0.785398
15.000000,20.000000,-180.000000,-170.000000,0,0,1.000000,no_data,0,0.000000,,,,,,,,,,,,,,,,,,,,,,,0,0,0,0,0.000000,0.000000,0.000000,0.000000,0.000000,0.000000,0.785398
15.000000,20.000000,-170.000000,-160.000000,0,0,1.000000,no_data,0,0.000000,,,,,,,,,,,,,,,,,,,,,,,0,0,0,0,0.000000,0.000000,0.000000,0.000000,0.000000,0.000000,0.785398
15.000000,20.000000,-160.000000,-150.000000,0,0,1.000000,no_data,0,0.000000,,,,,,,,,,,,,,,,,,,,,,,0,0,0,0,0.000000,0.000000,0.000000,0.000000,0.000000,0.000000,0.785398
15.000000,20.000000,-150.000000,-140.000000,0,0,1.000000,no_data,0,0.000000,,,,,,,,,,,,,,,,,,,,,,,0,0,0,0,0.000000,0.000000,0.000000,0.000000,0.000000,0.000000,0.785398
15.000000,20.000000,-140.000000,-130.000000,0,0,1.000000,no_data,0,0.000000,,,,,,,,,,,,,,,,,,,,,,,0,0,0,0,0.000000,0.000000,0.000000,0.000000,0.000000,0.000000,0.785398
15.000000,20.000000,-130.000000,-120.000000,0,0,1.000000,no_data,0,0.000000,,,,,,,,,,,,,,,,,,,,,,,0,0,0,0,0.000000,0.000000,0.000000,0.000000,0.000000,0.000000,0.785398
15.000000,20.000000,-120.000000,-110.000000,0,0,1.000000,no_data,0,0.000000,,,,,,,,,,,,,,,,,,,,,,,0,0,0,0,0.000000,0.000000,0.000000,0.000000,0.000000,0.000000,0.785398
15.000000,20.000000,-110.000000,-100.000000,0,0,1.000000,no_data,0,0.000000,,,,,,,,,,,,,,,,,,,,,,,0,0,0,0,0.000000,0.000000,0.000000,0.000000,0.000000,0.000000,0.785398
15.000000,20.000000,-100.000000,-90.000000,0,0,1.000000,no_data,0,0.000000,,,,,,,,,,,,,,,,,,,,,,,0,0,0,0,0.000000,0.000000,0.000000,0.000000,0.000000,0.000000,0.785398
15.000000,20.000000,-90.000000,-80.000000,0,0,1.000000,no_data,0,0.000000,,,,,,,,,,,,,,,,,,,,,,,0,0,0,0,0.000000,0.000000,0.000000,0.000000,0.000000,0.000000,0.785398
15.000000,20.000000,-80.000000,-70.000000,0,0,1.000000,no_data,0,0.000000,,,,,,,,,,,,,,,,,,,,,,,0,0,0,0,0.000000,0.000000,0.000000,0.000000,0.000000,0.000000,0.785398
15.000000,20.000000,-70.000000,-60.000000,0,0,1.000000,no_data,0,0.000000,,,,,,,,,,,,,,,,,,,,,,,0,0,0,0,0.000000,0.000000,0.000000,0.000000,0.000000,0.000000,0.785398
15.000000,20.000000,-60.000000,-50.000000,0,0,1.000000,no_data,0,0.000000,,,,,,,,,,,,,,,,,,,,,,,0,0,0,0,0.000000,0.000000,0.000000,0.000000,0.000000,0.000000,0.785398
15.000000,20.000000,-50.000000,-40.000000,0,0,1.000000,no_data,0,0.000000,,,,,,,,,,,,,,,,,,,,,,,0,0,0,0,0.000000,0.000000,0.000000,0.000000,0.000000,0.000000,0.785398
15.000000,20.000000,-40.000000,-30.000000,0,0,1.000000,no_data,0,0.000000,,,,,,,,,,,,,,,,,,,,,,,0,0,0,0,0.000000,0.000000,0.000000,0.000000,0.000000,0.000000,0.785398
15.000000,20.000000,-30.000000,-20.000000,597,234,0.391960,measured,0,0.000000,0.930292,0.012619,,,0.000959,0.005636,-0.002849,-0.001519,0.005501,-0.105786,-0.023413,0.052111,0.030097,0.049979,0.035057,0.025378,0.050040,0.034972,0.033548,0.063841,0.095204,0.040489,0,0,0,0,0.000000,0.000000,0.000000,0.000000,0.000000,0.000000,0.785398
15.000000,20.000000,-20.000000,-10.000000,545,93,0.170642,measured,0,0.000000,0.917912,0.029620,,,-0.053885,-0.004050,-0.014842,-0.051820,-0.017174,-0.104891,-0.006882,-0.051734,0.000199,0.128180,0.051871,0.023899,0.127169,0.053746,0.047275,0.099810,0.152221,0.050841,0,0,0,0,0.000000,0.000000,0.000000,0.000000,0.000000,0.000000,0.785398
15.000000,20.000000,-10.000000,0.000000,288,0,0.000000,measured,0,0.000000,0.932735,0.014950,,,-0.057048,0.018097,0.011699,-0.057103,0.016409,-0.067989,0.000281,0.000236,-0.016899,0.119937,0.048081,0.032532,0.120252,0.047833,0.061086,0.088055,0.153796,0.060049,0,0,0,0,0.000000,0.000000,0.000000,0.000000,0.000000,0.000000,0.785398
15.000000,20.000000,0.000000,10.000000,440,0,0.000000,measured,0,0.000000,0.944893,0.008211,,,-0.015625,-0.001419,-0.010634,-0.015671,0.001012,-0.100606,0.014393,0.048519,-0.008280,0.080981,0.044444,0.027954,0.081901,0.042720,0.037777,0.075546,0.158094,0.041938,0,0,0,0,0.000000,0.000000,0.000000,0.000000,0.000000,0.000000,0.785398
15.000000,20.000000,10.000000,20.000000,764,220,0.287958,measured,0,0.000000,0.955229,0.015493,,,-0.028114,0.008000,0.001975,-0.024290,0.016352,-0.081336,0.000170,0.027470,-0.005973,0.059767,0.039101,0.023896,0.059373,0.039658,0.029425,0.078104,0.122915,0.034381,0,0,0,0,0.000000,0.000000,0.000000,0.000000,0.000000,0.000000,0.785398
15.000000,20.000000,20.000000,30.000000,18,9,0.500000,measured,0,0.000000,0.825277,0.069866,,,-0.127081,-0.041707,-0.033617,-0.133850,0.005553,-0.039111,-0.096620,-0.114295,-0.047115,0.211403,0.060588,0.070604,0.192795,0.105520,0.035169,0.148475,0.197286,0.060582,0,0,0,0,0.000000,0.000000,0.000000,0.000000,0.000000,0.000000,0.785398
15.000000,20.000000,30.000000,40.000000,4,4,1.000000,no_data,0,0.000000,,,,,,,,,,,,,,,,,,,,,,,0,0,0,0,0.000000,0.000000,0.000000,0.000000,0.000000,0.000000,0.785398
15.000000,20.000000,40.000000,50.000000,0,0,1.000000,no_data,0,0.000000,,,,,,,,,,,,,,,,,,,,,,,0,0,0,0,0.000000,0.000000,0.000000,0.000000,0.000000,0.000000,0.785398
15.000000,20.000000,50.000000,60.000000,0,0,1.000000,no_data,0,0.000000,,,,,,,,,,,,,,,,,,,,,,,0,0,0,0,0.000000,0.000000,0.000000,0.000000,0.000000,0.000000,0.785398
15.000000,20.000000,60.000000,70.000000,0,0,1.000000,no_data,0,0.000000,,,,,,,,,,,,,,,,,,,,,,,0,0,0,0,0.000000,0.000000,0.000000,0.000000,0.000000,0.000000,0.785398
15.000000,20.000000,70.000000,80.000000,0,0,1.000000,no_data,0,0.000000,,,,,,,,,,,,,,,,,,,,,,,0,0,0,0,0.000000,0.000000,0.000000,0.000000,0.000000,0.000000,0.785398
15.000000,20.000000,80.000000,90.000000,0,0,1.000000,no_data,0,0.000000,,,,,,,,,,,,,,,,,,,,,,,0,0,0,0,0.000000,0.000000,0.000000,0.000000,0.000000,0.000000,0.785398
15.000000,20.000000,90.000000,100.000000,0,0,1.000000,no_data,0,0.000000,,,,,,,,,,,,,,,,,,,,,,,0,0,0,0,0.000000,0.000000,0.000000,0.000000,0.000000,0.000000,0.785398
15.000000,20.000000,100.000000,110.000000,0,0,1.000000,no_data,0,0.000000,,,,,,,,,,,,,,,,,,,,,,,0,0,0,0,0.000000,0.000000,0.000000,0.000000,0.000000,0.000000,0.785398
15.000000,20.000000,110.000000,120.000000,0,0,1.000000,no_data,0,0.000000,,,,,,,,,,,,,,,,,,,,,,,0,0,0,0,0.000000,0.000000,0.000000,0.000000,0.000000,0.000000,0.785398
15.000000,20.000000,120.000000,130.000000,0,0,1.000000,no_data,0,0.000000,,,,,,,,,,,,,,,,,,,,,,,0,0,0,0,0.000000,0.000000,0.000000,0.000000,0.000000,0.000000,0.785398
15.000000,20.000000,130.000000,140.000000,0,0,1.000000,no_data,0,0.000000,,,,,,,,,,,,,,,,,,,,,,,0,0,0,0,0.000000,0.000000,0.000000,0.000000,0.000000,0.000000,0.785398
15.000000,20.000000,140.000000,150.000000,0,0,1.000000,no_data,0,0.000000,,,,,,,,,,,,,,,,,,,,,,,0,0,0,0,0.000000,0.000000,0.000000,0.000000,0.000000,0.000000,0.785398
15.000000,20.000000,150.000000,160.000000,0,0,1.000000,no_data,0,0.000000,,,,,,,,,,,,,,,,,,,,,,,0,0,0,0,0.000000,0.000000,0.000000,0.000000,0.000000,0.000000,0.785398
15.000000,20.000000,160.000000,170.000000,0,0,1.000000,no_data,0,0.000000,,,,,,,,,,,,,,,,,,,,,,,0,0,0,0,0.000000,0.000000,0.000000,0.000000,0.000000,0.000000,0.785398
15.000000,20.000000,170.000000,180.000000,0,0,1.000000,no_data,0,0.000000,,,,,,,,,,,,,,,,,,,,,,,0,0,0,0,0.000000,0.000000,0.000000,0.000000,0.000000,0.000000,0.785398
20.000000,25.000000,-180.000000,-170.000000,0,0,1.000000,no_data,0,0.000000,,,,,,,,,,,,,,,,,,,,,,,0,0,0,0,0.000000,0.000000,0.000000,0.000000,0.000000,0.000000,0.785398
20.000000,25.000000,-170.000000,-160.000000,0,0,1.000000,no_data,0,0.000000,,,,,,,,,,,,,,,,,,,,,,,0,0,0,0,0.000000,0.000000,0.000000,0.000000,0.000000,0.000000,0.785398
20.000000,25.000000,-160.000000,-150.000000,0,0,1.000000,no_data,0,0.000000,,,,,,,,,,,,,,,,,,,,,,,0,0,0,0,0.000000,0.000000,0.000000,0.000000,0.000000,0.000000,0.785398
20.000000,25.000000,-150.000000,-140.000000,0,0,1.000000,no_data,0,0.000000,,,,,,,,,,,,,,,,,,,,,,,0,0,0,0,0.000000,0.000000,0.000000,0.000000,0.000000,0.000000,0.785398
20.000000,25.000000,-140.000000,-130.000000,0,0,1.000000,no_data,0,0.000000,,,,,,,,,,,,,,,,,,,,,,,0,0,0,0,0.000000,0.000000,0.000000,0.000000,0.000000,0.000000,0.785398
20.000000,25.000000,-130.000000,-120.000000,0,0,1.000000,no_data,0,0.000000,,,,,,,,,,,,,,,,,,,,,,,0,0,0,0,0.000000,0.000000,0.000000,0.000000,0.000000,0.000000,0.785398
20.000000,25.000000,-120.000000,-110.000000,0,0,1.000000,no_data,0,0.000000,,,,,,,,,,,,,,,,,,,,,,,0,0,0,0,0.000000,0.000000,0.000000,0.000000,0.000000,0.000000,0.785398
20.000000,25.000000,-110.000000,-100.000000,0,0,1.000000,no_data,0,0.000000,,,,,,,,,,,,,,,,,,,,,,,0,0,0,0,0.000000,0.000000,0.000000,0.000000,0.000000,0.000000,0.785398
20.000000,25.000000,-100.000000,-90.000000,0,0,1.000000,no_data,0,0.000000,,,,,,,,,,,,,,,,,,,,,,,0,0,0,0,0.000000,0.000000,0.000000,0.000000,0.000000,0.000000,0.785398
20.000000,25.000000,-90.000000,-80.000000,0,0,1.000000,no_data,0,0.000000,,,,,,,,,,,,,,,,,,,,,,,0,0,0,0,0.000000,0.000000,0.000000,0.000000,0.000000,0.000000,0.785398
20.000000,25.000000,-80.000000,-70.000000,0,0,1.000000,no_data,0,0.000000,,,,,,,,,,,,,,,,,,,,,,,0,0,0,0,0.000000,0.000000,0.000000,0.000000,0.000000,0.000000,0.785398
20.000000,25.000000,-70.000000,-60.000000,0,0,1.000000,no_data,0,0.000000,,,,,,,,,,,,,,,,,,,,,,,0,0,0,0,0.000000,0.000000,0.000000,0.000000,0.000000,0.000000,0.785398
20.000000,25.000000,-60.000000,-50.000000,0,0,1.000000,no_data,0,0.000000,,,,,,,,,,,,,,,,,,,,,,,0,0,0,0,0.000000,0.000000,0.000000,0.000000,0.000000,0.000000,0.785398
20.000000,25.000000,-50.000000,-40.000000,0,0,1.000000,no_data,0,0.000000,,,,,,,,,,,,,,,,,,,,,,,0,0,0,0,0.000000,0.000000,0.000000,0.000000,0.000000,0.000000,0.785398
20.000000,25.000000,-40.000000,-30.000000,0,0,1.000000,no_data,0,0.000000,,,,,,,,,,,,,,,,,,,,,,,0,0,0,0,0.000000,0.000000,0.000000,0.000000,0.000000,0.000000,0.785398
20.000000,25.000000,-30.000000,-20.000000,0,0,1.000000,no_data,0,0.000000,,,,,,,,,,,,,,,,,,,,,,,0,0,0,0,0.000000,0.000000,0.000000,0.000000,0.000000,0.000000,0.785398
20.000000,25.000000,-20.000000,-10.000000,1051,169,0.160799,measured,0,0.000000,0.939343,0.008382,,,0.015328,0.009040,-0.001984,0.011973,0.013335,-0.058304,-0.010559,0.024009,-0.010249,0.067984,0.040736,0.022033,0.067055,0.042194,0.028440,0.086309,0.115466,0.037973,0,0,0,0,0.000000,0.000000,0.000000,0.000000,0.000000,0.000000,0.785398
20.000000,25.000000,-10.000000,0.000000,2027,53,0.026147,measured,0,0.000000,0.931499,0.027026,,,-0.005499,-0.004763,0.004650,-0.004303,-0.004477,-0.079439,-0.005221,0.017907,-0.008631,0.105883,0.051232,0.025310,0.105674,0.051802,0.039988,0.106793,0.185554,0.042277,0,0,0,0,0.000000,0.000000,0.000000,0.000000,0.000000,0.000000,0.785398
20.000000,25.000000,0.000000,10.000000,1300,0,0.000000,measured,0,0.000000,0.937749,0.016086,,,0.011296,-0.003511,0.008902,0.010757,-0.004744,-0.069145,-0.029506,0.005385,-0.021376,0.095194,0.043783,0.025549,0.095376,0.043403,0.036493,0.089368,0.155513,0.043759,0,0,0,0,0.000000,0.000000,0.000000,0.000000,0.000000,0.000000,0.785398
20.000000,25.000000,10.000000,20.000000,1272,14,0.011006,measured,4,0.002554,0.930192,0.045199,0.894502,0.033641,-0.027381,0.005532,0.013257,-0.025285,0.012060,-0.095261,-0.027149,-0.026003,-0.017483,0.112492,0.062776,0.035189,0.112087,0.063461,0.041449,0.104640,0.150485,0.056477,4,0,0,0,1.951511,0.117003,4.514263,0.265008,1.856208,0.244199,0.102831
20.000000,25.000000,20.000000,30.000000,220,123,0.559091,measured,1,0.000639,0.892659,0.040822,0.678700,0.000000,-0.003084,-0.016460,0.019988,-0.009699,-0.013276,-0.060895,-0.043493,0.023697,-0.021221,0.107095,0.056772,0.051862,0.094059,0.076521,0.034692,0.124026,0.209009,0.064830,1,0,0,0,1.926492,0.000000,4.407954,0.000000,1.670584,0.000000,0.000000
20.000000,25.000000,30.000000,40.000000,15,15,1.000000,no_data,0,0.000000,,,,,,,,,,,,,,,,,,,,,,,0,0,0,0,0.000000,0.000000,0.000000,0.000000,0.000000,0.000000,0.785398
20.000000,25.000000,40.000000,50.000000,0,0,1.000000,no_data,0,0.000000,,,,,,,,,,,,,,,,,,,,,,,0,0,0,0,0.000000,0.000000,0.000000,0.000000,0.000000,0.000000,0.785398
20.000000,25.000000,50.000000,60.000000,0,0,1.000000,no_data,0,0.000000,,,,,,,,,,,,,,,,,,,,,,,0,0,0,0,0.000000,0.000000,0.000000,0.000000,0.000000,0.000000,0.785398
20.000000,25.000000,60.000000,70.000000,0,0,1.000000,no_data,0,0.000000,,,,,,,,,,,,,,,,,,,,,,,0,0,0,0,0.000000,0.000000,0.000000,0.000000,0.000000,0.000000,0.785398
20.000000,25.000000,70.000000,80.000000,0,0,1.000000,no_data,0,0.000000,,,,,,,,,,,,,,,,,,,,,,,0,0,0,0,0.000000,0.000000,0.000000,0.000000,0.000000,0.000000,0.785398
20.000000,25.000000,80.000000,90.000000,0,0,1.000000,no_data,0,0.000000,,,,,,,,,,,,,,,,,,,,,,,0,0,0,0,0.000000,0.000000,0.000000,0.000000,0.000000,0.000000,0.785398
20.000000,25.000000,90.000000,100.000000,0,0,1.000000,no_data,0,0.000000,,,,,,,,,,,,,,,,,,,,,,,0,0,0,0,0.000000,0.000000,0.000000,0.000000,0.000000,0.000000,0.785398
20.000000,25.000000,100.000000,110.000000,0,0,1.000000,no_data,0,0.000000,,,,,,,,,,,,,,,,,,,,,,,0,0,0,0,0.000000,0.000000,0.000000,0.000000,0.000000,0.000000,0.785398
20.000000,25.000000,110.000000,120.000000,0,0,1.000000,no_data,0,0.000000,,,,,,,,,,,,,,,,,,,,,,,0,0,0,0,0.000000,0.000000,0.000000,0.000000,0.000000,0.000000,0.785398
20.000000,25.000000,120.000000,130.000000,0,0,1.000000,no_data,0,0.000000,,,,,,,,,,,,,,,,,,,,,,,0,0,0,0,0.000000,0.000000,0.000000,0.000000,0.000000,0.000000,0.785398
20.000000,25.000000,130.000000,140.000000,0,0,1.000000,no_data,0,0.000000,,,,,,,,,,,,,,,,,,,,,,,0,0,0,0,0.000000,0.000000,0.000000,0.000000,0.000000,0.000000,0.785398
20.000000,25.000000,140.000000,150.000000,0,0,1.000000,no_data,0,0.000000,,,,,,,,,,,,,,,,,,,,,,,0,0,0,0,0.000000,0.000000,0.000000,0.000000,0.000000,0.000000,0.785398
20.000000,25.000000,150.000000,160.000000,0,0,1.000000,no_data,0,0.000000,,,,,,,,,,,,,,,,,,,,,,,0,0,0,0,0.000000,0.000000,0.000000,0.000000,0.000000,0.000000,0.785398
20.000000,25.000000,160.000000,170.000000,0,0,1.000000,no_data,0,0.000000,,,,,,,,,,,,,,,,,,,,,,,0,0,0,0,0.000000,0.000000,0.000000,0.000000,0.000000,0.000000,0.785398
20.000000,25.000000,170.000000,180.000000,0,0,1.000000,no_data,0,0.000000,,,,,,,,,,,,,,,,,,,,,,,0,0,0,0,0.000000,0.000000,0.000000,0.000000,0.000000,0.000000,0.785398
25.000000,30.000000,-180.000000,-170.000000,0,0,1.000000,no_data,0,0.000000,,,,,,,,,,,,,,,,,,,,,,,0,0,0,0,0.000000,0.000000,0.000000,0.000000,0.000000,0.000000,0.785398
25.000000,30.000000,-170.000000,-160.000000,0,0,1.000000,no_data,0,0.000000,,,,,,,,,,,,,,,,,,,,,,,0,0,0,0,0.000000,0.000000,0.000000,0.000000,0.000000,0.000000,0.785398
25.000000,30.000000,-160.000000,-150.000000,0,0,1.000000,no_data,0,0.000000,,,,,,,,,,,,,,,,,,,,,,,0,0,0,0,0.000000,0.000000,0.000000,0.000000,0.000000,0.000000,0.785398
25.000000,30.000000,-150.000000,-140.000000,0,0,1.000000,no_data,0,0.000000,,,,,,,,,,,,,,,,,,,,,,,0,0,0,0,0.000000,0.000000,0.000000,0.000000,0.000000,0.000000,0.785398
25.000000,30.000000,-140.000000,-130.000000,0,0,1.000000,no_data,0,0.000000,,,,,,,,,,,,,,,,,,,,,,,0,0,0,0,0.000000,0.000000,0.000000,0.000000,0.000000,0.000000,0.785398
25.000000,30.000000,-130.000000,-120.000000,0,0,1.000000,no_data,0,0.000000,,,,,,,,,,,,,,,,,,,,,,,0,0,0,0,0.000000,0.000000,0.000000,0.000000,0.000000,0.000000,0.785398
25.000000,30.000000,-120.000000,-110.000000,0,0,1.000000,no_data,0,0.000000,,,,,,,,,,,,,,,,,,,,,,,0,0,0,0,0.000000,0.000000,0.000000,0.000000,0.000000,0.000000,0.785398
25.000000,30.000000,-110.000000,-100.000000,0,0,1.000000,no_data,0,0.000000,,,,,,,,,,,,,,,,,,,,,,,0,0,0,0,0.000000,0.000000,0.000000,0.000000,0.000000,0.000000,0.785398
25.000000,30.000000,-100.000000,-90.000000,0,0,1.000000,no_data,0,0.000000,,,,,,,,,,,,,,,,,,,,,,,0,0,0,0,0.000000,0.000000,0.000000,0.000000,0.000000,0.000000,0.785398
25.000000,30.000000,-90.000000,-80.000000,0,0,1.000000,no_data,0,0.000000,,,,,,,,,,,,,,,,,,,,,,,0,0,0,0,0.000000,0.000000,0.000000,0.000000,0.000000,0.000000,0.785398
25.000000,30.000000,-80.000000,-70.000000,0,0,1.000000,no_data,0,0.000000,,,,,,,,,,,,,,,,,,,,,,,0,0,0,0,0.000000,0.000000,0.000000,0.000000,0.000000,0.000000,0.785398
25.000000,30.000000,-70.000000,-60.000000,0,0,1.000000,no_data,0,0.000000,,,,,,,,,,,,,,,,,,,,,,,0,0,0,0,0.000000,0.000000,0.000000,0.000000,0.000000,0.000000,0.785398
25.000000,30.000000,-60.000000,-50.000000,0,0,1.000000,no_data,0,0.000000,,,,,,,,,,,,,,,,,,,,,,,0,0,0,0,0.000000,0.000000,0.000000,0.000000,0.000000,0.000000,0.785398
25.000000,30.000000,-50.000000,-40.000000,0,0,1.000000,no_data,0,0.000000,,,,,,,,,,,,,,,,,,,,,,,0,0,0,0,0.000000,0.000000,0.000000,0.000000,0.000000,0.000000,0.785398
25.000000,30.000000,-40.000000,-30.000000,0,0,1.000000,no_data,0,0.000000,,,,,,,,,,,,,,,,,,,,,,,0,0,0,0,0.000000,0.000000,0.000000,0.000000,0.000000,0.000000,0.785398
25.000000,30.000000,-30.000000,-20.000000,0,0,1.000000,no_data,0,0.000000,,,,,,,,,,,,,,,,,,,,,,,0,0,0,0,0.000000,0.000000,0.000000,0.000000,0.000000,0.000000,0.785398
25.000000,30.000000,-20.000000,-10.000000,28,0,0.000000,measured,0,0.000000,0.944243,0.008144,,,0.021853,-0.020270,-0.011851,0.025736,-0.014903,0.015766,0.021233,0.031557,0.019124,0.061337,0.042899,0.027597,0.062803,0.040771,0.040961,0.086252,0.112877,0.056834,0,0,0,0,0.000000,0.000000,0.000000,0.000000,0.000000,0.000000,0.785398
25.000000,30.000000,-10.000000,0.000000,105,0,0.000000,measured,0,0.000000,0.942836,0.015637,,,-0.025218,0.001820,0.014333,-0.025243,-0.000892,-0.014175,0.003600,-0.040729,-0.028914,0.095751,0.050102,0.033022,0.095915,0.049801,0.032082,0.085670,0.178500,0.053366,0,0,0,0,0.000000,0.000000,0.000000,0.000000,0.000000,0.000000,0.785398
25.000000,30.000000,0.000000,10.000000,92,0,0.000000,measured,0,0.000000,0.935164,0.009714,,,-0.023306,-0.023938,0.010543,-0.024518,-0.023166,-0.006209,-0.010439,-0.022634,-0.024688,0.083451,0.049134,0.031973,0.083156,0.049415,0.040844,0.106281,0.143896,0.048863,0,0,0,0,0.000000,0.000000,0.000000,0.000000,0.000000,0.000000,0.785398
25.000000,30.000000,10.000000,20.000000,343,151,0.440233,measured,0,0.000000,0.904463,0.061140,,,-0.016036,0.012461,0.012482,-0.012164,0.015937,-0.040459,-0.017860,-0.030224,-0.017471,0.140897,0.056830,0.036757,0.141588,0.055182,0.060249,0.112388,0.267458,0.053227,0,0,0,0,0.000000,0.000000,0.000000,0.000000,0.000000,0.000000,0.785398
25.000000,30.000000,20.000000,30.000000,311,146,0.469453,measured,0,0.000000,0.884913,0.083546,,,0.017327,0.000547,0.005528,0.015596,-0.005995,-0.056458,-0.005197,-0.023056,-0.016826,0.097918,0.077646,0.053307,0.079546,0.096492,0.038437,0.110472,0.179845,0.079597,0,0,0,0,0.000000,0.000000,0.000000,0.000000,0.000000,0.000000,0.785398
25.000000,30.000000,30.000000,40.000000,27,27,1.000000,no_data,0,0.000000,,,,,,,,,,,,,,,,,,,,,,,0,0,0,0,0.000000,0.000000,0.000000,0.000000,0.000000,0.000000,0.785398
25.000000,30.000000,40.000000,50.000000,0,0,1.000000,no_data,0,0.000000,,,,,,,,,,,,,,,,,,,,,,,0,0,0,0,0.000000,0.000000,0.000000,0.000000,0.000000,0.000000,0.785398
25.000000,30.000000,50.000000,60.000000,0,0,1.000000,no_data,0,0.000000,,,,,,,,,,,,,,,,,,,,,,,0,0,0,0,0.000000,0.000000,0.000000,0.000000,0.000000,0.000000,0.785398
25.000000,30.000000,60.000000,70.000000,0,0,1.000000,no_data,0,0.000000,,,,,,,,,,,,,,,,,,,,,,,0,0,0,0,0.000000,0.000000,0.000000,0.000000,0.000000,0.000000,0.785398
25.000000,30.000000,70.000000,80.000000,0,0,1.000000,no_data,0,0.000000,,,,,,,,,,,,,,,,,,,,,,,0,0,0,0,0.000000,0.000000,0.000000,0.000000,0.000000,0.000000,0.785398
25.000000,30.000000,80.000000,90.000000,0,0,1.000000,no_data,0,0.000000,,,,,,,,,,,,,,,,,,,,,,,0,0,0,0,0.000000,0.000000,0.000000,0.000000,0.000000,0.000000,0.785398
25.000000,30.000000,90.000000,100.000000,0,0,1.000000,no_data,0,0.000000,,,,,,,,,,,,,,,,,,,,,,,0,0,0,0,0.000000,0.000000,0.000000,0.000000,0.000000,0.000000,0.785398
25.000000,30.000000,100.000000,110.000000,0,0,1.000000,no_data,0,0.000000,,,,,,,,,,,,,,,,,,,,,,,0,0,0,0,0.000000,0.000000,0.000000,0.000000,0.000000,0.000000,0.785398
25.000000,30.000000,110.000000,120.000000,0,0,1.000000,no_data,0,0.000000,,,,,,,,,,,,,,,,,,,,,,,0,0,0,0,0.000000,0.000000,0.000000,0.000000,0.000000,0.000000,0.785398
25.000000,30.000000,120.000000,130.000000,0,0,1.000000,no_data,0,0.000000,,,,,,,,,,,,,,,,,,,,,,,0,0,0,0,0.000000,0.000000,0.000000,0.000000,0.000000,0.000000,0.785398
25.000000,30.000000,130.000000,140.000000,0,0,1.000000,no_data,0,0.000000,,,,,,,,,,,,,,,,,,,,,,,0,0,0,0,0.000000,0.000000,0.000000,0.000000,0.000000,0.000000,0.785398
25.000000,30.000000,140.000000,150.000000,0,0,1.000000,no_data,0,0.000000,,,,,,,,,,,,,,,,,,,,,,,0,0,0,0,0.000000,0.000000,0.000000,0.000000,0.000000,0.000000,0.785398
25.000000,30.000000,150.000000,160.000000,0,0,1.000000,no_data,0,0.000000,,,,,,,,,,,,,,,,,,,,,,,0,0,0,0,0.000000,0.000000,0.000000,0.000000,0.000000,0.000000,0.785398
25.000000,30.000000,160.000000,170.000000,0,0,1.000000,no_data,0,0.000000,,,,,,,,,,,,,,,,,,,,,,,0,0,0,0,0.000000,0.000000,0.000000,0.000000,0.000000,0.000000,0.785398
25.000000,30.000000,170.000000,180.000000,0,0,1.000000,no_data,0,0.000000,,,,,,,,,,,,,,,,,,,,,,,0,0,0,0,0.000000,0.000000,0.000000,0.000000,0.000000,0.000000,0.785398
30.000000,35.000000,-180.000000,-170.000000,0,0,1.000000,no_data,0,0.000000,,,,,,,,,,,,,,,,,,,,,,,0,0,0,0,0.000000,0.000000,0.000000,0.000000,0.000000,0.000000,0.785398
30.000000,35.000000,-170.000000,-160.000000,0,0,1.000000,no_data,0,0.000000,,,,,,,,,,,,,,,,,,,,,,,0,0,0,0,0.000000,0.000000,0.000000,0.000000,0.000000,0.000000,0.785398
30.000000,35.000000,-160.000000,-150.000000,0,0,1.000000,no_data,0,0.000000,,,,,,,,,,,,,,,,,,,,,,,0,0,0,0,0.000000,0.000000,0.000000,0.000000,0.000000,0.000000,0.785398
30.000000,35.000000,-150.000000,-140.000000,0,0,1.000000,no_data,0,0.000000,,,,,,,,,,,,,,,,,,,,,,,0,0,0,0,0.000000,0.000000,0.000000,0.000000,0.000000,0.000000,0.785398
30.000000,35.000000,-140.000000,-130.000000,0,0,1.000000,no_data,0,0.000000,,,,,,,,,,,,,,,,,,,,,,,0,0,0,0,0.000000,0.000000,0.000000,0.000000,0.000000,0.000000,0.785398
30.000000,35.000000,-130.000000,-120.000000,0,0,1.000000,no_data,0,0.000000,,,,,,,,,,,,,,,,,,,,,,,0,0,0,0,0.000000,0.000000,0.000000,0.000000,0.000000,0.000000,0.785398
30.000000,35.000000,-120.000000,-110.000000,0,0,1.000000,no_data,0,0.000000,,,,,,,,,,,,,,,,,,,,,,,0,0,0,0,0.000000,0.000000,0.000000,0.000000,0.000000,0.000000,0.785398
30.000000,35.000000,-110.000000,-100.000000,0,0,1.000000,no_data,0,0.000000,,,,,,,,,,,,,,,,,,,,,,,0,0,0,0,0.000000,0.000000,0.000000,0.000000,0.000000,0.000000,0.785398
30.000000,35.000000,-100.000000,-90.000000,0,0,1.000000,no_data,0,0.000000,,,,,,,,,,,,,,,,,,,,,,,0,0,0,0,0.000000,0.000000,0.000000,0.000000,0.000000,0.000000,0.785398
30.000000,35.000000,-90.000000,-80.000000,0,0,1.000000,no_data,0,0.000000,,,,,,,,,,,,,,,,,,,,,,,0,0,0,0,0.000000,0.000000,0.000000,0.000000,0.000000,0.000000,0.785398
30.000000,35.000000,-80.000000,-70.000000,0,0,1.000000,no_data,0,0.000000,,,,,,,,,,,,,,,,,,,,,,,0,0,0,0,0.000000,0.000000,0.000000,0.000000,0.000000,0.000000,0.785398
30.000000,35.000000,-70.000000,-60.000000,0,0,1.000000,no_data,0,0.000000,,,,,,,,,,,,,,,,,,,,,,,0,0,0,0,0.000000,0.000000,0.000000,0.000000,0.000000,0.000000,0.785398
30.000000,35.000000,-60.000000,-50.000000,0,0,1.000000,no_data,0,0.000000,,,,,,,,,,,,,,,,,,,,,,,0,0,0,0,0.000000,0.000000,0.000000,0.000000,0.000000,0.000000,0.785398
30.000000,35.000000,-50.000000,-40.000000,0,0,1.000000,no_data,0,0.000000,,,,,,,,,,,,,,,,,,,,,,,0,0,0,0,0.000000,0.000000,0.000000,0.000000,0.000000,0.000000,0.785398
30.000000,35.000000,-40.000000,-30.000000,0,0,1.000000,no_data,0,0.000000,,,,,,,,,,,,,,,,,,,,,,,0,0,0,0,0.000000,0.000000,0.000000,0.000000,0.000000,0.000000,0.785398
30.000000,35.000000,-30.000000,-20.000000,0,0,1.000000,no_data,0,0.000000,,,,,,,,,,,,,,,,,,,,,,,0,0,0,0,0.000000,0.000000,0.000000,0.000000,0.000000,0.000000,0.785398
30.000000,35.000000,-20.000000,-10.000000,17,0,0.000000,measured,0,0.000000,0.943389,0.012187,,,0.024199,-0.022103,-0.014878,0.027926,-0.017173,-0.028995,-0.028529,0.025553,0.031136,0.052966,0.043826,0.035422,0.052685,0.044155,0.029939,0.077887,0.094974,0.050417,0,0,0,0,0.000000,0.000000,0.000000,0.000000,0.000000,0.000000,0.785398
30.000000,35.000000,-10.000000,0.000000,220,7,0.031818,measured,0,0.000000,0.939405,0.020940,,,-0.015049,-0.003314,0.020366,-0.014397,-0.004455,-0.068160,-0.027072,-0.018520,-0.010907,0.063859,0.050723,0.030697,0.063086,0.051782,0.051787,0.104056,0.105965,0.049756,0,0,0,0,0.000000,0.000000,0.000000,0.000000,0.000000,0.000000,0.785398
30.000000,35.000000,0.000000,10.000000,439,23,0.052392,measured,0,0.000000,0.926408,0.025777,,,-0.023055,0.012134,0.021221,-0.021279,0.014362,-0.086102,-0.037315,-0.017574,-0.009720,0.059979,0.059372,0.031309,0.058970,0.060537,0.046273,0.107369,0.101986,0.053360,0,0,0,0,0.000000,0.000000,0.000000,0.000000,0.000000,0.000000,0.785398
30.000000,35.000000,10.000000,20.000000,455,251,0.551648,measured,2,0.001277,0.868206,0.078049,0.922021,0.014863,-0.030413,0.011026,0.016775,-0.027521,0.017539,-0.073999,-0.032852,-0.021965,-0.027869,0.087747,0.068268,0.035004,0.087315,0.068685,0.053990,0.114015,0.185388,0.060207,2,0,0,0,1.932739,0.023511,4.578892,0.069262,1.896435,0.175551,1.056608
30.000000,35.000000,20.000000,30.000000,207,101,0.487923,measured,1,0.000639,0.885413,0.056540,0.771841,0.000000,0.002331,-0.018887,0.022914,-0.006086,-0.018419,-0.067683,-0.023514,-0.043012,-0.024759,0.068884,0.065865,0.045044,0.056099,0.076954,0.033385,0.102139,0.128811,0.058445,1,0,0,0,2.046713,0.000000,4.781350,0.000000,1.798871,0.000000,0.000000
30.000000,35.000000,30.000000,40.000000,1,1,1.000000,no_data,0,0.000000,,,,,,,,,,,,,,,,,,,,,,,0,0,0,0,0.000000,0.000000,0.000000,0.000000,0.000000,0.000000,0.785398
30.000000,35.000000,40.000000,50.000000,0,0,1.000000,no_data,0,0.000000,,,,,,,,,,,,,,,,,,,,,,,0,0,0,0,0.000000,0.000000,0.000000,0.000000,0.000000,0.000000,0.785398
30.000000,35.000000,50.000000,60.000000,0,0,1.000000,no_data,0,0.000000,,,,,,,,,,,,,,,,,,,,,,,0,0,0,0,0.000000,0.000000,0.000000,0.000000,0.000000,0.000000,0.785398
30.000000,35.000000,60.000000,70.000000,0,0,1.000000,no_data,0,0.000000,,,,,,,,,,,,,,,,,,,,,,,0,0,0,0,0.000000,0.000000,0.000000,0.000000,0.000000,0.000000,0.785398
30.000000,35.000000,70.000000,80.000000,0,0,1.000000,no_data,0,0.000000,,,,,,,,,,,,,,,,,,,,,,,0,0,0,0,0.000000,0.000000,0.000000,0.000000,0.000000,0.000000,0.785398
30.000000,35.000000,80.000000,90.000000,0,0,1.000000,no_data,0,0.000000,,,,,,,,,,,,,,,,,,,,,,,0,0,0,0,0.000000,0.000000,0.000000,0.000000,0.000000,0.000000,0.785398
30.000000,35.000000,90.000000,100.000000,0,0,1.000000,no_data,0,0.000000,,,,,,,,,,,,,,,,,,,,,,,0,0,0,0,0.000000,0.000000,0.000000,0.000000,0.000000,0.000000,0.785398
30.000000,35.000000,100.000000,110.000000,0,0,1.000000,no_data,0,0.000000,,,,,,,,,,,,,,,,,,,,,,,0,0,0,0,0.000000,0.000000,0.000000,0.000000,0.000000,0.000000,0.785398
30.000000,35.000000,110.000000,120.000000,0,0,1.000000,no_data,0,0.000000,,,,,,,,,,,,,,,,,,,,,,,0,0,0,0,0.000000,0.000000,0.000000,0.000000,0.000000,0.000000,0.785398
30.000000,35.000000,120.000000,130.000000,0,0,1.000000,no_data,0,0.000000,,,,,,,,,,,,,,,,,,,,,,,0,0,0,0,0.000000,0.000000,0.000000,0.000000,0.000000,0.000000,0.785398
30.000000,35.000000,130.000000,140.000000,0,0,1.000000,no_data,0,0.000000,,,,,,,,,,,,,,,,,,,,,,,0,0,0,0,0.000000,0.000000,0.000000,0.000000,0.000000,0.000000,0.785398
30.000000,35.000000,140.000000,150.000000,0,0,1.000000,no_data,0,0.000000,,,,,,,,,,,,,,,,,,,,,,,0,0,0,0,0.000000,0.000000,0.000000,0.000000,0.000000,0.000000,0.785398
30.000000,35.000000,150.000000,160.000000,0,0,1.000000,no_data,0,0.000000,,,,,,,,,,,,,,,,,,,,,,,0,0,0,0,0.000000,0.000000,0.000000,0.000000,0.000000,0.000000,0.785398
30.000000,35.000000,160.000000,170.000000,0,0,1.000000,no_data,0,0.000000,,,,,,,,,,,,,,,,,,,,,,,0,0,0,0,0.000000,0.000000,0.000000,0.000000,0.000000,0.000000,0.785398
30.000000,35.000000,170.000000,180.000000,0,0,1.000000,no_data,0,0.000000,,,,,,,,,,,,,,,,,,,,,,,0,0,0,0,0.000000,0.000000,0.000000,0.000000,0.000000,0.000000,0.785398
35.000000,40.000000,-180.000000,-170.000000,0,0,1.000000,no_data,0,0.000000,,,,,,,,,,,,,,,,,,,,,,,0,0,0,0,0.000000,0.000000,0.000000,0.000000,0.000000,0.000000,0.785398
35.000000,40.000000,-170.000000,-160.000000,0,0,1.000000,no_data,0,0.000000,,,,,,,,,,,,,,,,,,,,,,,0,0,0,0,0.000000,0.000000,0.000000,0.000000,0.000000,0.000000,0.785398
35.000000,40.000000,-160.000000,-150.000000,0,0,1.000000,no_data,0,0.000000,,,,,,,,,,,,,,,,,,,,,,,0,0,0,0,0.000000,0.000000,0.000000,0.000000,0.000000,0.000000,0.785398
35.000000,40.000000,-150.000000,-140.000000,0,0,1.000000,no_data,0,0.000000,,,,,,,,,,,,,,,,,,,,,,,0,0,0,0,0.000000,0.000000,0.000000,0.000000,0.000000,0.000000,0.785398
35.000000,40.000000,-140.000000,-130.000000,0,0,1.000000,no_data,0,0.000000,,,,,,,,,,,,,,,,,,,,,,,0,0,0,0,0.000000,0.000000,0.000000,0.000000,0.000000,0.000000,0.785398
35.000000,40.000000,-130.000000,-120.000000,0,0,1.000000,no_data,0,0.000000,,,,,,,,,,,,,,,,,,,,,,,0,0,0,0,0.000000,0.000000,0.000000,0.000000,0.000000,0.000000,0.785398
35.000000,40.000000,-120.000000,-110.000000,0,0,1.000000,no_data,0,0.000000,,,,,,,,,,,,,,,,,,,,,,,0,0,0,0,0.000000,0.000000,0.000000,0.000000,0.000000,0.000000,0.785398
35.000000,40.000000,-110.000000,-100.000000,0,0,1.000000,no_data,0,0.000000,,,,,,,,,,,,,,,,,,,,,,,0,0,0,0,0.000000,0.000000,0.000000,0.000000,0.000000,0.000000,0.785398
35.000000,40.000000,-100.000000,-90.000000,0,0,1.000000,no_data,0,0.000000,,,,,,,,,,,,,,,,,,,,,,,0,0,0,0,0.000000,0.000000,0.000000,0.000000,0.000000,0.000000,0.785398
35.000000,40.000000,-90.000000,-80.000000,0,0,1.000000,no_data,0,0.000000,,,,,,,,,,,,,,,,,,,,,,,0,0,0,0,0.000000,0.000000,0.000000,0.000000,0.000000,0.000000,0.785398
35.000000,40.000000,-80.000000,-70.000000,0,0,1.000000,no_data,0,0.000000,,,,,,,,,,,,,,,,,,,,,,,0,0,0,0,0.000000,0.000000,0.000000,0.000000,0.000000,0.000000,0.785398
35.000000,40.000000,-70.000000,-60.000000,0,0,1.000000,no_data,0,0.000000,,,,,,,,,,,,,,,,,,,,,,,0,0,0,0,0.000000,0.000000,0.000000,0.000000,0.000000,0.000000,0.785398
35.000000,40.000000,-60.000000,-50.000000,0,0,1.000000,no_data,0,0.000000,,,,,,,,,,,,,,,,,,,,,,,0,0,0,0,0.000000,0.000000,0.000000,0.000000,0.000000,0.000000,0.785398
35.000000,40.000000,-50.000000,-40.000000,0,0,1.000000,no_data,0,0.000000,,,,,,,,,,,,,,,,,,,,,,,0,0,0,0,0.000000,0.000000,0.000000,0.000000,0.000000,0.000000,0.785398
35.000000,40.000000,-40.000000,-30.000000,0,0,1.000000,no_data,0,0.000000,,,,,,,,,,,,,,,,,,,,,,,0,0,0,0,0.000000,0.000000,0.000000,0.000000,0.000000,0.000000,0.785398
35.000000,40.000000,-30.000000,-20.000000,11,7,0.636364,measured,0,0.000000,0.893791,0.016262,,,-0.017229,0.083780,0.032627,-0.046228,0.072096,-0.072946,0.016254,0.000508,0.007770,0.036565,0.067739,0.029654,0.026645,0.072089,0.017041,0.035320,0.143608,0.085702,0,0,0,0,0.000000,0.000000,0.000000,0.000000,0.000000,0.000000,0.785398
35.000000,40.000000,-20.000000,-10.000000,320,36,0.112500,measured,1,0.000639,0.927056,0.028332,0.874986,0.000000,-0.008194,0.020647,0.020070,-0.013605,0.017693,-0.074029,-0.014447,-0.036427,-0.005308,0.058499,0.070721,0.039674,0.063608,0.066129,0.033865,0.114329,0.136425,0.056426,1,0,0,0,1.914541,0.000000,4.658480,0.000000,1.759600,0.000000,0.000000
35.000000,40.000000,-10.000000,0.000000,509,43,0.084479,measured,0,0.000000,0.935821,0.021261,,,-0.008124,0.016311,0.013065,-0.009450,0.015607,-0.065495,-0.022823,0.001186,-0.006113,0.057081,0.055721,0.036420,0.056505,0.056297,0.039229,0.115079,0.094519,0.055804,0,0,0,0,0.000000,0.000000,0.000000,0.000000,0.000000,0.000000,0.785398
35.000000,40.000000,0.000000,10.000000,488,52,0.106557,measured,0,0.000000,0.926647,0.026703,,,-0.015900,0.007366,0.013819,-0.014961,0.008373,-0.061813,-0.032739,0.020274,-0.016355,0.064421,0.063000,0.035310,0.064244,0.063285,0.046868,0.114024,0.112955,0.059702,0,0,0,0,0.000000,0.000000,0.000000,0.000000,0.000000,0.000000,0.785398
35.000000,40.000000,10.000000,20.000000,252,86,0.341270,measured,0,0.000000,0.899753,0.040177,,,-0.010555,0.003171,0.016524,-0.009386,0.005454,-0.059769,-0.033222,0.014201,-0.023719,0.060641,0.057532,0.035312,0.064879,0.052741,0.043121,0.127229,0.111768,0.056267,0,0,0,0,0.000000,0.000000,0.000000,0.000000,0.000000,0.000000,0.785398
35.000000,40.000000,20.000000,30.000000,38,20,0.526316,measured,0,0.000000,0.897902,0.061617,,,-0.015287,-0.001004,-0.010590,-0.014681,0.005145,-0.038794,0.003951,-0.031367,0.019400,0.084152,0.040860,0.026244,0.077650,0.052098,0.041690,0.077359,0.159381,0.061716,0,0,0,0,0.000000,0.000000,0.000000,0.000000,0.000000,0.000000,0.785398
35.000000,40.000000,30.000000,40.000000,0,0,1.000000,no_data,0,0.000000,,,,,,,,,,,,,,,,,,,,,,,0,0,0,0,0.000000,0.000000,0.000000,0.000000,0.000000,0.000000,0.785398
35.000000,40.000000,40.000000,50.000000,0,0,1.000000,no_data,0,0.000000,,,,,,,,,,,,,,,,,,,,,,,0,0,0,0,0.000000,0.000000,0.000000,0.000000,0.000000,0.000000,0.785398
35.000000,40.000000,50.000000,60.000000,0,0,1.000000,no_data,0,0.000000,,,,,,,,,,,,,,,,,,,,,,,0,0,0,0,0.000000,0.000000,0.000000,0.000000,0.000000,0.000000,0.785398
35.000000,40.000000,60.000000,70.000000,0,0,1.000000,no_data,0,0.000000,,,,,,,,,,,,,,,,,,,,,,,0,0,0,0,0.000000,0.000000,0.000000,0.000000,0.000000,0.000000,0.785398
35.000000,40.000000,70.000000,80.000000,0,0,1.000000,no_data,0,0.000000,,,,,,,,,,,,,,,,,,,,,,,0,0,0,0,0.000000,0.000000,0.000000,0.000000,0.000000,0.000000,0.785398
35.000000,40.000000,80.000000,90.000000,0,0,1.000000,no_data,0,0.000000,,,,,,,,,,,,,,,,,,,,,,,0,0,0,0,0.000000,0.000000,0.000000,0.000000,0.000000,0.000000,0.785398
35.000000,40.000000,90.000000,100.000000,0,0,1.000000,no_data,0,0.000000,,,,,,,,,,,,,,,,,,,,,,,0,0,0,0,0.000000,0.000000,0.000000,0.000000,0.000000,0.000000,0.785398
35.000000,40.000000,100.000000,110.000000,0,0,1.000000,no_data,0,0.000000,,,,,,,,,,,,,,,,,,,,,,,0,0,0,0,0.000000,0.000000,0.000000,0.000000,0.000000,0.000000,0.785398
35.000000,40.000000,110.000000,120.000000,0,0,1.000000,no_data,0,0.000000,,,,,,,,,,,,,,,,,,,,,,,0,0,0,0,0.000000,0.000000,0.000000,0.000000,0.000000,0.000000,0.785398
35.000000,40.000000,120.000000,130.000000,0,0,1.000000,no_data,0,0.000000,,,,,,,,,,,,,,,,,,,,,,,0,0,0,0,0.000000,0.000000,0.000000,0.000000,0.000000,0.000000,0.785398
35.000000,40.000000,130.000000,140.000000,0,0,1.000000,no_data,0,0.000000,,,,,,,,,,,,,,,,,,,,,,,0,0,0,0,0.000000,0.000000,0.000000,0.000000,0.000000,0.000000,0.785398
35.000000,40.000000,140.000000,150.000000,0,0,1.000000,no_data,0,0.000000,,,,,,,,,,,,,,,,,,,,,,,0,0,0,0,0.000000,0.000000,0.000000,0.000000,0.000000,0.000000,0.785398
35.000000,40.000000,150.000000,160.000000,0,0,1.000000,no_data,0,0.000000,,,,,,,,,,,,,,,,,,,,,,,0,0,0,0,0.000000,0.000000,0.000000,0.000000,0.000000,0.000000,0.785398
35.000000,40.000000,160.000000,170.000000,0,0,1.000000,no_data,0,0.000000,,,,,,,,,,,,,,,,,,,,,,,0,0,0,0,0.000000,0.000000,0.000000,0.000000,0.000000,0.000000,0.785398
35.000000,40.000000,170.000000,180.000000,0,0,1.000000,no_data,0,0.000000,,,,,,,,,,,,,,,,,,,,,,,0,0,0,0,0.000000,0.000000,0.000000,0.000000,0.000000,0.000000,0.785398
40.000000,45.000000,-180.000000,-170.000000,0,0,1.000000,no_data,0,0.000000,,,,,,,,,,,,,,,,,,,,,,,0,0,0,0,0.000000,0.000000,0.000000,0.000000,0.000000,0.000000,0.785398
40.000000,45.000000,-170.000000,-160.000000,0,0,1.000000,no_data,0,0.000000,,,,,,,,,,,,,,,,,,,,,,,0,0,0,0,0.000000,0.000000,0.000000,0.000000,0.000000,0.000000,0.785398
40.000000,45.000000,-160.000000,-150.000000,0,0,1.000000,no_data,0,0.000000,,,,,,,,,,,,,,,,,,,,,,,0,0,0,0,0.000000,0.000000,0.000000,0.000000,0.000000,0.000000,0.785398
40.000000,45.000000,-150.000000,-140.000000,0,0,1.000000,no_data,0,0.000000,,,,,,,,,,,,,,,,,,,,,,,0,0,0,0,0.000000,0.000000,0.000000,0.000000,0.000000,0.000000,0.785398
40.000000,45.000000,-140.000000,-130.000000,0,0,1.000000,no_data,0,0.000000,,,,,,,,,,,,,,,,,,,,,,,0,0,0,0,0.000000,0.000000,0.000000,0.000000,0.000000,0.000000,0.785398
40.000000,45.000000,-130.000000,-120.000000,0,0,1.000000,no_data,0,0.000000,,,,,,,,,,,,,,,,,,,,,,,0,0,0,0,0.000000,0.000000,0.000000,0.000000,0.000000,0.000000,0.785398
40.000000,45.000000,-120.000000,-110.000000,0,0,1.000000,no_data,0,0.000000,,,,,,,,,,,,,,,,,,,,,,,0,0,0,0,0.000000,0.000000,0.000000,0.000000,0.000000,0.000000,0.785398
40.000000,45.000000,-110.000000,-100.000000,0,0,1.000000,no_data,0,0.000000,,,,,,,,,,,,,,,,,,,,,,,0,0,0,0,0.000000,0.000000,0.000000,0.000000,0.000000,0.000000,0.785398
40.000000,45.000000,-100.000000,-90.000000,0,0,1.000000,no_data,0,0.000000,,,,,,,,,,,,,,,,,,,,,,,0,0,0,0,0.000000,0.000000,0.000000,0.000000,0.000000,0.000000,0.785398
40.000000,45.000000,-90.000000,-80.000000,0,0,1.000000,no_data,0,0.000000,,,,,,,,,,,,,,,,,,,,,,,0,0,0,0,0.000000,0.000000,0.000000,0.000000,0.000000,0.000000,0.785398
40.000000,45.000000,-80.000000,-70.000000,0,0,1.000000,no_data,0,0.000000,,,,,,,,,,,,,,,,,,,,,,,0,0,0,0,0.000000,0.000000,0.000000,0.000000,0.000000,0.000000,0.785398
40.000000,45.000000,-70.000000,-60.000000,0,0,1.000000,no_data,0,0.000000,,,,,,,,,,,,,,,,,,,,,,,0,0,0,0,0.000000,0.000000,0.000000,0.000000,0.000000,0.000000,0.785398
40.000000,45.000000,-60.000000,-50.000000,0,0,1.000000,no_data,0,0.000000,,,,,,,,,,,,,,,,,,,,,,,0,0,0,0,0.000000,0.000000,0.000000,0.000000,0.000000,0.000000,0.785398
40.000000,45.000000,-50.000000,-40.000000,0,0,1.000000,no_data,0,0.000000,,,,,,,,,,,,,,,,,,,,,,,0,0,0,0,0.000000,0.000000,0.000000,0.000000,0.000000,0.000000,0.785398
40.000000,45.000000,-40.000000,-30.000000,0,0,1.000000,no_data,0,0.000000,,,,,,,,,,,,,,,,,,,,,,,0,0,0,0,0.000000,0.000000,0.000000,0.000000,0.000000,0.000000,0.785398
40.000000,45.000000,-30.000000,-20.000000,142,92,0.647887,measured,0,0.000000,0.864031,0.034110,,,-0.034074,0.063786,0.025217,-0.055132,0.047000,0.054403,-0.022112,-0.088232,0.003619,0.078226,0.175804,0.046684,0.116032,0.153441,0.607513,0.137189,0.303355,0.104475,0,0,0,0,0.000000,0.000000,0.000000,0.000000,0.000000,0.000000,0.785398
40.000000,45.000000,-20.000000,-10.000000,425,80,0.188235,measured,0,0.000000,0.915011,0.028981,,,-0.007076,0.013341,0.008692,-0.010029,0.011449,-0.029353,-0.016493,-0.003270,-0.007062,0.062250,0.100090,0.041826,0.074220,0.091547,0.290794,0.109121,0.202529,0.063037,0,0,0,0,0.000000,0.000000,0.000000,0.000000,0.000000,0.000000,0.785398
40.000000,45.000000,-10.000000,0.000000,319,44,0.137931,measured,1,0.000639,0.931087,0.023967,0.855978,0.000000,-0.006787,0.008638,0.003561,-0.007496,0.008138,-0.048905,-0.025360,0.015949,-0.007101,0.063805,0.067151,0.039152,0.064322,0.066642,0.042815,0.106738,0.114994,0.064678,1,0,0,0,1.833167,0.000000,4.225361,0.000000,1.511114,0.000000,0.000000
40.000000,45.000000,0.000000,10.000000,108,0,0.000000,measured,0,0.000000,0.927797,0.023230,,,-0.024882,-0.010459,0.013014,-0.025838,-0.009850,-0.020203,-0.046659,-0.026066,-0.024132,0.099816,0.067071,0.047804,0.099386,0.067440,0.049870,0.138027,0.165631,0.067374,0,0,0,0,0.000000,0.000000,0.000000,0.000000,0.000000,0.000000,0.785398
40.000000,45.000000,10.000000,20.000000,70,48,0.685714,measured,0,0.000000,0.880614,0.049725,,,-0.020306,0.009797,0.004862,-0.017839,0.014109,-0.011967,-0.049835,-0.011048,-0.047869,0.051192,0.060528,0.048481,0.049682,0.061700,0.032459,0.105228,0.119184,0.081508,0,0,0,0,0.000000,0.000000,0.000000,0.000000,0.000000,0.000000,0.785398
40.000000,45.000000,20.000000,30.000000,65,39,0.600000,measured,0,0.000000,0.871053,0.074709,,,-0.002819,-0.004137,-0.000536,-0.004231,-0.002900,-0.040545,-0.012094,-0.023211,0.032374,0.113453,0.070373,0.022147,0.101995,0.086138,0.093558,0.136710,0.140851,0.053651,0,0,0,0,0.000000,0.000000,0.000000,0.000000,0.000000,0.000000,0.785398
40.000000,45.000000,30.000000,40.000000,0,0,1.000000,no_data,0,0.000000,,,,,,,,,,,,,,,,,,,,,,,0,0,0,0,0.000000,0.000000,0.000000,0.000000,0.000000,0.000000,0.785398
40.000000,45.000000,40.000000,50.000000,0,0,1.000000,no_data,0,0.000000,,,,,,,,,,,,,,,,,,,,,,,0,0,0,0,0.000000,0.000000,0.000000,0.000000,0.000000,0.000000,0.785398
40.000000,45.000000,50.000000,60.000000,0,0,1.000000,no_data,0,0.000000,,,,,,,,,,,,,,,,,,,,,,,0,0,0,0,0.000000,0.000000,0.000000,0.000000,0.000000,0.000000,0.785398
40.000000,45.000000,60.000000,70.000000,0,0,1.000000,no_data,0,0.000000,,,,,,,,,,,,,,,,,,,,,,,0,0,0,0,0.000000,0.000000,0.000000,0.000000,0.000000,0.000000,0.785398
40.000000,45.000000,70.000000,80.000000,0,0,1.000000,no_data,0,0.000000,,,,,,,,,,,,,,,,,,,,,,,0,0,0,0,0.000000,0.000000,0.000000,0.000000,0.000000,0.000000,0.785398
40.000000,45.000000,80.000000,90.000000,0,0,1.000000,no_data,0,0.000000,,,,,,,,,,,,,,,,,,,,,,,0,0,0,0,0.000000,0.000000,0.000000,0.000000,0.000000,0.000000,0.785398
40.000000,45.000000,90.000000,100.000000,0,0,1.000000,no_data,0,0.000000,,,,,,,,,,,,,,,,,,,,,,,0,0,0,0,0.000000,0.000000,0.000000,0.000000,0.000000,0.000000,0.785398
40.000000,45.000000,100.000000,110.000000,0,0,1.000000,no_data,0,0.000000,,,,,,,,,,,,,,,,,,,,,,,0,0,0,0,0.000000,0.000000,0.000000,0.000000,0.000000,0.000000,0.785398
40.000000,45.000000,110.000000,120.000000,0,0,1.000000,no_data,0,0.000000,,,,,,,,,,,,,,,,,,,,,,,0,0,0,0,0.000000,0.000000,0.000000,0.000000,0.000000,0.000000,0.785398
40.000000,45.000000,120.000000,130.000000,0,0,1.000000,no_data,0,0.000000,,,,,,,,,,,,,,,,,,,,,,,0,0,0,0,0.000000,0.000000,0.000000,0.000000,0.000000,0.000000,0.785398
40.000000,45.000000,130.000000,140.000000,0,0,1.000000,no_data,0,0.000000,,,,,,,,,,,,,,,,,,,,,,,0,0,0,0,0.000000,0.000000,0.000000,0.000000,0.000000,0.000000,0.785398
40.000000,45.000000,140.000000,150.000000,0,0,1.000000,no_data,0,0.000000,,,,,,,,,,,,,,,,,,,,,,,0,0,0,0,0.000000,0.000000,0.000000,0.000000,0.000000,0.000000,0.785398
40.000000,45.000000,150.000000,160.000000,0,0,1.000000,no_data,0,0.000000,,,,,,,,,,,,,,,,,,,,,,,0,0,0,0,0.000000,0.000000,0.000000,0.000000,0.000000,0.000000,0.785398
40.000000,45.000000,160.000000,170.000000,0,0,1.000000,no_data,0,0.000000,,,,,,,,,,,,,,,,,,,,,,,0,0,0,0,0.000000,0.000000,0.000000,0.000000,0.000000,0.000000,0.785398
40.000000,45.000000,170.000000,180.000000,0,0,1.000000,no_data,0,0.000000,,,,,,,,,,,,,,,,,,,,,,,0,0,0,0,0.000000,0.000000,0.000000,0.000000,0.000000,0.000000,0.785398
45.000000,50.000000,-180.000000,-170.000000,0,0,1.000000,no_data,0,0.000000,,,,,,,,,,,,,,,,,,,,,,,0,0,0,0,0.000000,0.000000,0.000000,0.000000,0.000000,0.000000,0.785398
45.000000,50.000000,-170.000000,-160.000000,0,0,1.000000,no_data,0,0.000000,,,,,,,,,,,,,,,,,,,,,,,0,0,0,0,0.000000,0.000000,0.000000,0.000000,0.000000,0.000000,0.785398
45.000000,50.000000,-160.000000,-150.000000,0,0,1.000000,no_data,0,0.000000,,,,,,,,,,,,,,,,,,,,,,,0,0,0,0,0.000000,0.000000,0.000000,0.000000,0.000000,0.000000,0.785398
45.000000,50.000000,-150.000000,-140.000000,0,0,1.000000,no_data,0,0.000000,,,,,,,,,,,,,,,,,,,,,,,0,0,0,0,0.000000,0.000000,0.000000,0.000000,0.000000,0.000000,0.785398
45.000000,50.000000,-140.000000,-130.000000,0,0,1.000000,no_data,0,0.000000,,,,,,,,,,,,,,,,,,,,,,,0,0,0,0,0.000000,0.000000,0.000000,0.000000,0.000000,0.000000,0.785398
45.000000,50.000000,-130.000000,-120.000000,0,0,1.000000,no_data,0,0.000000,,,,,,,,,,,,,,,,,,,,,,,0,0,0,0,0.000000,0.000000,0.000000,0.000000,0.000000,0.000000,0.785398
45.000000,50.000000,-120.000000,-110.000000,0,0,1.000000,no_data,0,0.000000,,,,,,,,,,,,,,,,,,,,,,,0,0,0,0,0.000000,0.000000,0.000000,0.000000,0.000000,0.000000,0.785398
45.000000,50.000000,-110.000000,-100.000000,0,0,1.000000,no_data,0,0.000000,,,,,,,,,,,,,,,,,,,,,,,0,0,0,0,0.000000,0.000000,0.000000,0.000000,0.000000,0.000000,0.785398
45.000000,50.000000,-100.000000,-90.000000,0,0,1.000000,no_data,0,0.000000,,,,,,,,,,,,,,,,,,,,,,,0,0,0,0,0.000000,0.000000,0.000000,0.000000,0.000000,0.000000,0.785398
45.000000,50.000000,-90.000000,-80.000000,0,0,1.000000,no_data,0,0.000000,,,,,,,,,,,,,,,,,,,,,,,0,0,0,0,0.000000,0.000000,0.000000,0.000000,0.000000,0.000000,0.785398
45.000000,50.000000,-80.000000,-70.000000,0,0,1.000000,no_data,0,0.000000,,,,,,,,,,,,,,,,,,,,,,,0,0,0,0,0.000000,0.000000,0.000000,0.000000,0.000000,0.000000,0.785398
45.000000,50.000000,-70.000000,-60.000000,0,0,1.000000,no_data,0,0.000000,,,,,,,,,,,,,,,,,,,,,,,0,0,0,0,0.000000,0.000000,0.000000,0.000000,0.000000,0.000000,0.785398
45.000000,50.000000,-60.000000,-50.000000,0,0,1.000000,no_data,0,0.000000,,,,,,,,,,,,,,,,,,,,,,,0,0,0,0,0.000000,0.000000,0.000000,0.000000,0.000000,0.000000,0.785398
45.000000,50.000000,-50.000000,-40.000000,0,0,1.000000,no_data,0,0.000000,,,,,,,,,,,,,,,,,,,,,,,0,0,0,0,0.000000,0.000000,0.000000,0.000000,0.000000,0.000000,0.785398
45.000000,50.000000,-40.000000,-30.000000,0,0,1.000000,no_data,0,0.000000,,,,,,,,,,,,,,,,,,,,,,,0,0,0,0,0.000000,0.000000,0.000000,0.000000,0.000000,0.000000,0.785398
45.000000,50.000000,-30.000000,-20.000000,100,82,0.820000,measured,0,0.000000,0.857063,0.051503,,,-0.013043,0.067204,0.015717,-0.035851,0.058254,0.257646,-0.032384,-0.108017,0.022920,0.066963,0.177945,0.050992,0.108724,0.155998,0.986028,0.120297,0.286871,0.107333,0,0,0,0,0.000000,0.000000,0.000000,0.000000,0.000000,0.000000,0.785398
45.000000,50.000000,-20.000000,-10.000000,115,24,0.208696,measured,0,0.000000,0.895642,0.037333,,,-0.022393,0.036404,-0.002597,-0.031877,0.028577,-0.014655,-0.049025,-0.076218,-0.003599,0.064886,0.124513,0.046791,0.067630,0.123019,0.568562,0.141484,0.209233,0.072128,0,0,0,0,0.000000,0.000000,0.000000,0.000000,0.000000,0.000000,0.785398
45.000000,50.000000,-10.000000,0.000000,207,15,0.072464,measured,0,0.000000,0.910821,0.036630,,,-0.015370,0.004847,0.006121,-0.015536,0.003884,0.008978,-0.035510,0.000640,-0.013375,0.073632,0.060834,0.043518,0.073982,0.060435,0.504872,0.129431,0.123309,0.062856,0,0,0,0,0.000000,0.000000,0.000000,0.000000,0.000000,0.000000,0.785398
45.000000,50.000000,0.000000,10.000000,249,22,0.088353,measured,0,0.000000,0.897769,0.038476,,,-0.019766,0.000699,0.014591,-0.019617,0.002287,0.102593,-0.052016,-0.001992,-0.020243,0.076614,0.100288,0.043309,0.076093,0.100689,0.679426,0.124801,0.148497,0.062411,0,0,0,0,0.000000,0.000000,0.000000,0.000000,0.000000,0.000000,0.785398
45.000000,50.000000,10.000000,20.000000,442,57,0.128959,measured,0,0.000000,0.899432,0.033876,,,-0.015353,0.017336,0.010951,-0.009728,0.020392,0.039328,-0.064671,0.022342,-0.015889,0.061348,0.064955,0.039331,0.061787,0.064737,0.447779,0.123402,0.142306,0.061570,0,0,0,0,0.000000,0.000000,0.000000,0.000000,0.000000,0.000000,0.785398
45.000000,50.000000,20.000000,30.000000,673,285,0.423477,measured,0,0.000000,0.899408,0.039841,,,-0.021177,-0.007404,0.012238,-0.023901,0.001778,-0.015531,-0.049658,-0.047729,-0.003298,0.061793,0.095313,0.059389,0.060334,0.095874,0.358074,0.114241,0.183131,0.086843,0,0,0,0,0.000000,0.000000,0.000000,0.000000,0.000000,0.000000,0.785398
45.000000,50.000000,30.000000,40.000000,0,0,1.000000,no_data,0,0.000000,,,,,,,,,,,,,,,,,,,,,,,0,0,0,0,0.000000,0.000000,0.000000,0.000000,0.000000,0.000000,0.785398
45.000000,50.000000,40.000000,50.000000,0,0,1.000000,no_data,0,0.000000,,,,,,,,,,,,,,,,,,,,,,,0,0,0,0,0.000000,0.000000,0.000000,0.000000,0.000000,0.000000,0.785398
45.000000,50.000000,50.000000,60.000000,0,0,1.000000,no_data,0,0.000000,,,,,,,,,,,,,,,,,,,,,,,0,0,0,0,0.000000,0.000000,0.000000,0.000000,0.000000,0.000000,0.785398
45.000000,50.000000,60.000000,70.000000,0,0,1.000000,no_data,0,0.000000,,,,,,,,,,,,,,,,,,,,,,,0,0,0,0,0.000000,0.000000,0.000000,0.000000,0.000000,0.000000,0.785398
45.000000,50.000000,70.000000,80.000000,0,0,1.000000,no_data,0,0.000000,,,,,,,,,,,,,,,,,,,,,,,0,0,0,0,0.000000,0.000000,0.000000,0.000000,0.000000,0.000000,0.785398
45.000000,50.000000,80.000000,90.000000,0,0,1.000000,no_data,0,0.000000,,,,,,,,,,,,,,,,,,,,,,,0,0,0,0,0.000000,0.000000,0.000000,0.000000,0.000000,0.000000,0.785398
45.000000,50.000000,90.000000,100.000000,0,0,1.000000,no_data,0,0.000000,,,,,,,,,,,,,,,,,,,,,,,0,0,0,0,0.000000,0.000000,0.000000,0.000000,0.000000,0.000000,0.785398
45.000000,50.000000,100.000000,110.000000,0,0,1.000000,no_data,0,0.000000,,,,,,,,,,,,,,,,,,,,,,,0,0,0,0,0.000000,0.000000,0.000000,0.000000,0.000000,0.000000,0.785398
45.000000,50.000000,110.000000,120.000000,0,0,1.000000,no_data,0,0.000000,,,,,,,,,,,,,,,,,,,,,,,0,0,0,0,0.000000,0.000000,0.000000,0.000000,0.000000,0.000000,0.785398
45.000000,50.000000,120.000000,130.000000,0,0,1.000000,no_data,0,0.000000,,,,,,,,,,,,,,,,,,,,,,,0,0,0,0,0.000000,0.000000,0.000000,0.000000,0.000000,0.000000,0.785398
45.000000,50.000000,130.000000,140.000000,0,0,1.000000,no_data,0,0.000000,,,,,,,,,,,,,,,,,,,,,,,0,0,0,0,0.000000,0.000000,0.000000,0.000000,0.000000,0.000000,0.785398
45.000000,50.000000,140.000000,150.000000,0,0,1.000000,no_data,0,0.000000,,,,,,,,,,,,,,,,,,,,,,,0,0,0,0,0.000000,0.000000,0.000000,0.000000,0.000000,0.000000,0.785398
45.000000,50.000000,150.000000,160.000000,0,0,1.000000,no_data,0,0.000000,,,,,,,,,,,,,,,,,,,,,,,0,0,0,0,0.000000,0.000000,0.000000,0.000000,0.000000,0.000000,0.785398
45.000000,50.000000,160.000000,170.000000,0,0,1.000000,no_data,0,0.000000,,,,,,,,,,,,,,,,,,,,,,,0,0,0,0,0.000000,0.000000,0.000000,0.000000,0.000000,0.000000,0.785398
45.000000,50.000000,170.000000,180.000000,0,0,1.000000,no_data,0,0.000000,,,,,,,,,,,,,,,,,,,,,,,0,0,0,0,0.000000,0.000000,0.000000,0.000000,0.000000,0.000000,0.785398
50.000000,55.000000,-180.000000,-170.000000,0,0,1.000000,no_data,0,0.000000,,,,,,,,,,,,,,,,,,,,,,,0,0,0,0,0.000000,0.000000,0.000000,0.000000,0.000000,0.000000,0.785398
50.000000,55.000000,-170.000000,-160.000000,0,0,1.000000,no_data,0,0.000000,,,,,,,,,,,,,,,,,,,,,,,0,0,0,0,0.000000,0.000000,0.000000,0.000000,0.000000,0.000000,0.785398
50.000000,55.000000,-160.000000,-150.000000,0,0,1.000000,no_data,0,0.000000,,,,,,,,,,,,,,,,,,,,,,,0,0,0,0,0.000000,0.000000,0.000000,0.000000,0.000000,0.000000,0.785398
50.000000,55.000000,-150.000000,-140.000000,0,0,1.000000,no_data,0,0.000000,,,,,,,,,,,,,,,,,,,,,,,0,0,0,0,0.000000,0.000000,0.000000,0.000000,0.000000,0.000000,0.785398
50.000000,55.000000,-140.000000,-130.000000,0,0,1.000000,no_data,0,0.000000,,,,,,,,,,,,,,,,,,,,,,,0,0,0,0,0.000000,0.000000,0.000000,0.000000,0.000000,0.000000,0.785398
50.000000,55.000000,-130.000000,-120.000000,0,0,1.000000,no_data,0,0.000000,,,,,,,,,,,,,,,,,,,,,,,0,0,0,0,0.000000,0.000000,0.000000,0.000000,0.000000,0.000000,0.785398
50.000000,55.000000,-120.000000,-110.000000,0,0,1.000000,no_data,0,0.000000,,,,,,,,,,,,,,,,,,,,,,,0,0,0,0,0.000000,0.000000,0.000000,0.000000,0.000000,0.000000,0.785398
50.000000,55.000000,-110.000000,-100.000000,0,0,1.000000,no_data,0,0.000000,,,,,,,,,,,,,,,,,,,,,,,0,0,0,0,0.000000,0.000000,0.000000,0.000000,0.000000,0.000000,0.785398
50.000000,55.000000,-100.000000,-90.000000,0,0,1.000000,no_data,0,0.000000,,,,,,,,,,,,,,,,,,,,,,,0,0,0,0,0.000000,0.000000,0.000000,0.000000,0.000000,0.000000,0.785398
50.000000,55.000000,-90.000000,-80.000000,0,0,1.000000,no_data,0,0.000000,,,,,,,,,,,,,,,,,,,,,,,0,0,0,0,0.000000,0.000000,0.000000,0.000000,0.000000,0.000000,0.785398
50.000000,55.000000,-80.000000,-70.000000,0,0,1.000000,no_data,0,0.000000,,,,,,,,,,,,,,,,,,,,,,,0,0,0,0,0.000000,0.000000,0.000000,0.000000,0.000000,0.000000,0.785398
50.000000,55.000000,-70.000000,-60.000000,0,0,1.000000,no_data,0,0.000000,,,,,,,,,,,,,,,,,,,,,,,0,0,0,0,0.000000,0.000000,0.000000,0.000000,0.000000,0.000000,0.785398
50.000000,55.000000,-60.000000,-50.000000,0,0,1.000000,no_data,0,0.000000,,,,,,,,,,,,,,,,,,,,,,,0,0,0,0,0.000000,0.000000,0.000000,0.000000,0.000000,0.000000,0.785398
50.000000,55.000000,-50.000000,-40.000000,0,0,1.000000,no_data,0,0.000000,,,,,,,,,,,,,,,,,,,,,,,0,0,0,0,0.000000,0.000000,0.000000,0.000000,0.000000,0.000000,0.785398
50.000000,55.000000,-40.000000,-30.000000,0,0,1.000000,no_data,0,0.000000,,,,,,,,,,,,,,,,,,,,,,,0,0,0,0,0.000000,0.000000,0.000000,0.000000,0.000000,0.000000,0.785398
50.000000,55.000000,-30.000000,-20.000000,56,41,0.732143,measured,0,0.000000,0.815123,0.046849,,,0.005220,0.043360,-0.005276,-0.010220,0.042523,-0.050728,-0.078794,-0.133955,0.008043,0.074471,0.134177,0.087734,0.073939,0.134451,0.052909,0.171422,0.259804,0.086880,0,0,0,0,0.000000,0.000000,0.000000,0.000000,0.000000,0.000000,0.785398
50.000000,55.000000,-20.000000,-10.000000,262,59,0.225191,measured,1,0.000639,0.907495,0.029886,0.882148,0.000000,-0.015432,0.021290,0.010440,-0.021270,0.016408,0.084775,-0.047846,-0.037402,-0.002466,0.062920,0.116868,0.047862,0.076096,0.108610,0.688244,0.112038,0.214444,0.068833,1,0,0,0,2.016292,0.000000,4.925756,0.000000,1.727879,0.000000,0.000000
50.000000,55.000000,-10.000000,0.000000,442,62,0.140271,measured,0,0.000000,0.900177,0.029198,,,-0.016782,0.006277,0.010317,-0.017483,0.004904,0.054722,-0.038691,0.011770,-0.014332,0.061686,0.070869,0.045345,0.062206,0.070351,0.829808,0.120784,0.122234,0.067492,0,0,0,0,0.000000,0.000000,0.000000,0.000000,0.000000,0.000000,0.785398
50.000000,55.000000,0.000000,10.000000,441,90,0.204082,measured,0,0.000000,0.895351,0.028400,,,-0.014885,0.007970,0.014911,-0.014402,0.008972,0.031220,-0.041725,0.007406,-0.014151,0.074041,0.072493,0.041707,0.074253,0.072257,0.800334,0.125847,0.116613,0.061135,0,0,0,0,0.000000,0.000000,0.000000,0.000000,0.000000,0.000000,0.785398
50.000000,55.000000,10.000000,20.000000,440,170,0.386364,measured,0,0.000000,0.881322,0.055986,,,-0.011615,0.027981,0.013319,-0.003764,0.029595,-0.013148,-0.034339,0.008633,-0.026935,0.084057,0.075955,0.051739,0.081819,0.078537,0.535497,0.123147,0.133126,0.087825,0,0,0,0,0.000000,0.000000,0.000000,0.000000,0.000000,0.000000,0.785398
50.000000,55.000000,20.000000,30.000000,608,365,0.600329,measured,0,0.000000,0.865177,0.059317,,,-0.004006,0.010074,-0.014538,-0.000181,0.010892,-0.000814,-0.021283,0.009075,-0.019608,0.115989,0.137907,0.069606,0.122420,0.132227,0.444148,0.115134,0.195483,0.127719,0,0,0,0,0.000000,0.000000,0.000000,0.000000,0.000000,0.000000,0.785398
50.000000,55.000000,30.000000,40.000000,6,6,1.000000,no_data,0,0.000000,,,,,,,,,,,,,,,,,,,,,,,0,0,0,0,0.000000,0.000000,0.000000,0.000000,0.000000,0.000000,0.785398
50.000000,55.000000,40.000000,50.000000,0,0,1.000000,no_data,0,0.000000,,,,,,,,,,,,,,,,,,,,,,,0,0,0,0,0.000000,0.000000,0.000000,0.000000,0.000000,0.000000,0.785398
50.000000,55.000000,50.000000,60.000000,0,0,1.000000,no_data,0,0.000000,,,,,,,,,,,,,,,,,,,,,,,0,0,0,0,0.000000,0.000000,0.000000,0.000000,0.000000,0.000000,0.785398
50.000000,55.000000,60.000000,70.000000,0,0,1.000000,no_data,0,0.000000,,,,,,,,,,,,,,,,,,,,,,,0,0,0,0,0.000000,0.000000,0.000000,0.000000,0.000000,0.000000,0.785398
50.000000,55.000000,70.000000,80.000000,0,0,1.000000,no_data,0,0.000000,,,,,,,,,,,,,,,,,,,,,,,0,0,0,0,0.000000,0.000000,0.000000,0.000000,0.000000,0.000000,0.785398
50.000000,55.000000,80.000000,90.000000,0,0,1.000000,no_data,0,0.000000,,,,,,,,,,,,,,,,,,,,,,,0,0,0,0,0.000000,0.000000,0.000000,0.000000,0.000000,0.000000,0.785398
50.000000,55.000000,90.000000,100.000000,0,0,1.000000,no_data,0,0.000000,,,,,,,,,,,,,,,,,,,,,,,0,0,0,0,0.000000,0.000000,0.000000,0.000000,0.000000,0.000000,0.785398
50.000000,55.000000,100.000000,110.000000,0,0,1.000000,no_data,0,0.000000,,,,,,,,,,,,,,,,,,,,,,,0,0,0,0,0.000000,0.000000,0.000000,0.000000,0.000000,0.000000,0.785398
50.000000,55.000000,110.000000,120.000000,0,0,1.000000,no_data,0,0.000000,,,,,,,,,,,,,,,,,,,,,,,0,0,0,0,0.000000,0.000000,0.000000,0.000000,0.000000,0.000000,0.785398
50.000000,55.000000,120.000000,130.000000,0,0,1.000000,no_data,0,0.000000,,,,,,,,,,,,,,,,,,,,,,,0,0,0,0,0.000000,0.000000,0.000000,0.000000,0.000000,0.000000,0.785398
50.000000,55.000000,130.000000,140.000000,0,0,1.000000,no_data,0,0.000000,,,,,,,,,,,,,,,,,,,,,,,0,0,0,0,0.000000,0.000000,0.000000,0.000000,0.000000,0.000000,0.785398
50.000000,55.000000,140.000000,150.000000,0,0,1.000000,no_data,0,0.000000,,,,,,,,,,,,,,,,,,,,,,,0,0,0,0,0.000000,0.000000,0.000000,0.000000,0.000000,0.000000,0.785398
50.000000,55.000000,150.000000,160.000000,0,0,1.000000,no_data,0,0.000000,,,,,,,,,,,,,,,,,,,,,,,0,0,0,0,0.000000,0.000000,0.000000,0.000000,0.000000,0.000000,0.785398
50.000000,55.000000,160.000000,170.000000,0,0,1.000000,no_data,0,0.000000,,,,,,,,,,,,,,,,,,,,,,,0,0,0,0,0.000000,0.000000,0.000000,0.000000,0.000000,0.000000,0.785398
50.000000,55.000000,170.000000,180.000000,0,0,1.000000,no_data,0,0.000000,,,,,,,,,,,,,,,,,,,,,,,0,0,0,0,0.000000,0.000000,0.000000,0.000000,0.000000,0.000000,0.785398
55.000000,60.000000,-180.000000,-170.000000,0,0,1.000000,no_data,0,0.000000,,,,,,,,,,,,,,,,,,,,,,,0,0,0,0,0.000000,0.000000,0.000000,0.000000,0.000000,0.000000,0.785398
55.000000,60.000000,-170.000000,-160.000000,0,0,1.000000,no_data,0,0.000000,,,,,,,,,,,,,,,,,,,,,,,0,0,0,0,0.000000,0.000000,0.000000,0.000000,0.000000,0.000000,0.785398
55.000000,60.000000,-160.000000,-150.000000,0,0,1.000000,no_data,0,0.000000,,,,,,,,,,,,,,,,,,,,,,,0,0,0,0,0.000000,0.000000,0.000000,0.000000,0.000000,0.000000,0.785398
55.000000,60.000000,-150.000000,-140.000000,0,0,1.000000,no_data,0,0.000000,,,,,,,,,,,,,,,,,,,,,,,0,0,0,0,0.000000,0.000000,0.000000,0.000000,0.000000,0.000000,0.785398
55.000000,60.000000,-140.000000,-130.000000,0,0,1.000000,no_data,0,0.000000,,,,,,,,,,,,,,,,,,,,,,,0,0,0,0,0.000000,0.000000,0.000000,0.000000,0.000000,0.000000,0.785398
55.000000,60.000000,-130.000000,-120.000000,0,0,1.000000,no_data,0,0.000000,,,,,,,,,,,,,,,,,,,,,,,0,0,0,0,0.000000,0.000000,0.000000,0.000000,0.000000,0.000000,0.785398
55.000000,60.000000,-120.000000,-110.000000,0,0,1.000000,no_data,0,0.000000,,,,,,,,,,,,,,,,,,,,,,,0,0,0,0,0.000000,0.000000,0.000000,0.000000,0.000000,0.000000,0.785398
55.000000,60.000000,-110.000000,-100.000000,0,0,1.000000,no_data,0,0.000000,,,,,,,,,,,,,,,,,,,,,,,0,0,0,0,0.000000,0.000000,0.000000,0.000000,0.000000,0.000000,0.785398
55.000000,60.000000,-100.000000,-90.000000,0,0,1.000000,no_data,0,0.000000,,,,,,,,,,,,,,,,,,,,,,,0,0,0,0,0.000000,0.000000,0.000000,0.000000,0.000000,0.000000,0.785398
55.000000,60.000000,-90.000000,-80.000000,0,0,1.000000,no_data,0,0.000000,,,,,,,,,,,,,,,,,,,,,,,0,0,0,0,0.000000,0.000000,0.000000,0.000000,0.000000,0.000000,0.785398
55.000000,60.000000,-80.000000,-70.000000,0,0,1.000000,no_data,0,0.000000,,,,,,,,,,,,,,,,,,,,,,,0,0,0,0,0.000000,0.000000,0.000000,0.000000,0.000000,0.000000,0.785398
55.000000,60.000000,-70.000000,-60.000000,0,0,1.000000,no_data,0,0.000000,,,,,,,,,,,,,,,,,,,,,,,0,0,0,0,0.000000,0.000000,0.000000,0.000000,0.000000,0.000000,0.785398
55.000000,60.000000,-60.000000,-50.000000,0,0,1.000000,no_data,0,0.000000,,,,,,,,,,,,,,,,,,,,,,,0,0,0,0,0.000000,0.000000,0.000000,0.000000,0.000000,0.000000,0.785398
55.000000,60.000000,-50.000000,-40.000000,0,0,1.000000,no_data,0,0.000000,,,,,,,,,,,,,,,,,,,,,,,0,0,0,0,0.000000,0.000000,0.000000,0.000000,0.000000,0.000000,0.785398
55.000000,60.000000,-40.000000,-30.000000,0,0,1.000000,no_data,0,0.000000,,,,,,,,,,,,,,,,,,,,,,,0,0,0,0,0.000000,0.000000,0.000000,0.000000,0.000000,0.000000,0.785398
55.000000,60.000000,-30.000000,-20.000000,56,36,0.642857,measured,0,0.000000,0.864383,0.033127,,,-0.025635,0.162638,0.041962,-0.079922,0.144008,0.563613,-0.070634,-0.306697,-0.003758,0.086801,0.087708,0.056783,0.096878,0.076317,1.260964,0.130351,0.255758,0.105121,0,0,0,0,0.000000,0.000000,0.000000,0.000000,0.000000,0.000000,0.785398
55.000000,60.000000,-20.000000,-10.000000,430,68,0.158140,measured,1,0.000639,0.874476,0.026335,0.857882,0.000000,-0.025156,-0.027273,0.020112,-0.014945,-0.033766,0.418028,-0.057884,0.017452,0.009136,0.082378,0.099121,0.072796,0.087310,0.094875,1.231008,0.146122,0.208651,0.106364,1,0,0,0,1.870273,0.000000,4.482039,0.000000,1.473903,0.000000,0.000000
55.000000,60.000000,-10.000000,0.000000,119,9,0.075630,measured,0,0.000000,0.908012,0.019566,,,0.001626,-0.010527,-0.001521,0.001606,-0.009656,0.072923,-0.012237,0.030513,0.002485,0.090207,0.082579,0.062769,0.090633,0.082220,0.663707,0.122894,0.161717,0.080185,0,0,0,0,0.000000,0.000000,0.000000,0.000000,0.000000,0.000000,0.785398
55.000000,60.000000,0.000000,10.000000,175,31,0.177143,measured,1,0.000639,0.894228,0.037210,0.851029,0.000000,-0.008813,0.001020,0.009502,-0.009168,0.001429,-0.070417,-0.010262,0.014708,-0.000723,0.059790,0.091457,0.051286,0.060442,0.090987,0.578687,0.121637,0.111050,0.074754,1,0,0,0,1.897000,0.000000,4.457660,0.000000,1.900647,0.000000,0.000000
55.000000,60.000000,10.000000,20.000000,288,147,0.510417,measured,0,0.000000,0.870428,0.064493,,,-0.008099,0.030222,0.002010,0.000284,0.030519,0.242805,-0.036039,0.035323,-0.004775,0.075081,0.095345,0.061312,0.071337,0.098419,0.881221,0.141669,0.129846,0.085189,0,0,0,0,0.000000,0.000000,0.000000,0.000000,0.000000,0.000000,0.785398
55.000000,60.000000,20.000000,30.000000,396,265,0.669192,measured,0,0.000000,0.864355,0.062866,,,-0.018989,-0.004868,0.009836,-0.021021,0.004201,-0.012049,-0.028087,0.001890,-0.002932,0.078669,0.175247,0.057992,0.112394,0.155539,0.474651,0.127327,0.197196,0.090572,0,0,0,0,0.000000,0.000000,0.000000,0.000000,0.000000,0.000000,0.785398
55.000000,60.000000,30.000000,40.000000,16,16,1.000000,no_data,0,0.000000,,,,,,,,,,,,,,,,,,,,,,,0,0,0,0,0.000000,0.000000,0.000000,0.000000,0.000000,0.000000,0.785398
55.000000,60.000000,40.000000,50.000000,0,0,1.000000,no_data,0,0.000000,,,,,,,,,,,,,,,,,,,,,,,0,0,0,0,0.000000,0.000000,0.000000,0.000000,0.000000,0.000000,0.785398
55.000000,60.000000,50.000000,60.000000,0,0,1.000000,no_data,0,0.000000,,,,,,,,,,,,,,,,,,,,,,,0,0,0,0,0.000000,0.000000,0.000000,0.000000,0.000000,0.000000,0.785398
55.000000,60.000000,60.000000,70.000000,0,0,1.000000,no_data,0,0.000000,,,,,,,,,,,,,,,,,,,,,,,0,0,0,0,0.000000,0.000000,0.000000,0.000000,0.000000,0.000000,0.785398
55.000000,60.000000,70.000000,80.000000,0,0,1.000000,no_data,0,0.000000,,,,,,,,,,,,,,,,,,,,,,,0,0,0,0,0.000000,0.000000,0.000000,0.000000,0.000000,0.000000,0.785398
55.000000,60.000000,80.000000,90.000000,0,0,1.000000,no_data,0,0.000000,,,,,,,,,,,,,,,,,,,,,,,0,0,0,0,0.000000,0.000000,0.000000,0.000000,0.000000,0.000000,0.785398
55.000000,60.000000,90.000000,100.000000,0,0,1.000000,no_data,0,0.000000,,,,,,,,,,,,,,,,,,,,,,,0,0,0,0,0.000000,0.000000,0.000000,0.000000,0.000000,0.000000,0.785398
55.000000,60.000000,100.000000,110.000000,0,0,1.000000,no_data,0,0.000000,,,,,,,,,,,,,,,,,,,,,,,0,0,0,0,0.000000,0.000000,0.000000,0.000000,0.000000,0.000000,0.785398
55.000000,60.000000,110.000000,120.000000,0,0,1.000000,no_data,0,0.000000,,,,,,,,,,,,,,,,,,,,,,,0,0,0,0,0.000000,0.000000,0.000000,0.000000,0.000000,0.000000,0.785398
55.000000,60.000000,120.000000,130.000000,0,0,1.000000,no_data,0,0.000000,,,,,,,,,,,,,,,,,,,,,,,0,0,0,0,0.000000,0.000000,0.000000,0.000000,0.000000,0.000000,0.785398
55.000000,60.000000,130.000000,140.000000,0,0,1.000000,no_data,0,0.000000,,,,,,,,,,,,,,,,,,,,,,,0,0,0,0,0.000000,0.000000,0.000000,0.000000,0.000000,0.000000,0.785398
55.000000,60.000000,140.000000,150.000000,0,0,1.000000,no_data,0,0.000000,,,,,,,,,,,,,,,,,,,,,,,0,0,0,0,0.000000,0.000000,0.000000,0.000000,0.000000,0.000000,0.785398
55.000000,60.000000,150.000000,160.000000,0,0,1.000000,no_data,0,0.000000,,,,,,,,,,,,,,,,,,,,,,,0,0,0,0,0.000000,0.000000,0.000000,0.000000,0.000000,0.000000,0.785398
55.000000,60.000000,160.000000,170.000000,0,0,1.000000,no_data,0,0.000000,,,,,,,,,,,,,,,,,,,,,,,0,0,0,0,0.000000,0.000000,0.000000,0.000000,0.000000,0.000000,0.785398
55.000000,60.000000,170.000000,180.000000,0,0,1.000000,no_data,0,0.000000,,,,,,,,,,,,,,,,,,,,,,,0,0,0,0,0.000000,0.000000,0.000000,0.000000,0.000000,0.000000,0.785398
60.000000,65.000000,-180.000000,-170.000000,0,0,1.000000,no_data,0,0.000000,,,,,,,,,,,,,,,,,,,,,,,0,0,0,0,0.000000,0.000000,0.000000,0.000000,0.000000,0.000000,0.785398
60.000000,65.000000,-170.000000,-160.000000,0,0,1.000000,no_data,0,0.000000,,,,,,,,,,,,,,,,,,,,,,,0,0,0,0,0.000000,0.000000,0.000000,0.000000,0.000000,0.000000,0.785398
60.000000,65.000000,-160.000000,-150.000000,0,0,1.000000,no_data,0,0.000000,,,,,,,,,,,,,,,,,,,,,,,0,0,0,0,0.000000,0.000000,0.000000,0.000000,0.000000,0.000000,0.785398
60.000000,65.000000,-150.000000,-140.000000,0,0,1.000000,no_data,0,0.000000,,,,,,,,,,,,,,,,,,,,,,,0,0,0,0,0.000000,0.000000,0.000000,0.000000,0.000000,0.000000,0.785398
60.000000,65.000000,-140.000000,-130.000000,0,0,1.000000,no_data,0,0.000000,,,,,,,,,,,,,,,,,,,,,,,0,0,0,0,0.000000,0.000000,0.000000,0.000000,0.000000,0.000000,0.785398
60.000000,65.000000,-130.000000,-120.000000,0,0,1.000000,no_data,0,0.000000,,,,,,,,,,,,,,,,,,,,,,,0,0,0,0,0.000000,0.000000,0.000000,0.000000,0.000000,0.000000,0.785398
60.000000,65.000000,-120.000000,-110.000000,0,0,1.000000,no_data,0,0.000000,,,,,,,,,,,,,,,,,,,,,,,0,0,0,0,0.000000,0.000000,0.000000,0.000000,0.000000,0.000000,0.785398
60.000000,65.000000,-110.000000,-100.000000,0,0,1.000000,no_data,0,0.000000,,,,,,,,,,,,,,,,,,,,,,,0,0,0,0,0.000000,0.000000,0.000000,0.000000,0.000000,0.000000,0.785398
60.000000,65.000000,-100.000000,-90.000000,0,0,1.000000,no_data,0,0.000000,,,,,,,,,,,,,,,,,,,,,,,0,0,0,0,0.000000,0.000000,0.000000,0.000000,0.000000,0.000000,0.785398
60.000000,65.000000,-90.000000,-80.000000,0,0,1.000000,no_data,0,0.000000,,,,,,,,,,,,,,,,,,,,,,,0,0,0,0,0.000000,0.000000,0.000000,0.000000,0.000000,0.000000,0.785398
60.000000,65.000000,-80.000000,-70.000000,0,0,1.000000,no_data,0,0.000000,,,,,,,,,,,,,,,,,,,,,,,0,0,0,0,0.000000,0.000000,0.000000,0.000000,0.000000,0.000000,0.785398
60.000000,65.000000,-70.000000,-60.000000,0,0,1.000000,no_data,0,0.000000,,,,,,,,,,,,,,,,,,,,,,,0,0,0,0,0.000000,0.000000,0.000000,0.000000,0.000000,0.000000,0.785398
60.000000,65.000000,-60.000000,-50.000000,0,0,1.000000,no_data,0,0.000000,,,,,,,,,,,,,,,,,,,,,,,0,0,0,0,0.000000,0.000000,0.000000,0.000000,0.000000,0.000000,0.785398
60.000000,65.000000,-50.000000,-40.000000,0,0,1.000000,no_data,0,0.000000,,,,,,,,,,,,,,,,,,,,,,,0,0,0,0,0.000000,0.000000,0.000000,0.000000,0.000000,0.000000,0.785398
60.000000,65.000000,-40.000000,-30.000000,0,0,1.000000,no_data,0,0.000000,,,,,,,,,,,,,,,,,,,,,,,0,0,0,0,0.000000,0.000000,0.000000,0.000000,0.000000,0.000000,0.785398
60.000000,65.000000,-30.000000,-20.000000,32,27,0.843750,measured,0,0.000000,0.821528,0.026122,,,0.053615,0.090251,0.046286,0.019322,0.102744,-0.672850,0.148861,-0.096545,0.023948,0.224968,0.210233,0.053725,0.249997,0.180001,1.218657,0.351491,0.233954,0.042758,0,0,0,0,0.000000,0.000000,0.000000,0.000000,0.000000,0.000000,0.785398
60.000000,65.000000,-20.000000,-10.000000,228,64,0.280702,measured,0,0.000000,0.865907,0.034204,,,-0.019812,0.019301,-0.008425,-0.024695,0.013024,-0.006091,-0.037002,-0.004377,0.022218,0.081172,0.092510,0.056674,0.085452,0.088491,0.421234,0.134535,0.200055,0.083933,0,0,0,0,0.000000,0.000000,0.000000,0.000000,0.000000,0.000000,0.785398
60.000000,65.000000,-10.000000,0.000000,146,50,0.342466,measured,0,0.000000,0.902591,0.027881,,,-0.002391,-0.002418,-0.002570,-0.001807,-0.002581,-0.007263,0.030644,0.022536,0.009521,0.082801,0.076178,0.068901,0.084011,0.074852,0.049440,0.142556,0.141156,0.101418,0,0,0,0,0.000000,0.000000,0.000000,0.000000,0.000000,0.000000,0.785398
60.000000,65.000000,0.000000,10.000000,122,3,0.024590,measured,0,0.000000,0.902181,0.028284,,,0.007185,0.014828,-0.000288,0.007708,0.014263,0.013726,0.010578,0.016768,0.001845,0.078230,0.088159,0.055032,0.078864,0.087641,0.052601,0.105929,0.133748,0.087377,0,0,0,0,0.000000,0.000000,0.000000,0.000000,0.000000,0.000000,0.785398
60.000000,65.000000,10.000000,20.000000,85,26,0.305882,measured,0,0.000000,0.888204,0.070511,,,0.000093,0.005130,0.006854,0.001666,0.003934,0.001881,-0.082192,0.026052,-0.011047,0.081318,0.087486,0.062829,0.082393,0.086522,0.054894,0.171751,0.122636,0.083346,0,0,0,0,0.000000,0.000000,0.000000,0.000000,0.000000,0.000000,0.785398
60.000000,65.000000,20.000000,30.000000,151,124,0.821192,measured,1,0.000639,0.811186,0.093972,0.630413,0.000000,0.026050,0.040048,-0.000198,0.039607,0.026082,-0.034080,-0.020767,-0.036912,0.024399,0.093575,0.381543,0.053650,0.210772,0.331573,0.047844,0.134006,0.263361,0.093561,1,0,0,0,1.921224,0.000000,4.710667,0.000000,1.543578,0.000000,0.000000
60.000000,65.000000,30.000000,40.000000,26,26,1.000000,no_data,0,0.000000,,,,,,,,,,,,,,,,,,,,,,,0,0,0,0,0.000000,0.000000,0.000000,0.000000,0.000000,0.000000,0.785398
60.000000,65.000000,40.000000,50.000000,0,0,1.000000,no_data,0,0.000000,,,,,,,,,,,,,,,,,,,,,,,0,0,0,0,0.000000,0.000000,0.000000,0.000000,0.000000,0.000000,0.785398
60.000000,65.000000,50.000000,60.000000,0,0,1.000000,no_data,0,0.000000,,,,,,,,,,,,,,,,,,,,,,,0,0,0,0,0.000000,0.000000,0.000000,0.000000,0.000000,0.000000,0.785398
60.000000,65.000000,60.000000,70.000000,0,0,1.000000,no_data,0,0.000000,,,,,,,,,,,,,,,,,,,,,,,0,0,0,0,0.000000,0.000000,0.000000,0.000000,0.000000,0.000000,0.785398
60.000000,65.000000,70.000000,80.000000,0,0,1.000000,no_data,0,0.000000,,,,,,,,,,,,,,,,,,,,,,,0,0,0,0,0.000000,0.000000,0.000000,0.000000,0.000000,0.000000,0.785398
60.000000,65.000000,80.000000,90.000000,0,0,1.000000,no_data,0,0.000000,,,,,,,,,,,,,,,,,,,,,,,0,0,0,0,0.000000,0.000000,0.000000,0.000000,0.000000,0.000000,0.785398
60.000000,65.000000,90.000000,100.000000,0,0,1.000000,no_data,0,0.000000,,,,,,,,,,,,,,,,,,,,,,,0,0,0,0,0.000000,0.000000,0.000000,0.000000,0.000000,0.000000,0.785398
60.000000,65.000000,100.000000,110.000000,0,0,1.000000,no_data,0,0.000000,,,,,,,,,,,,,,,,,,,,,,,0,0,0,0,0.000000,0.000000,0.000000,0.000000,0.000000,0.000000,0.785398
60.000000,65.000000,110.000000,120.000000,0,0,1.000000,no_data,0,0.000000,,,,,,,,,,,,,,,,,,,,,,,0,0,0,0,0.000000,0.000000,0.000000,0.000000,0.000000,0.000000,0.785398
60.000000,65.000000,120.000000,130.000000,0,0,1.000000,no_data,0,0.000000,,,,,,,,,,,,,,,,,,,,,,,0,0,0,0,0.000000,0.000000,0.000000,0.000000,0.000000,0.000000,0.785398
60.000000,65.000000,130.000000,140.000000,0,0,1.000000,no_data,0,0.000000,,,,,,,,,,,,,,,,,,,,,,,0,0,0,0,0.000000,0.000000,0.000000,0.000000,0.000000,0.000000,0.785398
60.000000,65.000000,140.000000,150.000000,0,0,1.000000,no_data,0,0.000000,,,,,,,,,,,,,,,,,,,,,,,0,0,0,0,0.000000,0.000000,0.000000,0.000000,0.000000,0.000000,0.785398
60.000000,65.000000,150.000000,160.000000,0,0,1.000000,no_data,0,0.000000,,,,,,,,,,,,,,,,,,,,,,,0,0,0,0,0.000000,0.000000,0.000000,0.000000,0.000000,0.000000,0.785398
60.000000,65.000000,160.000000,170.000000,0,0,1.000000,no_data,0,0.000000,,,,,,,,,,,,,,,,,,,,,,,0,0,0,0,0.000000,0.000000,0.000000,0.000000,0.000000,0.000000,0.785398
60.000000,65.000000,170.000000,180.000000,0,0,1.000000,no_data,0,0.000000,,,,,,,,,,,,,,,,,,,,,,,0,0,0,0,0.000000,0.000000,0.000000,0.000000,0.000000,0.000000,0.785398
65.000000,70.000000,-180.000000,-170.000000,0,0,1.000000,no_data,0,0.000000,,,,,,,,,,,,,,,,,,,,,,,0,0,0,0,0.000000,0.000000,0.000000,0.000000,0.000000,0.000000,0.785398
65.000000,70.000000,-170.000000,-160.000000,0,0,1.000000,no_data,0,0.000000,,,,,,,,,,,,,,,,,,,,,,,0,0,0,0,0.000000,0.000000,0.000000,0.000000,0.000000,0.000000,0.785398
65.000000,70.000000,-160.000000,-150.000000,0,0,1.000000,no_data,0,0.000000,,,,,,,,,,,,,,,,,,,,,,,0,0,0,0,0.000000,0.000000,0.000000,0.000000,0.000000,0.000000,0.785398
65.000000,70.000000,-150.000000,-140.000000,0,0,1.000000,no_data,0,0.000000,,,,,,,,,,,,,,,,,,,,,,,0,0,0,0,0.000000,0.000000,0.000000,0.000000,0.000000,0.000000,0.785398
65.000000,70.000000,-140.000000,-130.000000,0,0,1.000000,no_data,0,0.000000,,,,,,,,,,,,,,,,,,,,,,,0,0,0,0,0.000000,0.000000,0.000000,0.000000,0.000000,0.000000,0.785398
65.000000,70.000000,-130.000000,-120.000000,0,0,1.000000,no_data,0,0.000000,,,,,,,,,,,,,,,,,,,,,,,0,0,0,0,0.000000,0.000000,0.000000,0.000000,0.000000,0.000000,0.785398
65.000000,70.000000,-120.000000,-110.000000,0,0,1.000000,no_data,0,0.000000,,,,,,,,,,,,,,,,,,,,,,,0,0,0,0,0.000000,0.000000,0.000000,0.000000,0.000000,0.000000,0.785398
65.000000,70.000000,-110.000000,-100.000000,0,0,1.000000,no_data,0,0.000000,,,,,,,,,,,,,,,,,,,,,,,0,0,0,0,0.000000,0.000000,0.000000,0.000000,0.000000,0.000000,0.785398
65.000000,70.000000,-100.000000,-90.000000,0,0,1.000000,no_data,0,0.000000,,,,,,,,,,,,,,,,,,,,,,,0,0,0,0,0.000000,0.000000,0.000000,0.000000,0.000000,0.000000,0.785398
65.000000,70.000000,-90.000000,-80.000000,0,0,1.000000,no_data,0,0.000000,,,,,,,,,,,,,,,,,,,,,,,0,0,0,0,0.000000,0.000000,0.000000,0.000000,0.000000,0.000000,0.785398
65.000000,70.000000,-80.000000,-70.000000,0,0,1.000000,no_data,0,0.000000,,,,,,,,,,,,,,,,,,,,,,,0,0,0,0,0.000000,0.000000,0.000000,0.000000,0.000000,0.000000,0.785398
65.000000,70.000000,-70.000000,-60.000000,0,0,1.000000,no_data,0,0.000000,,,,,,,,,,,,,,,,,,,,,,,0,0,0,0,0.000000,0.000000,0.000000,0.000000,0.000000,0.000000,0.785398
65.000000,70.000000,-60.000000,-50.000000,0,0,1.000000,no_data,0,0.000000,,,,,,,,,,,,,,,,,,,,,,,0,0,0,0,0.000000,0.000000,0.000000,0.000000,0.000000,0.000000,0.785398
65.000000,70.000000,-50.000000,-40.000000,0,0,1.000000,no_data,0,0.000000,,,,,,,,,,,,,,,,,,,,,,,0,0,0,0,0.000000,0.000000,0.000000,0.000000,0.000000,0.000000,0.785398
65.000000,70.000000,-40.000000,-30.000000,0,0,1.000000,no_data,0,0.000000,,,,,,,,,,,,,,,,,,,,,,,0,0,0,0,0.000000,0.000000,0.000000,0.000000,0.000000,0.000000,0.785398
65.000000,70.000000,-30.000000,-20.000000,0,0,1.000000,no_data,0,0.000000,,,,,,,,,,,,,,,,,,,,,,,0,0,0,0,0.000000,0.000000,0.000000,0.000000,0.000000,0.000000,0.785398
65.000000,70.000000,-20.000000,-10.000000,0,0,1.000000,no_data,0,0.000000,,,,,,,,,,,,,,,,,,,,,,,0,0,0,0,0.000000,0.000000,0.000000,0.000000,0.000000,0.000000,0.785398
65.000000,70.000000,-10.000000,0.000000,186,56,0.301075,measured,0,0.000000,0.890186,0.030541,,,0.017873,0.013145,0.003444,0.015834,0.015169,-0.008310,0.002500,0.038228,-0.010790,0.107278,0.161829,0.069255,0.096652,0.168425,0.044387,0.186482,0.143064,0.081108,0,0,0,0,0.000000,0.000000,0.000000,0.000000,0.000000,0.000000,0.785398
65.000000,70.000000,0.000000,10.000000,119,1,0.008403,measured,0,0.000000,0.898281,0.032627,,,0.018893,0.019869,0.006663,0.020083,0.018757,0.012243,-0.019891,0.023391,0.012701,0.095336,0.098482,0.064232,0.095247,0.098550,0.056332,0.132909,0.132814,0.079548,0,0,0,0,0.000000,0.000000,0.000000,0.000000,0.000000,0.000000,0.785398
65.000000,70.000000,10.000000,20.000000,76,3,0.039474,measured,0,0.000000,0.897480,0.041474,,,0.004581,0.044028,0.016264,0.015235,0.038874,0.007982,-0.063101,0.003955,-0.003350,0.112527,0.100165,0.069893,0.113313,0.100358,0.051713,0.154994,0.146558,0.094733,0,0,0,0,0.000000,0.000000,0.000000,0.000000,0.000000,0.000000,0.785398
65.000000,70.000000,20.000000,30.000000,0,0,1.000000,no_data,0,0.000000,,,,,,,,,,,,,,,,,,,,,,,0,0,0,0,0.000000,0.000000,0.000000,0.000000,0.000000,0.000000,0.785398
65.000000,70.000000,30.000000,40.000000,2,2,1.000000,no_data,0,0.000000,,,,,,,,,,,,,,,,,,,,,,,0,0,0,0,0.000000,0.000000,0.000000,0.000000,0.000000,0.000000,0.785398
65.000000,70.000000,40.000000,50.000000,0,0,1.000000,no_data,0,0.000000,,,,,,,,,,,,,,,,,,,,,,,0,0,0,0,0.000000,0.000000,0.000000,0.000000,0.000000,0.000000,0.785398
65.000000,70.000000,50.000000,60.000000,0,0,1.000000,no_data,0,0.000000,,,,,,,,,,,,,,,,,,,,,,,0,0,0,0,0.000000,0.000000,0.000000,0.000000,0.000000,0.000000,0.785398
65.000000,70.000000,60.000000,70.000000,0,0,1.000000,no_data,0,0.000000,,,,,,,,,,,,,,,,,,,,,,,0,0,0,0,0.000000,0.000000,0.000000,0.000000,0.000000,0.000000,0.785398
65.000000,70.000000,70.000000,80.000000,0,0,1.000000,no_data,0,0.000000,,,,,,,,,,,,,,,,,,,,,,,0,0,0,0,0.000000,0.000000,0.000000,0.000000,0.000000,0.000000,0.785398
65.000000,70.000000,80.000000,90.000000,0,0,1.000000,no_data,0,0.000000,,,,,,,,,,,,,,,,,,,,,,,0,0,0,0,0.000000,0.000000,0.000000,0.000000,0.000000,0.000000,0.785398
65.000000,70.000000,90.000000,100.000000,0,0,1.000000,no_data,0,0.000000,,,,,,,,,,,,,,,,,,,,,,,0,0,0,0,0.000000,0.000000,0.000000,0.000000,0.000000,0.000000,0.785398
65.000000,70.000000,100.000000,110.000000,0,0,1.000000,no_data,0,0.000000,,,,,,,,,,,,,,,,,,,,,,,0,0,0,0,0.000000,0.000000,0.000000,0.000000,0.000000,0.000000,0.785398
65.000000,70.000000,110.000000,120.000000,0,0,1.000000,no_data,0,0.000000,,,,,,,,,,,,,,,,,,,,,,,0,0,0,0,0.000000,0.000000,0.000000,0.000000,0.000000,0.000000,0.785398
65.000000,70.000000,120.000000,130.000000,0,0,1.000000,no_data,0,0.000000,,,,,,,,,,,,,,,,,,,,,,,0,0,0,0,0.000000,0.000000,0.000000,0.000000,0.000000,0.000000,0.785398
65.000000,70.000000,130.000000,140.000000,0,0,1.000000,no_data,0,0.000000,,,,,,,,,,,,,,,,,,,,,,,0,0,0,0,0.000000,0.000000,0.000000,0.000000,0.000000,0.000000,0.785398
65.000000,70.000000,140.000000,150.000000,0,0,1.000000,no_data,0,0.000000,,,,,,,,,,,,,,,,,,,,,,,0,0,0,0,0.000000,0.000000,0.000000,0.000000,0.000000,0.000000,0.785398
65.000000,70.000000,150.000000,160.000000,0,0,1.000000,no_data,0,0.000000,,,,,,,,,,,,,,,,,,,,,,,0,0,0,0,0.000000,0.000000,0.000000,0.000000,0.000000,0.000000,0.785398
65.000000,70.000000,160.000000,170.000000,0,0,1.000000,no_data,0,0.000000,,,,,,,,,,,,,,,,,,,,,,,0,0,0,0,0.000000,0.000000,0.000000,0.000000,0.000000,0.000000,0.785398
65.000000,70.000000,170.000000,180.000000,0,0,1.000000,no_data,0,0.000000,,,,,,,,,,,,,,,,,,,,,,,0,0,0,0,0.000000,0.000000,0.000000,0.000000,0.000000,0.000000,0.785398
70.000000,75.000000,-180.000000,-170.000000,0,0,1.000000,no_data,0,0.000000,,,,,,,,,,,,,,,,,,,,,,,0,0,0,0,0.000000,0.000000,0.000000,0.000000,0.000000,0.000000,0.785398
70.000000,75.000000,-170.000000,-160.000000,0,0,1.000000,no_data,0,0.000000,,,,,,,,,,,,,,,,,,,,,,,0,0,0,0,0.000000,0.000000,0.000000,0.000000,0.000000,0.000000,0.785398
70.000000,75.000000,-160.000000,-150.000000,0,0,1.000000,no_data,0,0.000000,,,,,,,,,,,,,,,,,,,,,,,0,0,0,0,0.000000,0.000000,0.000000,0.000000,0.000000,0.000000,0.785398
70.000000,75.000000,-150.000000,-140.000000,0,0,1.000000,no_data,0,0.000000,,,,,,,,,,,,,,,,,,,,,,,0,0,0,0,0.000000,0.000000,0.000000,0.000000,0.000000,0.000000,0.785398
70.000000,75.000000,-140.000000,-130.000000,0,0,1.000000,no_data,0,0.000000,,,,,,,,,,,,,,,,,,,,,,,0,0,0,0,0.000000,0.000000,0.000000,0.000000,0.000000,0.000000,0.785398
70.000000,75.000000,-130.000000,-120.000000,0,0,1.000000,no_data,0,0.000000,,,,,,,,,,,,,,,,,,,,,,,0,0,0,0,0.000000,0.000000,0.000000,0.000000,0.000000,0.000000,0.785398
70.000000,75.000000,-120.000000,-110.000000,0,0,1.000000,no_data,0,0.000000,,,,,,,,,,,,,,,,,,,,,,,0,0,0,0,0.000000,0.000000,0.000000,0.000000,0.000000,0.000000,0.785398
70.000000,75.000000,-110.000000,-100.000000,0,0,1.000000,no_data,0,0.000000,,,,,,,,,,,,,,,,,,,,,,,0,0,0,0,0.000000,0.000000,0.000000,0.000000,0.000000,0.000000,0.785398
70.000000,75.000000,-100.000000,-90.000000,0,0,1.000000,no_data,0,0.000000,,,,,,,,,,,,,,,,,,,,,,,0,0,0,0,0.000000,0.000000,0.000000,0.000000,0.000000,0.000000,0.785398
70.000000,75.000000,-90.000000,-80.000000,0,0,1.000000,no_data,0,0.000000,,,,,,,,,,,,,,,,,,,,,,,0,0,0,0,0.000000,0.000000,0.000000,0.000000,0.000000,0.000000,0.785398
70.000000,75.000000,-80.000000,-70.000000,0,0,1.000000,no_data,0,0.000000,,,,,,,,,,,,,,,,,,,,,,,0,0,0,0,0.000000,0.000000,0.000000,0.000000,0.000000,0.000000,0.785398
70.000000,75.000000,-70.000000,-60.000000,0,0,1.000000,no_data,0,0.000000,,,,,,,,,,,,,,,,,,,,,,,0,0,0,0,0.000000,0.000000,0.000000,0.000000,0.000000,0.000000,0.785398
70.000000,75.000000,-60.000000,-50.000000,0,0,1.000000,no_data,0,0.000000,,,,,,,,,,,,,,,,,,,,,,,0,0,0,0,0.000000,0.000000,0.000000,0.000000,0.000000,0.000000,0.785398
70.000000,75.000000,-50.000000,-40.000000,0,0,1.000000,no_data,0,0.000000,,,,,,,,,,,,,,,,,,,,,,,0,0,0,0,0.000000,0.000000,0.000000,0.000000,0.000000,0.000000,0.785398
70.000000,75.000000,-40.000000,-30.000000,0,0,1.000000,no_data,0,0.000000,,,,,,,,,,,,,,,,,,,,,,,0,0,0,0,0.000000,0.000000,0.000000,0.000000,0.000000,0.000000,0.785398
70.000000,75.000000,-30.000000,-20.000000,0,0,1.000000,no_data,0,0.000000,,,,,,,,,,,,,,,,,,,,,,,0,0,0,0,0.000000,0.000000,0.000000,0.000000,0.000000,0.000000,0.785398
70.000000,75.000000,-20.000000,-10.000000,1,1,1.000000,no_data,0,0.000000,,,,,,,,,,,,,,,,,,,,,,,0,0,0,0,0.000000,0.000000,0.000000,0.000000,0.000000,0.000000,0.785398
70.000000,75.000000,-10.000000,0.000000,166,18,0.108434,measured,1,0.000639,0.890680,0.031023,0.912150,0.000000,0.009268,-0.008565,0.000963,0.009333,-0.008228,-0.032541,0.012974,0.050287,0.003213,0.081730,0.105651,0.071287,0.080493,0.106618,0.261888,0.141706,0.152371,0.085925,1,0,0,0,2.020641,0.000000,4.352364,0.000000,1.572018,0.000000,0.000000
70.000000,75.000000,0.000000,10.000000,106,1,0.009434,measured,0,0.000000,0.894834,0.035004,,,0.029837,0.030464,-0.009984,0.031515,0.028265,0.007646,0.021319,0.047508,0.008995,0.118211,0.105137,0.067435,0.117510,0.106042,0.051571,0.127098,0.162670,0.084131,0,0,0,0,0.000000,0.000000,0.000000,0.000000,0.000000,0.000000,0.785398
70.000000,75.000000,10.000000,20.000000,914,7,0.007659,measured,3,0.001916,0.911454,0.034700,0.778444,0.111537,-0.023545,0.000115,0.030620,-0.023155,0.005443,-0.044737,-0.068632,-0.019927,-0.016428,0.128535,0.090452,0.110226,0.129776,0.088598,0.046300,0.158093,0.161575,0.137081,3,0,0,0,1.895211,0.012054,4.332333,0.059362,1.525116,0.013692,0.035172
70.000000,75.000000,20.000000,30.000000,0,0,1.000000,no_data,0,0.000000,,,,,,,,,,,,,,,,,,,,,,,0,0,0,0,0.000000,0.000000,0.000000,0.000000,0.000000,0.000000,0.785398
70.000000,75.000000,30.000000,40.000000,0,0,1.000000,no_data,0,0.000000,,,,,,,,,,,,,,,,,,,,,,,0,0,0,0,0.000000,0.000000,0.000000,0.000000,0.000000,0.000000,0.785398
70.000000,75.000000,40.000000,50.000000,0,0,1.000000,no_data,0,0.000000,,,,,,,,,,,,,,,,,,,,,,,0,0,0,0,0.000000,0.000000,0.000000,0.000000,0.000000,0.000000,0.785398
70.000000,75.000000,50.000000,60.000000,0,0,1.000000,no_data,0,0.000000,,,,,,,,,,,,,,,,,,,,,,,0,0,0,0,0.000000,0.000000,0.000000,0.000000,0.000000,0.000000,0.785398
70.000000,75.000000,60.000000,70.000000,0,0,1.000000,no_data,0,0.000000,,,,,,,,,,,,,,,,,,,,,,,0,0,0,0,0.000000,0.000000,0.000000,0.000000,0.000000,0.000000,0.785398
70.000000,75.000000,70.000000,80.000000,0,0,1.000000,no_data,0,0.000000,,,,,,,,,,,,,,,,,,,,,,,0,0,0,0,0.000000,0.000000,0.000000,0.000000,0.000000,0.000000,0.785398
70.000000,75.000000,80.000000,90.000000,0,0,1.000000,no_data,0,0.000000,,,,,,,,,,,,,,,,,,,,,,,0,0,0,0,0.000000,0.000000,0.000000,0.000000,0.000000,0.000000,0.785398
70.000000,75.000000,90.000000,100.000000,0,0,1.000000,no_data,0,0.000000,,,,,,,,,,,,,,,,,,,,,,,0,0,0,0,0.000000,0.000000,0.000000,0.000000,0.000000,0.000000,0.785398
70.000000,75.000000,100.000000,110.000000,0,0,1.000000,no_data,0,0.000000,,,,,,,,,,,,,,,,,,,,,,,0,0,0,0,0.000000,0.000000,0.000000,0.000000,0.000000,0.000000,0.785398
70.000000,75.000000,110.000000,120.000000,0,0,1.000000,no_data,0,0.000000,,,,,,,,,,,,,,,,,,,,,,,0,0,0,0,0.000000,0.000000,0.000000,0.000000,0.000000,0.000000,0.785398
70.000000,75.000000,120.000000,130.000000,0,0,1.000000,no_data,0,0.000000,,,,,,,,,,,,,,,,,,,,,,,0,0,0,0,0.000000,0.000000,0.000000,0.000000,0.000000,0.000000,0.785398
70.000000,75.000000,130.000000,140.000000,0,0,1.000000,no_data,0,0.000000,,,,,,,,,,,,,,,,,,,,,,,0,0,0,0,0.000000,0.000000,0.000000,0.000000,0.000000,0.000000,0.785398
70.000000,75.000000,140.000000,150.000000,0,0,1.000000,no_data,0,0.000000,,,,,,,,,,,,,,,,,,,,,,,0,0,0,0,0.000000,0.000000,0.000000,0.000000,0.000000,0.000000,0.785398
70.000000,75.000000,150.000000,160.000000,0,0,1.000000,no_data,0,0.000000,,,,,,,,,,,,,,,,,,,,,,,0,0,0,0,0.000000,0.000000,0.000000,0.000000,0.000000,0.000000,0.785398
70.000000,75.000000,160.000000,170.000000,0,0,1.000000,no_data,0,0.000000,,,,,,,,,,,,,,,,,,,,,,,0,0,0,0,0.000000,0.000000,0.000000,0.000000,0.000000,0.000000,0.785398
70.000000,75.000000,170.000000,180.000000,0,0,1.000000,no_data,0,0.000000,,,,,,,,,,,,,,,,,,,,,,,0,0,0,0,0.000000,0.000000,0.000000,0.000000,0.000000,0.000000,0.785398
75.000000,80.000000,-180.000000,-170.000000,0,0,1.000000,no_data,0,0.000000,,,,,,,,,,,,,,,,,,,,,,,0,0,0,0,0.000000,0.000000,0.000000,0.000000,0.000000,0.000000,0.785398
75.000000,80.000000,-170.000000,-160.000000,0,0,1.000000,no_data,0,0.000000,,,,,,,,,,,,,,,,,,,,,,,0,0,0,0,0.000000,0.000000,0.000000,0.000000,0.000000,0.000000,0.785398
75.000000,80.000000,-160.000000,-150.000000,0,0,1.000000,no_data,0,0.000000,,,,,,,,,,,,,,,,,,,,,,,0,0,0,0,0.000000,0.000000,0.000000,0.000000,0.000000,0.000000,0.785398
75.000000,80.000000,-150.000000,-140.000000,0,0,1.000000,no_data,0,0.000000,,,,,,,,,,,,,,,,,,,,,,,0,0,0,0,0.000000,0.000000,0.000000,0.000000,0.000000,0.000000,0.785398
75.000000,80.000000,-140.000000,-130.000000,0,0,1.000000,no_data,0,0.000000,,,,,,,,,,,,,,,,,,,,,,,0,0,0,0,0.000000,0.000000,0.000000,0.000000,0.000000,0.000000,0.785398
75.000000,80.000000,-130.000000,-120.000000,0,0,1.000000,no_data,0,0.000000,,,,,,,,,,,,,,,,,,,,,,,0,0,0,0,0.000000,0.000000,0.000000,0.000000,0.000000,0.000000,0.785398
75.000000,80.000000,-120.000000,-110.000000,0,0,1.000000,no_data,0,0.000000,,,,,,,,,,,,,,,,,,,,,,,0,0,0,0,0.000000,0.000000,0.000000,0.000000,0.000000,0.000000,0.785398
75.000000,80.000000,-110.000000,-100.000000,0,0,1.000000,no_data,0,0.000000,,,,,,,,,,,,,,,,,,,,,,,0,0,0,0,0.000000,0.000000,0.000000,0.000000,0.000000,0.000000,0.785398
75.000000,80.000000,-100.000000,-90.000000,0,0,1.000000,no_data,0,0.000000,,,,,,,,,,,,,,,,,,,,,,,0,0,0,0,0.000000,0.000000,0.000000,0.000000,0.000000,0.000000,0.785398
75.000000,80.000000,-90.000000,-80.000000,0,0,1.000000,no_data,0,0.000000,,,,,,,,,,,,,,,,,,,,,,,0,0,0,0,0.000000,0.000000,0.000000,0.000000,0.000000,0.000000,0.785398
75.000000,80.000000,-80.000000,-70.000000,0,0,1.000000,no_data,0,0.000000,,,,,,,,,,,,,,,,,,,,,,,0,0,0,0,0.000000,0.000000,0.000000,0.000000,0.000000,0.000000,0.785398
75.000000,80.000000,-70.000000,-60.000000,0,0,1.000000,no_data,0,0.000000,,,,,,,,,,,,,,,,,,,,,,,0,0,0,0,0.000000,0.000000,0.000000,0.000000,0.000000,0.000000,0.785398
75.000000,80.000000,-60.000000,-50.000000,0,0,1.000000,no_data,0,0.000000,,,,,,,,,,,,,,,,,,,,,,,0,0,0,0,0.000000,0.000000,0.000000,0.000000,0.000000,0.000000,0.785398
75.000000,80.000000,-50.000000,-40.000000,0,0,1.000000,no_data,0,0.000000,,,,,,,,,,,,,,,,,,,,,,,0,0,0,0,0.000000,0.000000,0.000000,0.000000,0.000000,0.000000,0.785398
75.000000,80.000000,-40.000000,-30.000000,0,0,1.000000,no_data,0,0.000000,,,,,,,,,,,,,,,,,,,,,,,0,0,0,0,0.000000,0.000000,0.000000,0.000000,0.000000,0.000000,0.785398
75.000000,80.000000,-30.000000,-20.000000,0,0,1.000000,no_data,0,0.000000,,,,,,,,,,,,,,,,,,,,,,,0,0,0,0,0.000000,0.000000,0.000000,0.000000,0.000000,0.000000,0.785398
75.000000,80.000000,-20.000000,-10.000000,0,0,1.000000,no_data,0,0.000000,,,,,,,,,,,,,,,,,,,,,,,0,0,0,0,0.000000,0.000000,0.000000,0.000000,0.000000,0.000000,0.785398
75.000000,80.000000,-10.000000,0.000000,165,21,0.127273,measured,1,0.000639,0.882313,0.038281,0.847450,0.000000,0.032401,-0.003629,-0.000700,0.032676,-0.002385,0.003958,0.017380,0.086198,0.003427,0.086319,0.100614,0.083509,0.086946,0.100020,0.063405,0.155089,0.121463,0.088388,1,0,0,0,1.918277,0.000000,4.297691,0.000000,1.513823,0.000000,0.000000
75.000000,80.000000,0.000000,10.000000,100,3,0.030000,measured,0,0.000000,0.887303,0.030040,,,0.033055,0.006008,0.005783,0.032958,0.004085,0.007665,-0.034232,0.062535,-0.001693,0.082312,0.138295,0.083495,0.082391,0.138342,0.061031,0.156887,0.126878,0.141743,0,0,0,0,0.000000,0.000000,0.000000,0.000000,0.000000,0.000000,0.785398
75.000000,80.000000,10.000000,20.000000,949,87,0.091675,measured,3,0.001916,0.926217,0.042365,0.756092,0.035242,-0.024600,0.012228,-0.000933,-0.020786,0.017767,-0.044002,0.016639,0.033389,0.007520,0.087630,0.085242,0.075338,0.087471,0.085445,0.043486,0.119596,0.122431,0.091049,3,0,0,0,1.852625,0.019136,4.276528,0.025974,1.519624,0.007687,0.022188
75.000000,80.000000,20.000000,30.000000,0,0,1.000000,no_data,0,0.000000,,,,,,,,,,,,,,,,,,,,,,,0,0,0,0,0.000000,0.000000,0.000000,0.000000,0.000000,0.000000,0.785398
75.000000,80.000000,30.000000,40.000000,0,0,1.000000,no_data,0,0.000000,,,,,,,,,,,,,,,,,,,,,,,0,0,0,0,0.000000,0.000000,0.000000,0.000000,0.000000,0.000000,0.785398
75.000000,80.000000,40.000000,50.000000,0,0,1.000000,no_data,0,0.000000,,,,,,,,,,,,,,,,,,,,,,,0,0,0,0,0.000000,0.000000,0.000000,0.000000,0.000000,0.000000,0.785398
75.000000,80.000000,50.000000,60.000000,0,0,1.000000,no_data,0,0.000000,,,,,,,,,,,,,,,,,,,,,,,0,0,0,0,0.000000,0.000000,0.000000,0.000000,0.000000,0.000000,0.785398
75.000000,80.000000,60.000000,70.000000,0,0,1.000000,no_data,0,0.000000,,,,,,,,,,,,,,,,,,,,,,,0,0,0,0,0.000000,0.000000,0.000000,0.000000,0.000000,0.000000,0.785398
75.000000,80.000000,70.000000,80.000000,0,0,1.000000,no_data,0,0.000000,,,,,,,,,,,,,,,,,,,,,,,0,0,0,0,0.000000,0.000000,0.000000,0.000000,0.000000,0.000000,0.785398
75.000000,80.000000,80.000000,90.000000,0,0,1.000000,no_data,0,0.000000,,,,,,,,,,,,,,,,,,,,,,,0,0,0,0,0.000000,0.000000,0.000000,0.000000,0.000000,0.000000,0.785398
75.000000,80.000000,90.000000,100.000000,0,0,1.000000,no_data,0,0.000000,,,,,,,,,,,,,,,,,,,,,,,0,0,0,0,0.000000,0.000000,0.000000,0.000000,0.000000,0.000000,0.785398
75.000000,80.000000,100.000000,110.000000,0,0,1.000000,no_data,0,0.000000,,,,,,,,,,,,,,,,,,,,,,,0,0,0,0,0.000000,0.000000,0.000000,0.000000,0.000000,0.000000,0.785398
75.000000,80.000000,110.000000,120.000000,0,0,1.000000,no_data,0,0.000000,,,,,,,,,,,,,,,,,,,,,,,0,0,0,0,0.000000,0.000000,0.000000,0.000000,0.000000,0.000000,0.785398
75.000000,80.000000,120.000000,130.000000,0,0,1.000000,no_data,0,0.000000,,,,,,,,,,,,,,,,,,,,,,,0,0,0,0,0.000000,0.000000,0.000000,0.000000,0.000000,0.000000,0.785398
75.000000,80.000000,130.000000,140.000000,0,0,1.000000,no_data,0,0.000000,,,,,,,,,,,,,,,,,,,,,,,0,0,0,0,0.000000,0.000000,0.000000,0.000000,0.000000,0.000000,0.785398
75.000000,80.000000,140.000000,150.000000,0,0,1.000000,no_data,0,0.000000,,,,,,,,,,,,,,,,,,,,,,,0,0,0,0,0.000000,0.000000,0.000000,0.000000,0.000000,0.000000,0.785398
75.000000,80.000000,150.000000,160.000000,0,0,1.000000,no_data,0,0.000000,,,,,,,,,,,,,,,,,,,,,,,0,0,0,0,0.000000,0.000000,0.000000,0.000000,0.000000,0.000000,0.785398
75.000000,80.000000,160.000000,170.000000,0,0,1.000000,no_data,0,0.000000,,,,,,,,,,,,,,,,,,,,,,,0,0,0,0,0.000000,0.000000,0.000000,0.000000,0.000000,0.000000,0.785398
75.000000,80.000000,170.000000,180.000000,0,0,1.000000,no_data,0,0.000000,,,,,,,,,,,,,,,,,,,,,,,0,0,0,0,0.000000,0.000000,0.000000,0.000000,0.000000,0.000000,0.785398
80.000000,85.000000,-180.000000,-170.000000,0,0,1.000000,no_data,0,0.000000,,,,,,,,,,,,,,,,,,,,,,,0,0,0,0,0.000000,0.000000,0.000000,0.000000,0.000000,0.000000,0.785398
80.000000,85.000000,-170.000000,-160.000000,0,0,1.000000,no_data,0,0.000000,,,,,,,,,,,,,,,,,,,,,,,0,0,0,0,0.000000,0.000000,0.000000,0.000000,0.000000,0.000000,0.785398
80.000000,85.000000,-160.000000,-150.000000,0,0,1.000000,no_data,0,0.000000,,,,,,,,,,,,,,,,,,,,,,,0,0,0,0,0.000000,0.000000,0.000000,0.000000,0.000000,0.000000,0.785398
80.000000,85.000000,-150.000000,-140.000000,0,0,1.000000,no_data,0,0.000000,,,,,,,,,,,,,,,,,,,,,,,0,0,0,0,0.000000,0.000000,0.000000,0.000000,0.000000,0.000000,0.785398
80.000000,85.000000,-140.000000,-130.000000,0,0,1.000000,no_data,0,0.000000,,,,,,,,,,,,,,,,,,,,,,,0,0,0,0,0.000000,0.000000,0.000000,0.000000,0.000000,0.000000,0.785398
80.000000,85.000000,-130.000000,-120.000000,0,0,1.000000,no_data,0,0.000000,,,,,,,,,,,,,,,,,,,,,,,0,0,0,0,0.000000,0.000000,0.000000,0.000000,0.000000,0.000000,0.785398
80.000000,85.000000,-120.000000,-110.000000,0,0,1.000000,no_data,0,0.000000,,,,,,,,,,,,,,,,,,,,,,,0,0,0,0,0.000000,0.000000,0.000000,0.000000,0.000000,0.000000,0.785398
80.000000,85.000000,-110.000000,-100.000000,0,0,1.000000,no_data,0,0.000000,,,,,,,,,,,,,,,,,,,,,,,0,0,0,0,0.000000,0.000000,0.000000,0.000000,0.000000,0.000000,0.785398
80.000000,85.000000,-100.000000,-90.000000,0,0,1.000000,no_data,0,0.000000,,,,,,,,,,,,,,,,,,,,,,,0,0,0,0,0.000000,0.000000,0.000000,0.000000,0.000000,0.000000,0.785398
80.000000,85.000000,-90.000000,-80.000000,0,0,1.000000,no_data,0,0.000000,,,,,,,,,,,,,,,,,,,,,,,0,0,0,0,0.000000,0.000000,0.000000,0.000000,0.000000,0.000000,0.785398
80.000000,85.000000,-80.000000,-70.000000,0,0,1.000000,no_data,0,0.000000,,,,,,,,,,,,,,,,,,,,,,,0,0,0,0,0.000000,0.000000,0.000000,0.000000,0.000000,0.000000,0.785398
80.000000,85.000000,-70.000000,-60.000000,0,0,1.000000,no_data,0,0.000000,,,,,,,,,,,,,,,,,,,,,,,0,0,0,0,0.000000,0.000000,0.000000,0.000000,0.000000,0.000000,0.785398
80.000000,85.000000,-60.000000,-50.000000,0,0,1.000000,no_data,0,0.000000,,,,,,,,,,,,,,,,,,,,,,,0,0,0,0,0.000000,0.000000,0.000000,0.000000,0.000000,0.000000,0.785398
80.000000,85.000000,-50.000000,-40.000000,0,0,1.000000,no_data,0,0.000000,,,,,,,,,,,,,,,,,,,,,,,0,0,0,0,0.000000,0.000000,0.000000,0.000000,0.000000,0.000000,0.785398
80.000000,85.000000,-40.000000,-30.000000,0,0,1.000000,no_data,0,0.000000,,,,,,,,,,,,,,,,,,,,,,,0,0,0,0,0.000000,0.000000,0.000000,0.000000,0.000000,0.000000,0.785398
80.000000,85.000000,-30.000000,-20.000000,0,0,1.000000,no_data,0,0.000000,,,,,,,,,,,,,,,,,,,,,,,0,0,0,0,0.000000,0.000000,0.000000,0.000000,0.000000,0.000000,0.785398
80.000000,85.000000,-20.000000,-10.000000,0,0,1.000000,no_data,0,0.000000,,,,,,,,,,,,,,,,,,,,,,,0,0,0,0,0.000000,0.000000,0.000000,0.000000,0.000000,0.000000,0.785398
80.000000,85.000000,-10.000000,0.000000,138,25,0.181159,measured,0,0.000000,0.879053,0.032078,,,0.026245,-0.009723,0.019965,0.027166,-0.008531,0.004698,-0.003231,0.084651,0.000132,0.060993,0.121091,0.078616,0.062145,0.120390,0.064845,0.155639,0.112627,0.120266,0,0,0,0,0.000000,0.000000,0.000000,0.000000,0.000000,0.000000,0.785398
80.000000,85.000000,0.000000,10.000000,112,13,0.116071,measured,0,0.000000,0.876447,0.037893,,,0.013420,0.008909,-0.016030,0.013633,0.008260,0.007489,0.003095,0.067159,-0.010331,0.067069,0.100639,0.108808,0.067277,0.100526,0.050166,0.146632,0.099927,0.151488,0,0,0,0,0.000000,0.000000,0.000000,0.000000,0.000000,0.000000,0.785398
80.000000,85.000000,10.000000,20.000000,1106,450,0.406872,measured,0,0.000000,0.860887,0.040236,,,0.010659,0.018643,-0.002621,0.013684,0.015775,-0.081133,-0.060922,0.006876,0.023752,0.115708,0.155143,0.083765,0.121450,0.150773,0.062176,0.168292,0.160624,0.108981,0,0,0,0,0.000000,0.000000,0.000000,0.000000,0.000000,0.000000,0.785398
80.000000,85.000000,20.000000,30.000000,0,0,1.000000,no_data,0,0.000000,,,,,,,,,,,,,,,,,,,,,,,0,0,0,0,0.000000,0.000000,0.000000,0.000000,0.000000,0.000000,0.785398
80.000000,85.000000,30.000000,40.000000,0,0,1.000000,no_data,0,0.000000,,,,,,,,,,,,,,,,,,,,,,,0,0,0,0,0.000000,0.000000,0.000000,0.000000,0.000000,0.000000,0.785398
80.000000,85.000000,40.000000,50.000000,0,0,1.000000,no_data,0,0.000000,,,,,,,,,,,,,,,,,,,,,,,0,0,0,0,0.000000,0.000000,0.000000,0.000000,0.000000,0.000000,0.785398
80.000000,85.000000,50.000000,60.000000,0,0,1.000000,no_data,0,0.000000,,,,,,,,,,,,,,,,,,,,,,,0,0,0,0,0.000000,0.000000,0.000000,0.000000,0.000000,0.000000,0.785398
80.000000,85.000000,60.000000,70.000000,0,0,1.000000,no_data,0,0.000000,,,,,,,,,,,,,,,,,,,,,,,0,0,0,0,0.000000,0.000000,0.000000,0.000000,0.000000,0.000000,0.785398
80.000000,85.000000,70.000000,80.000000,0,0,1.000000,no_data,0,0.000000,,,,,,,,,,,,,,,,,,,,,,,0,0,0,0,0.000000,0.000000,0.000000,0.000000,0.000000,0.000000,0.785398
80.000000,85.000000,80.000000,90.000000,0,0,1.000000,no_data,0,0.000000,,,,,,,,,,,,,,,,,,,,,,,0,0,0,0,0.000000,0.000000,0.000000,0.000000,0.000000,0.000000,0.785398
80.000000,85.000000,90.000000,100.000000,0,0,1.000000,no_data,0,0.000000,,,,,,,,,,,,,,,,,,,,,,,0,0,0,0,0.000000,0.000000,0.000000,0.000000,0.000000,0.000000,0.785398
80.000000,85.000000,100.000000,110.000000,0,0,1.000000,no_data,0,0.000000,,,,,,,,,,,,,,,,,,,,,,,0,0,0,0,0.000000,0.000000,0.000000,0.000000,0.000000,0.000000,0.785398
80.000000,85.000000,110.000000,120.000000,0,0,1.000000,no_data,0,0.000000,,,,,,,,,,,,,,,,,,,,,,,0,0,0,0,0.000000,0.000000,0.000000,0.000000,0.000000,0.000000,0.785398
80.000000,85.000000,120.000000,130.000000,0,0,1.000000,no_data,0,0.000000,,,,,,,,,,,,,,,,,,,,,,,0,0,0,0,0.000000,0.000000,0.000000,0.000000,0.000000,0.000000,0.785398
80.000000,85.000000,130.000000,140.000000,0,0,1.000000,no_data,0,0.000000,,,,,,,,,,,,,,,,,,,,,,,0,0,0,0,0.000000,0.000000,0.000000,0.000000,0.000000,0.000000,0.785398
80.000000,85.000000,140.000000,150.000000,0,0,1.000000,no_data,0,0.000000,,,,,,,,,,,,,,,,,,,,,,,0,0,0,0,0.000000,0.000000,0.000000,0.000000,0.000000,0.000000,0.785398
80.000000,85.000000,150.000000,160.000000,0,0,1.000000,no_data,0,0.000000,,,,,,,,,,,,,,,,,,,,,,,0,0,0,0,0.000000,0.000000,0.000000,0.000000,0.000000,0.000000,0.785398
80.000000,85.000000,160.000000,170.000000,0,0,1.000000,no_data,0,0.000000,,,,,,,,,,,,,,,,,,,,,,,0,0,0,0,0.000000,0.000000,0.000000,0.000000,0.000000,0.000000,0.785398
80.000000,85.000000,170.000000,180.000000,0,0,1.000000,no_data,0,0.000000,,,,,,,,,,,,,,,,,,,,,,,0,0,0,0,0.000000,0.000000,0.000000,0.000000,0.000000,0.000000,0.785398
85.000000,90.000000,-180.000000,-170.000000,0,0,1.000000,no_data,0,0.000000,,,,,,,,,,,,,,,,,,,,,,,0,0,0,0,0.000000,0.000000,0.000000,0.000000,0.000000,0.000000,0.785398
85.000000,90.000000,-170.000000,-160.000000,0,0,1.000000,no_data,0,0.000000,,,,,,,,,,,,,,,,,,,,,,,0,0,0,0,0.000000,0.000000,0.000000,0.000000,0.000000,0.000000,0.785398
85.000000,90.000000,-160.000000,-150.000000,0,0,1.000000,no_data,0,0.000000,,,,,,,,,,,,,,,,,,,,,,,0,0,0,0,0.000000,0.000000,0.000000,0.000000,0.000000,0.000000,0.785398
85.000000,90.000000,-150.000000,-140.000000,0,0,1.000000,no_data,0,0.000000,,,,,,,,,,,,,,,,,,,,,,,0,0,0,0,0.000000,0.000000,0.000000,0.000000,0.000000,0.000000,0.785398
85.000000,90.000000,-140.000000,-130.000000,0,0,1.000000,no_data,0,0.000000,,,,,,,,,,,,,,,,,,,,,,,0,0,0,0,0.000000,0.000000,0.000000,0.000000,0.000000,0.000000,0.785398
85.000000,90.000000,-130.000000,-120.000000,0,0,1.000000,no_data,0,0.000000,,,,,,,,,,,,,,,,,,,,,,,0,0,0,0,0.000000,0.000000,0.000000,0.000000,0.000000,0.000000,0.785398
85.000000,90.000000,-120.000000,-110.000000,0,0,1.000000,no_data,0,0.000000,,,,,,,,,,,,,,,,,,,,,,,0,0,0,0,0.000000,0.000000,0.000000,0.000000,0.000000,0.000000,0.785398
85.000000,90.000000,-110.000000,-100.000000,0,0,1.000000,no_data,0,0.000000,,,,,,,,,,,,,,,,,,,,,,,0,0,0,0,0.000000,0.000000,0.000000,0.000000,0.000000,0.000000,0.785398
85.000000,90.000000,-100.000000,-90.000000,0,0,1.000000,no_data,0,0.000000,,,,,,,,,,,,,,,,,,,,,,,0,0,0,0,0.000000,0.000000,0.000000,0.000000,0.000000,0.000000,0.785398
85.000000,90.000000,-90.000000,-80.000000,0,0,1.000000,no_data,0,0.000000,,,,,,,,,,,,,,,,,,,,,,,0,0,0,0,0.000000,0.000000,0.000000,0.000000,0.000000,0.000000,0.785398
85.000000,90.000000,-80.000000,-70.000000,0,0,1.000000,no_data,0,0.000000,,,,,,,,,,,,,,,,,,,,,,,0,0,0,0,0.000000,0.000000,0.000000,0.000000,0.000000,0.000000,0.785398
85.000000,90.000000,-70.000000,-60.000000,0,0,1.000000,no_data,0,0.000000,,,,,,,,,,,,,,,,,,,,,,,0,0,0,0,0.000000,0.000000,0.000000,0.000000,0.000000,0.000000,0.785398
85.000000,90.000000,-60.000000,-50.000000,0,0,1.000000,no_data,0,0.000000,,,,,,,,,,,,,,,,,,,,,,,0,0,0,0,0.000000,0.000000,0.000000,0.000000,0.000000,0.000000,0.785398
85.000000,90.000000,-50.000000,-40.000000,0,0,1.000000,no_data,0,0.000000,,,,,,,,,,,,,,,,,,,,,,,0,0,0,0,0.000000,0.000000,0.000000,0.000000,0.000000,0.000000,0.785398
85.000000,90.000000,-40.000000,-30.000000,0,0,1.000000,no_data,0,0.000000,,,,,,,,,,,,,,,,,,,,,,,0,0,0,0,0.000000,0.000000,0.000000,0.000000,0.000000,0.000000,0.785398
85.000000,90.000000,-30.000000,-20.000000,0,0,1.000000,no_data,0,0.000000,,,,,,,,,,,,,,,,,,,,,,,0,0,0,0,0.000000,0.000000,0.000000,0.000000,0.000000,0.000000,0.785398
85.000000,90.000000,-20.000000,-10.000000,0,0,1.000000,no_data,0,0.000000,,,,,,,,,,,,,,,,,,,,,,,0,0,0,0,0.000000,0.000000,0.000000,0.000000,0.000000,0.000000,0.785398
85.000000,90.000000,-10.000000,0.000000,122,22,0.180328,measured,0,0.000000,0.871159,0.031576,,,0.010677,0.013797,0.016557,0.010391,0.014204,0.009615,0.017801,0.078080,-0.006566,0.073446,0.096619,0.092336,0.073178,0.096794,0.050448,0.155369,0.123856,0.102695,0,0,0,0,0.000000,0.000000,0.000000,0.000000,0.000000,0.000000,0.785398
85.000000,90.000000,0.000000,10.000000,341,238,0.697947,measured,0,0.000000,0.853838,0.041153,,,0.003545,0.037223,0.009294,0.004560,0.036308,0.017121,-0.013605,0.053360,-0.002984,0.178603,0.124525,0.084916,0.176522,0.127690,0.053583,0.162465,0.225791,0.114789,0,0,0,0,0.000000,0.000000,0.000000,0.000000,0.000000,0.000000,0.785398
85.000000,90.000000,10.000000,20.000000,427,242,0.566745,measured,0,0.000000,0.846811,0.044171,,,-0.010098,-0.028908,-0.028116,-0.016805,-0.025673,-0.043061,-0.087564,-0.019139,-0.057425,0.106347,0.128942,0.234498,0.110886,0.125045,0.081034,0.164837,0.169439,0.145432,0,0,0,0,0.000000,0.000000,0.000000,0.000000,0.000000,0.000000,0.785398
85.000000,90.000000,20.000000,30.000000,0,0,1.000000,no_data,0,0.000000,,,,,,,,,,,,,,,,,,,,,,,0,0,0,0,0.000000,0.000000,0.000000,0.000000,0.000000,0.000000,0.785398
85.000000,90.000000,30.000000,40.000000,0,0,1.000000,no_data,0,0.000000,,,,,,,,,,,,,,,,,,,,,,,0,0,0,0,0.000000,0.000000,0.000000,0.000000,0.000000,0.000000,0.785398
85.000000,90.000000,40.000000,50.000000,0,0,1.000000,no_data,0,0.000000,,,,,,,,,,,,,,,,,,,,,,,0,0,0,0,0.000000,0.000000,0.000000,0.000000,0.000000,0.000000,0.785398
85.000000,90.000000,50.000000,60.000000,0,0,1.000000,no_data,0,0.000000,,,,,,,,,,,,,,,,,,,,,,,0,0,0,0,0.000000,0.000000,0.000000,0.000000,0.000000,0.000000,0.785398
85.000000,90.000000,60.000000,70.000000,0,0,1.000000,no_data,0,0.000000,,,,,,,,,,,,,,,,,,,,,,,0,0,0,0,0.000000,0.000000,0.000000,0.000000,0.000000,0.000000,0.785398
85.000000,90.000000,70.000000,80.000000,0,0,1.000000,no_data,0,0.000000,,,,,,,,,,,,,,,,,,,,,,,0,0,0,0,0.000000,0.000000,0.000000,0.000000,0.000000,0.000000,0.785398
85.000000,90.000000,80.000000,90.000000,0,0,1.000000,no_data,0,0.000000,,,,,,,,,,,,,,,,,,,,,,,0,0,0,0,0.000000,0.000000,0.000000,0.000000,0.000000,0.000000,0.785398
85.000000,90.000000,90.000000,100.000000,0,0,1.000000,no_data,0,0.000000,,,,,,,,,,,,,,,,,,,,,,,0,0,0,0,0.000000,0.000000,0.000000,0.000000,0.000000,0.000000,0.785398
85.000000,90.000000,100.000000,110.000000,0,0,1.000000,no_data,0,0.000000,,,,,,,,,,,,,,,,,,,,,,,0,0,0,0,0.000000,0.000000,0.000000,0.000000,0.000000,0.000000,0.785398
85.000000,90.000000,110.000000,120.000000,0,0,1.000000,no_data,0,0.000000,,,,,,,,,,,,,,,,,,,,,,,0,0,0,0,0.000000,0.000000,0.000000,0.000000,0.000000,0.000000,0.785398
85.000000,90.000000,120.000000,130.000000,0,0,1.000000,no_data,0,0.000000,,,,,,,,,,,,,,,,,,,,,,,0,0,0,0,0.000000,0.000000,0.000000,0.000000,0.000000,0.000000,0.785398
85.000000,90.000000,130.000000,140.000000,0,0,1.000000,no_data,0,0.000000,,,,,,,,,,,,,,,,,,,,,,,0,0,0,0,0.000000,0.000000,0.000000,0.000000,0.000000,0.000000,0.785398
85.000000,90.000000,140.000000,150.000000,0,0,1.000000,no_data,0,0.000000,,,,,,,,,,,,,,,,,,,,,,,0,0,0,0,0.000000,0.000000,0.000000,0.000000,0.000000,0.000000,0.785398
85.000000,90.000000,150.000000,160.000000,0,0,1.000000,no_data,0,0.000000,,,,,,,,,,,,,,,,,,,,,,,0,0,0,0,0.000000,0.000000,0.000000,0.000000,0.000000,0.000000,0.785398
85.000000,90.000000,160.000000,170.000000,0,0,1.000000,no_data,0,0.000000,,,,,,,,,,,,,,,,,,,,,,,0,0,0,0,0.000000,0.000000,0.000000,0.000000,0.000000,0.000000,0.785398
85.000000,90.000000,170.000000,180.000000,0,0,1.000000,no_data,0,0.000000,,,,,,,,,,,,,,,,,,,,,,,0,0,0,0,0.000000,0.000000,0.000000,0.000000,0.000000,0.000000,0.785398
90.000000,95.000000,-180.000000,-170.000000,0,0,1.000000,no_data,0,0.000000,,,,,,,,,,,,,,,,,,,,,,,0,0,0,0,0.000000,0.000000,0.000000,0.000000,0.000000,0.000000,0.785398
90.000000,95.000000,-170.000000,-160.000000,0,0,1.000000,no_data,0,0.000000,,,,,,,,,,,,,,,,,,,,,,,0,0,0,0,0.000000,0.000000,0.000000,0.000000,0.000000,0.000000,0.785398
90.000000,95.000000,-160.000000,-150.000000,0,0,1.000000,no_data,0,0.000000,,,,,,,,,,,,,,,,,,,,,,,0,0,0,0,0.000000,0.000000,0.000000,0.000000,0.000000,0.000000,0.785398
90.000000,95.000000,-150.000000,-140.000000,0,0,1.000000,no_data,0,0.000000,,,,,,,,,,,,,,,,,,,,,,,0,0,0,0,0.000000,0.000000,0.000000,0.000000,0.000000,0.000000,0.785398
90.000000,95.000000,-140.000000,-130.000000,0,0,1.000000,no_data,0,0.000000,,,,,,,,,,,,,,,,,,,,,,,0,0,0,0,0.000000,0.000000,0.000000,0.000000,0.000000,0.000000,0.785398
90.000000,95.000000,-130.000000,-120.000000,0,0,1.000000,no_data,0,0.000000,,,,,,,,,,,,,,,,,,,,,,,0,0,0,0,0.000000,0.000000,0.000000,0.000000,0.000000,0.000000,0.785398
90.000000,95.000000,-120.000000,-110.000000,0,0,1.000000,no_data,0,0.000000,,,,,,,,,,,,,,,,,,,,,,,0,0,0,0,0.000000,0.000000,0.000000,0.000000,0.000000,0.000000,0.785398
90.000000,95.000000,-110.000000,-100.000000,0,0,1.000000,no_data,0,0.000000,,,,,,,,,,,,,,,,,,,,,,,0,0,0,0,0.000000,0.000000,0.000000,0.000000,0.000000,0.000000,0.785398
90.000000,95.000000,-100.000000,-90.000000,0,0,1.000000,no_data,0,0.000000,,,,,,,,,,,,,,,,,,,,,,,0,0,0,0,0.000000,0.000000,0.000000,0.000000,0.000000,0.000000,0.785398
90.000000,95.000000,-90.000000,-80.000000,0,0,1.000000,no_data,0,0.000000,,,,,,,,,,,,,,,,,,,,,,,0,0,0,0,0.000000,0.000000,0.000000,0.000000,0.000000,0.000000,0.785398
90.000000,95.000000,-80.000000,-70.000000,0,0,1.000000,no_data,0,0.000000,,,,,,,,,,,,,,,,,,,,,,,0,0,0,0,0.000000,0.000000,0.000000,0.000000,0.000000,0.000000,0.785398
90.000000,95.000000,-70.000000,-60.000000,0,0,1.000000,no_data,0,0.000000,,,,,,,,,,,,,,,,,,,,,,,0,0,0,0,0.000000,0.000000,0.000000,0.000000,0.000000,0.000000,0.785398
90.000000,95.000000,-60.000000,-50.000000,0,0,1.000000,no_data,0,0.000000,,,,,,,,,,,,,,,,,,,,,,,0,0,0,0,0.000000,0.000000,0.000000,0.000000,0.000000,0.000000,0.785398
90.000000,95.000000,-50.000000,-40.000000,0,0,1.000000,no_data,0,0.000000,,,,,,,,,,,,,,,,,,,,,,,0,0,0,0,0.000000,0.000000,0.000000,0.000000,0.000000,0.000000,0.785398
90.000000,95.000000,-40.000000,-30.000000,0,0,1.000000,no_data,0,0.000000,,,,,,,,,,,,,,,,,,,,,,,0,0,0,0,0.000000,0.000000,0.000000,0.000000,0.000000,0.000000,0.785398
90.000000,95.000000,-30.000000,-20.000000,0,0,1.000000,no_data,0,0.000000,,,,,,,,,,,,,,,,,,,,,,,0,0,0,0,0.000000,0.000000,0.000000,0.000000,0.000000,0.000000,0.785398
90.000000,95.000000,-20.000000,-10.000000,0,0,1.000000,no_data,0,0.000000,,,,,,,,,,,,,,,,,,,,,,,0,0,0,0,0.000000,0.000000,0.000000,0.000000,0.000000,0.000000,0.785398
90.000000,95.000000,-10.000000,0.000000,110,73,0.663636,measured,0,0.000000,0.867168,0.036921,,,0.015795,0.034920,-0.002674,0.015780,0.035287,0.012353,-0.001996,0.096470,0.001614,0.098106,0.158516,0.089440,0.098970,0.157898,0.079472,0.141729,0.139521,0.116667,0,0,0,0,0.000000,0.000000,0.000000,0.000000,0.000000,0.000000,0.785398
90.000000,95.000000,0.000000,10.000000,274,191,0.697080,measured,0,0.000000,0.837253,0.041130,,,0.030103,0.047786,0.018468,0.033576,0.041160,-0.010722,0.007165,0.057032,-0.022514,0.100220,0.118543,0.137441,0.102437,0.118201,0.066292,0.131079,0.151270,0.175606,0,0,0,0,0.000000,0.000000,0.000000,0.000000,0.000000,0.000000,0.785398
90.000000,95.000000,10.000000,20.000000,443,383,0.864560,measured,0,0.000000,0.832556,0.054587,,,-0.014751,-0.032529,0.028573,-0.020405,-0.028507,-0.050326,-0.083002,0.026102,0.018189,0.093290,0.130162,0.146975,0.098056,0.126795,0.088717,0.152946,0.157094,0.128980,0,0,0,0,0.000000,0.000000,0.000000,0.000000,0.000000,0.000000,0.785398
90.000000,95.000000,20.000000,30.000000,0,0,1.000000,no_data,0,0.000000,,,,,,,,,,,,,,,,,,,,,,,0,0,0,0,0.000000,0.000000,0.000000,0.000000,0.000000,0.000000,0.785398
90.000000,95.000000,30.000000,40.000000,0,0,1.000000,no_data,0,0.000000,,,,,,,,,,,,,,,,,,,,,,,0,0,0,0,0.000000,0.000000,0.000000,0.000000,0.000000,0.000000,0.785398
90.000000,95.000000,40.000000,50.000000,0,0,1.000000,no_data,0,0.000000,,,,,,,,,,,,,,,,,,,,,,,0,0,0,0,0.000000,0.000000,0.000000,0.000000,0.000000,0.000000,0.785398
90.000000,95.000000,50.000000,60.000000,0,0,1.000000,no_data,0,0.000000,,,,,,,,,,,,,,,,,,,,,,,0,0,0,0,0.000000,0.000000,0.000000,0.000000,0.000000,0.000000,0.785398
90.000000,95.000000,60.000000,70.000000,0,0,1.000000,no_data,0,0.000000,,,,,,,,,,,,,,,,,,,,,,,0,0,0,0,0.000000,0.000000,0.000000,0.000000,0.000000,0.000000,0.785398
90.000000,95.000000,70.000000,80.000000,0,0,1.000000,no_data,0,0.000000,,,,,,,,,,,,,,,,,,,,,,,0,0,0,0,0.000000,0.000000,0.000000,0.000000,0.000000,0.000000,0.785398
90.000000,95.000000,80.000000,90.000000,0,0,1.000000,no_data,0,0.000000,,,,,,,,,,,,,,,,,,,,,,,0,0,0,0,0.000000,0.000000,0.000000,0.000000,0.000000,0.000000,0.785398
90.000000,95.000000,90.000000,100.000000,0,0,1.000000,no_data,0,0.000000,,,,,,,,,,,,,,,,,,,,,,,0,0,0,0,0.000000,0.000000,0.000000,0.000000,0.000000,0.000000,0.785398
90.000000,95.000000,100.000000,110.000000,0,0,1.000000,no_data,0,0.000000,,,,,,,,,,,,,,,,,,,,,,,0,0,0,0,0.000000,0.000000,0.000000,0.000000,0.000000,0.000000,0.785398
90.000000,95.000000,110.000000,120.000000,0,0,1.000000,no_data,0,0.000000,,,,,,,,,,,,,,,,,,,,,,,0,0,0,0,0.000000,0.000000,0.000000,0.000000,0.000000,0.000000,0.785398
90.000000,95.000000,120.000000,130.000000,0,0,1.000000,no_data,0,0.000000,,,,,,,,,,,,,,,,,,,,,,,0,0,0,0,0.000000,0.000000,0.000000,0.000000,0.000000,0.000000,0.785398
90.000000,95.000000,130.000000,140.000000,0,0,1.000000,no_data,0,0.000000,,,,,,,,,,,,,,,,,,,,,,,0,0,0,0,0.000000,0.000000,0.000000,0.000000,0.000000,0.000000,0.785398
90.000000,95.000000,140.000000,150.000000,0,0,1.000000,no_data,0,0.000000,,,,,,,,,,,,,,,,,,,,,,,0,0,0,0,0.000000,0.000000,0.000000,0.000000,0.000000,0.000000,0.785398
90.000000,95.000000,150.000000,160.000000,0,0,1.000000,no_data,0,0.000000,,,,,,,,,,,,,,,,,,,,,,,0,0,0,0,0.000000,0.000000,0.000000,0.000000,0.000000,0.000000,0.785398
90.000000,95.000000,160.000000,170.000000,0,0,1.000000,no_data,0,0.000000,,,,,,,,,,,,,,,,,,,,,,,0,0,0,0,0.000000,0.000000,0.000000,0.000000,0.000000,0.000000,0.785398
90.000000,95.000000,170.000000,180.000000,0,0,1.000000,no_data,0,0.000000,,,,,,,,,,,,,,,,,,,,,,,0,0,0,0,0.000000,0.000000,0.000000,0.000000,0.000000,0.000000,0.785398
95.000000,100.000000,-180.000000,-170.000000,0,0,1.000000,no_data,0,0.000000,,,,,,,,,,,,,,,,,,,,,,,0,0,0,0,0.000000,0.000000,0.000000,0.000000,0.000000,0.000000,0.785398
95.000000,100.000000,-170.000000,-160.000000,0,0,1.000000,no_data,0,0.000000,,,,,,,,,,,,,,,,,,,,,,,0,0,0,0,0.000000,0.000000,0.000000,0.000000,0.000000,0.000000,0.785398
95.000000,100.000000,-160.000000,-150.000000,0,0,1.000000,no_data,0,0.000000,,,,,,,,,,,,,,,,,,,,,,,0,0,0,0,0.000000,0.000000,0.000000,0.000000,0.000000,0.000000,0.785398
95.000000,100.000000,-150.000000,-140.000000,0,0,1.000000,no_data,0,0.000000,,,,,,,,,,,,,,,,,,,,,,,0,0,0,0,0.000000,0.000000,0.000000,0.000000,0.000000,0.000000,0.785398
95.000000,100.000000,-140.000000,-130.000000,0,0,1.000000,no_data,0,0.000000,,,,,,,,,,,,,,,,,,,,,,,0,0,0,0,0.000000,0.000000,0.000000,0.000000,0.000000,0.000000,0.785398
95.000000,100.000000,-130.000000,-120.000000,0,0,1.000000,no_data,0,0.000000,,,,,,,,,,,,,,,,,,,,,,,0,0,0,0,0.000000,0.000000,0.000000,0.000000,0.000000,0.000000,0.785398
95.000000,100.000000,-120.000000,-110.000000,0,0,1.000000,no_data,0,0.000000,,,,,,,,,,,,,,,,,,,,,,,0,0,0,0,0.000000,0.000000,0.000000,0.000000,0.000000,0.000000,0.785398
95.000000,100.000000,-110.000000,-100.000000,0,0,1.000000,no_data,0,0.000000,,,,,,,,,,,,,,,,,,,,,,,0,0,0,0,0.000000,0.000000,0.000000,0.000000,0.000000,0.000000,0.785398
95.000000,100.000000,-100.000000,-90.000000,0,0,1.000000,no_data,0,0.000000,,,,,,,,,,,,,,,,,,,,,,,0,0,0,0,0.000000,0.000000,0.000000,0.000000,0.000000,0.000000,0.785398
95.000000,100.000000,-90.000000,-80.000000,0,0,1.000000,no_data,0,0.000000,,,,,,,,,,,,,,,,,,,,,,,0,0,0,0,0.000000,0.000000,0.000000,0.000000,0.000000,0.000000,0.785398
95.000000,100.000000,-80.000000,-70.000000,0,0,1.000000,no_data,0,0.000000,,,,,,,,,,,,,,,,,,,,,,,0,0,0,0,0.000000,0.000000,0.000000,0.000000,0.000000,0.000000,0.785398
95.000000,100.000000,-70.000000,-60.000000,0,0,1.000000,no_data,0,0.000000,,,,,,,,,,,,,,,,,,,,,,,0,0,0,0,0.000000,0.000000,0.000000,0.000000,0.000000,0.000000,0.785398
95.000000,100.000000,-60.000000,-50.000000,0,0,1.000000,no_data,0,0.000000,,,,,,,,,,,,,,,,,,,,,,,0,0,0,0,0.000000,0.000000,0.000000,0.000000,0.000000,0.000000,0.785398
95.000000,100.000000,-50.000000,-40.000000,0,0,1.000000,no_data,0,0.000000,,,,,,,,,,,,,,,,,,,,,,,0,0,0,0,0.000000,0.000000,0.000000,0.000000,0.000000,0.000000,0.785398
95.000000,100.000000,-40.000000,-30.000000,0,0,1.000000,no_data,0,0.000000,,,,,,,,,,,,,,,,,,,,,,,0,0,0,0,0.000000,0.000000,0.000000,0.000000,0.000000,0.000000,0.785398
95.000000,100.000000,-30.000000,-20.000000,0,0,1.000000,no_data,0,0.000000,,,,,,,,,,,,,,,,,,,,,,,0,0,0,0,0.000000,0.000000,0.000000,0.000000,0.000000,0.000000,0.785398
95.000000,100.000000,-20.000000,-10.000000,0,0,1.000000,no_data,0,0.000000,,,,,,,,,,,,,,,,,,,,,,,0,0,0,0,0.000000,0.000000,0.000000,0.000000,0.000000,0.000000,0.785398
95.000000,100.000000,-10.000000,0.000000,100,100,1.000000,no_data,0,0.000000,,,,,,,,,,,,,,,,,,,,,,,0,0,0,0,0.000000,0.000000,0.000000,0.000000,0.000000,0.000000,0.785398
95.000000,100.000000,0.000000,10.000000,313,313,1.000000,no_data,0,0.000000,,,,,,,,,,,,,,,,,,,,,,,0,0,0,0,0.000000,0.000000,0.000000,0.000000,0.000000,0.000000,0.785398
95.000000,100.000000,10.000000,20.000000,94,94,1.000000,no_data,0,0.000000,,,,,,,,,,,,,,,,,,,,,,,0,0,0,0,0.000000,0.000000,0.000000,0.000000,0.000000,0.000000,0.785398
95.000000,100.000000,20.000000,30.000000,0,0,1.000000,no_data,0,0.000000,,,,,,,,,,,,,,,,,,,,,,,0,0,0,0,0.000000,0.000000,0.000000,0.000000,0.000000,0.000000,0.785398
95.000000,100.000000,30.000000,40.000000,0,0,1.000000,no_data,0,0.000000,,,,,,,,,,,,,,,,,,,,,,,0,0,0,0,0.000000,0.000000,0.000000,0.000000,0.000000,0.000000,0.785398
95.000000,100.000000,40.000000,50.000000,0,0,1.000000,no_data,0,0.000000,,,,,,,,,,,,,,,,,,,,,,,0,0,0,0,0.000000,0.000000,0.000000,0.000000,0.000000,0.000000,0.785398
95.000000,100.000000,50.000000,60.000000,0,0,1.000000,no_data,0,0.000000,,,,,,,,,,,,,,,,,,,,,,,0,0,0,0,0.000000,0.000000,0.000000,0.000000,0.000000,0.000000,0.785398
95.000000,100.000000,60.000000,70.000000,0,0,1.000000,no_data,0,0.000000,,,,,,,,,,,,,,,,,,,,,,,0,0,0,0,0.000000,0.000000,0.000000,0.000000,0.000000,0.000000,0.785398
95.000000,100.000000,70.000000,80.000000,0,0,1.000000,no_data,0,0.000000,,,,,,,,,,,,,,,,,,,,,,,0,0,0,0,0.000000,0.000000,0.000000,0.000000,0.000000,0.000000,0.785398
95.000000,100.000000,80.000000,90.000000,0,0,1.000000,no_data,0,0.000000,,,,,,,,,,,,,,,,,,,,,,,0,0,0,0,0.000000,0.000000,0.000000,0.000000,0.000000,0.000000,0.785398
95.000000,100.000000,90.000000,100.000000,0,0,1.000000,no_data,0,0.000000,,,,,,,,,,,,,,,,,,,,,,,0,0,0,0,0.000000,0.000000,0.000000,0.000000,0.000000,0.000000,0.785398
95.000000,100.000000,100.000000,110.000000,0,0,1.000000,no_data,0,0.000000,,,,,,,,,,,,,,,,,,,,,,,0,0,0,0,0.000000,0.000000,0.000000,0.000000,0.000000,0.000000,0.785398
95.000000,100.000000,110.000000,120.000000,0,0,1.000000,no_data,0,0.000000,,,,,,,,,,,,,,,,,,,,,,,0,0,0,0,0.000000,0.000000,0.000000,0.000000,0.000000,0.000000,0.785398
95.000000,100.000000,120.000000,130.000000,0,0,1.000000,no_data,0,0.000000,,,,,,,,,,,,,,,,,,,,,,,0,0,0,0,0.000000,0.000000,0.000000,0.000000,0.000000,0.000000,0.785398
95.000000,100.000000,130.000000,140.000000,0,0,1.000000,no_data,0,0.000000,,,,,,,,,,,,,,,,,,,,,,,0,0,0,0,0.000000,0.000000,0.000000,0.000000,0.000000,0.000000,0.785398
95.000000,100.000000,140.000000,150.000000,0,0,1.000000,no_data,0,0.000000,,,,,,,,,,,,,,,,,,,,,,,0,0,0,0,0.000000,0.000000,0.000000,0.000000,0.000000,0.000000,0.785398
95.000000,100.000000,150.000000,160.000000,0,0,1.000000,no_data,0,0.000000,,,,,,,,,,,,,,,,,,,,,,,0,0,0,0,0.000000,0.000000,0.000000,0.000000,0.000000,0.000000,0.785398
95.000000,100.000000,160.000000,170.000000,0,0,1.000000,no_data,0,0.000000,,,,,,,,,,,,,,,,,,,,,,,0,0,0,0,0.000000,0.000000,0.000000,0.000000,0.000000,0.000000,0.785398
95.000000,100.000000,170.000000,180.000000,0,0,1.000000,no_data,0,0.000000,,,,,,,,,,,,,,,,,,,,,,,0,0,0,0,0.000000,0.000000,0.000000,0.000000,0.000000,0.000000,0.785398
100.000000,105.000000,-180.000000,-170.000000,0,0,1.000000,no_data,0,0.000000,,,,,,,,,,,,,,,,,,,,,,,0,0,0,0,0.000000,0.000000,0.000000,0.000000,0.000000,0.000000,0.785398
100.000000,105.000000,-170.000000,-160.000000,0,0,1.000000,no_data,0,0.000000,,,,,,,,,,,,,,,,,,,,,,,0,0,0,0,0.000000,0.000000,0.000000,0.000000,0.000000,0.000000,0.785398
100.000000,105.000000,-160.000000,-150.000000,0,0,1.000000,no_data,0,0.000000,,,,,,,,,,,,,,,,,,,,,,,0,0,0,0,0.000000,0.000000,0.000000,0.000000,0.000000,0.000000,0.785398
100.000000,105.000000,-150.000000,-140.000000,0,0,1.000000,no_data,0,0.000000,,,,,,,,,,,,,,,,,,,,,,,0,0,0,0,0.000000,0.000000,0.000000,0.000000,0.000000,0.000000,0.785398
100.000000,105.000000,-140.000000,-130.000000,0,0,1.000000,no_data,0,0.000000,,,,,,,,,,,,,,,,,,,,,,,0,0,0,0,0.000000,0.000000,0.000000,0.000000,0.000000,0.000000,0.785398
100.000000,105.000000,-130.000000,-120.000000,0,0,1.000000,no_data,0,0.000000,,,,,,,,,,,,,,,,,,,,,,,0,0,0,0,0.000000,0.000000,0.000000,0.000000,0.000000,0.000000,0.785398
100.000000,105.000000,-120.000000,-110.000000,0,0,1.000000,no_data,0,0.000000,,,,,,,,,,,,,,,,,,,,,,,0,0,0,0,0.000000,0.000000,0.000000,0.000000,0.000000,0.000000,0.785398
100.000000,105.000000,-110.000000,-100.000000,0,0,1.000000,no_data,0,0.000000,,,,,,,,,,,,,,,,,,,,,,,0,0,0,0,0.000000,0.000000,0.000000,0.000000,0.000000,0.000000,0.785398
100.000000,105.000000,-100.000000,-90.000000,0,0,1.000000,no_data,0,0.000000,,,,,,,,,,,,,,,,,,,,,,,0,0,0,0,0.000000,0.000000,0.000000,0.000000,0.000000,0.000000,0.785398
100.000000,105.000000,-90.000000,-80.000000,0,0,1.000000,no_data,0,0.000000,,,,,,,,,,,,,,,,,,,,,,,0,0,0,0,0.000000,0.000000,0.000000,0.000000,0.000000,0.000000,0.785398
100.000000,105.000000,-80.000000,-70.000000,0,0,1.000000,no_data,0,0.000000,,,,,,,,,,,,,,,,,,,,,,,0,0,0,0,0.000000,0.000000,0.000000,0.000000,0.000000,0.000000,0.785398
100.000000,105.000000,-70.000000,-60.000000,0,0,1.000000,no_data,0,0.000000,,,,,,,,,,,,,,,,,,,,,,,0,0,0,0,0.000000,0.000000,0.000000,0.000000,0.000000,0.000000,0.785398
100.000000,105.000000,-60.000000,-50.000000,0,0,1.000000,no_data,0,0.000000,,,,,,,,,,,,,,,,,,,,,,,0,0,0,0,0.000000,0.000000,0.000000,0.000000,0.000000,0.000000,0.785398
100.000000,105.000000,-50.000000,-40.000000,0,0,1.000000,no_data,0,0.000000,,,,,,,,,,,,,,,,,,,,,,,0,0,0,0,0.000000,0.000000,0.000000,0.000000,0.000000,0.000000,0.785398
100.000000,105.000000,-40.000000,-30.000000,0,0,1.000000,no_data,0,0.000000,,,,,,,,,,,,,,,,,,,,,,,0,0,0,0,0.000000,0.000000,0.000000,0.000000,0.000000,0.000000,0.785398
100.000000,105.000000,-30.000000,-20.000000,0,0,1.000000,no_data,0,0.000000,,,,,,,,,,,,,,,,,,,,,,,0,0,0,0,0.000000,0.000000,0.000000,0.000000,0.000000,0.000000,0.785398
100.000000,105.000000,-20.000000,-10.000000,0,0,1.000000,no_data,0,0.000000,,,,,,,,,,,,,,,,,,,,,,,0,0,0,0,0.000000,0.000000,0.000000,0.000000,0.000000,0.000000,0.785398
100.000000,105.000000,-10.000000,0.000000,92,92,1.000000,no_data,0,0.000000,,,,,,,,,,,,,,,,,,,,,,,0,0,0,0,0.000000,0.000000,0.000000,0.000000,0.000000,0.000000,0.785398
100.000000,105.000000,0.000000,10.000000,165,165,1.000000,no_data,0,0.000000,,,,,,,,,,,,,,,,,,,,,,,0,0,0,0,0.000000,0.000000,0.000000,0.000000,0.000000,0.000000,0.785398
100.000000,105.000000,10.000000,20.000000,76,76,1.000000,no_data,0,0.000000,,,,,,,,,,,,,,,,,,,,,,,0,0,0,0,0.000000,0.000000,0.000000,0.000000,0.000000,0.000000,0.785398
100.000000,105.000000,20.000000,30.000000,0,0,1.000000,no_data,0,0.000000,,,,,,,,,,,,,,,,,,,,,,,0,0,0,0,0.000000,0.000000,0.000000,0.000000,0.000000,0.000000,0.785398
100.000000,105.000000,30.000000,40.000000,0,0,1.000000,no_data,0,0.000000,,,,,,,,,,,,,,,,,,,,,,,0,0,0,0,0.000000,0.000000,0.000000,0.000000,0.000000,0.000000,0.785398
100.000000,105.000000,40.000000,50.000000,0,0,1.000000,no_data,0,0.000000,,,,,,,,,,,,,,,,,,,,,,,0,0,0,0,0.000000,0.000000,0.000000,0.000000,0.000000,0.000000,0.785398
100.000000,105.000000,50.000000,60.000000,0,0,1.000000,no_data,0,0.000000,,,,,,,,,,,,,,,,,,,,,,,0,0,0,0,0.000000,0.000000,0.000000,0.000000,0.000000,0.000000,0.785398
100.000000,105.000000,60.000000,70.000000,0,0,1.000000,no_data,0,0.000000,,,,,,,,,,,,,,,,,,,,,,,0,0,0,0,0.000000,0.000000,0.000000,0.000000,0.000000,0.000000,0.785398
100.000000,105.000000,70.000000,80.000000,0,0,1.000000,no_data,0,0.000000,,,,,,,,,,,,,,,,,,,,,,,0,0,0,0,0.000000,0.000000,0.000000,0.000000,0.000000,0.000000,0.785398
100.000000,105.000000,80.000000,90.000000,0,0,1.000000,no_data,0,0.000000,,,,,,,,,,,,,,,,,,,,,,,0,0,0,0,0.000000,0.000000,0.000000,0.000000,0.000000,0.000000,0.785398
100.000000,105.000000,90.000000,100.000000,0,0,1.000000,no_data,0,0.000000,,,,,,,,,,,,,,,,,,,,,,,0,0,0,0,0.000000,0.000000,0.000000,0.000000,0.000000,0.000000,0.785398
100.000000,105.000000,100.000000,110.000000,0,0,1.000000,no_data,0,0.000000,,,,,,,,,,,,,,,,,,,,,,,0,0,0,0,0.000000,0.000000,0.000000,0.000000,0.000000,0.000000,0.785398
100.000000,105.000000,110.000000,120.000000,0,0,1.000000,no_data,0,0.000000,,,,,,,,,,,,,,,,,,,,,,,0,0,0,0,0.000000,0.000000,0.000000,0.000000,0.000000,0.000000,0.785398
100.000000,105.000000,120.000000,130.000000,0,0,1.000000,no_data,0,0.000000,,,,,,,,,,,,,,,,,,,,,,,0,0,0,0,0.000000,0.000000,0.000000,0.000000,0.000000,0.000000,0.785398
100.000000,105.000000,130.000000,140.000000,0,0,1.000000,no_data,0,0.000000,,,,,,,,,,,,,,,,,,,,,,,0,0,0,0,0.000000,0.000000,0.000000,0.000000,0.000000,0.000000,0.785398
100.000000,105.000000,140.000000,150.000000,0,0,1.000000,no_data,0,0.000000,,,,,,,,,,,,,,,,,,,,,,,0,0,0,0,0.000000,0.000000,0.000000,0.000000,0.000000,0.000000,0.785398
100.000000,105.000000,150.000000,160.000000,0,0,1.000000,no_data,0,0.000000,,,,,,,,,,,,,,,,,,,,,,,0,0,0,0,0.000000,0.000000,0.000000,0.000000,0.000000,0.000000,0.785398
100.000000,105.000000,160.000000,170.000000,0,0,1.000000,no_data,0,0.000000,,,,,,,,,,,,,,,,,,,,,,,0,0,0,0,0.000000,0.000000,0.000000,0.000000,0.000000,0.000000,0.785398
100.000000,105.000000,170.000000,180.000000,0,0,1.000000,no_data,0,0.000000,,,,,,,,,,,,,,,,,,,,,,,0,0,0,0,0.000000,0.000000,0.000000,0.000000,0.000000,0.000000,0.785398
105.000000,110.000000,-180.000000,-170.000000,0,0,1.000000,no_data,0,0.000000,,,,,,,,,,,,,,,,,,,,,,,0,0,0,0,0.000000,0.000000,0.000000,0.000000,0.000000,0.000000,0.785398
105.000000,110.000000,-170.000000,-160.000000,0,0,1.000000,no_data,0,0.000000,,,,,,,,,,,,,,,,,,,,,,,0,0,0,0,0.000000,0.000000,0.000000,0.000000,0.000000,0.000000,0.785398
105.000000,110.000000,-160.000000,-150.000000,0,0,1.000000,no_data,0,0.000000,,,,,,,,,,,,,,,,,,,,,,,0,0,0,0,0.000000,0.000000,0.000000,0.000000,0.000000,0.000000,0.785398
105.000000,110.000000,-150.000000,-140.000000,0,0,1.000000,no_data,0,0.000000,,,,,,,,,,,,,,,,,,,,,,,0,0,0,0,0.000000,0.000000,0.000000,0.000000,0.000000,0.000000,0.785398
105.000000,110.000000,-140.000000,-130.000000,0,0,1.000000,no_data,0,0.000000,,,,,,,,,,,,,,,,,,,,,,,0,0,0,0,0.000000,0.000000,0.000000,0.000000,0.000000,0.000000,0.785398
105.000000,110.000000,-130.000000,-120.000000,0,0,1.000000,no_data,0,0.000000,,,,,,,,,,,,,,,,,,,,,,,0,0,0,0,0.000000,0.000000,0.000000,0.000000,0.000000,0.000000,0.785398
105.000000,110.000000,-120.000000,-110.000000,0,0,1.000000,no_data,0,0.000000,,,,,,,,,,,,,,,,,,,,,,,0,0,0,0,0.000000,0.000000,0.000000,0.000000,0.000000,0.000000,0.785398
105.000000,110.000000,-110.000000,-100.000000,0,0,1.000000,no_data,0,0.000000,,,,,,,,,,,,,,,,,,,,,,,0,0,0,0,0.000000,0.000000,0.000000,0.000000,0.000000,0.000000,0.785398
105.000000,110.000000,-100.000000,-90.000000,0,0,1.000000,no_data,0,0.000000,,,,,,,,,,,,,,,,,,,,,,,0,0,0,0,0.000000,0.000000,0.000000,0.000000,0.000000,0.000000,0.785398
105.000000,110.000000,-90.000000,-80.000000,0,0,1.000000,no_data,0,0.000000,,,,,,,,,,,,,,,,,,,,,,,0,0,0,0,0.000000,0.000000,0.000000,0.000000,0.000000,0.000000,0.785398
105.000000,110.000000,-80.000000,-70.000000,0,0,1.000000,no_data,0,0.000000,,,,,,,,,,,,,,,,,,,,,,,0,0,0,0,0.000000,0.000000,0.000000,0.000000,0.000000,0.000000,0.785398
105.000000,110.000000,-70.000000,-60.000000,0,0,1.000000,no_data,0,0.000000,,,,,,,,,,,,,,,,,,,,,,,0,0,0,0,0.000000,0.000000,0.000000,0.000000,0.000000,0.000000,0.785398
105.000000,110.000000,-60.000000,-50.000000,0,0,1.000000,no_data,0,0.000000,,,,,,,,,,,,,,,,,,,,,,,0,0,0,0,0.000000,0.000000,0.000000,0.000000,0.000000,0.000000,0.785398
105.000000,110.000000,-50.000000,-40.000000,0,0,1.000000,no_data,0,0.000000,,,,,,,,,,,,,,,,,,,,,,,0,0,0,0,0.000000,0.000000,0.000000,0.000000,0.000000,0.000000,0.785398
105.000000,110.000000,-40.000000,-30.000000,0,0,1.000000,no_data,0,0.000000,,,,,,,,,,,,,,,,,,,,,,,0,0,0,0,0.000000,0.000000,0.000000,0.000000,0.000000,0.000000,0.785398
105.000000,110.000000,-30.000000,-20.000000,0,0,1.000000,no_data,0,0.000000,,,,,,,,,,,,,,,,,,,,,,,0,0,0,0,0.000000,0.000000,0.000000,0.000000,0.000000,0.000000,0.785398
105.000000,110.000000,-20.000000,-10.000000,0,0,1.000000,no_data,0,0.000000,,,,,,,,,,,,,,,,,,,,,,,0,0,0,0,0.000000,0.000000,0.000000,0.000000,0.000000,0.000000,0.785398
105.000000,110.000000,-10.000000,0.000000,78,78,1.000000,no_data,0,0.000000,,,,,,,,,,,,,,,,,,,,,,,0,0,0,0,0.000000,0.000000,0.000000,0.000000,0.000000,0.000000,0.785398
105.000000,110.000000,0.000000,10.000000,164,164,1.000000,no_data,0,0.000000,,,,,,,,,,,,,,,,,,,,,,,0,0,0,0,0.000000,0.000000,0.000000,0.000000,0.000000,0.000000,0.785398
105.000000,110.000000,10.000000,20.000000,79,79,1.000000,no_data,0,0.000000,,,,,,,,,,,,,,,,,,,,,,,0,0,0,0,0.000000,0.000000,0.000000,0.000000,0.000000,0.000000,0.785398
105.000000,110.000000,20.000000,30.000000,0,0,1.000000,no_data,0,0.000000,,,,,,,,,,,,,,,,,,,,,,,0,0,0,0,0.000000,0.000000,0.000000,0.000000,0.000000,0.000000,0.785398
105.000000,110.000000,30.000000,40.000000,0,0,1.000000,no_data,0,0.000000,,,,,,,,,,,,,,,,,,,,,,,0,0,0,0,0.000000,0.000000,0.000000,0.000000,0.000000,0.000000,0.785398
105.000000,110.000000,40.000000,50.000000,0,0,1.000000,no_data,0,0.000000,,,,,,,,,,,,,,,,,,,,,,,0,0,0,0,0.000000,0.000000,0.000000,0.000000,0.000000,0.000000,0.785398
105.000000,110.000000,50.000000,60.000000,0,0,1.000000,no_data,0,0.000000,,,,,,,,,,,,,,,,,,,,,,,0,0,0,0,0.000000,0.000000,0.000000,0.000000,0.000000,0.000000,0.785398
105.000000,110.000000,60.000000,70.000000,0,0,1.000000,no_data,0,0.000000,,,,,,,,,,,,,,,,,,,,,,,0,0,0,0,0.000000,0.000000,0.000000,0.000000,0.000000,0.000000,0.785398
105.000000,110.000000,70.000000,80.000000,0,0,1.000000,no_data,0,0.000000,,,,,,,,,,,,,,,,,,,,,,,0,0,0,0,0.000000,0.000000,0.000000,0.000000,0.000000,0.000000,0.785398
105.000000,110.000000,80.000000,90.000000,0,0,1.000000,no_data,0,0.000000,,,,,,,,,,,,,,,,,,,,,,,0,0,0,0,0.000000,0.000000,0.000000,0.000000,0.000000,0.000000,0.785398
105.000000,110.000000,90.000000,100.000000,0,0,1.000000,no_data,0,0.000000,,,,,,,,,,,,,,,,,,,,,,,0,0,0,0,0.000000,0.000000,0.000000,0.000000,0.000000,0.000000,0.785398
105.000000,110.000000,100.000000,110.000000,0,0,1.000000,no_data,0,0.000000,,,,,,,,,,,,,,,,,,,,,,,0,0,0,0,0.000000,0.000000,0.000000,0.000000,0.000000,0.000000,0.785398
105.000000,110.000000,110.000000,120.000000,0,0,1.000000,no_data,0,0.000000,,,,,,,,,,,,,,,,,,,,,,,0,0,0,0,0.000000,0.000000,0.000000,0.000000,0.000000,0.000000,0.785398
105.000000,110.000000,120.000000,130.000000,0,0,1.000000,no_data,0,0.000000,,,,,,,,,,,,,,,,,,,,,,,0,0,0,0,0.000000,0.000000,0.000000,0.000000,0.000000,0.000000,0.785398
105.000000,110.000000,130.000000,140.000000,0,0,1.000000,no_data,0,0.000000,,,,,,,,,,,,,,,,,,,,,,,0,0,0,0,0.000000,0.000000,0.000000,0.000000,0.000000,0.000000,0.785398
105.000000,110.000000,140.000000,150.000000,0,0,1.000000,no_data,0,0.000000,,,,,,,,,,,,,,,,,,,,,,,0,0,0,0,0.000000,0.000000,0.000000,0.000000,0.000000,0.000000,0.785398
105.000000,110.000000,150.000000,160.000000,0,0,1.000000,no_data,0,0.000000,,,,,,,,,,,,,,,,,,,,,,,0,0,0,0,0.000000,0.000000,0.000000,0.000000,0.000000,0.000000,0.785398
105.000000,110.000000,160.000000,170.000000,0,0,1.000000,no_data,0,0.000000,,,,,,,,,,,,,,,,,,,,,,,0,0,0,0,0.000000,0.000000,0.000000,0.000000,0.000000,0.000000,0.785398
105.000000,110.000000,170.000000,180.000000,0,0,1.000000,no_data,0,0.000000,,,,,,,,,,,,,,,,,,,,,,,0,0,0,0,0.000000,0.000000,0.000000,0.000000,0.000000,0.000000,0.785398
110.000000,115.000000,-180.000000,-170.000000,0,0,1.000000,no_data,0,0.000000,,,,,,,,,,,,,,,,,,,,,,,0,0,0,0,0.000000,0.000000,0.000000,0.000000,0.000000,0.000000,0.785398
110.000000,115.000000,-170.000000,-160.000000,0,0,1.000000,no_data,0,0.000000,,,,,,,,,,,,,,,,,,,,,,,0,0,0,0,0.000000,0.000000,0.000000,0.000000,0.000000,0.000000,0.785398
110.000000,115.000000,-160.000000,-150.000000,0,0,1.000000,no_data,0,0.000000,,,,,,,,,,,,,,,,,,,,,,,0,0,0,0,0.000000,0.000000,0.000000,0.000000,0.000000,0.000000,0.785398
110.000000,115.000000,-150.000000,-140.000000,0,0,1.000000,no_data,0,0.000000,,,,,,,,,,,,,,,,,,,,,,,0,0,0,0,0.000000,0.000000,0.000000,0.000000,0.000000,0.000000,0.785398
110.000000,115.000000,-140.000000,-130.000000,0,0,1.000000,no_data,0,0.000000,,,,,,,,,,,,,,,,,,,,,,,0,0,0,0,0.000000,0.000000,0.000000,0.000000,0.000000,0.000000,0.785398
110.000000,115.000000,-130.000000,-120.000000,0,0,1.000000,no_data,0,0.000000,,,,,,,,,,,,,,,,,,,,,,,0,0,0,0,0.000000,0.000000,0.000000,0.000000,0.000000,0.000000,0.785398
110.000000,115.000000,-120.000000,-110.000000,0,0,1.000000,no_data,0,0.000000,,,,,,,,,,,,,,,,,,,,,,,0,0,0,0,0.000000,0.000000,0.000000,0.000000,0.000000,0.000000,0.785398
110.000000,115.000000,-110.000000,-100.000000,0,0,1.000000,no_data,0,0.000000,,,,,,,,,,,,,,,,,,,,,,,0,0,0,0,0.000000,0.000000,0.000000,0.000000,0.000000,0.000000,0.785398
110.000000,115.000000,-100.000000,-90.000000,0,0,1.000000,no_data,0,0.000000,,,,,,,,,,,,,,,,,,,,,,,0,0,0,0,0.000000,0.000000,0.000000,0.000000,0.000000,0.000000,0.785398
110.000000,115.000000,-90.000000,-80.000000,0,0,1.000000,no_data,0,0.000000,,,,,,,,,,,,,,,,,,,,,,,0,0,0,0,0.000000,0.000000,0.000000,0.000000,0.000000,0.000000,0.785398
110.000000,115.000000,-80.000000,-70.000000,0,0,1.000000,no_data,0,0.000000,,,,,,,,,,,,,,,,,,,,,,,0,0,0,0,0.000000,0.000000,0.000000,0.000000,0.000000,0.000000,0.785398
110.000000,115.000000,-70.000000,-60.000000,0,0,1.000000,no_data,0,0.000000,,,,,,,,,,,,,,,,,,,,,,,0,0,0,0,0.000000,0.000000,0.000000,0.000000,0.000000,0.000000,0.785398
110.000000,115.000000,-60.000000,-50.000000,0,0,1.000000,no_data,0,0.000000,,,,,,,,,,,,,,,,,,,,,,,0,0,0,0,0.000000,0.000000,0.000000,0.000000,0.000000,0.000000,0.785398
110.000000,115.000000,-50.000000,-40.000000,0,0,1.000000,no_data,0,0.000000,,,,,,,,,,,,,,,,,,,,,,,0,0,0,0,0.000000,0.000000,0.000000,0.000000,0.000000,0.000000,0.785398
110.000000,115.000000,-40.000000,-30.000000,0,0,1.000000,no_data,0,0.000000,,,,,,,,,,,,,,,,,,,,,,,0,0,0,0,0.000000,0.000000,0.000000,0.000000,0.000000,0.000000,0.785398
110.000000,115.000000,-30.000000,-20.000000,0,0,1.000000,no_data,0,0.000000,,,,,,,,,,,,,,,,,,,,,,,0,0,0,0,0.000000,0.000000,0.000000,0.000000,0.000000,0.000000,0.785398
110.000000,115.000000,-20.000000,-10.000000,0,0,1.000000,no_data,0,0.000000,,,,,,,,,,,,,,,,,,,,,,,0,0,0,0,0.000000,0.000000,0.000000,0.000000,0.000000,0.000000,0.785398
110.000000,115.000000,-10.000000,0.000000,68,68,1.000000,no_data,0,0.000000,,,,,,,,,,,,,,,,,,,,,,,0,0,0,0,0.000000,0.000000,0.000000,0.000000,0.000000,0.000000,0.785398
110.000000,115.000000,0.000000,10.000000,173,173,1.000000,no_data,0,0.000000,,,,,,,,,,,,,,,,,,,,,,,0,0,0,0,0.000000,0.000000,0.000000,0.000000,0.000000,0.000000,0.785398
110.000000,115.000000,10.000000,20.000000,53,53,1.000000,no_data,0,0.000000,,,,,,,,,,,,,,,,,,,,,,,0,0,0,0,0.000000,0.000000,0.000000,0.000000,0.000000,0.000000,0.785398
110.000000,115.000000,20.000000,30.000000,0,0,1.000000,no_data,0,0.000000,,,,,,,,,,,,,,,,,,,,,,,0,0,0,0,0.000000,0.000000,0.000000,0.000000,0.000000,0.000000,0.785398
110.000000,115.000000,30.000000,40.000000,0,0,1.000000,no_data,0,0.000000,,,,,,,,,,,,,,,,,,,,,,,0,0,0,0,0.000000,0.000000,0.000000,0.000000,0.000000,0.000000,0.785398
110.000000,115.000000,40.000000,50.000000,0,0,1.000000,no_data,0,0.000000,,,,,,,,,,,,,,,,,,,,,,,0,0,0,0,0.000000,0.000000,0.000000,0.000000,0.000000,0.000000,0.785398
110.000000,115.000000,50.000000,60.000000,0,0,1.000000,no_data,0,0.000000,,,,,,,,,,,,,,,,,,,,,,,0,0,0,0,0.000000,0.000000,0.000000,0.000000,0.000000,0.000000,0.785398
110.000000,115.000000,60.000000,70.000000,0,0,1.000000,no_data,0,0.000000,,,,,,,,,,,,,,,,,,,,,,,0,0,0,0,0.000000,0.000000,0.000000,0.000000,0.000000,0.000000,0.785398
110.000000,115.000000,70.000000,80.000000,0,0,1.000000,no_data,0,0.000000,,,,,,,,,,,,,,,,,,,,,,,0,0,0,0,0.000000,0.000000,0.000000,0.000000,0.000000,0.000000,0.785398
110.000000,115.000000,80.000000,90.000000,0,0,1.000000,no_data,0,0.000000,,,,,,,,,,,,,,,,,,,,,,,0,0,0,0,0.000000,0.000000,0.000000,0.000000,0.000000,0.000000,0.785398
110.000000,115.000000,90.000000,100.000000,0,0,1.000000,no_data,0,0.000000,,,,,,,,,,,,,,,,,,,,,,,0,0,0,0,0.000000,0.000000,0.000000,0.000000,0.000000,0.000000,0.785398
110.000000,115.000000,100.000000,110.000000,0,0,1.000000,no_data,0,0.000000,,,,,,,,,,,,,,,,,,,,,,,0,0,0,0,0.000000,0.000000,0.000000,0.000000,0.000000,0.000000,0.785398
110.000000,115.000000,110.000000,120.000000,0,0,1.000000,no_data,0,0.000000,,,,,,,,,,,,,,,,,,,,,,,0,0,0,0,0.000000,0.000000,0.000000,0.000000,0.000000,0.000000,0.785398
110.000000,115.000000,120.000000,130.000000,0,0,1.000000,no_data,0,0.000000,,,,,,,,,,,,,,,,,,,,,,,0,0,0,0,0.000000,0.000000,0.000000,0.000000,0.000000,0.000000,0.785398
110.000000,115.000000,130.000000,140.000000,0,0,1.000000,no_data,0,0.000000,,,,,,,,,,,,,,,,,,,,,,,0,0,0,0,0.000000,0.000000,0.000000,0.000000,0.000000,0.000000,0.785398
110.000000,115.000000,140.000000,150.000000,0,0,1.000000,no_data,0,0.000000,,,,,,,,,,,,,,,,,,,,,,,0,0,0,0,0.000000,0.000000,0.000000,0.000000,0.000000,0.000000,0.785398
110.000000,115.000000,150.000000,160.000000,0,0,1.000000,no_data,0,0.000000,,,,,,,,,,,,,,,,,,,,,,,0,0,0,0,0.000000,0.000000,0.000000,0.000000,0.000000,0.000000,0.785398
110.000000,115.000000,160.000000,170.000000,0,0,1.000000,no_data,0,0.000000,,,,,,,,,,,,,,,,,,,,,,,0,0,0,0,0.000000,0.000000,0.000000,0.000000,0.000000,0.000000,0.785398
110.000000,115.000000,170.000000,180.000000,0,0,1.000000,no_data,0,0.000000,,,,,,,,,,,,,,,,,,,,,,,0,0,0,0,0.000000,0.000000,0.000000,0.000000,0.000000,0.000000,0.785398
115.000000,120.000000,-180.000000,-170.000000,0,0,1.000000,no_data,0,0.000000,,,,,,,,,,,,,,,,,,,,,,,0,0,0,0,0.000000,0.000000,0.000000,0.000000,0.000000,0.000000,0.785398
115.000000,120.000000,-170.000000,-160.000000,0,0,1.000000,no_data,0,0.000000,,,,,,,,,,,,,,,,,,,,,,,0,0,0,0,0.000000,0.000000,0.000000,0.000000,0.000000,0.000000,0.785398
115.000000,120.000000,-160.000000,-150.000000,0,0,1.000000,no_data,0,0.000000,,,,,,,,,,,,,,,,,,,,,,,0,0,0,0,0.000000,0.000000,0.000000,0.000000,0.000000,0.000000,0.785398
115.000000,120.000000,-150.000000,-140.000000,0,0,1.000000,no_data,0,0.000000,,,,,,,,,,,,,,,,,,,,,,,0,0,0,0,0.000000,0.000000,0.000000,0.000000,0.000000,0.000000,0.785398
115.000000,120.000000,-140.000000,-130.000000,0,0,1.000000,no_data,0,0.000000,,,,,,,,,,,,,,,,,,,,,,,0,0,0,0,0.000000,0.000000,0.000000,0.000000,0.000000,0.000000,0.785398
115.000000,120.000000,-130.000000,-120.000000,0,0,1.000000,no_data,0,0.000000,,,,,,,,,,,,,,,,,,,,,,,0,0,0,0,0.000000,0.000000,0.000000,0.000000,0.000000,0.000000,0.785398
115.000000,120.000000,-120.000000,-110.000000,0,0,1.000000,no_data,0,0.000000,,,,,,,,,,,,,,,,,,,,,,,0,0,0,0,0.000000,0.000000,0.000000,0.000000,0.000000,0.000000,0.785398
115.000000,120.000000,-110.000000,-100.000000,0,0,1.000000,no_data,0,0.000000,,,,,,,,,,,,,,,,,,,,,,,0,0,0,0,0.000000,0.000000,0.000000,0.000000,0.000000,0.000000,0.785398
115.000000,120.000000,-100.000000,-90.000000,0,0,1.000000,no_data,0,0.000000,,,,,,,,,,,,,,,,,,,,,,,0,0,0,0,0.000000,0.000000,0.000000,0.000000,0.000000,0.000000,0.785398
115.000000,120.000000,-90.000000,-80.000000,0,0,1.000000,no_data,0,0.000000,,,,,,,,,,,,,,,,,,,,,,,0,0,0,0,0.000000,0.000000,0.000000,0.000000,0.000000,0.000000,0.785398
115.000000,120.000000,-80.000000,-70.000000,0,0,1.000000,no_data,0,0.000000,,,,,,,,,,,,,,,,,,,,,,,0,0,0,0,0.000000,0.000000,0.000000,0.000000,0.000000,0.000000,0.785398
115.000000,120.000000,-70.000000,-60.000000,0,0,1.000000,no_data,0,0.000000,,,,,,,,,,,,,,,,,,,,,,,0,0,0,0,0.000000,0.000000,0.000000,0.000000,0.000000,0.000000,0.785398
115.000000,120.000000,-60.000000,-50.000000,0,0,1.000000,no_data,0,0.000000,,,,,,,,,,,,,,,,,,,,,,,0,0,0,0,0.000000,0.000000,0.000000,0.000000,0.000000,0.000000,0.785398
115.000000,120.000000,-50.000000,-40.000000,0,0,1.000000,no_data,0,0.000000,,,,,,,,,,,,,,,,,,,,,,,0,0,0,0,0.000000,0.000000,0.000000,0.000000,0.000000,0.000000,0.785398
115.000000,120.000000,-40.000000,-30.000000,0,0,1.000000,no_data,0,0.000000,,,,,,,,,,,,,,,,,,,,,,,0,0,0,0,0.000000,0.000000,0.000000,0.000000,0.000000,0.000000,0.785398
115.000000,120.000000,-30.000000,-20.000000,0,0,1.000000,no_data,0,0.000000,,,,,,,,,,,,,,,,,,,,,,,0,0,0,0,0.000000,0.000000,0.000000,0.000000,0.000000,0.000000,0.785398
115.000000,120.000000,-20.000000,-10.000000,0,0,1.000000,no_data,0,0.000000,,,,,,,,,,,,,,,,,,,,,,,0,0,0,0,0.000000,0.000000,0.000000,0.000000,0.000000,0.000000,0.785398
115.000000,120.000000,-10.000000,0.000000,72,72,1.000000,no_data,0,0.000000,,,,,,,,,,,,,,,,,,,,,,,0,0,0,0,0.000000,0.000000,0.000000,0.000000,0.000000,0.000000,0.785398
115.000000,120.000000,0.000000,10.000000,191,191,1.000000,no_data,0,0.000000,,,,,,,,,,,,,,,,,,,,,,,0,0,0,0,0.000000,0.000000,0.000000,0.000000,0.000000,0.000000,0.785398
115.000000,120.000000,10.000000,20.000000,30,30,1.000000,no_data,0,0.000000,,,,,,,,,,,,,,,,,,,,,,,0,0,0,0,0.000000,0.000000,0.000000,0.000000,0.000000,0.000000,0.785398
115.000000,120.000000,20.000000,30.000000,0,0,1.000000,no_data,0,0.000000,,,,,,,,,,,,,,,,,,,,,,,0,0,0,0,0.000000,0.000000,0.000000,0.000000,0.000000,0.000000,0.785398
115.000000,120.000000,30.000000,40.000000,0,0,1.000000,no_data,0,0.000000,,,,,,,,,,,,,,,,,,,,,,,0,0,0,0,0.000000,0.000000,0.000000,0.000000,0.000000,0.000000,0.785398
115.000000,120.000000,40.000000,50.000000,0,0,1.000000,no_data,0,0.000000,,,,,,,,,,,,,,,,,,,,,,,0,0,0,0,0.000000,0.000000,0.000000,0.000000,0.000000,0.000000,0.785398
115.000000,120.000000,50.000000,60.000000,0,0,1.000000,no_data,0,0.000000,,,,,,,,,,,,,,,,,,,,,,,0,0,0,0,0.000000,0.000000,0.000000,0.000000,0.000000,0.000000,0.785398
115.000000,120.000000,60.000000,70.000000,0,0,1.000000,no_data,0,0.000000,,,,,,,,,,,,,,,,,,,,,,,0,0,0,0,0.000000,0.000000,0.000000,0.000000,0.000000,0.000000,0.785398
115.000000,120.000000,70.000000,80.000000,0,0,1.000000,no_data,0,0.000000,,,,,,,,,,,,,,,,,,,,,,,0,0,0,0,0.000000,0.000000,0.000000,0.000000,0.000000,0.000000,0.785398
115.000000,120.000000,80.000000,90.000000,0,0,1.000000,no_data,0,0.000000,,,,,,,,,,,,,,,,,,,,,,,0,0,0,0,0.000000,0.000000,0.000000,0.000000,0.000000,0.000000,0.785398
115.000000,120.000000,90.000000,100.000000,0,0,1.000000,no_data,0,0.000000,,,,,,,,,,,,,,,,,,,,,,,0,0,0,0,0.000000,0.000000,0.000000,0.000000,0.000000,0.000000,0.785398
115.000000,120.000000,100.000000,110.000000,0,0,1.000000,no_data,0,0.000000,,,,,,,,,,,,,,,,,,,,,,,0,0,0,0,0.000000,0.000000,0.000000,0.000000,0.000000,0.000000,0.785398
115.000000,120.000000,110.000000,120.000000,0,0,1.000000,no_data,0,0.000000,,,,,,,,,,,,,,,,,,,,,,,0,0,0,0,0.000000,0.000000,0.000000,0.000000,0.000000,0.000000,0.785398
115.000000,120.000000,120.000000,130.000000,0,0,1.000000,no_data,0,0.000000,,,,,,,,,,,,,,,,,,,,,,,0,0,0,0,0.000000,0.000000,0.000000,0.000000,0.000000,0.000000,0.785398
115.000000,120.000000,130.000000,140.000000,0,0,1.000000,no_data,0,0.000000,,,,,,,,,,,,,,,,,,,,,,,0,0,0,0,0.000000,0.000000,0.000000,0.000000,0.000000,0.000000,0.785398
115.000000,120.000000,140.000000,150.000000,0,0,1.000000,no_data,0,0.000000,,,,,,,,,,,,,,,,,,,,,,,0,0,0,0,0.000000,0.000000,0.000000,0.000000,0.000000,0.000000,0.785398
115.000000,120.000000,150.000000,160.000000,0,0,1.000000,no_data,0,0.000000,,,,,,,,,,,,,,,,,,,,,,,0,0,0,0,0.000000,0.000000,0.000000,0.000000,0.000000,0.000000,0.785398
115.000000,120.000000,160.000000,170.000000,0,0,1.000000,no_data,0,0.000000,,,,,,,,,,,,,,,,,,,,,,,0,0,0,0,0.000000,0.000000,0.000000,0.000000,0.000000,0.000000,0.785398
115.000000,120.000000,170.000000,180.000000,0,0,1.000000,no_data,0,0.000000,,,,,,,,,,,,,,,,,,,,,,,0,0,0,0,0.000000,0.000000,0.000000,0.000000,0.000000,0.000000,0.785398
