# DAIR-V2X-Seq SPD PointPillars (infrastructure node yizhuang16, train-calibrated) - Polar binned error distributions (angle+distance)
# normal: param1=mu(0), param2=std, param3=mae; miss_detection constant: param1=miss_rate

error_type,dist_min,dist_max,angle_min,angle_max,distribution,param1,param2,param3
miss_detection,0.0,5.0,-180.0,-170.0,constant,1.000000,,
distal,0.0,5.0,-180.0,-170.0,normal,0.000000,0.109864,0.074604
perpendicular,0.0,5.0,-180.0,-170.0,normal,0.000000,0.134888,0.089462
height,0.0,5.0,-180.0,-170.0,normal,0.000000,0.107713,0.072683
yaw,0.0,5.0,-180.0,-170.0,normal,0.000000,0.369488,0.103646
width,0.0,5.0,-180.0,-170.0,normal,0.000000,0.101019,0.074218
length,0.0,5.0,-180.0,-170.0,normal,0.000000,0.167888,0.112348
box_height,0.0,5.0,-180.0,-170.0,normal,0.000000,0.094363,0.067277
miss_detection,0.0,5.0,-170.0,-160.0,constant,1.000000,,
distal,0.0,5.0,-170.0,-160.0,normal,0.000000,0.109864,0.074604
perpendicular,0.0,5.0,-170.0,-160.0,normal,0.000000,0.134888,0.089462
height,0.0,5.0,-170.0,-160.0,normal,0.000000,0.107713,0.072683
yaw,0.0,5.0,-170.0,-160.0,normal,0.000000,0.369488,0.103646
width,0.0,5.0,-170.0,-160.0,normal,0.000000,0.101019,0.074218
length,0.0,5.0,-170.0,-160.0,normal,0.000000,0.167888,0.112348
box_height,0.0,5.0,-170.0,-160.0,normal,0.000000,0.094363,0.067277
miss_detection,0.0,5.0,-160.0,-150.0,constant,1.000000,,
distal,0.0,5.0,-160.0,-150.0,normal,0.000000,0.109864,0.074604
perpendicular,0.0,5.0,-160.0,-150.0,normal,0.000000,0.134888,0.089462
height,0.0,5.0,-160.0,-150.0,normal,0.000000,0.107713,0.072683
yaw,0.0,5.0,-160.0,-150.0,normal,0.000000,0.369488,0.103646
width,0.0,5.0,-160.0,-150.0,normal,0.000000,0.101019,0.074218
length,0.0,5.0,-160.0,-150.0,normal,0.000000,0.167888,0.112348
box_height,0.0,5.0,-160.0,-150.0,normal,0.000000,0.094363,0.067277
miss_detection,0.0,5.0,-150.0,-140.0,constant,1.000000,,
distal,0.0,5.0,-150.0,-140.0,normal,0.000000,0.109864,0.074604
perpendicular,0.0,5.0,-150.0,-140.0,normal,0.000000,0.134888,0.089462
height,0.0,5.0,-150.0,-140.0,normal,0.000000,0.107713,0.072683
yaw,0.0,5.0,-150.0,-140.0,normal,0.000000,0.369488,0.103646
width,0.0,5.0,-150.0,-140.0,normal,0.000000,0.101019,0.074218
length,0.0,5.0,-150.0,-140.0,normal,0.000000,0.167888,0.112348
box_height,0.0,5.0,-150.0,-140.0,normal,0.000000,0.094363,0.067277
miss_detection,0.0,5.0,-140.0,-130.0,constant,1.000000,,
distal,0.0,5.0,-140.0,-130.0,normal,0.000000,0.109864,0.074604
perpendicular,0.0,5.0,-140.0,-130.0,normal,0.000000,0.134888,0.089462
height,0.0,5.0,-140.0,-130.0,normal,0.000000,0.107713,0.072683
yaw,0.0,5.0,-140.0,-130.0,normal,0.000000,0.369488,0.103646
width,0.0,5.0,-140.0,-130.0,normal,0.000000,0.101019,0.074218
length,0.0,5.0,-140.0,-130.0,normal,0.000000,0.167888,0.112348
box_height,0.0,5.0,-140.0,-130.0,normal,0.000000,0.094363,0.067277
miss_detection,0.0,5.0,-130.0,-120.0,constant,1.000000,,
distal,0.0,5.0,-130.0,-120.0,normal,0.000000,0.109864,0.074604
perpendicular,0.0,5.0,-130.0,-120.0,normal,0.000000,0.134888,0.089462
height,0.0,5.0,-130.0,-120.0,normal,0.000000,0.107713,0.072683
yaw,0.0,5.0,-130.0,-120.0,normal,0.000000,0.369488,0.103646
width,0.0,5.0,-130.0,-120.0,normal,0.000000,0.101019,0.074218
length,0.0,5.0,-130.0,-120.0,normal,0.000000,0.167888,0.112348
box_height,0.0,5.0,-130.0,-120.0,normal,0.000000,0.094363,0.067277
miss_detection,0.0,5.0,-120.0,-110.0,constant,1.000000,,
distal,0.0,5.0,-120.0,-110.0,normal,0.000000,0.109864,0.074604
perpendicular,0.0,5.0,-120.0,-110.0,normal,0.000000,0.134888,0.089462
height,0.0,5.0,-120.0,-110.0,normal,0.000000,0.107713,0.072683
yaw,0.0,5.0,-120.0,-110.0,normal,0.000000,0.369488,0.103646
width,0.0,5.0,-120.0,-110.0,normal,0.000000,0.101019,0.074218
length,0.0,5.0,-120.0,-110.0,normal,0.000000,0.167888,0.112348
box_height,0.0,5.0,-120.0,-110.0,normal,0.000000,0.094363,0.067277
miss_detection,0.0,5.0,-110.0,-100.0,constant,1.000000,,
distal,0.0,5.0,-110.0,-100.0,normal,0.000000,0.109864,0.074604
perpendicular,0.0,5.0,-110.0,-100.0,normal,0.000000,0.134888,0.089462
height,0.0,5.0,-110.0,-100.0,normal,0.000000,0.107713,0.072683
yaw,0.0,5.0,-110.0,-100.0,normal,0.000000,0.369488,0.103646
width,0.0,5.0,-110.0,-100.0,normal,0.000000,0.101019,0.074218
length,0.0,5.0,-110.0,-100.0,normal,0.000000,0.167888,0.112348
box_height,0.0,5.0,-110.0,-100.0,normal,0.000000,0.094363,0.067277
miss_detection,0.0,5.0,-100.0,-90.0,constant,1.000000,,
distal,0.0,5.0,-100.0,-90.0,normal,0.000000,0.109864,0.074604
perpendicular,0.0,5.0,-100.0,-90.0,normal,0.000000,0.134888,0.089462
height,0.0,5.0,-100.0,-90.0,normal,0.000000,0.107713,0.072683
yaw,0.0,5.0,-100.0,-90.0,normal,0.000000,0.369488,0.103646
width,0.0,5.0,-100.0,-90.0,normal,0.000000,0.101019,0.074218
length,0.0,5.0,-100.0,-90.0,normal,0.000000,0.167888,0.112348
box_height,0.0,5.0,-100.0,-90.0,normal,0.000000,0.094363,0.067277
miss_detection,0.0,5.0,-90.0,-80.0,constant,1.000000,,
distal,0.0,5.0,-90.0,-80.0,normal,0.000000,0.109864,0.074604
perpendicular,0.0,5.0,-90.0,-80.0,normal,0.000000,0.134888,0.089462
height,0.0,5.0,-90.0,-80.0,normal,0.000000,0.107713,0.072683
yaw,0.0,5.0,-90.0,-80.0,normal,0.000000,0.369488,0.103646
width,0.0,5.0,-90.0,-80.0,normal,0.000000,0.101019,0.074218
length,0.0,5.0,-90.0,-80.0,normal,0.000000,0.167888,0.112348
box_height,0.0,5.0,-90.0,-80.0,normal,0.000000,0.094363,0.067277
miss_detection,0.0,5.0,-80.0,-70.0,constant,1.000000,,
distal,0.0,5.0,-80.0,-70.0,normal,0.000000,0.109864,0.074604
perpendicular,0.0,5.0,-80.0,-70.0,normal,0.000000,0.134888,0.089462
height,0.0,5.0,-80.0,-70.0,normal,0.000000,0.107713,0.072683
yaw,0.0,5.0,-80.0,-70.0,normal,0.000000,0.369488,0.103646
width,0.0,5.0,-80.0,-70.0,normal,0.000000,0.101019,0.074218
length,0.0,5.0,-80.0,-70.0,normal,0.000000,0.167888,0.112348
box_height,0.0,5.0,-80.0,-70.0,normal,0.000000,0.094363,0.067277
miss_detection,0.0,5.0,-70.0,-60.0,constant,1.000000,,
distal,0.0,5.0,-70.0,-60.0,normal,0.000000,0.109864,0.074604
perpendicular,0.0,5.0,-70.0,-60.0,normal,0.000000,0.134888,0.089462
height,0.0,5.0,-70.0,-60.0,normal,0.000000,0.107713,0.072683
yaw,0.0,5.0,-70.0,-60.0,normal,0.000000,0.369488,0.103646
width,0.0,5.0,-70.0,-60.0,normal,0.000000,0.101019,0.074218
length,0.0,5.0,-70.0,-60.0,normal,0.000000,0.167888,0.112348
box_height,0.0,5.0,-70.0,-60.0,normal,0.000000,0.094363,0.067277
miss_detection,0.0,5.0,-60.0,-50.0,constant,1.000000,,
distal,0.0,5.0,-60.0,-50.0,normal,0.000000,0.109864,0.074604
perpendicular,0.0,5.0,-60.0,-50.0,normal,0.000000,0.134888,0.089462
height,0.0,5.0,-60.0,-50.0,normal,0.000000,0.107713,0.072683
yaw,0.0,5.0,-60.0,-50.0,normal,0.000000,0.369488,0.103646
width,0.0,5.0,-60.0,-50.0,normal,0.000000,0.101019,0.074218
length,0.0,5.0,-60.0,-50.0,normal,0.000000,0.167888,0.112348
box_height,0.0,5.0,-60.0,-50.0,normal,0.000000,0.094363,0.067277
miss_detection,0.0,5.0,-50.0,-40.0,constant,1.000000,,
distal,0.0,5.0,-50.0,-40.0,normal,0.000000,0.109864,0.074604
perpendicular,0.0,5.0,-50.0,-40.0,normal,0.000000,0.134888,0.089462
height,0.0,5.0,-50.0,-40.0,normal,0.000000,0.107713,0.072683
yaw,0.0,5.0,-50.0,-40.0,normal,0.000000,0.369488,0.103646
width,0.0,5.0,-50.0,-40.0,normal,0.000000,0.101019,0.074218
length,0.0,5.0,-50.0,-40.0,normal,0.000000,0.167888,0.112348
box_height,0.0,5.0,-50.0,-40.0,normal,0.000000,0.094363,0.067277
miss_detection,0.0,5.0,-40.0,-30.0,constant,1.000000,,
distal,0.0,5.0,-40.0,-30.0,normal,0.000000,0.109864,0.074604
perpendicular,0.0,5.0,-40.0,-30.0,normal,0.000000,0.134888,0.089462
height,0.0,5.0,-40.0,-30.0,normal,0.000000,0.107713,0.072683
yaw,0.0,5.0,-40.0,-30.0,normal,0.000000,0.369488,0.103646
width,0.0,5.0,-40.0,-30.0,normal,0.000000,0.101019,0.074218
length,0.0,5.0,-40.0,-30.0,normal,0.000000,0.167888,0.112348
box_height,0.0,5.0,-40.0,-30.0,normal,0.000000,0.094363,0.067277
miss_detection,0.0,5.0,-30.0,-20.0,constant,1.000000,,
distal,0.0,5.0,-30.0,-20.0,normal,0.000000,0.109864,0.074604
perpendicular,0.0,5.0,-30.0,-20.0,normal,0.000000,0.134888,0.089462
height,0.0,5.0,-30.0,-20.0,normal,0.000000,0.107713,0.072683
yaw,0.0,5.0,-30.0,-20.0,normal,0.000000,0.369488,0.103646
width,0.0,5.0,-30.0,-20.0,normal,0.000000,0.101019,0.074218
length,0.0,5.0,-30.0,-20.0,normal,0.000000,0.167888,0.112348
box_height,0.0,5.0,-30.0,-20.0,normal,0.000000,0.094363,0.067277
miss_detection,0.0,5.0,-20.0,-10.0,constant,1.000000,,
distal,0.0,5.0,-20.0,-10.0,normal,0.000000,0.109864,0.074604
perpendicular,0.0,5.0,-20.0,-10.0,normal,0.000000,0.134888,0.089462
height,0.0,5.0,-20.0,-10.0,normal,0.000000,0.107713,0.072683
yaw,0.0,5.0,-20.0,-10.0,normal,0.000000,0.369488,0.103646
width,0.0,5.0,-20.0,-10.0,normal,0.000000,0.101019,0.074218
length,0.0,5.0,-20.0,-10.0,normal,0.000000,0.167888,0.112348
box_height,0.0,5.0,-20.0,-10.0,normal,0.000000,0.094363,0.067277
miss_detection,0.0,5.0,-10.0,0.0,constant,1.000000,,
distal,0.0,5.0,-10.0,0.0,normal,0.000000,0.109864,0.074604
perpendicular,0.0,5.0,-10.0,0.0,normal,0.000000,0.134888,0.089462
height,0.0,5.0,-10.0,0.0,normal,0.000000,0.107713,0.072683
yaw,0.0,5.0,-10.0,0.0,normal,0.000000,0.369488,0.103646
width,0.0,5.0,-10.0,0.0,normal,0.000000,0.101019,0.074218
length,0.0,5.0,-10.0,0.0,normal,0.000000,0.167888,0.112348
box_height,0.0,5.0,-10.0,0.0,normal,0.000000,0.094363,0.067277
miss_detection,0.0,5.0,0.0,10.0,constant,1.000000,,
distal,0.0,5.0,0.0,10.0,normal,0.000000,0.109864,0.074604
perpendicular,0.0,5.0,0.0,10.0,normal,0.000000,0.134888,0.089462
height,0.0,5.0,0.0,10.0,normal,0.000000,0.107713,0.072683
yaw,0.0,5.0,0.0,10.0,normal,0.000000,0.369488,0.103646
width,0.0,5.0,0.0,10.0,normal,0.000000,0.101019,0.074218
length,0.0,5.0,0.0,10.0,normal,0.000000,0.167888,0.112348
box_height,0.0,5.0,0.0,10.0,normal,0.000000,0.094363,0.067277
miss_detection,0.0,5.0,10.0,20.0,constant,1.000000,,
distal,0.0,5.0,10.0,20.0,normal,0.000000,0.109864,0.074604
perpendicular,0.0,5.0,10.0,20.0,normal,0.000000,0.134888,0.089462
height,0.0,5.0,10.0,20.0,normal,0.000000,0.107713,0.072683
yaw,0.0,5.0,10.0,20.0,normal,0.000000,0.369488,0.103646
width,0.0,5.0,10.0,20.0,normal,0.000000,0.101019,0.074218
length,0.0,5.0,10.0,20.0,normal,0.000000,0.167888,0.112348
box_height,0.0,5.0,10.0,20.0,normal,0.000000,0.094363,0.067277
miss_detection,0.0,5.0,20.0,30.0,constant,1.000000,,
distal,0.0,5.0,20.0,30.0,normal,0.000000,0.109864,0.074604
perpendicular,0.0,5.0,20.0,30.0,normal,0.000000,0.134888,0.089462
height,0.0,5.0,20.0,30.0,normal,0.000000,0.107713,0.072683
yaw,0.0,5.0,20.0,30.0,normal,0.000000,0.369488,0.103646
width,0.0,5.0,20.0,30.0,normal,0.000000,0.101019,0.074218
length,0.0,5.0,20.0,30.0,normal,0.000000,0.167888,0.112348
box_height,0.0,5.0,20.0,30.0,normal,0.000000,0.094363,0.067277
miss_detection,0.0,5.0,30.0,40.0,constant,1.000000,,
distal,0.0,5.0,30.0,40.0,normal,0.000000,0.109864,0.074604
perpendicular,0.0,5.0,30.0,40.0,normal,0.000000,0.134888,0.089462
height,0.0,5.0,30.0,40.0,normal,0.000000,0.107713,0.072683
yaw,0.0,5.0,30.0,40.0,normal,0.000000,0.369488,0.103646
width,0.0,5.0,30.0,40.0,normal,0.000000,0.101019,0.074218
length,0.0,5.0,30.0,40.0,normal,0.000000,0.167888,0.112348
box_height,0.0,5.0,30.0,40.0,normal,0.000000,0.094363,0.067277
miss_detection,0.0,5.0,40.0,50.0,constant,1.000000,,
distal,0.0,5.0,40.0,50.0,normal,0.000000,0.109864,0.074604
perpendicular,0.0,5.0,40.0,50.0,normal,0.000000,0.134888,0.089462
height,0.0,5.0,40.0,50.0,normal,0.000000,0.107713,0.072683
yaw,0.0,5.0,40.0,50.0,normal,0.000000,0.369488,0.103646
width,0.0,5.0,40.0,50.0,normal,0.000000,0.101019,0.074218
length,0.0,5.0,40.0,50.0,normal,0.000000,0.167888,0.112348
box_height,0.0,5.0,40.0,50.0,normal,0.000000,0.094363,0.067277
miss_detection,0.0,5.0,50.0,60.0,constant,1.000000,,
distal,0.0,5.0,50.0,60.0,normal,0.000000,0.109864,0.074604
perpendicular,0.0,5.0,50.0,60.0,normal,0.000000,0.134888,0.089462
height,0.0,5.0,50.0,60.0,normal,0.000000,0.107713,0.072683
yaw,0.0,5.0,50.0,60.0,normal,0.000000,0.369488,0.103646
width,0.0,5.0,50.0,60.0,normal,0.000000,0.101019,0.074218
length,0.0,5.0,50.0,60.0,normal,0.000000,0.167888,0.112348
box_height,0.0,5.0,50.0,60.0,normal,0.000000,0.094363,0.067277
miss_detection,0.0,5.0,60.0,70.0,constant,1.000000,,
distal,0.0,5.0,60.0,70.0,normal,0.000000,0.109864,0.074604
perpendicular,0.0,5.0,60.0,70.0,normal,0.000000,0.134888,0.089462
height,0.0,5.0,60.0,70.0,normal,0.000000,0.107713,0.072683
yaw,0.0,5.0,60.0,70.0,normal,0.000000,0.369488,0.103646
width,0.0,5.0,60.0,70.0,normal,0.000000,0.101019,0.074218
length,0.0,5.0,60.0,70.0,normal,0.000000,0.167888,0.112348
box_height,0.0,5.0,60.0,70.0,normal,0.000000,0.094363,0.067277
miss_detection,0.0,5.0,70.0,80.0,constant,1.000000,,
distal,0.0,5.0,70.0,80.0,normal,0.000000,0.109864,0.074604
perpendicular,0.0,5.0,70.0,80.0,normal,0.000000,0.134888,0.089462
height,0.0,5.0,70.0,80.0,normal,0.000000,0.107713,0.072683
yaw,0.0,5.0,70.0,80.0,normal,0.000000,0.369488,0.103646
width,0.0,5.0,70.0,80.0,normal,0.000000,0.101019,0.074218
length,0.0,5.0,70.0,80.0,normal,0.000000,0.167888,0.112348
box_height,0.0,5.0,70.0,80.0,normal,0.000000,0.094363,0.067277
miss_detection,0.0,5.0,80.0,90.0,constant,1.000000,,
distal,0.0,5.0,80.0,90.0,normal,0.000000,0.109864,0.074604
perpendicular,0.0,5.0,80.0,90.0,normal,0.000000,0.134888,0.089462
height,0.0,5.0,80.0,90.0,normal,0.000000,0.107713,0.072683
yaw,0.0,5.0,80.0,90.0,normal,0.000000,0.369488,0.103646
width,0.0,5.0,80.0,90.0,normal,0.000000,0.101019,0.074218
length,0.0,5.0,80.0,90.0,normal,0.000000,0.167888,0.112348
box_height,0.0,5.0,80.0,90.0,normal,0.000000,0.094363,0.067277
miss_detection,0.0,5.0,90.0,100.0,constant,1.000000,,
distal,0.0,5.0,90.0,100.0,normal,0.000000,0.109864,0.074604
perpendicular,0.0,5.0,90.0,100.0,normal,0.000000,0.134888,0.089462
height,0.0,5.0,90.0,100.0,normal,0.000000,0.107713,0.072683
yaw,0.0,5.0,90.0,100.0,normal,0.000000,0.369488,0.103646
width,0.0,5.0,90.0,100.0,normal,0.000000,0.101019,0.074218
length,0.0,5.0,90.0,100.0,normal,0.000000,0.167888,0.112348
box_height,0.0,5.0,90.0,100.0,normal,0.000000,0.094363,0.067277
miss_detection,0.0,5.0,100.0,110.0,constant,1.000000,,
distal,0.0,5.0,100.0,110.0,normal,0.000000,0.109864,0.074604
perpendicular,0.0,5.0,100.0,110.0,normal,0.000000,0.134888,0.089462
height,0.0,5.0,100.0,110.0,normal,0.000000,0.107713,0.072683
yaw,0.0,5.0,100.0,110.0,normal,0.000000,0.369488,0.103646
width,0.0,5.0,100.0,110.0,normal,0.000000,0.101019,0.074218
length,0.0,5.0,100.0,110.0,normal,0.000000,0.167888,0.112348
box_height,0.0,5.0,100.0,110.0,normal,0.000000,0.094363,0.067277
miss_detection,0.0,5.0,110.0,120.0,constant,1.000000,,
distal,0.0,5.0,110.0,120.0,normal,0.000000,0.109864,0.074604
perpendicular,0.0,5.0,110.0,120.0,normal,0.000000,0.134888,0.089462
height,0.0,5.0,110.0,120.0,normal,0.000000,0.107713,0.072683
yaw,0.0,5.0,110.0,120.0,normal,0.000000,0.369488,0.103646
width,0.0,5.0,110.0,120.0,normal,0.000000,0.101019,0.074218
length,0.0,5.0,110.0,120.0,normal,0.000000,0.167888,0.112348
box_height,0.0,5.0,110.0,120.0,normal,0.000000,0.094363,0.067277
miss_detection,0.0,5.0,120.0,130.0,constant,1.000000,,
distal,0.0,5.0,120.0,130.0,normal,0.000000,0.109864,0.074604
perpendicular,0.0,5.0,120.0,130.0,normal,0.000000,0.134888,0.089462
height,0.0,5.0,120.0,130.0,normal,0.000000,0.107713,0.072683
yaw,0.0,5.0,120.0,130.0,normal,0.000000,0.369488,0.103646
width,0.0,5.0,120.0,130.0,normal,0.000000,0.101019,0.074218
length,0.0,5.0,120.0,130.0,normal,0.000000,0.167888,0.112348
box_height,0.0,5.0,120.0,130.0,normal,0.000000,0.094363,0.067277
miss_detection,0.0,5.0,130.0,140.0,constant,1.000000,,
distal,0.0,5.0,130.0,140.0,normal,0.000000,0.109864,0.074604
perpendicular,0.0,5.0,130.0,140.0,normal,0.000000,0.134888,0.089462
height,0.0,5.0,130.0,140.0,normal,0.000000,0.107713,0.072683
yaw,0.0,5.0,130.0,140.0,normal,0.000000,0.369488,0.103646
width,0.0,5.0,130.0,140.0,normal,0.000000,0.101019,0.074218
length,0.0,5.0,130.0,140.0,normal,0.000000,0.167888,0.112348
box_height,0.0,5.0,130.0,140.0,normal,0.000000,0.094363,0.067277
miss_detection,0.0,5.0,140.0,150.0,constant,1.000000,,
distal,0.0,5.0,140.0,150.0,normal,0.000000,0.109864,0.074604
perpendicular,0.0,5.0,140.0,150.0,normal,0.000000,0.134888,0.089462
height,0.0,5.0,140.0,150.0,normal,0.000000,0.107713,0.072683
yaw,0.0,5.0,140.0,150.0,normal,0.000000,0.369488,0.103646
width,0.0,5.0,140.0,150.0,normal,0.000000,0.101019,0.074218
length,0.0,5.0,140.0,150.0,normal,0.000000,0.167888,0.112348
box_height,0.0,5.0,140.0,150.0,normal,0.000000,0.094363,0.067277
miss_detection,0.0,5.0,150.0,160.0,constant,1.000000,,
distal,0.0,5.0,150.0,160.0,normal,0.000000,0.109864,0.074604
perpendicular,0.0,5.0,150.0,160.0,normal,0.000000,0.134888,0.089462
height,0.0,5.0,150.0,160.0,normal,0.000000,0.107713,0.072683
yaw,0.0,5.0,150.0,160.0,normal,0.000000,0.369488,0.103646
width,0.0,5.0,150.0,160.0,normal,0.000000,0.101019,0.074218
length,0.0,5.0,150.0,160.0,normal,0.000000,0.167888,0.112348
box_height,0.0,5.0,150.0,160.0,normal,0.000000,0.094363,0.067277
miss_detection,0.0,5.0,160.0,170.0,constant,1.000000,,
distal,0.0,5.0,160.0,170.0,normal,0.000000,0.109864,0.074604
perpendicular,0.0,5.0,160.0,170.0,normal,0.000000,0.134888,0.089462
height,0.0,5.0,160.0,170.0,normal,0.000000,0.107713,0.072683
yaw,0.0,5.0,160.0,170.0,normal,0.000000,0.369488,0.103646
width,0.0,5.0,160.0,170.0,normal,0.000000,0.101019,0.074218
length,0.0,5.0,160.0,170.0,normal,0.000000,0.167888,0.112348
box_height,0.0,5.0,160.0,170.0,normal,0.000000,0.094363,0.067277
miss_detection,0.0,5.0,170.0,180.0,constant,1.000000,,
distal,0.0,5.0,170.0,180.0,normal,0.000000,0.109864,0.074604
perpendicular,0.0,5.0,170.0,180.0,normal,0.000000,0.134888,0.089462
height,0.0,5.0,170.0,180.0,normal,0.000000,0.107713,0.072683
yaw,0.0,5.0,170.0,180.0,normal,0.000000,0.369488,0.103646
width,0.0,5.0,170.0,180.0,normal,0.000000,0.101019,0.074218
length,0.0,5.0,170.0,180.0,normal,0.000000,0.167888,0.112348
box_height,0.0,5.0,170.0,180.0,normal,0.000000,0.094363,0.067277
miss_detection,5.0,10.0,-180.0,-170.0,constant,1.000000,,
distal,5.0,10.0,-180.0,-170.0,normal,0.000000,0.109864,0.074604
perpendicular,5.0,10.0,-180.0,-170.0,normal,0.000000,0.134888,0.089462
height,5.0,10.0,-180.0,-170.0,normal,0.000000,0.107713,0.072683
yaw,5.0,10.0,-180.0,-170.0,normal,0.000000,0.369488,0.103646
width,5.0,10.0,-180.0,-170.0,normal,0.000000,0.101019,0.074218
length,5.0,10.0,-180.0,-170.0,normal,0.000000,0.167888,0.112348
box_height,5.0,10.0,-180.0,-170.0,normal,0.000000,0.094363,0.067277
miss_detection,5.0,10.0,-170.0,-160.0,constant,1.000000,,
distal,5.0,10.0,-170.0,-160.0,normal,0.000000,0.109864,0.074604
perpendicular,5.0,10.0,-170.0,-160.0,normal,0.000000,0.134888,0.089462
height,5.0,10.0,-170.0,-160.0,normal,0.000000,0.107713,0.072683
yaw,5.0,10.0,-170.0,-160.0,normal,0.000000,0.369488,0.103646
width,5.0,10.0,-170.0,-160.0,normal,0.000000,0.101019,0.074218
length,5.0,10.0,-170.0,-160.0,normal,0.000000,0.167888,0.112348
box_height,5.0,10.0,-170.0,-160.0,normal,0.000000,0.094363,0.067277
miss_detection,5.0,10.0,-160.0,-150.0,constant,1.000000,,
distal,5.0,10.0,-160.0,-150.0,normal,0.000000,0.109864,0.074604
perpendicular,5.0,10.0,-160.0,-150.0,normal,0.000000,0.134888,0.089462
height,5.0,10.0,-160.0,-150.0,normal,0.000000,0.107713,0.072683
yaw,5.0,10.0,-160.0,-150.0,normal,0.000000,0.369488,0.103646
width,5.0,10.0,-160.0,-150.0,normal,0.000000,0.101019,0.074218
length,5.0,10.0,-160.0,-150.0,normal,0.000000,0.167888,0.112348
box_height,5.0,10.0,-160.0,-150.0,normal,0.000000,0.094363,0.067277
miss_detection,5.0,10.0,-150.0,-140.0,constant,1.000000,,
distal,5.0,10.0,-150.0,-140.0,normal,0.000000,0.109864,0.074604
perpendicular,5.0,10.0,-150.0,-140.0,normal,0.000000,0.134888,0.089462
height,5.0,10.0,-150.0,-140.0,normal,0.000000,0.107713,0.072683
yaw,5.0,10.0,-150.0,-140.0,normal,0.000000,0.369488,0.103646
width,5.0,10.0,-150.0,-140.0,normal,0.000000,0.101019,0.074218
length,5.0,10.0,-150.0,-140.0,normal,0.000000,0.167888,0.112348
box_height,5.0,10.0,-150.0,-140.0,normal,0.000000,0.094363,0.067277
miss_detection,5.0,10.0,-140.0,-130.0,constant,1.000000,,
distal,5.0,10.0,-140.0,-130.0,normal,0.000000,0.109864,0.074604
perpendicular,5.0,10.0,-140.0,-130.0,normal,0.000000,0.134888,0.089462
height,5.0,10.0,-140.0,-130.0,normal,0.000000,0.107713,0.072683
yaw,5.0,10.0,-140.0,-130.0,normal,0.000000,0.369488,0.103646
width,5.0,10.0,-140.0,-130.0,normal,0.000000,0.101019,0.074218
length,5.0,10.0,-140.0,-130.0,normal,0.000000,0.167888,0.112348
box_height,5.0,10.0,-140.0,-130.0,normal,0.000000,0.094363,0.067277
miss_detection,5.0,10.0,-130.0,-120.0,constant,1.000000,,
distal,5.0,10.0,-130.0,-120.0,normal,0.000000,0.109864,0.074604
perpendicular,5.0,10.0,-130.0,-120.0,normal,0.000000,0.134888,0.089462
height,5.0,10.0,-130.0,-120.0,normal,0.000000,0.107713,0.072683
yaw,5.0,10.0,-130.0,-120.0,normal,0.000000,0.369488,0.103646
width,5.0,10.0,-130.0,-120.0,normal,0.000000,0.101019,0.074218
length,5.0,10.0,-130.0,-120.0,normal,0.000000,0.167888,0.112348
box_height,5.0,10.0,-130.0,-120.0,normal,0.000000,0.094363,0.067277
miss_detection,5.0,10.0,-120.0,-110.0,constant,1.000000,,
distal,5.0,10.0,-120.0,-110.0,normal,0.000000,0.109864,0.074604
perpendicular,5.0,10.0,-120.0,-110.0,normal,0.000000,0.134888,0.089462
height,5.0,10.0,-120.0,-110.0,normal,0.000000,0.107713,0.072683
yaw,5.0,10.0,-120.0,-110.0,normal,0.000000,0.369488,0.103646
width,5.0,10.0,-120.0,-110.0,normal,0.000000,0.101019,0.074218
length,5.0,10.0,-120.0,-110.0,normal,0.000000,0.167888,0.112348
box_height,5.0,10.0,-120.0,-110.0,normal,0.000000,0.094363,0.067277
miss_detection,5.0,10.0,-110.0,-100.0,constant,1.000000,,
distal,5.0,10.0,-110.0,-100.0,normal,0.000000,0.109864,0.074604
perpendicular,5.0,10.0,-110.0,-100.0,normal,0.000000,0.134888,0.089462
height,5.0,10.0,-110.0,-100.0,normal,0.000000,0.107713,0.072683
yaw,5.0,10.0,-110.0,-100.0,normal,0.000000,0.369488,0.103646
width,5.0,10.0,-110.0,-100.0,normal,0.000000,0.101019,0.074218
length,5.0,10.0,-110.0,-100.0,normal,0.000000,0.167888,0.112348
box_height,5.0,10.0,-110.0,-100.0,normal,0.000000,0.094363,0.067277
miss_detection,5.0,10.0,-100.0,-90.0,constant,1.000000,,
distal,5.0,10.0,-100.0,-90.0,normal,0.000000,0.109864,0.074604
perpendicular,5.0,10.0,-100.0,-90.0,normal,0.000000,0.134888,0.089462
height,5.0,10.0,-100.0,-90.0,normal,0.000000,0.107713,0.072683
yaw,5.0,10.0,-100.0,-90.0,normal,0.000000,0.369488,0.103646
width,5.0,10.0,-100.0,-90.0,normal,0.000000,0.101019,0.074218
length,5.0,10.0,-100.0,-90.0,normal,0.000000,0.167888,0.112348
box_height,5.0,10.0,-100.0,-90.0,normal,0.000000,0.094363,0.067277
miss_detection,5.0,10.0,-90.0,-80.0,constant,1.000000,,
distal,5.0,10.0,-90.0,-80.0,normal,0.000000,0.109864,0.074604
perpendicular,5.0,10.0,-90.0,-80.0,normal,0.000000,0.134888,0.089462
height,5.0,10.0,-90.0,-80.0,normal,0.000000,0.107713,0.072683
yaw,5.0,10.0,-90.0,-80.0,normal,0.000000,0.369488,0.103646
width,5.0,10.0,-90.0,-80.0,normal,0.000000,0.101019,0.074218
length,5.0,10.0,-90.0,-80.0,normal,0.000000,0.167888,0.112348
box_height,5.0,10.0,-90.0,-80.0,normal,0.000000,0.094363,0.067277
miss_detection,5.0,10.0,-80.0,-70.0,constant,1.000000,,
distal,5.0,10.0,-80.0,-70.0,normal,0.000000,0.109864,0.074604
perpendicular,5.0,10.0,-80.0,-70.0,normal,0.000000,0.134888,0.089462
height,5.0,10.0,-80.0,-70.0,normal,0.000000,0.107713,0.072683
yaw,5.0,10.0,-80.0,-70.0,normal,0.000000,0.369488,0.103646
width,5.0,10.0,-80.0,-70.0,normal,0.000000,0.101019,0.074218
length,5.0,10.0,-80.0,-70.0,normal,0.000000,0.167888,0.112348
box_height,5.0,10.0,-80.0,-70.0,normal,0.000000,0.094363,0.067277
miss_detection,5.0,10.0,-70.0,-60.0,constant,1.000000,,
distal,5.0,10.0,-70.0,-60.0,normal,0.000000,0.109864,0.074604
perpendicular,5.0,10.0,-70.0,-60.0,normal,0.000000,0.134888,0.089462
height,5.0,10.0,-70.0,-60.0,normal,0.000000,0.107713,0.072683
yaw,5.0,10.0,-70.0,-60.0,normal,0.000000,0.369488,0.103646
width,5.0,10.0,-70.0,-60.0,normal,0.000000,0.101019,0.074218
length,5.0,10.0,-70.0,-60.0,normal,0.000000,0.167888,0.112348
box_height,5.0,10.0,-70.0,-60.0,normal,0.000000,0.094363,0.067277
miss_detection,5.0,10.0,-60.0,-50.0,constant,1.000000,,
distal,5.0,10.0,-60.0,-50.0,normal,0.000000,0.109864,0.074604
perpendicular,5.0,10.0,-60.0,-50.0,normal,0.000000,0.134888,0.089462
height,5.0,10.0,-60.0,-50.0,normal,0.000000,0.107713,0.072683
yaw,5.0,10.0,-60.0,-50.0,normal,0.000000,0.369488,0.103646
width,5.0,10.0,-60.0,-50.0,normal,0.000000,0.101019,0.074218
length,5.0,10.0,-60.0,-50.0,normal,0.000000,0.167888,0.112348
box_height,5.0,10.0,-60.0,-50.0,normal,0.000000,0.094363,0.067277
miss_detection,5.0,10.0,-50.0,-40.0,constant,1.000000,,
distal,5.0,10.0,-50.0,-40.0,normal,0.000000,0.109864,0.074604
perpendicular,5.0,10.0,-50.0,-40.0,normal,0.000000,0.134888,0.089462
height,5.0,10.0,-50.0,-40.0,normal,0.000000,0.107713,0.072683
yaw,5.0,10.0,-50.0,-40.0,normal,0.000000,0.369488,0.103646
width,5.0,10.0,-50.0,-40.0,normal,0.000000,0.101019,0.074218
length,5.0,10.0,-50.0,-40.0,normal,0.000000,0.167888,0.112348
box_height,5.0,10.0,-50.0,-40.0,normal,0.000000,0.094363,0.067277
miss_detection,5.0,10.0,-40.0,-30.0,constant,1.000000,,
distal,5.0,10.0,-40.0,-30.0,normal,0.000000,0.109864,0.074604
perpendicular,5.0,10.0,-40.0,-30.0,normal,0.000000,0.134888,0.089462
height,5.0,10.0,-40.0,-30.0,normal,0.000000,0.107713,0.072683
yaw,5.0,10.0,-40.0,-30.0,normal,0.000000,0.369488,0.103646
width,5.0,10.0,-40.0,-30.0,normal,0.000000,0.101019,0.074218
length,5.0,10.0,-40.0,-30.0,normal,0.000000,0.167888,0.112348
box_height,5.0,10.0,-40.0,-30.0,normal,0.000000,0.094363,0.067277
miss_detection,5.0,10.0,-30.0,-20.0,constant,1.000000,,
distal,5.0,10.0,-30.0,-20.0,normal,0.000000,0.109864,0.074604
perpendicular,5.0,10.0,-30.0,-20.0,normal,0.000000,0.134888,0.089462
height,5.0,10.0,-30.0,-20.0,normal,0.000000,0.107713,0.072683
yaw,5.0,10.0,-30.0,-20.0,normal,0.000000,0.369488,0.103646
width,5.0,10.0,-30.0,-20.0,normal,0.000000,0.101019,0.074218
length,5.0,10.0,-30.0,-20.0,normal,0.000000,0.167888,0.112348
box_height,5.0,10.0,-30.0,-20.0,normal,0.000000,0.094363,0.067277
miss_detection,5.0,10.0,-20.0,-10.0,constant,1.000000,,
distal,5.0,10.0,-20.0,-10.0,normal,0.000000,0.109864,0.074604
perpendicular,5.0,10.0,-20.0,-10.0,normal,0.000000,0.134888,0.089462
height,5.0,10.0,-20.0,-10.0,normal,0.000000,0.107713,0.072683
yaw,5.0,10.0,-20.0,-10.0,normal,0.000000,0.369488,0.103646
width,5.0,10.0,-20.0,-10.0,normal,0.000000,0.101019,0.074218
length,5.0,10.0,-20.0,-10.0,normal,0.000000,0.167888,0.112348
box_height,5.0,10.0,-20.0,-10.0,normal,0.000000,0.094363,0.067277
miss_detection,5.0,10.0,-10.0,0.0,constant,1.000000,,
distal,5.0,10.0,-10.0,0.0,normal,0.000000,0.109864,0.074604
perpendicular,5.0,10.0,-10.0,0.0,normal,0.000000,0.134888,0.089462
height,5.0,10.0,-10.0,0.0,normal,0.000000,0.107713,0.072683
yaw,5.0,10.0,-10.0,0.0,normal,0.000000,0.369488,0.103646
width,5.0,10.0,-10.0,0.0,normal,0.000000,0.101019,0.074218
length,5.0,10.0,-10.0,0.0,normal,0.000000,0.167888,0.112348
box_height,5.0,10.0,-10.0,0.0,normal,0.000000,0.094363,0.067277
miss_detection,5.0,10.0,0.0,10.0,constant,1.000000,,
distal,5.0,10.0,0.0,10.0,normal,0.000000,0.109864,0.074604
perpendicular,5.0,10.0,0.0,10.0,normal,0.000000,0.134888,0.089462
height,5.0,10.0,0.0,10.0,normal,0.000000,0.107713,0.072683
yaw,5.0,10.0,0.0,10.0,normal,0.000000,0.369488,0.103646
width,5.0,10.0,0.0,10.0,normal,0.000000,0.101019,0.074218
length,5.0,10.0,0.0,10.0,normal,0.000000,0.167888,0.112348
box_height,5.0,10.0,0.0,10.0,normal,0.000000,0.094363,0.067277
miss_detection,5.0,10.0,10.0,20.0,constant,1.000000,,
distal,5.0,10.0,10.0,20.0,normal,0.000000,0.109864,0.074604
perpendicular,5.0,10.0,10.0,20.0,normal,0.000000,0.134888,0.089462
height,5.0,10.0,10.0,20.0,normal,0.000000,0.107713,0.072683
yaw,5.0,10.0,10.0,20.0,normal,0.000000,0.369488,0.103646
width,5.0,10.0,10.0,20.0,normal,0.000000,0.101019,0.074218
length,5.0,10.0,10.0,20.0,normal,0.000000,0.167888,0.112348
box_height,5.0,10.0,10.0,20.0,normal,0.000000,0.094363,0.067277
miss_detection,5.0,10.0,20.0,30.0,constant,1.000000,,
distal,5.0,10.0,20.0,30.0,normal,0.000000,0.109864,0.074604
perpendicular,5.0,10.0,20.0,30.0,normal,0.000000,0.134888,0.089462
height,5.0,10.0,20.0,30.0,normal,0.000000,0.107713,0.072683
yaw,5.0,10.0,20.0,30.0,normal,0.000000,0.369488,0.103646
width,5.0,10.0,20.0,30.0,normal,0.000000,0.101019,0.074218
length,5.0,10.0,20.0,30.0,normal,0.000000,0.167888,0.112348
box_height,5.0,10.0,20.0,30.0,normal,0.000000,0.094363,0.067277
miss_detection,5.0,10.0,30.0,40.0,constant,1.000000,,
distal,5.0,10.0,30.0,40.0,normal,0.000000,0.109864,0.074604
perpendicular,5.0,10.0,30.0,40.0,normal,0.000000,0.134888,0.089462
height,5.0,10.0,30.0,40.0,normal,0.000000,0.107713,0.072683
yaw,5.0,10.0,30.0,40.0,normal,0.000000,0.369488,0.103646
width,5.0,10.0,30.0,40.0,normal,0.000000,0.101019,0.074218
length,5.0,10.0,30.0,40.0,normal,0.000000,0.167888,0.112348
box_height,5.0,10.0,30.0,40.0,normal,0.000000,0.094363,0.067277
miss_detection,5.0,10.0,40.0,50.0,constant,1.000000,,
distal,5.0,10.0,40.0,50.0,normal,0.000000,0.109864,0.074604
perpendicular,5.0,10.0,40.0,50.0,normal,0.000000,0.134888,0.089462
height,5.0,10.0,40.0,50.0,normal,0.000000,0.107713,0.072683
yaw,5.0,10.0,40.0,50.0,normal,0.000000,0.369488,0.103646
width,5.0,10.0,40.0,50.0,normal,0.000000,0.101019,0.074218
length,5.0,10.0,40.0,50.0,normal,0.000000,0.167888,0.112348
box_height,5.0,10.0,40.0,50.0,normal,0.000000,0.094363,0.067277
miss_detection,5.0,10.0,50.0,60.0,constant,1.000000,,
distal,5.0,10.0,50.0,60.0,normal,0.000000,0.109864,0.074604
perpendicular,5.0,10.0,50.0,60.0,normal,0.000000,0.134888,0.089462
height,5.0,10.0,50.0,60.0,normal,0.000000,0.107713,0.072683
yaw,5.0,10.0,50.0,60.0,normal,0.000000,0.369488,0.103646
width,5.0,10.0,50.0,60.0,normal,0.000000,0.101019,0.074218
length,5.0,10.0,50.0,60.0,normal,0.000000,0.167888,0.112348
box_height,5.0,10.0,50.0,60.0,normal,0.000000,0.094363,0.067277
miss_detection,5.0,10.0,60.0,70.0,constant,1.000000,,
distal,5.0,10.0,60.0,70.0,normal,0.000000,0.109864,0.074604
perpendicular,5.0,10.0,60.0,70.0,normal,0.000000,0.134888,0.089462
height,5.0,10.0,60.0,70.0,normal,0.000000,0.107713,0.072683
yaw,5.0,10.0,60.0,70.0,normal,0.000000,0.369488,0.103646
width,5.0,10.0,60.0,70.0,normal,0.000000,0.101019,0.074218
length,5.0,10.0,60.0,70.0,normal,0.000000,0.167888,0.112348
box_height,5.0,10.0,60.0,70.0,normal,0.000000,0.094363,0.067277
miss_detection,5.0,10.0,70.0,80.0,constant,1.000000,,
distal,5.0,10.0,70.0,80.0,normal,0.000000,0.109864,0.074604
perpendicular,5.0,10.0,70.0,80.0,normal,0.000000,0.134888,0.089462
height,5.0,10.0,70.0,80.0,normal,0.000000,0.107713,0.072683
yaw,5.0,10.0,70.0,80.0,normal,0.000000,0.369488,0.103646
width,5.0,10.0,70.0,80.0,normal,0.000000,0.101019,0.074218
length,5.0,10.0,70.0,80.0,normal,0.000000,0.167888,0.112348
box_height,5.0,10.0,70.0,80.0,normal,0.000000,0.094363,0.067277
miss_detection,5.0,10.0,80.0,90.0,constant,1.000000,,
distal,5.0,10.0,80.0,90.0,normal,0.000000,0.109864,0.074604
perpendicular,5.0,10.0,80.0,90.0,normal,0.000000,0.134888,0.089462
height,5.0,10.0,80.0,90.0,normal,0.000000,0.107713,0.072683
yaw,5.0,10.0,80.0,90.0,normal,0.000000,0.369488,0.103646
width,5.0,10.0,80.0,90.0,normal,0.000000,0.101019,0.074218
length,5.0,10.0,80.0,90.0,normal,0.000000,0.167888,0.112348
box_height,5.0,10.0,80.0,90.0,normal,0.000000,0.094363,0.067277
miss_detection,5.0,10.0,90.0,100.0,constant,1.000000,,
distal,5.0,10.0,90.0,100.0,normal,0.000000,0.109864,0.074604
perpendicular,5.0,10.0,90.0,100.0,normal,0.000000,0.134888,0.089462
height,5.0,10.0,90.0,100.0,normal,0.000000,0.107713,0.072683
yaw,5.0,10.0,90.0,100.0,normal,0.000000,0.369488,0.103646
width,5.0,10.0,90.0,100.0,normal,0.000000,0.101019,0.074218
length,5.0,10.0,90.0,100.0,normal,0.000000,0.167888,0.112348
box_height,5.0,10.0,90.0,100.0,normal,0.000000,0.094363,0.067277
miss_detection,5.0,10.0,100.0,110.0,constant,1.000000,,
distal,5.0,10.0,100.0,110.0,normal,0.000000,0.109864,0.074604
perpendicular,5.0,10.0,100.0,110.0,normal,0.000000,0.134888,0.089462
height,5.0,10.0,100.0,110.0,normal,0.000000,0.107713,0.072683
yaw,5.0,10.0,100.0,110.0,normal,0.000000,0.369488,0.103646
width,5.0,10.0,100.0,110.0,normal,0.000000,0.101019,0.074218
length,5.0,10.0,100.0,110.0,normal,0.000000,0.167888,0.112348
box_height,5.0,10.0,100.0,110.0,normal,0.000000,0.094363,0.067277
miss_detection,5.0,10.0,110.0,120.0,constant,1.000000,,
distal,5.0,10.0,110.0,120.0,normal,0.000000,0.109864,0.074604
perpendicular,5.0,10.0,110.0,120.0,normal,0.000000,0.134888,0.089462
height,5.0,10.0,110.0,120.0,normal,0.000000,0.107713,0.072683
yaw,5.0,10.0,110.0,120.0,normal,0.000000,0.369488,0.103646
width,5.0,10.0,110.0,120.0,normal,0.000000,0.101019,0.074218
length,5.0,10.0,110.0,120.0,normal,0.000000,0.167888,0.112348
box_height,5.0,10.0,110.0,120.0,normal,0.000000,0.094363,0.067277
miss_detection,5.0,10.0,120.0,130.0,constant,1.000000,,
distal,5.0,10.0,120.0,130.0,normal,0.000000,0.109864,0.074604
perpendicular,5.0,10.0,120.0,130.0,normal,0.000000,0.134888,0.089462
height,5.0,10.0,120.0,130.0,normal,0.000000,0.107713,0.072683
yaw,5.0,10.0,120.0,130.0,normal,0.000000,0.369488,0.103646
width,5.0,10.0,120.0,130.0,normal,0.000000,0.101019,0.074218
length,5.0,10.0,120.0,130.0,normal,0.000000,0.167888,0.112348
box_height,5.0,10.0,120.0,130.0,normal,0.000000,0.094363,0.067277
miss_detection,5.0,10.0,130.0,140.0,constant,1.000000,,
distal,5.0,10.0,130.0,140.0,normal,0.000000,0.109864,0.074604
perpendicular,5.0,10.0,130.0,140.0,normal,0.000000,0.134888,0.089462
height,5.0,10.0,130.0,140.0,normal,0.000000,0.107713,0.072683
yaw,5.0,10.0,130.0,140.0,normal,0.000000,0.369488,0.103646
width,5.0,10.0,130.0,140.0,normal,0.000000,0.101019,0.074218
length,5.0,10.0,130.0,140.0,normal,0.000000,0.167888,0.112348
box_height,5.0,10.0,130.0,140.0,normal,0.000000,0.094363,0.067277
miss_detection,5.0,10.0,140.0,150.0,constant,1.000000,,
distal,5.0,10.0,140.0,150.0,normal,0.000000,0.109864,0.074604
perpendicular,5.0,10.0,140.0,150.0,normal,0.000000,0.134888,0.089462
height,5.0,10.0,140.0,150.0,normal,0.000000,0.107713,0.072683
yaw,5.0,10.0,140.0,150.0,normal,0.000000,0.369488,0.103646
width,5.0,10.0,140.0,150.0,normal,0.000000,0.101019,0.074218
length,5.0,10.0,140.0,150.0,normal,0.000000,0.167888,0.112348
box_height,5.0,10.0,140.0,150.0,normal,0.000000,0.094363,0.067277
miss_detection,5.0,10.0,150.0,160.0,constant,1.000000,,
distal,5.0,10.0,150.0,160.0,normal,0.000000,0.109864,0.074604
perpendicular,5.0,10.0,150.0,160.0,normal,0.000000,0.134888,0.089462
height,5.0,10.0,150.0,160.0,normal,0.000000,0.107713,0.072683
yaw,5.0,10.0,150.0,160.0,normal,0.000000,0.369488,0.103646
width,5.0,10.0,150.0,160.0,normal,0.000000,0.101019,0.074218
length,5.0,10.0,150.0,160.0,normal,0.000000,0.167888,0.112348
box_height,5.0,10.0,150.0,160.0,normal,0.000000,0.094363,0.067277
miss_detection,5.0,10.0,160.0,170.0,constant,1.000000,,
distal,5.0,10.0,160.0,170.0,normal,0.000000,0.109864,0.074604
perpendicular,5.0,10.0,160.0,170.0,normal,0.000000,0.134888,0.089462
height,5.0,10.0,160.0,170.0,normal,0.000000,0.107713,0.072683
yaw,5.0,10.0,160.0,170.0,normal,0.000000,0.369488,0.103646
width,5.0,10.0,160.0,170.0,normal,0.000000,0.101019,0.074218
length,5.0,10.0,160.0,170.0,normal,0.000000,0.167888,0.112348
box_height,5.0,10.0,160.0,170.0,normal,0.000000,0.094363,0.067277
miss_detection,5.0,10.0,170.0,180.0,constant,1.000000,,
distal,5.0,10.0,170.0,180.0,normal,0.000000,0.109864,0.074604
perpendicular,5.0,10.0,170.0,180.0,normal,0.000000,0.134888,0.089462
height,5.0,10.0,170.0,180.0,normal,0.000000,0.107713,0.072683
yaw,5.0,10.0,170.0,180.0,normal,0.000000,0.369488,0.103646
width,5.0,10.0,170.0,180.0,normal,0.000000,0.101019,0.074218
length,5.0,10.0,170.0,180.0,normal,0.000000,0.167888,0.112348
box_height,5.0,10.0,170.0,180.0,normal,0.000000,0.094363,0.067277
miss_detection,10.0,15.0,-180.0,-170.0,constant,1.000000,,
distal,10.0,15.0,-180.0,-170.0,normal,0.000000,0.109864,0.074604
perpendicular,10.0,15.0,-180.0,-170.0,normal,0.000000,0.134888,0.089462
height,10.0,15.0,-180.0,-170.0,normal,0.000000,0.107713,0.072683
yaw,10.0,15.0,-180.0,-170.0,normal,0.000000,0.369488,0.103646
width,10.0,15.0,-180.0,-170.0,normal,0.000000,0.101019,0.074218
length,10.0,15.0,-180.0,-170.0,normal,0.000000,0.167888,0.112348
box_height,10.0,15.0,-180.0,-170.0,normal,0.000000,0.094363,0.067277
miss_detection,10.0,15.0,-170.0,-160.0,constant,1.000000,,
distal,10.0,15.0,-170.0,-160.0,normal,0.000000,0.109864,0.074604
perpendicular,10.0,15.0,-170.0,-160.0,normal,0.000000,0.134888,0.089462
height,10.0,15.0,-170.0,-160.0,normal,0.000000,0.107713,0.072683
yaw,10.0,15.0,-170.0,-160.0,normal,0.000000,0.369488,0.103646
width,10.0,15.0,-170.0,-160.0,normal,0.000000,0.101019,0.074218
length,10.0,15.0,-170.0,-160.0,normal,0.000000,0.167888,0.112348
box_height,10.0,15.0,-170.0,-160.0,normal,0.000000,0.094363,0.067277
miss_detection,10.0,15.0,-160.0,-150.0,constant,1.000000,,
distal,10.0,15.0,-160.0,-150.0,normal,0.000000,0.109864,0.074604
perpendicular,10.0,15.0,-160.0,-150.0,normal,0.000000,0.134888,0.089462
height,10.0,15.0,-160.0,-150.0,normal,0.000000,0.107713,0.072683
yaw,10.0,15.0,-160.0,-150.0,normal,0.000000,0.369488,0.103646
width,10.0,15.0,-160.0,-150.0,normal,0.000000,0.101019,0.074218
length,10.0,15.0,-160.0,-150.0,normal,0.000000,0.167888,0.112348
box_height,10.0,15.0,-160.0,-150.0,normal,0.000000,0.094363,0.067277
miss_detection,10.0,15.0,-150.0,-140.0,constant,1.000000,,
distal,10.0,15.0,-150.0,-140.0,normal,0.000000,0.109864,0.074604
perpendicular,10.0,15.0,-150.0,-140.0,normal,0.000000,0.134888,0.089462
height,10.0,15.0,-150.0,-140.0,normal,0.000000,0.107713,0.072683
yaw,10.0,15.0,-150.0,-140.0,normal,0.000000,0.369488,0.103646
width,10.0,15.0,-150.0,-140.0,normal,0.000000,0.101019,0.074218
length,10.0,15.0,-150.0,-140.0,normal,0.000000,0.167888,0.112348
box_height,10.0,15.0,-150.0,-140.0,normal,0.000000,0.094363,0.067277
miss_detection,10.0,15.0,-140.0,-130.0,constant,1.000000,,
distal,10.0,15.0,-140.0,-130.0,normal,0.000000,0.109864,0.074604
perpendicular,10.0,15.0,-140.0,-130.0,normal,0.000000,0.134888,0.089462
height,10.0,15.0,-140.0,-130.0,normal,0.000000,0.107713,0.072683
yaw,10.0,15.0,-140.0,-130.0,normal,0.000000,0.369488,0.103646
width,10.0,15.0,-140.0,-130.0,normal,0.000000,0.101019,0.074218
length,10.0,15.0,-140.0,-130.0,normal,0.000000,0.167888,0.112348
box_height,10.0,15.0,-140.0,-130.0,normal,0.000000,0.094363,0.067277
miss_detection,10.0,15.0,-130.0,-120.0,constant,1.000000,,
distal,10.0,15.0,-130.0,-120.0,normal,0.000000,0.109864,0.074604
perpendicular,10.0,15.0,-130.0,-120.0,normal,0.000000,0.134888,0.089462
height,10.0,15.0,-130.0,-120.0,normal,0.000000,0.107713,0.072683
yaw,10.0,15.0,-130.0,-120.0,normal,0.000000,0.369488,0.103646
width,10.0,15.0,-130.0,-120.0,normal,0.000000,0.101019,0.074218
length,10.0,15.0,-130.0,-120.0,normal,0.000000,0.167888,0.112348
box_height,10.0,15.0,-130.0,-120.0,normal,0.000000,0.094363,0.067277
miss_detection,10.0,15.0,-120.0,-110.0,constant,1.000000,,
distal,10.0,15.0,-120.0,-110.0,normal,0.000000,0.109864,0.074604
perpendicular,10.0,15.0,-120.0,-110.0,normal,0.000000,0.134888,0.089462
height,10.0,15.0,-120.0,-110.0,normal,0.000000,0.107713,0.072683
yaw,10.0,15.0,-120.0,-110.0,normal,0.000000,0.369488,0.103646
width,10.0,15.0,-120.0,-110.0,normal,0.000000,0.101019,0.074218
length,10.0,15.0,-120.0,-110.0,normal,0.000000,0.167888,0.112348
box_height,10.0,15.0,-120.0,-110.0,normal,0.000000,0.094363,0.067277
miss_detection,10.0,15.0,-110.0,-100.0,constant,1.000000,,
distal,10.0,15.0,-110.0,-100.0,normal,0.000000,0.109864,0.074604
perpendicular,10.0,15.0,-110.0,-100.0,normal,0.000000,0.134888,0.089462
height,10.0,15.0,-110.0,-100.0,normal,0.000000,0.107713,0.072683
yaw,10.0,15.0,-110.0,-100.0,normal,0.000000,0.369488,0.103646
width,10.0,15.0,-110.0,-100.0,normal,0.000000,0.101019,0.074218
length,10.0,15.0,-110.0,-100.0,normal,0.000000,0.167888,0.112348
box_height,10.0,15.0,-110.0,-100.0,normal,0.000000,0.094363,0.067277
miss_detection,10.0,15.0,-100.0,-90.0,constant,1.000000,,
distal,10.0,15.0,-100.0,-90.0,normal,0.000000,0.109864,0.074604
perpendicular,10.0,15.0,-100.0,-90.0,normal,0.000000,0.134888,0.089462
height,10.0,15.0,-100.0,-90.0,normal,0.000000,0.107713,0.072683
yaw,10.0,15.0,-100.0,-90.0,normal,0.000000,0.369488,0.103646
width,10.0,15.0,-100.0,-90.0,normal,0.000000,0.101019,0.074218
length,10.0,15.0,-100.0,-90.0,normal,0.000000,0.167888,0.112348
box_height,10.0,15.0,-100.0,-90.0,normal,0.000000,0.094363,0.067277
miss_detection,10.0,15.0,-90.0,-80.0,constant,1.000000,,
distal,10.0,15.0,-90.0,-80.0,normal,0.000000,0.109864,0.074604
perpendicular,10.0,15.0,-90.0,-80.0,normal,0.000000,0.134888,0.089462
height,10.0,15.0,-90.0,-80.0,normal,0.000000,0.107713,0.072683
yaw,10.0,15.0,-90.0,-80.0,normal,0.000000,0.369488,0.103646
width,10.0,15.0,-90.0,-80.0,normal,0.000000,0.101019,0.074218
length,10.0,15.0,-90.0,-80.0,normal,0.000000,0.167888,0.112348
box_height,10.0,15.0,-90.0,-80.0,normal,0.000000,0.094363,0.067277
miss_detection,10.0,15.0,-80.0,-70.0,constant,1.000000,,
distal,10.0,15.0,-80.0,-70.0,normal,0.000000,0.109864,0.074604
perpendicular,10.0,15.0,-80.0,-70.0,normal,0.000000,0.134888,0.089462
height,10.0,15.0,-80.0,-70.0,normal,0.000000,0.107713,0.072683
yaw,10.0,15.0,-80.0,-70.0,normal,0.000000,0.369488,0.103646
width,10.0,15.0,-80.0,-70.0,normal,0.000000,0.101019,0.074218
length,10.0,15.0,-80.0,-70.0,normal,0.000000,0.167888,0.112348
box_height,10.0,15.0,-80.0,-70.0,normal,0.000000,0.094363,0.067277
miss_detection,10.0,15.0,-70.0,-60.0,constant,1.000000,,
distal,10.0,15.0,-70.0,-60.0,normal,0.000000,0.109864,0.074604
perpendicular,10.0,15.0,-70.0,-60.0,normal,0.000000,0.134888,0.089462
height,10.0,15.0,-70.0,-60.0,normal,0.000000,0.107713,0.072683
yaw,10.0,15.0,-70.0,-60.0,normal,0.000000,0.369488,0.103646
width,10.0,15.0,-70.0,-60.0,normal,0.000000,0.101019,0.074218
length,10.0,15.0,-70.0,-60.0,normal,0.000000,0.167888,0.112348
box_height,10.0,15.0,-70.0,-60.0,normal,0.000000,0.094363,0.067277
miss_detection,10.0,15.0,-60.0,-50.0,constant,1.000000,,
distal,10.0,15.0,-60.0,-50.0,normal,0.000000,0.109864,0.074604
perpendicular,10.0,15.0,-60.0,-50.0,normal,0.000000,0.134888,0.089462
height,10.0,15.0,-60.0,-50.0,normal,0.000000,0.107713,0.072683
yaw,10.0,15.0,-60.0,-50.0,normal,0.000000,0.369488,0.103646
width,10.0,15.0,-60.0,-50.0,normal,0.000000,0.101019,0.074218
length,10.0,15.0,-60.0,-50.0,normal,0.000000,0.167888,0.112348
box_height,10.0,15.0,-60.0,-50.0,normal,0.000000,0.094363,0.067277
miss_detection,10.0,15.0,-50.0,-40.0,constant,1.000000,,
distal,10.0,15.0,-50.0,-40.0,normal,0.000000,0.109864,0.074604
perpendicular,10.0,15.0,-50.0,-40.0,normal,0.000000,0.134888,0.089462
height,10.0,15.0,-50.0,-40.0,normal,0.000000,0.107713,0.072683
yaw,10.0,15.0,-50.0,-40.0,normal,0.000000,0.369488,0.103646
width,10.0,15.0,-50.0,-40.0,normal,0.000000,0.101019,0.074218
length,10.0,15.0,-50.0,-40.0,normal,0.000000,0.167888,0.112348
box_height,10.0,15.0,-50.0,-40.0,normal,0.000000,0.094363,0.067277
miss_detection,10.0,15.0,-40.0,-30.0,constant,1.000000,,
distal,10.0,15.0,-40.0,-30.0,normal,0.000000,0.109864,0.074604
perpendicular,10.0,15.0,-40.0,-30.0,normal,0.000000,0.134888,0.089462
height,10.0,15.0,-40.0,-30.0,normal,0.000000,0.107713,0.072683
yaw,10.0,15.0,-40.0,-30.0,normal,0.000000,0.369488,0.103646
width,10.0,15.0,-40.0,-30.0,normal,0.000000,0.101019,0.074218
length,10.0,15.0,-40.0,-30.0,normal,0.000000,0.167888,0.112348
box_height,10.0,15.0,-40.0,-30.0,normal,0.000000,0.094363,0.067277
miss_detection,10.0,15.0,-30.0,-20.0,constant,1.000000,,
distal,10.0,15.0,-30.0,-20.0,normal,0.000000,0.109864,0.074604
perpendicular,10.0,15.0,-30.0,-20.0,normal,0.000000,0.134888,0.089462
height,10.0,15.0,-30.0,-20.0,normal,0.000000,0.107713,0.072683
yaw,10.0,15.0,-30.0,-20.0,normal,0.000000,0.369488,0.103646
width,10.0,15.0,-30.0,-20.0,normal,0.000000,0.101019,0.074218
length,10.0,15.0,-30.0,-20.0,normal,0.000000,0.167888,0.112348
box_height,10.0,15.0,-30.0,-20.0,normal,0.000000,0.094363,0.067277
miss_detection,10.0,15.0,-20.0,-10.0,constant,0.918182,,
distal,10.0,15.0,-20.0,-10.0,normal,0.000000,0.152244,0.109457
perpendicular,10.0,15.0,-20.0,-10.0,normal,0.000000,0.165782,0.139101
height,10.0,15.0,-20.0,-10.0,normal,0.000000,0.052360,0.093653
yaw,10.0,15.0,-20.0,-10.0,normal,0.000000,0.054110,0.061821
width,10.0,15.0,-20.0,-10.0,normal,0.000000,0.122045,0.106763
length,10.0,15.0,-20.0,-10.0,normal,0.000000,0.331027,0.232631
box_height,10.0,15.0,-20.0,-10.0,normal,0.000000,0.084892,0.059958
miss_detection,10.0,15.0,-10.0,0.0,constant,1.000000,,
distal,10.0,15.0,-10.0,0.0,normal,0.000000,0.109864,0.074604
perpendicular,10.0,15.0,-10.0,0.0,normal,0.000000,0.134888,0.089462
height,10.0,15.0,-10.0,0.0,normal,0.000000,0.107713,0.072683
yaw,10.0,15.0,-10.0,0.0,normal,0.000000,0.369488,0.103646
width,10.0,15.0,-10.0,0.0,normal,0.000000,0.101019,0.074218
length,10.0,15.0,-10.0,0.0,normal,0.000000,0.167888,0.112348
box_height,10.0,15.0,-10.0,0.0,normal,0.000000,0.094363,0.067277
miss_detection,10.0,15.0,0.0,10.0,constant,1.000000,,
distal,10.0,15.0,0.0,10.0,normal,0.000000,0.109864,0.074604
perpendicular,10.0,15.0,0.0,10.0,normal,0.000000,0.134888,0.089462
height,10.0,15.0,0.0,10.0,normal,0.000000,0.107713,0.072683
yaw,10.0,15.0,0.0,10.0,normal,0.000000,0.369488,0.103646
width,10.0,15.0,0.0,10.0,normal,0.000000,0.101019,0.074218
length,10.0,15.0,0.0,10.0,normal,0.000000,0.167888,0.112348
box_height,10.0,15.0,0.0,10.0,normal,0.000000,0.094363,0.067277
miss_detection,10.0,15.0,10.0,20.0,constant,0.043689,,
distal,10.0,15.0,10.0,20.0,normal,0.000000,0.045215,0.035769
perpendicular,10.0,15.0,10.0,20.0,normal,0.000000,0.079893,0.107431
height,10.0,15.0,10.0,20.0,normal,0.000000,0.030480,0.028333
yaw,10.0,15.0,10.0,20.0,normal,0.000000,0.046975,0.106752
width,10.0,15.0,10.0,20.0,normal,0.000000,0.064903,0.053356
length,10.0,15.0,10.0,20.0,normal,0.000000,0.081764,0.067019
box_height,10.0,15.0,10.0,20.0,normal,0.000000,0.051374,0.037807
miss_detection,10.0,15.0,20.0,30.0,constant,1.000000,,
distal,10.0,15.0,20.0,30.0,normal,0.000000,0.109864,0.074604
perpendicular,10.0,15.0,20.0,30.0,normal,0.000000,0.134888,0.089462
height,10.0,15.0,20.0,30.0,normal,0.000000,0.107713,0.072683
yaw,10.0,15.0,20.0,30.0,normal,0.000000,0.369488,0.103646
width,10.0,15.0,20.0,30.0,normal,0.000000,0.101019,0.074218
length,10.0,15.0,20.0,30.0,normal,0.000000,0.167888,0.112348
box_height,10.0,15.0,20.0,30.0,normal,0.000000,0.094363,0.067277
miss_detection,10.0,15.0,30.0,40.0,constant,1.000000,,
distal,10.0,15.0,30.0,40.0,normal,0.000000,0.109864,0.074604
perpendicular,10.0,15.0,30.0,40.0,normal,0.000000,0.134888,0.089462
height,10.0,15.0,30.0,40.0,normal,0.000000,0.107713,0.072683
yaw,10.0,15.0,30.0,40.0,normal,0.000000,0.369488,0.103646
width,10.0,15.0,30.0,40.0,normal,0.000000,0.101019,0.074218
length,10.0,15.0,30.0,40.0,normal,0.000000,0.167888,0.112348
box_height,10.0,15.0,30.0,40.0,normal,0.000000,0.094363,0.067277
miss_detection,10.0,15.0,40.0,50.0,constant,1.000000,,
distal,10.0,15.0,40.0,50.0,normal,0.000000,0.109864,0.074604
perpendicular,10.0,15.0,40.0,50.0,normal,0.000000,0.134888,0.089462
height,10.0,15.0,40.0,50.0,normal,0.000000,0.107713,0.072683
yaw,10.0,15.0,40.0,50.0,normal,0.000000,0.369488,0.103646
width,10.0,15.0,40.0,50.0,normal,0.000000,0.101019,0.074218
length,10.0,15.0,40.0,50.0,normal,0.000000,0.167888,0.112348
box_height,10.0,15.0,40.0,50.0,normal,0.000000,0.094363,0.067277
miss_detection,10.0,15.0,50.0,60.0,constant,1.000000,,
distal,10.0,15.0,50.0,60.0,normal,0.000000,0.109864,0.074604
perpendicular,10.0,15.0,50.0,60.0,normal,0.000000,0.134888,0.089462
height,10.0,15.0,50.0,60.0,normal,0.000000,0.107713,0.072683
yaw,10.0,15.0,50.0,60.0,normal,0.000000,0.369488,0.103646
width,10.0,15.0,50.0,60.0,normal,0.000000,0.101019,0.074218
length,10.0,15.0,50.0,60.0,normal,0.000000,0.167888,0.112348
box_height,10.0,15.0,50.0,60.0,normal,0.000000,0.094363,0.067277
miss_detection,10.0,15.0,60.0,70.0,constant,1.000000,,
distal,10.0,15.0,60.0,70.0,normal,0.000000,0.109864,0.074604
perpendicular,10.0,15.0,60.0,70.0,normal,0.000000,0.134888,0.089462
height,10.0,15.0,60.0,70.0,normal,0.000000,0.107713,0.072683
yaw,10.0,15.0,60.0,70.0,normal,0.000000,0.369488,0.103646
width,10.0,15.0,60.0,70.0,normal,0.000000,0.101019,0.074218
length,10.0,15.0,60.0,70.0,normal,0.000000,0.167888,0.112348
box_height,10.0,15.0,60.0,70.0,normal,0.000000,0.094363,0.067277
miss_detection,10.0,15.0,70.0,80.0,constant,1.000000,,
distal,10.0,15.0,70.0,80.0,normal,0.000000,0.109864,0.074604
perpendicular,10.0,15.0,70.0,80.0,normal,0.000000,0.134888,0.089462
height,10.0,15.0,70.0,80.0,normal,0.000000,0.107713,0.072683
yaw,10.0,15.0,70.0,80.0,normal,0.000000,0.369488,0.103646
width,10.0,15.0,70.0,80.0,normal,0.000000,0.101019,0.074218
length,10.0,15.0,70.0,80.0,normal,0.000000,0.167888,0.112348
box_height,10.0,15.0,70.0,80.0,normal,0.000000,0.094363,0.067277
miss_detection,10.0,15.0,80.0,90.0,constant,1.000000,,
distal,10.0,15.0,80.0,90.0,normal,0.000000,0.109864,0.074604
perpendicular,10.0,15.0,80.0,90.0,normal,0.000000,0.134888,0.089462
height,10.0,15.0,80.0,90.0,normal,0.000000,0.107713,0.072683
yaw,10.0,15.0,80.0,90.0,normal,0.000000,0.369488,0.103646
width,10.0,15.0,80.0,90.0,normal,0.000000,0.101019,0.074218
length,10.0,15.0,80.0,90.0,normal,0.000000,0.167888,0.112348
box_height,10.0,15.0,80.0,90.0,normal,0.000000,0.094363,0.067277
miss_detection,10.0,15.0,90.0,100.0,constant,1.000000,,
distal,10.0,15.0,90.0,100.0,normal,0.000000,0.109864,0.074604
perpendicular,10.0,15.0,90.0,100.0,normal,0.000000,0.134888,0.089462
height,10.0,15.0,90.0,100.0,normal,0.000000,0.107713,0.072683
yaw,10.0,15.0,90.0,100.0,normal,0.000000,0.369488,0.103646
width,10.0,15.0,90.0,100.0,normal,0.000000,0.101019,0.074218
length,10.0,15.0,90.0,100.0,normal,0.000000,0.167888,0.112348
box_height,10.0,15.0,90.0,100.0,normal,0.000000,0.094363,0.067277
miss_detection,10.0,15.0,100.0,110.0,constant,1.000000,,
distal,10.0,15.0,100.0,110.0,normal,0.000000,0.109864,0.074604
perpendicular,10.0,15.0,100.0,110.0,normal,0.000000,0.134888,0.089462
height,10.0,15.0,100.0,110.0,normal,0.000000,0.107713,0.072683
yaw,10.0,15.0,100.0,110.0,normal,0.000000,0.369488,0.103646
width,10.0,15.0,100.0,110.0,normal,0.000000,0.101019,0.074218
length,10.0,15.0,100.0,110.0,normal,0.000000,0.167888,0.112348
box_height,10.0,15.0,100.0,110.0,normal,0.000000,0.094363,0.067277
miss_detection,10.0,15.0,110.0,120.0,constant,1.000000,,
distal,10.0,15.0,110.0,120.0,normal,0.000000,0.109864,0.074604
perpendicular,10.0,15.0,110.0,120.0,normal,0.000000,0.134888,0.089462
height,10.0,15.0,110.0,120.0,normal,0.000000,0.107713,0.072683
yaw,10.0,15.0,110.0,120.0,normal,0.000000,0.369488,0.103646
width,10.0,15.0,110.0,120.0,normal,0.000000,0.101019,0.074218
length,10.0,15.0,110.0,120.0,normal,0.000000,0.167888,0.112348
box_height,10.0,15.0,110.0,120.0,normal,0.000000,0.094363,0.067277
miss_detection,10.0,15.0,120.0,130.0,constant,1.000000,,
distal,10.0,15.0,120.0,130.0,normal,0.000000,0.109864,0.074604
perpendicular,10.0,15.0,120.0,130.0,normal,0.000000,0.134888,0.089462
height,10.0,15.0,120.0,130.0,normal,0.000000,0.107713,0.072683
yaw,10.0,15.0,120.0,130.0,normal,0.000000,0.369488,0.103646
width,10.0,15.0,120.0,130.0,normal,0.000000,0.101019,0.074218
length,10.0,15.0,120.0,130.0,normal,0.000000,0.167888,0.112348
box_height,10.0,15.0,120.0,130.0,normal,0.000000,0.094363,0.067277
miss_detection,10.0,15.0,130.0,140.0,constant,1.000000,,
distal,10.0,15.0,130.0,140.0,normal,0.000000,0.109864,0.074604
perpendicular,10.0,15.0,130.0,140.0,normal,0.000000,0.134888,0.089462
height,10.0,15.0,130.0,140.0,normal,0.000000,0.107713,0.072683
yaw,10.0,15.0,130.0,140.0,normal,0.000000,0.369488,0.103646
width,10.0,15.0,130.0,140.0,normal,0.000000,0.101019,0.074218
length,10.0,15.0,130.0,140.0,normal,0.000000,0.167888,0.112348
box_height,10.0,15.0,130.0,140.0,normal,0.000000,0.094363,0.067277
miss_detection,10.0,15.0,140.0,150.0,constant,1.000000,,
distal,10.0,15.0,140.0,150.0,normal,0.000000,0.109864,0.074604
perpendicular,10.0,15.0,140.0,150.0,normal,0.000000,0.134888,0.089462
height,10.0,15.0,140.0,150.0,normal,0.000000,0.107713,0.072683
yaw,10.0,15.0,140.0,150.0,normal,0.000000,0.369488,0.103646
width,10.0,15.0,140.0,150.0,normal,0.000000,0.101019,0.074218
length,10.0,15.0,140.0,150.0,normal,0.000000,0.167888,0.112348
box_height,10.0,15.0,140.0,150.0,normal,0.000000,0.094363,0.067277
miss_detection,10.0,15.0,150.0,160.0,constant,1.000000,,
distal,10.0,15.0,150.0,160.0,normal,0.000000,0.109864,0.074604
perpendicular,10.0,15.0,150.0,160.0,normal,0.000000,0.134888,0.089462
height,10.0,15.0,150.0,160.0,normal,0.000000,0.107713,0.072683
yaw,10.0,15.0,150.0,160.0,normal,0.000000,0.369488,0.103646
width,10.0,15.0,150.0,160.0,normal,0.000000,0.101019,0.074218
length,10.0,15.0,150.0,160.0,normal,0.000000,0.167888,0.112348
box_height,10.0,15.0,150.0,160.0,normal,0.000000,0.094363,0.067277
miss_detection,10.0,15.0,160.0,170.0,constant,1.000000,,
distal,10.0,15.0,160.0,170.0,normal,0.000000,0.109864,0.074604
perpendicular,10.0,15.0,160.0,170.0,normal,0.000000,0.134888,0.089462
height,10.0,15.0,160.0,170.0,normal,0.000000,0.107713,0.072683
yaw,10.0,15.0,160.0,170.0,normal,0.000000,0.369488,0.103646
width,10.0,15.0,160.0,170.0,normal,0.000000,0.101019,0.074218
length,10.0,15.0,160.0,170.0,normal,0.000000,0.167888,0.112348
box_height,10.0,15.0,160.0,170.0,normal,0.000000,0.094363,0.067277
miss_detection,10.0,15.0,170.0,180.0,constant,1.000000,,
distal,10.0,15.0,170.0,180.0,normal,0.000000,0.109864,0.074604
perpendicular,10.0,15.0,170.0,180.0,normal,0.000000,0.134888,0.089462
height,10.0,15.0,170.0,180.0,normal,0.000000,0.107713,0.072683
yaw,10.0,15.0,170.0,180.0,normal,0.000000,0.369488,0.103646
width,10.0,15.0,170.0,180.0,normal,0.000000,0.101019,0.074218
length,10.0,15.0,170.0,180.0,normal,0.000000,0.167888,0.112348
box_height,10.0,15.0,170.0,180.0,normal,0.000000,0.094363,0.067277
miss_detection,15.0,20.0,-180.0,-170.0,constant,1.000000,,
distal,15.0,20.0,-180.0,-170.0,normal,0.000000,0.109864,0.074604
perpendicular,15.0,20.0,-180.0,-170.0,normal,0.000000,0.134888,0.089462
height,15.0,20.0,-180.0,-170.0,normal,0.000000,0.107713,0.072683
yaw,15.0,20.0,-180.0,-170.0,normal,0.000000,0.369488,0.103646
width,15.0,20.0,-180.0,-170.0,normal,0.000000,0.101019,0.074218
length,15.0,20.0,-180.0,-170.0,normal,0.000000,0.167888,0.112348
box_height,15.0,20.0,-180.0,-170.0,normal,0.000000,0.094363,0.067277
miss_detection,15.0,20.0,-170.0,-160.0,constant,1.000000,,
distal,15.0,20.0,-170.0,-160.0,normal,0.000000,0.109864,0.074604
perpendicular,15.0,20.0,-170.0,-160.0,normal,0.000000,0.134888,0.089462
height,15.0,20.0,-170.0,-160.0,normal,0.000000,0.107713,0.072683
yaw,15.0,20.0,-170.0,-160.0,normal,0.000000,0.369488,0.103646
width,15.0,20.0,-170.0,-160.0,normal,0.000000,0.101019,0.074218
length,15.0,20.0,-170.0,-160.0,normal,0.000000,0.167888,0.112348
box_height,15.0,20.0,-170.0,-160.0,normal,0.000000,0.094363,0.067277
miss_detection,15.0,20.0,-160.0,-150.0,constant,1.000000,,
distal,15.0,20.0,-160.0,-150.0,normal,0.000000,0.109864,0.074604
perpendicular,15.0,20.0,-160.0,-150.0,normal,0.000000,0.134888,0.089462
height,15.0,20.0,-160.0,-150.0,normal,0.000000,0.107713,0.072683
yaw,15.0,20.0,-160.0,-150.0,normal,0.000000,0.369488,0.103646
width,15.0,20.0,-160.0,-150.0,normal,0.000000,0.101019,0.074218
length,15.0,20.0,-160.0,-150.0,normal,0.000000,0.167888,0.112348
box_height,15.0,20.0,-160.0,-150.0,normal,0.000000,0.094363,0.067277
miss_detection,15.0,20.0,-150.0,-140.0,constant,1.000000,,
distal,15.0,20.0,-150.0,-140.0,normal,0.000000,0.109864,0.074604
perpendicular,15.0,20.0,-150.0,-140.0,normal,0.000000,0.134888,0.089462
height,15.0,20.0,-150.0,-140.0,normal,0.000000,0.107713,0.072683
yaw,15.0,20.0,-150.0,-140.0,normal,0.000000,0.369488,0.103646
width,15.0,20.0,-150.0,-140.0,normal,0.000000,0.101019,0.074218
length,15.0,20.0,-150.0,-140.0,normal,0.000000,0.167888,0.112348
box_height,15.0,20.0,-150.0,-140.0,normal,0.000000,0.094363,0.067277
miss_detection,15.0,20.0,-140.0,-130.0,constant,1.000000,,
distal,15.0,20.0,-140.0,-130.0,normal,0.000000,0.109864,0.074604
perpendicular,15.0,20.0,-140.0,-130.0,normal,0.000000,0.134888,0.089462
height,15.0,20.0,-140.0,-130.0,normal,0.000000,0.107713,0.072683
yaw,15.0,20.0,-140.0,-130.0,normal,0.000000,0.369488,0.103646
width,15.0,20.0,-140.0,-130.0,normal,0.000000,0.101019,0.074218
length,15.0,20.0,-140.0,-130.0,normal,0.000000,0.167888,0.112348
box_height,15.0,20.0,-140.0,-130.0,normal,0.000000,0.094363,0.067277
miss_detection,15.0,20.0,-130.0,-120.0,constant,1.000000,,
distal,15.0,20.0,-130.0,-120.0,normal,0.000000,0.109864,0.074604
perpendicular,15.0,20.0,-130.0,-120.0,normal,0.000000,0.134888,0.089462
height,15.0,20.0,-130.0,-120.0,normal,0.000000,0.107713,0.072683
yaw,15.0,20.0,-130.0,-120.0,normal,0.000000,0.369488,0.103646
width,15.0,20.0,-130.0,-120.0,normal,0.000000,0.101019,0.074218
length,15.0,20.0,-130.0,-120.0,normal,0.000000,0.167888,0.112348
box_height,15.0,20.0,-130.0,-120.0,normal,0.000000,0.094363,0.067277
miss_detection,15.0,20.0,-120.0,-110.0,constant,1.000000,,
distal,15.0,20.0,-120.0,-110.0,normal,0.000000,0.109864,0.074604
perpendicular,15.0,20.0,-120.0,-110.0,normal,0.000000,0.134888,0.089462
height,15.0,20.0,-120.0,-110.0,normal,0.000000,0.107713,0.072683
yaw,15.0,20.0,-120.0,-110.0,normal,0.000000,0.369488,0.103646
width,15.0,20.0,-120.0,-110.0,normal,0.000000,0.101019,0.074218
length,15.0,20.0,-120.0,-110.0,normal,0.000000,0.167888,0.112348
box_height,15.0,20.0,-120.0,-110.0,normal,0.000000,0.094363,0.067277
miss_detection,15.0,20.0,-110.0,-100.0,constant,1.000000,,
distal,15.0,20.0,-110.0,-100.0,normal,0.000000,0.109864,0.074604
perpendicular,15.0,20.0,-110.0,-100.0,normal,0.000000,0.134888,0.089462
height,15.0,20.0,-110.0,-100.0,normal,0.000000,0.107713,0.072683
yaw,15.0,20.0,-110.0,-100.0,normal,0.000000,0.369488,0.103646
width,15.0,20.0,-110.0,-100.0,normal,0.000000,0.101019,0.074218
length,15.0,20.0,-110.0,-100.0,normal,0.000000,0.167888,0.112348
box_height,15.0,20.0,-110.0,-100.0,normal,0.000000,0.094363,0.067277
miss_detection,15.0,20.0,-100.0,-90.0,constant,1.000000,,
distal,15.0,20.0,-100.0,-90.0,normal,0.000000,0.109864,0.074604
perpendicular,15.0,20.0,-100.0,-90.0,normal,0.000000,0.134888,0.089462
height,15.0,20.0,-100.0,-90.0,normal,0.000000,0.107713,0.072683
yaw,15.0,20.0,-100.0,-90.0,normal,0.000000,0.369488,0.103646
width,15.0,20.0,-100.0,-90.0,normal,0.000000,0.101019,0.074218
length,15.0,20.0,-100.0,-90.0,normal,0.000000,0.167888,0.112348
box_height,15.0,20.0,-100.0,-90.0,normal,0.000000,0.094363,0.067277
miss_detection,15.0,20.0,-90.0,-80.0,constant,1.000000,,
distal,15.0,20.0,-90.0,-80.0,normal,0.000000,0.109864,0.074604
perpendicular,15.0,20.0,-90.0,-80.0,normal,0.000000,0.134888,0.089462
height,15.0,20.0,-90.0,-80.0,normal,0.000000,0.107713,0.072683
yaw,15.0,20.0,-90.0,-80.0,normal,0.000000,0.369488,0.103646
width,15.0,20.0,-90.0,-80.0,normal,0.000000,0.101019,0.074218
length,15.0,20.0,-90.0,-80.0,normal,0.000000,0.167888,0.112348
box_height,15.0,20.0,-90.0,-80.0,normal,0.000000,0.094363,0.067277
miss_detection,15.0,20.0,-80.0,-70.0,constant,1.000000,,
distal,15.0,20.0,-80.0,-70.0,normal,0.000000,0.109864,0.074604
perpendicular,15.0,20.0,-80.0,-70.0,normal,0.000000,0.134888,0.089462
height,15.0,20.0,-80.0,-70.0,normal,0.000000,0.107713,0.072683
yaw,15.0,20.0,-80.0,-70.0,normal,0.000000,0.369488,0.103646
width,15.0,20.0,-80.0,-70.0,normal,0.000000,0.101019,0.074218
length,15.0,20.0,-80.0,-70.0,normal,0.000000,0.167888,0.112348
box_height,15.0,20.0,-80.0,-70.0,normal,0.000000,0.094363,0.067277
miss_detection,15.0,20.0,-70.0,-60.0,constant,1.000000,,
distal,15.0,20.0,-70.0,-60.0,normal,0.000000,0.109864,0.074604
perpendicular,15.0,20.0,-70.0,-60.0,normal,0.000000,0.134888,0.089462
height,15.0,20.0,-70.0,-60.0,normal,0.000000,0.107713,0.072683
yaw,15.0,20.0,-70.0,-60.0,normal,0.000000,0.369488,0.103646
width,15.0,20.0,-70.0,-60.0,normal,0.000000,0.101019,0.074218
length,15.0,20.0,-70.0,-60.0,normal,0.000000,0.167888,0.112348
box_height,15.0,20.0,-70.0,-60.0,normal,0.000000,0.094363,0.067277
miss_detection,15.0,20.0,-60.0,-50.0,constant,1.000000,,
distal,15.0,20.0,-60.0,-50.0,normal,0.000000,0.109864,0.074604
perpendicular,15.0,20.0,-60.0,-50.0,normal,0.000000,0.134888,0.089462
height,15.0,20.0,-60.0,-50.0,normal,0.000000,0.107713,0.072683
yaw,15.0,20.0,-60.0,-50.0,normal,0.000000,0.369488,0.103646
width,15.0,20.0,-60.0,-50.0,normal,0.000000,0.101019,0.074218
length,15.0,20.0,-60.0,-50.0,normal,0.000000,0.167888,0.112348
box_height,15.0,20.0,-60.0,-50.0,normal,0.000000,0.094363,0.067277
miss_detection,15.0,20.0,-50.0,-40.0,constant,1.000000,,
distal,15.0,20.0,-50.0,-40.0,normal,0.000000,0.109864,0.074604
perpendicular,15.0,20.0,-50.0,-40.0,normal,0.000000,0.134888,0.089462
height,15.0,20.0,-50.0,-40.0,normal,0.000000,0.107713,0.072683
yaw,15.0,20.0,-50.0,-40.0,normal,0.000000,0.369488,0.103646
width,15.0,20.0,-50.0,-40.0,normal,0.000000,0.101019,0.074218
length,15.0,20.0,-50.0,-40.0,normal,0.000000,0.167888,0.112348
box_height,15.0,20.0,-50.0,-40.0,normal,0.000000,0.094363,0.067277
miss_detection,15.0,20.0,-40.0,-30.0,constant,1.000000,,
distal,15.0,20.0,-40.0,-30.0,normal,0.000000,0.109864,0.074604
perpendicular,15.0,20.0,-40.0,-30.0,normal,0.000000,0.134888,0.089462
height,15.0,20.0,-40.0,-30.0,normal,0.000000,0.107713,0.072683
yaw,15.0,20.0,-40.0,-30.0,normal,0.000000,0.369488,0.103646
width,15.0,20.0,-40.0,-30.0,normal,0.000000,0.101019,0.074218
length,15.0,20.0,-40.0,-30.0,normal,0.000000,0.167888,0.112348
box_height,15.0,20.0,-40.0,-30.0,normal,0.000000,0.094363,0.067277
miss_detection,15.0,20.0,-30.0,-20.0,constant,0.670588,,
distal,15.0,20.0,-30.0,-20.0,normal,0.000000,0.175659,0.160787
perpendicular,15.0,20.0,-30.0,-20.0,normal,0.000000,0.107226,0.080873
height,15.0,20.0,-30.0,-20.0,normal,0.000000,0.076577,0.057086
yaw,15.0,20.0,-30.0,-20.0,normal,0.000000,0.038007,0.029116
width,15.0,20.0,-30.0,-20.0,normal,0.000000,0.086348,0.072262
length,15.0,20.0,-30.0,-20.0,normal,0.000000,0.157980,0.134622
box_height,15.0,20.0,-30.0,-20.0,normal,0.000000,0.075108,0.062599
miss_detection,15.0,20.0,-20.0,-10.0,constant,0.055556,,
distal,15.0,20.0,-20.0,-10.0,normal,0.000000,0.077559,0.054559
perpendicular,15.0,20.0,-20.0,-10.0,normal,0.000000,0.059955,0.044764
height,15.0,20.0,-20.0,-10.0,normal,0.000000,0.055506,0.059743
yaw,15.0,20.0,-20.0,-10.0,normal,0.000000,0.029844,0.024286
width,15.0,20.0,-20.0,-10.0,normal,0.000000,0.091318,0.061686
length,15.0,20.0,-20.0,-10.0,normal,0.000000,0.140305,0.139594
box_height,15.0,20.0,-20.0,-10.0,normal,0.000000,0.065937,0.064205
miss_detection,15.0,20.0,-10.0,0.0,constant,0.444444,,
distal,15.0,20.0,-10.0,0.0,normal,0.000000,0.031396,0.048147
perpendicular,15.0,20.0,-10.0,0.0,normal,0.000000,0.060730,0.066896
height,15.0,20.0,-10.0,0.0,normal,0.000000,0.094937,0.075696
yaw,15.0,20.0,-10.0,0.0,normal,0.000000,0.026852,0.032284
width,15.0,20.0,-10.0,0.0,normal,0.000000,0.073672,0.058556
length,15.0,20.0,-10.0,0.0,normal,0.000000,0.099484,0.128609
box_height,15.0,20.0,-10.0,0.0,normal,0.000000,0.026869,0.029918
miss_detection,15.0,20.0,0.0,10.0,constant,0.333333,,
distal,15.0,20.0,0.0,10.0,normal,0.000000,0.325738,0.312068
perpendicular,15.0,20.0,0.0,10.0,normal,0.000000,0.061447,0.057616
height,15.0,20.0,0.0,10.0,normal,0.000000,0.047569,0.080718
yaw,15.0,20.0,0.0,10.0,normal,0.000000,0.061225,0.049258
width,15.0,20.0,0.0,10.0,normal,0.000000,0.097026,0.095401
length,15.0,20.0,0.0,10.0,normal,0.000000,0.141542,0.124936
box_height,15.0,20.0,0.0,10.0,normal,0.000000,0.056460,0.108556
miss_detection,15.0,20.0,10.0,20.0,constant,0.296296,,
distal,15.0,20.0,10.0,20.0,normal,0.000000,0.251759,0.176128
perpendicular,15.0,20.0,10.0,20.0,normal,0.000000,0.126135,0.112218
height,15.0,20.0,10.0,20.0,normal,0.000000,0.062780,0.048608
yaw,15.0,20.0,10.0,20.0,normal,0.000000,0.054391,0.057116
width,15.0,20.0,10.0,20.0,normal,0.000000,0.079219,0.071993
length,15.0,20.0,10.0,20.0,normal,0.000000,0.221020,0.226176
box_height,15.0,20.0,10.0,20.0,normal,0.000000,0.058826,0.045477
miss_detection,15.0,20.0,20.0,30.0,constant,1.000000,,
distal,15.0,20.0,20.0,30.0,normal,0.000000,0.109864,0.074604
perpendicular,15.0,20.0,20.0,30.0,normal,0.000000,0.134888,0.089462
height,15.0,20.0,20.0,30.0,normal,0.000000,0.107713,0.072683
yaw,15.0,20.0,20.0,30.0,normal,0.000000,0.369488,0.103646
width,15.0,20.0,20.0,30.0,normal,0.000000,0.101019,0.074218
length,15.0,20.0,20.0,30.0,normal,0.000000,0.167888,0.112348
box_height,15.0,20.0,20.0,30.0,normal,0.000000,0.094363,0.067277
miss_detection,15.0,20.0,30.0,40.0,constant,1.000000,,
distal,15.0,20.0,30.0,40.0,normal,0.000000,0.109864,0.074604
perpendicular,15.0,20.0,30.0,40.0,normal,0.000000,0.134888,0.089462
height,15.0,20.0,30.0,40.0,normal,0.000000,0.107713,0.072683
yaw,15.0,20.0,30.0,40.0,normal,0.000000,0.369488,0.103646
width,15.0,20.0,30.0,40.0,normal,0.000000,0.101019,0.074218
length,15.0,20.0,30.0,40.0,normal,0.000000,0.167888,0.112348
box_height,15.0,20.0,30.0,40.0,normal,0.000000,0.094363,0.067277
miss_detection,15.0,20.0,40.0,50.0,constant,1.000000,,
distal,15.0,20.0,40.0,50.0,normal,0.000000,0.109864,0.074604
perpendicular,15.0,20.0,40.0,50.0,normal,0.000000,0.134888,0.089462
height,15.0,20.0,40.0,50.0,normal,0.000000,0.107713,0.072683
yaw,15.0,20.0,40.0,50.0,normal,0.000000,0.369488,0.103646
width,15.0,20.0,40.0,50.0,normal,0.000000,0.101019,0.074218
length,15.0,20.0,40.0,50.0,normal,0.000000,0.167888,0.112348
box_height,15.0,20.0,40.0,50.0,normal,0.000000,0.094363,0.067277
miss_detection,15.0,20.0,50.0,60.0,constant,1.000000,,
distal,15.0,20.0,50.0,60.0,normal,0.000000,0.109864,0.074604
perpendicular,15.0,20.0,50.0,60.0,normal,0.000000,0.134888,0.089462
height,15.0,20.0,50.0,60.0,normal,0.000000,0.107713,0.072683
yaw,15.0,20.0,50.0,60.0,normal,0.000000,0.369488,0.103646
width,15.0,20.0,50.0,60.0,normal,0.000000,0.101019,0.074218
length,15.0,20.0,50.0,60.0,normal,0.000000,0.167888,0.112348
box_height,15.0,20.0,50.0,60.0,normal,0.000000,0.094363,0.067277
miss_detection,15.0,20.0,60.0,70.0,constant,1.000000,,
distal,15.0,20.0,60.0,70.0,normal,0.000000,0.109864,0.074604
perpendicular,15.0,20.0,60.0,70.0,normal,0.000000,0.134888,0.089462
height,15.0,20.0,60.0,70.0,normal,0.000000,0.107713,0.072683
yaw,15.0,20.0,60.0,70.0,normal,0.000000,0.369488,0.103646
width,15.0,20.0,60.0,70.0,normal,0.000000,0.101019,0.074218
length,15.0,20.0,60.0,70.0,normal,0.000000,0.167888,0.112348
box_height,15.0,20.0,60.0,70.0,normal,0.000000,0.094363,0.067277
miss_detection,15.0,20.0,70.0,80.0,constant,1.000000,,
distal,15.0,20.0,70.0,80.0,normal,0.000000,0.109864,0.074604
perpendicular,15.0,20.0,70.0,80.0,normal,0.000000,0.134888,0.089462
height,15.0,20.0,70.0,80.0,normal,0.000000,0.107713,0.072683
yaw,15.0,20.0,70.0,80.0,normal,0.000000,0.369488,0.103646
width,15.0,20.0,70.0,80.0,normal,0.000000,0.101019,0.074218
length,15.0,20.0,70.0,80.0,normal,0.000000,0.167888,0.112348
box_height,15.0,20.0,70.0,80.0,normal,0.000000,0.094363,0.067277
miss_detection,15.0,20.0,80.0,90.0,constant,1.000000,,
distal,15.0,20.0,80.0,90.0,normal,0.000000,0.109864,0.074604
perpendicular,15.0,20.0,80.0,90.0,normal,0.000000,0.134888,0.089462
height,15.0,20.0,80.0,90.0,normal,0.000000,0.107713,0.072683
yaw,15.0,20.0,80.0,90.0,normal,0.000000,0.369488,0.103646
width,15.0,20.0,80.0,90.0,normal,0.000000,0.101019,0.074218
length,15.0,20.0,80.0,90.0,normal,0.000000,0.167888,0.112348
box_height,15.0,20.0,80.0,90.0,normal,0.000000,0.094363,0.067277
miss_detection,15.0,20.0,90.0,100.0,constant,1.000000,,
distal,15.0,20.0,90.0,100.0,normal,0.000000,0.109864,0.074604
perpendicular,15.0,20.0,90.0,100.0,normal,0.000000,0.134888,0.089462
height,15.0,20.0,90.0,100.0,normal,0.000000,0.107713,0.072683
yaw,15.0,20.0,90.0,100.0,normal,0.000000,0.369488,0.103646
width,15.0,20.0,90.0,100.0,normal,0.000000,0.101019,0.074218
length,15.0,20.0,90.0,100.0,normal,0.000000,0.167888,0.112348
box_height,15.0,20.0,90.0,100.0,normal,0.000000,0.094363,0.067277
miss_detection,15.0,20.0,100.0,110.0,constant,1.000000,,
distal,15.0,20.0,100.0,110.0,normal,0.000000,0.109864,0.074604
perpendicular,15.0,20.0,100.0,110.0,normal,0.000000,0.134888,0.089462
height,15.0,20.0,100.0,110.0,normal,0.000000,0.107713,0.072683
yaw,15.0,20.0,100.0,110.0,normal,0.000000,0.369488,0.103646
width,15.0,20.0,100.0,110.0,normal,0.000000,0.101019,0.074218
length,15.0,20.0,100.0,110.0,normal,0.000000,0.167888,0.112348
box_height,15.0,20.0,100.0,110.0,normal,0.000000,0.094363,0.067277
miss_detection,15.0,20.0,110.0,120.0,constant,1.000000,,
distal,15.0,20.0,110.0,120.0,normal,0.000000,0.109864,0.074604
perpendicular,15.0,20.0,110.0,120.0,normal,0.000000,0.134888,0.089462
height,15.0,20.0,110.0,120.0,normal,0.000000,0.107713,0.072683
yaw,15.0,20.0,110.0,120.0,normal,0.000000,0.369488,0.103646
width,15.0,20.0,110.0,120.0,normal,0.000000,0.101019,0.074218
length,15.0,20.0,110.0,120.0,normal,0.000000,0.167888,0.112348
box_height,15.0,20.0,110.0,120.0,normal,0.000000,0.094363,0.067277
miss_detection,15.0,20.0,120.0,130.0,constant,1.000000,,
distal,15.0,20.0,120.0,130.0,normal,0.000000,0.109864,0.074604
perpendicular,15.0,20.0,120.0,130.0,normal,0.000000,0.134888,0.089462
height,15.0,20.0,120.0,130.0,normal,0.000000,0.107713,0.072683
yaw,15.0,20.0,120.0,130.0,normal,0.000000,0.369488,0.103646
width,15.0,20.0,120.0,130.0,normal,0.000000,0.101019,0.074218
length,15.0,20.0,120.0,130.0,normal,0.000000,0.167888,0.112348
box_height,15.0,20.0,120.0,130.0,normal,0.000000,0.094363,0.067277
miss_detection,15.0,20.0,130.0,140.0,constant,1.000000,,
distal,15.0,20.0,130.0,140.0,normal,0.000000,0.109864,0.074604
perpendicular,15.0,20.0,130.0,140.0,normal,0.000000,0.134888,0.089462
height,15.0,20.0,130.0,140.0,normal,0.000000,0.107713,0.072683
yaw,15.0,20.0,130.0,140.0,normal,0.000000,0.369488,0.103646
width,15.0,20.0,130.0,140.0,normal,0.000000,0.101019,0.074218
length,15.0,20.0,130.0,140.0,normal,0.000000,0.167888,0.112348
box_height,15.0,20.0,130.0,140.0,normal,0.000000,0.094363,0.067277
miss_detection,15.0,20.0,140.0,150.0,constant,1.000000,,
distal,15.0,20.0,140.0,150.0,normal,0.000000,0.109864,0.074604
perpendicular,15.0,20.0,140.0,150.0,normal,0.000000,0.134888,0.089462
height,15.0,20.0,140.0,150.0,normal,0.000000,0.107713,0.072683
yaw,15.0,20.0,140.0,150.0,normal,0.000000,0.369488,0.103646
width,15.0,20.0,140.0,150.0,normal,0.000000,0.101019,0.074218
length,15.0,20.0,140.0,150.0,normal,0.000000,0.167888,0.112348
box_height,15.0,20.0,140.0,150.0,normal,0.000000,0.094363,0.067277
miss_detection,15.0,20.0,150.0,160.0,constant,1.000000,,
distal,15.0,20.0,150.0,160.0,normal,0.000000,0.109864,0.074604
perpendicular,15.0,20.0,150.0,160.0,normal,0.000000,0.134888,0.089462
height,15.0,20.0,150.0,160.0,normal,0.000000,0.107713,0.072683
yaw,15.0,20.0,150.0,160.0,normal,0.000000,0.369488,0.103646
width,15.0,20.0,150.0,160.0,normal,0.000000,0.101019,0.074218
length,15.0,20.0,150.0,160.0,normal,0.000000,0.167888,0.112348
box_height,15.0,20.0,150.0,160.0,normal,0.000000,0.094363,0.067277
miss_detection,15.0,20.0,160.0,170.0,constant,1.000000,,
distal,15.0,20.0,160.0,170.0,normal,0.000000,0.109864,0.074604
perpendicular,15.0,20.0,160.0,170.0,normal,0.000000,0.134888,0.089462
height,15.0,20.0,160.0,170.0,normal,0.000000,0.107713,0.072683
yaw,15.0,20.0,160.0,170.0,normal,0.000000,0.369488,0.103646
width,15.0,20.0,160.0,170.0,normal,0.000000,0.101019,0.074218
length,15.0,20.0,160.0,170.0,normal,0.000000,0.167888,0.112348
box_height,15.0,20.0,160.0,170.0,normal,0.000000,0.094363,0.067277
miss_detection,15.0,20.0,170.0,180.0,constant,1.000000,,
distal,15.0,20.0,170.0,180.0,normal,0.000000,0.109864,0.074604
perpendicular,15.0,20.0,170.0,180.0,normal,0.000000,0.134888,0.089462
height,15.0,20.0,170.0,180.0,normal,0.000000,0.107713,0.072683
yaw,15.0,20.0,170.0,180.0,normal,0.000000,0.369488,0.103646
width,15.0,20.0,170.0,180.0,normal,0.000000,0.101019,0.074218
length,15.0,20.0,170.0,180.0,normal,0.000000,0.167888,0.112348
box_height,15.0,20.0,170.0,180.0,normal,0.000000,0.094363,0.067277
miss_detection,20.0,25.0,-180.0,-170.0,constant,1.000000,,
distal,20.0,25.0,-180.0,-170.0,normal,0.000000,0.109864,0.074604
perpendicular,20.0,25.0,-180.0,-170.0,normal,0.000000,0.134888,0.089462
height,20.0,25.0,-180.0,-170.0,normal,0.000000,0.107713,0.072683
yaw,20.0,25.0,-180.0,-170.0,normal,0.000000,0.369488,0.103646
width,20.0,25.0,-180.0,-170.0,normal,0.000000,0.101019,0.074218
length,20.0,25.0,-180.0,-170.0,normal,0.000000,0.167888,0.112348
box_height,20.0,25.0,-180.0,-170.0,normal,0.000000,0.094363,0.067277
miss_detection,20.0,25.0,-170.0,-160.0,constant,1.000000,,
distal,20.0,25.0,-170.0,-160.0,normal,0.000000,0.109864,0.074604
perpendicular,20.0,25.0,-170.0,-160.0,normal,0.000000,0.134888,0.089462
height,20.0,25.0,-170.0,-160.0,normal,0.000000,0.107713,0.072683
yaw,20.0,25.0,-170.0,-160.0,normal,0.000000,0.369488,0.103646
width,20.0,25.0,-170.0,-160.0,normal,0.000000,0.101019,0.074218
length,20.0,25.0,-170.0,-160.0,normal,0.000000,0.167888,0.112348
box_height,20.0,25.0,-170.0,-160.0,normal,0.000000,0.094363,0.067277
miss_detection,20.0,25.0,-160.0,-150.0,constant,1.000000,,
distal,20.0,25.0,-160.0,-150.0,normal,0.000000,0.109864,0.074604
perpendicular,20.0,25.0,-160.0,-150.0,normal,0.000000,0.134888,0.089462
height,20.0,25.0,-160.0,-150.0,normal,0.000000,0.107713,0.072683
yaw,20.0,25.0,-160.0,-150.0,normal,0.000000,0.369488,0.103646
width,20.0,25.0,-160.0,-150.0,normal,0.000000,0.101019,0.074218
length,20.0,25.0,-160.0,-150.0,normal,0.000000,0.167888,0.112348
box_height,20.0,25.0,-160.0,-150.0,normal,0.000000,0.094363,0.067277
miss_detection,20.0,25.0,-150.0,-140.0,constant,1.000000,,
distal,20.0,25.0,-150.0,-140.0,normal,0.000000,0.109864,0.074604
perpendicular,20.0,25.0,-150.0,-140.0,normal,0.000000,0.134888,0.089462
height,20.0,25.0,-150.0,-140.0,normal,0.000000,0.107713,0.072683
yaw,20.0,25.0,-150.0,-140.0,normal,0.000000,0.369488,0.103646
width,20.0,25.0,-150.0,-140.0,normal,0.000000,0.101019,0.074218
length,20.0,25.0,-150.0,-140.0,normal,0.000000,0.167888,0.112348
box_height,20.0,25.0,-150.0,-140.0,normal,0.000000,0.094363,0.067277
miss_detection,20.0,25.0,-140.0,-130.0,constant,1.000000,,
distal,20.0,25.0,-140.0,-130.0,normal,0.000000,0.109864,0.074604
perpendicular,20.0,25.0,-140.0,-130.0,normal,0.000000,0.134888,0.089462
height,20.0,25.0,-140.0,-130.0,normal,0.000000,0.107713,0.072683
yaw,20.0,25.0,-140.0,-130.0,normal,0.000000,0.369488,0.103646
width,20.0,25.0,-140.0,-130.0,normal,0.000000,0.101019,0.074218
length,20.0,25.0,-140.0,-130.0,normal,0.000000,0.167888,0.112348
box_height,20.0,25.0,-140.0,-130.0,normal,0.000000,0.094363,0.067277
miss_detection,20.0,25.0,-130.0,-120.0,constant,1.000000,,
distal,20.0,25.0,-130.0,-120.0,normal,0.000000,0.109864,0.074604
perpendicular,20.0,25.0,-130.0,-120.0,normal,0.000000,0.134888,0.089462
height,20.0,25.0,-130.0,-120.0,normal,0.000000,0.107713,0.072683
yaw,20.0,25.0,-130.0,-120.0,normal,0.000000,0.369488,0.103646
width,20.0,25.0,-130.0,-120.0,normal,0.000000,0.101019,0.074218
length,20.0,25.0,-130.0,-120.0,normal,0.000000,0.167888,0.112348
box_height,20.0,25.0,-130.0,-120.0,normal,0.000000,0.094363,0.067277
miss_detection,20.0,25.0,-120.0,-110.0,constant,1.000000,,
distal,20.0,25.0,-120.0,-110.0,normal,0.000000,0.109864,0.074604
perpendicular,20.0,25.0,-120.0,-110.0,normal,0.000000,0.134888,0.089462
height,20.0,25.0,-120.0,-110.0,normal,0.000000,0.107713,0.072683
yaw,20.0,25.0,-120.0,-110.0,normal,0.000000,0.369488,0.103646
width,20.0,25.0,-120.0,-110.0,normal,0.000000,0.101019,0.074218
length,20.0,25.0,-120.0,-110.0,normal,0.000000,0.167888,0.112348
box_height,20.0,25.0,-120.0,-110.0,normal,0.000000,0.094363,0.067277
miss_detection,20.0,25.0,-110.0,-100.0,constant,1.000000,,
distal,20.0,25.0,-110.0,-100.0,normal,0.000000,0.109864,0.074604
perpendicular,20.0,25.0,-110.0,-100.0,normal,0.000000,0.134888,0.089462
height,20.0,25.0,-110.0,-100.0,normal,0.000000,0.107713,0.072683
yaw,20.0,25.0,-110.0,-100.0,normal,0.000000,0.369488,0.103646
width,20.0,25.0,-110.0,-100.0,normal,0.000000,0.101019,0.074218
length,20.0,25.0,-110.0,-100.0,normal,0.000000,0.167888,0.112348
box_height,20.0,25.0,-110.0,-100.0,normal,0.000000,0.094363,0.067277
miss_detection,20.0,25.0,-100.0,-90.0,constant,1.000000,,
distal,20.0,25.0,-100.0,-90.0,normal,0.000000,0.109864,0.074604
perpendicular,20.0,25.0,-100.0,-90.0,normal,0.000000,0.134888,0.089462
height,20.0,25.0,-100.0,-90.0,normal,0.000000,0.107713,0.072683
yaw,20.0,25.0,-100.0,-90.0,normal,0.000000,0.369488,0.103646
width,20.0,25.0,-100.0,-90.0,normal,0.000000,0.101019,0.074218
length,20.0,25.0,-100.0,-90.0,normal,0.000000,0.167888,0.112348
box_height,20.0,25.0,-100.0,-90.0,normal,0.000000,0.094363,0.067277
miss_detection,20.0,25.0,-90.0,-80.0,constant,1.000000,,
distal,20.0,25.0,-90.0,-80.0,normal,0.000000,0.109864,0.074604
perpendicular,20.0,25.0,-90.0,-80.0,normal,0.000000,0.134888,0.089462
height,20.0,25.0,-90.0,-80.0,normal,0.000000,0.107713,0.072683
yaw,20.0,25.0,-90.0,-80.0,normal,0.000000,0.369488,0.103646
width,20.0,25.0,-90.0,-80.0,normal,0.000000,0.101019,0.074218
length,20.0,25.0,-90.0,-80.0,normal,0.000000,0.167888,0.112348
box_height,20.0,25.0,-90.0,-80.0,normal,0.000000,0.094363,0.067277
miss_detection,20.0,25.0,-80.0,-70.0,constant,1.000000,,
distal,20.0,25.0,-80.0,-70.0,normal,0.000000,0.109864,0.074604
perpendicular,20.0,25.0,-80.0,-70.0,normal,0.000000,0.134888,0.089462
height,20.0,25.0,-80.0,-70.0,normal,0.000000,0.107713,0.072683
yaw,20.0,25.0,-80.0,-70.0,normal,0.000000,0.369488,0.103646
width,20.0,25.0,-80.0,-70.0,normal,0.000000,0.101019,0.074218
length,20.0,25.0,-80.0,-70.0,normal,0.000000,0.167888,0.112348
box_height,20.0,25.0,-80.0,-70.0,normal,0.000000,0.094363,0.067277
miss_detection,20.0,25.0,-70.0,-60.0,constant,1.000000,,
distal,20.0,25.0,-70.0,-60.0,normal,0.000000,0.109864,0.074604
perpendicular,20.0,25.0,-70.0,-60.0,normal,0.000000,0.134888,0.089462
height,20.0,25.0,-70.0,-60.0,normal,0.000000,0.107713,0.072683
yaw,20.0,25.0,-70.0,-60.0,normal,0.000000,0.369488,0.103646
width,20.0,25.0,-70.0,-60.0,normal,0.000000,0.101019,0.074218
length,20.0,25.0,-70.0,-60.0,normal,0.000000,0.167888,0.112348
box_height,20.0,25.0,-70.0,-60.0,normal,0.000000,0.094363,0.067277
miss_detection,20.0,25.0,-60.0,-50.0,constant,1.000000,,
distal,20.0,25.0,-60.0,-50.0,normal,0.000000,0.109864,0.074604
perpendicular,20.0,25.0,-60.0,-50.0,normal,0.000000,0.134888,0.089462
height,20.0,25.0,-60.0,-50.0,normal,0.000000,0.107713,0.072683
yaw,20.0,25.0,-60.0,-50.0,normal,0.000000,0.369488,0.103646
width,20.0,25.0,-60.0,-50.0,normal,0.000000,0.101019,0.074218
length,20.0,25.0,-60.0,-50.0,normal,0.000000,0.167888,0.112348
box_height,20.0,25.0,-60.0,-50.0,normal,0.000000,0.094363,0.067277
miss_detection,20.0,25.0,-50.0,-40.0,constant,1.000000,,
distal,20.0,25.0,-50.0,-40.0,normal,0.000000,0.109864,0.074604
perpendicular,20.0,25.0,-50.0,-40.0,normal,0.000000,0.134888,0.089462
height,20.0,25.0,-50.0,-40.0,normal,0.000000,0.107713,0.072683
yaw,20.0,25.0,-50.0,-40.0,normal,0.000000,0.369488,0.103646
width,20.0,25.0,-50.0,-40.0,normal,0.000000,0.101019,0.074218
length,20.0,25.0,-50.0,-40.0,normal,0.000000,0.167888,0.112348
box_height,20.0,25.0,-50.0,-40.0,normal,0.000000,0.094363,0.067277
miss_detection,20.0,25.0,-40.0,-30.0,constant,1.000000,,
distal,20.0,25.0,-40.0,-30.0,normal,0.000000,0.109864,0.074604
perpendicular,20.0,25.0,-40.0,-30.0,normal,0.000000,0.134888,0.089462
height,20.0,25.0,-40.0,-30.0,normal,0.000000,0.107713,0.072683
yaw,20.0,25.0,-40.0,-30.0,normal,0.000000,0.369488,0.103646
width,20.0,25.0,-40.0,-30.0,normal,0.000000,0.101019,0.074218
length,20.0,25.0,-40.0,-30.0,normal,0.000000,0.167888,0.112348
box_height,20.0,25.0,-40.0,-30.0,normal,0.000000,0.094363,0.067277
miss_detection,20.0,25.0,-30.0,-20.0,constant,0.000000,,
distal,20.0,25.0,-30.0,-20.0,normal,0.000000,0.027424,0.027424
perpendicular,20.0,25.0,-30.0,-20.0,normal,0.000000,0.005249,0.025611
height,20.0,25.0,-30.0,-20.0,normal,0.000000,0.006535,0.084909
yaw,20.0,25.0,-30.0,-20.0,normal,0.000000,0.003915,0.019731
width,20.0,25.0,-30.0,-20.0,normal,0.000000,0.093471,0.093471
length,20.0,25.0,-30.0,-20.0,normal,0.000000,0.164268,0.164268
box_height,20.0,25.0,-30.0,-20.0,normal,0.000000,0.004339,0.028713
miss_detection,20.0,25.0,-20.0,-10.0,constant,0.000000,,
distal,20.0,25.0,-20.0,-10.0,normal,0.000000,0.066857,0.047817
perpendicular,20.0,25.0,-20.0,-10.0,normal,0.000000,0.047650,0.038192
height,20.0,25.0,-20.0,-10.0,normal,0.000000,0.042918,0.029826
yaw,20.0,25.0,-20.0,-10.0,normal,0.000000,0.027808,0.037985
width,20.0,25.0,-20.0,-10.0,normal,0.000000,0.088152,0.067850
length,20.0,25.0,-20.0,-10.0,normal,0.000000,0.138609,0.102910
box_height,20.0,25.0,-20.0,-10.0,normal,0.000000,0.071783,0.054526
miss_detection,20.0,25.0,-10.0,0.0,constant,0.293793,,
distal,20.0,25.0,-10.0,0.0,normal,0.000000,0.078622,0.071635
perpendicular,20.0,25.0,-10.0,0.0,normal,0.000000,0.046124,0.039149
height,20.0,25.0,-10.0,0.0,normal,0.000000,0.025943,0.021046
yaw,20.0,25.0,-10.0,0.0,normal,0.000000,0.029408,0.041848
width,20.0,25.0,-10.0,0.0,normal,0.000000,0.086844,0.065211
length,20.0,25.0,-10.0,0.0,normal,0.000000,0.158158,0.127636
box_height,20.0,25.0,-10.0,0.0,normal,0.000000,0.047147,0.045605
miss_detection,20.0,25.0,0.0,10.0,constant,0.000000,,
distal,20.0,25.0,0.0,10.0,normal,0.000000,0.092229,0.063335
perpendicular,20.0,25.0,0.0,10.0,normal,0.000000,0.090916,0.065388
height,20.0,25.0,0.0,10.0,normal,0.000000,0.048987,0.036729
yaw,20.0,25.0,0.0,10.0,normal,0.000000,0.038802,0.052232
width,20.0,25.0,0.0,10.0,normal,0.000000,0.079732,0.058822
length,20.0,25.0,0.0,10.0,normal,0.000000,0.173845,0.108102
box_height,20.0,25.0,0.0,10.0,normal,0.000000,0.064536,0.041709
miss_detection,20.0,25.0,10.0,20.0,constant,0.000000,,
distal,20.0,25.0,10.0,20.0,normal,0.000000,0.075073,0.055773
perpendicular,20.0,25.0,10.0,20.0,normal,0.000000,0.045321,0.044286
height,20.0,25.0,10.0,20.0,normal,0.000000,0.047985,0.035535
yaw,20.0,25.0,10.0,20.0,normal,0.000000,0.032467,0.051747
width,20.0,25.0,10.0,20.0,normal,0.000000,0.078906,0.065026
length,20.0,25.0,10.0,20.0,normal,0.000000,0.120926,0.084039
box_height,20.0,25.0,10.0,20.0,normal,0.000000,0.070787,0.047059
miss_detection,20.0,25.0,20.0,30.0,constant,1.000000,,
distal,20.0,25.0,20.0,30.0,normal,0.000000,0.109864,0.074604
perpendicular,20.0,25.0,20.0,30.0,normal,0.000000,0.134888,0.089462
height,20.0,25.0,20.0,30.0,normal,0.000000,0.107713,0.072683
yaw,20.0,25.0,20.0,30.0,normal,0.000000,0.369488,0.103646
width,20.0,25.0,20.0,30.0,normal,0.000000,0.101019,0.074218
length,20.0,25.0,20.0,30.0,normal,0.000000,0.167888,0.112348
box_height,20.0,25.0,20.0,30.0,normal,0.000000,0.094363,0.067277
miss_detection,20.0,25.0,30.0,40.0,constant,1.000000,,
distal,20.0,25.0,30.0,40.0,normal,0.000000,0.109864,0.074604
perpendicular,20.0,25.0,30.0,40.0,normal,0.000000,0.134888,0.089462
height,20.0,25.0,30.0,40.0,normal,0.000000,0.107713,0.072683
yaw,20.0,25.0,30.0,40.0,normal,0.000000,0.369488,0.103646
width,20.0,25.0,30.0,40.0,normal,0.000000,0.101019,0.074218
length,20.0,25.0,30.0,40.0,normal,0.000000,0.167888,0.112348
box_height,20.0,25.0,30.0,40.0,normal,0.000000,0.094363,0.067277
miss_detection,20.0,25.0,40.0,50.0,constant,1.000000,,
distal,20.0,25.0,40.0,50.0,normal,0.000000,0.109864,0.074604
perpendicular,20.0,25.0,40.0,50.0,normal,0.000000,0.134888,0.089462
height,20.0,25.0,40.0,50.0,normal,0.000000,0.107713,0.072683
yaw,20.0,25.0,40.0,50.0,normal,0.000000,0.369488,0.103646
width,20.0,25.0,40.0,50.0,normal,0.000000,0.101019,0.074218
length,20.0,25.0,40.0,50.0,normal,0.000000,0.167888,0.112348
box_height,20.0,25.0,40.0,50.0,normal,0.000000,0.094363,0.067277
miss_detection,20.0,25.0,50.0,60.0,constant,1.000000,,
distal,20.0,25.0,50.0,60.0,normal,0.000000,0.109864,0.074604
perpendicular,20.0,25.0,50.0,60.0,normal,0.000000,0.134888,0.089462
height,20.0,25.0,50.0,60.0,normal,0.000000,0.107713,0.072683
yaw,20.0,25.0,50.0,60.0,normal,0.000000,0.369488,0.103646
width,20.0,25.0,50.0,60.0,normal,0.000000,0.101019,0.074218
length,20.0,25.0,50.0,60.0,normal,0.000000,0.167888,0.112348
box_height,20.0,25.0,50.0,60.0,normal,0.000000,0.094363,0.067277
miss_detection,20.0,25.0,60.0,70.0,constant,1.000000,,
distal,20.0,25.0,60.0,70.0,normal,0.000000,0.109864,0.074604
perpendicular,20.0,25.0,60.0,70.0,normal,0.000000,0.134888,0.089462
height,20.0,25.0,60.0,70.0,normal,0.000000,0.107713,0.072683
yaw,20.0,25.0,60.0,70.0,normal,0.000000,0.369488,0.103646
width,20.0,25.0,60.0,70.0,normal,0.000000,0.101019,0.074218
length,20.0,25.0,60.0,70.0,normal,0.000000,0.167888,0.112348
box_height,20.0,25.0,60.0,70.0,normal,0.000000,0.094363,0.067277
miss_detection,20.0,25.0,70.0,80.0,constant,1.000000,,
distal,20.0,25.0,70.0,80.0,normal,0.000000,0.109864,0.074604
perpendicular,20.0,25.0,70.0,80.0,normal,0.000000,0.134888,0.089462
height,20.0,25.0,70.0,80.0,normal,0.000000,0.107713,0.072683
yaw,20.0,25.0,70.0,80.0,normal,0.000000,0.369488,0.103646
width,20.0,25.0,70.0,80.0,normal,0.000000,0.101019,0.074218
length,20.0,25.0,70.0,80.0,normal,0.000000,0.167888,0.112348
box_height,20.0,25.0,70.0,80.0,normal,0.000000,0.094363,0.067277
miss_detection,20.0,25.0,80.0,90.0,constant,1.000000,,
distal,20.0,25.0,80.0,90.0,normal,0.000000,0.109864,0.074604
perpendicular,20.0,25.0,80.0,90.0,normal,0.000000,0.134888,0.089462
height,20.0,25.0,80.0,90.0,normal,0.000000,0.107713,0.072683
yaw,20.0,25.0,80.0,90.0,normal,0.000000,0.369488,0.103646
width,20.0,25.0,80.0,90.0,normal,0.000000,0.101019,0.074218
length,20.0,25.0,80.0,90.0,normal,0.000000,0.167888,0.112348
box_height,20.0,25.0,80.0,90.0,normal,0.000000,0.094363,0.067277
miss_detection,20.0,25.0,90.0,100.0,constant,1.000000,,
distal,20.0,25.0,90.0,100.0,normal,0.000000,0.109864,0.074604
perpendicular,20.0,25.0,90.0,100.0,normal,0.000000,0.134888,0.089462
height,20.0,25.0,90.0,100.0,normal,0.000000,0.107713,0.072683
yaw,20.0,25.0,90.0,100.0,normal,0.000000,0.369488,0.103646
width,20.0,25.0,90.0,100.0,normal,0.000000,0.101019,0.074218
length,20.0,25.0,90.0,100.0,normal,0.000000,0.167888,0.112348
box_height,20.0,25.0,90.0,100.0,normal,0.000000,0.094363,0.067277
miss_detection,20.0,25.0,100.0,110.0,constant,1.000000,,
distal,20.0,25.0,100.0,110.0,normal,0.000000,0.109864,0.074604
perpendicular,20.0,25.0,100.0,110.0,normal,0.000000,0.134888,0.089462
height,20.0,25.0,100.0,110.0,normal,0.000000,0.107713,0.072683
yaw,20.0,25.0,100.0,110.0,normal,0.000000,0.369488,0.103646
width,20.0,25.0,100.0,110.0,normal,0.000000,0.101019,0.074218
length,20.0,25.0,100.0,110.0,normal,0.000000,0.167888,0.112348
box_height,20.0,25.0,100.0,110.0,normal,0.000000,0.094363,0.067277
miss_detection,20.0,25.0,110.0,120.0,constant,1.000000,,
distal,20.0,25.0,110.0,120.0,normal,0.000000,0.109864,0.074604
perpendicular,20.0,25.0,110.0,120.0,normal,0.000000,0.134888,0.089462
height,20.0,25.0,110.0,120.0,normal,0.000000,0.107713,0.072683
yaw,20.0,25.0,110.0,120.0,normal,0.000000,0.369488,0.103646
width,20.0,25.0,110.0,120.0,normal,0.000000,0.101019,0.074218
length,20.0,25.0,110.0,120.0,normal,0.000000,0.167888,0.112348
box_height,20.0,25.0,110.0,120.0,normal,0.000000,0.094363,0.067277
miss_detection,20.0,25.0,120.0,130.0,constant,1.000000,,
distal,20.0,25.0,120.0,130.0,normal,0.000000,0.109864,0.074604
perpendicular,20.0,25.0,120.0,130.0,normal,0.000000,0.134888,0.089462
height,20.0,25.0,120.0,130.0,normal,0.000000,0.107713,0.072683
yaw,20.0,25.0,120.0,130.0,normal,0.000000,0.369488,0.103646
width,20.0,25.0,120.0,130.0,normal,0.000000,0.101019,0.074218
length,20.0,25.0,120.0,130.0,normal,0.000000,0.167888,0.112348
box_height,20.0,25.0,120.0,130.0,normal,0.000000,0.094363,0.067277
miss_detection,20.0,25.0,130.0,140.0,constant,1.000000,,
distal,20.0,25.0,130.0,140.0,normal,0.000000,0.109864,0.074604
perpendicular,20.0,25.0,130.0,140.0,normal,0.000000,0.134888,0.089462
height,20.0,25.0,130.0,140.0,normal,0.000000,0.107713,0.072683
yaw,20.0,25.0,130.0,140.0,normal,0.000000,0.369488,0.103646
width,20.0,25.0,130.0,140.0,normal,0.000000,0.101019,0.074218
length,20.0,25.0,130.0,140.0,normal,0.000000,0.167888,0.112348
box_height,20.0,25.0,130.0,140.0,normal,0.000000,0.094363,0.067277
miss_detection,20.0,25.0,140.0,150.0,constant,1.000000,,
distal,20.0,25.0,140.0,150.0,normal,0.000000,0.109864,0.074604
perpendicular,20.0,25.0,140.0,150.0,normal,0.000000,0.134888,0.089462
height,20.0,25.0,140.0,150.0,normal,0.000000,0.107713,0.072683
yaw,20.0,25.0,140.0,150.0,normal,0.000000,0.369488,0.103646
width,20.0,25.0,140.0,150.0,normal,0.000000,0.101019,0.074218
length,20.0,25.0,140.0,150.0,normal,0.000000,0.167888,0.112348
box_height,20.0,25.0,140.0,150.0,normal,0.000000,0.094363,0.067277
miss_detection,20.0,25.0,150.0,160.0,constant,1.000000,,
distal,20.0,25.0,150.0,160.0,normal,0.000000,0.109864,0.074604
perpendicular,20.0,25.0,150.0,160.0,normal,0.000000,0.134888,0.089462
height,20.0,25.0,150.0,160.0,normal,0.000000,0.107713,0.072683
yaw,20.0,25.0,150.0,160.0,normal,0.000000,0.369488,0.103646
width,20.0,25.0,150.0,160.0,normal,0.000000,0.101019,0.074218
length,20.0,25.0,150.0,160.0,normal,0.000000,0.167888,0.112348
box_height,20.0,25.0,150.0,160.0,normal,0.000000,0.094363,0.067277
miss_detection,20.0,25.0,160.0,170.0,constant,1.000000,,
distal,20.0,25.0,160.0,170.0,normal,0.000000,0.109864,0.074604
perpendicular,20.0,25.0,160.0,170.0,normal,0.000000,0.134888,0.089462
height,20.0,25.0,160.0,170.0,normal,0.000000,0.107713,0.072683
yaw,20.0,25.0,160.0,170.0,normal,0.000000,0.369488,0.103646
width,20.0,25.0,160.0,170.0,normal,0.000000,0.101019,0.074218
length,20.0,25.0,160.0,170.0,normal,0.000000,0.167888,0.112348
box_height,20.0,25.0,160.0,170.0,normal,0.000000,0.094363,0.067277
miss_detection,20.0,25.0,170.0,180.0,constant,1.000000,,
distal,20.0,25.0,170.0,180.0,normal,0.000000,0.109864,0.074604
perpendicular,20.0,25.0,170.0,180.0,normal,0.000000,0.134888,0.089462
height,20.0,25.0,170.0,180.0,normal,0.000000,0.107713,0.072683
yaw,20.0,25.0,170.0,180.0,normal,0.000000,0.369488,0.103646
width,20.0,25.0,170.0,180.0,normal,0.000000,0.101019,0.074218
length,20.0,25.0,170.0,180.0,normal,0.000000,0.167888,0.112348
box_height,20.0,25.0,170.0,180.0,normal,0.000000,0.094363,0.067277
miss_detection,25.0,30.0,-180.0,-170.0,constant,1.000000,,
distal,25.0,30.0,-180.0,-170.0,normal,0.000000,0.109864,0.074604
perpendicular,25.0,30.0,-180.0,-170.0,normal,0.000000,0.134888,0.089462
height,25.0,30.0,-180.0,-170.0,normal,0.000000,0.107713,0.072683
yaw,25.0,30.0,-180.0,-170.0,normal,0.000000,0.369488,0.103646
width,25.0,30.0,-180.0,-170.0,normal,0.000000,0.101019,0.074218
length,25.0,30.0,-180.0,-170.0,normal,0.000000,0.167888,0.112348
box_height,25.0,30.0,-180.0,-170.0,normal,0.000000,0.094363,0.067277
miss_detection,25.0,30.0,-170.0,-160.0,constant,1.000000,,
distal,25.0,30.0,-170.0,-160.0,normal,0.000000,0.109864,0.074604
perpendicular,25.0,30.0,-170.0,-160.0,normal,0.000000,0.134888,0.089462
height,25.0,30.0,-170.0,-160.0,normal,0.000000,0.107713,0.072683
yaw,25.0,30.0,-170.0,-160.0,normal,0.000000,0.369488,0.103646
width,25.0,30.0,-170.0,-160.0,normal,0.000000,0.101019,0.074218
length,25.0,30.0,-170.0,-160.0,normal,0.000000,0.167888,0.112348
box_height,25.0,30.0,-170.0,-160.0,normal,0.000000,0.094363,0.067277
miss_detection,25.0,30.0,-160.0,-150.0,constant,1.000000,,
distal,25.0,30.0,-160.0,-150.0,normal,0.000000,0.109864,0.074604
perpendicular,25.0,30.0,-160.0,-150.0,normal,0.000000,0.134888,0.089462
height,25.0,30.0,-160.0,-150.0,normal,0.000000,0.107713,0.072683
yaw,25.0,30.0,-160.0,-150.0,normal,0.000000,0.369488,0.103646
width,25.0,30.0,-160.0,-150.0,normal,0.000000,0.101019,0.074218
length,25.0,30.0,-160.0,-150.0,normal,0.000000,0.167888,0.112348
box_height,25.0,30.0,-160.0,-150.0,normal,0.000000,0.094363,0.067277
miss_detection,25.0,30.0,-150.0,-140.0,constant,1.000000,,
distal,25.0,30.0,-150.0,-140.0,normal,0.000000,0.109864,0.074604
perpendicular,25.0,30.0,-150.0,-140.0,normal,0.000000,0.134888,0.089462
height,25.0,30.0,-150.0,-140.0,normal,0.000000,0.107713,0.072683
yaw,25.0,30.0,-150.0,-140.0,normal,0.000000,0.369488,0.103646
width,25.0,30.0,-150.0,-140.0,normal,0.000000,0.101019,0.074218
length,25.0,30.0,-150.0,-140.0,normal,0.000000,0.167888,0.112348
box_height,25.0,30.0,-150.0,-140.0,normal,0.000000,0.094363,0.067277
miss_detection,25.0,30.0,-140.0,-130.0,constant,1.000000,,
distal,25.0,30.0,-140.0,-130.0,normal,0.000000,0.109864,0.074604
perpendicular,25.0,30.0,-140.0,-130.0,normal,0.000000,0.134888,0.089462
height,25.0,30.0,-140.0,-130.0,normal,0.000000,0.107713,0.072683
yaw,25.0,30.0,-140.0,-130.0,normal,0.000000,0.369488,0.103646
width,25.0,30.0,-140.0,-130.0,normal,0.000000,0.101019,0.074218
length,25.0,30.0,-140.0,-130.0,normal,0.000000,0.167888,0.112348
box_height,25.0,30.0,-140.0,-130.0,normal,0.000000,0.094363,0.067277
miss_detection,25.0,30.0,-130.0,-120.0,constant,1.000000,,
distal,25.0,30.0,-130.0,-120.0,normal,0.000000,0.109864,0.074604
perpendicular,25.0,30.0,-130.0,-120.0,normal,0.000000,0.134888,0.089462
height,25.0,30.0,-130.0,-120.0,normal,0.000000,0.107713,0.072683
yaw,25.0,30.0,-130.0,-120.0,normal,0.000000,0.369488,0.103646
width,25.0,30.0,-130.0,-120.0,normal,0.000000,0.101019,0.074218
length,25.0,30.0,-130.0,-120.0,normal,0.000000,0.167888,0.112348
box_height,25.0,30.0,-130.0,-120.0,normal,0.000000,0.094363,0.067277
miss_detection,25.0,30.0,-120.0,-110.0,constant,1.000000,,
distal,25.0,30.0,-120.0,-110.0,normal,0.000000,0.109864,0.074604
perpendicular,25.0,30.0,-120.0,-110.0,normal,0.000000,0.134888,0.089462
height,25.0,30.0,-120.0,-110.0,normal,0.000000,0.107713,0.072683
yaw,25.0,30.0,-120.0,-110.0,normal,0.000000,0.369488,0.103646
width,25.0,30.0,-120.0,-110.0,normal,0.000000,0.101019,0.074218
length,25.0,30.0,-120.0,-110.0,normal,0.000000,0.167888,0.112348
box_height,25.0,30.0,-120.0,-110.0,normal,0.000000,0.094363,0.067277
miss_detection,25.0,30.0,-110.0,-100.0,constant,1.000000,,
distal,25.0,30.0,-110.0,-100.0,normal,0.000000,0.109864,0.074604
perpendicular,25.0,30.0,-110.0,-100.0,normal,0.000000,0.134888,0.089462
height,25.0,30.0,-110.0,-100.0,normal,0.000000,0.107713,0.072683
yaw,25.0,30.0,-110.0,-100.0,normal,0.000000,0.369488,0.103646
width,25.0,30.0,-110.0,-100.0,normal,0.000000,0.101019,0.074218
length,25.0,30.0,-110.0,-100.0,normal,0.000000,0.167888,0.112348
box_height,25.0,30.0,-110.0,-100.0,normal,0.000000,0.094363,0.067277
miss_detection,25.0,30.0,-100.0,-90.0,constant,1.000000,,
distal,25.0,30.0,-100.0,-90.0,normal,0.000000,0.109864,0.074604
perpendicular,25.0,30.0,-100.0,-90.0,normal,0.000000,0.134888,0.089462
height,25.0,30.0,-100.0,-90.0,normal,0.000000,0.107713,0.072683
yaw,25.0,30.0,-100.0,-90.0,normal,0.000000,0.369488,0.103646
width,25.0,30.0,-100.0,-90.0,normal,0.000000,0.101019,0.074218
length,25.0,30.0,-100.0,-90.0,normal,0.000000,0.167888,0.112348
box_height,25.0,30.0,-100.0,-90.0,normal,0.000000,0.094363,0.067277
miss_detection,25.0,30.0,-90.0,-80.0,constant,1.000000,,
distal,25.0,30.0,-90.0,-80.0,normal,0.000000,0.109864,0.074604
perpendicular,25.0,30.0,-90.0,-80.0,normal,0.000000,0.134888,0.089462
height,25.0,30.0,-90.0,-80.0,normal,0.000000,0.107713,0.072683
yaw,25.0,30.0,-90.0,-80.0,normal,0.000000,0.369488,0.103646
width,25.0,30.0,-90.0,-80.0,normal,0.000000,0.101019,0.074218
length,25.0,30.0,-90.0,-80.0,normal,0.000000,0.167888,0.112348
box_height,25.0,30.0,-90.0,-80.0,normal,0.000000,0.094363,0.067277
miss_detection,25.0,30.0,-80.0,-70.0,constant,1.000000,,
distal,25.0,30.0,-80.0,-70.0,normal,0.000000,0.109864,0.074604
perpendicular,25.0,30.0,-80.0,-70.0,normal,0.000000,0.134888,0.089462
height,25.0,30.0,-80.0,-70.0,normal,0.000000,0.107713,0.072683
yaw,25.0,30.0,-80.0,-70.0,normal,0.000000,0.369488,0.103646
width,25.0,30.0,-80.0,-70.0,normal,0.000000,0.101019,0.074218
length,25.0,30.0,-80.0,-70.0,normal,0.000000,0.167888,0.112348
box_height,25.0,30.0,-80.0,-70.0,normal,0.000000,0.094363,0.067277
miss_detection,25.0,30.0,-70.0,-60.0,constant,1.000000,,
distal,25.0,30.0,-70.0,-60.0,normal,0.000000,0.109864,0.074604
perpendicular,25.0,30.0,-70.0,-60.0,normal,0.000000,0.134888,0.089462
height,25.0,30.0,-70.0,-60.0,normal,0.000000,0.107713,0.072683
yaw,25.0,30.0,-70.0,-60.0,normal,0.000000,0.369488,0.103646
width,25.0,30.0,-70.0,-60.0,normal,0.000000,0.101019,0.074218
length,25.0,30.0,-70.0,-60.0,normal,0.000000,0.167888,0.112348
box_height,25.0,30.0,-70.0,-60.0,normal,0.000000,0.094363,0.067277
miss_detection,25.0,30.0,-60.0,-50.0,constant,1.000000,,
distal,25.0,30.0,-60.0,-50.0,normal,0.000000,0.109864,0.074604
perpendicular,25.0,30.0,-60.0,-50.0,normal,0.000000,0.134888,0.089462
height,25.0,30.0,-60.0,-50.0,normal,0.000000,0.107713,0.072683
yaw,25.0,30.0,-60.0,-50.0,normal,0.000000,0.369488,0.103646
width,25.0,30.0,-60.0,-50.0,normal,0.000000,0.101019,0.074218
length,25.0,30.0,-60.0,-50.0,normal,0.000000,0.167888,0.112348
box_height,25.0,30.0,-60.0,-50.0,normal,0.000000,0.094363,0.067277
miss_detection,25.0,30.0,-50.0,-40.0,constant,1.000000,,
distal,25.0,30.0,-50.0,-40.0,normal,0.000000,0.109864,0.074604
perpendicular,25.0,30.0,-50.0,-40.0,normal,0.000000,0.134888,0.089462
height,25.0,30.0,-50.0,-40.0,normal,0.000000,0.107713,0.072683
yaw,25.0,30.0,-50.0,-40.0,normal,0.000000,0.369488,0.103646
width,25.0,30.0,-50.0,-40.0,normal,0.000000,0.101019,0.074218
length,25.0,30.0,-50.0,-40.0,normal,0.000000,0.167888,0.112348
box_height,25.0,30.0,-50.0,-40.0,normal,0.000000,0.094363,0.067277
miss_detection,25.0,30.0,-40.0,-30.0,constant,1.000000,,
distal,25.0,30.0,-40.0,-30.0,normal,0.000000,0.109864,0.074604
perpendicular,25.0,30.0,-40.0,-30.0,normal,0.000000,0.134888,0.089462
height,25.0,30.0,-40.0,-30.0,normal,0.000000,0.107713,0.072683
yaw,25.0,30.0,-40.0,-30.0,normal,0.000000,0.369488,0.103646
width,25.0,30.0,-40.0,-30.0,normal,0.000000,0.101019,0.074218
length,25.0,30.0,-40.0,-30.0,normal,0.000000,0.167888,0.112348
box_height,25.0,30.0,-40.0,-30.0,normal,0.000000,0.094363,0.067277
miss_detection,25.0,30.0,-30.0,-20.0,constant,1.000000,,
distal,25.0,30.0,-30.0,-20.0,normal,0.000000,0.109864,0.074604
perpendicular,25.0,30.0,-30.0,-20.0,normal,0.000000,0.134888,0.089462
height,25.0,30.0,-30.0,-20.0,normal,0.000000,0.107713,0.072683
yaw,25.0,30.0,-30.0,-20.0,normal,0.000000,0.369488,0.103646
width,25.0,30.0,-30.0,-20.0,normal,0.000000,0.101019,0.074218
length,25.0,30.0,-30.0,-20.0,normal,0.000000,0.167888,0.112348
box_height,25.0,30.0,-30.0,-20.0,normal,0.000000,0.094363,0.067277
miss_detection,25.0,30.0,-20.0,-10.0,constant,0.000000,,
distal,25.0,30.0,-20.0,-10.0,normal,0.000000,0.263932,0.223336
perpendicular,25.0,30.0,-20.0,-10.0,normal,0.000000,0.088704,0.074701
height,25.0,30.0,-20.0,-10.0,normal,0.000000,0.038002,0.026321
yaw,25.0,30.0,-20.0,-10.0,normal,0.000000,0.034773,0.032060
width,25.0,30.0,-20.0,-10.0,normal,0.000000,0.099238,0.098093
length,25.0,30.0,-20.0,-10.0,normal,0.000000,0.533085,0.463247
box_height,25.0,30.0,-20.0,-10.0,normal,0.000000,0.046626,0.038834
miss_detection,25.0,30.0,-10.0,0.0,constant,0.000000,,
distal,25.0,30.0,-10.0,0.0,normal,0.000000,0.069178,0.064681
perpendicular,25.0,30.0,-10.0,0.0,normal,0.000000,0.061768,0.052932
height,25.0,30.0,-10.0,0.0,normal,0.000000,0.025899,0.020099
yaw,25.0,30.0,-10.0,0.0,normal,0.000000,0.025491,0.041086
width,25.0,30.0,-10.0,0.0,normal,0.000000,0.106050,0.101179
length,25.0,30.0,-10.0,0.0,normal,0.000000,0.146072,0.148647
box_height,25.0,30.0,-10.0,0.0,normal,0.000000,0.057674,0.046280
miss_detection,25.0,30.0,0.0,10.0,constant,0.000000,,
distal,25.0,30.0,0.0,10.0,normal,0.000000,0.042210,0.044734
perpendicular,25.0,30.0,0.0,10.0,normal,0.000000,0.101519,0.081315
height,25.0,30.0,0.0,10.0,normal,0.000000,0.058995,0.044263
yaw,25.0,30.0,0.0,10.0,normal,0.000000,0.055542,0.043949
width,25.0,30.0,0.0,10.0,normal,0.000000,0.108554,0.087484
length,25.0,30.0,0.0,10.0,normal,0.000000,0.082719,0.069372
box_height,25.0,30.0,0.0,10.0,normal,0.000000,0.084605,0.067392
miss_detection,25.0,30.0,10.0,20.0,constant,1.000000,,
distal,25.0,30.0,10.0,20.0,normal,0.000000,0.109864,0.074604
perpendicular,25.0,30.0,10.0,20.0,normal,0.000000,0.134888,0.089462
height,25.0,30.0,10.0,20.0,normal,0.000000,0.107713,0.072683
yaw,25.0,30.0,10.0,20.0,normal,0.000000,0.369488,0.103646
width,25.0,30.0,10.0,20.0,normal,0.000000,0.101019,0.074218
length,25.0,30.0,10.0,20.0,normal,0.000000,0.167888,0.112348
box_height,25.0,30.0,10.0,20.0,normal,0.000000,0.094363,0.067277
miss_detection,25.0,30.0,20.0,30.0,constant,1.000000,,
distal,25.0,30.0,20.0,30.0,normal,0.000000,0.109864,0.074604
perpendicular,25.0,30.0,20.0,30.0,normal,0.000000,0.134888,0.089462
height,25.0,30.0,20.0,30.0,normal,0.000000,0.107713,0.072683
yaw,25.0,30.0,20.0,30.0,normal,0.000000,0.369488,0.103646
width,25.0,30.0,20.0,30.0,normal,0.000000,0.101019,0.074218
length,25.0,30.0,20.0,30.0,normal,0.000000,0.167888,0.112348
box_height,25.0,30.0,20.0,30.0,normal,0.000000,0.094363,0.067277
miss_detection,25.0,30.0,30.0,40.0,constant,1.000000,,
distal,25.0,30.0,30.0,40.0,normal,0.000000,0.109864,0.074604
perpendicular,25.0,30.0,30.0,40.0,normal,0.000000,0.134888,0.089462
height,25.0,30.0,30.0,40.0,normal,0.000000,0.107713,0.072683
yaw,25.0,30.0,30.0,40.0,normal,0.000000,0.369488,0.103646
width,25.0,30.0,30.0,40.0,normal,0.000000,0.101019,0.074218
length,25.0,30.0,30.0,40.0,normal,0.000000,0.167888,0.112348
box_height,25.0,30.0,30.0,40.0,normal,0.000000,0.094363,0.067277
miss_detection,25.0,30.0,40.0,50.0,constant,1.000000,,
distal,25.0,30.0,40.0,50.0,normal,0.000000,0.109864,0.074604
perpendicular,25.0,30.0,40.0,50.0,normal,0.000000,0.134888,0.089462
height,25.0,30.0,40.0,50.0,normal,0.000000,0.107713,0.072683
yaw,25.0,30.0,40.0,50.0,normal,0.000000,0.369488,0.103646
width,25.0,30.0,40.0,50.0,normal,0.000000,0.101019,0.074218
length,25.0,30.0,40.0,50.0,normal,0.000000,0.167888,0.112348
box_height,25.0,30.0,40.0,50.0,normal,0.000000,0.094363,0.067277
miss_detection,25.0,30.0,50.0,60.0,constant,1.000000,,
distal,25.0,30.0,50.0,60.0,normal,0.000000,0.109864,0.074604
perpendicular,25.0,30.0,50.0,60.0,normal,0.000000,0.134888,0.089462
height,25.0,30.0,50.0,60.0,normal,0.000000,0.107713,0.072683
yaw,25.0,30.0,50.0,60.0,normal,0.000000,0.369488,0.103646
width,25.0,30.0,50.0,60.0,normal,0.000000,0.101019,0.074218
length,25.0,30.0,50.0,60.0,normal,0.000000,0.167888,0.112348
box_height,25.0,30.0,50.0,60.0,normal,0.000000,0.094363,0.067277
miss_detection,25.0,30.0,60.0,70.0,constant,1.000000,,
distal,25.0,30.0,60.0,70.0,normal,0.000000,0.109864,0.074604
perpendicular,25.0,30.0,60.0,70.0,normal,0.000000,0.134888,0.089462
height,25.0,30.0,60.0,70.0,normal,0.000000,0.107713,0.072683
yaw,25.0,30.0,60.0,70.0,normal,0.000000,0.369488,0.103646
width,25.0,30.0,60.0,70.0,normal,0.000000,0.101019,0.074218
length,25.0,30.0,60.0,70.0,normal,0.000000,0.167888,0.112348
box_height,25.0,30.0,60.0,70.0,normal,0.000000,0.094363,0.067277
miss_detection,25.0,30.0,70.0,80.0,constant,1.000000,,
distal,25.0,30.0,70.0,80.0,normal,0.000000,0.109864,0.074604
perpendicular,25.0,30.0,70.0,80.0,normal,0.000000,0.134888,0.089462
height,25.0,30.0,70.0,80.0,normal,0.000000,0.107713,0.072683
yaw,25.0,30.0,70.0,80.0,normal,0.000000,0.369488,0.103646
width,25.0,30.0,70.0,80.0,normal,0.000000,0.101019,0.074218
length,25.0,30.0,70.0,80.0,normal,0.000000,0.167888,0.112348
box_height,25.0,30.0,70.0,80.0,normal,0.000000,0.094363,0.067277
miss_detection,25.0,30.0,80.0,90.0,constant,1.000000,,
distal,25.0,30.0,80.0,90.0,normal,0.000000,0.109864,0.074604
perpendicular,25.0,30.0,80.0,90.0,normal,0.000000,0.134888,0.089462
height,25.0,30.0,80.0,90.0,normal,0.000000,0.107713,0.072683
yaw,25.0,30.0,80.0,90.0,normal,0.000000,0.369488,0.103646
width,25.0,30.0,80.0,90.0,normal,0.000000,0.101019,0.074218
length,25.0,30.0,80.0,90.0,normal,0.000000,0.167888,0.112348
box_height,25.0,30.0,80.0,90.0,normal,0.000000,0.094363,0.067277
miss_detection,25.0,30.0,90.0,100.0,constant,1.000000,,
distal,25.0,30.0,90.0,100.0,normal,0.000000,0.109864,0.074604
perpendicular,25.0,30.0,90.0,100.0,normal,0.000000,0.134888,0.089462
height,25.0,30.0,90.0,100.0,normal,0.000000,0.107713,0.072683
yaw,25.0,30.0,90.0,100.0,normal,0.000000,0.369488,0.103646
width,25.0,30.0,90.0,100.0,normal,0.000000,0.101019,0.074218
length,25.0,30.0,90.0,100.0,normal,0.000000,0.167888,0.112348
box_height,25.0,30.0,90.0,100.0,normal,0.000000,0.094363,0.067277
miss_detection,25.0,30.0,100.0,110.0,constant,1.000000,,
distal,25.0,30.0,100.0,110.0,normal,0.000000,0.109864,0.074604
perpendicular,25.0,30.0,100.0,110.0,normal,0.000000,0.134888,0.089462
height,25.0,30.0,100.0,110.0,normal,0.000000,0.107713,0.072683
yaw,25.0,30.0,100.0,110.0,normal,0.000000,0.369488,0.103646
width,25.0,30.0,100.0,110.0,normal,0.000000,0.101019,0.074218
length,25.0,30.0,100.0,110.0,normal,0.000000,0.167888,0.112348
box_height,25.0,30.0,100.0,110.0,normal,0.000000,0.094363,0.067277
miss_detection,25.0,30.0,110.0,120.0,constant,1.000000,,
distal,25.0,30.0,110.0,120.0,normal,0.000000,0.109864,0.074604
perpendicular,25.0,30.0,110.0,120.0,normal,0.000000,0.134888,0.089462
height,25.0,30.0,110.0,120.0,normal,0.000000,0.107713,0.072683
yaw,25.0,30.0,110.0,120.0,normal,0.000000,0.369488,0.103646
width,25.0,30.0,110.0,120.0,normal,0.000000,0.101019,0.074218
length,25.0,30.0,110.0,120.0,normal,0.000000,0.167888,0.112348
box_height,25.0,30.0,110.0,120.0,normal,0.000000,0.094363,0.067277
miss_detection,25.0,30.0,120.0,130.0,constant,1.000000,,
distal,25.0,30.0,120.0,130.0,normal,0.000000,0.109864,0.074604
perpendicular,25.0,30.0,120.0,130.0,normal,0.000000,0.134888,0.089462
height,25.0,30.0,120.0,130.0,normal,0.000000,0.107713,0.072683
yaw,25.0,30.0,120.0,130.0,normal,0.000000,0.369488,0.103646
width,25.0,30.0,120.0,130.0,normal,0.000000,0.101019,0.074218
length,25.0,30.0,120.0,130.0,normal,0.000000,0.167888,0.112348
box_height,25.0,30.0,120.0,130.0,normal,0.000000,0.094363,0.067277
miss_detection,25.0,30.0,130.0,140.0,constant,1.000000,,
distal,25.0,30.0,130.0,140.0,normal,0.000000,0.109864,0.074604
perpendicular,25.0,30.0,130.0,140.0,normal,0.000000,0.134888,0.089462
height,25.0,30.0,130.0,140.0,normal,0.000000,0.107713,0.072683
yaw,25.0,30.0,130.0,140.0,normal,0.000000,0.369488,0.103646
width,25.0,30.0,130.0,140.0,normal,0.000000,0.101019,0.074218
length,25.0,30.0,130.0,140.0,normal,0.000000,0.167888,0.112348
box_height,25.0,30.0,130.0,140.0,normal,0.000000,0.094363,0.067277
miss_detection,25.0,30.0,140.0,150.0,constant,1.000000,,
distal,25.0,30.0,140.0,150.0,normal,0.000000,0.109864,0.074604
perpendicular,25.0,30.0,140.0,150.0,normal,0.000000,0.134888,0.089462
height,25.0,30.0,140.0,150.0,normal,0.000000,0.107713,0.072683
yaw,25.0,30.0,140.0,150.0,normal,0.000000,0.369488,0.103646
width,25.0,30.0,140.0,150.0,normal,0.000000,0.101019,0.074218
length,25.0,30.0,140.0,150.0,normal,0.000000,0.167888,0.112348
box_height,25.0,30.0,140.0,150.0,normal,0.000000,0.094363,0.067277
miss_detection,25.0,30.0,150.0,160.0,constant,1.000000,,
distal,25.0,30.0,150.0,160.0,normal,0.000000,0.109864,0.074604
perpendicular,25.0,30.0,150.0,160.0,normal,0.000000,0.134888,0.089462
height,25.0,30.0,150.0,160.0,normal,0.000000,0.107713,0.072683
yaw,25.0,30.0,150.0,160.0,normal,0.000000,0.369488,0.103646
width,25.0,30.0,150.0,160.0,normal,0.000000,0.101019,0.074218
length,25.0,30.0,150.0,160.0,normal,0.000000,0.167888,0.112348
box_height,25.0,30.0,150.0,160.0,normal,0.000000,0.094363,0.067277
miss_detection,25.0,30.0,160.0,170.0,constant,1.000000,,
distal,25.0,30.0,160.0,170.0,normal,0.000000,0.109864,0.074604
perpendicular,25.0,30.0,160.0,170.0,normal,0.000000,0.134888,0.089462
height,25.0,30.0,160.0,170.0,normal,0.000000,0.107713,0.072683
yaw,25.0,30.0,160.0,170.0,normal,0.000000,0.369488,0.103646
width,25.0,30.0,160.0,170.0,normal,0.000000,0.101019,0.074218
length,25.0,30.0,160.0,170.0,normal,0.000000,0.167888,0.112348
box_height,25.0,30.0,160.0,170.0,normal,0.000000,0.094363,0.067277
miss_detection,25.0,30.0,170.0,180.0,constant,1.000000,,
distal,25.0,30.0,170.0,180.0,normal,0.000000,0.109864,0.074604
perpendicular,25.0,30.0,170.0,180.0,normal,0.000000,0.134888,0.089462
height,25.0,30.0,170.0,180.0,normal,0.000000,0.107713,0.072683
yaw,25.0,30.0,170.0,180.0,normal,0.000000,0.369488,0.103646
width,25.0,30.0,170.0,180.0,normal,0.000000,0.101019,0.074218
length,25.0,30.0,170.0,180.0,normal,0.000000,0.167888,0.112348
box_height,25.0,30.0,170.0,180.0,normal,0.000000,0.094363,0.067277
miss_detection,30.0,35.0,-180.0,-170.0,constant,1.000000,,
distal,30.0,35.0,-180.0,-170.0,normal,0.000000,0.109864,0.074604
perpendicular,30.0,35.0,-180.0,-170.0,normal,0.000000,0.134888,0.089462
height,30.0,35.0,-180.0,-170.0,normal,0.000000,0.107713,0.072683
yaw,30.0,35.0,-180.0,-170.0,normal,0.000000,0.369488,0.103646
width,30.0,35.0,-180.0,-170.0,normal,0.000000,0.101019,0.074218
length,30.0,35.0,-180.0,-170.0,normal,0.000000,0.167888,0.112348
box_height,30.0,35.0,-180.0,-170.0,normal,0.000000,0.094363,0.067277
miss_detection,30.0,35.0,-170.0,-160.0,constant,1.000000,,
distal,30.0,35.0,-170.0,-160.0,normal,0.000000,0.109864,0.074604
perpendicular,30.0,35.0,-170.0,-160.0,normal,0.000000,0.134888,0.089462
height,30.0,35.0,-170.0,-160.0,normal,0.000000,0.107713,0.072683
yaw,30.0,35.0,-170.0,-160.0,normal,0.000000,0.369488,0.103646
width,30.0,35.0,-170.0,-160.0,normal,0.000000,0.101019,0.074218
length,30.0,35.0,-170.0,-160.0,normal,0.000000,0.167888,0.112348
box_height,30.0,35.0,-170.0,-160.0,normal,0.000000,0.094363,0.067277
miss_detection,30.0,35.0,-160.0,-150.0,constant,1.000000,,
distal,30.0,35.0,-160.0,-150.0,normal,0.000000,0.109864,0.074604
perpendicular,30.0,35.0,-160.0,-150.0,normal,0.000000,0.134888,0.089462
height,30.0,35.0,-160.0,-150.0,normal,0.000000,0.107713,0.072683
yaw,30.0,35.0,-160.0,-150.0,normal,0.000000,0.369488,0.103646
width,30.0,35.0,-160.0,-150.0,normal,0.000000,0.101019,0.074218
length,30.0,35.0,-160.0,-150.0,normal,0.000000,0.167888,0.112348
box_height,30.0,35.0,-160.0,-150.0,normal,0.000000,0.094363,0.067277
miss_detection,30.0,35.0,-150.0,-140.0,constant,1.000000,,
distal,30.0,35.0,-150.0,-140.0,normal,0.000000,0.109864,0.074604
perpendicular,30.0,35.0,-150.0,-140.0,normal,0.000000,0.134888,0.089462
height,30.0,35.0,-150.0,-140.0,normal,0.000000,0.107713,0.072683
yaw,30.0,35.0,-150.0,-140.0,normal,0.000000,0.369488,0.103646
width,30.0,35.0,-150.0,-140.0,normal,0.000000,0.101019,0.074218
length,30.0,35.0,-150.0,-140.0,normal,0.000000,0.167888,0.112348
box_height,30.0,35.0,-150.0,-140.0,normal,0.000000,0.094363,0.067277
miss_detection,30.0,35.0,-140.0,-130.0,constant,1.000000,,
distal,30.0,35.0,-140.0,-130.0,normal,0.000000,0.109864,0.074604
perpendicular,30.0,35.0,-140.0,-130.0,normal,0.000000,0.134888,0.089462
height,30.0,35.0,-140.0,-130.0,normal,0.000000,0.107713,0.072683
yaw,30.0,35.0,-140.0,-130.0,normal,0.000000,0.369488,0.103646
width,30.0,35.0,-140.0,-130.0,normal,0.000000,0.101019,0.074218
length,30.0,35.0,-140.0,-130.0,normal,0.000000,0.167888,0.112348
box_height,30.0,35.0,-140.0,-130.0,normal,0.000000,0.094363,0.067277
miss_detection,30.0,35.0,-130.0,-120.0,constant,1.000000,,
distal,30.0,35.0,-130.0,-120.0,normal,0.000000,0.109864,0.074604
perpendicular,30.0,35.0,-130.0,-120.0,normal,0.000000,0.134888,0.089462
height,30.0,35.0,-130.0,-120.0,normal,0.000000,0.107713,0.072683
yaw,30.0,35.0,-130.0,-120.0,normal,0.000000,0.369488,0.103646
width,30.0,35.0,-130.0,-120.0,normal,0.000000,0.101019,0.074218
length,30.0,35.0,-130.0,-120.0,normal,0.000000,0.167888,0.112348
box_height,30.0,35.0,-130.0,-120.0,normal,0.000000,0.094363,0.067277
miss_detection,30.0,35.0,-120.0,-110.0,constant,1.000000,,
distal,30.0,35.0,-120.0,-110.0,normal,0.000000,0.109864,0.074604
perpendicular,30.0,35.0,-120.0,-110.0,normal,0.000000,0.134888,0.089462
height,30.0,35.0,-120.0,-110.0,normal,0.000000,0.107713,0.072683
yaw,30.0,35.0,-120.0,-110.0,normal,0.000000,0.369488,0.103646
width,30.0,35.0,-120.0,-110.0,normal,0.000000,0.101019,0.074218
length,30.0,35.0,-120.0,-110.0,normal,0.000000,0.167888,0.112348
box_height,30.0,35.0,-120.0,-110.0,normal,0.000000,0.094363,0.067277
miss_detection,30.0,35.0,-110.0,-100.0,constant,1.000000,,
distal,30.0,35.0,-110.0,-100.0,normal,0.000000,0.109864,0.074604
perpendicular,30.0,35.0,-110.0,-100.0,normal,0.000000,0.134888,0.089462
height,30.0,35.0,-110.0,-100.0,normal,0.000000,0.107713,0.072683
yaw,30.0,35.0,-110.0,-100.0,normal,0.000000,0.369488,0.103646
width,30.0,35.0,-110.0,-100.0,normal,0.000000,0.101019,0.074218
length,30.0,35.0,-110.0,-100.0,normal,0.000000,0.167888,0.112348
box_height,30.0,35.0,-110.0,-100.0,normal,0.000000,0.094363,0.067277
miss_detection,30.0,35.0,-100.0,-90.0,constant,1.000000,,
distal,30.0,35.0,-100.0,-90.0,normal,0.000000,0.109864,0.074604
perpendicular,30.0,35.0,-100.0,-90.0,normal,0.000000,0.134888,0.089462
height,30.0,35.0,-100.0,-90.0,normal,0.000000,0.107713,0.072683
yaw,30.0,35.0,-100.0,-90.0,normal,0.000000,0.369488,0.103646
width,30.0,35.0,-100.0,-90.0,normal,0.000000,0.101019,0.074218
length,30.0,35.0,-100.0,-90.0,normal,0.000000,0.167888,0.112348
box_height,30.0,35.0,-100.0,-90.0,normal,0.000000,0.094363,0.067277
miss_detection,30.0,35.0,-90.0,-80.0,constant,1.000000,,
distal,30.0,35.0,-90.0,-80.0,normal,0.000000,0.109864,0.074604
perpendicular,30.0,35.0,-90.0,-80.0,normal,0.000000,0.134888,0.089462
height,30.0,35.0,-90.0,-80.0,normal,0.000000,0.107713,0.072683
yaw,30.0,35.0,-90.0,-80.0,normal,0.000000,0.369488,0.103646
width,30.0,35.0,-90.0,-80.0,normal,0.000000,0.101019,0.074218
length,30.0,35.0,-90.0,-80.0,normal,0.000000,0.167888,0.112348
box_height,30.0,35.0,-90.0,-80.0,normal,0.000000,0.094363,0.067277
miss_detection,30.0,35.0,-80.0,-70.0,constant,1.000000,,
distal,30.0,35.0,-80.0,-70.0,normal,0.000000,0.109864,0.074604
perpendicular,30.0,35.0,-80.0,-70.0,normal,0.000000,0.134888,0.089462
height,30.0,35.0,-80.0,-70.0,normal,0.000000,0.107713,0.072683
yaw,30.0,35.0,-80.0,-70.0,normal,0.000000,0.369488,0.103646
width,30.0,35.0,-80.0,-70.0,normal,0.000000,0.101019,0.074218
length,30.0,35.0,-80.0,-70.0,normal,0.000000,0.167888,0.112348
box_height,30.0,35.0,-80.0,-70.0,normal,0.000000,0.094363,0.067277
miss_detection,30.0,35.0,-70.0,-60.0,constant,1.000000,,
distal,30.0,35.0,-70.0,-60.0,normal,0.000000,0.109864,0.074604
perpendicular,30.0,35.0,-70.0,-60.0,normal,0.000000,0.134888,0.089462
height,30.0,35.0,-70.0,-60.0,normal,0.000000,0.107713,0.072683
yaw,30.0,35.0,-70.0,-60.0,normal,0.000000,0.369488,0.103646
width,30.0,35.0,-70.0,-60.0,normal,0.000000,0.101019,0.074218
length,30.0,35.0,-70.0,-60.0,normal,0.000000,0.167888,0.112348
box_height,30.0,35.0,-70.0,-60.0,normal,0.000000,0.094363,0.067277
miss_detection,30.0,35.0,-60.0,-50.0,constant,1.000000,,
distal,30.0,35.0,-60.0,-50.0,normal,0.000000,0.109864,0.074604
perpendicular,30.0,35.0,-60.0,-50.0,normal,0.000000,0.134888,0.089462
height,30.0,35.0,-60.0,-50.0,normal,0.000000,0.107713,0.072683
yaw,30.0,35.0,-60.0,-50.0,normal,0.000000,0.369488,0.103646
width,30.0,35.0,-60.0,-50.0,normal,0.000000,0.101019,0.074218
length,30.0,35.0,-60.0,-50.0,normal,0.000000,0.167888,0.112348
box_height,30.0,35.0,-60.0,-50.0,normal,0.000000,0.094363,0.067277
miss_detection,30.0,35.0,-50.0,-40.0,constant,1.000000,,
distal,30.0,35.0,-50.0,-40.0,normal,0.000000,0.109864,0.074604
perpendicular,30.0,35.0,-50.0,-40.0,normal,0.000000,0.134888,0.089462
height,30.0,35.0,-50.0,-40.0,normal,0.000000,0.107713,0.072683
yaw,30.0,35.0,-50.0,-40.0,normal,0.000000,0.369488,0.103646
width,30.0,35.0,-50.0,-40.0,normal,0.000000,0.101019,0.074218
length,30.0,35.0,-50.0,-40.0,normal,0.000000,0.167888,0.112348
box_height,30.0,35.0,-50.0,-40.0,normal,0.000000,0.094363,0.067277
miss_detection,30.0,35.0,-40.0,-30.0,constant,1.000000,,
distal,30.0,35.0,-40.0,-30.0,normal,0.000000,0.109864,0.074604
perpendicular,30.0,35.0,-40.0,-30.0,normal,0.000000,0.134888,0.089462
height,30.0,35.0,-40.0,-30.0,normal,0.000000,0.107713,0.072683
yaw,30.0,35.0,-40.0,-30.0,normal,0.000000,0.369488,0.103646
width,30.0,35.0,-40.0,-30.0,normal,0.000000,0.101019,0.074218
length,30.0,35.0,-40.0,-30.0,normal,0.000000,0.167888,0.112348
box_height,30.0,35.0,-40.0,-30.0,normal,0.000000,0.094363,0.067277
miss_detection,30.0,35.0,-30.0,-20.0,constant,1.000000,,
distal,30.0,35.0,-30.0,-20.0,normal,0.000000,0.109864,0.074604
perpendicular,30.0,35.0,-30.0,-20.0,normal,0.000000,0.134888,0.089462
height,30.0,35.0,-30.0,-20.0,normal,0.000000,0.107713,0.072683
yaw,30.0,35.0,-30.0,-20.0,normal,0.000000,0.369488,0.103646
width,30.0,35.0,-30.0,-20.0,normal,0.000000,0.101019,0.074218
length,30.0,35.0,-30.0,-20.0,normal,0.000000,0.167888,0.112348
box_height,30.0,35.0,-30.0,-20.0,normal,0.000000,0.094363,0.067277
miss_detection,30.0,35.0,-20.0,-10.0,constant,0.000000,,
distal,30.0,35.0,-20.0,-10.0,normal,0.000000,0.057873,0.041239
perpendicular,30.0,35.0,-20.0,-10.0,normal,0.000000,0.058686,0.069429
height,30.0,35.0,-20.0,-10.0,normal,0.000000,0.058298,0.045560
yaw,30.0,35.0,-20.0,-10.0,normal,0.000000,0.033647,0.052346
width,30.0,35.0,-20.0,-10.0,normal,0.000000,0.090368,0.075348
length,30.0,35.0,-20.0,-10.0,normal,0.000000,0.113916,0.096718
box_height,30.0,35.0,-20.0,-10.0,normal,0.000000,0.072318,0.052172
miss_detection,30.0,35.0,-10.0,0.0,constant,0.000000,,
distal,30.0,35.0,-10.0,0.0,normal,0.000000,0.084563,0.090603
perpendicular,30.0,35.0,-10.0,0.0,normal,0.000000,0.058279,0.075590
height,30.0,35.0,-10.0,0.0,normal,0.000000,0.038080,0.035318
yaw,30.0,35.0,-10.0,0.0,normal,0.000000,0.049304,0.055341
width,30.0,35.0,-10.0,0.0,normal,0.000000,0.130660,0.142864
length,30.0,35.0,-10.0,0.0,normal,0.000000,0.110495,0.132331
box_height,30.0,35.0,-10.0,0.0,normal,0.000000,0.067418,0.054129
miss_detection,30.0,35.0,0.0,10.0,constant,0.000000,,
distal,30.0,35.0,0.0,10.0,normal,0.000000,0.065704,0.047109
perpendicular,30.0,35.0,0.0,10.0,normal,0.000000,0.093302,0.088266
height,30.0,35.0,0.0,10.0,normal,0.000000,0.053570,0.036433
yaw,30.0,35.0,0.0,10.0,normal,0.000000,0.042969,0.042502
width,30.0,35.0,0.0,10.0,normal,0.000000,0.113277,0.095847
length,30.0,35.0,0.0,10.0,normal,0.000000,0.052888,0.044951
box_height,30.0,35.0,0.0,10.0,normal,0.000000,0.083756,0.070050
miss_detection,30.0,35.0,10.0,20.0,constant,0.400000,,
distal,30.0,35.0,10.0,20.0,normal,0.000000,0.050040,0.055502
perpendicular,30.0,35.0,10.0,20.0,normal,0.000000,0.025206,0.019222
height,30.0,35.0,10.0,20.0,normal,0.000000,0.016165,0.012961
yaw,30.0,35.0,10.0,20.0,normal,0.000000,0.008841,0.008506
width,30.0,35.0,10.0,20.0,normal,0.000000,0.040877,0.046193
length,30.0,35.0,10.0,20.0,normal,0.000000,0.104435,0.082336
box_height,30.0,35.0,10.0,20.0,normal,0.000000,0.015176,0.016281
miss_detection,30.0,35.0,20.0,30.0,constant,1.000000,,
distal,30.0,35.0,20.0,30.0,normal,0.000000,0.109864,0.074604
perpendicular,30.0,35.0,20.0,30.0,normal,0.000000,0.134888,0.089462
height,30.0,35.0,20.0,30.0,normal,0.000000,0.107713,0.072683
yaw,30.0,35.0,20.0,30.0,normal,0.000000,0.369488,0.103646
width,30.0,35.0,20.0,30.0,normal,0.000000,0.101019,0.074218
length,30.0,35.0,20.0,30.0,normal,0.000000,0.167888,0.112348
box_height,30.0,35.0,20.0,30.0,normal,0.000000,0.094363,0.067277
miss_detection,30.0,35.0,30.0,40.0,constant,1.000000,,
distal,30.0,35.0,30.0,40.0,normal,0.000000,0.109864,0.074604
perpendicular,30.0,35.0,30.0,40.0,normal,0.000000,0.134888,0.089462
height,30.0,35.0,30.0,40.0,normal,0.000000,0.107713,0.072683
yaw,30.0,35.0,30.0,40.0,normal,0.000000,0.369488,0.103646
width,30.0,35.0,30.0,40.0,normal,0.000000,0.101019,0.074218
length,30.0,35.0,30.0,40.0,normal,0.000000,0.167888,0.112348
box_height,30.0,35.0,30.0,40.0,normal,0.000000,0.094363,0.067277
miss_detection,30.0,35.0,40.0,50.0,constant,1.000000,,
distal,30.0,35.0,40.0,50.0,normal,0.000000,0.109864,0.074604
perpendicular,30.0,35.0,40.0,50.0,normal,0.000000,0.134888,0.089462
height,30.0,35.0,40.0,50.0,normal,0.000000,0.107713,0.072683
yaw,30.0,35.0,40.0,50.0,normal,0.000000,0.369488,0.103646
width,30.0,35.0,40.0,50.0,normal,0.000000,0.101019,0.074218
length,30.0,35.0,40.0,50.0,normal,0.000000,0.167888,0.112348
box_height,30.0,35.0,40.0,50.0,normal,0.000000,0.094363,0.067277
miss_detection,30.0,35.0,50.0,60.0,constant,1.000000,,
distal,30.0,35.0,50.0,60.0,normal,0.000000,0.109864,0.074604
perpendicular,30.0,35.0,50.0,60.0,normal,0.000000,0.134888,0.089462
height,30.0,35.0,50.0,60.0,normal,0.000000,0.107713,0.072683
yaw,30.0,35.0,50.0,60.0,normal,0.000000,0.369488,0.103646
width,30.0,35.0,50.0,60.0,normal,0.000000,0.101019,0.074218
length,30.0,35.0,50.0,60.0,normal,0.000000,0.167888,0.112348
box_height,30.0,35.0,50.0,60.0,normal,0.000000,0.094363,0.067277
miss_detection,30.0,35.0,60.0,70.0,constant,1.000000,,
distal,30.0,35.0,60.0,70.0,normal,0.000000,0.109864,0.074604
perpendicular,30.0,35.0,60.0,70.0,normal,0.000000,0.134888,0.089462
height,30.0,35.0,60.0,70.0,normal,0.000000,0.107713,0.072683
yaw,30.0,35.0,60.0,70.0,normal,0.000000,0.369488,0.103646
width,30.0,35.0,60.0,70.0,normal,0.000000,0.101019,0.074218
length,30.0,35.0,60.0,70.0,normal,0.000000,0.167888,0.112348
box_height,30.0,35.0,60.0,70.0,normal,0.000000,0.094363,0.067277
miss_detection,30.0,35.0,70.0,80.0,constant,1.000000,,
distal,30.0,35.0,70.0,80.0,normal,0.000000,0.109864,0.074604
perpendicular,30.0,35.0,70.0,80.0,normal,0.000000,0.134888,0.089462
height,30.0,35.0,70.0,80.0,normal,0.000000,0.107713,0.072683
yaw,30.0,35.0,70.0,80.0,normal,0.000000,0.369488,0.103646
width,30.0,35.0,70.0,80.0,normal,0.000000,0.101019,0.074218
length,30.0,35.0,70.0,80.0,normal,0.000000,0.167888,0.112348
box_height,30.0,35.0,70.0,80.0,normal,0.000000,0.094363,0.067277
miss_detection,30.0,35.0,80.0,90.0,constant,1.000000,,
distal,30.0,35.0,80.0,90.0,normal,0.000000,0.109864,0.074604
perpendicular,30.0,35.0,80.0,90.0,normal,0.000000,0.134888,0.089462
height,30.0,35.0,80.0,90.0,normal,0.000000,0.107713,0.072683
yaw,30.0,35.0,80.0,90.0,normal,0.000000,0.369488,0.103646
width,30.0,35.0,80.0,90.0,normal,0.000000,0.101019,0.074218
length,30.0,35.0,80.0,90.0,normal,0.000000,0.167888,0.112348
box_height,30.0,35.0,80.0,90.0,normal,0.000000,0.094363,0.067277
miss_detection,30.0,35.0,90.0,100.0,constant,1.000000,,
distal,30.0,35.0,90.0,100.0,normal,0.000000,0.109864,0.074604
perpendicular,30.0,35.0,90.0,100.0,normal,0.000000,0.134888,0.089462
height,30.0,35.0,90.0,100.0,normal,0.000000,0.107713,0.072683
yaw,30.0,35.0,90.0,100.0,normal,0.000000,0.369488,0.103646
width,30.0,35.0,90.0,100.0,normal,0.000000,0.101019,0.074218
length,30.0,35.0,90.0,100.0,normal,0.000000,0.167888,0.112348
box_height,30.0,35.0,90.0,100.0,normal,0.000000,0.094363,0.067277
miss_detection,30.0,35.0,100.0,110.0,constant,1.000000,,
distal,30.0,35.0,100.0,110.0,normal,0.000000,0.109864,0.074604
perpendicular,30.0,35.0,100.0,110.0,normal,0.000000,0.134888,0.089462
height,30.0,35.0,100.0,110.0,normal,0.000000,0.107713,0.072683
yaw,30.0,35.0,100.0,110.0,normal,0.000000,0.369488,0.103646
width,30.0,35.0,100.0,110.0,normal,0.000000,0.101019,0.074218
length,30.0,35.0,100.0,110.0,normal,0.000000,0.167888,0.112348
box_height,30.0,35.0,100.0,110.0,normal,0.000000,0.094363,0.067277
miss_detection,30.0,35.0,110.0,120.0,constant,1.000000,,
distal,30.0,35.0,110.0,120.0,normal,0.000000,0.109864,0.074604
perpendicular,30.0,35.0,110.0,120.0,normal,0.000000,0.134888,0.089462
height,30.0,35.0,110.0,120.0,normal,0.000000,0.107713,0.072683
yaw,30.0,35.0,110.0,120.0,normal,0.000000,0.369488,0.103646
width,30.0,35.0,110.0,120.0,normal,0.000000,0.101019,0.074218
length,30.0,35.0,110.0,120.0,normal,0.000000,0.167888,0.112348
box_height,30.0,35.0,110.0,120.0,normal,0.000000,0.094363,0.067277
miss_detection,30.0,35.0,120.0,130.0,constant,1.000000,,
distal,30.0,35.0,120.0,130.0,normal,0.000000,0.109864,0.074604
perpendicular,30.0,35.0,120.0,130.0,normal,0.000000,0.134888,0.089462
height,30.0,35.0,120.0,130.0,normal,0.000000,0.107713,0.072683
yaw,30.0,35.0,120.0,130.0,normal,0.000000,0.369488,0.103646
width,30.0,35.0,120.0,130.0,normal,0.000000,0.101019,0.074218
length,30.0,35.0,120.0,130.0,normal,0.000000,0.167888,0.112348
box_height,30.0,35.0,120.0,130.0,normal,0.000000,0.094363,0.067277
miss_detection,30.0,35.0,130.0,140.0,constant,1.000000,,
distal,30.0,35.0,130.0,140.0,normal,0.000000,0.109864,0.074604
perpendicular,30.0,35.0,130.0,140.0,normal,0.000000,0.134888,0.089462
height,30.0,35.0,130.0,140.0,normal,0.000000,0.107713,0.072683
yaw,30.0,35.0,130.0,140.0,normal,0.000000,0.369488,0.103646
width,30.0,35.0,130.0,140.0,normal,0.000000,0.101019,0.074218
length,30.0,35.0,130.0,140.0,normal,0.000000,0.167888,0.112348
box_height,30.0,35.0,130.0,140.0,normal,0.000000,0.094363,0.067277
miss_detection,30.0,35.0,140.0,150.0,constant,1.000000,,
distal,30.0,35.0,140.0,150.0,normal,0.000000,0.109864,0.074604
perpendicular,30.0,35.0,140.0,150.0,normal,0.000000,0.134888,0.089462
height,30.0,35.0,140.0,150.0,normal,0.000000,0.107713,0.072683
yaw,30.0,35.0,140.0,150.0,normal,0.000000,0.369488,0.103646
width,30.0,35.0,140.0,150.0,normal,0.000000,0.101019,0.074218
length,30.0,35.0,140.0,150.0,normal,0.000000,0.167888,0.112348
box_height,30.0,35.0,140.0,150.0,normal,0.000000,0.094363,0.067277
miss_detection,30.0,35.0,150.0,160.0,constant,1.000000,,
distal,30.0,35.0,150.0,160.0,normal,0.000000,0.109864,0.074604
perpendicular,30.0,35.0,150.0,160.0,normal,0.000000,0.134888,0.089462
height,30.0,35.0,150.0,160.0,normal,0.000000,0.107713,0.072683
yaw,30.0,35.0,150.0,160.0,normal,0.000000,0.369488,0.103646
width,30.0,35.0,150.0,160.0,normal,0.000000,0.101019,0.074218
length,30.0,35.0,150.0,160.0,normal,0.000000,0.167888,0.112348
box_height,30.0,35.0,150.0,160.0,normal,0.000000,0.094363,0.067277
miss_detection,30.0,35.0,160.0,170.0,constant,1.000000,,
distal,30.0,35.0,160.0,170.0,normal,0.000000,0.109864,0.074604
perpendicular,30.0,35.0,160.0,170.0,normal,0.000000,0.134888,0.089462
height,30.0,35.0,160.0,170.0,normal,0.000000,0.107713,0.072683
yaw,30.0,35.0,160.0,170.0,normal,0.000000,0.369488,0.103646
width,30.0,35.0,160.0,170.0,normal,0.000000,0.101019,0.074218
length,30.0,35.0,160.0,170.0,normal,0.000000,0.167888,0.112348
box_height,30.0,35.0,160.0,170.0,normal,0.000000,0.094363,0.067277
miss_detection,30.0,35.0,170.0,180.0,constant,1.000000,,
distal,30.0,35.0,170.0,180.0,normal,0.000000,0.109864,0.074604
perpendicular,30.0,35.0,170.0,180.0,normal,0.000000,0.134888,0.089462
height,30.0,35.0,170.0,180.0,normal,0.000000,0.107713,0.072683
yaw,30.0,35.0,170.0,180.0,normal,0.000000,0.369488,0.103646
width,30.0,35.0,170.0,180.0,normal,0.000000,0.101019,0.074218
length,30.0,35.0,170.0,180.0,normal,0.000000,0.167888,0.112348
box_height,30.0,35.0,170.0,180.0,normal,0.000000,0.094363,0.067277
miss_detection,35.0,40.0,-180.0,-170.0,constant,1.000000,,
distal,35.0,40.0,-180.0,-170.0,normal,0.000000,0.109864,0.074604
perpendicular,35.0,40.0,-180.0,-170.0,normal,0.000000,0.134888,0.089462
height,35.0,40.0,-180.0,-170.0,normal,0.000000,0.107713,0.072683
yaw,35.0,40.0,-180.0,-170.0,normal,0.000000,0.369488,0.103646
width,35.0,40.0,-180.0,-170.0,normal,0.000000,0.101019,0.074218
length,35.0,40.0,-180.0,-170.0,normal,0.000000,0.167888,0.112348
box_height,35.0,40.0,-180.0,-170.0,normal,0.000000,0.094363,0.067277
miss_detection,35.0,40.0,-170.0,-160.0,constant,1.000000,,
distal,35.0,40.0,-170.0,-160.0,normal,0.000000,0.109864,0.074604
perpendicular,35.0,40.0,-170.0,-160.0,normal,0.000000,0.134888,0.089462
height,35.0,40.0,-170.0,-160.0,normal,0.000000,0.107713,0.072683
yaw,35.0,40.0,-170.0,-160.0,normal,0.000000,0.369488,0.103646
width,35.0,40.0,-170.0,-160.0,normal,0.000000,0.101019,0.074218
length,35.0,40.0,-170.0,-160.0,normal,0.000000,0.167888,0.112348
box_height,35.0,40.0,-170.0,-160.0,normal,0.000000,0.094363,0.067277
miss_detection,35.0,40.0,-160.0,-150.0,constant,1.000000,,
distal,35.0,40.0,-160.0,-150.0,normal,0.000000,0.109864,0.074604
perpendicular,35.0,40.0,-160.0,-150.0,normal,0.000000,0.134888,0.089462
height,35.0,40.0,-160.0,-150.0,normal,0.000000,0.107713,0.072683
yaw,35.0,40.0,-160.0,-150.0,normal,0.000000,0.369488,0.103646
width,35.0,40.0,-160.0,-150.0,normal,0.000000,0.101019,0.074218
length,35.0,40.0,-160.0,-150.0,normal,0.000000,0.167888,0.112348
box_height,35.0,40.0,-160.0,-150.0,normal,0.000000,0.094363,0.067277
miss_detection,35.0,40.0,-150.0,-140.0,constant,1.000000,,
distal,35.0,40.0,-150.0,-140.0,normal,0.000000,0.109864,0.074604
perpendicular,35.0,40.0,-150.0,-140.0,normal,0.000000,0.134888,0.089462
height,35.0,40.0,-150.0,-140.0,normal,0.000000,0.107713,0.072683
yaw,35.0,40.0,-150.0,-140.0,normal,0.000000,0.369488,0.103646
width,35.0,40.0,-150.0,-140.0,normal,0.000000,0.101019,0.074218
length,35.0,40.0,-150.0,-140.0,normal,0.000000,0.167888,0.112348
box_height,35.0,40.0,-150.0,-140.0,normal,0.000000,0.094363,0.067277
miss_detection,35.0,40.0,-140.0,-130.0,constant,1.000000,,
distal,35.0,40.0,-140.0,-130.0,normal,0.000000,0.109864,0.074604
perpendicular,35.0,40.0,-140.0,-130.0,normal,0.000000,0.134888,0.089462
height,35.0,40.0,-140.0,-130.0,normal,0.000000,0.107713,0.072683
yaw,35.0,40.0,-140.0,-130.0,normal,0.000000,0.369488,0.103646
width,35.0,40.0,-140.0,-130.0,normal,0.000000,0.101019,0.074218
length,35.0,40.0,-140.0,-130.0,normal,0.000000,0.167888,0.112348
box_height,35.0,40.0,-140.0,-130.0,normal,0.000000,0.094363,0.067277
miss_detection,35.0,40.0,-130.0,-120.0,constant,1.000000,,
distal,35.0,40.0,-130.0,-120.0,normal,0.000000,0.109864,0.074604
perpendicular,35.0,40.0,-130.0,-120.0,normal,0.000000,0.134888,0.089462
height,35.0,40.0,-130.0,-120.0,normal,0.000000,0.107713,0.072683
yaw,35.0,40.0,-130.0,-120.0,normal,0.000000,0.369488,0.103646
width,35.0,40.0,-130.0,-120.0,normal,0.000000,0.101019,0.074218
length,35.0,40.0,-130.0,-120.0,normal,0.000000,0.167888,0.112348
box_height,35.0,40.0,-130.0,-120.0,normal,0.000000,0.094363,0.067277
miss_detection,35.0,40.0,-120.0,-110.0,constant,1.000000,,
distal,35.0,40.0,-120.0,-110.0,normal,0.000000,0.109864,0.074604
perpendicular,35.0,40.0,-120.0,-110.0,normal,0.000000,0.134888,0.089462
height,35.0,40.0,-120.0,-110.0,normal,0.000000,0.107713,0.072683
yaw,35.0,40.0,-120.0,-110.0,normal,0.000000,0.369488,0.103646
width,35.0,40.0,-120.0,-110.0,normal,0.000000,0.101019,0.074218
length,35.0,40.0,-120.0,-110.0,normal,0.000000,0.167888,0.112348
box_height,35.0,40.0,-120.0,-110.0,normal,0.000000,0.094363,0.067277
miss_detection,35.0,40.0,-110.0,-100.0,constant,1.000000,,
distal,35.0,40.0,-110.0,-100.0,normal,0.000000,0.109864,0.074604
perpendicular,35.0,40.0,-110.0,-100.0,normal,0.000000,0.134888,0.089462
height,35.0,40.0,-110.0,-100.0,normal,0.000000,0.107713,0.072683
yaw,35.0,40.0,-110.0,-100.0,normal,0.000000,0.369488,0.103646
width,35.0,40.0,-110.0,-100.0,normal,0.000000,0.101019,0.074218
length,35.0,40.0,-110.0,-100.0,normal,0.000000,0.167888,0.112348
box_height,35.0,40.0,-110.0,-100.0,normal,0.000000,0.094363,0.067277
miss_detection,35.0,40.0,-100.0,-90.0,constant,1.000000,,
distal,35.0,40.0,-100.0,-90.0,normal,0.000000,0.109864,0.074604
perpendicular,35.0,40.0,-100.0,-90.0,normal,0.000000,0.134888,0.089462
height,35.0,40.0,-100.0,-90.0,normal,0.000000,0.107713,0.072683
yaw,35.0,40.0,-100.0,-90.0,normal,0.000000,0.369488,0.103646
width,35.0,40.0,-100.0,-90.0,normal,0.000000,0.101019,0.074218
length,35.0,40.0,-100.0,-90.0,normal,0.000000,0.167888,0.112348
box_height,35.0,40.0,-100.0,-90.0,normal,0.000000,0.094363,0.067277
miss_detection,35.0,40.0,-90.0,-80.0,constant,1.000000,,
distal,35.0,40.0,-90.0,-80.0,normal,0.000000,0.109864,0.074604
perpendicular,35.0,40.0,-90.0,-80.0,normal,0.000000,0.134888,0.089462
height,35.0,40.0,-90.0,-80.0,normal,0.000000,0.107713,0.072683
yaw,35.0,40.0,-90.0,-80.0,normal,0.000000,0.369488,0.103646
width,35.0,40.0,-90.0,-80.0,normal,0.000000,0.101019,0.074218
length,35.0,40.0,-90.0,-80.0,normal,0.000000,0.167888,0.112348
box_height,35.0,40.0,-90.0,-80.0,normal,0.000000,0.094363,0.067277
miss_detection,35.0,40.0,-80.0,-70.0,constant,1.000000,,
distal,35.0,40.0,-80.0,-70.0,normal,0.000000,0.109864,0.074604
perpendicular,35.0,40.0,-80.0,-70.0,normal,0.000000,0.134888,0.089462
height,35.0,40.0,-80.0,-70.0,normal,0.000000,0.107713,0.072683
yaw,35.0,40.0,-80.0,-70.0,normal,0.000000,0.369488,0.103646
width,35.0,40.0,-80.0,-70.0,normal,0.000000,0.101019,0.074218
length,35.0,40.0,-80.0,-70.0,normal,0.000000,0.167888,0.112348
box_height,35.0,40.0,-80.0,-70.0,normal,0.000000,0.094363,0.067277
miss_detection,35.0,40.0,-70.0,-60.0,constant,1.000000,,
distal,35.0,40.0,-70.0,-60.0,normal,0.000000,0.109864,0.074604
perpendicular,35.0,40.0,-70.0,-60.0,normal,0.000000,0.134888,0.089462
height,35.0,40.0,-70.0,-60.0,normal,0.000000,0.107713,0.072683
yaw,35.0,40.0,-70.0,-60.0,normal,0.000000,0.369488,0.103646
width,35.0,40.0,-70.0,-60.0,normal,0.000000,0.101019,0.074218
length,35.0,40.0,-70.0,-60.0,normal,0.000000,0.167888,0.112348
box_height,35.0,40.0,-70.0,-60.0,normal,0.000000,0.094363,0.067277
miss_detection,35.0,40.0,-60.0,-50.0,constant,1.000000,,
distal,35.0,40.0,-60.0,-50.0,normal,0.000000,0.109864,0.074604
perpendicular,35.0,40.0,-60.0,-50.0,normal,0.000000,0.134888,0.089462
height,35.0,40.0,-60.0,-50.0,normal,0.000000,0.107713,0.072683
yaw,35.0,40.0,-60.0,-50.0,normal,0.000000,0.369488,0.103646
width,35.0,40.0,-60.0,-50.0,normal,0.000000,0.101019,0.074218
length,35.0,40.0,-60.0,-50.0,normal,0.000000,0.167888,0.112348
box_height,35.0,40.0,-60.0,-50.0,normal,0.000000,0.094363,0.067277
miss_detection,35.0,40.0,-50.0,-40.0,constant,1.000000,,
distal,35.0,40.0,-50.0,-40.0,normal,0.000000,0.109864,0.074604
perpendicular,35.0,40.0,-50.0,-40.0,normal,0.000000,0.134888,0.089462
height,35.0,40.0,-50.0,-40.0,normal,0.000000,0.107713,0.072683
yaw,35.0,40.0,-50.0,-40.0,normal,0.000000,0.369488,0.103646
width,35.0,40.0,-50.0,-40.0,normal,0.000000,0.101019,0.074218
length,35.0,40.0,-50.0,-40.0,normal,0.000000,0.167888,0.112348
box_height,35.0,40.0,-50.0,-40.0,normal,0.000000,0.094363,0.067277
miss_detection,35.0,40.0,-40.0,-30.0,constant,1.000000,,
distal,35.0,40.0,-40.0,-30.0,normal,0.000000,0.109864,0.074604
perpendicular,35.0,40.0,-40.0,-30.0,normal,0.000000,0.134888,0.089462
height,35.0,40.0,-40.0,-30.0,normal,0.000000,0.107713,0.072683
yaw,35.0,40.0,-40.0,-30.0,normal,0.000000,0.369488,0.103646
width,35.0,40.0,-40.0,-30.0,normal,0.000000,0.101019,0.074218
length,35.0,40.0,-40.0,-30.0,normal,0.000000,0.167888,0.112348
box_height,35.0,40.0,-40.0,-30.0,normal,0.000000,0.094363,0.067277
miss_detection,35.0,40.0,-30.0,-20.0,constant,1.000000,,
distal,35.0,40.0,-30.0,-20.0,normal,0.000000,0.109864,0.074604
perpendicular,35.0,40.0,-30.0,-20.0,normal,0.000000,0.134888,0.089462
height,35.0,40.0,-30.0,-20.0,normal,0.000000,0.107713,0.072683
yaw,35.0,40.0,-30.0,-20.0,normal,0.000000,0.369488,0.103646
width,35.0,40.0,-30.0,-20.0,normal,0.000000,0.101019,0.074218
length,35.0,40.0,-30.0,-20.0,normal,0.000000,0.167888,0.112348
box_height,35.0,40.0,-30.0,-20.0,normal,0.000000,0.094363,0.067277
miss_detection,35.0,40.0,-20.0,-10.0,constant,0.000000,,
distal,35.0,40.0,-20.0,-10.0,normal,0.000000,0.000000,0.037951
perpendicular,35.0,40.0,-20.0,-10.0,normal,0.000000,0.000000,0.003457
height,35.0,40.0,-20.0,-10.0,normal,0.000000,0.000000,0.042503
yaw,35.0,40.0,-20.0,-10.0,normal,0.000000,0.000000,0.049526
width,35.0,40.0,-20.0,-10.0,normal,0.000000,0.000000,0.141188
length,35.0,40.0,-20.0,-10.0,normal,0.000000,0.000000,0.066966
box_height,35.0,40.0,-20.0,-10.0,normal,0.000000,0.000000,0.035844
miss_detection,35.0,40.0,-10.0,0.0,constant,0.000000,,
distal,35.0,40.0,-10.0,0.0,normal,0.000000,0.089257,0.073726
perpendicular,35.0,40.0,-10.0,0.0,normal,0.000000,0.058153,0.046682
height,35.0,40.0,-10.0,0.0,normal,0.000000,0.058554,0.047068
yaw,35.0,40.0,-10.0,0.0,normal,0.000000,0.045638,0.040037
width,35.0,40.0,-10.0,0.0,normal,0.000000,0.091109,0.075030
length,35.0,40.0,-10.0,0.0,normal,0.000000,0.174482,0.136373
box_height,35.0,40.0,-10.0,0.0,normal,0.000000,0.068487,0.055169
miss_detection,35.0,40.0,0.0,10.0,constant,0.000000,,
distal,35.0,40.0,0.0,10.0,normal,0.000000,0.043626,0.034293
perpendicular,35.0,40.0,0.0,10.0,normal,0.000000,0.095390,0.066697
height,35.0,40.0,0.0,10.0,normal,0.000000,0.047287,0.040827
yaw,35.0,40.0,0.0,10.0,normal,0.000000,0.039972,0.043518
width,35.0,40.0,0.0,10.0,normal,0.000000,0.092175,0.073653
length,35.0,40.0,0.0,10.0,normal,0.000000,0.165735,0.097618
box_height,35.0,40.0,0.0,10.0,normal,0.000000,0.072084,0.060556
miss_detection,35.0,40.0,10.0,20.0,constant,0.388235,,
distal,35.0,40.0,10.0,20.0,normal,0.000000,0.064313,0.050515
perpendicular,35.0,40.0,10.0,20.0,normal,0.000000,0.110191,0.087175
height,35.0,40.0,10.0,20.0,normal,0.000000,0.063629,0.050708
yaw,35.0,40.0,10.0,20.0,normal,0.000000,0.041860,0.047824
width,35.0,40.0,10.0,20.0,normal,0.000000,0.085010,0.066828
length,35.0,40.0,10.0,20.0,normal,0.000000,0.192445,0.134242
box_height,35.0,40.0,10.0,20.0,normal,0.000000,0.098328,0.071389
miss_detection,35.0,40.0,20.0,30.0,constant,0.918919,,
distal,35.0,40.0,20.0,30.0,normal,0.000000,0.035781,0.130003
perpendicular,35.0,40.0,20.0,30.0,normal,0.000000,0.173306,0.238398
height,35.0,40.0,20.0,30.0,normal,0.000000,0.064849,0.075425
yaw,35.0,40.0,20.0,30.0,normal,0.000000,0.057572,0.065180
width,35.0,40.0,20.0,30.0,normal,0.000000,0.137214,0.111930
length,35.0,40.0,20.0,30.0,normal,0.000000,0.189097,0.431813
box_height,35.0,40.0,20.0,30.0,normal,0.000000,0.092101,0.077020
miss_detection,35.0,40.0,30.0,40.0,constant,1.000000,,
distal,35.0,40.0,30.0,40.0,normal,0.000000,0.109864,0.074604
perpendicular,35.0,40.0,30.0,40.0,normal,0.000000,0.134888,0.089462
height,35.0,40.0,30.0,40.0,normal,0.000000,0.107713,0.072683
yaw,35.0,40.0,30.0,40.0,normal,0.000000,0.369488,0.103646
width,35.0,40.0,30.0,40.0,normal,0.000000,0.101019,0.074218
length,35.0,40.0,30.0,40.0,normal,0.000000,0.167888,0.112348
box_height,35.0,40.0,30.0,40.0,normal,0.000000,0.094363,0.067277
miss_detection,35.0,40.0,40.0,50.0,constant,1.000000,,
distal,35.0,40.0,40.0,50.0,normal,0.000000,0.109864,0.074604
perpendicular,35.0,40.0,40.0,50.0,normal,0.000000,0.134888,0.089462
height,35.0,40.0,40.0,50.0,normal,0.000000,0.107713,0.072683
yaw,35.0,40.0,40.0,50.0,normal,0.000000,0.369488,0.103646
width,35.0,40.0,40.0,50.0,normal,0.000000,0.101019,0.074218
length,35.0,40.0,40.0,50.0,normal,0.000000,0.167888,0.112348
box_height,35.0,40.0,40.0,50.0,normal,0.000000,0.094363,0.067277
miss_detection,35.0,40.0,50.0,60.0,constant,1.000000,,
distal,35.0,40.0,50.0,60.0,normal,0.000000,0.109864,0.074604
perpendicular,35.0,40.0,50.0,60.0,normal,0.000000,0.134888,0.089462
height,35.0,40.0,50.0,60.0,normal,0.000000,0.107713,0.072683
yaw,35.0,40.0,50.0,60.0,normal,0.000000,0.369488,0.103646
width,35.0,40.0,50.0,60.0,normal,0.000000,0.101019,0.074218
length,35.0,40.0,50.0,60.0,normal,0.000000,0.167888,0.112348
box_height,35.0,40.0,50.0,60.0,normal,0.000000,0.094363,0.067277
miss_detection,35.0,40.0,60.0,70.0,constant,1.000000,,
distal,35.0,40.0,60.0,70.0,normal,0.000000,0.109864,0.074604
perpendicular,35.0,40.0,60.0,70.0,normal,0.000000,0.134888,0.089462
height,35.0,40.0,60.0,70.0,normal,0.000000,0.107713,0.072683
yaw,35.0,40.0,60.0,70.0,normal,0.000000,0.369488,0.103646
width,35.0,40.0,60.0,70.0,normal,0.000000,0.101019,0.074218
length,35.0,40.0,60.0,70.0,normal,0.000000,0.167888,0.112348
box_height,35.0,40.0,60.0,70.0,normal,0.000000,0.094363,0.067277
miss_detection,35.0,40.0,70.0,80.0,constant,1.000000,,
distal,35.0,40.0,70.0,80.0,normal,0.000000,0.109864,0.074604
perpendicular,35.0,40.0,70.0,80.0,normal,0.000000,0.134888,0.089462
height,35.0,40.0,70.0,80.0,normal,0.000000,0.107713,0.072683
yaw,35.0,40.0,70.0,80.0,normal,0.000000,0.369488,0.103646
width,35.0,40.0,70.0,80.0,normal,0.000000,0.101019,0.074218
length,35.0,40.0,70.0,80.0,normal,0.000000,0.167888,0.112348
box_height,35.0,40.0,70.0,80.0,normal,0.000000,0.094363,0.067277
miss_detection,35.0,40.0,80.0,90.0,constant,1.000000,,
distal,35.0,40.0,80.0,90.0,normal,0.000000,0.109864,0.074604
perpendicular,35.0,40.0,80.0,90.0,normal,0.000000,0.134888,0.089462
height,35.0,40.0,80.0,90.0,normal,0.000000,0.107713,0.072683
yaw,35.0,40.0,80.0,90.0,normal,0.000000,0.369488,0.103646
width,35.0,40.0,80.0,90.0,normal,0.000000,0.101019,0.074218
length,35.0,40.0,80.0,90.0,normal,0.000000,0.167888,0.112348
box_height,35.0,40.0,80.0,90.0,normal,0.000000,0.094363,0.067277
miss_detection,35.0,40.0,90.0,100.0,constant,1.000000,,
distal,35.0,40.0,90.0,100.0,normal,0.000000,0.109864,0.074604
perpendicular,35.0,40.0,90.0,100.0,normal,0.000000,0.134888,0.089462
height,35.0,40.0,90.0,100.0,normal,0.000000,0.107713,0.072683
yaw,35.0,40.0,90.0,100.0,normal,0.000000,0.369488,0.103646
width,35.0,40.0,90.0,100.0,normal,0.000000,0.101019,0.074218
length,35.0,40.0,90.0,100.0,normal,0.000000,0.167888,0.112348
box_height,35.0,40.0,90.0,100.0,normal,0.000000,0.094363,0.067277
miss_detection,35.0,40.0,100.0,110.0,constant,1.000000,,
distal,35.0,40.0,100.0,110.0,normal,0.000000,0.109864,0.074604
perpendicular,35.0,40.0,100.0,110.0,normal,0.000000,0.134888,0.089462
height,35.0,40.0,100.0,110.0,normal,0.000000,0.107713,0.072683
yaw,35.0,40.0,100.0,110.0,normal,0.000000,0.369488,0.103646
width,35.0,40.0,100.0,110.0,normal,0.000000,0.101019,0.074218
length,35.0,40.0,100.0,110.0,normal,0.000000,0.167888,0.112348
box_height,35.0,40.0,100.0,110.0,normal,0.000000,0.094363,0.067277
miss_detection,35.0,40.0,110.0,120.0,constant,1.000000,,
distal,35.0,40.0,110.0,120.0,normal,0.000000,0.109864,0.074604
perpendicular,35.0,40.0,110.0,120.0,normal,0.000000,0.134888,0.089462
height,35.0,40.0,110.0,120.0,normal,0.000000,0.107713,0.072683
yaw,35.0,40.0,110.0,120.0,normal,0.000000,0.369488,0.103646
width,35.0,40.0,110.0,120.0,normal,0.000000,0.101019,0.074218
length,35.0,40.0,110.0,120.0,normal,0.000000,0.167888,0.112348
box_height,35.0,40.0,110.0,120.0,normal,0.000000,0.094363,0.067277
miss_detection,35.0,40.0,120.0,130.0,constant,1.000000,,
distal,35.0,40.0,120.0,130.0,normal,0.000000,0.109864,0.074604
perpendicular,35.0,40.0,120.0,130.0,normal,0.000000,0.134888,0.089462
height,35.0,40.0,120.0,130.0,normal,0.000000,0.107713,0.072683
yaw,35.0,40.0,120.0,130.0,normal,0.000000,0.369488,0.103646
width,35.0,40.0,120.0,130.0,normal,0.000000,0.101019,0.074218
length,35.0,40.0,120.0,130.0,normal,0.000000,0.167888,0.112348
box_height,35.0,40.0,120.0,130.0,normal,0.000000,0.094363,0.067277
miss_detection,35.0,40.0,130.0,140.0,constant,1.000000,,
distal,35.0,40.0,130.0,140.0,normal,0.000000,0.109864,0.074604
perpendicular,35.0,40.0,130.0,140.0,normal,0.000000,0.134888,0.089462
height,35.0,40.0,130.0,140.0,normal,0.000000,0.107713,0.072683
yaw,35.0,40.0,130.0,140.0,normal,0.000000,0.369488,0.103646
width,35.0,40.0,130.0,140.0,normal,0.000000,0.101019,0.074218
length,35.0,40.0,130.0,140.0,normal,0.000000,0.167888,0.112348
box_height,35.0,40.0,130.0,140.0,normal,0.000000,0.094363,0.067277
miss_detection,35.0,40.0,140.0,150.0,constant,1.000000,,
distal,35.0,40.0,140.0,150.0,normal,0.000000,0.109864,0.074604
perpendicular,35.0,40.0,140.0,150.0,normal,0.000000,0.134888,0.089462
height,35.0,40.0,140.0,150.0,normal,0.000000,0.107713,0.072683
yaw,35.0,40.0,140.0,150.0,normal,0.000000,0.369488,0.103646
width,35.0,40.0,140.0,150.0,normal,0.000000,0.101019,0.074218
length,35.0,40.0,140.0,150.0,normal,0.000000,0.167888,0.112348
box_height,35.0,40.0,140.0,150.0,normal,0.000000,0.094363,0.067277
miss_detection,35.0,40.0,150.0,160.0,constant,1.000000,,
distal,35.0,40.0,150.0,160.0,normal,0.000000,0.109864,0.074604
perpendicular,35.0,40.0,150.0,160.0,normal,0.000000,0.134888,0.089462
height,35.0,40.0,150.0,160.0,normal,0.000000,0.107713,0.072683
yaw,35.0,40.0,150.0,160.0,normal,0.000000,0.369488,0.103646
width,35.0,40.0,150.0,160.0,normal,0.000000,0.101019,0.074218
length,35.0,40.0,150.0,160.0,normal,0.000000,0.167888,0.112348
box_height,35.0,40.0,150.0,160.0,normal,0.000000,0.094363,0.067277
miss_detection,35.0,40.0,160.0,170.0,constant,1.000000,,
distal,35.0,40.0,160.0,170.0,normal,0.000000,0.109864,0.074604
perpendicular,35.0,40.0,160.0,170.0,normal,0.000000,0.134888,0.089462
height,35.0,40.0,160.0,170.0,normal,0.000000,0.107713,0.072683
yaw,35.0,40.0,160.0,170.0,normal,0.000000,0.369488,0.103646
width,35.0,40.0,160.0,170.0,normal,0.000000,0.101019,0.074218
length,35.0,40.0,160.0,170.0,normal,0.000000,0.167888,0.112348
box_height,35.0,40.0,160.0,170.0,normal,0.000000,0.094363,0.067277
miss_detection,35.0,40.0,170.0,180.0,constant,1.000000,,
distal,35.0,40.0,170.0,180.0,normal,0.000000,0.109864,0.074604
perpendicular,35.0,40.0,170.0,180.0,normal,0.000000,0.134888,0.089462
height,35.0,40.0,170.0,180.0,normal,0.000000,0.107713,0.072683
yaw,35.0,40.0,170.0,180.0,normal,0.000000,0.369488,0.103646
width,35.0,40.0,170.0,180.0,normal,0.000000,0.101019,0.074218
length,35.0,40.0,170.0,180.0,normal,0.000000,0.167888,0.112348
box_height,35.0,40.0,170.0,180.0,normal,0.000000,0.094363,0.067277
miss_detection,40.0,45.0,-180.0,-170.0,constant,1.000000,,
distal,40.0,45.0,-180.0,-170.0,normal,0.000000,0.109864,0.074604
perpendicular,40.0,45.0,-180.0,-170.0,normal,0.000000,0.134888,0.089462
height,40.0,45.0,-180.0,-170.0,normal,0.000000,0.107713,0.072683
yaw,40.0,45.0,-180.0,-170.0,normal,0.000000,0.369488,0.103646
width,40.0,45.0,-180.0,-170.0,normal,0.000000,0.101019,0.074218
length,40.0,45.0,-180.0,-170.0,normal,0.000000,0.167888,0.112348
box_height,40.0,45.0,-180.0,-170.0,normal,0.000000,0.094363,0.067277
miss_detection,40.0,45.0,-170.0,-160.0,constant,1.000000,,
distal,40.0,45.0,-170.0,-160.0,normal,0.000000,0.109864,0.074604
perpendicular,40.0,45.0,-170.0,-160.0,normal,0.000000,0.134888,0.089462
height,40.0,45.0,-170.0,-160.0,normal,0.000000,0.107713,0.072683
yaw,40.0,45.0,-170.0,-160.0,normal,0.000000,0.369488,0.103646
width,40.0,45.0,-170.0,-160.0,normal,0.000000,0.101019,0.074218
length,40.0,45.0,-170.0,-160.0,normal,0.000000,0.167888,0.112348
box_height,40.0,45.0,-170.0,-160.0,normal,0.000000,0.094363,0.067277
miss_detection,40.0,45.0,-160.0,-150.0,constant,1.000000,,
distal,40.0,45.0,-160.0,-150.0,normal,0.000000,0.109864,0.074604
perpendicular,40.0,45.0,-160.0,-150.0,normal,0.000000,0.134888,0.089462
height,40.0,45.0,-160.0,-150.0,normal,0.000000,0.107713,0.072683
yaw,40.0,45.0,-160.0,-150.0,normal,0.000000,0.369488,0.103646
width,40.0,45.0,-160.0,-150.0,normal,0.000000,0.101019,0.074218
length,40.0,45.0,-160.0,-150.0,normal,0.000000,0.167888,0.112348
box_height,40.0,45.0,-160.0,-150.0,normal,0.000000,0.094363,0.067277
miss_detection,40.0,45.0,-150.0,-140.0,constant,1.000000,,
distal,40.0,45.0,-150.0,-140.0,normal,0.000000,0.109864,0.074604
perpendicular,40.0,45.0,-150.0,-140.0,normal,0.000000,0.134888,0.089462
height,40.0,45.0,-150.0,-140.0,normal,0.000000,0.107713,0.072683
yaw,40.0,45.0,-150.0,-140.0,normal,0.000000,0.369488,0.103646
width,40.0,45.0,-150.0,-140.0,normal,0.000000,0.101019,0.074218
length,40.0,45.0,-150.0,-140.0,normal,0.000000,0.167888,0.112348
box_height,40.0,45.0,-150.0,-140.0,normal,0.000000,0.094363,0.067277
miss_detection,40.0,45.0,-140.0,-130.0,constant,1.000000,,
distal,40.0,45.0,-140.0,-130.0,normal,0.000000,0.109864,0.074604
perpendicular,40.0,45.0,-140.0,-130.0,normal,0.000000,0.134888,0.089462
height,40.0,45.0,-140.0,-130.0,normal,0.000000,0.107713,0.072683
yaw,40.0,45.0,-140.0,-130.0,normal,0.000000,0.369488,0.103646
width,40.0,45.0,-140.0,-130.0,normal,0.000000,0.101019,0.074218
length,40.0,45.0,-140.0,-130.0,normal,0.000000,0.167888,0.112348
box_height,40.0,45.0,-140.0,-130.0,normal,0.000000,0.094363,0.067277
miss_detection,40.0,45.0,-130.0,-120.0,constant,1.000000,,
distal,40.0,45.0,-130.0,-120.0,normal,0.000000,0.109864,0.074604
perpendicular,40.0,45.0,-130.0,-120.0,normal,0.000000,0.134888,0.089462
height,40.0,45.0,-130.0,-120.0,normal,0.000000,0.107713,0.072683
yaw,40.0,45.0,-130.0,-120.0,normal,0.000000,0.369488,0.103646
width,40.0,45.0,-130.0,-120.0,normal,0.000000,0.101019,0.074218
length,40.0,45.0,-130.0,-120.0,normal,0.000000,0.167888,0.112348
box_height,40.0,45.0,-130.0,-120.0,normal,0.000000,0.094363,0.067277
miss_detection,40.0,45.0,-120.0,-110.0,constant,1.000000,,
distal,40.0,45.0,-120.0,-110.0,normal,0.000000,0.109864,0.074604
perpendicular,40.0,45.0,-120.0,-110.0,normal,0.000000,0.134888,0.089462
height,40.0,45.0,-120.0,-110.0,normal,0.000000,0.107713,0.072683
yaw,40.0,45.0,-120.0,-110.0,normal,0.000000,0.369488,0.103646
width,40.0,45.0,-120.0,-110.0,normal,0.000000,0.101019,0.074218
length,40.0,45.0,-120.0,-110.0,normal,0.000000,0.167888,0.112348
box_height,40.0,45.0,-120.0,-110.0,normal,0.000000,0.094363,0.067277
miss_detection,40.0,45.0,-110.0,-100.0,constant,1.000000,,
distal,40.0,45.0,-110.0,-100.0,normal,0.000000,0.109864,0.074604
perpendicular,40.0,45.0,-110.0,-100.0,normal,0.000000,0.134888,0.089462
height,40.0,45.0,-110.0,-100.0,normal,0.000000,0.107713,0.072683
yaw,40.0,45.0,-110.0,-100.0,normal,0.000000,0.369488,0.103646
width,40.0,45.0,-110.0,-100.0,normal,0.000000,0.101019,0.074218
length,40.0,45.0,-110.0,-100.0,normal,0.000000,0.167888,0.112348
box_height,40.0,45.0,-110.0,-100.0,normal,0.000000,0.094363,0.067277
miss_detection,40.0,45.0,-100.0,-90.0,constant,1.000000,,
distal,40.0,45.0,-100.0,-90.0,normal,0.000000,0.109864,0.074604
perpendicular,40.0,45.0,-100.0,-90.0,normal,0.000000,0.134888,0.089462
height,40.0,45.0,-100.0,-90.0,normal,0.000000,0.107713,0.072683
yaw,40.0,45.0,-100.0,-90.0,normal,0.000000,0.369488,0.103646
width,40.0,45.0,-100.0,-90.0,normal,0.000000,0.101019,0.074218
length,40.0,45.0,-100.0,-90.0,normal,0.000000,0.167888,0.112348
box_height,40.0,45.0,-100.0,-90.0,normal,0.000000,0.094363,0.067277
miss_detection,40.0,45.0,-90.0,-80.0,constant,1.000000,,
distal,40.0,45.0,-90.0,-80.0,normal,0.000000,0.109864,0.074604
perpendicular,40.0,45.0,-90.0,-80.0,normal,0.000000,0.134888,0.089462
height,40.0,45.0,-90.0,-80.0,normal,0.000000,0.107713,0.072683
yaw,40.0,45.0,-90.0,-80.0,normal,0.000000,0.369488,0.103646
width,40.0,45.0,-90.0,-80.0,normal,0.000000,0.101019,0.074218
length,40.0,45.0,-90.0,-80.0,normal,0.000000,0.167888,0.112348
box_height,40.0,45.0,-90.0,-80.0,normal,0.000000,0.094363,0.067277
miss_detection,40.0,45.0,-80.0,-70.0,constant,1.000000,,
distal,40.0,45.0,-80.0,-70.0,normal,0.000000,0.109864,0.074604
perpendicular,40.0,45.0,-80.0,-70.0,normal,0.000000,0.134888,0.089462
height,40.0,45.0,-80.0,-70.0,normal,0.000000,0.107713,0.072683
yaw,40.0,45.0,-80.0,-70.0,normal,0.000000,0.369488,0.103646
width,40.0,45.0,-80.0,-70.0,normal,0.000000,0.101019,0.074218
length,40.0,45.0,-80.0,-70.0,normal,0.000000,0.167888,0.112348
box_height,40.0,45.0,-80.0,-70.0,normal,0.000000,0.094363,0.067277
miss_detection,40.0,45.0,-70.0,-60.0,constant,1.000000,,
distal,40.0,45.0,-70.0,-60.0,normal,0.000000,0.109864,0.074604
perpendicular,40.0,45.0,-70.0,-60.0,normal,0.000000,0.134888,0.089462
height,40.0,45.0,-70.0,-60.0,normal,0.000000,0.107713,0.072683
yaw,40.0,45.0,-70.0,-60.0,normal,0.000000,0.369488,0.103646
width,40.0,45.0,-70.0,-60.0,normal,0.000000,0.101019,0.074218
length,40.0,45.0,-70.0,-60.0,normal,0.000000,0.167888,0.112348
box_height,40.0,45.0,-70.0,-60.0,normal,0.000000,0.094363,0.067277
miss_detection,40.0,45.0,-60.0,-50.0,constant,1.000000,,
distal,40.0,45.0,-60.0,-50.0,normal,0.000000,0.109864,0.074604
perpendicular,40.0,45.0,-60.0,-50.0,normal,0.000000,0.134888,0.089462
height,40.0,45.0,-60.0,-50.0,normal,0.000000,0.107713,0.072683
yaw,40.0,45.0,-60.0,-50.0,normal,0.000000,0.369488,0.103646
width,40.0,45.0,-60.0,-50.0,normal,0.000000,0.101019,0.074218
length,40.0,45.0,-60.0,-50.0,normal,0.000000,0.167888,0.112348
box_height,40.0,45.0,-60.0,-50.0,normal,0.000000,0.094363,0.067277
miss_detection,40.0,45.0,-50.0,-40.0,constant,1.000000,,
distal,40.0,45.0,-50.0,-40.0,normal,0.000000,0.109864,0.074604
perpendicular,40.0,45.0,-50.0,-40.0,normal,0.000000,0.134888,0.089462
height,40.0,45.0,-50.0,-40.0,normal,0.000000,0.107713,0.072683
yaw,40.0,45.0,-50.0,-40.0,normal,0.000000,0.369488,0.103646
width,40.0,45.0,-50.0,-40.0,normal,0.000000,0.101019,0.074218
length,40.0,45.0,-50.0,-40.0,normal,0.000000,0.167888,0.112348
box_height,40.0,45.0,-50.0,-40.0,normal,0.000000,0.094363,0.067277
miss_detection,40.0,45.0,-40.0,-30.0,constant,1.000000,,
distal,40.0,45.0,-40.0,-30.0,normal,0.000000,0.109864,0.074604
perpendicular,40.0,45.0,-40.0,-30.0,normal,0.000000,0.134888,0.089462
height,40.0,45.0,-40.0,-30.0,normal,0.000000,0.107713,0.072683
yaw,40.0,45.0,-40.0,-30.0,normal,0.000000,0.369488,0.103646
width,40.0,45.0,-40.0,-30.0,normal,0.000000,0.101019,0.074218
length,40.0,45.0,-40.0,-30.0,normal,0.000000,0.167888,0.112348
box_height,40.0,45.0,-40.0,-30.0,normal,0.000000,0.094363,0.067277
miss_detection,40.0,45.0,-30.0,-20.0,constant,1.000000,,
distal,40.0,45.0,-30.0,-20.0,normal,0.000000,0.109864,0.074604
perpendicular,40.0,45.0,-30.0,-20.0,normal,0.000000,0.134888,0.089462
height,40.0,45.0,-30.0,-20.0,normal,0.000000,0.107713,0.072683
yaw,40.0,45.0,-30.0,-20.0,normal,0.000000,0.369488,0.103646
width,40.0,45.0,-30.0,-20.0,normal,0.000000,0.101019,0.074218
length,40.0,45.0,-30.0,-20.0,normal,0.000000,0.167888,0.112348
box_height,40.0,45.0,-30.0,-20.0,normal,0.000000,0.094363,0.067277
miss_detection,40.0,45.0,-20.0,-10.0,constant,0.000000,,
distal,40.0,45.0,-20.0,-10.0,normal,0.000000,0.047007,0.040824
perpendicular,40.0,45.0,-20.0,-10.0,normal,0.000000,0.057086,0.049152
height,40.0,45.0,-20.0,-10.0,normal,0.000000,0.033130,0.026398
yaw,40.0,45.0,-20.0,-10.0,normal,0.000000,0.014171,0.025078
width,40.0,45.0,-20.0,-10.0,normal,0.000000,0.074141,0.059006
length,40.0,45.0,-20.0,-10.0,normal,0.000000,0.125495,0.112752
box_height,40.0,45.0,-20.0,-10.0,normal,0.000000,0.058251,0.046543
miss_detection,40.0,45.0,-10.0,0.0,constant,0.030303,,
distal,40.0,45.0,-10.0,0.0,normal,0.000000,0.080615,0.060242
perpendicular,40.0,45.0,-10.0,0.0,normal,0.000000,0.086202,0.059800
height,40.0,45.0,-10.0,0.0,normal,0.000000,0.042908,0.031059
yaw,40.0,45.0,-10.0,0.0,normal,0.000000,0.548138,0.131066
width,40.0,45.0,-10.0,0.0,normal,0.000000,0.106991,0.066806
length,40.0,45.0,-10.0,0.0,normal,0.000000,0.165944,0.112346
box_height,40.0,45.0,-10.0,0.0,normal,0.000000,0.080354,0.069269
miss_detection,40.0,45.0,0.0,10.0,constant,0.132948,,
distal,40.0,45.0,0.0,10.0,normal,0.000000,0.053829,0.043691
perpendicular,40.0,45.0,0.0,10.0,normal,0.000000,0.062501,0.050213
height,40.0,45.0,0.0,10.0,normal,0.000000,0.041872,0.029539
yaw,40.0,45.0,0.0,10.0,normal,0.000000,0.869175,0.276802
width,40.0,45.0,0.0,10.0,normal,0.000000,0.081112,0.062905
length,40.0,45.0,0.0,10.0,normal,0.000000,0.096552,0.074785
box_height,40.0,45.0,0.0,10.0,normal,0.000000,0.056155,0.045998
miss_detection,40.0,45.0,10.0,20.0,constant,0.302326,,
distal,40.0,45.0,10.0,20.0,normal,0.000000,0.064949,0.052693
perpendicular,40.0,45.0,10.0,20.0,normal,0.000000,0.074950,0.054939
height,40.0,45.0,10.0,20.0,normal,0.000000,0.036847,0.028911
yaw,40.0,45.0,10.0,20.0,normal,0.000000,0.653895,0.163935
width,40.0,45.0,10.0,20.0,normal,0.000000,0.077707,0.066665
length,40.0,45.0,10.0,20.0,normal,0.000000,0.170027,0.129117
box_height,40.0,45.0,10.0,20.0,normal,0.000000,0.071000,0.054334
miss_detection,40.0,45.0,20.0,30.0,constant,0.680000,,
distal,40.0,45.0,20.0,30.0,normal,0.000000,0.215287,0.303979
perpendicular,40.0,45.0,20.0,30.0,normal,0.000000,0.106692,0.095775
height,40.0,45.0,20.0,30.0,normal,0.000000,0.073438,0.056142
yaw,40.0,45.0,20.0,30.0,normal,0.000000,0.038756,0.027050
width,40.0,45.0,20.0,30.0,normal,0.000000,0.102479,0.086862
length,40.0,45.0,20.0,30.0,normal,0.000000,0.221897,0.212373
box_height,40.0,45.0,20.0,30.0,normal,0.000000,0.061530,0.059971
miss_detection,40.0,45.0,30.0,40.0,constant,1.000000,,
distal,40.0,45.0,30.0,40.0,normal,0.000000,0.109864,0.074604
perpendicular,40.0,45.0,30.0,40.0,normal,0.000000,0.134888,0.089462
height,40.0,45.0,30.0,40.0,normal,0.000000,0.107713,0.072683
yaw,40.0,45.0,30.0,40.0,normal,0.000000,0.369488,0.103646
width,40.0,45.0,30.0,40.0,normal,0.000000,0.101019,0.074218
length,40.0,45.0,30.0,40.0,normal,0.000000,0.167888,0.112348
box_height,40.0,45.0,30.0,40.0,normal,0.000000,0.094363,0.067277
miss_detection,40.0,45.0,40.0,50.0,constant,1.000000,,
distal,40.0,45.0,40.0,50.0,normal,0.000000,0.109864,0.074604
perpendicular,40.0,45.0,40.0,50.0,normal,0.000000,0.134888,0.089462
height,40.0,45.0,40.0,50.0,normal,0.000000,0.107713,0.072683
yaw,40.0,45.0,40.0,50.0,normal,0.000000,0.369488,0.103646
width,40.0,45.0,40.0,50.0,normal,0.000000,0.101019,0.074218
length,40.0,45.0,40.0,50.0,normal,0.000000,0.167888,0.112348
box_height,40.0,45.0,40.0,50.0,normal,0.000000,0.094363,0.067277
miss_detection,40.0,45.0,50.0,60.0,constant,1.000000,,
distal,40.0,45.0,50.0,60.0,normal,0.000000,0.109864,0.074604
perpendicular,40.0,45.0,50.0,60.0,normal,0.000000,0.134888,0.089462
height,40.0,45.0,50.0,60.0,normal,0.000000,0.107713,0.072683
yaw,40.0,45.0,50.0,60.0,normal,0.000000,0.369488,0.103646
width,40.0,45.0,50.0,60.0,normal,0.000000,0.101019,0.074218
length,40.0,45.0,50.0,60.0,normal,0.000000,0.167888,0.112348
box_height,40.0,45.0,50.0,60.0,normal,0.000000,0.094363,0.067277
miss_detection,40.0,45.0,60.0,70.0,constant,1.000000,,
distal,40.0,45.0,60.0,70.0,normal,0.000000,0.109864,0.074604
perpendicular,40.0,45.0,60.0,70.0,normal,0.000000,0.134888,0.089462
height,40.0,45.0,60.0,70.0,normal,0.000000,0.107713,0.072683
yaw,40.0,45.0,60.0,70.0,normal,0.000000,0.369488,0.103646
width,40.0,45.0,60.0,70.0,normal,0.000000,0.101019,0.074218
length,40.0,45.0,60.0,70.0,normal,0.000000,0.167888,0.112348
box_height,40.0,45.0,60.0,70.0,normal,0.000000,0.094363,0.067277
miss_detection,40.0,45.0,70.0,80.0,constant,1.000000,,
distal,40.0,45.0,70.0,80.0,normal,0.000000,0.109864,0.074604
perpendicular,40.0,45.0,70.0,80.0,normal,0.000000,0.134888,0.089462
height,40.0,45.0,70.0,80.0,normal,0.000000,0.107713,0.072683
yaw,40.0,45.0,70.0,80.0,normal,0.000000,0.369488,0.103646
width,40.0,45.0,70.0,80.0,normal,0.000000,0.101019,0.074218
length,40.0,45.0,70.0,80.0,normal,0.000000,0.167888,0.112348
box_height,40.0,45.0,70.0,80.0,normal,0.000000,0.094363,0.067277
miss_detection,40.0,45.0,80.0,90.0,constant,1.000000,,
distal,40.0,45.0,80.0,90.0,normal,0.000000,0.109864,0.074604
perpendicular,40.0,45.0,80.0,90.0,normal,0.000000,0.134888,0.089462
height,40.0,45.0,80.0,90.0,normal,0.000000,0.107713,0.072683
yaw,40.0,45.0,80.0,90.0,normal,0.000000,0.369488,0.103646
width,40.0,45.0,80.0,90.0,normal,0.000000,0.101019,0.074218
length,40.0,45.0,80.0,90.0,normal,0.000000,0.167888,0.112348
box_height,40.0,45.0,80.0,90.0,normal,0.000000,0.094363,0.067277
miss_detection,40.0,45.0,90.0,100.0,constant,1.000000,,
distal,40.0,45.0,90.0,100.0,normal,0.000000,0.109864,0.074604
perpendicular,40.0,45.0,90.0,100.0,normal,0.000000,0.134888,0.089462
height,40.0,45.0,90.0,100.0,normal,0.000000,0.107713,0.072683
yaw,40.0,45.0,90.0,100.0,normal,0.000000,0.369488,0.103646
width,40.0,45.0,90.0,100.0,normal,0.000000,0.101019,0.074218
length,40.0,45.0,90.0,100.0,normal,0.000000,0.167888,0.112348
box_height,40.0,45.0,90.0,100.0,normal,0.000000,0.094363,0.067277
miss_detection,40.0,45.0,100.0,110.0,constant,1.000000,,
distal,40.0,45.0,100.0,110.0,normal,0.000000,0.109864,0.074604
perpendicular,40.0,45.0,100.0,110.0,normal,0.000000,0.134888,0.089462
height,40.0,45.0,100.0,110.0,normal,0.000000,0.107713,0.072683
yaw,40.0,45.0,100.0,110.0,normal,0.000000,0.369488,0.103646
width,40.0,45.0,100.0,110.0,normal,0.000000,0.101019,0.074218
length,40.0,45.0,100.0,110.0,normal,0.000000,0.167888,0.112348
box_height,40.0,45.0,100.0,110.0,normal,0.000000,0.094363,0.067277
miss_detection,40.0,45.0,110.0,120.0,constant,1.000000,,
distal,40.0,45.0,110.0,120.0,normal,0.000000,0.109864,0.074604
perpendicular,40.0,45.0,110.0,120.0,normal,0.000000,0.134888,0.089462
height,40.0,45.0,110.0,120.0,normal,0.000000,0.107713,0.072683
yaw,40.0,45.0,110.0,120.0,normal,0.000000,0.369488,0.103646
width,40.0,45.0,110.0,120.0,normal,0.000000,0.101019,0.074218
length,40.0,45.0,110.0,120.0,normal,0.000000,0.167888,0.112348
box_height,40.0,45.0,110.0,120.0,normal,0.000000,0.094363,0.067277
miss_detection,40.0,45.0,120.0,130.0,constant,1.000000,,
distal,40.0,45.0,120.0,130.0,normal,0.000000,0.109864,0.074604
perpendicular,40.0,45.0,120.0,130.0,normal,0.000000,0.134888,0.089462
height,40.0,45.0,120.0,130.0,normal,0.000000,0.107713,0.072683
yaw,40.0,45.0,120.0,130.0,normal,0.000000,0.369488,0.103646
width,40.0,45.0,120.0,130.0,normal,0.000000,0.101019,0.074218
length,40.0,45.0,120.0,130.0,normal,0.000000,0.167888,0.112348
box_height,40.0,45.0,120.0,130.0,normal,0.000000,0.094363,0.067277
miss_detection,40.0,45.0,130.0,140.0,constant,1.000000,,
distal,40.0,45.0,130.0,140.0,normal,0.000000,0.109864,0.074604
perpendicular,40.0,45.0,130.0,140.0,normal,0.000000,0.134888,0.089462
height,40.0,45.0,130.0,140.0,normal,0.000000,0.107713,0.072683
yaw,40.0,45.0,130.0,140.0,normal,0.000000,0.369488,0.103646
width,40.0,45.0,130.0,140.0,normal,0.000000,0.101019,0.074218
length,40.0,45.0,130.0,140.0,normal,0.000000,0.167888,0.112348
box_height,40.0,45.0,130.0,140.0,normal,0.000000,0.094363,0.067277
miss_detection,40.0,45.0,140.0,150.0,constant,1.000000,,
distal,40.0,45.0,140.0,150.0,normal,0.000000,0.109864,0.074604
perpendicular,40.0,45.0,140.0,150.0,normal,0.000000,0.134888,0.089462
height,40.0,45.0,140.0,150.0,normal,0.000000,0.107713,0.072683
yaw,40.0,45.0,140.0,150.0,normal,0.000000,0.369488,0.103646
width,40.0,45.0,140.0,150.0,normal,0.000000,0.101019,0.074218
length,40.0,45.0,140.0,150.0,normal,0.000000,0.167888,0.112348
box_height,40.0,45.0,140.0,150.0,normal,0.000000,0.094363,0.067277
miss_detection,40.0,45.0,150.0,160.0,constant,1.000000,,
distal,40.0,45.0,150.0,160.0,normal,0.000000,0.109864,0.074604
perpendicular,40.0,45.0,150.0,160.0,normal,0.000000,0.134888,0.089462
height,40.0,45.0,150.0,160.0,normal,0.000000,0.107713,0.072683
yaw,40.0,45.0,150.0,160.0,normal,0.000000,0.369488,0.103646
width,40.0,45.0,150.0,160.0,normal,0.000000,0.101019,0.074218
length,40.0,45.0,150.0,160.0,normal,0.000000,0.167888,0.112348
box_height,40.0,45.0,150.0,160.0,normal,0.000000,0.094363,0.067277
miss_detection,40.0,45.0,160.0,170.0,constant,1.000000,,
distal,40.0,45.0,160.0,170.0,normal,0.000000,0.109864,0.074604
perpendicular,40.0,45.0,160.0,170.0,normal,0.000000,0.134888,0.089462
height,40.0,45.0,160.0,170.0,normal,0.000000,0.107713,0.072683
yaw,40.0,45.0,160.0,170.0,normal,0.000000,0.369488,0.103646
width,40.0,45.0,160.0,170.0,normal,0.000000,0.101019,0.074218
length,40.0,45.0,160.0,170.0,normal,0.000000,0.167888,0.112348
box_height,40.0,45.0,160.0,170.0,normal,0.000000,0.094363,0.067277
miss_detection,40.0,45.0,170.0,180.0,constant,1.000000,,
distal,40.0,45.0,170.0,180.0,normal,0.000000,0.109864,0.074604
perpendicular,40.0,45.0,170.0,180.0,normal,0.000000,0.134888,0.089462
height,40.0,45.0,170.0,180.0,normal,0.000000,0.107713,0.072683
yaw,40.0,45.0,170.0,180.0,normal,0.000000,0.369488,0.103646
width,40.0,45.0,170.0,180.0,normal,0.000000,0.101019,0.074218
length,40.0,45.0,170.0,180.0,normal,0.000000,0.167888,0.112348
box_height,40.0,45.0,170.0,180.0,normal,0.000000,0.094363,0.067277
miss_detection,45.0,50.0,-180.0,-170.0,constant,1.000000,,
distal,45.0,50.0,-180.0,-170.0,normal,0.000000,0.109864,0.074604
perpendicular,45.0,50.0,-180.0,-170.0,normal,0.000000,0.134888,0.089462
height,45.0,50.0,-180.0,-170.0,normal,0.000000,0.107713,0.072683
yaw,45.0,50.0,-180.0,-170.0,normal,0.000000,0.369488,0.103646
width,45.0,50.0,-180.0,-170.0,normal,0.000000,0.101019,0.074218
length,45.0,50.0,-180.0,-170.0,normal,0.000000,0.167888,0.112348
box_height,45.0,50.0,-180.0,-170.0,normal,0.000000,0.094363,0.067277
miss_detection,45.0,50.0,-170.0,-160.0,constant,1.000000,,
distal,45.0,50.0,-170.0,-160.0,normal,0.000000,0.109864,0.074604
perpendicular,45.0,50.0,-170.0,-160.0,normal,0.000000,0.134888,0.089462
height,45.0,50.0,-170.0,-160.0,normal,0.000000,0.107713,0.072683
yaw,45.0,50.0,-170.0,-160.0,normal,0.000000,0.369488,0.103646
width,45.0,50.0,-170.0,-160.0,normal,0.000000,0.101019,0.074218
length,45.0,50.0,-170.0,-160.0,normal,0.000000,0.167888,0.112348
box_height,45.0,50.0,-170.0,-160.0,normal,0.000000,0.094363,0.067277
miss_detection,45.0,50.0,-160.0,-150.0,constant,1.000000,,
distal,45.0,50.0,-160.0,-150.0,normal,0.000000,0.109864,0.074604
perpendicular,45.0,50.0,-160.0,-150.0,normal,0.000000,0.134888,0.089462
height,45.0,50.0,-160.0,-150.0,normal,0.000000,0.107713,0.072683
yaw,45.0,50.0,-160.0,-150.0,normal,0.000000,0.369488,0.103646
width,45.0,50.0,-160.0,-150.0,normal,0.000000,0.101019,0.074218
length,45.0,50.0,-160.0,-150.0,normal,0.000000,0.167888,0.112348
box_height,45.0,50.0,-160.0,-150.0,normal,0.000000,0.094363,0.067277
miss_detection,45.0,50.0,-150.0,-140.0,constant,1.000000,,
distal,45.0,50.0,-150.0,-140.0,normal,0.000000,0.109864,0.074604
perpendicular,45.0,50.0,-150.0,-140.0,normal,0.000000,0.134888,0.089462
height,45.0,50.0,-150.0,-140.0,normal,0.000000,0.107713,0.072683
yaw,45.0,50.0,-150.0,-140.0,normal,0.000000,0.369488,0.103646
width,45.0,50.0,-150.0,-140.0,normal,0.000000,0.101019,0.074218
length,45.0,50.0,-150.0,-140.0,normal,0.000000,0.167888,0.112348
box_height,45.0,50.0,-150.0,-140.0,normal,0.000000,0.094363,0.067277
miss_detection,45.0,50.0,-140.0,-130.0,constant,1.000000,,
distal,45.0,50.0,-140.0,-130.0,normal,0.000000,0.109864,0.074604
perpendicular,45.0,50.0,-140.0,-130.0,normal,0.000000,0.134888,0.089462
height,45.0,50.0,-140.0,-130.0,normal,0.000000,0.107713,0.072683
yaw,45.0,50.0,-140.0,-130.0,normal,0.000000,0.369488,0.103646
width,45.0,50.0,-140.0,-130.0,normal,0.000000,0.101019,0.074218
length,45.0,50.0,-140.0,-130.0,normal,0.000000,0.167888,0.112348
box_height,45.0,50.0,-140.0,-130.0,normal,0.000000,0.094363,0.067277
miss_detection,45.0,50.0,-130.0,-120.0,constant,1.000000,,
distal,45.0,50.0,-130.0,-120.0,normal,0.000000,0.109864,0.074604
perpendicular,45.0,50.0,-130.0,-120.0,normal,0.000000,0.134888,0.089462
height,45.0,50.0,-130.0,-120.0,normal,0.000000,0.107713,0.072683
yaw,45.0,50.0,-130.0,-120.0,normal,0.000000,0.369488,0.103646
width,45.0,50.0,-130.0,-120.0,normal,0.000000,0.101019,0.074218
length,45.0,50.0,-130.0,-120.0,normal,0.000000,0.167888,0.112348
box_height,45.0,50.0,-130.0,-120.0,normal,0.000000,0.094363,0.067277
miss_detection,45.0,50.0,-120.0,-110.0,constant,1.000000,,
distal,45.0,50.0,-120.0,-110.0,normal,0.000000,0.109864,0.074604
perpendicular,45.0,50.0,-120.0,-110.0,normal,0.000000,0.134888,0.089462
height,45.0,50.0,-120.0,-110.0,normal,0.000000,0.107713,0.072683
yaw,45.0,50.0,-120.0,-110.0,normal,0.000000,0.369488,0.103646
width,45.0,50.0,-120.0,-110.0,normal,0.000000,0.101019,0.074218
length,45.0,50.0,-120.0,-110.0,normal,0.000000,0.167888,0.112348
box_height,45.0,50.0,-120.0,-110.0,normal,0.000000,0.094363,0.067277
miss_detection,45.0,50.0,-110.0,-100.0,constant,1.000000,,
distal,45.0,50.0,-110.0,-100.0,normal,0.000000,0.109864,0.074604
perpendicular,45.0,50.0,-110.0,-100.0,normal,0.000000,0.134888,0.089462
height,45.0,50.0,-110.0,-100.0,normal,0.000000,0.107713,0.072683
yaw,45.0,50.0,-110.0,-100.0,normal,0.000000,0.369488,0.103646
width,45.0,50.0,-110.0,-100.0,normal,0.000000,0.101019,0.074218
length,45.0,50.0,-110.0,-100.0,normal,0.000000,0.167888,0.112348
box_height,45.0,50.0,-110.0,-100.0,normal,0.000000,0.094363,0.067277
miss_detection,45.0,50.0,-100.0,-90.0,constant,1.000000,,
distal,45.0,50.0,-100.0,-90.0,normal,0.000000,0.109864,0.074604
perpendicular,45.0,50.0,-100.0,-90.0,normal,0.000000,0.134888,0.089462
height,45.0,50.0,-100.0,-90.0,normal,0.000000,0.107713,0.072683
yaw,45.0,50.0,-100.0,-90.0,normal,0.000000,0.369488,0.103646
width,45.0,50.0,-100.0,-90.0,normal,0.000000,0.101019,0.074218
length,45.0,50.0,-100.0,-90.0,normal,0.000000,0.167888,0.112348
box_height,45.0,50.0,-100.0,-90.0,normal,0.000000,0.094363,0.067277
miss_detection,45.0,50.0,-90.0,-80.0,constant,1.000000,,
distal,45.0,50.0,-90.0,-80.0,normal,0.000000,0.109864,0.074604
perpendicular,45.0,50.0,-90.0,-80.0,normal,0.000000,0.134888,0.089462
height,45.0,50.0,-90.0,-80.0,normal,0.000000,0.107713,0.072683
yaw,45.0,50.0,-90.0,-80.0,normal,0.000000,0.369488,0.103646
width,45.0,50.0,-90.0,-80.0,normal,0.000000,0.101019,0.074218
length,45.0,50.0,-90.0,-80.0,normal,0.000000,0.167888,0.112348
box_height,45.0,50.0,-90.0,-80.0,normal,0.000000,0.094363,0.067277
miss_detection,45.0,50.0,-80.0,-70.0,constant,1.000000,,
distal,45.0,50.0,-80.0,-70.0,normal,0.000000,0.109864,0.074604
perpendicular,45.0,50.0,-80.0,-70.0,normal,0.000000,0.134888,0.089462
height,45.0,50.0,-80.0,-70.0,normal,0.000000,0.107713,0.072683
yaw,45.0,50.0,-80.0,-70.0,normal,0.000000,0.369488,0.103646
width,45.0,50.0,-80.0,-70.0,normal,0.000000,0.101019,0.074218
length,45.0,50.0,-80.0,-70.0,normal,0.000000,0.167888,0.112348
box_height,45.0,50.0,-80.0,-70.0,normal,0.000000,0.094363,0.067277
miss_detection,45.0,50.0,-70.0,-60.0,constant,1.000000,,
distal,45.0,50.0,-70.0,-60.0,normal,0.000000,0.109864,0.074604
perpendicular,45.0,50.0,-70.0,-60.0,normal,0.000000,0.134888,0.089462
height,45.0,50.0,-70.0,-60.0,normal,0.000000,0.107713,0.072683
yaw,45.0,50.0,-70.0,-60.0,normal,0.000000,0.369488,0.103646
width,45.0,50.0,-70.0,-60.0,normal,0.000000,0.101019,0.074218
length,45.0,50.0,-70.0,-60.0,normal,0.000000,0.167888,0.112348
box_height,45.0,50.0,-70.0,-60.0,normal,0.000000,0.094363,0.067277
miss_detection,45.0,50.0,-60.0,-50.0,constant,1.000000,,
distal,45.0,50.0,-60.0,-50.0,normal,0.000000,0.109864,0.074604
perpendicular,45.0,50.0,-60.0,-50.0,normal,0.000000,0.134888,0.089462
height,45.0,50.0,-60.0,-50.0,normal,0.000000,0.107713,0.072683
yaw,45.0,50.0,-60.0,-50.0,normal,0.000000,0.369488,0.103646
width,45.0,50.0,-60.0,-50.0,normal,0.000000,0.101019,0.074218
length,45.0,50.0,-60.0,-50.0,normal,0.000000,0.167888,0.112348
box_height,45.0,50.0,-60.0,-50.0,normal,0.000000,0.094363,0.067277
miss_detection,45.0,50.0,-50.0,-40.0,constant,1.000000,,
distal,45.0,50.0,-50.0,-40.0,normal,0.000000,0.109864,0.074604
perpendicular,45.0,50.0,-50.0,-40.0,normal,0.000000,0.134888,0.089462
height,45.0,50.0,-50.0,-40.0,normal,0.000000,0.107713,0.072683
yaw,45.0,50.0,-50.0,-40.0,normal,0.000000,0.369488,0.103646
width,45.0,50.0,-50.0,-40.0,normal,0.000000,0.101019,0.074218
length,45.0,50.0,-50.0,-40.0,normal,0.000000,0.167888,0.112348
box_height,45.0,50.0,-50.0,-40.0,normal,0.000000,0.094363,0.067277
miss_detection,45.0,50.0,-40.0,-30.0,constant,1.000000,,
distal,45.0,50.0,-40.0,-30.0,normal,0.000000,0.109864,0.074604
perpendicular,45.0,50.0,-40.0,-30.0,normal,0.000000,0.134888,0.089462
height,45.0,50.0,-40.0,-30.0,normal,0.000000,0.107713,0.072683
yaw,45.0,50.0,-40.0,-30.0,normal,0.000000,0.369488,0.103646
width,45.0,50.0,-40.0,-30.0,normal,0.000000,0.101019,0.074218
length,45.0,50.0,-40.0,-30.0,normal,0.000000,0.167888,0.112348
box_height,45.0,50.0,-40.0,-30.0,normal,0.000000,0.094363,0.067277
miss_detection,45.0,50.0,-30.0,-20.0,constant,0.947368,,
distal,45.0,50.0,-30.0,-20.0,normal,0.000000,0.000000,0.003501
perpendicular,45.0,50.0,-30.0,-20.0,normal,0.000000,0.000000,0.048534
height,45.0,50.0,-30.0,-20.0,normal,0.000000,0.000000,0.012139
yaw,45.0,50.0,-30.0,-20.0,normal,0.000000,0.000000,0.057946
width,45.0,50.0,-30.0,-20.0,normal,0.000000,0.000000,0.081641
length,45.0,50.0,-30.0,-20.0,normal,0.000000,0.000000,0.147254
box_height,45.0,50.0,-30.0,-20.0,normal,0.000000,0.000000,0.084887
miss_detection,45.0,50.0,-20.0,-10.0,constant,0.072165,,
distal,45.0,50.0,-20.0,-10.0,normal,0.000000,0.062772,0.049748
perpendicular,45.0,50.0,-20.0,-10.0,normal,0.000000,0.100099,0.076254
height,45.0,50.0,-20.0,-10.0,normal,0.000000,0.043368,0.030605
yaw,45.0,50.0,-20.0,-10.0,normal,0.000000,0.562374,0.131726
width,45.0,50.0,-20.0,-10.0,normal,0.000000,0.090158,0.070343
length,45.0,50.0,-20.0,-10.0,normal,0.000000,0.195309,0.138462
box_height,45.0,50.0,-20.0,-10.0,normal,0.000000,0.079739,0.067521
miss_detection,45.0,50.0,-10.0,0.0,constant,0.061947,,
distal,45.0,50.0,-10.0,0.0,normal,0.000000,0.070634,0.052287
perpendicular,45.0,50.0,-10.0,0.0,normal,0.000000,0.075630,0.054125
height,45.0,50.0,-10.0,0.0,normal,0.000000,0.045165,0.034590
yaw,45.0,50.0,-10.0,0.0,normal,0.000000,0.305603,0.076005
width,45.0,50.0,-10.0,0.0,normal,0.000000,0.100298,0.066755
length,45.0,50.0,-10.0,0.0,normal,0.000000,0.116799,0.090223
box_height,45.0,50.0,-10.0,0.0,normal,0.000000,0.074381,0.063864
miss_detection,45.0,50.0,0.0,10.0,constant,0.107345,,
distal,45.0,50.0,0.0,10.0,normal,0.000000,0.067884,0.052481
perpendicular,45.0,50.0,0.0,10.0,normal,0.000000,0.104487,0.072292
height,45.0,50.0,0.0,10.0,normal,0.000000,0.046422,0.037340
yaw,45.0,50.0,0.0,10.0,normal,0.000000,0.054228,0.038015
width,45.0,50.0,0.0,10.0,normal,0.000000,0.078910,0.060704
length,45.0,50.0,0.0,10.0,normal,0.000000,0.139151,0.102580
box_height,45.0,50.0,0.0,10.0,normal,0.000000,0.072723,0.058534
miss_detection,45.0,50.0,10.0,20.0,constant,0.141243,,
distal,45.0,50.0,10.0,20.0,normal,0.000000,0.106750,0.064066
perpendicular,45.0,50.0,10.0,20.0,normal,0.000000,0.111707,0.081213
height,45.0,50.0,10.0,20.0,normal,0.000000,0.051044,0.041342
yaw,45.0,50.0,10.0,20.0,normal,0.000000,0.666826,0.179380
width,45.0,50.0,10.0,20.0,normal,0.000000,0.101002,0.072068
length,45.0,50.0,10.0,20.0,normal,0.000000,0.195172,0.137399
box_height,45.0,50.0,10.0,20.0,normal,0.000000,0.077870,0.061391
miss_detection,45.0,50.0,20.0,30.0,constant,0.541667,,
distal,45.0,50.0,20.0,30.0,normal,0.000000,0.625832,0.349838
perpendicular,45.0,50.0,20.0,30.0,normal,0.000000,0.211028,0.164201
height,45.0,50.0,20.0,30.0,normal,0.000000,0.058361,0.085813
yaw,45.0,50.0,20.0,30.0,normal,0.000000,0.110363,0.092589
width,45.0,50.0,20.0,30.0,normal,0.000000,0.101885,0.074325
length,45.0,50.0,20.0,30.0,normal,0.000000,0.326016,0.288390
box_height,45.0,50.0,20.0,30.0,normal,0.000000,0.079975,0.078063
miss_detection,45.0,50.0,30.0,40.0,constant,1.000000,,
distal,45.0,50.0,30.0,40.0,normal,0.000000,0.109864,0.074604
perpendicular,45.0,50.0,30.0,40.0,normal,0.000000,0.134888,0.089462
height,45.0,50.0,30.0,40.0,normal,0.000000,0.107713,0.072683
yaw,45.0,50.0,30.0,40.0,normal,0.000000,0.369488,0.103646
width,45.0,50.0,30.0,40.0,normal,0.000000,0.101019,0.074218
length,45.0,50.0,30.0,40.0,normal,0.000000,0.167888,0.112348
box_height,45.0,50.0,30.0,40.0,normal,0.000000,0.094363,0.067277
miss_detection,45.0,50.0,40.0,50.0,constant,1.000000,,
distal,45.0,50.0,40.0,50.0,normal,0.000000,0.109864,0.074604
perpendicular,45.0,50.0,40.0,50.0,normal,0.000000,0.134888,0.089462
height,45.0,50.0,40.0,50.0,normal,0.000000,0.107713,0.072683
yaw,45.0,50.0,40.0,50.0,normal,0.000000,0.369488,0.103646
width,45.0,50.0,40.0,50.0,normal,0.000000,0.101019,0.074218
length,45.0,50.0,40.0,50.0,normal,0.000000,0.167888,0.112348
box_height,45.0,50.0,40.0,50.0,normal,0.000000,0.094363,0.067277
miss_detection,45.0,50.0,50.0,60.0,constant,1.000000,,
distal,45.0,50.0,50.0,60.0,normal,0.000000,0.109864,0.074604
perpendicular,45.0,50.0,50.0,60.0,normal,0.000000,0.134888,0.089462
height,45.0,50.0,50.0,60.0,normal,0.000000,0.107713,0.072683
yaw,45.0,50.0,50.0,60.0,normal,0.000000,0.369488,0.103646
width,45.0,50.0,50.0,60.0,normal,0.000000,0.101019,0.074218
length,45.0,50.0,50.0,60.0,normal,0.000000,0.167888,0.112348
box_height,45.0,50.0,50.0,60.0,normal,0.000000,0.094363,0.067277
miss_detection,45.0,50.0,60.0,70.0,constant,1.000000,,
distal,45.0,50.0,60.0,70.0,normal,0.000000,0.109864,0.074604
perpendicular,45.0,50.0,60.0,70.0,normal,0.000000,0.134888,0.089462
height,45.0,50.0,60.0,70.0,normal,0.000000,0.107713,0.072683
yaw,45.0,50.0,60.0,70.0,normal,0.000000,0.369488,0.103646
width,45.0,50.0,60.0,70.0,normal,0.000000,0.101019,0.074218
length,45.0,50.0,60.0,70.0,normal,0.000000,0.167888,0.112348
box_height,45.0,50.0,60.0,70.0,normal,0.000000,0.094363,0.067277
miss_detection,45.0,50.0,70.0,80.0,constant,1.000000,,
distal,45.0,50.0,70.0,80.0,normal,0.000000,0.109864,0.074604
perpendicular,45.0,50.0,70.0,80.0,normal,0.000000,0.134888,0.089462
height,45.0,50.0,70.0,80.0,normal,0.000000,0.107713,0.072683
yaw,45.0,50.0,70.0,80.0,normal,0.000000,0.369488,0.103646
width,45.0,50.0,70.0,80.0,normal,0.000000,0.101019,0.074218
length,45.0,50.0,70.0,80.0,normal,0.000000,0.167888,0.112348
box_height,45.0,50.0,70.0,80.0,normal,0.000000,0.094363,0.067277
miss_detection,45.0,50.0,80.0,90.0,constant,1.000000,,
distal,45.0,50.0,80.0,90.0,normal,0.000000,0.109864,0.074604
perpendicular,45.0,50.0,80.0,90.0,normal,0.000000,0.134888,0.089462
height,45.0,50.0,80.0,90.0,normal,0.000000,0.107713,0.072683
yaw,45.0,50.0,80.0,90.0,normal,0.000000,0.369488,0.103646
width,45.0,50.0,80.0,90.0,normal,0.000000,0.101019,0.074218
length,45.0,50.0,80.0,90.0,normal,0.000000,0.167888,0.112348
box_height,45.0,50.0,80.0,90.0,normal,0.000000,0.094363,0.067277
miss_detection,45.0,50.0,90.0,100.0,constant,1.000000,,
distal,45.0,50.0,90.0,100.0,normal,0.000000,0.109864,0.074604
perpendicular,45.0,50.0,90.0,100.0,normal,0.000000,0.134888,0.089462
height,45.0,50.0,90.0,100.0,normal,0.000000,0.107713,0.072683
yaw,45.0,50.0,90.0,100.0,normal,0.000000,0.369488,0.103646
width,45.0,50.0,90.0,100.0,normal,0.000000,0.101019,0.074218
length,45.0,50.0,90.0,100.0,normal,0.000000,0.167888,0.112348
box_height,45.0,50.0,90.0,100.0,normal,0.000000,0.094363,0.067277
miss_detection,45.0,50.0,100.0,110.0,constant,1.000000,,
distal,45.0,50.0,100.0,110.0,normal,0.000000,0.109864,0.074604
perpendicular,45.0,50.0,100.0,110.0,normal,0.000000,0.134888,0.089462
height,45.0,50.0,100.0,110.0,normal,0.000000,0.107713,0.072683
yaw,45.0,50.0,100.0,110.0,normal,0.000000,0.369488,0.103646
width,45.0,50.0,100.0,110.0,normal,0.000000,0.101019,0.074218
length,45.0,50.0,100.0,110.0,normal,0.000000,0.167888,0.112348
box_height,45.0,50.0,100.0,110.0,normal,0.000000,0.094363,0.067277
miss_detection,45.0,50.0,110.0,120.0,constant,1.000000,,
distal,45.0,50.0,110.0,120.0,normal,0.000000,0.109864,0.074604
perpendicular,45.0,50.0,110.0,120.0,normal,0.000000,0.134888,0.089462
height,45.0,50.0,110.0,120.0,normal,0.000000,0.107713,0.072683
yaw,45.0,50.0,110.0,120.0,normal,0.000000,0.369488,0.103646
width,45.0,50.0,110.0,120.0,normal,0.000000,0.101019,0.074218
length,45.0,50.0,110.0,120.0,normal,0.000000,0.167888,0.112348
box_height,45.0,50.0,110.0,120.0,normal,0.000000,0.094363,0.067277
miss_detection,45.0,50.0,120.0,130.0,constant,1.000000,,
distal,45.0,50.0,120.0,130.0,normal,0.000000,0.109864,0.074604
perpendicular,45.0,50.0,120.0,130.0,normal,0.000000,0.134888,0.089462
height,45.0,50.0,120.0,130.0,normal,0.000000,0.107713,0.072683
yaw,45.0,50.0,120.0,130.0,normal,0.000000,0.369488,0.103646
width,45.0,50.0,120.0,130.0,normal,0.000000,0.101019,0.074218
length,45.0,50.0,120.0,130.0,normal,0.000000,0.167888,0.112348
box_height,45.0,50.0,120.0,130.0,normal,0.000000,0.094363,0.067277
miss_detection,45.0,50.0,130.0,140.0,constant,1.000000,,
distal,45.0,50.0,130.0,140.0,normal,0.000000,0.109864,0.074604
perpendicular,45.0,50.0,130.0,140.0,normal,0.000000,0.134888,0.089462
height,45.0,50.0,130.0,140.0,normal,0.000000,0.107713,0.072683
yaw,45.0,50.0,130.0,140.0,normal,0.000000,0.369488,0.103646
width,45.0,50.0,130.0,140.0,normal,0.000000,0.101019,0.074218
length,45.0,50.0,130.0,140.0,normal,0.000000,0.167888,0.112348
box_height,45.0,50.0,130.0,140.0,normal,0.000000,0.094363,0.067277
miss_detection,45.0,50.0,140.0,150.0,constant,1.000000,,
distal,45.0,50.0,140.0,150.0,normal,0.000000,0.109864,0.074604
perpendicular,45.0,50.0,140.0,150.0,normal,0.000000,0.134888,0.089462
height,45.0,50.0,140.0,150.0,normal,0.000000,0.107713,0.072683
yaw,45.0,50.0,140.0,150.0,normal,0.000000,0.369488,0.103646
width,45.0,50.0,140.0,150.0,normal,0.000000,0.101019,0.074218
length,45.0,50.0,140.0,150.0,normal,0.000000,0.167888,0.112348
box_height,45.0,50.0,140.0,150.0,normal,0.000000,0.094363,0.067277
miss_detection,45.0,50.0,150.0,160.0,constant,1.000000,,
distal,45.0,50.0,150.0,160.0,normal,0.000000,0.109864,0.074604
perpendicular,45.0,50.0,150.0,160.0,normal,0.000000,0.134888,0.089462
height,45.0,50.0,150.0,160.0,normal,0.000000,0.107713,0.072683
yaw,45.0,50.0,150.0,160.0,normal,0.000000,0.369488,0.103646
width,45.0,50.0,150.0,160.0,normal,0.000000,0.101019,0.074218
length,45.0,50.0,150.0,160.0,normal,0.000000,0.167888,0.112348
box_height,45.0,50.0,150.0,160.0,normal,0.000000,0.094363,0.067277
miss_detection,45.0,50.0,160.0,170.0,constant,1.000000,,
distal,45.0,50.0,160.0,170.0,normal,0.000000,0.109864,0.074604
perpendicular,45.0,50.0,160.0,170.0,normal,0.000000,0.134888,0.089462
height,45.0,50.0,160.0,170.0,normal,0.000000,0.107713,0.072683
yaw,45.0,50.0,160.0,170.0,normal,0.000000,0.369488,0.103646
width,45.0,50.0,160.0,170.0,normal,0.000000,0.101019,0.074218
length,45.0,50.0,160.0,170.0,normal,0.000000,0.167888,0.112348
box_height,45.0,50.0,160.0,170.0,normal,0.000000,0.094363,0.067277
miss_detection,45.0,50.0,170.0,180.0,constant,1.000000,,
distal,45.0,50.0,170.0,180.0,normal,0.000000,0.109864,0.074604
perpendicular,45.0,50.0,170.0,180.0,normal,0.000000,0.134888,0.089462
height,45.0,50.0,170.0,180.0,normal,0.000000,0.107713,0.072683
yaw,45.0,50.0,170.0,180.0,normal,0.000000,0.369488,0.103646
width,45.0,50.0,170.0,180.0,normal,0.000000,0.101019,0.074218
length,45.0,50.0,170.0,180.0,normal,0.000000,0.167888,0.112348
box_height,45.0,50.0,170.0,180.0,normal,0.000000,0.094363,0.067277
miss_detection,50.0,55.0,-180.0,-170.0,constant,1.000000,,
distal,50.0,55.0,-180.0,-170.0,normal,0.000000,0.109864,0.074604
perpendicular,50.0,55.0,-180.0,-170.0,normal,0.000000,0.134888,0.089462
height,50.0,55.0,-180.0,-170.0,normal,0.000000,0.107713,0.072683
yaw,50.0,55.0,-180.0,-170.0,normal,0.000000,0.369488,0.103646
width,50.0,55.0,-180.0,-170.0,normal,0.000000,0.101019,0.074218
length,50.0,55.0,-180.0,-170.0,normal,0.000000,0.167888,0.112348
box_height,50.0,55.0,-180.0,-170.0,normal,0.000000,0.094363,0.067277
miss_detection,50.0,55.0,-170.0,-160.0,constant,1.000000,,
distal,50.0,55.0,-170.0,-160.0,normal,0.000000,0.109864,0.074604
perpendicular,50.0,55.0,-170.0,-160.0,normal,0.000000,0.134888,0.089462
height,50.0,55.0,-170.0,-160.0,normal,0.000000,0.107713,0.072683
yaw,50.0,55.0,-170.0,-160.0,normal,0.000000,0.369488,0.103646
width,50.0,55.0,-170.0,-160.0,normal,0.000000,0.101019,0.074218
length,50.0,55.0,-170.0,-160.0,normal,0.000000,0.167888,0.112348
box_height,50.0,55.0,-170.0,-160.0,normal,0.000000,0.094363,0.067277
miss_detection,50.0,55.0,-160.0,-150.0,constant,1.000000,,
distal,50.0,55.0,-160.0,-150.0,normal,0.000000,0.109864,0.074604
perpendicular,50.0,55.0,-160.0,-150.0,normal,0.000000,0.134888,0.089462
height,50.0,55.0,-160.0,-150.0,normal,0.000000,0.107713,0.072683
yaw,50.0,55.0,-160.0,-150.0,normal,0.000000,0.369488,0.103646
width,50.0,55.0,-160.0,-150.0,normal,0.000000,0.101019,0.074218
length,50.0,55.0,-160.0,-150.0,normal,0.000000,0.167888,0.112348
box_height,50.0,55.0,-160.0,-150.0,normal,0.000000,0.094363,0.067277
miss_detection,50.0,55.0,-150.0,-140.0,constant,1.000000,,
distal,50.0,55.0,-150.0,-140.0,normal,0.000000,0.109864,0.074604
perpendicular,50.0,55.0,-150.0,-140.0,normal,0.000000,0.134888,0.089462
height,50.0,55.0,-150.0,-140.0,normal,0.000000,0.107713,0.072683
yaw,50.0,55.0,-150.0,-140.0,normal,0.000000,0.369488,0.103646
width,50.0,55.0,-150.0,-140.0,normal,0.000000,0.101019,0.074218
length,50.0,55.0,-150.0,-140.0,normal,0.000000,0.167888,0.112348
box_height,50.0,55.0,-150.0,-140.0,normal,0.000000,0.094363,0.067277
miss_detection,50.0,55.0,-140.0,-130.0,constant,1.000000,,
distal,50.0,55.0,-140.0,-130.0,normal,0.000000,0.109864,0.074604
perpendicular,50.0,55.0,-140.0,-130.0,normal,0.000000,0.134888,0.089462
height,50.0,55.0,-140.0,-130.0,normal,0.000000,0.107713,0.072683
yaw,50.0,55.0,-140.0,-130.0,normal,0.000000,0.369488,0.103646
width,50.0,55.0,-140.0,-130.0,normal,0.000000,0.101019,0.074218
length,50.0,55.0,-140.0,-130.0,normal,0.000000,0.167888,0.112348
box_height,50.0,55.0,-140.0,-130.0,normal,0.000000,0.094363,0.067277
miss_detection,50.0,55.0,-130.0,-120.0,constant,1.000000,,
distal,50.0,55.0,-130.0,-120.0,normal,0.000000,0.109864,0.074604
perpendicular,50.0,55.0,-130.0,-120.0,normal,0.000000,0.134888,0.089462
height,50.0,55.0,-130.0,-120.0,normal,0.000000,0.107713,0.072683
yaw,50.0,55.0,-130.0,-120.0,normal,0.000000,0.369488,0.103646
width,50.0,55.0,-130.0,-120.0,normal,0.000000,0.101019,0.074218
length,50.0,55.0,-130.0,-120.0,normal,0.000000,0.167888,0.112348
box_height,50.0,55.0,-130.0,-120.0,normal,0.000000,0.094363,0.067277
miss_detection,50.0,55.0,-120.0,-110.0,constant,1.000000,,
distal,50.0,55.0,-120.0,-110.0,normal,0.000000,0.109864,0.074604
perpendicular,50.0,55.0,-120.0,-110.0,normal,0.000000,0.134888,0.089462
height,50.0,55.0,-120.0,-110.0,normal,0.000000,0.107713,0.072683
yaw,50.0,55.0,-120.0,-110.0,normal,0.000000,0.369488,0.103646
width,50.0,55.0,-120.0,-110.0,normal,0.000000,0.101019,0.074218
length,50.0,55.0,-120.0,-110.0,normal,0.000000,0.167888,0.112348
box_height,50.0,55.0,-120.0,-110.0,normal,0.000000,0.094363,0.067277
miss_detection,50.0,55.0,-110.0,-100.0,constant,1.000000,,
distal,50.0,55.0,-110.0,-100.0,normal,0.000000,0.109864,0.074604
perpendicular,50.0,55.0,-110.0,-100.0,normal,0.000000,0.134888,0.089462
height,50.0,55.0,-110.0,-100.0,normal,0.000000,0.107713,0.072683
yaw,50.0,55.0,-110.0,-100.0,normal,0.000000,0.369488,0.103646
width,50.0,55.0,-110.0,-100.0,normal,0.000000,0.101019,0.074218
length,50.0,55.0,-110.0,-100.0,normal,0.000000,0.167888,0.112348
box_height,50.0,55.0,-110.0,-100.0,normal,0.000000,0.094363,0.067277
miss_detection,50.0,55.0,-100.0,-90.0,constant,1.000000,,
distal,50.0,55.0,-100.0,-90.0,normal,0.000000,0.109864,0.074604
perpendicular,50.0,55.0,-100.0,-90.0,normal,0.000000,0.134888,0.089462
height,50.0,55.0,-100.0,-90.0,normal,0.000000,0.107713,0.072683
yaw,50.0,55.0,-100.0,-90.0,normal,0.000000,0.369488,0.103646
width,50.0,55.0,-100.0,-90.0,normal,0.000000,0.101019,0.074218
length,50.0,55.0,-100.0,-90.0,normal,0.000000,0.167888,0.112348
box_height,50.0,55.0,-100.0,-90.0,normal,0.000000,0.094363,0.067277
miss_detection,50.0,55.0,-90.0,-80.0,constant,1.000000,,
distal,50.0,55.0,-90.0,-80.0,normal,0.000000,0.109864,0.074604
perpendicular,50.0,55.0,-90.0,-80.0,normal,0.000000,0.134888,0.089462
height,50.0,55.0,-90.0,-80.0,normal,0.000000,0.107713,0.072683
yaw,50.0,55.0,-90.0,-80.0,normal,0.000000,0.369488,0.103646
width,50.0,55.0,-90.0,-80.0,normal,0.000000,0.101019,0.074218
length,50.0,55.0,-90.0,-80.0,normal,0.000000,0.167888,0.112348
box_height,50.0,55.0,-90.0,-80.0,normal,0.000000,0.094363,0.067277
miss_detection,50.0,55.0,-80.0,-70.0,constant,1.000000,,
distal,50.0,55.0,-80.0,-70.0,normal,0.000000,0.109864,0.074604
perpendicular,50.0,55.0,-80.0,-70.0,normal,0.000000,0.134888,0.089462
height,50.0,55.0,-80.0,-70.0,normal,0.000000,0.107713,0.072683
yaw,50.0,55.0,-80.0,-70.0,normal,0.000000,0.369488,0.103646
width,50.0,55.0,-80.0,-70.0,normal,0.000000,0.101019,0.074218
length,50.0,55.0,-80.0,-70.0,normal,0.000000,0.167888,0.112348
box_height,50.0,55.0,-80.0,-70.0,normal,0.000000,0.094363,0.067277
miss_detection,50.0,55.0,-70.0,-60.0,constant,1.000000,,
distal,50.0,55.0,-70.0,-60.0,normal,0.000000,0.109864,0.074604
perpendicular,50.0,55.0,-70.0,-60.0,normal,0.000000,0.134888,0.089462
height,50.0,55.0,-70.0,-60.0,normal,0.000000,0.107713,0.072683
yaw,50.0,55.0,-70.0,-60.0,normal,0.000000,0.369488,0.103646
width,50.0,55.0,-70.0,-60.0,normal,0.000000,0.101019,0.074218
length,50.0,55.0,-70.0,-60.0,normal,0.000000,0.167888,0.112348
box_height,50.0,55.0,-70.0,-60.0,normal,0.000000,0.094363,0.067277
miss_detection,50.0,55.0,-60.0,-50.0,constant,1.000000,,
distal,50.0,55.0,-60.0,-50.0,normal,0.000000,0.109864,0.074604
perpendicular,50.0,55.0,-60.0,-50.0,normal,0.000000,0.134888,0.089462
height,50.0,55.0,-60.0,-50.0,normal,0.000000,0.107713,0.072683
yaw,50.0,55.0,-60.0,-50.0,normal,0.000000,0.369488,0.103646
width,50.0,55.0,-60.0,-50.0,normal,0.000000,0.101019,0.074218
length,50.0,55.0,-60.0,-50.0,normal,0.000000,0.167888,0.112348
box_height,50.0,55.0,-60.0,-50.0,normal,0.000000,0.094363,0.067277
miss_detection,50.0,55.0,-50.0,-40.0,constant,1.000000,,
distal,50.0,55.0,-50.0,-40.0,normal,0.000000,0.109864,0.074604
perpendicular,50.0,55.0,-50.0,-40.0,normal,0.000000,0.134888,0.089462
height,50.0,55.0,-50.0,-40.0,normal,0.000000,0.107713,0.072683
yaw,50.0,55.0,-50.0,-40.0,normal,0.000000,0.369488,0.103646
width,50.0,55.0,-50.0,-40.0,normal,0.000000,0.101019,0.074218
length,50.0,55.0,-50.0,-40.0,normal,0.000000,0.167888,0.112348
box_height,50.0,55.0,-50.0,-40.0,normal,0.000000,0.094363,0.067277
miss_detection,50.0,55.0,-40.0,-30.0,constant,1.000000,,
distal,50.0,55.0,-40.0,-30.0,normal,0.000000,0.109864,0.074604
perpendicular,50.0,55.0,-40.0,-30.0,normal,0.000000,0.134888,0.089462
height,50.0,55.0,-40.0,-30.0,normal,0.000000,0.107713,0.072683
yaw,50.0,55.0,-40.0,-30.0,normal,0.000000,0.369488,0.103646
width,50.0,55.0,-40.0,-30.0,normal,0.000000,0.101019,0.074218
length,50.0,55.0,-40.0,-30.0,normal,0.000000,0.167888,0.112348
box_height,50.0,55.0,-40.0,-30.0,normal,0.000000,0.094363,0.067277
miss_detection,50.0,55.0,-30.0,-20.0,constant,0.833333,,
distal,50.0,55.0,-30.0,-20.0,normal,0.000000,0.196183,0.165273
perpendicular,50.0,55.0,-30.0,-20.0,normal,0.000000,0.325556,0.305602
height,50.0,55.0,-30.0,-20.0,normal,0.000000,0.075889,0.094263
yaw,50.0,55.0,-30.0,-20.0,normal,0.000000,1.399925,1.077975
width,50.0,55.0,-30.0,-20.0,normal,0.000000,0.091321,0.093407
length,50.0,55.0,-30.0,-20.0,normal,0.000000,0.189258,0.174622
box_height,50.0,55.0,-30.0,-20.0,normal,0.000000,0.129102,0.162848
miss_detection,50.0,55.0,-20.0,-10.0,constant,0.123932,,
distal,50.0,55.0,-20.0,-10.0,normal,0.000000,0.078150,0.063163
perpendicular,50.0,55.0,-20.0,-10.0,normal,0.000000,0.120519,0.082543
height,50.0,55.0,-20.0,-10.0,normal,0.000000,0.056220,0.042956
yaw,50.0,55.0,-20.0,-10.0,normal,0.000000,0.653510,0.177069
width,50.0,55.0,-20.0,-10.0,normal,0.000000,0.119363,0.092549
length,50.0,55.0,-20.0,-10.0,normal,0.000000,0.182377,0.125844
box_height,50.0,55.0,-20.0,-10.0,normal,0.000000,0.091353,0.070712
miss_detection,50.0,55.0,-10.0,0.0,constant,0.079832,,
distal,50.0,55.0,-10.0,0.0,normal,0.000000,0.124328,0.080853
perpendicular,50.0,55.0,-10.0,0.0,normal,0.000000,0.155948,0.092872
height,50.0,55.0,-10.0,0.0,normal,0.000000,0.071908,0.053028
yaw,50.0,55.0,-10.0,0.0,normal,0.000000,0.515496,0.140086
width,50.0,55.0,-10.0,0.0,normal,0.000000,0.099061,0.081626
length,50.0,55.0,-10.0,0.0,normal,0.000000,0.169155,0.117715
box_height,50.0,55.0,-10.0,0.0,normal,0.000000,0.096947,0.069177
miss_detection,50.0,55.0,0.0,10.0,constant,0.115044,,
distal,50.0,55.0,0.0,10.0,normal,0.000000,0.127282,0.089948
perpendicular,50.0,55.0,0.0,10.0,normal,0.000000,0.146425,0.088965
height,50.0,55.0,0.0,10.0,normal,0.000000,0.078712,0.061948
yaw,50.0,55.0,0.0,10.0,normal,0.000000,0.448065,0.119586
width,50.0,55.0,0.0,10.0,normal,0.000000,0.105385,0.076879
length,50.0,55.0,0.0,10.0,normal,0.000000,0.125075,0.093035
box_height,50.0,55.0,0.0,10.0,normal,0.000000,0.089226,0.064805
miss_detection,50.0,55.0,10.0,20.0,constant,0.000000,,
distal,50.0,55.0,10.0,20.0,normal,0.000000,0.079960,0.059191
perpendicular,50.0,55.0,10.0,20.0,normal,0.000000,0.074167,0.052689
height,50.0,55.0,10.0,20.0,normal,0.000000,0.055842,0.039007
yaw,50.0,55.0,10.0,20.0,normal,0.000000,1.319586,0.581843
width,50.0,55.0,10.0,20.0,normal,0.000000,0.092145,0.070208
length,50.0,55.0,10.0,20.0,normal,0.000000,0.143798,0.110343
box_height,50.0,55.0,10.0,20.0,normal,0.000000,0.061366,0.050637
miss_detection,50.0,55.0,20.0,30.0,constant,0.576923,,
distal,50.0,55.0,20.0,30.0,normal,0.000000,0.366006,0.314740
perpendicular,50.0,55.0,20.0,30.0,normal,0.000000,0.177262,0.151303
height,50.0,55.0,20.0,30.0,normal,0.000000,0.121769,0.105590
yaw,50.0,55.0,20.0,30.0,normal,0.000000,0.075946,0.067570
width,50.0,55.0,20.0,30.0,normal,0.000000,0.146723,0.091359
length,50.0,55.0,20.0,30.0,normal,0.000000,0.394104,0.333399
box_height,50.0,55.0,20.0,30.0,normal,0.000000,0.201064,0.135492
miss_detection,50.0,55.0,30.0,40.0,constant,1.000000,,
distal,50.0,55.0,30.0,40.0,normal,0.000000,0.109864,0.074604
perpendicular,50.0,55.0,30.0,40.0,normal,0.000000,0.134888,0.089462
height,50.0,55.0,30.0,40.0,normal,0.000000,0.107713,0.072683
yaw,50.0,55.0,30.0,40.0,normal,0.000000,0.369488,0.103646
width,50.0,55.0,30.0,40.0,normal,0.000000,0.101019,0.074218
length,50.0,55.0,30.0,40.0,normal,0.000000,0.167888,0.112348
box_height,50.0,55.0,30.0,40.0,normal,0.000000,0.094363,0.067277
miss_detection,50.0,55.0,40.0,50.0,constant,1.000000,,
distal,50.0,55.0,40.0,50.0,normal,0.000000,0.109864,0.074604
perpendicular,50.0,55.0,40.0,50.0,normal,0.000000,0.134888,0.089462
height,50.0,55.0,40.0,50.0,normal,0.000000,0.107713,0.072683
yaw,50.0,55.0,40.0,50.0,normal,0.000000,0.369488,0.103646
width,50.0,55.0,40.0,50.0,normal,0.000000,0.101019,0.074218
length,50.0,55.0,40.0,50.0,normal,0.000000,0.167888,0.112348
box_height,50.0,55.0,40.0,50.0,normal,0.000000,0.094363,0.067277
miss_detection,50.0,55.0,50.0,60.0,constant,1.000000,,
distal,50.0,55.0,50.0,60.0,normal,0.000000,0.109864,0.074604
perpendicular,50.0,55.0,50.0,60.0,normal,0.000000,0.134888,0.089462
height,50.0,55.0,50.0,60.0,normal,0.000000,0.107713,0.072683
yaw,50.0,55.0,50.0,60.0,normal,0.000000,0.369488,0.103646
width,50.0,55.0,50.0,60.0,normal,0.000000,0.101019,0.074218
length,50.0,55.0,50.0,60.0,normal,0.000000,0.167888,0.112348
box_height,50.0,55.0,50.0,60.0,normal,0.000000,0.094363,0.067277
miss_detection,50.0,55.0,60.0,70.0,constant,1.000000,,
distal,50.0,55.0,60.0,70.0,normal,0.000000,0.109864,0.074604
perpendicular,50.0,55.0,60.0,70.0,normal,0.000000,0.134888,0.089462
height,50.0,55.0,60.0,70.0,normal,0.000000,0.107713,0.072683
yaw,50.0,55.0,60.0,70.0,normal,0.000000,0.369488,0.103646
width,50.0,55.0,60.0,70.0,normal,0.000000,0.101019,0.074218
length,50.0,55.0,60.0,70.0,normal,0.000000,0.167888,0.112348
box_height,50.0,55.0,60.0,70.0,normal,0.000000,0.094363,0.067277
miss_detection,50.0,55.0,70.0,80.0,constant,1.000000,,
distal,50.0,55.0,70.0,80.0,normal,0.000000,0.109864,0.074604
perpendicular,50.0,55.0,70.0,80.0,normal,0.000000,0.134888,0.089462
height,50.0,55.0,70.0,80.0,normal,0.000000,0.107713,0.072683
yaw,50.0,55.0,70.0,80.0,normal,0.000000,0.369488,0.103646
width,50.0,55.0,70.0,80.0,normal,0.000000,0.101019,0.074218
length,50.0,55.0,70.0,80.0,normal,0.000000,0.167888,0.112348
box_height,50.0,55.0,70.0,80.0,normal,0.000000,0.094363,0.067277
miss_detection,50.0,55.0,80.0,90.0,constant,1.000000,,
distal,50.0,55.0,80.0,90.0,normal,0.000000,0.109864,0.074604
perpendicular,50.0,55.0,80.0,90.0,normal,0.000000,0.134888,0.089462
height,50.0,55.0,80.0,90.0,normal,0.000000,0.107713,0.072683
yaw,50.0,55.0,80.0,90.0,normal,0.000000,0.369488,0.103646
width,50.0,55.0,80.0,90.0,normal,0.000000,0.101019,0.074218
length,50.0,55.0,80.0,90.0,normal,0.000000,0.167888,0.112348
box_height,50.0,55.0,80.0,90.0,normal,0.000000,0.094363,0.067277
miss_detection,50.0,55.0,90.0,100.0,constant,1.000000,,
distal,50.0,55.0,90.0,100.0,normal,0.000000,0.109864,0.074604
perpendicular,50.0,55.0,90.0,100.0,normal,0.000000,0.134888,0.089462
height,50.0,55.0,90.0,100.0,normal,0.000000,0.107713,0.072683
yaw,50.0,55.0,90.0,100.0,normal,0.000000,0.369488,0.103646
width,50.0,55.0,90.0,100.0,normal,0.000000,0.101019,0.074218
length,50.0,55.0,90.0,100.0,normal,0.000000,0.167888,0.112348
box_height,50.0,55.0,90.0,100.0,normal,0.000000,0.094363,0.067277
miss_detection,50.0,55.0,100.0,110.0,constant,1.000000,,
distal,50.0,55.0,100.0,110.0,normal,0.000000,0.109864,0.074604
perpendicular,50.0,55.0,100.0,110.0,normal,0.000000,0.134888,0.089462
height,50.0,55.0,100.0,110.0,normal,0.000000,0.107713,0.072683
yaw,50.0,55.0,100.0,110.0,normal,0.000000,0.369488,0.103646
width,50.0,55.0,100.0,110.0,normal,0.000000,0.101019,0.074218
length,50.0,55.0,100.0,110.0,normal,0.000000,0.167888,0.112348
box_height,50.0,55.0,100.0,110.0,normal,0.000000,0.094363,0.067277
miss_detection,50.0,55.0,110.0,120.0,constant,1.000000,,
distal,50.0,55.0,110.0,120.0,normal,0.000000,0.109864,0.074604
perpendicular,50.0,55.0,110.0,120.0,normal,0.000000,0.134888,0.089462
height,50.0,55.0,110.0,120.0,normal,0.000000,0.107713,0.072683
yaw,50.0,55.0,110.0,120.0,normal,0.000000,0.369488,0.103646
width,50.0,55.0,110.0,120.0,normal,0.000000,0.101019,0.074218
length,50.0,55.0,110.0,120.0,normal,0.000000,0.167888,0.112348
box_height,50.0,55.0,110.0,120.0,normal,0.000000,0.094363,0.067277
miss_detection,50.0,55.0,120.0,130.0,constant,1.000000,,
distal,50.0,55.0,120.0,130.0,normal,0.000000,0.109864,0.074604
perpendicular,50.0,55.0,120.0,130.0,normal,0.000000,0.134888,0.089462
height,50.0,55.0,120.0,130.0,normal,0.000000,0.107713,0.072683
yaw,50.0,55.0,120.0,130.0,normal,0.000000,0.369488,0.103646
width,50.0,55.0,120.0,130.0,normal,0.000000,0.101019,0.074218
length,50.0,55.0,120.0,130.0,normal,0.000000,0.167888,0.112348
box_height,50.0,55.0,120.0,130.0,normal,0.000000,0.094363,0.067277
miss_detection,50.0,55.0,130.0,140.0,constant,1.000000,,
distal,50.0,55.0,130.0,140.0,normal,0.000000,0.109864,0.074604
perpendicular,50.0,55.0,130.0,140.0,normal,0.000000,0.134888,0.089462
height,50.0,55.0,130.0,140.0,normal,0.000000,0.107713,0.072683
yaw,50.0,55.0,130.0,140.0,normal,0.000000,0.369488,0.103646
width,50.0,55.0,130.0,140.0,normal,0.000000,0.101019,0.074218
length,50.0,55.0,130.0,140.0,normal,0.000000,0.167888,0.112348
box_height,50.0,55.0,130.0,140.0,normal,0.000000,0.094363,0.067277
miss_detection,50.0,55.0,140.0,150.0,constant,1.000000,,
distal,50.0,55.0,140.0,150.0,normal,0.000000,0.109864,0.074604
perpendicular,50.0,55.0,140.0,150.0,normal,0.000000,0.134888,0.089462
height,50.0,55.0,140.0,150.0,normal,0.000000,0.107713,0.072683
yaw,50.0,55.0,140.0,150.0,normal,0.000000,0.369488,0.103646
width,50.0,55.0,140.0,150.0,normal,0.000000,0.101019,0.074218
length,50.0,55.0,140.0,150.0,normal,0.000000,0.167888,0.112348
box_height,50.0,55.0,140.0,150.0,normal,0.000000,0.094363,0.067277
miss_detection,50.0,55.0,150.0,160.0,constant,1.000000,,
distal,50.0,55.0,150.0,160.0,normal,0.000000,0.109864,0.074604
perpendicular,50.0,55.0,150.0,160.0,normal,0.000000,0.134888,0.089462
height,50.0,55.0,150.0,160.0,normal,0.000000,0.107713,0.072683
yaw,50.0,55.0,150.0,160.0,normal,0.000000,0.369488,0.103646
width,50.0,55.0,150.0,160.0,normal,0.000000,0.101019,0.074218
length,50.0,55.0,150.0,160.0,normal,0.000000,0.167888,0.112348
box_height,50.0,55.0,150.0,160.0,normal,0.000000,0.094363,0.067277
miss_detection,50.0,55.0,160.0,170.0,constant,1.000000,,
distal,50.0,55.0,160.0,170.0,normal,0.000000,0.109864,0.074604
perpendicular,50.0,55.0,160.0,170.0,normal,0.000000,0.134888,0.089462
height,50.0,55.0,160.0,170.0,normal,0.000000,0.107713,0.072683
yaw,50.0,55.0,160.0,170.0,normal,0.000000,0.369488,0.103646
width,50.0,55.0,160.0,170.0,normal,0.000000,0.101019,0.074218
length,50.0,55.0,160.0,170.0,normal,0.000000,0.167888,0.112348
box_height,50.0,55.0,160.0,170.0,normal,0.000000,0.094363,0.067277
miss_detection,50.0,55.0,170.0,180.0,constant,1.000000,,
distal,50.0,55.0,170.0,180.0,normal,0.000000,0.109864,0.074604
perpendicular,50.0,55.0,170.0,180.0,normal,0.000000,0.134888,0.089462
height,50.0,55.0,170.0,180.0,normal,0.000000,0.107713,0.072683
yaw,50.0,55.0,170.0,180.0,normal,0.000000,0.369488,0.103646
width,50.0,55.0,170.0,180.0,normal,0.000000,0.101019,0.074218
length,50.0,55.0,170.0,180.0,normal,0.000000,0.167888,0.112348
box_height,50.0,55.0,170.0,180.0,normal,0.000000,0.094363,0.067277
miss_detection,55.0,60.0,-180.0,-170.0,constant,1.000000,,
distal,55.0,60.0,-180.0,-170.0,normal,0.000000,0.109864,0.074604
perpendicular,55.0,60.0,-180.0,-170.0,normal,0.000000,0.134888,0.089462
height,55.0,60.0,-180.0,-170.0,normal,0.000000,0.107713,0.072683
yaw,55.0,60.0,-180.0,-170.0,normal,0.000000,0.369488,0.103646
width,55.0,60.0,-180.0,-170.0,normal,0.000000,0.101019,0.074218
length,55.0,60.0,-180.0,-170.0,normal,0.000000,0.167888,0.112348
box_height,55.0,60.0,-180.0,-170.0,normal,0.000000,0.094363,0.067277
miss_detection,55.0,60.0,-170.0,-160.0,constant,1.000000,,
distal,55.0,60.0,-170.0,-160.0,normal,0.000000,0.109864,0.074604
perpendicular,55.0,60.0,-170.0,-160.0,normal,0.000000,0.134888,0.089462
height,55.0,60.0,-170.0,-160.0,normal,0.000000,0.107713,0.072683
yaw,55.0,60.0,-170.0,-160.0,normal,0.000000,0.369488,0.103646
width,55.0,60.0,-170.0,-160.0,normal,0.000000,0.101019,0.074218
length,55.0,60.0,-170.0,-160.0,normal,0.000000,0.167888,0.112348
box_height,55.0,60.0,-170.0,-160.0,normal,0.000000,0.094363,0.067277
miss_detection,55.0,60.0,-160.0,-150.0,constant,1.000000,,
distal,55.0,60.0,-160.0,-150.0,normal,0.000000,0.109864,0.074604
perpendicular,55.0,60.0,-160.0,-150.0,normal,0.000000,0.134888,0.089462
height,55.0,60.0,-160.0,-150.0,normal,0.000000,0.107713,0.072683
yaw,55.0,60.0,-160.0,-150.0,normal,0.000000,0.369488,0.103646
width,55.0,60.0,-160.0,-150.0,normal,0.000000,0.101019,0.074218
length,55.0,60.0,-160.0,-150.0,normal,0.000000,0.167888,0.112348
box_height,55.0,60.0,-160.0,-150.0,normal,0.000000,0.094363,0.067277
miss_detection,55.0,60.0,-150.0,-140.0,constant,1.000000,,
distal,55.0,60.0,-150.0,-140.0,normal,0.000000,0.109864,0.074604
perpendicular,55.0,60.0,-150.0,-140.0,normal,0.000000,0.134888,0.089462
height,55.0,60.0,-150.0,-140.0,normal,0.000000,0.107713,0.072683
yaw,55.0,60.0,-150.0,-140.0,normal,0.000000,0.369488,0.103646
width,55.0,60.0,-150.0,-140.0,normal,0.000000,0.101019,0.074218
length,55.0,60.0,-150.0,-140.0,normal,0.000000,0.167888,0.112348
box_height,55.0,60.0,-150.0,-140.0,normal,0.000000,0.094363,0.067277
miss_detection,55.0,60.0,-140.0,-130.0,constant,1.000000,,
distal,55.0,60.0,-140.0,-130.0,normal,0.000000,0.109864,0.074604
perpendicular,55.0,60.0,-140.0,-130.0,normal,0.000000,0.134888,0.089462
height,55.0,60.0,-140.0,-130.0,normal,0.000000,0.107713,0.072683
yaw,55.0,60.0,-140.0,-130.0,normal,0.000000,0.369488,0.103646
width,55.0,60.0,-140.0,-130.0,normal,0.000000,0.101019,0.074218
length,55.0,60.0,-140.0,-130.0,normal,0.000000,0.167888,0.112348
box_height,55.0,60.0,-140.0,-130.0,normal,0.000000,0.094363,0.067277
miss_detection,55.0,60.0,-130.0,-120.0,constant,1.000000,,
distal,55.0,60.0,-130.0,-120.0,normal,0.000000,0.109864,0.074604
perpendicular,55.0,60.0,-130.0,-120.0,normal,0.000000,0.134888,0.089462
height,55.0,60.0,-130.0,-120.0,normal,0.000000,0.107713,0.072683
yaw,55.0,60.0,-130.0,-120.0,normal,0.000000,0.369488,0.103646
width,55.0,60.0,-130.0,-120.0,normal,0.000000,0.101019,0.074218
length,55.0,60.0,-130.0,-120.0,normal,0.000000,0.167888,0.112348
box_height,55.0,60.0,-130.0,-120.0,normal,0.000000,0.094363,0.067277
miss_detection,55.0,60.0,-120.0,-110.0,constant,1.000000,,
distal,55.0,60.0,-120.0,-110.0,normal,0.000000,0.109864,0.074604
perpendicular,55.0,60.0,-120.0,-110.0,normal,0.000000,0.134888,0.089462
height,55.0,60.0,-120.0,-110.0,normal,0.000000,0.107713,0.072683
yaw,55.0,60.0,-120.0,-110.0,normal,0.000000,0.369488,0.103646
width,55.0,60.0,-120.0,-110.0,normal,0.000000,0.101019,0.074218
length,55.0,60.0,-120.0,-110.0,normal,0.000000,0.167888,0.112348
box_height,55.0,60.0,-120.0,-110.0,normal,0.000000,0.094363,0.067277
miss_detection,55.0,60.0,-110.0,-100.0,constant,1.000000,,
distal,55.0,60.0,-110.0,-100.0,normal,0.000000,0.109864,0.074604
perpendicular,55.0,60.0,-110.0,-100.0,normal,0.000000,0.134888,0.089462
height,55.0,60.0,-110.0,-100.0,normal,0.000000,0.107713,0.072683
yaw,55.0,60.0,-110.0,-100.0,normal,0.000000,0.369488,0.103646
width,55.0,60.0,-110.0,-100.0,normal,0.000000,0.101019,0.074218
length,55.0,60.0,-110.0,-100.0,normal,0.000000,0.167888,0.112348
box_height,55.0,60.0,-110.0,-100.0,normal,0.000000,0.094363,0.067277
miss_detection,55.0,60.0,-100.0,-90.0,constant,1.000000,,
distal,55.0,60.0,-100.0,-90.0,normal,0.000000,0.109864,0.074604
perpendicular,55.0,60.0,-100.0,-90.0,normal,0.000000,0.134888,0.089462
height,55.0,60.0,-100.0,-90.0,normal,0.000000,0.107713,0.072683
yaw,55.0,60.0,-100.0,-90.0,normal,0.000000,0.369488,0.103646
width,55.0,60.0,-100.0,-90.0,normal,0.000000,0.101019,0.074218
length,55.0,60.0,-100.0,-90.0,normal,0.000000,0.167888,0.112348
box_height,55.0,60.0,-100.0,-90.0,normal,0.000000,0.094363,0.067277
miss_detection,55.0,60.0,-90.0,-80.0,constant,1.000000,,
distal,55.0,60.0,-90.0,-80.0,normal,0.000000,0.109864,0.074604
perpendicular,55.0,60.0,-90.0,-80.0,normal,0.000000,0.134888,0.089462
height,55.0,60.0,-90.0,-80.0,normal,0.000000,0.107713,0.072683
yaw,55.0,60.0,-90.0,-80.0,normal,0.000000,0.369488,0.103646
width,55.0,60.0,-90.0,-80.0,normal,0.000000,0.101019,0.074218
length,55.0,60.0,-90.0,-80.0,normal,0.000000,0.167888,0.112348
box_height,55.0,60.0,-90.0,-80.0,normal,0.000000,0.094363,0.067277
miss_detection,55.0,60.0,-80.0,-70.0,constant,1.000000,,
distal,55.0,60.0,-80.0,-70.0,normal,0.000000,0.109864,0.074604
perpendicular,55.0,60.0,-80.0,-70.0,normal,0.000000,0.134888,0.089462
height,55.0,60.0,-80.0,-70.0,normal,0.000000,0.107713,0.072683
yaw,55.0,60.0,-80.0,-70.0,normal,0.000000,0.369488,0.103646
width,55.0,60.0,-80.0,-70.0,normal,0.000000,0.101019,0.074218
length,55.0,60.0,-80.0,-70.0,normal,0.000000,0.167888,0.112348
box_height,55.0,60.0,-80.0,-70.0,normal,0.000000,0.094363,0.067277
miss_detection,55.0,60.0,-70.0,-60.0,constant,1.000000,,
distal,55.0,60.0,-70.0,-60.0,normal,0.000000,0.109864,0.074604
perpendicular,55.0,60.0,-70.0,-60.0,normal,0.000000,0.134888,0.089462
height,55.0,60.0,-70.0,-60.0,normal,0.000000,0.107713,0.072683
yaw,55.0,60.0,-70.0,-60.0,normal,0.000000,0.369488,0.103646
width,55.0,60.0,-70.0,-60.0,normal,0.000000,0.101019,0.074218
length,55.0,60.0,-70.0,-60.0,normal,0.000000,0.167888,0.112348
box_height,55.0,60.0,-70.0,-60.0,normal,0.000000,0.094363,0.067277
miss_detection,55.0,60.0,-60.0,-50.0,constant,1.000000,,
distal,55.0,60.0,-60.0,-50.0,normal,0.000000,0.109864,0.074604
perpendicular,55.0,60.0,-60.0,-50.0,normal,0.000000,0.134888,0.089462
height,55.0,60.0,-60.0,-50.0,normal,0.000000,0.107713,0.072683
yaw,55.0,60.0,-60.0,-50.0,normal,0.000000,0.369488,0.103646
width,55.0,60.0,-60.0,-50.0,normal,0.000000,0.101019,0.074218
length,55.0,60.0,-60.0,-50.0,normal,0.000000,0.167888,0.112348
box_height,55.0,60.0,-60.0,-50.0,normal,0.000000,0.094363,0.067277
miss_detection,55.0,60.0,-50.0,-40.0,constant,1.000000,,
distal,55.0,60.0,-50.0,-40.0,normal,0.000000,0.109864,0.074604
perpendicular,55.0,60.0,-50.0,-40.0,normal,0.000000,0.134888,0.089462
height,55.0,60.0,-50.0,-40.0,normal,0.000000,0.107713,0.072683
yaw,55.0,60.0,-50.0,-40.0,normal,0.000000,0.369488,0.103646
width,55.0,60.0,-50.0,-40.0,normal,0.000000,0.101019,0.074218
length,55.0,60.0,-50.0,-40.0,normal,0.000000,0.167888,0.112348
box_height,55.0,60.0,-50.0,-40.0,normal,0.000000,0.094363,0.067277
miss_detection,55.0,60.0,-40.0,-30.0,constant,1.000000,,
distal,55.0,60.0,-40.0,-30.0,normal,0.000000,0.109864,0.074604
perpendicular,55.0,60.0,-40.0,-30.0,normal,0.000000,0.134888,0.089462
height,55.0,60.0,-40.0,-30.0,normal,0.000000,0.107713,0.072683
yaw,55.0,60.0,-40.0,-30.0,normal,0.000000,0.369488,0.103646
width,55.0,60.0,-40.0,-30.0,normal,0.000000,0.101019,0.074218
length,55.0,60.0,-40.0,-30.0,normal,0.000000,0.167888,0.112348
box_height,55.0,60.0,-40.0,-30.0,normal,0.000000,0.094363,0.067277
miss_detection,55.0,60.0,-30.0,-20.0,constant,1.000000,,
distal,55.0,60.0,-30.0,-20.0,normal,0.000000,0.109864,0.074604
perpendicular,55.0,60.0,-30.0,-20.0,normal,0.000000,0.134888,0.089462
height,55.0,60.0,-30.0,-20.0,normal,0.000000,0.107713,0.072683
yaw,55.0,60.0,-30.0,-20.0,normal,0.000000,0.369488,0.103646
width,55.0,60.0,-30.0,-20.0,normal,0.000000,0.101019,0.074218
length,55.0,60.0,-30.0,-20.0,normal,0.000000,0.167888,0.112348
box_height,55.0,60.0,-30.0,-20.0,normal,0.000000,0.094363,0.067277
miss_detection,55.0,60.0,-20.0,-10.0,constant,0.151786,,
distal,55.0,60.0,-20.0,-10.0,normal,0.000000,0.092838,0.069738
perpendicular,55.0,60.0,-20.0,-10.0,normal,0.000000,0.173953,0.106503
height,55.0,60.0,-20.0,-10.0,normal,0.000000,0.081406,0.062653
yaw,55.0,60.0,-20.0,-10.0,normal,0.000000,1.189877,0.529767
width,55.0,60.0,-20.0,-10.0,normal,0.000000,0.107610,0.076016
length,55.0,60.0,-20.0,-10.0,normal,0.000000,0.300857,0.203001
box_height,55.0,60.0,-20.0,-10.0,normal,0.000000,0.140698,0.092024
miss_detection,55.0,60.0,-10.0,0.0,constant,0.265060,,
distal,55.0,60.0,-10.0,0.0,normal,0.000000,0.073671,0.057365
perpendicular,55.0,60.0,-10.0,0.0,normal,0.000000,0.151500,0.110641
height,55.0,60.0,-10.0,0.0,normal,0.000000,0.075130,0.054059
yaw,55.0,60.0,-10.0,0.0,normal,0.000000,1.418742,0.698248
width,55.0,60.0,-10.0,0.0,normal,0.000000,0.092939,0.068400
length,55.0,60.0,-10.0,0.0,normal,0.000000,0.140698,0.101247
box_height,55.0,60.0,-10.0,0.0,normal,0.000000,0.091501,0.074525
miss_detection,55.0,60.0,0.0,10.0,constant,0.167442,,
distal,55.0,60.0,0.0,10.0,normal,0.000000,0.094804,0.065736
perpendicular,55.0,60.0,0.0,10.0,normal,0.000000,0.137605,0.082690
height,55.0,60.0,0.0,10.0,normal,0.000000,0.076369,0.057930
yaw,55.0,60.0,0.0,10.0,normal,0.000000,1.055884,0.408874
width,55.0,60.0,0.0,10.0,normal,0.000000,0.113962,0.082537
length,55.0,60.0,0.0,10.0,normal,0.000000,0.143565,0.105892
box_height,55.0,60.0,0.0,10.0,normal,0.000000,0.088619,0.065382
miss_detection,55.0,60.0,10.0,20.0,constant,0.059829,,
distal,55.0,60.0,10.0,20.0,normal,0.000000,0.097623,0.066754
perpendicular,55.0,60.0,10.0,20.0,normal,0.000000,0.078980,0.058878
height,55.0,60.0,10.0,20.0,normal,0.000000,0.057633,0.044256
yaw,55.0,60.0,10.0,20.0,normal,0.000000,1.189604,0.496487
width,55.0,60.0,10.0,20.0,normal,0.000000,0.102909,0.078057
length,55.0,60.0,10.0,20.0,normal,0.000000,0.217736,0.145299
box_height,55.0,60.0,10.0,20.0,normal,0.000000,0.094643,0.069353
miss_detection,55.0,60.0,20.0,30.0,constant,0.575000,,
distal,55.0,60.0,20.0,30.0,normal,0.000000,0.367561,0.244654
perpendicular,55.0,60.0,20.0,30.0,normal,0.000000,0.625822,0.435356
height,55.0,60.0,20.0,30.0,normal,0.000000,0.140314,0.132841
yaw,55.0,60.0,20.0,30.0,normal,0.000000,1.143818,0.653149
width,55.0,60.0,20.0,30.0,normal,0.000000,0.118687,0.074971
length,55.0,60.0,20.0,30.0,normal,0.000000,0.242521,0.184171
box_height,55.0,60.0,20.0,30.0,normal,0.000000,0.117262,0.095230
miss_detection,55.0,60.0,30.0,40.0,constant,1.000000,,
distal,55.0,60.0,30.0,40.0,normal,0.000000,0.109864,0.074604
perpendicular,55.0,60.0,30.0,40.0,normal,0.000000,0.134888,0.089462
height,55.0,60.0,30.0,40.0,normal,0.000000,0.107713,0.072683
yaw,55.0,60.0,30.0,40.0,normal,0.000000,0.369488,0.103646
width,55.0,60.0,30.0,40.0,normal,0.000000,0.101019,0.074218
length,55.0,60.0,30.0,40.0,normal,0.000000,0.167888,0.112348
box_height,55.0,60.0,30.0,40.0,normal,0.000000,0.094363,0.067277
miss_detection,55.0,60.0,40.0,50.0,constant,1.000000,,
distal,55.0,60.0,40.0,50.0,normal,0.000000,0.109864,0.074604
perpendicular,55.0,60.0,40.0,50.0,normal,0.000000,0.134888,0.089462
height,55.0,60.0,40.0,50.0,normal,0.000000,0.107713,0.072683
yaw,55.0,60.0,40.0,50.0,normal,0.000000,0.369488,0.103646
width,55.0,60.0,40.0,50.0,normal,0.000000,0.101019,0.074218
length,55.0,60.0,40.0,50.0,normal,0.000000,0.167888,0.112348
box_height,55.0,60.0,40.0,50.0,normal,0.000000,0.094363,0.067277
miss_detection,55.0,60.0,50.0,60.0,constant,1.000000,,
distal,55.0,60.0,50.0,60.0,normal,0.000000,0.109864,0.074604
perpendicular,55.0,60.0,50.0,60.0,normal,0.000000,0.134888,0.089462
height,55.0,60.0,50.0,60.0,normal,0.000000,0.107713,0.072683
yaw,55.0,60.0,50.0,60.0,normal,0.000000,0.369488,0.103646
width,55.0,60.0,50.0,60.0,normal,0.000000,0.101019,0.074218
length,55.0,60.0,50.0,60.0,normal,0.000000,0.167888,0.112348
box_height,55.0,60.0,50.0,60.0,normal,0.000000,0.094363,0.067277
miss_detection,55.0,60.0,60.0,70.0,constant,1.000000,,
distal,55.0,60.0,60.0,70.0,normal,0.000000,0.109864,0.074604
perpendicular,55.0,60.0,60.0,70.0,normal,0.000000,0.134888,0.089462
height,55.0,60.0,60.0,70.0,normal,0.000000,0.107713,0.072683
yaw,55.0,60.0,60.0,70.0,normal,0.000000,0.369488,0.103646
width,55.0,60.0,60.0,70.0,normal,0.000000,0.101019,0.074218
length,55.0,60.0,60.0,70.0,normal,0.000000,0.167888,0.112348
box_height,55.0,60.0,60.0,70.0,normal,0.000000,0.094363,0.067277
miss_detection,55.0,60.0,70.0,80.0,constant,1.000000,,
distal,55.0,60.0,70.0,80.0,normal,0.000000,0.109864,0.074604
perpendicular,55.0,60.0,70.0,80.0,normal,0.000000,0.134888,0.089462
height,55.0,60.0,70.0,80.0,normal,0.000000,0.107713,0.072683
yaw,55.0,60.0,70.0,80.0,normal,0.000000,0.369488,0.103646
width,55.0,60.0,70.0,80.0,normal,0.000000,0.101019,0.074218
length,55.0,60.0,70.0,80.0,normal,0.000000,0.167888,0.112348
box_height,55.0,60.0,70.0,80.0,normal,0.000000,0.094363,0.067277
miss_detection,55.0,60.0,80.0,90.0,constant,1.000000,,
distal,55.0,60.0,80.0,90.0,normal,0.000000,0.109864,0.074604
perpendicular,55.0,60.0,80.0,90.0,normal,0.000000,0.134888,0.089462
height,55.0,60.0,80.0,90.0,normal,0.000000,0.107713,0.072683
yaw,55.0,60.0,80.0,90.0,normal,0.000000,0.369488,0.103646
width,55.0,60.0,80.0,90.0,normal,0.000000,0.101019,0.074218
length,55.0,60.0,80.0,90.0,normal,0.000000,0.167888,0.112348
box_height,55.0,60.0,80.0,90.0,normal,0.000000,0.094363,0.067277
miss_detection,55.0,60.0,90.0,100.0,constant,1.000000,,
distal,55.0,60.0,90.0,100.0,normal,0.000000,0.109864,0.074604
perpendicular,55.0,60.0,90.0,100.0,normal,0.000000,0.134888,0.089462
height,55.0,60.0,90.0,100.0,normal,0.000000,0.107713,0.072683
yaw,55.0,60.0,90.0,100.0,normal,0.000000,0.369488,0.103646
width,55.0,60.0,90.0,100.0,normal,0.000000,0.101019,0.074218
length,55.0,60.0,90.0,100.0,normal,0.000000,0.167888,0.112348
box_height,55.0,60.0,90.0,100.0,normal,0.000000,0.094363,0.067277
miss_detection,55.0,60.0,100.0,110.0,constant,1.000000,,
distal,55.0,60.0,100.0,110.0,normal,0.000000,0.109864,0.074604
perpendicular,55.0,60.0,100.0,110.0,normal,0.000000,0.134888,0.089462
height,55.0,60.0,100.0,110.0,normal,0.000000,0.107713,0.072683
yaw,55.0,60.0,100.0,110.0,normal,0.000000,0.369488,0.103646
width,55.0,60.0,100.0,110.0,normal,0.000000,0.101019,0.074218
length,55.0,60.0,100.0,110.0,normal,0.000000,0.167888,0.112348
box_height,55.0,60.0,100.0,110.0,normal,0.000000,0.094363,0.067277
miss_detection,55.0,60.0,110.0,120.0,constant,1.000000,,
distal,55.0,60.0,110.0,120.0,normal,0.000000,0.109864,0.074604
perpendicular,55.0,60.0,110.0,120.0,normal,0.000000,0.134888,0.089462
height,55.0,60.0,110.0,120.0,normal,0.000000,0.107713,0.072683
yaw,55.0,60.0,110.0,120.0,normal,0.000000,0.369488,0.103646
width,55.0,60.0,110.0,120.0,normal,0.000000,0.101019,0.074218
length,55.0,60.0,110.0,120.0,normal,0.000000,0.167888,0.112348
box_height,55.0,60.0,110.0,120.0,normal,0.000000,0.094363,0.067277
miss_detection,55.0,60.0,120.0,130.0,constant,1.000000,,
distal,55.0,60.0,120.0,130.0,normal,0.000000,0.109864,0.074604
perpendicular,55.0,60.0,120.0,130.0,normal,0.000000,0.134888,0.089462
height,55.0,60.0,120.0,130.0,normal,0.000000,0.107713,0.072683
yaw,55.0,60.0,120.0,130.0,normal,0.000000,0.369488,0.103646
width,55.0,60.0,120.0,130.0,normal,0.000000,0.101019,0.074218
length,55.0,60.0,120.0,130.0,normal,0.000000,0.167888,0.112348
box_height,55.0,60.0,120.0,130.0,normal,0.000000,0.094363,0.067277
miss_detection,55.0,60.0,130.0,140.0,constant,1.000000,,
distal,55.0,60.0,130.0,140.0,normal,0.000000,0.109864,0.074604
perpendicular,55.0,60.0,130.0,140.0,normal,0.000000,0.134888,0.089462
height,55.0,60.0,130.0,140.0,normal,0.000000,0.107713,0.072683
yaw,55.0,60.0,130.0,140.0,normal,0.000000,0.369488,0.103646
width,55.0,60.0,130.0,140.0,normal,0.000000,0.101019,0.074218
length,55.0,60.0,130.0,140.0,normal,0.000000,0.167888,0.112348
box_height,55.0,60.0,130.0,140.0,normal,0.000000,0.094363,0.067277
miss_detection,55.0,60.0,140.0,150.0,constant,1.000000,,
distal,55.0,60.0,140.0,150.0,normal,0.000000,0.109864,0.074604
perpendicular,55.0,60.0,140.0,150.0,normal,0.000000,0.134888,0.089462
height,55.0,60.0,140.0,150.0,normal,0.000000,0.107713,0.072683
yaw,55.0,60.0,140.0,150.0,normal,0.000000,0.369488,0.103646
width,55.0,60.0,140.0,150.0,normal,0.000000,0.101019,0.074218
length,55.0,60.0,140.0,150.0,normal,0.000000,0.167888,0.112348
box_height,55.0,60.0,140.0,150.0,normal,0.000000,0.094363,0.067277
miss_detection,55.0,60.0,150.0,160.0,constant,1.000000,,
distal,55.0,60.0,150.0,160.0,normal,0.000000,0.109864,0.074604
perpendicular,55.0,60.0,150.0,160.0,normal,0.000000,0.134888,0.089462
height,55.0,60.0,150.0,160.0,normal,0.000000,0.107713,0.072683
yaw,55.0,60.0,150.0,160.0,normal,0.000000,0.369488,0.103646
width,55.0,60.0,150.0,160.0,normal,0.000000,0.101019,0.074218
length,55.0,60.0,150.0,160.0,normal,0.000000,0.167888,0.112348
box_height,55.0,60.0,150.0,160.0,normal,0.000000,0.094363,0.067277
miss_detection,55.0,60.0,160.0,170.0,constant,1.000000,,
distal,55.0,60.0,160.0,170.0,normal,0.000000,0.109864,0.074604
perpendicular,55.0,60.0,160.0,170.0,normal,0.000000,0.134888,0.089462
height,55.0,60.0,160.0,170.0,normal,0.000000,0.107713,0.072683
yaw,55.0,60.0,160.0,170.0,normal,0.000000,0.369488,0.103646
width,55.0,60.0,160.0,170.0,normal,0.000000,0.101019,0.074218
length,55.0,60.0,160.0,170.0,normal,0.000000,0.167888,0.112348
box_height,55.0,60.0,160.0,170.0,normal,0.000000,0.094363,0.067277
miss_detection,55.0,60.0,170.0,180.0,constant,1.000000,,
distal,55.0,60.0,170.0,180.0,normal,0.000000,0.109864,0.074604
perpendicular,55.0,60.0,170.0,180.0,normal,0.000000,0.134888,0.089462
height,55.0,60.0,170.0,180.0,normal,0.000000,0.107713,0.072683
yaw,55.0,60.0,170.0,180.0,normal,0.000000,0.369488,0.103646
width,55.0,60.0,170.0,180.0,normal,0.000000,0.101019,0.074218
length,55.0,60.0,170.0,180.0,normal,0.000000,0.167888,0.112348
box_height,55.0,60.0,170.0,180.0,normal,0.000000,0.094363,0.067277
miss_detection,60.0,65.0,-180.0,-170.0,constant,1.000000,,
distal,60.0,65.0,-180.0,-170.0,normal,0.000000,0.109864,0.074604
perpendicular,60.0,65.0,-180.0,-170.0,normal,0.000000,0.134888,0.089462
height,60.0,65.0,-180.0,-170.0,normal,0.000000,0.107713,0.072683
yaw,60.0,65.0,-180.0,-170.0,normal,0.000000,0.369488,0.103646
width,60.0,65.0,-180.0,-170.0,normal,0.000000,0.101019,0.074218
length,60.0,65.0,-180.0,-170.0,normal,0.000000,0.167888,0.112348
box_height,60.0,65.0,-180.0,-170.0,normal,0.000000,0.094363,0.067277
miss_detection,60.0,65.0,-170.0,-160.0,constant,1.000000,,
distal,60.0,65.0,-170.0,-160.0,normal,0.000000,0.109864,0.074604
perpendicular,60.0,65.0,-170.0,-160.0,normal,0.000000,0.134888,0.089462
height,60.0,65.0,-170.0,-160.0,normal,0.000000,0.107713,0.072683
yaw,60.0,65.0,-170.0,-160.0,normal,0.000000,0.369488,0.103646
width,60.0,65.0,-170.0,-160.0,normal,0.000000,0.101019,0.074218
length,60.0,65.0,-170.0,-160.0,normal,0.000000,0.167888,0.112348
box_height,60.0,65.0,-170.0,-160.0,normal,0.000000,0.094363,0.067277
miss_detection,60.0,65.0,-160.0,-150.0,constant,1.000000,,
distal,60.0,65.0,-160.0,-150.0,normal,0.000000,0.109864,0.074604
perpendicular,60.0,65.0,-160.0,-150.0,normal,0.000000,0.134888,0.089462
height,60.0,65.0,-160.0,-150.0,normal,0.000000,0.107713,0.072683
yaw,60.0,65.0,-160.0,-150.0,normal,0.000000,0.369488,0.103646
width,60.0,65.0,-160.0,-150.0,normal,0.000000,0.101019,0.074218
length,60.0,65.0,-160.0,-150.0,normal,0.000000,0.167888,0.112348
box_height,60.0,65.0,-160.0,-150.0,normal,0.000000,0.094363,0.067277
miss_detection,60.0,65.0,-150.0,-140.0,constant,1.000000,,
distal,60.0,65.0,-150.0,-140.0,normal,0.000000,0.109864,0.074604
perpendicular,60.0,65.0,-150.0,-140.0,normal,0.000000,0.134888,0.089462
height,60.0,65.0,-150.0,-140.0,normal,0.000000,0.107713,0.072683
yaw,60.0,65.0,-150.0,-140.0,normal,0.000000,0.369488,0.103646
width,60.0,65.0,-150.0,-140.0,normal,0.000000,0.101019,0.074218
length,60.0,65.0,-150.0,-140.0,normal,0.000000,0.167888,0.112348
box_height,60.0,65.0,-150.0,-140.0,normal,0.000000,0.094363,0.067277
miss_detection,60.0,65.0,-140.0,-130.0,constant,1.000000,,
distal,60.0,65.0,-140.0,-130.0,normal,0.000000,0.109864,0.074604
perpendicular,60.0,65.0,-140.0,-130.0,normal,0.000000,0.134888,0.089462
height,60.0,65.0,-140.0,-130.0,normal,0.000000,0.107713,0.072683
yaw,60.0,65.0,-140.0,-130.0,normal,0.000000,0.369488,0.103646
width,60.0,65.0,-140.0,-130.0,normal,0.000000,0.101019,0.074218
length,60.0,65.0,-140.0,-130.0,normal,0.000000,0.167888,0.112348
box_height,60.0,65.0,-140.0,-130.0,normal,0.000000,0.094363,0.067277
miss_detection,60.0,65.0,-130.0,-120.0,constant,1.000000,,
distal,60.0,65.0,-130.0,-120.0,normal,0.000000,0.109864,0.074604
perpendicular,60.0,65.0,-130.0,-120.0,normal,0.000000,0.134888,0.089462
height,60.0,65.0,-130.0,-120.0,normal,0.000000,0.107713,0.072683
yaw,60.0,65.0,-130.0,-120.0,normal,0.000000,0.369488,0.103646
width,60.0,65.0,-130.0,-120.0,normal,0.000000,0.101019,0.074218
length,60.0,65.0,-130.0,-120.0,normal,0.000000,0.167888,0.112348
box_height,60.0,65.0,-130.0,-120.0,normal,0.000000,0.094363,0.067277
miss_detection,60.0,65.0,-120.0,-110.0,constant,1.000000,,
distal,60.0,65.0,-120.0,-110.0,normal,0.000000,0.109864,0.074604
perpendicular,60.0,65.0,-120.0,-110.0,normal,0.000000,0.134888,0.089462
height,60.0,65.0,-120.0,-110.0,normal,0.000000,0.107713,0.072683
yaw,60.0,65.0,-120.0,-110.0,normal,0.000000,0.369488,0.103646
width,60.0,65.0,-120.0,-110.0,normal,0.000000,0.101019,0.074218
length,60.0,65.0,-120.0,-110.0,normal,0.000000,0.167888,0.112348
box_height,60.0,65.0,-120.0,-110.0,normal,0.000000,0.094363,0.067277
miss_detection,60.0,65.0,-110.0,-100.0,constant,1.000000,,
distal,60.0,65.0,-110.0,-100.0,normal,0.000000,0.109864,0.074604
perpendicular,60.0,65.0,-110.0,-100.0,normal,0.000000,0.134888,0.089462
height,60.0,65.0,-110.0,-100.0,normal,0.000000,0.107713,0.072683
yaw,60.0,65.0,-110.0,-100.0,normal,0.000000,0.369488,0.103646
width,60.0,65.0,-110.0,-100.0,normal,0.000000,0.101019,0.074218
length,60.0,65.0,-110.0,-100.0,normal,0.000000,0.167888,0.112348
box_height,60.0,65.0,-110.0,-100.0,normal,0.000000,0.094363,0.067277
miss_detection,60.0,65.0,-100.0,-90.0,constant,1.000000,,
distal,60.0,65.0,-100.0,-90.0,normal,0.000000,0.109864,0.074604
perpendicular,60.0,65.0,-100.0,-90.0,normal,0.000000,0.134888,0.089462
height,60.0,65.0,-100.0,-90.0,normal,0.000000,0.107713,0.072683
yaw,60.0,65.0,-100.0,-90.0,normal,0.000000,0.369488,0.103646
width,60.0,65.0,-100.0,-90.0,normal,0.000000,0.101019,0.074218
length,60.0,65.0,-100.0,-90.0,normal,0.000000,0.167888,0.112348
box_height,60.0,65.0,-100.0,-90.0,normal,0.000000,0.094363,0.067277
miss_detection,60.0,65.0,-90.0,-80.0,constant,1.000000,,
distal,60.0,65.0,-90.0,-80.0,normal,0.000000,0.109864,0.074604
perpendicular,60.0,65.0,-90.0,-80.0,normal,0.000000,0.134888,0.089462
height,60.0,65.0,-90.0,-80.0,normal,0.000000,0.107713,0.072683
yaw,60.0,65.0,-90.0,-80.0,normal,0.000000,0.369488,0.103646
width,60.0,65.0,-90.0,-80.0,normal,0.000000,0.101019,0.074218
length,60.0,65.0,-90.0,-80.0,normal,0.000000,0.167888,0.112348
box_height,60.0,65.0,-90.0,-80.0,normal,0.000000,0.094363,0.067277
miss_detection,60.0,65.0,-80.0,-70.0,constant,1.000000,,
distal,60.0,65.0,-80.0,-70.0,normal,0.000000,0.109864,0.074604
perpendicular,60.0,65.0,-80.0,-70.0,normal,0.000000,0.134888,0.089462
height,60.0,65.0,-80.0,-70.0,normal,0.000000,0.107713,0.072683
yaw,60.0,65.0,-80.0,-70.0,normal,0.000000,0.369488,0.103646
width,60.0,65.0,-80.0,-70.0,normal,0.000000,0.101019,0.074218
length,60.0,65.0,-80.0,-70.0,normal,0.000000,0.167888,0.112348
box_height,60.0,65.0,-80.0,-70.0,normal,0.000000,0.094363,0.067277
miss_detection,60.0,65.0,-70.0,-60.0,constant,1.000000,,
distal,60.0,65.0,-70.0,-60.0,normal,0.000000,0.109864,0.074604
perpendicular,60.0,65.0,-70.0,-60.0,normal,0.000000,0.134888,0.089462
height,60.0,65.0,-70.0,-60.0,normal,0.000000,0.107713,0.072683
yaw,60.0,65.0,-70.0,-60.0,normal,0.000000,0.369488,0.103646
width,60.0,65.0,-70.0,-60.0,normal,0.000000,0.101019,0.074218
length,60.0,65.0,-70.0,-60.0,normal,0.000000,0.167888,0.112348
box_height,60.0,65.0,-70.0,-60.0,normal,0.000000,0.094363,0.067277
miss_detection,60.0,65.0,-60.0,-50.0,constant,1.000000,,
distal,60.0,65.0,-60.0,-50.0,normal,0.000000,0.109864,0.074604
perpendicular,60.0,65.0,-60.0,-50.0,normal,0.000000,0.134888,0.089462
height,60.0,65.0,-60.0,-50.0,normal,0.000000,0.107713,0.072683
yaw,60.0,65.0,-60.0,-50.0,normal,0.000000,0.369488,0.103646
width,60.0,65.0,-60.0,-50.0,normal,0.000000,0.101019,0.074218
length,60.0,65.0,-60.0,-50.0,normal,0.000000,0.167888,0.112348
box_height,60.0,65.0,-60.0,-50.0,normal,0.000000,0.094363,0.067277
miss_detection,60.0,65.0,-50.0,-40.0,constant,1.000000,,
distal,60.0,65.0,-50.0,-40.0,normal,0.000000,0.109864,0.074604
perpendicular,60.0,65.0,-50.0,-40.0,normal,0.000000,0.134888,0.089462
height,60.0,65.0,-50.0,-40.0,normal,0.000000,0.107713,0.072683
yaw,60.0,65.0,-50.0,-40.0,normal,0.000000,0.369488,0.103646
width,60.0,65.0,-50.0,-40.0,normal,0.000000,0.101019,0.074218
length,60.0,65.0,-50.0,-40.0,normal,0.000000,0.167888,0.112348
box_height,60.0,65.0,-50.0,-40.0,normal,0.000000,0.094363,0.067277
miss_detection,60.0,65.0,-40.0,-30.0,constant,1.000000,,
distal,60.0,65.0,-40.0,-30.0,normal,0.000000,0.109864,0.074604
perpendicular,60.0,65.0,-40.0,-30.0,normal,0.000000,0.134888,0.089462
height,60.0,65.0,-40.0,-30.0,normal,0.000000,0.107713,0.072683
yaw,60.0,65.0,-40.0,-30.0,normal,0.000000,0.369488,0.103646
width,60.0,65.0,-40.0,-30.0,normal,0.000000,0.101019,0.074218
length,60.0,65.0,-40.0,-30.0,normal,0.000000,0.167888,0.112348
box_height,60.0,65.0,-40.0,-30.0,normal,0.000000,0.094363,0.067277
miss_detection,60.0,65.0,-30.0,-20.0,constant,1.000000,,
distal,60.0,65.0,-30.0,-20.0,normal,0.000000,0.109864,0.074604
perpendicular,60.0,65.0,-30.0,-20.0,normal,0.000000,0.134888,0.089462
height,60.0,65.0,-30.0,-20.0,normal,0.000000,0.107713,0.072683
yaw,60.0,65.0,-30.0,-20.0,normal,0.000000,0.369488,0.103646
width,60.0,65.0,-30.0,-20.0,normal,0.000000,0.101019,0.074218
length,60.0,65.0,-30.0,-20.0,normal,0.000000,0.167888,0.112348
box_height,60.0,65.0,-30.0,-20.0,normal,0.000000,0.094363,0.067277
miss_detection,60.0,65.0,-20.0,-10.0,constant,0.050000,,
distal,60.0,65.0,-20.0,-10.0,normal,0.000000,0.089691,0.076310
perpendicular,60.0,65.0,-20.0,-10.0,normal,0.000000,0.144824,0.107227
height,60.0,65.0,-20.0,-10.0,normal,0.000000,0.071113,0.058562
yaw,60.0,65.0,-20.0,-10.0,normal,0.000000,1.463521,1.027423
width,60.0,65.0,-20.0,-10.0,normal,0.000000,0.136013,0.084128
length,60.0,65.0,-20.0,-10.0,normal,0.000000,0.287939,0.215997
box_height,60.0,65.0,-20.0,-10.0,normal,0.000000,0.096382,0.077833
miss_detection,60.0,65.0,-10.0,0.0,constant,0.076923,,
distal,60.0,65.0,-10.0,0.0,normal,0.000000,0.109735,0.081881
perpendicular,60.0,65.0,-10.0,0.0,normal,0.000000,0.105320,0.128947
height,60.0,65.0,-10.0,0.0,normal,0.000000,0.313990,0.250118
yaw,60.0,65.0,-10.0,0.0,normal,0.000000,0.063284,0.077131
width,60.0,65.0,-10.0,0.0,normal,0.000000,0.071885,0.055152
length,60.0,65.0,-10.0,0.0,normal,0.000000,0.212439,0.147911
box_height,60.0,65.0,-10.0,0.0,normal,0.000000,0.082692,0.079727
miss_detection,60.0,65.0,0.0,10.0,constant,0.173469,,
distal,60.0,65.0,0.0,10.0,normal,0.000000,0.080686,0.068424
perpendicular,60.0,65.0,0.0,10.0,normal,0.000000,0.089534,0.068551
height,60.0,65.0,0.0,10.0,normal,0.000000,0.084907,0.058281
yaw,60.0,65.0,0.0,10.0,normal,0.000000,1.199762,0.508951
width,60.0,65.0,0.0,10.0,normal,0.000000,0.120241,0.096114
length,60.0,65.0,0.0,10.0,normal,0.000000,0.130982,0.104953
box_height,60.0,65.0,0.0,10.0,normal,0.000000,0.090381,0.069136
miss_detection,60.0,65.0,10.0,20.0,constant,0.086538,,
distal,60.0,65.0,10.0,20.0,normal,0.000000,0.093032,0.074907
perpendicular,60.0,65.0,10.0,20.0,normal,0.000000,0.127887,0.090986
height,60.0,65.0,10.0,20.0,normal,0.000000,0.143284,0.100555
yaw,60.0,65.0,10.0,20.0,normal,0.000000,0.455603,0.137032
width,60.0,65.0,10.0,20.0,normal,0.000000,0.116032,0.085374
length,60.0,65.0,10.0,20.0,normal,0.000000,0.179324,0.139451
box_height,60.0,65.0,10.0,20.0,normal,0.000000,0.104210,0.086795
miss_detection,60.0,65.0,20.0,30.0,constant,0.923077,,
distal,60.0,65.0,20.0,30.0,normal,0.000000,0.000000,0.015104
perpendicular,60.0,65.0,20.0,30.0,normal,0.000000,0.000000,0.033773
height,60.0,65.0,20.0,30.0,normal,0.000000,0.000000,0.186861
yaw,60.0,65.0,20.0,30.0,normal,0.000000,0.000000,0.037150
width,60.0,65.0,20.0,30.0,normal,0.000000,0.000000,0.096679
length,60.0,65.0,20.0,30.0,normal,0.000000,0.000000,0.065936
box_height,60.0,65.0,20.0,30.0,normal,0.000000,0.000000,0.076476
miss_detection,60.0,65.0,30.0,40.0,constant,1.000000,,
distal,60.0,65.0,30.0,40.0,normal,0.000000,0.109864,0.074604
perpendicular,60.0,65.0,30.0,40.0,normal,0.000000,0.134888,0.089462
height,60.0,65.0,30.0,40.0,normal,0.000000,0.107713,0.072683
yaw,60.0,65.0,30.0,40.0,normal,0.000000,0.369488,0.103646
width,60.0,65.0,30.0,40.0,normal,0.000000,0.101019,0.074218
length,60.0,65.0,30.0,40.0,normal,0.000000,0.167888,0.112348
box_height,60.0,65.0,30.0,40.0,normal,0.000000,0.094363,0.067277
miss_detection,60.0,65.0,40.0,50.0,constant,1.000000,,
distal,60.0,65.0,40.0,50.0,normal,0.000000,0.109864,0.074604
perpendicular,60.0,65.0,40.0,50.0,normal,0.000000,0.134888,0.089462
height,60.0,65.0,40.0,50.0,normal,0.000000,0.107713,0.072683
yaw,60.0,65.0,40.0,50.0,normal,0.000000,0.369488,0.103646
width,60.0,65.0,40.0,50.0,normal,0.000000,0.101019,0.074218
length,60.0,65.0,40.0,50.0,normal,0.000000,0.167888,0.112348
box_height,60.0,65.0,40.0,50.0,normal,0.000000,0.094363,0.067277
miss_detection,60.0,65.0,50.0,60.0,constant,1.000000,,
distal,60.0,65.0,50.0,60.0,normal,0.000000,0.109864,0.074604
perpendicular,60.0,65.0,50.0,60.0,normal,0.000000,0.134888,0.089462
height,60.0,65.0,50.0,60.0,normal,0.000000,0.107713,0.072683
yaw,60.0,65.0,50.0,60.0,normal,0.000000,0.369488,0.103646
width,60.0,65.0,50.0,60.0,normal,0.000000,0.101019,0.074218
length,60.0,65.0,50.0,60.0,normal,0.000000,0.167888,0.112348
box_height,60.0,65.0,50.0,60.0,normal,0.000000,0.094363,0.067277
miss_detection,60.0,65.0,60.0,70.0,constant,1.000000,,
distal,60.0,65.0,60.0,70.0,normal,0.000000,0.109864,0.074604
perpendicular,60.0,65.0,60.0,70.0,normal,0.000000,0.134888,0.089462
height,60.0,65.0,60.0,70.0,normal,0.000000,0.107713,0.072683
yaw,60.0,65.0,60.0,70.0,normal,0.000000,0.369488,0.103646
width,60.0,65.0,60.0,70.0,normal,0.000000,0.101019,0.074218
length,60.0,65.0,60.0,70.0,normal,0.000000,0.167888,0.112348
box_height,60.0,65.0,60.0,70.0,normal,0.000000,0.094363,0.067277
miss_detection,60.0,65.0,70.0,80.0,constant,1.000000,,
distal,60.0,65.0,70.0,80.0,normal,0.000000,0.109864,0.074604
perpendicular,60.0,65.0,70.0,80.0,normal,0.000000,0.134888,0.089462
height,60.0,65.0,70.0,80.0,normal,0.000000,0.107713,0.072683
yaw,60.0,65.0,70.0,80.0,normal,0.000000,0.369488,0.103646
width,60.0,65.0,70.0,80.0,normal,0.000000,0.101019,0.074218
length,60.0,65.0,70.0,80.0,normal,0.000000,0.167888,0.112348
box_height,60.0,65.0,70.0,80.0,normal,0.000000,0.094363,0.067277
miss_detection,60.0,65.0,80.0,90.0,constant,1.000000,,
distal,60.0,65.0,80.0,90.0,normal,0.000000,0.109864,0.074604
perpendicular,60.0,65.0,80.0,90.0,normal,0.000000,0.134888,0.089462
height,60.0,65.0,80.0,90.0,normal,0.000000,0.107713,0.072683
yaw,60.0,65.0,80.0,90.0,normal,0.000000,0.369488,0.103646
width,60.0,65.0,80.0,90.0,normal,0.000000,0.101019,0.074218
length,60.0,65.0,80.0,90.0,normal,0.000000,0.167888,0.112348
box_height,60.0,65.0,80.0,90.0,normal,0.000000,0.094363,0.067277
miss_detection,60.0,65.0,90.0,100.0,constant,1.000000,,
distal,60.0,65.0,90.0,100.0,normal,0.000000,0.109864,0.074604
perpendicular,60.0,65.0,90.0,100.0,normal,0.000000,0.134888,0.089462
height,60.0,65.0,90.0,100.0,normal,0.000000,0.107713,0.072683
yaw,60.0,65.0,90.0,100.0,normal,0.000000,0.369488,0.103646
width,60.0,65.0,90.0,100.0,normal,0.000000,0.101019,0.074218
length,60.0,65.0,90.0,100.0,normal,0.000000,0.167888,0.112348
box_height,60.0,65.0,90.0,100.0,normal,0.000000,0.094363,0.067277
miss_detection,60.0,65.0,100.0,110.0,constant,1.000000,,
distal,60.0,65.0,100.0,110.0,normal,0.000000,0.109864,0.074604
perpendicular,60.0,65.0,100.0,110.0,normal,0.000000,0.134888,0.089462
height,60.0,65.0,100.0,110.0,normal,0.000000,0.107713,0.072683
yaw,60.0,65.0,100.0,110.0,normal,0.000000,0.369488,0.103646
width,60.0,65.0,100.0,110.0,normal,0.000000,0.101019,0.074218
length,60.0,65.0,100.0,110.0,normal,0.000000,0.167888,0.112348
box_height,60.0,65.0,100.0,110.0,normal,0.000000,0.094363,0.067277
miss_detection,60.0,65.0,110.0,120.0,constant,1.000000,,
distal,60.0,65.0,110.0,120.0,normal,0.000000,0.109864,0.074604
perpendicular,60.0,65.0,110.0,120.0,normal,0.000000,0.134888,0.089462
height,60.0,65.0,110.0,120.0,normal,0.000000,0.107713,0.072683
yaw,60.0,65.0,110.0,120.0,normal,0.000000,0.369488,0.103646
width,60.0,65.0,110.0,120.0,normal,0.000000,0.101019,0.074218
length,60.0,65.0,110.0,120.0,normal,0.000000,0.167888,0.112348
box_height,60.0,65.0,110.0,120.0,normal,0.000000,0.094363,0.067277
miss_detection,60.0,65.0,120.0,130.0,constant,1.000000,,
distal,60.0,65.0,120.0,130.0,normal,0.000000,0.109864,0.074604
perpendicular,60.0,65.0,120.0,130.0,normal,0.000000,0.134888,0.089462
height,60.0,65.0,120.0,130.0,normal,0.000000,0.107713,0.072683
yaw,60.0,65.0,120.0,130.0,normal,0.000000,0.369488,0.103646
width,60.0,65.0,120.0,130.0,normal,0.000000,0.101019,0.074218
length,60.0,65.0,120.0,130.0,normal,0.000000,0.167888,0.112348
box_height,60.0,65.0,120.0,130.0,normal,0.000000,0.094363,0.067277
miss_detection,60.0,65.0,130.0,140.0,constant,1.000000,,
distal,60.0,65.0,130.0,140.0,normal,0.000000,0.109864,0.074604
perpendicular,60.0,65.0,130.0,140.0,normal,0.000000,0.134888,0.089462
height,60.0,65.0,130.0,140.0,normal,0.000000,0.107713,0.072683
yaw,60.0,65.0,130.0,140.0,normal,0.000000,0.369488,0.103646
width,60.0,65.0,130.0,140.0,normal,0.000000,0.101019,0.074218
length,60.0,65.0,130.0,140.0,normal,0.000000,0.167888,0.112348
box_height,60.0,65.0,130.0,140.0,normal,0.000000,0.094363,0.067277
miss_detection,60.0,65.0,140.0,150.0,constant,1.000000,,
distal,60.0,65.0,140.0,150.0,normal,0.000000,0.109864,0.074604
perpendicular,60.0,65.0,140.0,150.0,normal,0.000000,0.134888,0.089462
height,60.0,65.0,140.0,150.0,normal,0.000000,0.107713,0.072683
yaw,60.0,65.0,140.0,150.0,normal,0.000000,0.369488,0.103646
width,60.0,65.0,140.0,150.0,normal,0.000000,0.101019,0.074218
length,60.0,65.0,140.0,150.0,normal,0.000000,0.167888,0.112348
box_height,60.0,65.0,140.0,150.0,normal,0.000000,0.094363,0.067277
miss_detection,60.0,65.0,150.0,160.0,constant,1.000000,,
distal,60.0,65.0,150.0,160.0,normal,0.000000,0.109864,0.074604
perpendicular,60.0,65.0,150.0,160.0,normal,0.000000,0.134888,0.089462
height,60.0,65.0,150.0,160.0,normal,0.000000,0.107713,0.072683
yaw,60.0,65.0,150.0,160.0,normal,0.000000,0.369488,0.103646
width,60.0,65.0,150.0,160.0,normal,0.000000,0.101019,0.074218
length,60.0,65.0,150.0,160.0,normal,0.000000,0.167888,0.112348
box_height,60.0,65.0,150.0,160.0,normal,0.000000,0.094363,0.067277
miss_detection,60.0,65.0,160.0,170.0,constant,1.000000,,
distal,60.0,65.0,160.0,170.0,normal,0.000000,0.109864,0.074604
perpendicular,60.0,65.0,160.0,170.0,normal,0.000000,0.134888,0.089462
height,60.0,65.0,160.0,170.0,normal,0.000000,0.107713,0.072683
yaw,60.0,65.0,160.0,170.0,normal,0.000000,0.369488,0.103646
width,60.0,65.0,160.0,170.0,normal,0.000000,0.101019,0.074218
length,60.0,65.0,160.0,170.0,normal,0.000000,0.167888,0.112348
box_height,60.0,65.0,160.0,170.0,normal,0.000000,0.094363,0.067277
miss_detection,60.0,65.0,170.0,180.0,constant,1.000000,,
distal,60.0,65.0,170.0,180.0,normal,0.000000,0.109864,0.074604
perpendicular,60.0,65.0,170.0,180.0,normal,0.000000,0.134888,0.089462
height,60.0,65.0,170.0,180.0,normal,0.000000,0.107713,0.072683
yaw,60.0,65.0,170.0,180.0,normal,0.000000,0.369488,0.103646
width,60.0,65.0,170.0,180.0,normal,0.000000,0.101019,0.074218
length,60.0,65.0,170.0,180.0,normal,0.000000,0.167888,0.112348
box_height,60.0,65.0,170.0,180.0,normal,0.000000,0.094363,0.067277
miss_detection,65.0,70.0,-180.0,-170.0,constant,1.000000,,
distal,65.0,70.0,-180.0,-170.0,normal,0.000000,0.109864,0.074604
perpendicular,65.0,70.0,-180.0,-170.0,normal,0.000000,0.134888,0.089462
height,65.0,70.0,-180.0,-170.0,normal,0.000000,0.107713,0.072683
yaw,65.0,70.0,-180.0,-170.0,normal,0.000000,0.369488,0.103646
width,65.0,70.0,-180.0,-170.0,normal,0.000000,0.101019,0.074218
length,65.0,70.0,-180.0,-170.0,normal,0.000000,0.167888,0.112348
box_height,65.0,70.0,-180.0,-170.0,normal,0.000000,0.094363,0.067277
miss_detection,65.0,70.0,-170.0,-160.0,constant,1.000000,,
distal,65.0,70.0,-170.0,-160.0,normal,0.000000,0.109864,0.074604
perpendicular,65.0,70.0,-170.0,-160.0,normal,0.000000,0.134888,0.089462
height,65.0,70.0,-170.0,-160.0,normal,0.000000,0.107713,0.072683
yaw,65.0,70.0,-170.0,-160.0,normal,0.000000,0.369488,0.103646
width,65.0,70.0,-170.0,-160.0,normal,0.000000,0.101019,0.074218
length,65.0,70.0,-170.0,-160.0,normal,0.000000,0.167888,0.112348
box_height,65.0,70.0,-170.0,-160.0,normal,0.000000,0.094363,0.067277
miss_detection,65.0,70.0,-160.0,-150.0,constant,1.000000,,
distal,65.0,70.0,-160.0,-150.0,normal,0.000000,0.109864,0.074604
perpendicular,65.0,70.0,-160.0,-150.0,normal,0.000000,0.134888,0.089462
height,65.0,70.0,-160.0,-150.0,normal,0.000000,0.107713,0.072683
yaw,65.0,70.0,-160.0,-150.0,normal,0.000000,0.369488,0.103646
width,65.0,70.0,-160.0,-150.0,normal,0.000000,0.101019,0.074218
length,65.0,70.0,-160.0,-150.0,normal,0.000000,0.167888,0.112348
box_height,65.0,70.0,-160.0,-150.0,normal,0.000000,0.094363,0.067277
miss_detection,65.0,70.0,-150.0,-140.0,constant,1.000000,,
distal,65.0,70.0,-150.0,-140.0,normal,0.000000,0.109864,0.074604
perpendicular,65.0,70.0,-150.0,-140.0,normal,0.000000,0.134888,0.089462
height,65.0,70.0,-150.0,-140.0,normal,0.000000,0.107713,0.072683
yaw,65.0,70.0,-150.0,-140.0,normal,0.000000,0.369488,0.103646
width,65.0,70.0,-150.0,-140.0,normal,0.000000,0.101019,0.074218
length,65.0,70.0,-150.0,-140.0,normal,0.000000,0.167888,0.112348
box_height,65.0,70.0,-150.0,-140.0,normal,0.000000,0.094363,0.067277
miss_detection,65.0,70.0,-140.0,-130.0,constant,1.000000,,
distal,65.0,70.0,-140.0,-130.0,normal,0.000000,0.109864,0.074604
perpendicular,65.0,70.0,-140.0,-130.0,normal,0.000000,0.134888,0.089462
height,65.0,70.0,-140.0,-130.0,normal,0.000000,0.107713,0.072683
yaw,65.0,70.0,-140.0,-130.0,normal,0.000000,0.369488,0.103646
width,65.0,70.0,-140.0,-130.0,normal,0.000000,0.101019,0.074218
length,65.0,70.0,-140.0,-130.0,normal,0.000000,0.167888,0.112348
box_height,65.0,70.0,-140.0,-130.0,normal,0.000000,0.094363,0.067277
miss_detection,65.0,70.0,-130.0,-120.0,constant,1.000000,,
distal,65.0,70.0,-130.0,-120.0,normal,0.000000,0.109864,0.074604
perpendicular,65.0,70.0,-130.0,-120.0,normal,0.000000,0.134888,0.089462
height,65.0,70.0,-130.0,-120.0,normal,0.000000,0.107713,0.072683
yaw,65.0,70.0,-130.0,-120.0,normal,0.000000,0.369488,0.103646
width,65.0,70.0,-130.0,-120.0,normal,0.000000,0.101019,0.074218
length,65.0,70.0,-130.0,-120.0,normal,0.000000,0.167888,0.112348
box_height,65.0,70.0,-130.0,-120.0,normal,0.000000,0.094363,0.067277
miss_detection,65.0,70.0,-120.0,-110.0,constant,1.000000,,
distal,65.0,70.0,-120.0,-110.0,normal,0.000000,0.109864,0.074604
perpendicular,65.0,70.0,-120.0,-110.0,normal,0.000000,0.134888,0.089462
height,65.0,70.0,-120.0,-110.0,normal,0.000000,0.107713,0.072683
yaw,65.0,70.0,-120.0,-110.0,normal,0.000000,0.369488,0.103646
width,65.0,70.0,-120.0,-110.0,normal,0.000000,0.101019,0.074218
length,65.0,70.0,-120.0,-110.0,normal,0.000000,0.167888,0.112348
box_height,65.0,70.0,-120.0,-110.0,normal,0.000000,0.094363,0.067277
miss_detection,65.0,70.0,-110.0,-100.0,constant,1.000000,,
distal,65.0,70.0,-110.0,-100.0,normal,0.000000,0.109864,0.074604
perpendicular,65.0,70.0,-110.0,-100.0,normal,0.000000,0.134888,0.089462
height,65.0,70.0,-110.0,-100.0,normal,0.000000,0.107713,0.072683
yaw,65.0,70.0,-110.0,-100.0,normal,0.000000,0.369488,0.103646
width,65.0,70.0,-110.0,-100.0,normal,0.000000,0.101019,0.074218
length,65.0,70.0,-110.0,-100.0,normal,0.000000,0.167888,0.112348
box_height,65.0,70.0,-110.0,-100.0,normal,0.000000,0.094363,0.067277
miss_detection,65.0,70.0,-100.0,-90.0,constant,1.000000,,
distal,65.0,70.0,-100.0,-90.0,normal,0.000000,0.109864,0.074604
perpendicular,65.0,70.0,-100.0,-90.0,normal,0.000000,0.134888,0.089462
height,65.0,70.0,-100.0,-90.0,normal,0.000000,0.107713,0.072683
yaw,65.0,70.0,-100.0,-90.0,normal,0.000000,0.369488,0.103646
width,65.0,70.0,-100.0,-90.0,normal,0.000000,0.101019,0.074218
length,65.0,70.0,-100.0,-90.0,normal,0.000000,0.167888,0.112348
box_height,65.0,70.0,-100.0,-90.0,normal,0.000000,0.094363,0.067277
miss_detection,65.0,70.0,-90.0,-80.0,constant,1.000000,,
distal,65.0,70.0,-90.0,-80.0,normal,0.000000,0.109864,0.074604
perpendicular,65.0,70.0,-90.0,-80.0,normal,0.000000,0.134888,0.089462
height,65.0,70.0,-90.0,-80.0,normal,0.000000,0.107713,0.072683
yaw,65.0,70.0,-90.0,-80.0,normal,0.000000,0.369488,0.103646
width,65.0,70.0,-90.0,-80.0,normal,0.000000,0.101019,0.074218
length,65.0,70.0,-90.0,-80.0,normal,0.000000,0.167888,0.112348
box_height,65.0,70.0,-90.0,-80.0,normal,0.000000,0.094363,0.067277
miss_detection,65.0,70.0,-80.0,-70.0,constant,1.000000,,
distal,65.0,70.0,-80.0,-70.0,normal,0.000000,0.109864,0.074604
perpendicular,65.0,70.0,-80.0,-70.0,normal,0.000000,0.134888,0.089462
height,65.0,70.0,-80.0,-70.0,normal,0.000000,0.107713,0.072683
yaw,65.0,70.0,-80.0,-70.0,normal,0.000000,0.369488,0.103646
width,65.0,70.0,-80.0,-70.0,normal,0.000000,0.101019,0.074218
length,65.0,70.0,-80.0,-70.0,normal,0.000000,0.167888,0.112348
box_height,65.0,70.0,-80.0,-70.0,normal,0.000000,0.094363,0.067277
miss_detection,65.0,70.0,-70.0,-60.0,constant,1.000000,,
distal,65.0,70.0,-70.0,-60.0,normal,0.000000,0.109864,0.074604
perpendicular,65.0,70.0,-70.0,-60.0,normal,0.000000,0.134888,0.089462
height,65.0,70.0,-70.0,-60.0,normal,0.000000,0.107713,0.072683
yaw,65.0,70.0,-70.0,-60.0,normal,0.000000,0.369488,0.103646
width,65.0,70.0,-70.0,-60.0,normal,0.000000,0.101019,0.074218
length,65.0,70.0,-70.0,-60.0,normal,0.000000,0.167888,0.112348
box_height,65.0,70.0,-70.0,-60.0,normal,0.000000,0.094363,0.067277
miss_detection,65.0,70.0,-60.0,-50.0,constant,1.000000,,
distal,65.0,70.0,-60.0,-50.0,normal,0.000000,0.109864,0.074604
perpendicular,65.0,70.0,-60.0,-50.0,normal,0.000000,0.134888,0.089462
height,65.0,70.0,-60.0,-50.0,normal,0.000000,0.107713,0.072683
yaw,65.0,70.0,-60.0,-50.0,normal,0.000000,0.369488,0.103646
width,65.0,70.0,-60.0,-50.0,normal,0.000000,0.101019,0.074218
length,65.0,70.0,-60.0,-50.0,normal,0.000000,0.167888,0.112348
box_height,65.0,70.0,-60.0,-50.0,normal,0.000000,0.094363,0.067277
miss_detection,65.0,70.0,-50.0,-40.0,constant,1.000000,,
distal,65.0,70.0,-50.0,-40.0,normal,0.000000,0.109864,0.074604
perpendicular,65.0,70.0,-50.0,-40.0,normal,0.000000,0.134888,0.089462
height,65.0,70.0,-50.0,-40.0,normal,0.000000,0.107713,0.072683
yaw,65.0,70.0,-50.0,-40.0,normal,0.000000,0.369488,0.103646
width,65.0,70.0,-50.0,-40.0,normal,0.000000,0.101019,0.074218
length,65.0,70.0,-50.0,-40.0,normal,0.000000,0.167888,0.112348
box_height,65.0,70.0,-50.0,-40.0,normal,0.000000,0.094363,0.067277
miss_detection,65.0,70.0,-40.0,-30.0,constant,1.000000,,
distal,65.0,70.0,-40.0,-30.0,normal,0.000000,0.109864,0.074604
perpendicular,65.0,70.0,-40.0,-30.0,normal,0.000000,0.134888,0.089462
height,65.0,70.0,-40.0,-30.0,normal,0.000000,0.107713,0.072683
yaw,65.0,70.0,-40.0,-30.0,normal,0.000000,0.369488,0.103646
width,65.0,70.0,-40.0,-30.0,normal,0.000000,0.101019,0.074218
length,65.0,70.0,-40.0,-30.0,normal,0.000000,0.167888,0.112348
box_height,65.0,70.0,-40.0,-30.0,normal,0.000000,0.094363,0.067277
miss_detection,65.0,70.0,-30.0,-20.0,constant,1.000000,,
distal,65.0,70.0,-30.0,-20.0,normal,0.000000,0.109864,0.074604
perpendicular,65.0,70.0,-30.0,-20.0,normal,0.000000,0.134888,0.089462
height,65.0,70.0,-30.0,-20.0,normal,0.000000,0.107713,0.072683
yaw,65.0,70.0,-30.0,-20.0,normal,0.000000,0.369488,0.103646
width,65.0,70.0,-30.0,-20.0,normal,0.000000,0.101019,0.074218
length,65.0,70.0,-30.0,-20.0,normal,0.000000,0.167888,0.112348
box_height,65.0,70.0,-30.0,-20.0,normal,0.000000,0.094363,0.067277
miss_detection,65.0,70.0,-20.0,-10.0,constant,0.875000,,
distal,65.0,70.0,-20.0,-10.0,normal,0.000000,0.000000,0.075058
perpendicular,65.0,70.0,-20.0,-10.0,normal,0.000000,0.000000,0.206688
height,65.0,70.0,-20.0,-10.0,normal,0.000000,0.000000,0.083825
yaw,65.0,70.0,-20.0,-10.0,normal,0.000000,0.000000,0.035843
width,65.0,70.0,-20.0,-10.0,normal,0.000000,0.000000,0.101821
length,65.0,70.0,-20.0,-10.0,normal,0.000000,0.000000,0.277777
box_height,65.0,70.0,-20.0,-10.0,normal,0.000000,0.000000,0.160990
miss_detection,65.0,70.0,-10.0,0.0,constant,0.390244,,
distal,65.0,70.0,-10.0,0.0,normal,0.000000,0.086588,0.074190
perpendicular,65.0,70.0,-10.0,0.0,normal,0.000000,0.156873,0.125587
height,65.0,70.0,-10.0,0.0,normal,0.000000,0.210540,0.202506
yaw,65.0,70.0,-10.0,0.0,normal,0.000000,0.041989,0.031693
width,65.0,70.0,-10.0,0.0,normal,0.000000,0.091160,0.073989
length,65.0,70.0,-10.0,0.0,normal,0.000000,0.082415,0.073989
box_height,65.0,70.0,-10.0,0.0,normal,0.000000,0.080315,0.066220
miss_detection,65.0,70.0,0.0,10.0,constant,0.188679,,
distal,65.0,70.0,0.0,10.0,normal,0.000000,0.075553,0.058188
perpendicular,65.0,70.0,0.0,10.0,normal,0.000000,0.111081,0.077921
height,65.0,70.0,0.0,10.0,normal,0.000000,0.124141,0.087424
yaw,65.0,70.0,0.0,10.0,normal,0.000000,0.986594,0.402510
width,65.0,70.0,0.0,10.0,normal,0.000000,0.105855,0.080704
length,65.0,70.0,0.0,10.0,normal,0.000000,0.122288,0.090013
box_height,65.0,70.0,0.0,10.0,normal,0.000000,0.094895,0.069873
miss_detection,65.0,70.0,10.0,20.0,constant,0.010753,,
distal,65.0,70.0,10.0,20.0,normal,0.000000,0.112987,0.091845
perpendicular,65.0,70.0,10.0,20.0,normal,0.000000,0.152245,0.105027
height,65.0,70.0,10.0,20.0,normal,0.000000,0.089561,0.079326
yaw,65.0,70.0,10.0,20.0,normal,0.000000,0.118296,0.085015
width,65.0,70.0,10.0,20.0,normal,0.000000,0.112261,0.090525
length,65.0,70.0,10.0,20.0,normal,0.000000,0.156196,0.115270
box_height,65.0,70.0,10.0,20.0,normal,0.000000,0.106909,0.077143
miss_detection,65.0,70.0,20.0,30.0,constant,0.800000,,
distal,65.0,70.0,20.0,30.0,normal,0.000000,0.000000,0.463715
perpendicular,65.0,70.0,20.0,30.0,normal,0.000000,0.000000,0.062679
height,65.0,70.0,20.0,30.0,normal,0.000000,0.000000,0.260012
yaw,65.0,70.0,20.0,30.0,normal,0.000000,0.000000,0.002413
width,65.0,70.0,20.0,30.0,normal,0.000000,0.000000,0.020997
length,65.0,70.0,20.0,30.0,normal,0.000000,0.000000,0.161965
box_height,65.0,70.0,20.0,30.0,normal,0.000000,0.000000,0.098318
miss_detection,65.0,70.0,30.0,40.0,constant,1.000000,,
distal,65.0,70.0,30.0,40.0,normal,0.000000,0.109864,0.074604
perpendicular,65.0,70.0,30.0,40.0,normal,0.000000,0.134888,0.089462
height,65.0,70.0,30.0,40.0,normal,0.000000,0.107713,0.072683
yaw,65.0,70.0,30.0,40.0,normal,0.000000,0.369488,0.103646
width,65.0,70.0,30.0,40.0,normal,0.000000,0.101019,0.074218
length,65.0,70.0,30.0,40.0,normal,0.000000,0.167888,0.112348
box_height,65.0,70.0,30.0,40.0,normal,0.000000,0.094363,0.067277
miss_detection,65.0,70.0,40.0,50.0,constant,1.000000,,
distal,65.0,70.0,40.0,50.0,normal,0.000000,0.109864,0.074604
perpendicular,65.0,70.0,40.0,50.0,normal,0.000000,0.134888,0.089462
height,65.0,70.0,40.0,50.0,normal,0.000000,0.107713,0.072683
yaw,65.0,70.0,40.0,50.0,normal,0.000000,0.369488,0.103646
width,65.0,70.0,40.0,50.0,normal,0.000000,0.101019,0.074218
length,65.0,70.0,40.0,50.0,normal,0.000000,0.167888,0.112348
box_height,65.0,70.0,40.0,50.0,normal,0.000000,0.094363,0.067277
miss_detection,65.0,70.0,50.0,60.0,constant,1.000000,,
distal,65.0,70.0,50.0,60.0,normal,0.000000,0.109864,0.074604
perpendicular,65.0,70.0,50.0,60.0,normal,0.000000,0.134888,0.089462
height,65.0,70.0,50.0,60.0,normal,0.000000,0.107713,0.072683
yaw,65.0,70.0,50.0,60.0,normal,0.000000,0.369488,0.103646
width,65.0,70.0,50.0,60.0,normal,0.000000,0.101019,0.074218
length,65.0,70.0,50.0,60.0,normal,0.000000,0.167888,0.112348
box_height,65.0,70.0,50.0,60.0,normal,0.000000,0.094363,0.067277
miss_detection,65.0,70.0,60.0,70.0,constant,1.000000,,
distal,65.0,70.0,60.0,70.0,normal,0.000000,0.109864,0.074604
perpendicular,65.0,70.0,60.0,70.0,normal,0.000000,0.134888,0.089462
height,65.0,70.0,60.0,70.0,normal,0.000000,0.107713,0.072683
yaw,65.0,70.0,60.0,70.0,normal,0.000000,0.369488,0.103646
width,65.0,70.0,60.0,70.0,normal,0.000000,0.101019,0.074218
length,65.0,70.0,60.0,70.0,normal,0.000000,0.167888,0.112348
box_height,65.0,70.0,60.0,70.0,normal,0.000000,0.094363,0.067277
miss_detection,65.0,70.0,70.0,80.0,constant,1.000000,,
distal,65.0,70.0,70.0,80.0,normal,0.000000,0.109864,0.074604
perpendicular,65.0,70.0,70.0,80.0,normal,0.000000,0.134888,0.089462
height,65.0,70.0,70.0,80.0,normal,0.000000,0.107713,0.072683
yaw,65.0,70.0,70.0,80.0,normal,0.000000,0.369488,0.103646
width,65.0,70.0,70.0,80.0,normal,0.000000,0.101019,0.074218
length,65.0,70.0,70.0,80.0,normal,0.000000,0.167888,0.112348
box_height,65.0,70.0,70.0,80.0,normal,0.000000,0.094363,0.067277
miss_detection,65.0,70.0,80.0,90.0,constant,1.000000,,
distal,65.0,70.0,80.0,90.0,normal,0.000000,0.109864,0.074604
perpendicular,65.0,70.0,80.0,90.0,normal,0.000000,0.134888,0.089462
height,65.0,70.0,80.0,90.0,normal,0.000000,0.107713,0.072683
yaw,65.0,70.0,80.0,90.0,normal,0.000000,0.369488,0.103646
width,65.0,70.0,80.0,90.0,normal,0.000000,0.101019,0.074218
length,65.0,70.0,80.0,90.0,normal,0.000000,0.167888,0.112348
box_height,65.0,70.0,80.0,90.0,normal,0.000000,0.094363,0.067277
miss_detection,65.0,70.0,90.0,100.0,constant,1.000000,,
distal,65.0,70.0,90.0,100.0,normal,0.000000,0.109864,0.074604
perpendicular,65.0,70.0,90.0,100.0,normal,0.000000,0.134888,0.089462
height,65.0,70.0,90.0,100.0,normal,0.000000,0.107713,0.072683
yaw,65.0,70.0,90.0,100.0,normal,0.000000,0.369488,0.103646
width,65.0,70.0,90.0,100.0,normal,0.000000,0.101019,0.074218
length,65.0,70.0,90.0,100.0,normal,0.000000,0.167888,0.112348
box_height,65.0,70.0,90.0,100.0,normal,0.000000,0.094363,0.067277
miss_detection,65.0,70.0,100.0,110.0,constant,1.000000,,
distal,65.0,70.0,100.0,110.0,normal,0.000000,0.109864,0.074604
perpendicular,65.0,70.0,100.0,110.0,normal,0.000000,0.134888,0.089462
height,65.0,70.0,100.0,110.0,normal,0.000000,0.107713,0.072683
yaw,65.0,70.0,100.0,110.0,normal,0.000000,0.369488,0.103646
width,65.0,70.0,100.0,110.0,normal,0.000000,0.101019,0.074218
length,65.0,70.0,100.0,110.0,normal,0.000000,0.167888,0.112348
box_height,65.0,70.0,100.0,110.0,normal,0.000000,0.094363,0.067277
miss_detection,65.0,70.0,110.0,120.0,constant,1.000000,,
distal,65.0,70.0,110.0,120.0,normal,0.000000,0.109864,0.074604
perpendicular,65.0,70.0,110.0,120.0,normal,0.000000,0.134888,0.089462
height,65.0,70.0,110.0,120.0,normal,0.000000,0.107713,0.072683
yaw,65.0,70.0,110.0,120.0,normal,0.000000,0.369488,0.103646
width,65.0,70.0,110.0,120.0,normal,0.000000,0.101019,0.074218
length,65.0,70.0,110.0,120.0,normal,0.000000,0.167888,0.112348
box_height,65.0,70.0,110.0,120.0,normal,0.000000,0.094363,0.067277
miss_detection,65.0,70.0,120.0,130.0,constant,1.000000,,
distal,65.0,70.0,120.0,130.0,normal,0.000000,0.109864,0.074604
perpendicular,65.0,70.0,120.0,130.0,normal,0.000000,0.134888,0.089462
height,65.0,70.0,120.0,130.0,normal,0.000000,0.107713,0.072683
yaw,65.0,70.0,120.0,130.0,normal,0.000000,0.369488,0.103646
width,65.0,70.0,120.0,130.0,normal,0.000000,0.101019,0.074218
length,65.0,70.0,120.0,130.0,normal,0.000000,0.167888,0.112348
box_height,65.0,70.0,120.0,130.0,normal,0.000000,0.094363,0.067277
miss_detection,65.0,70.0,130.0,140.0,constant,1.000000,,
distal,65.0,70.0,130.0,140.0,normal,0.000000,0.109864,0.074604
perpendicular,65.0,70.0,130.0,140.0,normal,0.000000,0.134888,0.089462
height,65.0,70.0,130.0,140.0,normal,0.000000,0.107713,0.072683
yaw,65.0,70.0,130.0,140.0,normal,0.000000,0.369488,0.103646
width,65.0,70.0,130.0,140.0,normal,0.000000,0.101019,0.074218
length,65.0,70.0,130.0,140.0,normal,0.000000,0.167888,0.112348
box_height,65.0,70.0,130.0,140.0,normal,0.000000,0.094363,0.067277
miss_detection,65.0,70.0,140.0,150.0,constant,1.000000,,
distal,65.0,70.0,140.0,150.0,normal,0.000000,0.109864,0.074604
perpendicular,65.0,70.0,140.0,150.0,normal,0.000000,0.134888,0.089462
height,65.0,70.0,140.0,150.0,normal,0.000000,0.107713,0.072683
yaw,65.0,70.0,140.0,150.0,normal,0.000000,0.369488,0.103646
width,65.0,70.0,140.0,150.0,normal,0.000000,0.101019,0.074218
length,65.0,70.0,140.0,150.0,normal,0.000000,0.167888,0.112348
box_height,65.0,70.0,140.0,150.0,normal,0.000000,0.094363,0.067277
miss_detection,65.0,70.0,150.0,160.0,constant,1.000000,,
distal,65.0,70.0,150.0,160.0,normal,0.000000,0.109864,0.074604
perpendicular,65.0,70.0,150.0,160.0,normal,0.000000,0.134888,0.089462
height,65.0,70.0,150.0,160.0,normal,0.000000,0.107713,0.072683
yaw,65.0,70.0,150.0,160.0,normal,0.000000,0.369488,0.103646
width,65.0,70.0,150.0,160.0,normal,0.000000,0.101019,0.074218
length,65.0,70.0,150.0,160.0,normal,0.000000,0.167888,0.112348
box_height,65.0,70.0,150.0,160.0,normal,0.000000,0.094363,0.067277
miss_detection,65.0,70.0,160.0,170.0,constant,1.000000,,
distal,65.0,70.0,160.0,170.0,normal,0.000000,0.109864,0.074604
perpendicular,65.0,70.0,160.0,170.0,normal,0.000000,0.134888,0.089462
height,65.0,70.0,160.0,170.0,normal,0.000000,0.107713,0.072683
yaw,65.0,70.0,160.0,170.0,normal,0.000000,0.369488,0.103646
width,65.0,70.0,160.0,170.0,normal,0.000000,0.101019,0.074218
length,65.0,70.0,160.0,170.0,normal,0.000000,0.167888,0.112348
box_height,65.0,70.0,160.0,170.0,normal,0.000000,0.094363,0.067277
miss_detection,65.0,70.0,170.0,180.0,constant,1.000000,,
distal,65.0,70.0,170.0,180.0,normal,0.000000,0.109864,0.074604
perpendicular,65.0,70.0,170.0,180.0,normal,0.000000,0.134888,0.089462
height,65.0,70.0,170.0,180.0,normal,0.000000,0.107713,0.072683
yaw,65.0,70.0,170.0,180.0,normal,0.000000,0.369488,0.103646
width,65.0,70.0,170.0,180.0,normal,0.000000,0.101019,0.074218
length,65.0,70.0,170.0,180.0,normal,0.000000,0.167888,0.112348
box_height,65.0,70.0,170.0,180.0,normal,0.000000,0.094363,0.067277
miss_detection,70.0,75.0,-180.0,-170.0,constant,1.000000,,
distal,70.0,75.0,-180.0,-170.0,normal,0.000000,0.109864,0.074604
perpendicular,70.0,75.0,-180.0,-170.0,normal,0.000000,0.134888,0.089462
height,70.0,75.0,-180.0,-170.0,normal,0.000000,0.107713,0.072683
yaw,70.0,75.0,-180.0,-170.0,normal,0.000000,0.369488,0.103646
width,70.0,75.0,-180.0,-170.0,normal,0.000000,0.101019,0.074218
length,70.0,75.0,-180.0,-170.0,normal,0.000000,0.167888,0.112348
box_height,70.0,75.0,-180.0,-170.0,normal,0.000000,0.094363,0.067277
miss_detection,70.0,75.0,-170.0,-160.0,constant,1.000000,,
distal,70.0,75.0,-170.0,-160.0,normal,0.000000,0.109864,0.074604
perpendicular,70.0,75.0,-170.0,-160.0,normal,0.000000,0.134888,0.089462
height,70.0,75.0,-170.0,-160.0,normal,0.000000,0.107713,0.072683
yaw,70.0,75.0,-170.0,-160.0,normal,0.000000,0.369488,0.103646
width,70.0,75.0,-170.0,-160.0,normal,0.000000,0.101019,0.074218
length,70.0,75.0,-170.0,-160.0,normal,0.000000,0.167888,0.112348
box_height,70.0,75.0,-170.0,-160.0,normal,0.000000,0.094363,0.067277
miss_detection,70.0,75.0,-160.0,-150.0,constant,1.000000,,
distal,70.0,75.0,-160.0,-150.0,normal,0.000000,0.109864,0.074604
perpendicular,70.0,75.0,-160.0,-150.0,normal,0.000000,0.134888,0.089462
height,70.0,75.0,-160.0,-150.0,normal,0.000000,0.107713,0.072683
yaw,70.0,75.0,-160.0,-150.0,normal,0.000000,0.369488,0.103646
width,70.0,75.0,-160.0,-150.0,normal,0.000000,0.101019,0.074218
length,70.0,75.0,-160.0,-150.0,normal,0.000000,0.167888,0.112348
box_height,70.0,75.0,-160.0,-150.0,normal,0.000000,0.094363,0.067277
miss_detection,70.0,75.0,-150.0,-140.0,constant,1.000000,,
distal,70.0,75.0,-150.0,-140.0,normal,0.000000,0.109864,0.074604
perpendicular,70.0,75.0,-150.0,-140.0,normal,0.000000,0.134888,0.089462
height,70.0,75.0,-150.0,-140.0,normal,0.000000,0.107713,0.072683
yaw,70.0,75.0,-150.0,-140.0,normal,0.000000,0.369488,0.103646
width,70.0,75.0,-150.0,-140.0,normal,0.000000,0.101019,0.074218
length,70.0,75.0,-150.0,-140.0,normal,0.000000,0.167888,0.112348
box_height,70.0,75.0,-150.0,-140.0,normal,0.000000,0.094363,0.067277
miss_detection,70.0,75.0,-140.0,-130.0,constant,1.000000,,
distal,70.0,75.0,-140.0,-130.0,normal,0.000000,0.109864,0.074604
perpendicular,70.0,75.0,-140.0,-130.0,normal,0.000000,0.134888,0.089462
height,70.0,75.0,-140.0,-130.0,normal,0.000000,0.107713,0.072683
yaw,70.0,75.0,-140.0,-130.0,normal,0.000000,0.369488,0.103646
width,70.0,75.0,-140.0,-130.0,normal,0.000000,0.101019,0.074218
length,70.0,75.0,-140.0,-130.0,normal,0.000000,0.167888,0.112348
box_height,70.0,75.0,-140.0,-130.0,normal,0.000000,0.094363,0.067277
miss_detection,70.0,75.0,-130.0,-120.0,constant,1.000000,,
distal,70.0,75.0,-130.0,-120.0,normal,0.000000,0.109864,0.074604
perpendicular,70.0,75.0,-130.0,-120.0,normal,0.000000,0.134888,0.089462
height,70.0,75.0,-130.0,-120.0,normal,0.000000,0.107713,0.072683
yaw,70.0,75.0,-130.0,-120.0,normal,0.000000,0.369488,0.103646
width,70.0,75.0,-130.0,-120.0,normal,0.000000,0.101019,0.074218
length,70.0,75.0,-130.0,-120.0,normal,0.000000,0.167888,0.112348
box_height,70.0,75.0,-130.0,-120.0,normal,0.000000,0.094363,0.067277
miss_detection,70.0,75.0,-120.0,-110.0,constant,1.000000,,
distal,70.0,75.0,-120.0,-110.0,normal,0.000000,0.109864,0.074604
perpendicular,70.0,75.0,-120.0,-110.0,normal,0.000000,0.134888,0.089462
height,70.0,75.0,-120.0,-110.0,normal,0.000000,0.107713,0.072683
yaw,70.0,75.0,-120.0,-110.0,normal,0.000000,0.369488,0.103646
width,70.0,75.0,-120.0,-110.0,normal,0.000000,0.101019,0.074218
length,70.0,75.0,-120.0,-110.0,normal,0.000000,0.167888,0.112348
box_height,70.0,75.0,-120.0,-110.0,normal,0.000000,0.094363,0.067277
miss_detection,70.0,75.0,-110.0,-100.0,constant,1.000000,,
distal,70.0,75.0,-110.0,-100.0,normal,0.000000,0.109864,0.074604
perpendicular,70.0,75.0,-110.0,-100.0,normal,0.000000,0.134888,0.089462
height,70.0,75.0,-110.0,-100.0,normal,0.000000,0.107713,0.072683
yaw,70.0,75.0,-110.0,-100.0,normal,0.000000,0.369488,0.103646
width,70.0,75.0,-110.0,-100.0,normal,0.000000,0.101019,0.074218
length,70.0,75.0,-110.0,-100.0,normal,0.000000,0.167888,0.112348
box_height,70.0,75.0,-110.0,-100.0,normal,0.000000,0.094363,0.067277
miss_detection,70.0,75.0,-100.0,-90.0,constant,1.000000,,
distal,70.0,75.0,-100.0,-90.0,normal,0.000000,0.109864,0.074604
perpendicular,70.0,75.0,-100.0,-90.0,normal,0.000000,0.134888,0.089462
height,70.0,75.0,-100.0,-90.0,normal,0.000000,0.107713,0.072683
yaw,70.0,75.0,-100.0,-90.0,normal,0.000000,0.369488,0.103646
width,70.0,75.0,-100.0,-90.0,normal,0.000000,0.101019,0.074218
length,70.0,75.0,-100.0,-90.0,normal,0.000000,0.167888,0.112348
box_height,70.0,75.0,-100.0,-90.0,normal,0.000000,0.094363,0.067277
miss_detection,70.0,75.0,-90.0,-80.0,constant,1.000000,,
distal,70.0,75.0,-90.0,-80.0,normal,0.000000,0.109864,0.074604
perpendicular,70.0,75.0,-90.0,-80.0,normal,0.000000,0.134888,0.089462
height,70.0,75.0,-90.0,-80.0,normal,0.000000,0.107713,0.072683
yaw,70.0,75.0,-90.0,-80.0,normal,0.000000,0.369488,0.103646
width,70.0,75.0,-90.0,-80.0,normal,0.000000,0.101019,0.074218
length,70.0,75.0,-90.0,-80.0,normal,0.000000,0.167888,0.112348
box_height,70.0,75.0,-90.0,-80.0,normal,0.000000,0.094363,0.067277
miss_detection,70.0,75.0,-80.0,-70.0,constant,1.000000,,
distal,70.0,75.0,-80.0,-70.0,normal,0.000000,0.109864,0.074604
perpendicular,70.0,75.0,-80.0,-70.0,normal,0.000000,0.134888,0.089462
height,70.0,75.0,-80.0,-70.0,normal,0.000000,0.107713,0.072683
yaw,70.0,75.0,-80.0,-70.0,normal,0.000000,0.369488,0.103646
width,70.0,75.0,-80.0,-70.0,normal,0.000000,0.101019,0.074218
length,70.0,75.0,-80.0,-70.0,normal,0.000000,0.167888,0.112348
box_height,70.0,75.0,-80.0,-70.0,normal,0.000000,0.094363,0.067277
miss_detection,70.0,75.0,-70.0,-60.0,constant,1.000000,,
distal,70.0,75.0,-70.0,-60.0,normal,0.000000,0.109864,0.074604
perpendicular,70.0,75.0,-70.0,-60.0,normal,0.000000,0.134888,0.089462
height,70.0,75.0,-70.0,-60.0,normal,0.000000,0.107713,0.072683
yaw,70.0,75.0,-70.0,-60.0,normal,0.000000,0.369488,0.103646
width,70.0,75.0,-70.0,-60.0,normal,0.000000,0.101019,0.074218
length,70.0,75.0,-70.0,-60.0,normal,0.000000,0.167888,0.112348
box_height,70.0,75.0,-70.0,-60.0,normal,0.000000,0.094363,0.067277
miss_detection,70.0,75.0,-60.0,-50.0,constant,1.000000,,
distal,70.0,75.0,-60.0,-50.0,normal,0.000000,0.109864,0.074604
perpendicular,70.0,75.0,-60.0,-50.0,normal,0.000000,0.134888,0.089462
height,70.0,75.0,-60.0,-50.0,normal,0.000000,0.107713,0.072683
yaw,70.0,75.0,-60.0,-50.0,normal,0.000000,0.369488,0.103646
width,70.0,75.0,-60.0,-50.0,normal,0.000000,0.101019,0.074218
length,70.0,75.0,-60.0,-50.0,normal,0.000000,0.167888,0.112348
box_height,70.0,75.0,-60.0,-50.0,normal,0.000000,0.094363,0.067277
miss_detection,70.0,75.0,-50.0,-40.0,constant,1.000000,,
distal,70.0,75.0,-50.0,-40.0,normal,0.000000,0.109864,0.074604
perpendicular,70.0,75.0,-50.0,-40.0,normal,0.000000,0.134888,0.089462
height,70.0,75.0,-50.0,-40.0,normal,0.000000,0.107713,0.072683
yaw,70.0,75.0,-50.0,-40.0,normal,0.000000,0.369488,0.103646
width,70.0,75.0,-50.0,-40.0,normal,0.000000,0.101019,0.074218
length,70.0,75.0,-50.0,-40.0,normal,0.000000,0.167888,0.112348
box_height,70.0,75.0,-50.0,-40.0,normal,0.000000,0.094363,0.067277
miss_detection,70.0,75.0,-40.0,-30.0,constant,1.000000,,
distal,70.0,75.0,-40.0,-30.0,normal,0.000000,0.109864,0.074604
perpendicular,70.0,75.0,-40.0,-30.0,normal,0.000000,0.134888,0.089462
height,70.0,75.0,-40.0,-30.0,normal,0.000000,0.107713,0.072683
yaw,70.0,75.0,-40.0,-30.0,normal,0.000000,0.369488,0.103646
width,70.0,75.0,-40.0,-30.0,normal,0.000000,0.101019,0.074218
length,70.0,75.0,-40.0,-30.0,normal,0.000000,0.167888,0.112348
box_height,70.0,75.0,-40.0,-30.0,normal,0.000000,0.094363,0.067277
miss_detection,70.0,75.0,-30.0,-20.0,constant,1.000000,,
distal,70.0,75.0,-30.0,-20.0,normal,0.000000,0.109864,0.074604
perpendicular,70.0,75.0,-30.0,-20.0,normal,0.000000,0.134888,0.089462
height,70.0,75.0,-30.0,-20.0,normal,0.000000,0.107713,0.072683
yaw,70.0,75.0,-30.0,-20.0,normal,0.000000,0.369488,0.103646
width,70.0,75.0,-30.0,-20.0,normal,0.000000,0.101019,0.074218
length,70.0,75.0,-30.0,-20.0,normal,0.000000,0.167888,0.112348
box_height,70.0,75.0,-30.0,-20.0,normal,0.000000,0.094363,0.067277
miss_detection,70.0,75.0,-20.0,-10.0,constant,0.375000,,
distal,70.0,75.0,-20.0,-10.0,normal,0.000000,0.113490,0.083914
perpendicular,70.0,75.0,-20.0,-10.0,normal,0.000000,0.209834,0.130801
height,70.0,75.0,-20.0,-10.0,normal,0.000000,0.060478,0.052169
yaw,70.0,75.0,-20.0,-10.0,normal,0.000000,0.458671,0.114578
width,70.0,75.0,-20.0,-10.0,normal,0.000000,0.101904,0.074855
length,70.0,75.0,-20.0,-10.0,normal,0.000000,0.178294,0.135930
box_height,70.0,75.0,-20.0,-10.0,normal,0.000000,0.079171,0.060550
miss_detection,70.0,75.0,-10.0,0.0,constant,0.441860,,
distal,70.0,75.0,-10.0,0.0,normal,0.000000,0.059023,0.059764
perpendicular,70.0,75.0,-10.0,0.0,normal,0.000000,0.101739,0.092766
height,70.0,75.0,-10.0,0.0,normal,0.000000,0.169613,0.124864
yaw,70.0,75.0,-10.0,0.0,normal,0.000000,0.044218,0.038407
width,70.0,75.0,-10.0,0.0,normal,0.000000,0.076034,0.058744
length,70.0,75.0,-10.0,0.0,normal,0.000000,0.093937,0.075886
box_height,70.0,75.0,-10.0,0.0,normal,0.000000,0.061388,0.050580
miss_detection,70.0,75.0,0.0,10.0,constant,0.125000,,
distal,70.0,75.0,0.0,10.0,normal,0.000000,0.054923,0.050061
perpendicular,70.0,75.0,0.0,10.0,normal,0.000000,0.105666,0.084649
height,70.0,75.0,0.0,10.0,normal,0.000000,0.101532,0.081120
yaw,70.0,75.0,0.0,10.0,normal,0.000000,0.081664,0.065888
width,70.0,75.0,0.0,10.0,normal,0.000000,0.060311,0.058941
length,70.0,75.0,0.0,10.0,normal,0.000000,0.070685,0.062152
box_height,70.0,75.0,0.0,10.0,normal,0.000000,0.092591,0.069673
miss_detection,70.0,75.0,10.0,20.0,constant,0.009901,,
distal,70.0,75.0,10.0,20.0,normal,0.000000,0.136364,0.099640
perpendicular,70.0,75.0,10.0,20.0,normal,0.000000,0.250352,0.156342
height,70.0,75.0,10.0,20.0,normal,0.000000,0.114241,0.081462
yaw,70.0,75.0,10.0,20.0,normal,0.000000,0.181556,0.102586
width,70.0,75.0,10.0,20.0,normal,0.000000,0.121130,0.096343
length,70.0,75.0,10.0,20.0,normal,0.000000,0.192855,0.139405
box_height,70.0,75.0,10.0,20.0,normal,0.000000,0.132698,0.093272
miss_detection,70.0,75.0,20.0,30.0,constant,1.000000,,
distal,70.0,75.0,20.0,30.0,normal,0.000000,0.109864,0.074604
perpendicular,70.0,75.0,20.0,30.0,normal,0.000000,0.134888,0.089462
height,70.0,75.0,20.0,30.0,normal,0.000000,0.107713,0.072683
yaw,70.0,75.0,20.0,30.0,normal,0.000000,0.369488,0.103646
width,70.0,75.0,20.0,30.0,normal,0.000000,0.101019,0.074218
length,70.0,75.0,20.0,30.0,normal,0.000000,0.167888,0.112348
box_height,70.0,75.0,20.0,30.0,normal,0.000000,0.094363,0.067277
miss_detection,70.0,75.0,30.0,40.0,constant,1.000000,,
distal,70.0,75.0,30.0,40.0,normal,0.000000,0.109864,0.074604
perpendicular,70.0,75.0,30.0,40.0,normal,0.000000,0.134888,0.089462
height,70.0,75.0,30.0,40.0,normal,0.000000,0.107713,0.072683
yaw,70.0,75.0,30.0,40.0,normal,0.000000,0.369488,0.103646
width,70.0,75.0,30.0,40.0,normal,0.000000,0.101019,0.074218
length,70.0,75.0,30.0,40.0,normal,0.000000,0.167888,0.112348
box_height,70.0,75.0,30.0,40.0,normal,0.000000,0.094363,0.067277
miss_detection,70.0,75.0,40.0,50.0,constant,1.000000,,
distal,70.0,75.0,40.0,50.0,normal,0.000000,0.109864,0.074604
perpendicular,70.0,75.0,40.0,50.0,normal,0.000000,0.134888,0.089462
height,70.0,75.0,40.0,50.0,normal,0.000000,0.107713,0.072683
yaw,70.0,75.0,40.0,50.0,normal,0.000000,0.369488,0.103646
width,70.0,75.0,40.0,50.0,normal,0.000000,0.101019,0.074218
length,70.0,75.0,40.0,50.0,normal,0.000000,0.167888,0.112348
box_height,70.0,75.0,40.0,50.0,normal,0.000000,0.094363,0.067277
miss_detection,70.0,75.0,50.0,60.0,constant,1.000000,,
distal,70.0,75.0,50.0,60.0,normal,0.000000,0.109864,0.074604
perpendicular,70.0,75.0,50.0,60.0,normal,0.000000,0.134888,0.089462
height,70.0,75.0,50.0,60.0,normal,0.000000,0.107713,0.072683
yaw,70.0,75.0,50.0,60.0,normal,0.000000,0.369488,0.103646
width,70.0,75.0,50.0,60.0,normal,0.000000,0.101019,0.074218
length,70.0,75.0,50.0,60.0,normal,0.000000,0.167888,0.112348
box_height,70.0,75.0,50.0,60.0,normal,0.000000,0.094363,0.067277
miss_detection,70.0,75.0,60.0,70.0,constant,1.000000,,
distal,70.0,75.0,60.0,70.0,normal,0.000000,0.109864,0.074604
perpendicular,70.0,75.0,60.0,70.0,normal,0.000000,0.134888,0.089462
height,70.0,75.0,60.0,70.0,normal,0.000000,0.107713,0.072683
yaw,70.0,75.0,60.0,70.0,normal,0.000000,0.369488,0.103646
width,70.0,75.0,60.0,70.0,normal,0.000000,0.101019,0.074218
length,70.0,75.0,60.0,70.0,normal,0.000000,0.167888,0.112348
box_height,70.0,75.0,60.0,70.0,normal,0.000000,0.094363,0.067277
miss_detection,70.0,75.0,70.0,80.0,constant,1.000000,,
distal,70.0,75.0,70.0,80.0,normal,0.000000,0.109864,0.074604
perpendicular,70.0,75.0,70.0,80.0,normal,0.000000,0.134888,0.089462
height,70.0,75.0,70.0,80.0,normal,0.000000,0.107713,0.072683
yaw,70.0,75.0,70.0,80.0,normal,0.000000,0.369488,0.103646
width,70.0,75.0,70.0,80.0,normal,0.000000,0.101019,0.074218
length,70.0,75.0,70.0,80.0,normal,0.000000,0.167888,0.112348
box_height,70.0,75.0,70.0,80.0,normal,0.000000,0.094363,0.067277
miss_detection,70.0,75.0,80.0,90.0,constant,1.000000,,
distal,70.0,75.0,80.0,90.0,normal,0.000000,0.109864,0.074604
perpendicular,70.0,75.0,80.0,90.0,normal,0.000000,0.134888,0.089462
height,70.0,75.0,80.0,90.0,normal,0.000000,0.107713,0.072683
yaw,70.0,75.0,80.0,90.0,normal,0.000000,0.369488,0.103646
width,70.0,75.0,80.0,90.0,normal,0.000000,0.101019,0.074218
length,70.0,75.0,80.0,90.0,normal,0.000000,0.167888,0.112348
box_height,70.0,75.0,80.0,90.0,normal,0.000000,0.094363,0.067277
miss_detection,70.0,75.0,90.0,100.0,constant,1.000000,,
distal,70.0,75.0,90.0,100.0,normal,0.000000,0.109864,0.074604
perpendicular,70.0,75.0,90.0,100.0,normal,0.000000,0.134888,0.089462
height,70.0,75.0,90.0,100.0,normal,0.000000,0.107713,0.072683
yaw,70.0,75.0,90.0,100.0,normal,0.000000,0.369488,0.103646
width,70.0,75.0,90.0,100.0,normal,0.000000,0.101019,0.074218
length,70.0,75.0,90.0,100.0,normal,0.000000,0.167888,0.112348
box_height,70.0,75.0,90.0,100.0,normal,0.000000,0.094363,0.067277
miss_detection,70.0,75.0,100.0,110.0,constant,1.000000,,
distal,70.0,75.0,100.0,110.0,normal,0.000000,0.109864,0.074604
perpendicular,70.0,75.0,100.0,110.0,normal,0.000000,0.134888,0.089462
height,70.0,75.0,100.0,110.0,normal,0.000000,0.107713,0.072683
yaw,70.0,75.0,100.0,110.0,normal,0.000000,0.369488,0.103646
width,70.0,75.0,100.0,110.0,normal,0.000000,0.101019,0.074218
length,70.0,75.0,100.0,110.0,normal,0.000000,0.167888,0.112348
box_height,70.0,75.0,100.0,110.0,normal,0.000000,0.094363,0.067277
miss_detection,70.0,75.0,110.0,120.0,constant,1.000000,,
distal,70.0,75.0,110.0,120.0,normal,0.000000,0.109864,0.074604
perpendicular,70.0,75.0,110.0,120.0,normal,0.000000,0.134888,0.089462
height,70.0,75.0,110.0,120.0,normal,0.000000,0.107713,0.072683
yaw,70.0,75.0,110.0,120.0,normal,0.000000,0.369488,0.103646
width,70.0,75.0,110.0,120.0,normal,0.000000,0.101019,0.074218
length,70.0,75.0,110.0,120.0,normal,0.000000,0.167888,0.112348
box_height,70.0,75.0,110.0,120.0,normal,0.000000,0.094363,0.067277
miss_detection,70.0,75.0,120.0,130.0,constant,1.000000,,
distal,70.0,75.0,120.0,130.0,normal,0.000000,0.109864,0.074604
perpendicular,70.0,75.0,120.0,130.0,normal,0.000000,0.134888,0.089462
height,70.0,75.0,120.0,130.0,normal,0.000000,0.107713,0.072683
yaw,70.0,75.0,120.0,130.0,normal,0.000000,0.369488,0.103646
width,70.0,75.0,120.0,130.0,normal,0.000000,0.101019,0.074218
length,70.0,75.0,120.0,130.0,normal,0.000000,0.167888,0.112348
box_height,70.0,75.0,120.0,130.0,normal,0.000000,0.094363,0.067277
miss_detection,70.0,75.0,130.0,140.0,constant,1.000000,,
distal,70.0,75.0,130.0,140.0,normal,0.000000,0.109864,0.074604
perpendicular,70.0,75.0,130.0,140.0,normal,0.000000,0.134888,0.089462
height,70.0,75.0,130.0,140.0,normal,0.000000,0.107713,0.072683
yaw,70.0,75.0,130.0,140.0,normal,0.000000,0.369488,0.103646
width,70.0,75.0,130.0,140.0,normal,0.000000,0.101019,0.074218
length,70.0,75.0,130.0,140.0,normal,0.000000,0.167888,0.112348
box_height,70.0,75.0,130.0,140.0,normal,0.000000,0.094363,0.067277
miss_detection,70.0,75.0,140.0,150.0,constant,1.000000,,
distal,70.0,75.0,140.0,150.0,normal,0.000000,0.109864,0.074604
perpendicular,70.0,75.0,140.0,150.0,normal,0.000000,0.134888,0.089462
height,70.0,75.0,140.0,150.0,normal,0.000000,0.107713,0.072683
yaw,70.0,75.0,140.0,150.0,normal,0.000000,0.369488,0.103646
width,70.0,75.0,140.0,150.0,normal,0.000000,0.101019,0.074218
length,70.0,75.0,140.0,150.0,normal,0.000000,0.167888,0.112348
box_height,70.0,75.0,140.0,150.0,normal,0.000000,0.094363,0.067277
miss_detection,70.0,75.0,150.0,160.0,constant,1.000000,,
distal,70.0,75.0,150.0,160.0,normal,0.000000,0.109864,0.074604
perpendicular,70.0,75.0,150.0,160.0,normal,0.000000,0.134888,0.089462
height,70.0,75.0,150.0,160.0,normal,0.000000,0.107713,0.072683
yaw,70.0,75.0,150.0,160.0,normal,0.000000,0.369488,0.103646
width,70.0,75.0,150.0,160.0,normal,0.000000,0.101019,0.074218
length,70.0,75.0,150.0,160.0,normal,0.000000,0.167888,0.112348
box_height,70.0,75.0,150.0,160.0,normal,0.000000,0.094363,0.067277
miss_detection,70.0,75.0,160.0,170.0,constant,1.000000,,
distal,70.0,75.0,160.0,170.0,normal,0.000000,0.109864,0.074604
perpendicular,70.0,75.0,160.0,170.0,normal,0.000000,0.134888,0.089462
height,70.0,75.0,160.0,170.0,normal,0.000000,0.107713,0.072683
yaw,70.0,75.0,160.0,170.0,normal,0.000000,0.369488,0.103646
width,70.0,75.0,160.0,170.0,normal,0.000000,0.101019,0.074218
length,70.0,75.0,160.0,170.0,normal,0.000000,0.167888,0.112348
box_height,70.0,75.0,160.0,170.0,normal,0.000000,0.094363,0.067277
miss_detection,70.0,75.0,170.0,180.0,constant,1.000000,,
distal,70.0,75.0,170.0,180.0,normal,0.000000,0.109864,0.074604
perpendicular,70.0,75.0,170.0,180.0,normal,0.000000,0.134888,0.089462
height,70.0,75.0,170.0,180.0,normal,0.000000,0.107713,0.072683
yaw,70.0,75.0,170.0,180.0,normal,0.000000,0.369488,0.103646
width,70.0,75.0,170.0,180.0,normal,0.000000,0.101019,0.074218
length,70.0,75.0,170.0,180.0,normal,0.000000,0.167888,0.112348
box_height,70.0,75.0,170.0,180.0,normal,0.000000,0.094363,0.067277
miss_detection,75.0,80.0,-180.0,-170.0,constant,1.000000,,
distal,75.0,80.0,-180.0,-170.0,normal,0.000000,0.109864,0.074604
perpendicular,75.0,80.0,-180.0,-170.0,normal,0.000000,0.134888,0.089462
height,75.0,80.0,-180.0,-170.0,normal,0.000000,0.107713,0.072683
yaw,75.0,80.0,-180.0,-170.0,normal,0.000000,0.369488,0.103646
width,75.0,80.0,-180.0,-170.0,normal,0.000000,0.101019,0.074218
length,75.0,80.0,-180.0,-170.0,normal,0.000000,0.167888,0.112348
box_height,75.0,80.0,-180.0,-170.0,normal,0.000000,0.094363,0.067277
miss_detection,75.0,80.0,-170.0,-160.0,constant,1.000000,,
distal,75.0,80.0,-170.0,-160.0,normal,0.000000,0.109864,0.074604
perpendicular,75.0,80.0,-170.0,-160.0,normal,0.000000,0.134888,0.089462
height,75.0,80.0,-170.0,-160.0,normal,0.000000,0.107713,0.072683
yaw,75.0,80.0,-170.0,-160.0,normal,0.000000,0.369488,0.103646
width,75.0,80.0,-170.0,-160.0,normal,0.000000,0.101019,0.074218
length,75.0,80.0,-170.0,-160.0,normal,0.000000,0.167888,0.112348
box_height,75.0,80.0,-170.0,-160.0,normal,0.000000,0.094363,0.067277
miss_detection,75.0,80.0,-160.0,-150.0,constant,1.000000,,
distal,75.0,80.0,-160.0,-150.0,normal,0.000000,0.109864,0.074604
perpendicular,75.0,80.0,-160.0,-150.0,normal,0.000000,0.134888,0.089462
height,75.0,80.0,-160.0,-150.0,normal,0.000000,0.107713,0.072683
yaw,75.0,80.0,-160.0,-150.0,normal,0.000000,0.369488,0.103646
width,75.0,80.0,-160.0,-150.0,normal,0.000000,0.101019,0.074218
length,75.0,80.0,-160.0,-150.0,normal,0.000000,0.167888,0.112348
box_height,75.0,80.0,-160.0,-150.0,normal,0.000000,0.094363,0.067277
miss_detection,75.0,80.0,-150.0,-140.0,constant,1.000000,,
distal,75.0,80.0,-150.0,-140.0,normal,0.000000,0.109864,0.074604
perpendicular,75.0,80.0,-150.0,-140.0,normal,0.000000,0.134888,0.089462
height,75.0,80.0,-150.0,-140.0,normal,0.000000,0.107713,0.072683
yaw,75.0,80.0,-150.0,-140.0,normal,0.000000,0.369488,0.103646
width,75.0,80.0,-150.0,-140.0,normal,0.000000,0.101019,0.074218
length,75.0,80.0,-150.0,-140.0,normal,0.000000,0.167888,0.112348
box_height,75.0,80.0,-150.0,-140.0,normal,0.000000,0.094363,0.067277
miss_detection,75.0,80.0,-140.0,-130.0,constant,1.000000,,
distal,75.0,80.0,-140.0,-130.0,normal,0.000000,0.109864,0.074604
perpendicular,75.0,80.0,-140.0,-130.0,normal,0.000000,0.134888,0.089462
height,75.0,80.0,-140.0,-130.0,normal,0.000000,0.107713,0.072683
yaw,75.0,80.0,-140.0,-130.0,normal,0.000000,0.369488,0.103646
width,75.0,80.0,-140.0,-130.0,normal,0.000000,0.101019,0.074218
length,75.0,80.0,-140.0,-130.0,normal,0.000000,0.167888,0.112348
box_height,75.0,80.0,-140.0,-130.0,normal,0.000000,0.094363,0.067277
miss_detection,75.0,80.0,-130.0,-120.0,constant,1.000000,,
distal,75.0,80.0,-130.0,-120.0,normal,0.000000,0.109864,0.074604
perpendicular,75.0,80.0,-130.0,-120.0,normal,0.000000,0.134888,0.089462
height,75.0,80.0,-130.0,-120.0,normal,0.000000,0.107713,0.072683
yaw,75.0,80.0,-130.0,-120.0,normal,0.000000,0.369488,0.103646
width,75.0,80.0,-130.0,-120.0,normal,0.000000,0.101019,0.074218
length,75.0,80.0,-130.0,-120.0,normal,0.000000,0.167888,0.112348
box_height,75.0,80.0,-130.0,-120.0,normal,0.000000,0.094363,0.067277
miss_detection,75.0,80.0,-120.0,-110.0,constant,1.000000,,
distal,75.0,80.0,-120.0,-110.0,normal,0.000000,0.109864,0.074604
perpendicular,75.0,80.0,-120.0,-110.0,normal,0.000000,0.134888,0.089462
height,75.0,80.0,-120.0,-110.0,normal,0.000000,0.107713,0.072683
yaw,75.0,80.0,-120.0,-110.0,normal,0.000000,0.369488,0.103646
width,75.0,80.0,-120.0,-110.0,normal,0.000000,0.101019,0.074218
length,75.0,80.0,-120.0,-110.0,normal,0.000000,0.167888,0.112348
box_height,75.0,80.0,-120.0,-110.0,normal,0.000000,0.094363,0.067277
miss_detection,75.0,80.0,-110.0,-100.0,constant,1.000000,,
distal,75.0,80.0,-110.0,-100.0,normal,0.000000,0.109864,0.074604
perpendicular,75.0,80.0,-110.0,-100.0,normal,0.000000,0.134888,0.089462
height,75.0,80.0,-110.0,-100.0,normal,0.000000,0.107713,0.072683
yaw,75.0,80.0,-110.0,-100.0,normal,0.000000,0.369488,0.103646
width,75.0,80.0,-110.0,-100.0,normal,0.000000,0.101019,0.074218
length,75.0,80.0,-110.0,-100.0,normal,0.000000,0.167888,0.112348
box_height,75.0,80.0,-110.0,-100.0,normal,0.000000,0.094363,0.067277
miss_detection,75.0,80.0,-100.0,-90.0,constant,1.000000,,
distal,75.0,80.0,-100.0,-90.0,normal,0.000000,0.109864,0.074604
perpendicular,75.0,80.0,-100.0,-90.0,normal,0.000000,0.134888,0.089462
height,75.0,80.0,-100.0,-90.0,normal,0.000000,0.107713,0.072683
yaw,75.0,80.0,-100.0,-90.0,normal,0.000000,0.369488,0.103646
width,75.0,80.0,-100.0,-90.0,normal,0.000000,0.101019,0.074218
length,75.0,80.0,-100.0,-90.0,normal,0.000000,0.167888,0.112348
box_height,75.0,80.0,-100.0,-90.0,normal,0.000000,0.094363,0.067277
miss_detection,75.0,80.0,-90.0,-80.0,constant,1.000000,,
distal,75.0,80.0,-90.0,-80.0,normal,0.000000,0.109864,0.074604
perpendicular,75.0,80.0,-90.0,-80.0,normal,0.000000,0.134888,0.089462
height,75.0,80.0,-90.0,-80.0,normal,0.000000,0.107713,0.072683
yaw,75.0,80.0,-90.0,-80.0,normal,0.000000,0.369488,0.103646
width,75.0,80.0,-90.0,-80.0,normal,0.000000,0.101019,0.074218
length,75.0,80.0,-90.0,-80.0,normal,0.000000,0.167888,0.112348
box_height,75.0,80.0,-90.0,-80.0,normal,0.000000,0.094363,0.067277
miss_detection,75.0,80.0,-80.0,-70.0,constant,1.000000,,
distal,75.0,80.0,-80.0,-70.0,normal,0.000000,0.109864,0.074604
perpendicular,75.0,80.0,-80.0,-70.0,normal,0.000000,0.134888,0.089462
height,75.0,80.0,-80.0,-70.0,normal,0.000000,0.107713,0.072683
yaw,75.0,80.0,-80.0,-70.0,normal,0.000000,0.369488,0.103646
width,75.0,80.0,-80.0,-70.0,normal,0.000000,0.101019,0.074218
length,75.0,80.0,-80.0,-70.0,normal,0.000000,0.167888,0.112348
box_height,75.0,80.0,-80.0,-70.0,normal,0.000000,0.094363,0.067277
miss_detection,75.0,80.0,-70.0,-60.0,constant,1.000000,,
distal,75.0,80.0,-70.0,-60.0,normal,0.000000,0.109864,0.074604
perpendicular,75.0,80.0,-70.0,-60.0,normal,0.000000,0.134888,0.089462
height,75.0,80.0,-70.0,-60.0,normal,0.000000,0.107713,0.072683
yaw,75.0,80.0,-70.0,-60.0,normal,0.000000,0.369488,0.103646
width,75.0,80.0,-70.0,-60.0,normal,0.000000,0.101019,0.074218
length,75.0,80.0,-70.0,-60.0,normal,0.000000,0.167888,0.112348
box_height,75.0,80.0,-70.0,-60.0,normal,0.000000,0.094363,0.067277
miss_detection,75.0,80.0,-60.0,-50.0,constant,1.000000,,
distal,75.0,80.0,-60.0,-50.0,normal,0.000000,0.109864,0.074604
perpendicular,75.0,80.0,-60.0,-50.0,normal,0.000000,0.134888,0.089462
height,75.0,80.0,-60.0,-50.0,normal,0.000000,0.107713,0.072683
yaw,75.0,80.0,-60.0,-50.0,normal,0.000000,0.369488,0.103646
width,75.0,80.0,-60.0,-50.0,normal,0.000000,0.101019,0.074218
length,75.0,80.0,-60.0,-50.0,normal,0.000000,0.167888,0.112348
box_height,75.0,80.0,-60.0,-50.0,normal,0.000000,0.094363,0.067277
miss_detection,75.0,80.0,-50.0,-40.0,constant,1.000000,,
distal,75.0,80.0,-50.0,-40.0,normal,0.000000,0.109864,0.074604
perpendicular,75.0,80.0,-50.0,-40.0,normal,0.000000,0.134888,0.089462
height,75.0,80.0,-50.0,-40.0,normal,0.000000,0.107713,0.072683
yaw,75.0,80.0,-50.0,-40.0,normal,0.000000,0.369488,0.103646
width,75.0,80.0,-50.0,-40.0,normal,0.000000,0.101019,0.074218
length,75.0,80.0,-50.0,-40.0,normal,0.000000,0.167888,0.112348
box_height,75.0,80.0,-50.0,-40.0,normal,0.000000,0.094363,0.067277
miss_detection,75.0,80.0,-40.0,-30.0,constant,1.000000,,
distal,75.0,80.0,-40.0,-30.0,normal,0.000000,0.109864,0.074604
perpendicular,75.0,80.0,-40.0,-30.0,normal,0.000000,0.134888,0.089462
height,75.0,80.0,-40.0,-30.0,normal,0.000000,0.107713,0.072683
yaw,75.0,80.0,-40.0,-30.0,normal,0.000000,0.369488,0.103646
width,75.0,80.0,-40.0,-30.0,normal,0.000000,0.101019,0.074218
length,75.0,80.0,-40.0,-30.0,normal,0.000000,0.167888,0.112348
box_height,75.0,80.0,-40.0,-30.0,normal,0.000000,0.094363,0.067277
miss_detection,75.0,80.0,-30.0,-20.0,constant,1.000000,,
distal,75.0,80.0,-30.0,-20.0,normal,0.000000,0.109864,0.074604
perpendicular,75.0,80.0,-30.0,-20.0,normal,0.000000,0.134888,0.089462
height,75.0,80.0,-30.0,-20.0,normal,0.000000,0.107713,0.072683
yaw,75.0,80.0,-30.0,-20.0,normal,0.000000,0.369488,0.103646
width,75.0,80.0,-30.0,-20.0,normal,0.000000,0.101019,0.074218
length,75.0,80.0,-30.0,-20.0,normal,0.000000,0.167888,0.112348
box_height,75.0,80.0,-30.0,-20.0,normal,0.000000,0.094363,0.067277
miss_detection,75.0,80.0,-20.0,-10.0,constant,0.000000,,
distal,75.0,80.0,-20.0,-10.0,normal,0.000000,0.108419,0.076766
perpendicular,75.0,80.0,-20.0,-10.0,normal,0.000000,0.150420,0.115403
height,75.0,80.0,-20.0,-10.0,normal,0.000000,0.051115,0.045161
yaw,75.0,80.0,-20.0,-10.0,normal,0.000000,0.168935,0.141302
width,75.0,80.0,-20.0,-10.0,normal,0.000000,0.105237,0.094066
length,75.0,80.0,-20.0,-10.0,normal,0.000000,0.127533,0.108952
box_height,75.0,80.0,-20.0,-10.0,normal,0.000000,0.058319,0.107267
miss_detection,75.0,80.0,-10.0,0.0,constant,0.316667,,
distal,75.0,80.0,-10.0,0.0,normal,0.000000,0.161337,0.110898
perpendicular,75.0,80.0,-10.0,0.0,normal,0.000000,0.237936,0.133245
height,75.0,80.0,-10.0,0.0,normal,0.000000,0.101244,0.083360
yaw,75.0,80.0,-10.0,0.0,normal,0.000000,0.320793,0.109901
width,75.0,80.0,-10.0,0.0,normal,0.000000,0.123398,0.094215
length,75.0,80.0,-10.0,0.0,normal,0.000000,0.280710,0.170125
box_height,75.0,80.0,-10.0,0.0,normal,0.000000,0.097254,0.070690
miss_detection,75.0,80.0,0.0,10.0,constant,0.125000,,
distal,75.0,80.0,0.0,10.0,normal,0.000000,0.093785,0.072156
perpendicular,75.0,80.0,0.0,10.0,normal,0.000000,0.141240,0.127926
height,75.0,80.0,0.0,10.0,normal,0.000000,0.178874,0.132984
yaw,75.0,80.0,0.0,10.0,normal,0.000000,0.071164,0.066120
width,75.0,80.0,0.0,10.0,normal,0.000000,0.042402,0.032953
length,75.0,80.0,0.0,10.0,normal,0.000000,0.053606,0.045514
box_height,75.0,80.0,0.0,10.0,normal,0.000000,0.066228,0.052034
miss_detection,75.0,80.0,10.0,20.0,constant,0.000000,,
distal,75.0,80.0,10.0,20.0,normal,0.000000,0.115316,0.087185
perpendicular,75.0,80.0,10.0,20.0,normal,0.000000,0.165806,0.107430
height,75.0,80.0,10.0,20.0,normal,0.000000,0.143208,0.098909
yaw,75.0,80.0,10.0,20.0,normal,0.000000,0.080832,0.069232
width,75.0,80.0,10.0,20.0,normal,0.000000,0.123312,0.093730
length,75.0,80.0,10.0,20.0,normal,0.000000,0.148743,0.111871
box_height,75.0,80.0,10.0,20.0,normal,0.000000,0.135667,0.087536
miss_detection,75.0,80.0,20.0,30.0,constant,1.000000,,
distal,75.0,80.0,20.0,30.0,normal,0.000000,0.109864,0.074604
perpendicular,75.0,80.0,20.0,30.0,normal,0.000000,0.134888,0.089462
height,75.0,80.0,20.0,30.0,normal,0.000000,0.107713,0.072683
yaw,75.0,80.0,20.0,30.0,normal,0.000000,0.369488,0.103646
width,75.0,80.0,20.0,30.0,normal,0.000000,0.101019,0.074218
length,75.0,80.0,20.0,30.0,normal,0.000000,0.167888,0.112348
box_height,75.0,80.0,20.0,30.0,normal,0.000000,0.094363,0.067277
miss_detection,75.0,80.0,30.0,40.0,constant,1.000000,,
distal,75.0,80.0,30.0,40.0,normal,0.000000,0.109864,0.074604
perpendicular,75.0,80.0,30.0,40.0,normal,0.000000,0.134888,0.089462
height,75.0,80.0,30.0,40.0,normal,0.000000,0.107713,0.072683
yaw,75.0,80.0,30.0,40.0,normal,0.000000,0.369488,0.103646
width,75.0,80.0,30.0,40.0,normal,0.000000,0.101019,0.074218
length,75.0,80.0,30.0,40.0,normal,0.000000,0.167888,0.112348
box_height,75.0,80.0,30.0,40.0,normal,0.000000,0.094363,0.067277
miss_detection,75.0,80.0,40.0,50.0,constant,1.000000,,
distal,75.0,80.0,40.0,50.0,normal,0.000000,0.109864,0.074604
perpendicular,75.0,80.0,40.0,50.0,normal,0.000000,0.134888,0.089462
height,75.0,80.0,40.0,50.0,normal,0.000000,0.107713,0.072683
yaw,75.0,80.0,40.0,50.0,normal,0.000000,0.369488,0.103646
width,75.0,80.0,40.0,50.0,normal,0.000000,0.101019,0.074218
length,75.0,80.0,40.0,50.0,normal,0.000000,0.167888,0.112348
box_height,75.0,80.0,40.0,50.0,normal,0.000000,0.094363,0.067277
miss_detection,75.0,80.0,50.0,60.0,constant,1.000000,,
distal,75.0,80.0,50.0,60.0,normal,0.000000,0.109864,0.074604
perpendicular,75.0,80.0,50.0,60.0,normal,0.000000,0.134888,0.089462
height,75.0,80.0,50.0,60.0,normal,0.000000,0.107713,0.072683
yaw,75.0,80.0,50.0,60.0,normal,0.000000,0.369488,0.103646
width,75.0,80.0,50.0,60.0,normal,0.000000,0.101019,0.074218
length,75.0,80.0,50.0,60.0,normal,0.000000,0.167888,0.112348
box_height,75.0,80.0,50.0,60.0,normal,0.000000,0.094363,0.067277
miss_detection,75.0,80.0,60.0,70.0,constant,1.000000,,
distal,75.0,80.0,60.0,70.0,normal,0.000000,0.109864,0.074604
perpendicular,75.0,80.0,60.0,70.0,normal,0.000000,0.134888,0.089462
height,75.0,80.0,60.0,70.0,normal,0.000000,0.107713,0.072683
yaw,75.0,80.0,60.0,70.0,normal,0.000000,0.369488,0.103646
width,75.0,80.0,60.0,70.0,normal,0.000000,0.101019,0.074218
length,75.0,80.0,60.0,70.0,normal,0.000000,0.167888,0.112348
box_height,75.0,80.0,60.0,70.0,normal,0.000000,0.094363,0.067277
miss_detection,75.0,80.0,70.0,80.0,constant,1.000000,,
distal,75.0,80.0,70.0,80.0,normal,0.000000,0.109864,0.074604
perpendicular,75.0,80.0,70.0,80.0,normal,0.000000,0.134888,0.089462
height,75.0,80.0,70.0,80.0,normal,0.000000,0.107713,0.072683
yaw,75.0,80.0,70.0,80.0,normal,0.000000,0.369488,0.103646
width,75.0,80.0,70.0,80.0,normal,0.000000,0.101019,0.074218
length,75.0,80.0,70.0,80.0,normal,0.000000,0.167888,0.112348
box_height,75.0,80.0,70.0,80.0,normal,0.000000,0.094363,0.067277
miss_detection,75.0,80.0,80.0,90.0,constant,1.000000,,
distal,75.0,80.0,80.0,90.0,normal,0.000000,0.109864,0.074604
perpendicular,75.0,80.0,80.0,90.0,normal,0.000000,0.134888,0.089462
height,75.0,80.0,80.0,90.0,normal,0.000000,0.107713,0.072683
yaw,75.0,80.0,80.0,90.0,normal,0.000000,0.369488,0.103646
width,75.0,80.0,80.0,90.0,normal,0.000000,0.101019,0.074218
length,75.0,80.0,80.0,90.0,normal,0.000000,0.167888,0.112348
box_height,75.0,80.0,80.0,90.0,normal,0.000000,0.094363,0.067277
miss_detection,75.0,80.0,90.0,100.0,constant,1.000000,,
distal,75.0,80.0,90.0,100.0,normal,0.000000,0.109864,0.074604
perpendicular,75.0,80.0,90.0,100.0,normal,0.000000,0.134888,0.089462
height,75.0,80.0,90.0,100.0,normal,0.000000,0.107713,0.072683
yaw,75.0,80.0,90.0,100.0,normal,0.000000,0.369488,0.103646
width,75.0,80.0,90.0,100.0,normal,0.000000,0.101019,0.074218
length,75.0,80.0,90.0,100.0,normal,0.000000,0.167888,0.112348
box_height,75.0,80.0,90.0,100.0,normal,0.000000,0.094363,0.067277
miss_detection,75.0,80.0,100.0,110.0,constant,1.000000,,
distal,75.0,80.0,100.0,110.0,normal,0.000000,0.109864,0.074604
perpendicular,75.0,80.0,100.0,110.0,normal,0.000000,0.134888,0.089462
height,75.0,80.0,100.0,110.0,normal,0.000000,0.107713,0.072683
yaw,75.0,80.0,100.0,110.0,normal,0.000000,0.369488,0.103646
width,75.0,80.0,100.0,110.0,normal,0.000000,0.101019,0.074218
length,75.0,80.0,100.0,110.0,normal,0.000000,0.167888,0.112348
box_height,75.0,80.0,100.0,110.0,normal,0.000000,0.094363,0.067277
miss_detection,75.0,80.0,110.0,120.0,constant,1.000000,,
distal,75.0,80.0,110.0,120.0,normal,0.000000,0.109864,0.074604
perpendicular,75.0,80.0,110.0,120.0,normal,0.000000,0.134888,0.089462
height,75.0,80.0,110.0,120.0,normal,0.000000,0.107713,0.072683
yaw,75.0,80.0,110.0,120.0,normal,0.000000,0.369488,0.103646
width,75.0,80.0,110.0,120.0,normal,0.000000,0.101019,0.074218
length,75.0,80.0,110.0,120.0,normal,0.000000,0.167888,0.112348
box_height,75.0,80.0,110.0,120.0,normal,0.000000,0.094363,0.067277
miss_detection,75.0,80.0,120.0,130.0,constant,1.000000,,
distal,75.0,80.0,120.0,130.0,normal,0.000000,0.109864,0.074604
perpendicular,75.0,80.0,120.0,130.0,normal,0.000000,0.134888,0.089462
height,75.0,80.0,120.0,130.0,normal,0.000000,0.107713,0.072683
yaw,75.0,80.0,120.0,130.0,normal,0.000000,0.369488,0.103646
width,75.0,80.0,120.0,130.0,normal,0.000000,0.101019,0.074218
length,75.0,80.0,120.0,130.0,normal,0.000000,0.167888,0.112348
box_height,75.0,80.0,120.0,130.0,normal,0.000000,0.094363,0.067277
miss_detection,75.0,80.0,130.0,140.0,constant,1.000000,,
distal,75.0,80.0,130.0,140.0,normal,0.000000,0.109864,0.074604
perpendicular,75.0,80.0,130.0,140.0,normal,0.000000,0.134888,0.089462
height,75.0,80.0,130.0,140.0,normal,0.000000,0.107713,0.072683
yaw,75.0,80.0,130.0,140.0,normal,0.000000,0.369488,0.103646
width,75.0,80.0,130.0,140.0,normal,0.000000,0.101019,0.074218
length,75.0,80.0,130.0,140.0,normal,0.000000,0.167888,0.112348
box_height,75.0,80.0,130.0,140.0,normal,0.000000,0.094363,0.067277
miss_detection,75.0,80.0,140.0,150.0,constant,1.000000,,
distal,75.0,80.0,140.0,150.0,normal,0.000000,0.109864,0.074604
perpendicular,75.0,80.0,140.0,150.0,normal,0.000000,0.134888,0.089462
height,75.0,80.0,140.0,150.0,normal,0.000000,0.107713,0.072683
yaw,75.0,80.0,140.0,150.0,normal,0.000000,0.369488,0.103646
width,75.0,80.0,140.0,150.0,normal,0.000000,0.101019,0.074218
length,75.0,80.0,140.0,150.0,normal,0.000000,0.167888,0.112348
box_height,75.0,80.0,140.0,150.0,normal,0.000000,0.094363,0.067277
miss_detection,75.0,80.0,150.0,160.0,constant,1.000000,,
distal,75.0,80.0,150.0,160.0,normal,0.000000,0.109864,0.074604
perpendicular,75.0,80.0,150.0,160.0,normal,0.000000,0.134888,0.089462
height,75.0,80.0,150.0,160.0,normal,0.000000,0.107713,0.072683
yaw,75.0,80.0,150.0,160.0,normal,0.000000,0.369488,0.103646
width,75.0,80.0,150.0,160.0,normal,0.000000,0.101019,0.074218
length,75.0,80.0,150.0,160.0,normal,0.000000,0.167888,0.112348
box_height,75.0,80.0,150.0,160.0,normal,0.000000,0.094363,0.067277
miss_detection,75.0,80.0,160.0,170.0,constant,1.000000,,
distal,75.0,80.0,160.0,170.0,normal,0.000000,0.109864,0.074604
perpendicular,75.0,80.0,160.0,170.0,normal,0.000000,0.134888,0.089462
height,75.0,80.0,160.0,170.0,normal,0.000000,0.107713,0.072683
yaw,75.0,80.0,160.0,170.0,normal,0.000000,0.369488,0.103646
width,75.0,80.0,160.0,170.0,normal,0.000000,0.101019,0.074218
length,75.0,80.0,160.0,170.0,normal,0.000000,0.167888,0.112348
box_height,75.0,80.0,160.0,170.0,normal,0.000000,0.094363,0.067277
miss_detection,75.0,80.0,170.0,180.0,constant,1.000000,,
distal,75.0,80.0,170.0,180.0,normal,0.000000,0.109864,0.074604
perpendicular,75.0,80.0,170.0,180.0,normal,0.000000,0.134888,0.089462
height,75.0,80.0,170.0,180.0,normal,0.000000,0.107713,0.072683
yaw,75.0,80.0,170.0,180.0,normal,0.000000,0.369488,0.103646
width,75.0,80.0,170.0,180.0,normal,0.000000,0.101019,0.074218
length,75.0,80.0,170.0,180.0,normal,0.000000,0.167888,0.112348
box_height,75.0,80.0,170.0,180.0,normal,0.000000,0.094363,0.067277
miss_detection,80.0,85.0,-180.0,-170.0,constant,1.000000,,
distal,80.0,85.0,-180.0,-170.0,normal,0.000000,0.109864,0.074604
perpendicular,80.0,85.0,-180.0,-170.0,normal,0.000000,0.134888,0.089462
height,80.0,85.0,-180.0,-170.0,normal,0.000000,0.107713,0.072683
yaw,80.0,85.0,-180.0,-170.0,normal,0.000000,0.369488,0.103646
width,80.0,85.0,-180.0,-170.0,normal,0.000000,0.101019,0.074218
length,80.0,85.0,-180.0,-170.0,normal,0.000000,0.167888,0.112348
box_height,80.0,85.0,-180.0,-170.0,normal,0.000000,0.094363,0.067277
miss_detection,80.0,85.0,-170.0,-160.0,constant,1.000000,,
distal,80.0,85.0,-170.0,-160.0,normal,0.000000,0.109864,0.074604
perpendicular,80.0,85.0,-170.0,-160.0,normal,0.000000,0.134888,0.089462
height,80.0,85.0,-170.0,-160.0,normal,0.000000,0.107713,0.072683
yaw,80.0,85.0,-170.0,-160.0,normal,0.000000,0.369488,0.103646
width,80.0,85.0,-170.0,-160.0,normal,0.000000,0.101019,0.074218
length,80.0,85.0,-170.0,-160.0,normal,0.000000,0.167888,0.112348
box_height,80.0,85.0,-170.0,-160.0,normal,0.000000,0.094363,0.067277
miss_detection,80.0,85.0,-160.0,-150.0,constant,1.000000,,
distal,80.0,85.0,-160.0,-150.0,normal,0.000000,0.109864,0.074604
perpendicular,80.0,85.0,-160.0,-150.0,normal,0.000000,0.134888,0.089462
height,80.0,85.0,-160.0,-150.0,normal,0.000000,0.107713,0.072683
yaw,80.0,85.0,-160.0,-150.0,normal,0.000000,0.369488,0.103646
width,80.0,85.0,-160.0,-150.0,normal,0.000000,0.101019,0.074218
length,80.0,85.0,-160.0,-150.0,normal,0.000000,0.167888,0.112348
box_height,80.0,85.0,-160.0,-150.0,normal,0.000000,0.094363,0.067277
miss_detection,80.0,85.0,-150.0,-140.0,constant,1.000000,,
distal,80.0,85.0,-150.0,-140.0,normal,0.000000,0.109864,0.074604
perpendicular,80.0,85.0,-150.0,-140.0,normal,0.000000,0.134888,0.089462
height,80.0,85.0,-150.0,-140.0,normal,0.000000,0.107713,0.072683
yaw,80.0,85.0,-150.0,-140.0,normal,0.000000,0.369488,0.103646
width,80.0,85.0,-150.0,-140.0,normal,0.000000,0.101019,0.074218
length,80.0,85.0,-150.0,-140.0,normal,0.000000,0.167888,0.112348
box_height,80.0,85.0,-150.0,-140.0,normal,0.000000,0.094363,0.067277
miss_detection,80.0,85.0,-140.0,-130.0,constant,1.000000,,
distal,80.0,85.0,-140.0,-130.0,normal,0.000000,0.109864,0.074604
perpendicular,80.0,85.0,-140.0,-130.0,normal,0.000000,0.134888,0.089462
height,80.0,85.0,-140.0,-130.0,normal,0.000000,0.107713,0.072683
yaw,80.0,85.0,-140.0,-130.0,normal,0.000000,0.369488,0.103646
width,80.0,85.0,-140.0,-130.0,normal,0.000000,0.101019,0.074218
length,80.0,85.0,-140.0,-130.0,normal,0.000000,0.167888,0.112348
box_height,80.0,85.0,-140.0,-130.0,normal,0.000000,0.094363,0.067277
miss_detection,80.0,85.0,-130.0,-120.0,constant,1.000000,,
distal,80.0,85.0,-130.0,-120.0,normal,0.000000,0.109864,0.074604
perpendicular,80.0,85.0,-130.0,-120.0,normal,0.000000,0.134888,0.089462
height,80.0,85.0,-130.0,-120.0,normal,0.000000,0.107713,0.072683
yaw,80.0,85.0,-130.0,-120.0,normal,0.000000,0.369488,0.103646
width,80.0,85.0,-130.0,-120.0,normal,0.000000,0.101019,0.074218
length,80.0,85.0,-130.0,-120.0,normal,0.000000,0.167888,0.112348
box_height,80.0,85.0,-130.0,-120.0,normal,0.000000,0.094363,0.067277
miss_detection,80.0,85.0,-120.0,-110.0,constant,1.000000,,
distal,80.0,85.0,-120.0,-110.0,normal,0.000000,0.109864,0.074604
perpendicular,80.0,85.0,-120.0,-110.0,normal,0.000000,0.134888,0.089462
height,80.0,85.0,-120.0,-110.0,normal,0.000000,0.107713,0.072683
yaw,80.0,85.0,-120.0,-110.0,normal,0.000000,0.369488,0.103646
width,80.0,85.0,-120.0,-110.0,normal,0.000000,0.101019,0.074218
length,80.0,85.0,-120.0,-110.0,normal,0.000000,0.167888,0.112348
box_height,80.0,85.0,-120.0,-110.0,normal,0.000000,0.094363,0.067277
miss_detection,80.0,85.0,-110.0,-100.0,constant,1.000000,,
distal,80.0,85.0,-110.0,-100.0,normal,0.000000,0.109864,0.074604
perpendicular,80.0,85.0,-110.0,-100.0,normal,0.000000,0.134888,0.089462
height,80.0,85.0,-110.0,-100.0,normal,0.000000,0.107713,0.072683
yaw,80.0,85.0,-110.0,-100.0,normal,0.000000,0.369488,0.103646
width,80.0,85.0,-110.0,-100.0,normal,0.000000,0.101019,0.074218
length,80.0,85.0,-110.0,-100.0,normal,0.000000,0.167888,0.112348
box_height,80.0,85.0,-110.0,-100.0,normal,0.000000,0.094363,0.067277
miss_detection,80.0,85.0,-100.0,-90.0,constant,1.000000,,
distal,80.0,85.0,-100.0,-90.0,normal,0.000000,0.109864,0.074604
perpendicular,80.0,85.0,-100.0,-90.0,normal,0.000000,0.134888,0.089462
height,80.0,85.0,-100.0,-90.0,normal,0.000000,0.107713,0.072683
yaw,80.0,85.0,-100.0,-90.0,normal,0.000000,0.369488,0.103646
width,80.0,85.0,-100.0,-90.0,normal,0.000000,0.101019,0.074218
length,80.0,85.0,-100.0,-90.0,normal,0.000000,0.167888,0.112348
box_height,80.0,85.0,-100.0,-90.0,normal,0.000000,0.094363,0.067277
miss_detection,80.0,85.0,-90.0,-80.0,constant,1.000000,,
distal,80.0,85.0,-90.0,-80.0,normal,0.000000,0.109864,0.074604
perpendicular,80.0,85.0,-90.0,-80.0,normal,0.000000,0.134888,0.089462
height,80.0,85.0,-90.0,-80.0,normal,0.000000,0.107713,0.072683
yaw,80.0,85.0,-90.0,-80.0,normal,0.000000,0.369488,0.103646
width,80.0,85.0,-90.0,-80.0,normal,0.000000,0.101019,0.074218
length,80.0,85.0,-90.0,-80.0,normal,0.000000,0.167888,0.112348
box_height,80.0,85.0,-90.0,-80.0,normal,0.000000,0.094363,0.067277
miss_detection,80.0,85.0,-80.0,-70.0,constant,1.000000,,
distal,80.0,85.0,-80.0,-70.0,normal,0.000000,0.109864,0.074604
perpendicular,80.0,85.0,-80.0,-70.0,normal,0.000000,0.134888,0.089462
height,80.0,85.0,-80.0,-70.0,normal,0.000000,0.107713,0.072683
yaw,80.0,85.0,-80.0,-70.0,normal,0.000000,0.369488,0.103646
width,80.0,85.0,-80.0,-70.0,normal,0.000000,0.101019,0.074218
length,80.0,85.0,-80.0,-70.0,normal,0.000000,0.167888,0.112348
box_height,80.0,85.0,-80.0,-70.0,normal,0.000000,0.094363,0.067277
miss_detection,80.0,85.0,-70.0,-60.0,constant,1.000000,,
distal,80.0,85.0,-70.0,-60.0,normal,0.000000,0.109864,0.074604
perpendicular,80.0,85.0,-70.0,-60.0,normal,0.000000,0.134888,0.089462
height,80.0,85.0,-70.0,-60.0,normal,0.000000,0.107713,0.072683
yaw,80.0,85.0,-70.0,-60.0,normal,0.000000,0.369488,0.103646
width,80.0,85.0,-70.0,-60.0,normal,0.000000,0.101019,0.074218
length,80.0,85.0,-70.0,-60.0,normal,0.000000,0.167888,0.112348
box_height,80.0,85.0,-70.0,-60.0,normal,0.000000,0.094363,0.067277
miss_detection,80.0,85.0,-60.0,-50.0,constant,1.000000,,
distal,80.0,85.0,-60.0,-50.0,normal,0.000000,0.109864,0.074604
perpendicular,80.0,85.0,-60.0,-50.0,normal,0.000000,0.134888,0.089462
height,80.0,85.0,-60.0,-50.0,normal,0.000000,0.107713,0.072683
yaw,80.0,85.0,-60.0,-50.0,normal,0.000000,0.369488,0.103646
width,80.0,85.0,-60.0,-50.0,normal,0.000000,0.101019,0.074218
length,80.0,85.0,-60.0,-50.0,normal,0.000000,0.167888,0.112348
box_height,80.0,85.0,-60.0,-50.0,normal,0.000000,0.094363,0.067277
miss_detection,80.0,85.0,-50.0,-40.0,constant,1.000000,,
distal,80.0,85.0,-50.0,-40.0,normal,0.000000,0.109864,0.074604
perpendicular,80.0,85.0,-50.0,-40.0,normal,0.000000,0.134888,0.089462
height,80.0,85.0,-50.0,-40.0,normal,0.000000,0.107713,0.072683
yaw,80.0,85.0,-50.0,-40.0,normal,0.000000,0.369488,0.103646
width,80.0,85.0,-50.0,-40.0,normal,0.000000,0.101019,0.074218
length,80.0,85.0,-50.0,-40.0,normal,0.000000,0.167888,0.112348
box_height,80.0,85.0,-50.0,-40.0,normal,0.000000,0.094363,0.067277
miss_detection,80.0,85.0,-40.0,-30.0,constant,1.000000,,
distal,80.0,85.0,-40.0,-30.0,normal,0.000000,0.109864,0.074604
perpendicular,80.0,85.0,-40.0,-30.0,normal,0.000000,0.134888,0.089462
height,80.0,85.0,-40.0,-30.0,normal,0.000000,0.107713,0.072683
yaw,80.0,85.0,-40.0,-30.0,normal,0.000000,0.369488,0.103646
width,80.0,85.0,-40.0,-30.0,normal,0.000000,0.101019,0.074218
length,80.0,85.0,-40.0,-30.0,normal,0.000000,0.167888,0.112348
box_height,80.0,85.0,-40.0,-30.0,normal,0.000000,0.094363,0.067277
miss_detection,80.0,85.0,-30.0,-20.0,constant,1.000000,,
distal,80.0,85.0,-30.0,-20.0,normal,0.000000,0.109864,0.074604
perpendicular,80.0,85.0,-30.0,-20.0,normal,0.000000,0.134888,0.089462
height,80.0,85.0,-30.0,-20.0,normal,0.000000,0.107713,0.072683
yaw,80.0,85.0,-30.0,-20.0,normal,0.000000,0.369488,0.103646
width,80.0,85.0,-30.0,-20.0,normal,0.000000,0.101019,0.074218
length,80.0,85.0,-30.0,-20.0,normal,0.000000,0.167888,0.112348
box_height,80.0,85.0,-30.0,-20.0,normal,0.000000,0.094363,0.067277
miss_detection,80.0,85.0,-20.0,-10.0,constant,0.000000,,
distal,80.0,85.0,-20.0,-10.0,normal,0.000000,0.000000,0.054221
perpendicular,80.0,85.0,-20.0,-10.0,normal,0.000000,0.000000,0.038409
height,80.0,85.0,-20.0,-10.0,normal,0.000000,0.000000,0.147168
yaw,80.0,85.0,-20.0,-10.0,normal,0.000000,0.000000,0.022351
width,80.0,85.0,-20.0,-10.0,normal,0.000000,0.000000,0.094308
length,80.0,85.0,-20.0,-10.0,normal,0.000000,0.000000,0.003795
box_height,80.0,85.0,-20.0,-10.0,normal,0.000000,0.000000,0.038785
miss_detection,80.0,85.0,-10.0,0.0,constant,0.200000,,
distal,80.0,85.0,-10.0,0.0,normal,0.000000,0.117385,0.091942
perpendicular,80.0,85.0,-10.0,0.0,normal,0.000000,0.163297,0.134124
height,80.0,85.0,-10.0,0.0,normal,0.000000,0.215747,0.156021
yaw,80.0,85.0,-10.0,0.0,normal,0.000000,0.700863,0.242246
width,80.0,85.0,-10.0,0.0,normal,0.000000,0.142304,0.114979
length,80.0,85.0,-10.0,0.0,normal,0.000000,0.175150,0.121649
box_height,80.0,85.0,-10.0,0.0,normal,0.000000,0.075333,0.062052
miss_detection,80.0,85.0,0.0,10.0,constant,0.230769,,
distal,80.0,85.0,0.0,10.0,normal,0.000000,0.044204,0.047035
perpendicular,80.0,85.0,0.0,10.0,normal,0.000000,0.083942,0.095425
height,80.0,85.0,0.0,10.0,normal,0.000000,0.198898,0.163394
yaw,80.0,85.0,0.0,10.0,normal,0.000000,0.040736,0.040211
width,80.0,85.0,0.0,10.0,normal,0.000000,0.102124,0.090038
length,80.0,85.0,0.0,10.0,normal,0.000000,0.070437,0.065172
box_height,80.0,85.0,0.0,10.0,normal,0.000000,0.043620,0.040209
miss_detection,80.0,85.0,10.0,20.0,constant,0.008713,,
distal,80.0,85.0,10.0,20.0,normal,0.000000,0.089446,0.070458
perpendicular,80.0,85.0,10.0,20.0,normal,0.000000,0.114360,0.086445
height,80.0,85.0,10.0,20.0,normal,0.000000,0.125760,0.092178
yaw,80.0,85.0,10.0,20.0,normal,0.000000,0.085421,0.067621
width,80.0,85.0,10.0,20.0,normal,0.000000,0.105339,0.078445
length,80.0,85.0,10.0,20.0,normal,0.000000,0.139692,0.101138
box_height,80.0,85.0,10.0,20.0,normal,0.000000,0.103710,0.075625
miss_detection,80.0,85.0,20.0,30.0,constant,1.000000,,
distal,80.0,85.0,20.0,30.0,normal,0.000000,0.109864,0.074604
perpendicular,80.0,85.0,20.0,30.0,normal,0.000000,0.134888,0.089462
height,80.0,85.0,20.0,30.0,normal,0.000000,0.107713,0.072683
yaw,80.0,85.0,20.0,30.0,normal,0.000000,0.369488,0.103646
width,80.0,85.0,20.0,30.0,normal,0.000000,0.101019,0.074218
length,80.0,85.0,20.0,30.0,normal,0.000000,0.167888,0.112348
box_height,80.0,85.0,20.0,30.0,normal,0.000000,0.094363,0.067277
miss_detection,80.0,85.0,30.0,40.0,constant,1.000000,,
distal,80.0,85.0,30.0,40.0,normal,0.000000,0.109864,0.074604
perpendicular,80.0,85.0,30.0,40.0,normal,0.000000,0.134888,0.089462
height,80.0,85.0,30.0,40.0,normal,0.000000,0.107713,0.072683
yaw,80.0,85.0,30.0,40.0,normal,0.000000,0.369488,0.103646
width,80.0,85.0,30.0,40.0,normal,0.000000,0.101019,0.074218
length,80.0,85.0,30.0,40.0,normal,0.000000,0.167888,0.112348
box_height,80.0,85.0,30.0,40.0,normal,0.000000,0.094363,0.067277
miss_detection,80.0,85.0,40.0,50.0,constant,1.000000,,
distal,80.0,85.0,40.0,50.0,normal,0.000000,0.109864,0.074604
perpendicular,80.0,85.0,40.0,50.0,normal,0.000000,0.134888,0.089462
height,80.0,85.0,40.0,50.0,normal,0.000000,0.107713,0.072683
yaw,80.0,85.0,40.0,50.0,normal,0.000000,0.369488,0.103646
width,80.0,85.0,40.0,50.0,normal,0.000000,0.101019,0.074218
length,80.0,85.0,40.0,50.0,normal,0.000000,0.167888,0.112348
box_height,80.0,85.0,40.0,50.0,normal,0.000000,0.094363,0.067277
miss_detection,80.0,85.0,50.0,60.0,constant,1.000000,,
distal,80.0,85.0,50.0,60.0,normal,0.000000,0.109864,0.074604
perpendicular,80.0,85.0,50.0,60.0,normal,0.000000,0.134888,0.089462
height,80.0,85.0,50.0,60.0,normal,0.000000,0.107713,0.072683
yaw,80.0,85.0,50.0,60.0,normal,0.000000,0.369488,0.103646
width,80.0,85.0,50.0,60.0,normal,0.000000,0.101019,0.074218
length,80.0,85.0,50.0,60.0,normal,0.000000,0.167888,0.112348
box_height,80.0,85.0,50.0,60.0,normal,0.000000,0.094363,0.067277
miss_detection,80.0,85.0,60.0,70.0,constant,1.000000,,
distal,80.0,85.0,60.0,70.0,normal,0.000000,0.109864,0.074604
perpendicular,80.0,85.0,60.0,70.0,normal,0.000000,0.134888,0.089462
height,80.0,85.0,60.0,70.0,normal,0.000000,0.107713,0.072683
yaw,80.0,85.0,60.0,70.0,normal,0.000000,0.369488,0.103646
width,80.0,85.0,60.0,70.0,normal,0.000000,0.101019,0.074218
length,80.0,85.0,60.0,70.0,normal,0.000000,0.167888,0.112348
box_height,80.0,85.0,60.0,70.0,normal,0.000000,0.094363,0.067277
miss_detection,80.0,85.0,70.0,80.0,constant,1.000000,,
distal,80.0,85.0,70.0,80.0,normal,0.000000,0.109864,0.074604
perpendicular,80.0,85.0,70.0,80.0,normal,0.000000,0.134888,0.089462
height,80.0,85.0,70.0,80.0,normal,0.000000,0.107713,0.072683
yaw,80.0,85.0,70.0,80.0,normal,0.000000,0.369488,0.103646
width,80.0,85.0,70.0,80.0,normal,0.000000,0.101019,0.074218
length,80.0,85.0,70.0,80.0,normal,0.000000,0.167888,0.112348
box_height,80.0,85.0,70.0,80.0,normal,0.000000,0.094363,0.067277
miss_detection,80.0,85.0,80.0,90.0,constant,1.000000,,
distal,80.0,85.0,80.0,90.0,normal,0.000000,0.109864,0.074604
perpendicular,80.0,85.0,80.0,90.0,normal,0.000000,0.134888,0.089462
height,80.0,85.0,80.0,90.0,normal,0.000000,0.107713,0.072683
yaw,80.0,85.0,80.0,90.0,normal,0.000000,0.369488,0.103646
width,80.0,85.0,80.0,90.0,normal,0.000000,0.101019,0.074218
length,80.0,85.0,80.0,90.0,normal,0.000000,0.167888,0.112348
box_height,80.0,85.0,80.0,90.0,normal,0.000000,0.094363,0.067277
miss_detection,80.0,85.0,90.0,100.0,constant,1.000000,,
distal,80.0,85.0,90.0,100.0,normal,0.000000,0.109864,0.074604
perpendicular,80.0,85.0,90.0,100.0,normal,0.000000,0.134888,0.089462
height,80.0,85.0,90.0,100.0,normal,0.000000,0.107713,0.072683
yaw,80.0,85.0,90.0,100.0,normal,0.000000,0.369488,0.103646
width,80.0,85.0,90.0,100.0,normal,0.000000,0.101019,0.074218
length,80.0,85.0,90.0,100.0,normal,0.000000,0.167888,0.112348
box_height,80.0,85.0,90.0,100.0,normal,0.000000,0.094363,0.067277
miss_detection,80.0,85.0,100.0,110.0,constant,1.000000,,
distal,80.0,85.0,100.0,110.0,normal,0.000000,0.109864,0.074604
perpendicular,80.0,85.0,100.0,110.0,normal,0.000000,0.134888,0.089462
height,80.0,85.0,100.0,110.0,normal,0.000000,0.107713,0.072683
yaw,80.0,85.0,100.0,110.0,normal,0.000000,0.369488,0.103646
width,80.0,85.0,100.0,110.0,normal,0.000000,0.101019,0.074218
length,80.0,85.0,100.0,110.0,normal,0.000000,0.167888,0.112348
box_height,80.0,85.0,100.0,110.0,normal,0.000000,0.094363,0.067277
miss_detection,80.0,85.0,110.0,120.0,constant,1.000000,,
distal,80.0,85.0,110.0,120.0,normal,0.000000,0.109864,0.074604
perpendicular,80.0,85.0,110.0,120.0,normal,0.000000,0.134888,0.089462
height,80.0,85.0,110.0,120.0,normal,0.000000,0.107713,0.072683
yaw,80.0,85.0,110.0,120.0,normal,0.000000,0.369488,0.103646
width,80.0,85.0,110.0,120.0,normal,0.000000,0.101019,0.074218
length,80.0,85.0,110.0,120.0,normal,0.000000,0.167888,0.112348
box_height,80.0,85.0,110.0,120.0,normal,0.000000,0.094363,0.067277
miss_detection,80.0,85.0,120.0,130.0,constant,1.000000,,
distal,80.0,85.0,120.0,130.0,normal,0.000000,0.109864,0.074604
perpendicular,80.0,85.0,120.0,130.0,normal,0.000000,0.134888,0.089462
height,80.0,85.0,120.0,130.0,normal,0.000000,0.107713,0.072683
yaw,80.0,85.0,120.0,130.0,normal,0.000000,0.369488,0.103646
width,80.0,85.0,120.0,130.0,normal,0.000000,0.101019,0.074218
length,80.0,85.0,120.0,130.0,normal,0.000000,0.167888,0.112348
box_height,80.0,85.0,120.0,130.0,normal,0.000000,0.094363,0.067277
miss_detection,80.0,85.0,130.0,140.0,constant,1.000000,,
distal,80.0,85.0,130.0,140.0,normal,0.000000,0.109864,0.074604
perpendicular,80.0,85.0,130.0,140.0,normal,0.000000,0.134888,0.089462
height,80.0,85.0,130.0,140.0,normal,0.000000,0.107713,0.072683
yaw,80.0,85.0,130.0,140.0,normal,0.000000,0.369488,0.103646
width,80.0,85.0,130.0,140.0,normal,0.000000,0.101019,0.074218
length,80.0,85.0,130.0,140.0,normal,0.000000,0.167888,0.112348
box_height,80.0,85.0,130.0,140.0,normal,0.000000,0.094363,0.067277
miss_detection,80.0,85.0,140.0,150.0,constant,1.000000,,
distal,80.0,85.0,140.0,150.0,normal,0.000000,0.109864,0.074604
perpendicular,80.0,85.0,140.0,150.0,normal,0.000000,0.134888,0.089462
height,80.0,85.0,140.0,150.0,normal,0.000000,0.107713,0.072683
yaw,80.0,85.0,140.0,150.0,normal,0.000000,0.369488,0.103646
width,80.0,85.0,140.0,150.0,normal,0.000000,0.101019,0.074218
length,80.0,85.0,140.0,150.0,normal,0.000000,0.167888,0.112348
box_height,80.0,85.0,140.0,150.0,normal,0.000000,0.094363,0.067277
miss_detection,80.0,85.0,150.0,160.0,constant,1.000000,,
distal,80.0,85.0,150.0,160.0,normal,0.000000,0.109864,0.074604
perpendicular,80.0,85.0,150.0,160.0,normal,0.000000,0.134888,0.089462
height,80.0,85.0,150.0,160.0,normal,0.000000,0.107713,0.072683
yaw,80.0,85.0,150.0,160.0,normal,0.000000,0.369488,0.103646
width,80.0,85.0,150.0,160.0,normal,0.000000,0.101019,0.074218
length,80.0,85.0,150.0,160.0,normal,0.000000,0.167888,0.112348
box_height,80.0,85.0,150.0,160.0,normal,0.000000,0.094363,0.067277
miss_detection,80.0,85.0,160.0,170.0,constant,1.000000,,
distal,80.0,85.0,160.0,170.0,normal,0.000000,0.109864,0.074604
perpendicular,80.0,85.0,160.0,170.0,normal,0.000000,0.134888,0.089462
height,80.0,85.0,160.0,170.0,normal,0.000000,0.107713,0.072683
yaw,80.0,85.0,160.0,170.0,normal,0.000000,0.369488,0.103646
width,80.0,85.0,160.0,170.0,normal,0.000000,0.101019,0.074218
length,80.0,85.0,160.0,170.0,normal,0.000000,0.167888,0.112348
box_height,80.0,85.0,160.0,170.0,normal,0.000000,0.094363,0.067277
miss_detection,80.0,85.0,170.0,180.0,constant,1.000000,,
distal,80.0,85.0,170.0,180.0,normal,0.000000,0.109864,0.074604
perpendicular,80.0,85.0,170.0,180.0,normal,0.000000,0.134888,0.089462
height,80.0,85.0,170.0,180.0,normal,0.000000,0.107713,0.072683
yaw,80.0,85.0,170.0,180.0,normal,0.000000,0.369488,0.103646
width,80.0,85.0,170.0,180.0,normal,0.000000,0.101019,0.074218
length,80.0,85.0,170.0,180.0,normal,0.000000,0.167888,0.112348
box_height,80.0,85.0,170.0,180.0,normal,0.000000,0.094363,0.067277
miss_detection,85.0,90.0,-180.0,-170.0,constant,1.000000,,
distal,85.0,90.0,-180.0,-170.0,normal,0.000000,0.109864,0.074604
perpendicular,85.0,90.0,-180.0,-170.0,normal,0.000000,0.134888,0.089462
height,85.0,90.0,-180.0,-170.0,normal,0.000000,0.107713,0.072683
yaw,85.0,90.0,-180.0,-170.0,normal,0.000000,0.369488,0.103646
width,85.0,90.0,-180.0,-170.0,normal,0.000000,0.101019,0.074218
length,85.0,90.0,-180.0,-170.0,normal,0.000000,0.167888,0.112348
box_height,85.0,90.0,-180.0,-170.0,normal,0.000000,0.094363,0.067277
miss_detection,85.0,90.0,-170.0,-160.0,constant,1.000000,,
distal,85.0,90.0,-170.0,-160.0,normal,0.000000,0.109864,0.074604
perpendicular,85.0,90.0,-170.0,-160.0,normal,0.000000,0.134888,0.089462
height,85.0,90.0,-170.0,-160.0,normal,0.000000,0.107713,0.072683
yaw,85.0,90.0,-170.0,-160.0,normal,0.000000,0.369488,0.103646
width,85.0,90.0,-170.0,-160.0,normal,0.000000,0.101019,0.074218
length,85.0,90.0,-170.0,-160.0,normal,0.000000,0.167888,0.112348
box_height,85.0,90.0,-170.0,-160.0,normal,0.000000,0.094363,0.067277
miss_detection,85.0,90.0,-160.0,-150.0,constant,1.000000,,
distal,85.0,90.0,-160.0,-150.0,normal,0.000000,0.109864,0.074604
perpendicular,85.0,90.0,-160.0,-150.0,normal,0.000000,0.134888,0.089462
height,85.0,90.0,-160.0,-150.0,normal,0.000000,0.107713,0.072683
yaw,85.0,90.0,-160.0,-150.0,normal,0.000000,0.369488,0.103646
width,85.0,90.0,-160.0,-150.0,normal,0.000000,0.101019,0.074218
length,85.0,90.0,-160.0,-150.0,normal,0.000000,0.167888,0.112348
box_height,85.0,90.0,-160.0,-150.0,normal,0.000000,0.094363,0.067277
miss_detection,85.0,90.0,-150.0,-140.0,constant,1.000000,,
distal,85.0,90.0,-150.0,-140.0,normal,0.000000,0.109864,0.074604
perpendicular,85.0,90.0,-150.0,-140.0,normal,0.000000,0.134888,0.089462
height,85.0,90.0,-150.0,-140.0,normal,0.000000,0.107713,0.072683
yaw,85.0,90.0,-150.0,-140.0,normal,0.000000,0.369488,0.103646
width,85.0,90.0,-150.0,-140.0,normal,0.000000,0.101019,0.074218
length,85.0,90.0,-150.0,-140.0,normal,0.000000,0.167888,0.112348
box_height,85.0,90.0,-150.0,-140.0,normal,0.000000,0.094363,0.067277
miss_detection,85.0,90.0,-140.0,-130.0,constant,1.000000,,
distal,85.0,90.0,-140.0,-130.0,normal,0.000000,0.109864,0.074604
perpendicular,85.0,90.0,-140.0,-130.0,normal,0.000000,0.134888,0.089462
height,85.0,90.0,-140.0,-130.0,normal,0.000000,0.107713,0.072683
yaw,85.0,90.0,-140.0,-130.0,normal,0.000000,0.369488,0.103646
width,85.0,90.0,-140.0,-130.0,normal,0.000000,0.101019,0.074218
length,85.0,90.0,-140.0,-130.0,normal,0.000000,0.167888,0.112348
box_height,85.0,90.0,-140.0,-130.0,normal,0.000000,0.094363,0.067277
miss_detection,85.0,90.0,-130.0,-120.0,constant,1.000000,,
distal,85.0,90.0,-130.0,-120.0,normal,0.000000,0.109864,0.074604
perpendicular,85.0,90.0,-130.0,-120.0,normal,0.000000,0.134888,0.089462
height,85.0,90.0,-130.0,-120.0,normal,0.000000,0.107713,0.072683
yaw,85.0,90.0,-130.0,-120.0,normal,0.000000,0.369488,0.103646
width,85.0,90.0,-130.0,-120.0,normal,0.000000,0.101019,0.074218
length,85.0,90.0,-130.0,-120.0,normal,0.000000,0.167888,0.112348
box_height,85.0,90.0,-130.0,-120.0,normal,0.000000,0.094363,0.067277
miss_detection,85.0,90.0,-120.0,-110.0,constant,1.000000,,
distal,85.0,90.0,-120.0,-110.0,normal,0.000000,0.109864,0.074604
perpendicular,85.0,90.0,-120.0,-110.0,normal,0.000000,0.134888,0.089462
height,85.0,90.0,-120.0,-110.0,normal,0.000000,0.107713,0.072683
yaw,85.0,90.0,-120.0,-110.0,normal,0.000000,0.369488,0.103646
width,85.0,90.0,-120.0,-110.0,normal,0.000000,0.101019,0.074218
length,85.0,90.0,-120.0,-110.0,normal,0.000000,0.167888,0.112348
box_height,85.0,90.0,-120.0,-110.0,normal,0.000000,0.094363,0.067277
miss_detection,85.0,90.0,-110.0,-100.0,constant,1.000000,,
distal,85.0,90.0,-110.0,-100.0,normal,0.000000,0.109864,0.074604
perpendicular,85.0,90.0,-110.0,-100.0,normal,0.000000,0.134888,0.089462
height,85.0,90.0,-110.0,-100.0,normal,0.000000,0.107713,0.072683
yaw,85.0,90.0,-110.0,-100.0,normal,0.000000,0.369488,0.103646
width,85.0,90.0,-110.0,-100.0,normal,0.000000,0.101019,0.074218
length,85.0,90.0,-110.0,-100.0,normal,0.000000,0.167888,0.112348
box_height,85.0,90.0,-110.0,-100.0,normal,0.000000,0.094363,0.067277
miss_detection,85.0,90.0,-100.0,-90.0,constant,1.000000,,
distal,85.0,90.0,-100.0,-90.0,normal,0.000000,0.109864,0.074604
perpendicular,85.0,90.0,-100.0,-90.0,normal,0.000000,0.134888,0.089462
height,85.0,90.0,-100.0,-90.0,normal,0.000000,0.107713,0.072683
yaw,85.0,90.0,-100.0,-90.0,normal,0.000000,0.369488,0.103646
width,85.0,90.0,-100.0,-90.0,normal,0.000000,0.101019,0.074218
length,85.0,90.0,-100.0,-90.0,normal,0.000000,0.167888,0.112348
box_height,85.0,90.0,-100.0,-90.0,normal,0.000000,0.094363,0.067277
miss_detection,85.0,90.0,-90.0,-80.0,constant,1.000000,,
distal,85.0,90.0,-90.0,-80.0,normal,0.000000,0.109864,0.074604
perpendicular,85.0,90.0,-90.0,-80.0,normal,0.000000,0.134888,0.089462
height,85.0,90.0,-90.0,-80.0,normal,0.000000,0.107713,0.072683
yaw,85.0,90.0,-90.0,-80.0,normal,0.000000,0.369488,0.103646
width,85.0,90.0,-90.0,-80.0,normal,0.000000,0.101019,0.074218
length,85.0,90.0,-90.0,-80.0,normal,0.000000,0.167888,0.112348
box_height,85.0,90.0,-90.0,-80.0,normal,0.000000,0.094363,0.067277
miss_detection,85.0,90.0,-80.0,-70.0,constant,1.000000,,
distal,85.0,90.0,-80.0,-70.0,normal,0.000000,0.109864,0.074604
perpendicular,85.0,90.0,-80.0,-70.0,normal,0.000000,0.134888,0.089462
height,85.0,90.0,-80.0,-70.0,normal,0.000000,0.107713,0.072683
yaw,85.0,90.0,-80.0,-70.0,normal,0.000000,0.369488,0.103646
width,85.0,90.0,-80.0,-70.0,normal,0.000000,0.101019,0.074218
length,85.0,90.0,-80.0,-70.0,normal,0.000000,0.167888,0.112348
box_height,85.0,90.0,-80.0,-70.0,normal,0.000000,0.094363,0.067277
miss_detection,85.0,90.0,-70.0,-60.0,constant,1.000000,,
distal,85.0,90.0,-70.0,-60.0,normal,0.000000,0.109864,0.074604
perpendicular,85.0,90.0,-70.0,-60.0,normal,0.000000,0.134888,0.089462
height,85.0,90.0,-70.0,-60.0,normal,0.000000,0.107713,0.072683
yaw,85.0,90.0,-70.0,-60.0,normal,0.000000,0.369488,0.103646
width,85.0,90.0,-70.0,-60.0,normal,0.000000,0.101019,0.074218
length,85.0,90.0,-70.0,-60.0,normal,0.000000,0.167888,0.112348
box_height,85.0,90.0,-70.0,-60.0,normal,0.000000,0.094363,0.067277
miss_detection,85.0,90.0,-60.0,-50.0,constant,1.000000,,
distal,85.0,90.0,-60.0,-50.0,normal,0.000000,0.109864,0.074604
perpendicular,85.0,90.0,-60.0,-50.0,normal,0.000000,0.134888,0.089462
height,85.0,90.0,-60.0,-50.0,normal,0.000000,0.107713,0.072683
yaw,85.0,90.0,-60.0,-50.0,normal,0.000000,0.369488,0.103646
width,85.0,90.0,-60.0,-50.0,normal,0.000000,0.101019,0.074218
length,85.0,90.0,-60.0,-50.0,normal,0.000000,0.167888,0.112348
box_height,85.0,90.0,-60.0,-50.0,normal,0.000000,0.094363,0.067277
miss_detection,85.0,90.0,-50.0,-40.0,constant,1.000000,,
distal,85.0,90.0,-50.0,-40.0,normal,0.000000,0.109864,0.074604
perpendicular,85.0,90.0,-50.0,-40.0,normal,0.000000,0.134888,0.089462
height,85.0,90.0,-50.0,-40.0,normal,0.000000,0.107713,0.072683
yaw,85.0,90.0,-50.0,-40.0,normal,0.000000,0.369488,0.103646
width,85.0,90.0,-50.0,-40.0,normal,0.000000,0.101019,0.074218
length,85.0,90.0,-50.0,-40.0,normal,0.000000,0.167888,0.112348
box_height,85.0,90.0,-50.0,-40.0,normal,0.000000,0.094363,0.067277
miss_detection,85.0,90.0,-40.0,-30.0,constant,1.000000,,
distal,85.0,90.0,-40.0,-30.0,normal,0.000000,0.109864,0.074604
perpendicular,85.0,90.0,-40.0,-30.0,normal,0.000000,0.134888,0.089462
height,85.0,90.0,-40.0,-30.0,normal,0.000000,0.107713,0.072683
yaw,85.0,90.0,-40.0,-30.0,normal,0.000000,0.369488,0.103646
width,85.0,90.0,-40.0,-30.0,normal,0.000000,0.101019,0.074218
length,85.0,90.0,-40.0,-30.0,normal,0.000000,0.167888,0.112348
box_height,85.0,90.0,-40.0,-30.0,normal,0.000000,0.094363,0.067277
miss_detection,85.0,90.0,-30.0,-20.0,constant,1.000000,,
distal,85.0,90.0,-30.0,-20.0,normal,0.000000,0.109864,0.074604
perpendicular,85.0,90.0,-30.0,-20.0,normal,0.000000,0.134888,0.089462
height,85.0,90.0,-30.0,-20.0,normal,0.000000,0.107713,0.072683
yaw,85.0,90.0,-30.0,-20.0,normal,0.000000,0.369488,0.103646
width,85.0,90.0,-30.0,-20.0,normal,0.000000,0.101019,0.074218
length,85.0,90.0,-30.0,-20.0,normal,0.000000,0.167888,0.112348
box_height,85.0,90.0,-30.0,-20.0,normal,0.000000,0.094363,0.067277
miss_detection,85.0,90.0,-20.0,-10.0,constant,1.000000,,
distal,85.0,90.0,-20.0,-10.0,normal,0.000000,0.109864,0.074604
perpendicular,85.0,90.0,-20.0,-10.0,normal,0.000000,0.134888,0.089462
height,85.0,90.0,-20.0,-10.0,normal,0.000000,0.107713,0.072683
yaw,85.0,90.0,-20.0,-10.0,normal,0.000000,0.369488,0.103646
width,85.0,90.0,-20.0,-10.0,normal,0.000000,0.101019,0.074218
length,85.0,90.0,-20.0,-10.0,normal,0.000000,0.167888,0.112348
box_height,85.0,90.0,-20.0,-10.0,normal,0.000000,0.094363,0.067277
miss_detection,85.0,90.0,-10.0,0.0,constant,0.125000,,
distal,85.0,90.0,-10.0,0.0,normal,0.000000,0.096073,0.086936
perpendicular,85.0,90.0,-10.0,0.0,normal,0.000000,0.194694,0.198810
height,85.0,90.0,-10.0,0.0,normal,0.000000,0.219599,0.165403
yaw,85.0,90.0,-10.0,0.0,normal,0.000000,0.087242,0.071883
width,85.0,90.0,-10.0,0.0,normal,0.000000,0.132739,0.094814
length,85.0,90.0,-10.0,0.0,normal,0.000000,0.118837,0.095484
box_height,85.0,90.0,-10.0,0.0,normal,0.000000,0.116105,0.089774
miss_detection,85.0,90.0,0.0,10.0,constant,0.079412,,
distal,85.0,90.0,0.0,10.0,normal,0.000000,0.197064,0.129883
perpendicular,85.0,90.0,0.0,10.0,normal,0.000000,0.207564,0.136031
height,85.0,90.0,0.0,10.0,normal,0.000000,0.139204,0.096055
yaw,85.0,90.0,0.0,10.0,normal,0.000000,0.344121,0.114284
width,85.0,90.0,0.0,10.0,normal,0.000000,0.100042,0.079079
length,85.0,90.0,0.0,10.0,normal,0.000000,0.185111,0.139340
box_height,85.0,90.0,0.0,10.0,normal,0.000000,0.111350,0.086566
miss_detection,85.0,90.0,10.0,20.0,constant,0.185185,,
distal,85.0,90.0,10.0,20.0,normal,0.000000,0.119483,0.075784
perpendicular,85.0,90.0,10.0,20.0,normal,0.000000,0.147763,0.102860
height,85.0,90.0,10.0,20.0,normal,0.000000,0.137280,0.103441
yaw,85.0,90.0,10.0,20.0,normal,0.000000,0.079199,0.076149
width,85.0,90.0,10.0,20.0,normal,0.000000,0.096012,0.067921
length,85.0,90.0,10.0,20.0,normal,0.000000,0.104326,0.077461
box_height,85.0,90.0,10.0,20.0,normal,0.000000,0.094211,0.070781
miss_detection,85.0,90.0,20.0,30.0,constant,1.000000,,
distal,85.0,90.0,20.0,30.0,normal,0.000000,0.109864,0.074604
perpendicular,85.0,90.0,20.0,30.0,normal,0.000000,0.134888,0.089462
height,85.0,90.0,20.0,30.0,normal,0.000000,0.107713,0.072683
yaw,85.0,90.0,20.0,30.0,normal,0.000000,0.369488,0.103646
width,85.0,90.0,20.0,30.0,normal,0.000000,0.101019,0.074218
length,85.0,90.0,20.0,30.0,normal,0.000000,0.167888,0.112348
box_height,85.0,90.0,20.0,30.0,normal,0.000000,0.094363,0.067277
miss_detection,85.0,90.0,30.0,40.0,constant,1.000000,,
distal,85.0,90.0,30.0,40.0,normal,0.000000,0.109864,0.074604
perpendicular,85.0,90.0,30.0,40.0,normal,0.000000,0.134888,0.089462
height,85.0,90.0,30.0,40.0,normal,0.000000,0.107713,0.072683
yaw,85.0,90.0,30.0,40.0,normal,0.000000,0.369488,0.103646
width,85.0,90.0,30.0,40.0,normal,0.000000,0.101019,0.074218
length,85.0,90.0,30.0,40.0,normal,0.000000,0.167888,0.112348
box_height,85.0,90.0,30.0,40.0,normal,0.000000,0.094363,0.067277
miss_detection,85.0,90.0,40.0,50.0,constant,1.000000,,
distal,85.0,90.0,40.0,50.0,normal,0.000000,0.109864,0.074604
perpendicular,85.0,90.0,40.0,50.0,normal,0.000000,0.134888,0.089462
height,85.0,90.0,40.0,50.0,normal,0.000000,0.107713,0.072683
yaw,85.0,90.0,40.0,50.0,normal,0.000000,0.369488,0.103646
width,85.0,90.0,40.0,50.0,normal,0.000000,0.101019,0.074218
length,85.0,90.0,40.0,50.0,normal,0.000000,0.167888,0.112348
box_height,85.0,90.0,40.0,50.0,normal,0.000000,0.094363,0.067277
miss_detection,85.0,90.0,50.0,60.0,constant,1.000000,,
distal,85.0,90.0,50.0,60.0,normal,0.000000,0.109864,0.074604
perpendicular,85.0,90.0,50.0,60.0,normal,0.000000,0.134888,0.089462
height,85.0,90.0,50.0,60.0,normal,0.000000,0.107713,0.072683
yaw,85.0,90.0,50.0,60.0,normal,0.000000,0.369488,0.103646
width,85.0,90.0,50.0,60.0,normal,0.000000,0.101019,0.074218
length,85.0,90.0,50.0,60.0,normal,0.000000,0.167888,0.112348
box_height,85.0,90.0,50.0,60.0,normal,0.000000,0.094363,0.067277
miss_detection,85.0,90.0,60.0,70.0,constant,1.000000,,
distal,85.0,90.0,60.0,70.0,normal,0.000000,0.109864,0.074604
perpendicular,85.0,90.0,60.0,70.0,normal,0.000000,0.134888,0.089462
height,85.0,90.0,60.0,70.0,normal,0.000000,0.107713,0.072683
yaw,85.0,90.0,60.0,70.0,normal,0.000000,0.369488,0.103646
width,85.0,90.0,60.0,70.0,normal,0.000000,0.101019,0.074218
length,85.0,90.0,60.0,70.0,normal,0.000000,0.167888,0.112348
box_height,85.0,90.0,60.0,70.0,normal,0.000000,0.094363,0.067277
miss_detection,85.0,90.0,70.0,80.0,constant,1.000000,,
distal,85.0,90.0,70.0,80.0,normal,0.000000,0.109864,0.074604
perpendicular,85.0,90.0,70.0,80.0,normal,0.000000,0.134888,0.089462
height,85.0,90.0,70.0,80.0,normal,0.000000,0.107713,0.072683
yaw,85.0,90.0,70.0,80.0,normal,0.000000,0.369488,0.103646
width,85.0,90.0,70.0,80.0,normal,0.000000,0.101019,0.074218
length,85.0,90.0,70.0,80.0,normal,0.000000,0.167888,0.112348
box_height,85.0,90.0,70.0,80.0,normal,0.000000,0.094363,0.067277
miss_detection,85.0,90.0,80.0,90.0,constant,1.000000,,
distal,85.0,90.0,80.0,90.0,normal,0.000000,0.109864,0.074604
perpendicular,85.0,90.0,80.0,90.0,normal,0.000000,0.134888,0.089462
height,85.0,90.0,80.0,90.0,normal,0.000000,0.107713,0.072683
yaw,85.0,90.0,80.0,90.0,normal,0.000000,0.369488,0.103646
width,85.0,90.0,80.0,90.0,normal,0.000000,0.101019,0.074218
length,85.0,90.0,80.0,90.0,normal,0.000000,0.167888,0.112348
box_height,85.0,90.0,80.0,90.0,normal,0.000000,0.094363,0.067277
miss_detection,85.0,90.0,90.0,100.0,constant,1.000000,,
distal,85.0,90.0,90.0,100.0,normal,0.000000,0.109864,0.074604
perpendicular,85.0,90.0,90.0,100.0,normal,0.000000,0.134888,0.089462
height,85.0,90.0,90.0,100.0,normal,0.000000,0.107713,0.072683
yaw,85.0,90.0,90.0,100.0,normal,0.000000,0.369488,0.103646
width,85.0,90.0,90.0,100.0,normal,0.000000,0.101019,0.074218
length,85.0,90.0,90.0,100.0,normal,0.000000,0.167888,0.112348
box_height,85.0,90.0,90.0,100.0,normal,0.000000,0.094363,0.067277
miss_detection,85.0,90.0,100.0,110.0,constant,1.000000,,
distal,85.0,90.0,100.0,110.0,normal,0.000000,0.109864,0.074604
perpendicular,85.0,90.0,100.0,110.0,normal,0.000000,0.134888,0.089462
height,85.0,90.0,100.0,110.0,normal,0.000000,0.107713,0.072683
yaw,85.0,90.0,100.0,110.0,normal,0.000000,0.369488,0.103646
width,85.0,90.0,100.0,110.0,normal,0.000000,0.101019,0.074218
length,85.0,90.0,100.0,110.0,normal,0.000000,0.167888,0.112348
box_height,85.0,90.0,100.0,110.0,normal,0.000000,0.094363,0.067277
miss_detection,85.0,90.0,110.0,120.0,constant,1.000000,,
distal,85.0,90.0,110.0,120.0,normal,0.000000,0.109864,0.074604
perpendicular,85.0,90.0,110.0,120.0,normal,0.000000,0.134888,0.089462
height,85.0,90.0,110.0,120.0,normal,0.000000,0.107713,0.072683
yaw,85.0,90.0,110.0,120.0,normal,0.000000,0.369488,0.103646
width,85.0,90.0,110.0,120.0,normal,0.000000,0.101019,0.074218
length,85.0,90.0,110.0,120.0,normal,0.000000,0.167888,0.112348
box_height,85.0,90.0,110.0,120.0,normal,0.000000,0.094363,0.067277
miss_detection,85.0,90.0,120.0,130.0,constant,1.000000,,
distal,85.0,90.0,120.0,130.0,normal,0.000000,0.109864,0.074604
perpendicular,85.0,90.0,120.0,130.0,normal,0.000000,0.134888,0.089462
height,85.0,90.0,120.0,130.0,normal,0.000000,0.107713,0.072683
yaw,85.0,90.0,120.0,130.0,normal,0.000000,0.369488,0.103646
width,85.0,90.0,120.0,130.0,normal,0.000000,0.101019,0.074218
length,85.0,90.0,120.0,130.0,normal,0.000000,0.167888,0.112348
box_height,85.0,90.0,120.0,130.0,normal,0.000000,0.094363,0.067277
miss_detection,85.0,90.0,130.0,140.0,constant,1.000000,,
distal,85.0,90.0,130.0,140.0,normal,0.000000,0.109864,0.074604
perpendicular,85.0,90.0,130.0,140.0,normal,0.000000,0.134888,0.089462
height,85.0,90.0,130.0,140.0,normal,0.000000,0.107713,0.072683
yaw,85.0,90.0,130.0,140.0,normal,0.000000,0.369488,0.103646
width,85.0,90.0,130.0,140.0,normal,0.000000,0.101019,0.074218
length,85.0,90.0,130.0,140.0,normal,0.000000,0.167888,0.112348
box_height,85.0,90.0,130.0,140.0,normal,0.000000,0.094363,0.067277
miss_detection,85.0,90.0,140.0,150.0,constant,1.000000,,
distal,85.0,90.0,140.0,150.0,normal,0.000000,0.109864,0.074604
perpendicular,85.0,90.0,140.0,150.0,normal,0.000000,0.134888,0.089462
height,85.0,90.0,140.0,150.0,normal,0.000000,0.107713,0.072683
yaw,85.0,90.0,140.0,150.0,normal,0.000000,0.369488,0.103646
width,85.0,90.0,140.0,150.0,normal,0.000000,0.101019,0.074218
length,85.0,90.0,140.0,150.0,normal,0.000000,0.167888,0.112348
box_height,85.0,90.0,140.0,150.0,normal,0.000000,0.094363,0.067277
miss_detection,85.0,90.0,150.0,160.0,constant,1.000000,,
distal,85.0,90.0,150.0,160.0,normal,0.000000,0.109864,0.074604
perpendicular,85.0,90.0,150.0,160.0,normal,0.000000,0.134888,0.089462
height,85.0,90.0,150.0,160.0,normal,0.000000,0.107713,0.072683
yaw,85.0,90.0,150.0,160.0,normal,0.000000,0.369488,0.103646
width,85.0,90.0,150.0,160.0,normal,0.000000,0.101019,0.074218
length,85.0,90.0,150.0,160.0,normal,0.000000,0.167888,0.112348
box_height,85.0,90.0,150.0,160.0,normal,0.000000,0.094363,0.067277
miss_detection,85.0,90.0,160.0,170.0,constant,1.000000,,
distal,85.0,90.0,160.0,170.0,normal,0.000000,0.109864,0.074604
perpendicular,85.0,90.0,160.0,170.0,normal,0.000000,0.134888,0.089462
height,85.0,90.0,160.0,170.0,normal,0.000000,0.107713,0.072683
yaw,85.0,90.0,160.0,170.0,normal,0.000000,0.369488,0.103646
width,85.0,90.0,160.0,170.0,normal,0.000000,0.101019,0.074218
length,85.0,90.0,160.0,170.0,normal,0.000000,0.167888,0.112348
box_height,85.0,90.0,160.0,170.0,normal,0.000000,0.094363,0.067277
miss_detection,85.0,90.0,170.0,180.0,constant,1.000000,,
distal,85.0,90.0,170.0,180.0,normal,0.000000,0.109864,0.074604
perpendicular,85.0,90.0,170.0,180.0,normal,0.000000,0.134888,0.089462
height,85.0,90.0,170.0,180.0,normal,0.000000,0.107713,0.072683
yaw,85.0,90.0,170.0,180.0,normal,0.000000,0.369488,0.103646
width,85.0,90.0,170.0,180.0,normal,0.000000,0.101019,0.074218
length,85.0,90.0,170.0,180.0,normal,0.000000,0.167888,0.112348
box_height,85.0,90.0,170.0,180.0,normal,0.000000,0.094363,0.067277
miss_detection,90.0,95.0,-180.0,-170.0,constant,1.000000,,
distal,90.0,95.0,-180.0,-170.0,normal,0.000000,0.109864,0.074604
perpendicular,90.0,95.0,-180.0,-170.0,normal,0.000000,0.134888,0.089462
height,90.0,95.0,-180.0,-170.0,normal,0.000000,0.107713,0.072683
yaw,90.0,95.0,-180.0,-170.0,normal,0.000000,0.369488,0.103646
width,90.0,95.0,-180.0,-170.0,normal,0.000000,0.101019,0.074218
length,90.0,95.0,-180.0,-170.0,normal,0.000000,0.167888,0.112348
box_height,90.0,95.0,-180.0,-170.0,normal,0.000000,0.094363,0.067277
miss_detection,90.0,95.0,-170.0,-160.0,constant,1.000000,,
distal,90.0,95.0,-170.0,-160.0,normal,0.000000,0.109864,0.074604
perpendicular,90.0,95.0,-170.0,-160.0,normal,0.000000,0.134888,0.089462
height,90.0,95.0,-170.0,-160.0,normal,0.000000,0.107713,0.072683
yaw,90.0,95.0,-170.0,-160.0,normal,0.000000,0.369488,0.103646
width,90.0,95.0,-170.0,-160.0,normal,0.000000,0.101019,0.074218
length,90.0,95.0,-170.0,-160.0,normal,0.000000,0.167888,0.112348
box_height,90.0,95.0,-170.0,-160.0,normal,0.000000,0.094363,0.067277
miss_detection,90.0,95.0,-160.0,-150.0,constant,1.000000,,
distal,90.0,95.0,-160.0,-150.0,normal,0.000000,0.109864,0.074604
perpendicular,90.0,95.0,-160.0,-150.0,normal,0.000000,0.134888,0.089462
height,90.0,95.0,-160.0,-150.0,normal,0.000000,0.107713,0.072683
yaw,90.0,95.0,-160.0,-150.0,normal,0.000000,0.369488,0.103646
width,90.0,95.0,-160.0,-150.0,normal,0.000000,0.101019,0.074218
length,90.0,95.0,-160.0,-150.0,normal,0.000000,0.167888,0.112348
box_height,90.0,95.0,-160.0,-150.0,normal,0.000000,0.094363,0.067277
miss_detection,90.0,95.0,-150.0,-140.0,constant,1.000000,,
distal,90.0,95.0,-150.0,-140.0,normal,0.000000,0.109864,0.074604
perpendicular,90.0,95.0,-150.0,-140.0,normal,0.000000,0.134888,0.089462
height,90.0,95.0,-150.0,-140.0,normal,0.000000,0.107713,0.072683
yaw,90.0,95.0,-150.0,-140.0,normal,0.000000,0.369488,0.103646
width,90.0,95.0,-150.0,-140.0,normal,0.000000,0.101019,0.074218
length,90.0,95.0,-150.0,-140.0,normal,0.000000,0.167888,0.112348
box_height,90.0,95.0,-150.0,-140.0,normal,0.000000,0.094363,0.067277
miss_detection,90.0,95.0,-140.0,-130.0,constant,1.000000,,
distal,90.0,95.0,-140.0,-130.0,normal,0.000000,0.109864,0.074604
perpendicular,90.0,95.0,-140.0,-130.0,normal,0.000000,0.134888,0.089462
height,90.0,95.0,-140.0,-130.0,normal,0.000000,0.107713,0.072683
yaw,90.0,95.0,-140.0,-130.0,normal,0.000000,0.369488,0.103646
width,90.0,95.0,-140.0,-130.0,normal,0.000000,0.101019,0.074218
length,90.0,95.0,-140.0,-130.0,normal,0.000000,0.167888,0.112348
box_height,90.0,95.0,-140.0,-130.0,normal,0.000000,0.094363,0.067277
miss_detection,90.0,95.0,-130.0,-120.0,constant,1.000000,,
distal,90.0,95.0,-130.0,-120.0,normal,0.000000,0.109864,0.074604
perpendicular,90.0,95.0,-130.0,-120.0,normal,0.000000,0.134888,0.089462
height,90.0,95.0,-130.0,-120.0,normal,0.000000,0.107713,0.072683
yaw,90.0,95.0,-130.0,-120.0,normal,0.000000,0.369488,0.103646
width,90.0,95.0,-130.0,-120.0,normal,0.000000,0.101019,0.074218
length,90.0,95.0,-130.0,-120.0,normal,0.000000,0.167888,0.112348
box_height,90.0,95.0,-130.0,-120.0,normal,0.000000,0.094363,0.067277
miss_detection,90.0,95.0,-120.0,-110.0,constant,1.000000,,
distal,90.0,95.0,-120.0,-110.0,normal,0.000000,0.109864,0.074604
perpendicular,90.0,95.0,-120.0,-110.0,normal,0.000000,0.134888,0.089462
height,90.0,95.0,-120.0,-110.0,normal,0.000000,0.107713,0.072683
yaw,90.0,95.0,-120.0,-110.0,normal,0.000000,0.369488,0.103646
width,90.0,95.0,-120.0,-110.0,normal,0.000000,0.101019,0.074218
length,90.0,95.0,-120.0,-110.0,normal,0.000000,0.167888,0.112348
box_height,90.0,95.0,-120.0,-110.0,normal,0.000000,0.094363,0.067277
miss_detection,90.0,95.0,-110.0,-100.0,constant,1.000000,,
distal,90.0,95.0,-110.0,-100.0,normal,0.000000,0.109864,0.074604
perpendicular,90.0,95.0,-110.0,-100.0,normal,0.000000,0.134888,0.089462
height,90.0,95.0,-110.0,-100.0,normal,0.000000,0.107713,0.072683
yaw,90.0,95.0,-110.0,-100.0,normal,0.000000,0.369488,0.103646
width,90.0,95.0,-110.0,-100.0,normal,0.000000,0.101019,0.074218
length,90.0,95.0,-110.0,-100.0,normal,0.000000,0.167888,0.112348
box_height,90.0,95.0,-110.0,-100.0,normal,0.000000,0.094363,0.067277
miss_detection,90.0,95.0,-100.0,-90.0,constant,1.000000,,
distal,90.0,95.0,-100.0,-90.0,normal,0.000000,0.109864,0.074604
perpendicular,90.0,95.0,-100.0,-90.0,normal,0.000000,0.134888,0.089462
height,90.0,95.0,-100.0,-90.0,normal,0.000000,0.107713,0.072683
yaw,90.0,95.0,-100.0,-90.0,normal,0.000000,0.369488,0.103646
width,90.0,95.0,-100.0,-90.0,normal,0.000000,0.101019,0.074218
length,90.0,95.0,-100.0,-90.0,normal,0.000000,0.167888,0.112348
box_height,90.0,95.0,-100.0,-90.0,normal,0.000000,0.094363,0.067277
miss_detection,90.0,95.0,-90.0,-80.0,constant,1.000000,,
distal,90.0,95.0,-90.0,-80.0,normal,0.000000,0.109864,0.074604
perpendicular,90.0,95.0,-90.0,-80.0,normal,0.000000,0.134888,0.089462
height,90.0,95.0,-90.0,-80.0,normal,0.000000,0.107713,0.072683
yaw,90.0,95.0,-90.0,-80.0,normal,0.000000,0.369488,0.103646
width,90.0,95.0,-90.0,-80.0,normal,0.000000,0.101019,0.074218
length,90.0,95.0,-90.0,-80.0,normal,0.000000,0.167888,0.112348
box_height,90.0,95.0,-90.0,-80.0,normal,0.000000,0.094363,0.067277
miss_detection,90.0,95.0,-80.0,-70.0,constant,1.000000,,
distal,90.0,95.0,-80.0,-70.0,normal,0.000000,0.109864,0.074604
perpendicular,90.0,95.0,-80.0,-70.0,normal,0.000000,0.134888,0.089462
height,90.0,95.0,-80.0,-70.0,normal,0.000000,0.107713,0.072683
yaw,90.0,95.0,-80.0,-70.0,normal,0.000000,0.369488,0.103646
width,90.0,95.0,-80.0,-70.0,normal,0.000000,0.101019,0.074218
length,90.0,95.0,-80.0,-70.0,normal,0.000000,0.167888,0.112348
box_height,90.0,95.0,-80.0,-70.0,normal,0.000000,0.094363,0.067277
miss_detection,90.0,95.0,-70.0,-60.0,constant,1.000000,,
distal,90.0,95.0,-70.0,-60.0,normal,0.000000,0.109864,0.074604
perpendicular,90.0,95.0,-70.0,-60.0,normal,0.000000,0.134888,0.089462
height,90.0,95.0,-70.0,-60.0,normal,0.000000,0.107713,0.072683
yaw,90.0,95.0,-70.0,-60.0,normal,0.000000,0.369488,0.103646
width,90.0,95.0,-70.0,-60.0,normal,0.000000,0.101019,0.074218
length,90.0,95.0,-70.0,-60.0,normal,0.000000,0.167888,0.112348
box_height,90.0,95.0,-70.0,-60.0,normal,0.000000,0.094363,0.067277
miss_detection,90.0,95.0,-60.0,-50.0,constant,1.000000,,
distal,90.0,95.0,-60.0,-50.0,normal,0.000000,0.109864,0.074604
perpendicular,90.0,95.0,-60.0,-50.0,normal,0.000000,0.134888,0.089462
height,90.0,95.0,-60.0,-50.0,normal,0.000000,0.107713,0.072683
yaw,90.0,95.0,-60.0,-50.0,normal,0.000000,0.369488,0.103646
width,90.0,95.0,-60.0,-50.0,normal,0.000000,0.101019,0.074218
length,90.0,95.0,-60.0,-50.0,normal,0.000000,0.167888,0.112348
box_height,90.0,95.0,-60.0,-50.0,normal,0.000000,0.094363,0.067277
miss_detection,90.0,95.0,-50.0,-40.0,constant,1.000000,,
distal,90.0,95.0,-50.0,-40.0,normal,0.000000,0.109864,0.074604
perpendicular,90.0,95.0,-50.0,-40.0,normal,0.000000,0.134888,0.089462
height,90.0,95.0,-50.0,-40.0,normal,0.000000,0.107713,0.072683
yaw,90.0,95.0,-50.0,-40.0,normal,0.000000,0.369488,0.103646
width,90.0,95.0,-50.0,-40.0,normal,0.000000,0.101019,0.074218
length,90.0,95.0,-50.0,-40.0,normal,0.000000,0.167888,0.112348
box_height,90.0,95.0,-50.0,-40.0,normal,0.000000,0.094363,0.067277
miss_detection,90.0,95.0,-40.0,-30.0,constant,1.000000,,
distal,90.0,95.0,-40.0,-30.0,normal,0.000000,0.109864,0.074604
perpendicular,90.0,95.0,-40.0,-30.0,normal,0.000000,0.134888,0.089462
height,90.0,95.0,-40.0,-30.0,normal,0.000000,0.107713,0.072683
yaw,90.0,95.0,-40.0,-30.0,normal,0.000000,0.369488,0.103646
width,90.0,95.0,-40.0,-30.0,normal,0.000000,0.101019,0.074218
length,90.0,95.0,-40.0,-30.0,normal,0.000000,0.167888,0.112348
box_height,90.0,95.0,-40.0,-30.0,normal,0.000000,0.094363,0.067277
miss_detection,90.0,95.0,-30.0,-20.0,constant,1.000000,,
distal,90.0,95.0,-30.0,-20.0,normal,0.000000,0.109864,0.074604
perpendicular,90.0,95.0,-30.0,-20.0,normal,0.000000,0.134888,0.089462
height,90.0,95.0,-30.0,-20.0,normal,0.000000,0.107713,0.072683
yaw,90.0,95.0,-30.0,-20.0,normal,0.000000,0.369488,0.103646
width,90.0,95.0,-30.0,-20.0,normal,0.000000,0.101019,0.074218
length,90.0,95.0,-30.0,-20.0,normal,0.000000,0.167888,0.112348
box_height,90.0,95.0,-30.0,-20.0,normal,0.000000,0.094363,0.067277
miss_detection,90.0,95.0,-20.0,-10.0,constant,1.000000,,
distal,90.0,95.0,-20.0,-10.0,normal,0.000000,0.109864,0.074604
perpendicular,90.0,95.0,-20.0,-10.0,normal,0.000000,0.134888,0.089462
height,90.0,95.0,-20.0,-10.0,normal,0.000000,0.107713,0.072683
yaw,90.0,95.0,-20.0,-10.0,normal,0.000000,0.369488,0.103646
width,90.0,95.0,-20.0,-10.0,normal,0.000000,0.101019,0.074218
length,90.0,95.0,-20.0,-10.0,normal,0.000000,0.167888,0.112348
box_height,90.0,95.0,-20.0,-10.0,normal,0.000000,0.094363,0.067277
miss_detection,90.0,95.0,-10.0,0.0,constant,0.523810,,
distal,90.0,95.0,-10.0,0.0,normal,0.000000,0.101696,0.089621
perpendicular,90.0,95.0,-10.0,0.0,normal,0.000000,0.199859,0.168330
height,90.0,95.0,-10.0,0.0,normal,0.000000,0.177576,0.138102
yaw,90.0,95.0,-10.0,0.0,normal,0.000000,0.093567,0.071007
width,90.0,95.0,-10.0,0.0,normal,0.000000,0.098035,0.073906
length,90.0,95.0,-10.0,0.0,normal,0.000000,0.134527,0.097163
box_height,90.0,95.0,-10.0,0.0,normal,0.000000,0.097318,0.089633
miss_detection,90.0,95.0,0.0,10.0,constant,0.535519,,
distal,90.0,95.0,0.0,10.0,normal,0.000000,0.114438,0.088041
perpendicular,90.0,95.0,0.0,10.0,normal,0.000000,0.224942,0.172084
height,90.0,95.0,0.0,10.0,normal,0.000000,0.157176,0.128920
yaw,90.0,95.0,0.0,10.0,normal,0.000000,0.375784,0.150349
width,90.0,95.0,0.0,10.0,normal,0.000000,0.089331,0.064033
length,90.0,95.0,0.0,10.0,normal,0.000000,0.113420,0.099888
box_height,90.0,95.0,0.0,10.0,normal,0.000000,0.136080,0.090402
miss_detection,90.0,95.0,10.0,20.0,constant,0.327929,,
distal,90.0,95.0,10.0,20.0,normal,0.000000,0.103236,0.080761
perpendicular,90.0,95.0,10.0,20.0,normal,0.000000,0.185259,0.137784
height,90.0,95.0,10.0,20.0,normal,0.000000,0.140084,0.105833
yaw,90.0,95.0,10.0,20.0,normal,0.000000,0.076759,0.082112
width,90.0,95.0,10.0,20.0,normal,0.000000,0.105174,0.074379
length,90.0,95.0,10.0,20.0,normal,0.000000,0.149593,0.099093
box_height,90.0,95.0,10.0,20.0,normal,0.000000,0.110305,0.078664
miss_detection,90.0,95.0,20.0,30.0,constant,1.000000,,
distal,90.0,95.0,20.0,30.0,normal,0.000000,0.109864,0.074604
perpendicular,90.0,95.0,20.0,30.0,normal,0.000000,0.134888,0.089462
height,90.0,95.0,20.0,30.0,normal,0.000000,0.107713,0.072683
yaw,90.0,95.0,20.0,30.0,normal,0.000000,0.369488,0.103646
width,90.0,95.0,20.0,30.0,normal,0.000000,0.101019,0.074218
length,90.0,95.0,20.0,30.0,normal,0.000000,0.167888,0.112348
box_height,90.0,95.0,20.0,30.0,normal,0.000000,0.094363,0.067277
miss_detection,90.0,95.0,30.0,40.0,constant,1.000000,,
distal,90.0,95.0,30.0,40.0,normal,0.000000,0.109864,0.074604
perpendicular,90.0,95.0,30.0,40.0,normal,0.000000,0.134888,0.089462
height,90.0,95.0,30.0,40.0,normal,0.000000,0.107713,0.072683
yaw,90.0,95.0,30.0,40.0,normal,0.000000,0.369488,0.103646
width,90.0,95.0,30.0,40.0,normal,0.000000,0.101019,0.074218
length,90.0,95.0,30.0,40.0,normal,0.000000,0.167888,0.112348
box_height,90.0,95.0,30.0,40.0,normal,0.000000,0.094363,0.067277
miss_detection,90.0,95.0,40.0,50.0,constant,1.000000,,
distal,90.0,95.0,40.0,50.0,normal,0.000000,0.109864,0.074604
perpendicular,90.0,95.0,40.0,50.0,normal,0.000000,0.134888,0.089462
height,90.0,95.0,40.0,50.0,normal,0.000000,0.107713,0.072683
yaw,90.0,95.0,40.0,50.0,normal,0.000000,0.369488,0.103646
width,90.0,95.0,40.0,50.0,normal,0.000000,0.101019,0.074218
length,90.0,95.0,40.0,50.0,normal,0.000000,0.167888,0.112348
box_height,90.0,95.0,40.0,50.0,normal,0.000000,0.094363,0.067277
miss_detection,90.0,95.0,50.0,60.0,constant,1.000000,,
distal,90.0,95.0,50.0,60.0,normal,0.000000,0.109864,0.074604
perpendicular,90.0,95.0,50.0,60.0,normal,0.000000,0.134888,0.089462
height,90.0,95.0,50.0,60.0,normal,0.000000,0.107713,0.072683
yaw,90.0,95.0,50.0,60.0,normal,0.000000,0.369488,0.103646
width,90.0,95.0,50.0,60.0,normal,0.000000,0.101019,0.074218
length,90.0,95.0,50.0,60.0,normal,0.000000,0.167888,0.112348
box_height,90.0,95.0,50.0,60.0,normal,0.000000,0.094363,0.067277
miss_detection,90.0,95.0,60.0,70.0,constant,1.000000,,
distal,90.0,95.0,60.0,70.0,normal,0.000000,0.109864,0.074604
perpendicular,90.0,95.0,60.0,70.0,normal,0.000000,0.134888,0.089462
height,90.0,95.0,60.0,70.0,normal,0.000000,0.107713,0.072683
yaw,90.0,95.0,60.0,70.0,normal,0.000000,0.369488,0.103646
width,90.0,95.0,60.0,70.0,normal,0.000000,0.101019,0.074218
length,90.0,95.0,60.0,70.0,normal,0.000000,0.167888,0.112348
box_height,90.0,95.0,60.0,70.0,normal,0.000000,0.094363,0.067277
miss_detection,90.0,95.0,70.0,80.0,constant,1.000000,,
distal,90.0,95.0,70.0,80.0,normal,0.000000,0.109864,0.074604
perpendicular,90.0,95.0,70.0,80.0,normal,0.000000,0.134888,0.089462
height,90.0,95.0,70.0,80.0,normal,0.000000,0.107713,0.072683
yaw,90.0,95.0,70.0,80.0,normal,0.000000,0.369488,0.103646
width,90.0,95.0,70.0,80.0,normal,0.000000,0.101019,0.074218
length,90.0,95.0,70.0,80.0,normal,0.000000,0.167888,0.112348
box_height,90.0,95.0,70.0,80.0,normal,0.000000,0.094363,0.067277
miss_detection,90.0,95.0,80.0,90.0,constant,1.000000,,
distal,90.0,95.0,80.0,90.0,normal,0.000000,0.109864,0.074604
perpendicular,90.0,95.0,80.0,90.0,normal,0.000000,0.134888,0.089462
height,90.0,95.0,80.0,90.0,normal,0.000000,0.107713,0.072683
yaw,90.0,95.0,80.0,90.0,normal,0.000000,0.369488,0.103646
width,90.0,95.0,80.0,90.0,normal,0.000000,0.101019,0.074218
length,90.0,95.0,80.0,90.0,normal,0.000000,0.167888,0.112348
box_height,90.0,95.0,80.0,90.0,normal,0.000000,0.094363,0.067277
miss_detection,90.0,95.0,90.0,100.0,constant,1.000000,,
distal,90.0,95.0,90.0,100.0,normal,0.000000,0.109864,0.074604
perpendicular,90.0,95.0,90.0,100.0,normal,0.000000,0.134888,0.089462
height,90.0,95.0,90.0,100.0,normal,0.000000,0.107713,0.072683
yaw,90.0,95.0,90.0,100.0,normal,0.000000,0.369488,0.103646
width,90.0,95.0,90.0,100.0,normal,0.000000,0.101019,0.074218
length,90.0,95.0,90.0,100.0,normal,0.000000,0.167888,0.112348
box_height,90.0,95.0,90.0,100.0,normal,0.000000,0.094363,0.067277
miss_detection,90.0,95.0,100.0,110.0,constant,1.000000,,
distal,90.0,95.0,100.0,110.0,normal,0.000000,0.109864,0.074604
perpendicular,90.0,95.0,100.0,110.0,normal,0.000000,0.134888,0.089462
height,90.0,95.0,100.0,110.0,normal,0.000000,0.107713,0.072683
yaw,90.0,95.0,100.0,110.0,normal,0.000000,0.369488,0.103646
width,90.0,95.0,100.0,110.0,normal,0.000000,0.101019,0.074218
length,90.0,95.0,100.0,110.0,normal,0.000000,0.167888,0.112348
box_height,90.0,95.0,100.0,110.0,normal,0.000000,0.094363,0.067277
miss_detection,90.0,95.0,110.0,120.0,constant,1.000000,,
distal,90.0,95.0,110.0,120.0,normal,0.000000,0.109864,0.074604
perpendicular,90.0,95.0,110.0,120.0,normal,0.000000,0.134888,0.089462
height,90.0,95.0,110.0,120.0,normal,0.000000,0.107713,0.072683
yaw,90.0,95.0,110.0,120.0,normal,0.000000,0.369488,0.103646
width,90.0,95.0,110.0,120.0,normal,0.000000,0.101019,0.074218
length,90.0,95.0,110.0,120.0,normal,0.000000,0.167888,0.112348
box_height,90.0,95.0,110.0,120.0,normal,0.000000,0.094363,0.067277
miss_detection,90.0,95.0,120.0,130.0,constant,1.000000,,
distal,90.0,95.0,120.0,130.0,normal,0.000000,0.109864,0.074604
perpendicular,90.0,95.0,120.0,130.0,normal,0.000000,0.134888,0.089462
height,90.0,95.0,120.0,130.0,normal,0.000000,0.107713,0.072683
yaw,90.0,95.0,120.0,130.0,normal,0.000000,0.369488,0.103646
width,90.0,95.0,120.0,130.0,normal,0.000000,0.101019,0.074218
length,90.0,95.0,120.0,130.0,normal,0.000000,0.167888,0.112348
box_height,90.0,95.0,120.0,130.0,normal,0.000000,0.094363,0.067277
miss_detection,90.0,95.0,130.0,140.0,constant,1.000000,,
distal,90.0,95.0,130.0,140.0,normal,0.000000,0.109864,0.074604
perpendicular,90.0,95.0,130.0,140.0,normal,0.000000,0.134888,0.089462
height,90.0,95.0,130.0,140.0,normal,0.000000,0.107713,0.072683
yaw,90.0,95.0,130.0,140.0,normal,0.000000,0.369488,0.103646
width,90.0,95.0,130.0,140.0,normal,0.000000,0.101019,0.074218
length,90.0,95.0,130.0,140.0,normal,0.000000,0.167888,0.112348
box_height,90.0,95.0,130.0,140.0,normal,0.000000,0.094363,0.067277
miss_detection,90.0,95.0,140.0,150.0,constant,1.000000,,
distal,90.0,95.0,140.0,150.0,normal,0.000000,0.109864,0.074604
perpendicular,90.0,95.0,140.0,150.0,normal,0.000000,0.134888,0.089462
height,90.0,95.0,140.0,150.0,normal,0.000000,0.107713,0.072683
yaw,90.0,95.0,140.0,150.0,normal,0.000000,0.369488,0.103646
width,90.0,95.0,140.0,150.0,normal,0.000000,0.101019,0.074218
length,90.0,95.0,140.0,150.0,normal,0.000000,0.167888,0.112348
box_height,90.0,95.0,140.0,150.0,normal,0.000000,0.094363,0.067277
miss_detection,90.0,95.0,150.0,160.0,constant,1.000000,,
distal,90.0,95.0,150.0,160.0,normal,0.000000,0.109864,0.074604
perpendicular,90.0,95.0,150.0,160.0,normal,0.000000,0.134888,0.089462
height,90.0,95.0,150.0,160.0,normal,0.000000,0.107713,0.072683
yaw,90.0,95.0,150.0,160.0,normal,0.000000,0.369488,0.103646
width,90.0,95.0,150.0,160.0,normal,0.000000,0.101019,0.074218
length,90.0,95.0,150.0,160.0,normal,0.000000,0.167888,0.112348
box_height,90.0,95.0,150.0,160.0,normal,0.000000,0.094363,0.067277
miss_detection,90.0,95.0,160.0,170.0,constant,1.000000,,
distal,90.0,95.0,160.0,170.0,normal,0.000000,0.109864,0.074604
perpendicular,90.0,95.0,160.0,170.0,normal,0.000000,0.134888,0.089462
height,90.0,95.0,160.0,170.0,normal,0.000000,0.107713,0.072683
yaw,90.0,95.0,160.0,170.0,normal,0.000000,0.369488,0.103646
width,90.0,95.0,160.0,170.0,normal,0.000000,0.101019,0.074218
length,90.0,95.0,160.0,170.0,normal,0.000000,0.167888,0.112348
box_height,90.0,95.0,160.0,170.0,normal,0.000000,0.094363,0.067277
miss_detection,90.0,95.0,170.0,180.0,constant,1.000000,,
distal,90.0,95.0,170.0,180.0,normal,0.000000,0.109864,0.074604
perpendicular,90.0,95.0,170.0,180.0,normal,0.000000,0.134888,0.089462
height,90.0,95.0,170.0,180.0,normal,0.000000,0.107713,0.072683
yaw,90.0,95.0,170.0,180.0,normal,0.000000,0.369488,0.103646
width,90.0,95.0,170.0,180.0,normal,0.000000,0.101019,0.074218
length,90.0,95.0,170.0,180.0,normal,0.000000,0.167888,0.112348
box_height,90.0,95.0,170.0,180.0,normal,0.000000,0.094363,0.067277
miss_detection,95.0,100.0,-180.0,-170.0,constant,1.000000,,
distal,95.0,100.0,-180.0,-170.0,normal,0.000000,0.109864,0.074604
perpendicular,95.0,100.0,-180.0,-170.0,normal,0.000000,0.134888,0.089462
height,95.0,100.0,-180.0,-170.0,normal,0.000000,0.107713,0.072683
yaw,95.0,100.0,-180.0,-170.0,normal,0.000000,0.369488,0.103646
width,95.0,100.0,-180.0,-170.0,normal,0.000000,0.101019,0.074218
length,95.0,100.0,-180.0,-170.0,normal,0.000000,0.167888,0.112348
box_height,95.0,100.0,-180.0,-170.0,normal,0.000000,0.094363,0.067277
miss_detection,95.0,100.0,-170.0,-160.0,constant,1.000000,,
distal,95.0,100.0,-170.0,-160.0,normal,0.000000,0.109864,0.074604
perpendicular,95.0,100.0,-170.0,-160.0,normal,0.000000,0.134888,0.089462
height,95.0,100.0,-170.0,-160.0,normal,0.000000,0.107713,0.072683
yaw,95.0,100.0,-170.0,-160.0,normal,0.000000,0.369488,0.103646
width,95.0,100.0,-170.0,-160.0,normal,0.000000,0.101019,0.074218
length,95.0,100.0,-170.0,-160.0,normal,0.000000,0.167888,0.112348
box_height,95.0,100.0,-170.0,-160.0,normal,0.000000,0.094363,0.067277
miss_detection,95.0,100.0,-160.0,-150.0,constant,1.000000,,
distal,95.0,100.0,-160.0,-150.0,normal,0.000000,0.109864,0.074604
perpendicular,95.0,100.0,-160.0,-150.0,normal,0.000000,0.134888,0.089462
height,95.0,100.0,-160.0,-150.0,normal,0.000000,0.107713,0.072683
yaw,95.0,100.0,-160.0,-150.0,normal,0.000000,0.369488,0.103646
width,95.0,100.0,-160.0,-150.0,normal,0.000000,0.101019,0.074218
length,95.0,100.0,-160.0,-150.0,normal,0.000000,0.167888,0.112348
box_height,95.0,100.0,-160.0,-150.0,normal,0.000000,0.094363,0.067277
miss_detection,95.0,100.0,-150.0,-140.0,constant,1.000000,,
distal,95.0,100.0,-150.0,-140.0,normal,0.000000,0.109864,0.074604
perpendicular,95.0,100.0,-150.0,-140.0,normal,0.000000,0.134888,0.089462
height,95.0,100.0,-150.0,-140.0,normal,0.000000,0.107713,0.072683
yaw,95.0,100.0,-150.0,-140.0,normal,0.000000,0.369488,0.103646
width,95.0,100.0,-150.0,-140.0,normal,0.000000,0.101019,0.074218
length,95.0,100.0,-150.0,-140.0,normal,0.000000,0.167888,0.112348
box_height,95.0,100.0,-150.0,-140.0,normal,0.000000,0.094363,0.067277
miss_detection,95.0,100.0,-140.0,-130.0,constant,1.000000,,
distal,95.0,100.0,-140.0,-130.0,normal,0.000000,0.109864,0.074604
perpendicular,95.0,100.0,-140.0,-130.0,normal,0.000000,0.134888,0.089462
height,95.0,100.0,-140.0,-130.0,normal,0.000000,0.107713,0.072683
yaw,95.0,100.0,-140.0,-130.0,normal,0.000000,0.369488,0.103646
width,95.0,100.0,-140.0,-130.0,normal,0.000000,0.101019,0.074218
length,95.0,100.0,-140.0,-130.0,normal,0.000000,0.167888,0.112348
box_height,95.0,100.0,-140.0,-130.0,normal,0.000000,0.094363,0.067277
miss_detection,95.0,100.0,-130.0,-120.0,constant,1.000000,,
distal,95.0,100.0,-130.0,-120.0,normal,0.000000,0.109864,0.074604
perpendicular,95.0,100.0,-130.0,-120.0,normal,0.000000,0.134888,0.089462
height,95.0,100.0,-130.0,-120.0,normal,0.000000,0.107713,0.072683
yaw,95.0,100.0,-130.0,-120.0,normal,0.000000,0.369488,0.103646
width,95.0,100.0,-130.0,-120.0,normal,0.000000,0.101019,0.074218
length,95.0,100.0,-130.0,-120.0,normal,0.000000,0.167888,0.112348
box_height,95.0,100.0,-130.0,-120.0,normal,0.000000,0.094363,0.067277
miss_detection,95.0,100.0,-120.0,-110.0,constant,1.000000,,
distal,95.0,100.0,-120.0,-110.0,normal,0.000000,0.109864,0.074604
perpendicular,95.0,100.0,-120.0,-110.0,normal,0.000000,0.134888,0.089462
height,95.0,100.0,-120.0,-110.0,normal,0.000000,0.107713,0.072683
yaw,95.0,100.0,-120.0,-110.0,normal,0.000000,0.369488,0.103646
width,95.0,100.0,-120.0,-110.0,normal,0.000000,0.101019,0.074218
length,95.0,100.0,-120.0,-110.0,normal,0.000000,0.167888,0.112348
box_height,95.0,100.0,-120.0,-110.0,normal,0.000000,0.094363,0.067277
miss_detection,95.0,100.0,-110.0,-100.0,constant,1.000000,,
distal,95.0,100.0,-110.0,-100.0,normal,0.000000,0.109864,0.074604
perpendicular,95.0,100.0,-110.0,-100.0,normal,0.000000,0.134888,0.089462
height,95.0,100.0,-110.0,-100.0,normal,0.000000,0.107713,0.072683
yaw,95.0,100.0,-110.0,-100.0,normal,0.000000,0.369488,0.103646
width,95.0,100.0,-110.0,-100.0,normal,0.000000,0.101019,0.074218
length,95.0,100.0,-110.0,-100.0,normal,0.000000,0.167888,0.112348
box_height,95.0,100.0,-110.0,-100.0,normal,0.000000,0.094363,0.067277
miss_detection,95.0,100.0,-100.0,-90.0,constant,1.000000,,
distal,95.0,100.0,-100.0,-90.0,normal,0.000000,0.109864,0.074604
perpendicular,95.0,100.0,-100.0,-90.0,normal,0.000000,0.134888,0.089462
height,95.0,100.0,-100.0,-90.0,normal,0.000000,0.107713,0.072683
yaw,95.0,100.0,-100.0,-90.0,normal,0.000000,0.369488,0.103646
width,95.0,100.0,-100.0,-90.0,normal,0.000000,0.101019,0.074218
length,95.0,100.0,-100.0,-90.0,normal,0.000000,0.167888,0.112348
box_height,95.0,100.0,-100.0,-90.0,normal,0.000000,0.094363,0.067277
miss_detection,95.0,100.0,-90.0,-80.0,constant,1.000000,,
distal,95.0,100.0,-90.0,-80.0,normal,0.000000,0.109864,0.074604
perpendicular,95.0,100.0,-90.0,-80.0,normal,0.000000,0.134888,0.089462
height,95.0,100.0,-90.0,-80.0,normal,0.000000,0.107713,0.072683
yaw,95.0,100.0,-90.0,-80.0,normal,0.000000,0.369488,0.103646
width,95.0,100.0,-90.0,-80.0,normal,0.000000,0.101019,0.074218
length,95.0,100.0,-90.0,-80.0,normal,0.000000,0.167888,0.112348
box_height,95.0,100.0,-90.0,-80.0,normal,0.000000,0.094363,0.067277
miss_detection,95.0,100.0,-80.0,-70.0,constant,1.000000,,
distal,95.0,100.0,-80.0,-70.0,normal,0.000000,0.109864,0.074604
perpendicular,95.0,100.0,-80.0,-70.0,normal,0.000000,0.134888,0.089462
height,95.0,100.0,-80.0,-70.0,normal,0.000000,0.107713,0.072683
yaw,95.0,100.0,-80.0,-70.0,normal,0.000000,0.369488,0.103646
width,95.0,100.0,-80.0,-70.0,normal,0.000000,0.101019,0.074218
length,95.0,100.0,-80.0,-70.0,normal,0.000000,0.167888,0.112348
box_height,95.0,100.0,-80.0,-70.0,normal,0.000000,0.094363,0.067277
miss_detection,95.0,100.0,-70.0,-60.0,constant,1.000000,,
distal,95.0,100.0,-70.0,-60.0,normal,0.000000,0.109864,0.074604
perpendicular,95.0,100.0,-70.0,-60.0,normal,0.000000,0.134888,0.089462
height,95.0,100.0,-70.0,-60.0,normal,0.000000,0.107713,0.072683
yaw,95.0,100.0,-70.0,-60.0,normal,0.000000,0.369488,0.103646
width,95.0,100.0,-70.0,-60.0,normal,0.000000,0.101019,0.074218
length,95.0,100.0,-70.0,-60.0,normal,0.000000,0.167888,0.112348
box_height,95.0,100.0,-70.0,-60.0,normal,0.000000,0.094363,0.067277
miss_detection,95.0,100.0,-60.0,-50.0,constant,1.000000,,
distal,95.0,100.0,-60.0,-50.0,normal,0.000000,0.109864,0.074604
perpendicular,95.0,100.0,-60.0,-50.0,normal,0.000000,0.134888,0.089462
height,95.0,100.0,-60.0,-50.0,normal,0.000000,0.107713,0.072683
yaw,95.0,100.0,-60.0,-50.0,normal,0.000000,0.369488,0.103646
width,95.0,100.0,-60.0,-50.0,normal,0.000000,0.101019,0.074218
length,95.0,100.0,-60.0,-50.0,normal,0.000000,0.167888,0.112348
box_height,95.0,100.0,-60.0,-50.0,normal,0.000000,0.094363,0.067277
miss_detection,95.0,100.0,-50.0,-40.0,constant,1.000000,,
distal,95.0,100.0,-50.0,-40.0,normal,0.000000,0.109864,0.074604
perpendicular,95.0,100.0,-50.0,-40.0,normal,0.000000,0.134888,0.089462
height,95.0,100.0,-50.0,-40.0,normal,0.000000,0.107713,0.072683
yaw,95.0,100.0,-50.0,-40.0,normal,0.000000,0.369488,0.103646
width,95.0,100.0,-50.0,-40.0,normal,0.000000,0.101019,0.074218
length,95.0,100.0,-50.0,-40.0,normal,0.000000,0.167888,0.112348
box_height,95.0,100.0,-50.0,-40.0,normal,0.000000,0.094363,0.067277
miss_detection,95.0,100.0,-40.0,-30.0,constant,1.000000,,
distal,95.0,100.0,-40.0,-30.0,normal,0.000000,0.109864,0.074604
perpendicular,95.0,100.0,-40.0,-30.0,normal,0.000000,0.134888,0.089462
height,95.0,100.0,-40.0,-30.0,normal,0.000000,0.107713,0.072683
yaw,95.0,100.0,-40.0,-30.0,normal,0.000000,0.369488,0.103646
width,95.0,100.0,-40.0,-30.0,normal,0.000000,0.101019,0.074218
length,95.0,100.0,-40.0,-30.0,normal,0.000000,0.167888,0.112348
box_height,95.0,100.0,-40.0,-30.0,normal,0.000000,0.094363,0.067277
miss_detection,95.0,100.0,-30.0,-20.0,constant,1.000000,,
distal,95.0,100.0,-30.0,-20.0,normal,0.000000,0.109864,0.074604
perpendicular,95.0,100.0,-30.0,-20.0,normal,0.000000,0.134888,0.089462
height,95.0,100.0,-30.0,-20.0,normal,0.000000,0.107713,0.072683
yaw,95.0,100.0,-30.0,-20.0,normal,0.000000,0.369488,0.103646
width,95.0,100.0,-30.0,-20.0,normal,0.000000,0.101019,0.074218
length,95.0,100.0,-30.0,-20.0,normal,0.000000,0.167888,0.112348
box_height,95.0,100.0,-30.0,-20.0,normal,0.000000,0.094363,0.067277
miss_detection,95.0,100.0,-20.0,-10.0,constant,1.000000,,
distal,95.0,100.0,-20.0,-10.0,normal,0.000000,0.109864,0.074604
perpendicular,95.0,100.0,-20.0,-10.0,normal,0.000000,0.134888,0.089462
height,95.0,100.0,-20.0,-10.0,normal,0.000000,0.107713,0.072683
yaw,95.0,100.0,-20.0,-10.0,normal,0.000000,0.369488,0.103646
width,95.0,100.0,-20.0,-10.0,normal,0.000000,0.101019,0.074218
length,95.0,100.0,-20.0,-10.0,normal,0.000000,0.167888,0.112348
box_height,95.0,100.0,-20.0,-10.0,normal,0.000000,0.094363,0.067277
miss_detection,95.0,100.0,-10.0,0.0,constant,1.000000,,
distal,95.0,100.0,-10.0,0.0,normal,0.000000,0.109864,0.074604
perpendicular,95.0,100.0,-10.0,0.0,normal,0.000000,0.134888,0.089462
height,95.0,100.0,-10.0,0.0,normal,0.000000,0.107713,0.072683
yaw,95.0,100.0,-10.0,0.0,normal,0.000000,0.369488,0.103646
width,95.0,100.0,-10.0,0.0,normal,0.000000,0.101019,0.074218
length,95.0,100.0,-10.0,0.0,normal,0.000000,0.167888,0.112348
box_height,95.0,100.0,-10.0,0.0,normal,0.000000,0.094363,0.067277
miss_detection,95.0,100.0,0.0,10.0,constant,1.000000,,
distal,95.0,100.0,0.0,10.0,normal,0.000000,0.109864,0.074604
perpendicular,95.0,100.0,0.0,10.0,normal,0.000000,0.134888,0.089462
height,95.0,100.0,0.0,10.0,normal,0.000000,0.107713,0.072683
yaw,95.0,100.0,0.0,10.0,normal,0.000000,0.369488,0.103646
width,95.0,100.0,0.0,10.0,normal,0.000000,0.101019,0.074218
length,95.0,100.0,0.0,10.0,normal,0.000000,0.167888,0.112348
box_height,95.0,100.0,0.0,10.0,normal,0.000000,0.094363,0.067277
miss_detection,95.0,100.0,10.0,20.0,constant,0.987165,,
distal,95.0,100.0,10.0,20.0,normal,0.000000,0.120829,0.116004
perpendicular,95.0,100.0,10.0,20.0,normal,0.000000,0.135448,0.161126
height,95.0,100.0,10.0,20.0,normal,0.000000,0.147240,0.128265
yaw,95.0,100.0,10.0,20.0,normal,0.000000,0.093099,0.089407
width,95.0,100.0,10.0,20.0,normal,0.000000,0.084350,0.071183
length,95.0,100.0,10.0,20.0,normal,0.000000,0.103375,0.093760
box_height,95.0,100.0,10.0,20.0,normal,0.000000,0.096345,0.084892
miss_detection,95.0,100.0,20.0,30.0,constant,1.000000,,
distal,95.0,100.0,20.0,30.0,normal,0.000000,0.109864,0.074604
perpendicular,95.0,100.0,20.0,30.0,normal,0.000000,0.134888,0.089462
height,95.0,100.0,20.0,30.0,normal,0.000000,0.107713,0.072683
yaw,95.0,100.0,20.0,30.0,normal,0.000000,0.369488,0.103646
width,95.0,100.0,20.0,30.0,normal,0.000000,0.101019,0.074218
length,95.0,100.0,20.0,30.0,normal,0.000000,0.167888,0.112348
box_height,95.0,100.0,20.0,30.0,normal,0.000000,0.094363,0.067277
miss_detection,95.0,100.0,30.0,40.0,constant,1.000000,,
distal,95.0,100.0,30.0,40.0,normal,0.000000,0.109864,0.074604
perpendicular,95.0,100.0,30.0,40.0,normal,0.000000,0.134888,0.089462
height,95.0,100.0,30.0,40.0,normal,0.000000,0.107713,0.072683
yaw,95.0,100.0,30.0,40.0,normal,0.000000,0.369488,0.103646
width,95.0,100.0,30.0,40.0,normal,0.000000,0.101019,0.074218
length,95.0,100.0,30.0,40.0,normal,0.000000,0.167888,0.112348
box_height,95.0,100.0,30.0,40.0,normal,0.000000,0.094363,0.067277
miss_detection,95.0,100.0,40.0,50.0,constant,1.000000,,
distal,95.0,100.0,40.0,50.0,normal,0.000000,0.109864,0.074604
perpendicular,95.0,100.0,40.0,50.0,normal,0.000000,0.134888,0.089462
height,95.0,100.0,40.0,50.0,normal,0.000000,0.107713,0.072683
yaw,95.0,100.0,40.0,50.0,normal,0.000000,0.369488,0.103646
width,95.0,100.0,40.0,50.0,normal,0.000000,0.101019,0.074218
length,95.0,100.0,40.0,50.0,normal,0.000000,0.167888,0.112348
box_height,95.0,100.0,40.0,50.0,normal,0.000000,0.094363,0.067277
miss_detection,95.0,100.0,50.0,60.0,constant,1.000000,,
distal,95.0,100.0,50.0,60.0,normal,0.000000,0.109864,0.074604
perpendicular,95.0,100.0,50.0,60.0,normal,0.000000,0.134888,0.089462
height,95.0,100.0,50.0,60.0,normal,0.000000,0.107713,0.072683
yaw,95.0,100.0,50.0,60.0,normal,0.000000,0.369488,0.103646
width,95.0,100.0,50.0,60.0,normal,0.000000,0.101019,0.074218
length,95.0,100.0,50.0,60.0,normal,0.000000,0.167888,0.112348
box_height,95.0,100.0,50.0,60.0,normal,0.000000,0.094363,0.067277
miss_detection,95.0,100.0,60.0,70.0,constant,1.000000,,
distal,95.0,100.0,60.0,70.0,normal,0.000000,0.109864,0.074604
perpendicular,95.0,100.0,60.0,70.0,normal,0.000000,0.134888,0.089462
height,95.0,100.0,60.0,70.0,normal,0.000000,0.107713,0.072683
yaw,95.0,100.0,60.0,70.0,normal,0.000000,0.369488,0.103646
width,95.0,100.0,60.0,70.0,normal,0.000000,0.101019,0.074218
length,95.0,100.0,60.0,70.0,normal,0.000000,0.167888,0.112348
box_height,95.0,100.0,60.0,70.0,normal,0.000000,0.094363,0.067277
miss_detection,95.0,100.0,70.0,80.0,constant,1.000000,,
distal,95.0,100.0,70.0,80.0,normal,0.000000,0.109864,0.074604
perpendicular,95.0,100.0,70.0,80.0,normal,0.000000,0.134888,0.089462
height,95.0,100.0,70.0,80.0,normal,0.000000,0.107713,0.072683
yaw,95.0,100.0,70.0,80.0,normal,0.000000,0.369488,0.103646
width,95.0,100.0,70.0,80.0,normal,0.000000,0.101019,0.074218
length,95.0,100.0,70.0,80.0,normal,0.000000,0.167888,0.112348
box_height,95.0,100.0,70.0,80.0,normal,0.000000,0.094363,0.067277
miss_detection,95.0,100.0,80.0,90.0,constant,1.000000,,
distal,95.0,100.0,80.0,90.0,normal,0.000000,0.109864,0.074604
perpendicular,95.0,100.0,80.0,90.0,normal,0.000000,0.134888,0.089462
height,95.0,100.0,80.0,90.0,normal,0.000000,0.107713,0.072683
yaw,95.0,100.0,80.0,90.0,normal,0.000000,0.369488,0.103646
width,95.0,100.0,80.0,90.0,normal,0.000000,0.101019,0.074218
length,95.0,100.0,80.0,90.0,normal,0.000000,0.167888,0.112348
box_height,95.0,100.0,80.0,90.0,normal,0.000000,0.094363,0.067277
miss_detection,95.0,100.0,90.0,100.0,constant,1.000000,,
distal,95.0,100.0,90.0,100.0,normal,0.000000,0.109864,0.074604
perpendicular,95.0,100.0,90.0,100.0,normal,0.000000,0.134888,0.089462
height,95.0,100.0,90.0,100.0,normal,0.000000,0.107713,0.072683
yaw,95.0,100.0,90.0,100.0,normal,0.000000,0.369488,0.103646
width,95.0,100.0,90.0,100.0,normal,0.000000,0.101019,0.074218
length,95.0,100.0,90.0,100.0,normal,0.000000,0.167888,0.112348
box_height,95.0,100.0,90.0,100.0,normal,0.000000,0.094363,0.067277
miss_detection,95.0,100.0,100.0,110.0,constant,1.000000,,
distal,95.0,100.0,100.0,110.0,normal,0.000000,0.109864,0.074604
perpendicular,95.0,100.0,100.0,110.0,normal,0.000000,0.134888,0.089462
height,95.0,100.0,100.0,110.0,normal,0.000000,0.107713,0.072683
yaw,95.0,100.0,100.0,110.0,normal,0.000000,0.369488,0.103646
width,95.0,100.0,100.0,110.0,normal,0.000000,0.101019,0.074218
length,95.0,100.0,100.0,110.0,normal,0.000000,0.167888,0.112348
box_height,95.0,100.0,100.0,110.0,normal,0.000000,0.094363,0.067277
miss_detection,95.0,100.0,110.0,120.0,constant,1.000000,,
distal,95.0,100.0,110.0,120.0,normal,0.000000,0.109864,0.074604
perpendicular,95.0,100.0,110.0,120.0,normal,0.000000,0.134888,0.089462
height,95.0,100.0,110.0,120.0,normal,0.000000,0.107713,0.072683
yaw,95.0,100.0,110.0,120.0,normal,0.000000,0.369488,0.103646
width,95.0,100.0,110.0,120.0,normal,0.000000,0.101019,0.074218
length,95.0,100.0,110.0,120.0,normal,0.000000,0.167888,0.112348
box_height,95.0,100.0,110.0,120.0,normal,0.000000,0.094363,0.067277
miss_detection,95.0,100.0,120.0,130.0,constant,1.000000,,
distal,95.0,100.0,120.0,130.0,normal,0.000000,0.109864,0.074604
perpendicular,95.0,100.0,120.0,130.0,normal,0.000000,0.134888,0.089462
height,95.0,100.0,120.0,130.0,normal,0.000000,0.107713,0.072683
yaw,95.0,100.0,120.0,130.0,normal,0.000000,0.369488,0.103646
width,95.0,100.0,120.0,130.0,normal,0.000000,0.101019,0.074218
length,95.0,100.0,120.0,130.0,normal,0.000000,0.167888,0.112348
box_height,95.0,100.0,120.0,130.0,normal,0.000000,0.094363,0.067277
miss_detection,95.0,100.0,130.0,140.0,constant,1.000000,,
distal,95.0,100.0,130.0,140.0,normal,0.000000,0.109864,0.074604
perpendicular,95.0,100.0,130.0,140.0,normal,0.000000,0.134888,0.089462
height,95.0,100.0,130.0,140.0,normal,0.000000,0.107713,0.072683
yaw,95.0,100.0,130.0,140.0,normal,0.000000,0.369488,0.103646
width,95.0,100.0,130.0,140.0,normal,0.000000,0.101019,0.074218
length,95.0,100.0,130.0,140.0,normal,0.000000,0.167888,0.112348
box_height,95.0,100.0,130.0,140.0,normal,0.000000,0.094363,0.067277
miss_detection,95.0,100.0,140.0,150.0,constant,1.000000,,
distal,95.0,100.0,140.0,150.0,normal,0.000000,0.109864,0.074604
perpendicular,95.0,100.0,140.0,150.0,normal,0.000000,0.134888,0.089462
height,95.0,100.0,140.0,150.0,normal,0.000000,0.107713,0.072683
yaw,95.0,100.0,140.0,150.0,normal,0.000000,0.369488,0.103646
width,95.0,100.0,140.0,150.0,normal,0.000000,0.101019,0.074218
length,95.0,100.0,140.0,150.0,normal,0.000000,0.167888,0.112348
box_height,95.0,100.0,140.0,150.0,normal,0.000000,0.094363,0.067277
miss_detection,95.0,100.0,150.0,160.0,constant,1.000000,,
distal,95.0,100.0,150.0,160.0,normal,0.000000,0.109864,0.074604
perpendicular,95.0,100.0,150.0,160.0,normal,0.000000,0.134888,0.089462
height,95.0,100.0,150.0,160.0,normal,0.000000,0.107713,0.072683
yaw,95.0,100.0,150.0,160.0,normal,0.000000,0.369488,0.103646
width,95.0,100.0,150.0,160.0,normal,0.000000,0.101019,0.074218
length,95.0,100.0,150.0,160.0,normal,0.000000,0.167888,0.112348
box_height,95.0,100.0,150.0,160.0,normal,0.000000,0.094363,0.067277
miss_detection,95.0,100.0,160.0,170.0,constant,1.000000,,
distal,95.0,100.0,160.0,170.0,normal,0.000000,0.109864,0.074604
perpendicular,95.0,100.0,160.0,170.0,normal,0.000000,0.134888,0.089462
height,95.0,100.0,160.0,170.0,normal,0.000000,0.107713,0.072683
yaw,95.0,100.0,160.0,170.0,normal,0.000000,0.369488,0.103646
width,95.0,100.0,160.0,170.0,normal,0.000000,0.101019,0.074218
length,95.0,100.0,160.0,170.0,normal,0.000000,0.167888,0.112348
box_height,95.0,100.0,160.0,170.0,normal,0.000000,0.094363,0.067277
miss_detection,95.0,100.0,170.0,180.0,constant,1.000000,,
distal,95.0,100.0,170.0,180.0,normal,0.000000,0.109864,0.074604
perpendicular,95.0,100.0,170.0,180.0,normal,0.000000,0.134888,0.089462
height,95.0,100.0,170.0,180.0,normal,0.000000,0.107713,0.072683
yaw,95.0,100.0,170.0,180.0,normal,0.000000,0.369488,0.103646
width,95.0,100.0,170.0,180.0,normal,0.000000,0.101019,0.074218
length,95.0,100.0,170.0,180.0,normal,0.000000,0.167888,0.112348
box_height,95.0,100.0,170.0,180.0,normal,0.000000,0.094363,0.067277
miss_detection,100.0,105.0,-180.0,-170.0,constant,1.000000,,
distal,100.0,105.0,-180.0,-170.0,normal,0.000000,0.109864,0.074604
perpendicular,100.0,105.0,-180.0,-170.0,normal,0.000000,0.134888,0.089462
height,100.0,105.0,-180.0,-170.0,normal,0.000000,0.107713,0.072683
yaw,100.0,105.0,-180.0,-170.0,normal,0.000000,0.369488,0.103646
width,100.0,105.0,-180.0,-170.0,normal,0.000000,0.101019,0.074218
length,100.0,105.0,-180.0,-170.0,normal,0.000000,0.167888,0.112348
box_height,100.0,105.0,-180.0,-170.0,normal,0.000000,0.094363,0.067277
miss_detection,100.0,105.0,-170.0,-160.0,constant,1.000000,,
distal,100.0,105.0,-170.0,-160.0,normal,0.000000,0.109864,0.074604
perpendicular,100.0,105.0,-170.0,-160.0,normal,0.000000,0.134888,0.089462
height,100.0,105.0,-170.0,-160.0,normal,0.000000,0.107713,0.072683
yaw,100.0,105.0,-170.0,-160.0,normal,0.000000,0.369488,0.103646
width,100.0,105.0,-170.0,-160.0,normal,0.000000,0.101019,0.074218
length,100.0,105.0,-170.0,-160.0,normal,0.000000,0.167888,0.112348
box_height,100.0,105.0,-170.0,-160.0,normal,0.000000,0.094363,0.067277
miss_detection,100.0,105.0,-160.0,-150.0,constant,1.000000,,
distal,100.0,105.0,-160.0,-150.0,normal,0.000000,0.109864,0.074604
perpendicular,100.0,105.0,-160.0,-150.0,normal,0.000000,0.134888,0.089462
height,100.0,105.0,-160.0,-150.0,normal,0.000000,0.107713,0.072683
yaw,100.0,105.0,-160.0,-150.0,normal,0.000000,0.369488,0.103646
width,100.0,105.0,-160.0,-150.0,normal,0.000000,0.101019,0.074218
length,100.0,105.0,-160.0,-150.0,normal,0.000000,0.167888,0.112348
box_height,100.0,105.0,-160.0,-150.0,normal,0.000000,0.094363,0.067277
miss_detection,100.0,105.0,-150.0,-140.0,constant,1.000000,,
distal,100.0,105.0,-150.0,-140.0,normal,0.000000,0.109864,0.074604
perpendicular,100.0,105.0,-150.0,-140.0,normal,0.000000,0.134888,0.089462
height,100.0,105.0,-150.0,-140.0,normal,0.000000,0.107713,0.072683
yaw,100.0,105.0,-150.0,-140.0,normal,0.000000,0.369488,0.103646
width,100.0,105.0,-150.0,-140.0,normal,0.000000,0.101019,0.074218
length,100.0,105.0,-150.0,-140.0,normal,0.000000,0.167888,0.112348
box_height,100.0,105.0,-150.0,-140.0,normal,0.000000,0.094363,0.067277
miss_detection,100.0,105.0,-140.0,-130.0,constant,1.000000,,
distal,100.0,105.0,-140.0,-130.0,normal,0.000000,0.109864,0.074604
perpendicular,100.0,105.0,-140.0,-130.0,normal,0.000000,0.134888,0.089462
height,100.0,105.0,-140.0,-130.0,normal,0.000000,0.107713,0.072683
yaw,100.0,105.0,-140.0,-130.0,normal,0.000000,0.369488,0.103646
width,100.0,105.0,-140.0,-130.0,normal,0.000000,0.101019,0.074218
length,100.0,105.0,-140.0,-130.0,normal,0.000000,0.167888,0.112348
box_height,100.0,105.0,-140.0,-130.0,normal,0.000000,0.094363,0.067277
miss_detection,100.0,105.0,-130.0,-120.0,constant,1.000000,,
distal,100.0,105.0,-130.0,-120.0,normal,0.000000,0.109864,0.074604
perpendicular,100.0,105.0,-130.0,-120.0,normal,0.000000,0.134888,0.089462
height,100.0,105.0,-130.0,-120.0,normal,0.000000,0.107713,0.072683
yaw,100.0,105.0,-130.0,-120.0,normal,0.000000,0.369488,0.103646
width,100.0,105.0,-130.0,-120.0,normal,0.000000,0.101019,0.074218
length,100.0,105.0,-130.0,-120.0,normal,0.000000,0.167888,0.112348
box_height,100.0,105.0,-130.0,-120.0,normal,0.000000,0.094363,0.067277
miss_detection,100.0,105.0,-120.0,-110.0,constant,1.000000,,
distal,100.0,105.0,-120.0,-110.0,normal,0.000000,0.109864,0.074604
perpendicular,100.0,105.0,-120.0,-110.0,normal,0.000000,0.134888,0.089462
height,100.0,105.0,-120.0,-110.0,normal,0.000000,0.107713,0.072683
yaw,100.0,105.0,-120.0,-110.0,normal,0.000000,0.369488,0.103646
width,100.0,105.0,-120.0,-110.0,normal,0.000000,0.101019,0.074218
length,100.0,105.0,-120.0,-110.0,normal,0.000000,0.167888,0.112348
box_height,100.0,105.0,-120.0,-110.0,normal,0.000000,0.094363,0.067277
miss_detection,100.0,105.0,-110.0,-100.0,constant,1.000000,,
distal,100.0,105.0,-110.0,-100.0,normal,0.000000,0.109864,0.074604
perpendicular,100.0,105.0,-110.0,-100.0,normal,0.000000,0.134888,0.089462
height,100.0,105.0,-110.0,-100.0,normal,0.000000,0.107713,0.072683
yaw,100.0,105.0,-110.0,-100.0,normal,0.000000,0.369488,0.103646
width,100.0,105.0,-110.0,-100.0,normal,0.000000,0.101019,0.074218
length,100.0,105.0,-110.0,-100.0,normal,0.000000,0.167888,0.112348
box_height,100.0,105.0,-110.0,-100.0,normal,0.000000,0.094363,0.067277
miss_detection,100.0,105.0,-100.0,-90.0,constant,1.000000,,
distal,100.0,105.0,-100.0,-90.0,normal,0.000000,0.109864,0.074604
perpendicular,100.0,105.0,-100.0,-90.0,normal,0.000000,0.134888,0.089462
height,100.0,105.0,-100.0,-90.0,normal,0.000000,0.107713,0.072683
yaw,100.0,105.0,-100.0,-90.0,normal,0.000000,0.369488,0.103646
width,100.0,105.0,-100.0,-90.0,normal,0.000000,0.101019,0.074218
length,100.0,105.0,-100.0,-90.0,normal,0.000000,0.167888,0.112348
box_height,100.0,105.0,-100.0,-90.0,normal,0.000000,0.094363,0.067277
miss_detection,100.0,105.0,-90.0,-80.0,constant,1.000000,,
distal,100.0,105.0,-90.0,-80.0,normal,0.000000,0.109864,0.074604
perpendicular,100.0,105.0,-90.0,-80.0,normal,0.000000,0.134888,0.089462
height,100.0,105.0,-90.0,-80.0,normal,0.000000,0.107713,0.072683
yaw,100.0,105.0,-90.0,-80.0,normal,0.000000,0.369488,0.103646
width,100.0,105.0,-90.0,-80.0,normal,0.000000,0.101019,0.074218
length,100.0,105.0,-90.0,-80.0,normal,0.000000,0.167888,0.112348
box_height,100.0,105.0,-90.0,-80.0,normal,0.000000,0.094363,0.067277
miss_detection,100.0,105.0,-80.0,-70.0,constant,1.000000,,
distal,100.0,105.0,-80.0,-70.0,normal,0.000000,0.109864,0.074604
perpendicular,100.0,105.0,-80.0,-70.0,normal,0.000000,0.134888,0.089462
height,100.0,105.0,-80.0,-70.0,normal,0.000000,0.107713,0.072683
yaw,100.0,105.0,-80.0,-70.0,normal,0.000000,0.369488,0.103646
width,100.0,105.0,-80.0,-70.0,normal,0.000000,0.101019,0.074218
length,100.0,105.0,-80.0,-70.0,normal,0.000000,0.167888,0.112348
box_height,100.0,105.0,-80.0,-70.0,normal,0.000000,0.094363,0.067277
miss_detection,100.0,105.0,-70.0,-60.0,constant,1.000000,,
distal,100.0,105.0,-70.0,-60.0,normal,0.000000,0.109864,0.074604
perpendicular,100.0,105.0,-70.0,-60.0,normal,0.000000,0.134888,0.089462
height,100.0,105.0,-70.0,-60.0,normal,0.000000,0.107713,0.072683
yaw,100.0,105.0,-70.0,-60.0,normal,0.000000,0.369488,0.103646
width,100.0,105.0,-70.0,-60.0,normal,0.000000,0.101019,0.074218
length,100.0,105.0,-70.0,-60.0,normal,0.000000,0.167888,0.112348
box_height,100.0,105.0,-70.0,-60.0,normal,0.000000,0.094363,0.067277
miss_detection,100.0,105.0,-60.0,-50.0,constant,1.000000,,
distal,100.0,105.0,-60.0,-50.0,normal,0.000000,0.109864,0.074604
perpendicular,100.0,105.0,-60.0,-50.0,normal,0.000000,0.134888,0.089462
height,100.0,105.0,-60.0,-50.0,normal,0.000000,0.107713,0.072683
yaw,100.0,105.0,-60.0,-50.0,normal,0.000000,0.369488,0.103646
width,100.0,105.0,-60.0,-50.0,normal,0.000000,0.101019,0.074218
length,100.0,105.0,-60.0,-50.0,normal,0.000000,0.167888,0.112348
box_height,100.0,105.0,-60.0,-50.0,normal,0.000000,0.094363,0.067277
miss_detection,100.0,105.0,-50.0,-40.0,constant,1.000000,,
distal,100.0,105.0,-50.0,-40.0,normal,0.000000,0.109864,0.074604
perpendicular,100.0,105.0,-50.0,-40.0,normal,0.000000,0.134888,0.089462
height,100.0,105.0,-50.0,-40.0,normal,0.000000,0.107713,0.072683
yaw,100.0,105.0,-50.0,-40.0,normal,0.000000,0.369488,0.103646
width,100.0,105.0,-50.0,-40.0,normal,0.000000,0.101019,0.074218
length,100.0,105.0,-50.0,-40.0,normal,0.000000,0.167888,0.112348
box_height,100.0,105.0,-50.0,-40.0,normal,0.000000,0.094363,0.067277
miss_detection,100.0,105.0,-40.0,-30.0,constant,1.000000,,
distal,100.0,105.0,-40.0,-30.0,normal,0.000000,0.109864,0.074604
perpendicular,100.0,105.0,-40.0,-30.0,normal,0.000000,0.134888,0.089462
height,100.0,105.0,-40.0,-30.0,normal,0.000000,0.107713,0.072683
yaw,100.0,105.0,-40.0,-30.0,normal,0.000000,0.369488,0.103646
width,100.0,105.0,-40.0,-30.0,normal,0.000000,0.101019,0.074218
length,100.0,105.0,-40.0,-30.0,normal,0.000000,0.167888,0.112348
box_height,100.0,105.0,-40.0,-30.0,normal,0.000000,0.094363,0.067277
miss_detection,100.0,105.0,-30.0,-20.0,constant,1.000000,,
distal,100.0,105.0,-30.0,-20.0,normal,0.000000,0.109864,0.074604
perpendicular,100.0,105.0,-30.0,-20.0,normal,0.000000,0.134888,0.089462
height,100.0,105.0,-30.0,-20.0,normal,0.000000,0.107713,0.072683
yaw,100.0,105.0,-30.0,-20.0,normal,0.000000,0.369488,0.103646
width,100.0,105.0,-30.0,-20.0,normal,0.000000,0.101019,0.074218
length,100.0,105.0,-30.0,-20.0,normal,0.000000,0.167888,0.112348
box_height,100.0,105.0,-30.0,-20.0,normal,0.000000,0.094363,0.067277
miss_detection,100.0,105.0,-20.0,-10.0,constant,1.000000,,
distal,100.0,105.0,-20.0,-10.0,normal,0.000000,0.109864,0.074604
perpendicular,100.0,105.0,-20.0,-10.0,normal,0.000000,0.134888,0.089462
height,100.0,105.0,-20.0,-10.0,normal,0.000000,0.107713,0.072683
yaw,100.0,105.0,-20.0,-10.0,normal,0.000000,0.369488,0.103646
width,100.0,105.0,-20.0,-10.0,normal,0.000000,0.101019,0.074218
length,100.0,105.0,-20.0,-10.0,normal,0.000000,0.167888,0.112348
box_height,100.0,105.0,-20.0,-10.0,normal,0.000000,0.094363,0.067277
miss_detection,100.0,105.0,-10.0,0.0,constant,1.000000,,
distal,100.0,105.0,-10.0,0.0,normal,0.000000,0.109864,0.074604
perpendicular,100.0,105.0,-10.0,0.0,normal,0.000000,0.134888,0.089462
height,100.0,105.0,-10.0,0.0,normal,0.000000,0.107713,0.072683
yaw,100.0,105.0,-10.0,0.0,normal,0.000000,0.369488,0.103646
width,100.0,105.0,-10.0,0.0,normal,0.000000,0.101019,0.074218
length,100.0,105.0,-10.0,0.0,normal,0.000000,0.167888,0.112348
box_height,100.0,105.0,-10.0,0.0,normal,0.000000,0.094363,0.067277
miss_detection,100.0,105.0,0.0,10.0,constant,1.000000,,
distal,100.0,105.0,0.0,10.0,normal,0.000000,0.109864,0.074604
perpendicular,100.0,105.0,0.0,10.0,normal,0.000000,0.134888,0.089462
height,100.0,105.0,0.0,10.0,normal,0.000000,0.107713,0.072683
yaw,100.0,105.0,0.0,10.0,normal,0.000000,0.369488,0.103646
width,100.0,105.0,0.0,10.0,normal,0.000000,0.101019,0.074218
length,100.0,105.0,0.0,10.0,normal,0.000000,0.167888,0.112348
box_height,100.0,105.0,0.0,10.0,normal,0.000000,0.094363,0.067277
miss_detection,100.0,105.0,10.0,20.0,constant,1.000000,,
distal,100.0,105.0,10.0,20.0,normal,0.000000,0.109864,0.074604
perpendicular,100.0,105.0,10.0,20.0,normal,0.000000,0.134888,0.089462
height,100.0,105.0,10.0,20.0,normal,0.000000,0.107713,0.072683
yaw,100.0,105.0,10.0,20.0,normal,0.000000,0.369488,0.103646
width,100.0,105.0,10.0,20.0,normal,0.000000,0.101019,0.074218
length,100.0,105.0,10.0,20.0,normal,0.000000,0.167888,0.112348
box_height,100.0,105.0,10.0,20.0,normal,0.000000,0.094363,0.067277
miss_detection,100.0,105.0,20.0,30.0,constant,1.000000,,
distal,100.0,105.0,20.0,30.0,normal,0.000000,0.109864,0.074604
perpendicular,100.0,105.0,20.0,30.0,normal,0.000000,0.134888,0.089462
height,100.0,105.0,20.0,30.0,normal,0.000000,0.107713,0.072683
yaw,100.0,105.0,20.0,30.0,normal,0.000000,0.369488,0.103646
width,100.0,105.0,20.0,30.0,normal,0.000000,0.101019,0.074218
length,100.0,105.0,20.0,30.0,normal,0.000000,0.167888,0.112348
box_height,100.0,105.0,20.0,30.0,normal,0.000000,0.094363,0.067277
miss_detection,100.0,105.0,30.0,40.0,constant,1.000000,,
distal,100.0,105.0,30.0,40.0,normal,0.000000,0.109864,0.074604
perpendicular,100.0,105.0,30.0,40.0,normal,0.000000,0.134888,0.089462
height,100.0,105.0,30.0,40.0,normal,0.000000,0.107713,0.072683
yaw,100.0,105.0,30.0,40.0,normal,0.000000,0.369488,0.103646
width,100.0,105.0,30.0,40.0,normal,0.000000,0.101019,0.074218
length,100.0,105.0,30.0,40.0,normal,0.000000,0.167888,0.112348
box_height,100.0,105.0,30.0,40.0,normal,0.000000,0.094363,0.067277
miss_detection,100.0,105.0,40.0,50.0,constant,1.000000,,
distal,100.0,105.0,40.0,50.0,normal,0.000000,0.109864,0.074604
perpendicular,100.0,105.0,40.0,50.0,normal,0.000000,0.134888,0.089462
height,100.0,105.0,40.0,50.0,normal,0.000000,0.107713,0.072683
yaw,100.0,105.0,40.0,50.0,normal,0.000000,0.369488,0.103646
width,100.0,105.0,40.0,50.0,normal,0.000000,0.101019,0.074218
length,100.0,105.0,40.0,50.0,normal,0.000000,0.167888,0.112348
box_height,100.0,105.0,40.0,50.0,normal,0.000000,0.094363,0.067277
miss_detection,100.0,105.0,50.0,60.0,constant,1.000000,,
distal,100.0,105.0,50.0,60.0,normal,0.000000,0.109864,0.074604
perpendicular,100.0,105.0,50.0,60.0,normal,0.000000,0.134888,0.089462
height,100.0,105.0,50.0,60.0,normal,0.000000,0.107713,0.072683
yaw,100.0,105.0,50.0,60.0,normal,0.000000,0.369488,0.103646
width,100.0,105.0,50.0,60.0,normal,0.000000,0.101019,0.074218
length,100.0,105.0,50.0,60.0,normal,0.000000,0.167888,0.112348
box_height,100.0,105.0,50.0,60.0,normal,0.000000,0.094363,0.067277
miss_detection,100.0,105.0,60.0,70.0,constant,1.000000,,
distal,100.0,105.0,60.0,70.0,normal,0.000000,0.109864,0.074604
perpendicular,100.0,105.0,60.0,70.0,normal,0.000000,0.134888,0.089462
height,100.0,105.0,60.0,70.0,normal,0.000000,0.107713,0.072683
yaw,100.0,105.0,60.0,70.0,normal,0.000000,0.369488,0.103646
width,100.0,105.0,60.0,70.0,normal,0.000000,0.101019,0.074218
length,100.0,105.0,60.0,70.0,normal,0.000000,0.167888,0.112348
box_height,100.0,105.0,60.0,70.0,normal,0.000000,0.094363,0.067277
miss_detection,100.0,105.0,70.0,80.0,constant,1.000000,,
distal,100.0,105.0,70.0,80.0,normal,0.000000,0.109864,0.074604
perpendicular,100.0,105.0,70.0,80.0,normal,0.000000,0.134888,0.089462
height,100.0,105.0,70.0,80.0,normal,0.000000,0.107713,0.072683
yaw,100.0,105.0,70.0,80.0,normal,0.000000,0.369488,0.103646
width,100.0,105.0,70.0,80.0,normal,0.000000,0.101019,0.074218
length,100.0,105.0,70.0,80.0,normal,0.000000,0.167888,0.112348
box_height,100.0,105.0,70.0,80.0,normal,0.000000,0.094363,0.067277
miss_detection,100.0,105.0,80.0,90.0,constant,1.000000,,
distal,100.0,105.0,80.0,90.0,normal,0.000000,0.109864,0.074604
perpendicular,100.0,105.0,80.0,90.0,normal,0.000000,0.134888,0.089462
height,100.0,105.0,80.0,90.0,normal,0.000000,0.107713,0.072683
yaw,100.0,105.0,80.0,90.0,normal,0.000000,0.369488,0.103646
width,100.0,105.0,80.0,90.0,normal,0.000000,0.101019,0.074218
length,100.0,105.0,80.0,90.0,normal,0.000000,0.167888,0.112348
box_height,100.0,105.0,80.0,90.0,normal,0.000000,0.094363,0.067277
miss_detection,100.0,105.0,90.0,100.0,constant,1.000000,,
distal,100.0,105.0,90.0,100.0,normal,0.000000,0.109864,0.074604
perpendicular,100.0,105.0,90.0,100.0,normal,0.000000,0.134888,0.089462
height,100.0,105.0,90.0,100.0,normal,0.000000,0.107713,0.072683
yaw,100.0,105.0,90.0,100.0,normal,0.000000,0.369488,0.103646
width,100.0,105.0,90.0,100.0,normal,0.000000,0.101019,0.074218
length,100.0,105.0,90.0,100.0,normal,0.000000,0.167888,0.112348
box_height,100.0,105.0,90.0,100.0,normal,0.000000,0.094363,0.067277
miss_detection,100.0,105.0,100.0,110.0,constant,1.000000,,
distal,100.0,105.0,100.0,110.0,normal,0.000000,0.109864,0.074604
perpendicular,100.0,105.0,100.0,110.0,normal,0.000000,0.134888,0.089462
height,100.0,105.0,100.0,110.0,normal,0.000000,0.107713,0.072683
yaw,100.0,105.0,100.0,110.0,normal,0.000000,0.369488,0.103646
width,100.0,105.0,100.0,110.0,normal,0.000000,0.101019,0.074218
length,100.0,105.0,100.0,110.0,normal,0.000000,0.167888,0.112348
box_height,100.0,105.0,100.0,110.0,normal,0.000000,0.094363,0.067277
miss_detection,100.0,105.0,110.0,120.0,constant,1.000000,,
distal,100.0,105.0,110.0,120.0,normal,0.000000,0.109864,0.074604
perpendicular,100.0,105.0,110.0,120.0,normal,0.000000,0.134888,0.089462
height,100.0,105.0,110.0,120.0,normal,0.000000,0.107713,0.072683
yaw,100.0,105.0,110.0,120.0,normal,0.000000,0.369488,0.103646
width,100.0,105.0,110.0,120.0,normal,0.000000,0.101019,0.074218
length,100.0,105.0,110.0,120.0,normal,0.000000,0.167888,0.112348
box_height,100.0,105.0,110.0,120.0,normal,0.000000,0.094363,0.067277
miss_detection,100.0,105.0,120.0,130.0,constant,1.000000,,
distal,100.0,105.0,120.0,130.0,normal,0.000000,0.109864,0.074604
perpendicular,100.0,105.0,120.0,130.0,normal,0.000000,0.134888,0.089462
height,100.0,105.0,120.0,130.0,normal,0.000000,0.107713,0.072683
yaw,100.0,105.0,120.0,130.0,normal,0.000000,0.369488,0.103646
width,100.0,105.0,120.0,130.0,normal,0.000000,0.101019,0.074218
length,100.0,105.0,120.0,130.0,normal,0.000000,0.167888,0.112348
box_height,100.0,105.0,120.0,130.0,normal,0.000000,0.094363,0.067277
miss_detection,100.0,105.0,130.0,140.0,constant,1.000000,,
distal,100.0,105.0,130.0,140.0,normal,0.000000,0.109864,0.074604
perpendicular,100.0,105.0,130.0,140.0,normal,0.000000,0.134888,0.089462
height,100.0,105.0,130.0,140.0,normal,0.000000,0.107713,0.072683
yaw,100.0,105.0,130.0,140.0,normal,0.000000,0.369488,0.103646
width,100.0,105.0,130.0,140.0,normal,0.000000,0.101019,0.074218
length,100.0,105.0,130.0,140.0,normal,0.000000,0.167888,0.112348
box_height,100.0,105.0,130.0,140.0,normal,0.000000,0.094363,0.067277
miss_detection,100.0,105.0,140.0,150.0,constant,1.000000,,
distal,100.0,105.0,140.0,150.0,normal,0.000000,0.109864,0.074604
perpendicular,100.0,105.0,140.0,150.0,normal,0.000000,0.134888,0.089462
height,100.0,105.0,140.0,150.0,normal,0.000000,0.107713,0.072683
yaw,100.0,105.0,140.0,150.0,normal,0.000000,0.369488,0.103646
width,100.0,105.0,140.0,150.0,normal,0.000000,0.101019,0.074218
length,100.0,105.0,140.0,150.0,normal,0.000000,0.167888,0.112348
box_height,100.0,105.0,140.0,150.0,normal,0.000000,0.094363,0.067277
miss_detection,100.0,105.0,150.0,160.0,constant,1.000000,,
distal,100.0,105.0,150.0,160.0,normal,0.000000,0.109864,0.074604
perpendicular,100.0,105.0,150.0,160.0,normal,0.000000,0.134888,0.089462
height,100.0,105.0,150.0,160.0,normal,0.000000,0.107713,0.072683
yaw,100.0,105.0,150.0,160.0,normal,0.000000,0.369488,0.103646
width,100.0,105.0,150.0,160.0,normal,0.000000,0.101019,0.074218
length,100.0,105.0,150.0,160.0,normal,0.000000,0.167888,0.112348
box_height,100.0,105.0,150.0,160.0,normal,0.000000,0.094363,0.067277
miss_detection,100.0,105.0,160.0,170.0,constant,1.000000,,
distal,100.0,105.0,160.0,170.0,normal,0.000000,0.109864,0.074604
perpendicular,100.0,105.0,160.0,170.0,normal,0.000000,0.134888,0.089462
height,100.0,105.0,160.0,170.0,normal,0.000000,0.107713,0.072683
yaw,100.0,105.0,160.0,170.0,normal,0.000000,0.369488,0.103646
width,100.0,105.0,160.0,170.0,normal,0.000000,0.101019,0.074218
length,100.0,105.0,160.0,170.0,normal,0.000000,0.167888,0.112348
box_height,100.0,105.0,160.0,170.0,normal,0.000000,0.094363,0.067277
miss_detection,100.0,105.0,170.0,180.0,constant,1.000000,,
distal,100.0,105.0,170.0,180.0,normal,0.000000,0.109864,0.074604
perpendicular,100.0,105.0,170.0,180.0,normal,0.000000,0.134888,0.089462
height,100.0,105.0,170.0,180.0,normal,0.000000,0.107713,0.072683
yaw,100.0,105.0,170.0,180.0,normal,0.000000,0.369488,0.103646
width,100.0,105.0,170.0,180.0,normal,0.000000,0.101019,0.074218
length,100.0,105.0,170.0,180.0,normal,0.000000,0.167888,0.112348
box_height,100.0,105.0,170.0,180.0,normal,0.000000,0.094363,0.067277
miss_detection,105.0,110.0,-180.0,-170.0,constant,1.000000,,
distal,105.0,110.0,-180.0,-170.0,normal,0.000000,0.109864,0.074604
perpendicular,105.0,110.0,-180.0,-170.0,normal,0.000000,0.134888,0.089462
height,105.0,110.0,-180.0,-170.0,normal,0.000000,0.107713,0.072683
yaw,105.0,110.0,-180.0,-170.0,normal,0.000000,0.369488,0.103646
width,105.0,110.0,-180.0,-170.0,normal,0.000000,0.101019,0.074218
length,105.0,110.0,-180.0,-170.0,normal,0.000000,0.167888,0.112348
box_height,105.0,110.0,-180.0,-170.0,normal,0.000000,0.094363,0.067277
miss_detection,105.0,110.0,-170.0,-160.0,constant,1.000000,,
distal,105.0,110.0,-170.0,-160.0,normal,0.000000,0.109864,0.074604
perpendicular,105.0,110.0,-170.0,-160.0,normal,0.000000,0.134888,0.089462
height,105.0,110.0,-170.0,-160.0,normal,0.000000,0.107713,0.072683
yaw,105.0,110.0,-170.0,-160.0,normal,0.000000,0.369488,0.103646
width,105.0,110.0,-170.0,-160.0,normal,0.000000,0.101019,0.074218
length,105.0,110.0,-170.0,-160.0,normal,0.000000,0.167888,0.112348
box_height,105.0,110.0,-170.0,-160.0,normal,0.000000,0.094363,0.067277
miss_detection,105.0,110.0,-160.0,-150.0,constant,1.000000,,
distal,105.0,110.0,-160.0,-150.0,normal,0.000000,0.109864,0.074604
perpendicular,105.0,110.0,-160.0,-150.0,normal,0.000000,0.134888,0.089462
height,105.0,110.0,-160.0,-150.0,normal,0.000000,0.107713,0.072683
yaw,105.0,110.0,-160.0,-150.0,normal,0.000000,0.369488,0.103646
width,105.0,110.0,-160.0,-150.0,normal,0.000000,0.101019,0.074218
length,105.0,110.0,-160.0,-150.0,normal,0.000000,0.167888,0.112348
box_height,105.0,110.0,-160.0,-150.0,normal,0.000000,0.094363,0.067277
miss_detection,105.0,110.0,-150.0,-140.0,constant,1.000000,,
distal,105.0,110.0,-150.0,-140.0,normal,0.000000,0.109864,0.074604
perpendicular,105.0,110.0,-150.0,-140.0,normal,0.000000,0.134888,0.089462
height,105.0,110.0,-150.0,-140.0,normal,0.000000,0.107713,0.072683
yaw,105.0,110.0,-150.0,-140.0,normal,0.000000,0.369488,0.103646
width,105.0,110.0,-150.0,-140.0,normal,0.000000,0.101019,0.074218
length,105.0,110.0,-150.0,-140.0,normal,0.000000,0.167888,0.112348
box_height,105.0,110.0,-150.0,-140.0,normal,0.000000,0.094363,0.067277
miss_detection,105.0,110.0,-140.0,-130.0,constant,1.000000,,
distal,105.0,110.0,-140.0,-130.0,normal,0.000000,0.109864,0.074604
perpendicular,105.0,110.0,-140.0,-130.0,normal,0.000000,0.134888,0.089462
height,105.0,110.0,-140.0,-130.0,normal,0.000000,0.107713,0.072683
yaw,105.0,110.0,-140.0,-130.0,normal,0.000000,0.369488,0.103646
width,105.0,110.0,-140.0,-130.0,normal,0.000000,0.101019,0.074218
length,105.0,110.0,-140.0,-130.0,normal,0.000000,0.167888,0.112348
box_height,105.0,110.0,-140.0,-130.0,normal,0.000000,0.094363,0.067277
miss_detection,105.0,110.0,-130.0,-120.0,constant,1.000000,,
distal,105.0,110.0,-130.0,-120.0,normal,0.000000,0.109864,0.074604
perpendicular,105.0,110.0,-130.0,-120.0,normal,0.000000,0.134888,0.089462
height,105.0,110.0,-130.0,-120.0,normal,0.000000,0.107713,0.072683
yaw,105.0,110.0,-130.0,-120.0,normal,0.000000,0.369488,0.103646
width,105.0,110.0,-130.0,-120.0,normal,0.000000,0.101019,0.074218
length,105.0,110.0,-130.0,-120.0,normal,0.000000,0.167888,0.112348
box_height,105.0,110.0,-130.0,-120.0,normal,0.000000,0.094363,0.067277
miss_detection,105.0,110.0,-120.0,-110.0,constant,1.000000,,
distal,105.0,110.0,-120.0,-110.0,normal,0.000000,0.109864,0.074604
perpendicular,105.0,110.0,-120.0,-110.0,normal,0.000000,0.134888,0.089462
height,105.0,110.0,-120.0,-110.0,normal,0.000000,0.107713,0.072683
yaw,105.0,110.0,-120.0,-110.0,normal,0.000000,0.369488,0.103646
width,105.0,110.0,-120.0,-110.0,normal,0.000000,0.101019,0.074218
length,105.0,110.0,-120.0,-110.0,normal,0.000000,0.167888,0.112348
box_height,105.0,110.0,-120.0,-110.0,normal,0.000000,0.094363,0.067277
miss_detection,105.0,110.0,-110.0,-100.0,constant,1.000000,,
distal,105.0,110.0,-110.0,-100.0,normal,0.000000,0.109864,0.074604
perpendicular,105.0,110.0,-110.0,-100.0,normal,0.000000,0.134888,0.089462
height,105.0,110.0,-110.0,-100.0,normal,0.000000,0.107713,0.072683
yaw,105.0,110.0,-110.0,-100.0,normal,0.000000,0.369488,0.103646
width,105.0,110.0,-110.0,-100.0,normal,0.000000,0.101019,0.074218
length,105.0,110.0,-110.0,-100.0,normal,0.000000,0.167888,0.112348
box_height,105.0,110.0,-110.0,-100.0,normal,0.000000,0.094363,0.067277
miss_detection,105.0,110.0,-100.0,-90.0,constant,1.000000,,
distal,105.0,110.0,-100.0,-90.0,normal,0.000000,0.109864,0.074604
perpendicular,105.0,110.0,-100.0,-90.0,normal,0.000000,0.134888,0.089462
height,105.0,110.0,-100.0,-90.0,normal,0.000000,0.107713,0.072683
yaw,105.0,110.0,-100.0,-90.0,normal,0.000000,0.369488,0.103646
width,105.0,110.0,-100.0,-90.0,normal,0.000000,0.101019,0.074218
length,105.0,110.0,-100.0,-90.0,normal,0.000000,0.167888,0.112348
box_height,105.0,110.0,-100.0,-90.0,normal,0.000000,0.094363,0.067277
miss_detection,105.0,110.0,-90.0,-80.0,constant,1.000000,,
distal,105.0,110.0,-90.0,-80.0,normal,0.000000,0.109864,0.074604
perpendicular,105.0,110.0,-90.0,-80.0,normal,0.000000,0.134888,0.089462
height,105.0,110.0,-90.0,-80.0,normal,0.000000,0.107713,0.072683
yaw,105.0,110.0,-90.0,-80.0,normal,0.000000,0.369488,0.103646
width,105.0,110.0,-90.0,-80.0,normal,0.000000,0.101019,0.074218
length,105.0,110.0,-90.0,-80.0,normal,0.000000,0.167888,0.112348
box_height,105.0,110.0,-90.0,-80.0,normal,0.000000,0.094363,0.067277
miss_detection,105.0,110.0,-80.0,-70.0,constant,1.000000,,
distal,105.0,110.0,-80.0,-70.0,normal,0.000000,0.109864,0.074604
perpendicular,105.0,110.0,-80.0,-70.0,normal,0.000000,0.134888,0.089462
height,105.0,110.0,-80.0,-70.0,normal,0.000000,0.107713,0.072683
yaw,105.0,110.0,-80.0,-70.0,normal,0.000000,0.369488,0.103646
width,105.0,110.0,-80.0,-70.0,normal,0.000000,0.101019,0.074218
length,105.0,110.0,-80.0,-70.0,normal,0.000000,0.167888,0.112348
box_height,105.0,110.0,-80.0,-70.0,normal,0.000000,0.094363,0.067277
miss_detection,105.0,110.0,-70.0,-60.0,constant,1.000000,,
distal,105.0,110.0,-70.0,-60.0,normal,0.000000,0.109864,0.074604
perpendicular,105.0,110.0,-70.0,-60.0,normal,0.000000,0.134888,0.089462
height,105.0,110.0,-70.0,-60.0,normal,0.000000,0.107713,0.072683
yaw,105.0,110.0,-70.0,-60.0,normal,0.000000,0.369488,0.103646
width,105.0,110.0,-70.0,-60.0,normal,0.000000,0.101019,0.074218
length,105.0,110.0,-70.0,-60.0,normal,0.000000,0.167888,0.112348
box_height,105.0,110.0,-70.0,-60.0,normal,0.000000,0.094363,0.067277
miss_detection,105.0,110.0,-60.0,-50.0,constant,1.000000,,
distal,105.0,110.0,-60.0,-50.0,normal,0.000000,0.109864,0.074604
perpendicular,105.0,110.0,-60.0,-50.0,normal,0.000000,0.134888,0.089462
height,105.0,110.0,-60.0,-50.0,normal,0.000000,0.107713,0.072683
yaw,105.0,110.0,-60.0,-50.0,normal,0.000000,0.369488,0.103646
width,105.0,110.0,-60.0,-50.0,normal,0.000000,0.101019,0.074218
length,105.0,110.0,-60.0,-50.0,normal,0.000000,0.167888,0.112348
box_height,105.0,110.0,-60.0,-50.0,normal,0.000000,0.094363,0.067277
miss_detection,105.0,110.0,-50.0,-40.0,constant,1.000000,,
distal,105.0,110.0,-50.0,-40.0,normal,0.000000,0.109864,0.074604
perpendicular,105.0,110.0,-50.0,-40.0,normal,0.000000,0.134888,0.089462
height,105.0,110.0,-50.0,-40.0,normal,0.000000,0.107713,0.072683
yaw,105.0,110.0,-50.0,-40.0,normal,0.000000,0.369488,0.103646
width,105.0,110.0,-50.0,-40.0,normal,0.000000,0.101019,0.074218
length,105.0,110.0,-50.0,-40.0,normal,0.000000,0.167888,0.112348
box_height,105.0,110.0,-50.0,-40.0,normal,0.000000,0.094363,0.067277
miss_detection,105.0,110.0,-40.0,-30.0,constant,1.000000,,
distal,105.0,110.0,-40.0,-30.0,normal,0.000000,0.109864,0.074604
perpendicular,105.0,110.0,-40.0,-30.0,normal,0.000000,0.134888,0.089462
height,105.0,110.0,-40.0,-30.0,normal,0.000000,0.107713,0.072683
yaw,105.0,110.0,-40.0,-30.0,normal,0.000000,0.369488,0.103646
width,105.0,110.0,-40.0,-30.0,normal,0.000000,0.101019,0.074218
length,105.0,110.0,-40.0,-30.0,normal,0.000000,0.167888,0.112348
box_height,105.0,110.0,-40.0,-30.0,normal,0.000000,0.094363,0.067277
miss_detection,105.0,110.0,-30.0,-20.0,constant,1.000000,,
distal,105.0,110.0,-30.0,-20.0,normal,0.000000,0.109864,0.074604
perpendicular,105.0,110.0,-30.0,-20.0,normal,0.000000,0.134888,0.089462
height,105.0,110.0,-30.0,-20.0,normal,0.000000,0.107713,0.072683
yaw,105.0,110.0,-30.0,-20.0,normal,0.000000,0.369488,0.103646
width,105.0,110.0,-30.0,-20.0,normal,0.000000,0.101019,0.074218
length,105.0,110.0,-30.0,-20.0,normal,0.000000,0.167888,0.112348
box_height,105.0,110.0,-30.0,-20.0,normal,0.000000,0.094363,0.067277
miss_detection,105.0,110.0,-20.0,-10.0,constant,1.000000,,
distal,105.0,110.0,-20.0,-10.0,normal,0.000000,0.109864,0.074604
perpendicular,105.0,110.0,-20.0,-10.0,normal,0.000000,0.134888,0.089462
height,105.0,110.0,-20.0,-10.0,normal,0.000000,0.107713,0.072683
yaw,105.0,110.0,-20.0,-10.0,normal,0.000000,0.369488,0.103646
width,105.0,110.0,-20.0,-10.0,normal,0.000000,0.101019,0.074218
length,105.0,110.0,-20.0,-10.0,normal,0.000000,0.167888,0.112348
box_height,105.0,110.0,-20.0,-10.0,normal,0.000000,0.094363,0.067277
miss_detection,105.0,110.0,-10.0,0.0,constant,1.000000,,
distal,105.0,110.0,-10.0,0.0,normal,0.000000,0.109864,0.074604
perpendicular,105.0,110.0,-10.0,0.0,normal,0.000000,0.134888,0.089462
height,105.0,110.0,-10.0,0.0,normal,0.000000,0.107713,0.072683
yaw,105.0,110.0,-10.0,0.0,normal,0.000000,0.369488,0.103646
width,105.0,110.0,-10.0,0.0,normal,0.000000,0.101019,0.074218
length,105.0,110.0,-10.0,0.0,normal,0.000000,0.167888,0.112348
box_height,105.0,110.0,-10.0,0.0,normal,0.000000,0.094363,0.067277
miss_detection,105.0,110.0,0.0,10.0,constant,1.000000,,
distal,105.0,110.0,0.0,10.0,normal,0.000000,0.109864,0.074604
perpendicular,105.0,110.0,0.0,10.0,normal,0.000000,0.134888,0.089462
height,105.0,110.0,0.0,10.0,normal,0.000000,0.107713,0.072683
yaw,105.0,110.0,0.0,10.0,normal,0.000000,0.369488,0.103646
width,105.0,110.0,0.0,10.0,normal,0.000000,0.101019,0.074218
length,105.0,110.0,0.0,10.0,normal,0.000000,0.167888,0.112348
box_height,105.0,110.0,0.0,10.0,normal,0.000000,0.094363,0.067277
miss_detection,105.0,110.0,10.0,20.0,constant,1.000000,,
distal,105.0,110.0,10.0,20.0,normal,0.000000,0.109864,0.074604
perpendicular,105.0,110.0,10.0,20.0,normal,0.000000,0.134888,0.089462
height,105.0,110.0,10.0,20.0,normal,0.000000,0.107713,0.072683
yaw,105.0,110.0,10.0,20.0,normal,0.000000,0.369488,0.103646
width,105.0,110.0,10.0,20.0,normal,0.000000,0.101019,0.074218
length,105.0,110.0,10.0,20.0,normal,0.000000,0.167888,0.112348
box_height,105.0,110.0,10.0,20.0,normal,0.000000,0.094363,0.067277
miss_detection,105.0,110.0,20.0,30.0,constant,1.000000,,
distal,105.0,110.0,20.0,30.0,normal,0.000000,0.109864,0.074604
perpendicular,105.0,110.0,20.0,30.0,normal,0.000000,0.134888,0.089462
height,105.0,110.0,20.0,30.0,normal,0.000000,0.107713,0.072683
yaw,105.0,110.0,20.0,30.0,normal,0.000000,0.369488,0.103646
width,105.0,110.0,20.0,30.0,normal,0.000000,0.101019,0.074218
length,105.0,110.0,20.0,30.0,normal,0.000000,0.167888,0.112348
box_height,105.0,110.0,20.0,30.0,normal,0.000000,0.094363,0.067277
miss_detection,105.0,110.0,30.0,40.0,constant,1.000000,,
distal,105.0,110.0,30.0,40.0,normal,0.000000,0.109864,0.074604
perpendicular,105.0,110.0,30.0,40.0,normal,0.000000,0.134888,0.089462
height,105.0,110.0,30.0,40.0,normal,0.000000,0.107713,0.072683
yaw,105.0,110.0,30.0,40.0,normal,0.000000,0.369488,0.103646
width,105.0,110.0,30.0,40.0,normal,0.000000,0.101019,0.074218
length,105.0,110.0,30.0,40.0,normal,0.000000,0.167888,0.112348
box_height,105.0,110.0,30.0,40.0,normal,0.000000,0.094363,0.067277
miss_detection,105.0,110.0,40.0,50.0,constant,1.000000,,
distal,105.0,110.0,40.0,50.0,normal,0.000000,0.109864,0.074604
perpendicular,105.0,110.0,40.0,50.0,normal,0.000000,0.134888,0.089462
height,105.0,110.0,40.0,50.0,normal,0.000000,0.107713,0.072683
yaw,105.0,110.0,40.0,50.0,normal,0.000000,0.369488,0.103646
width,105.0,110.0,40.0,50.0,normal,0.000000,0.101019,0.074218
length,105.0,110.0,40.0,50.0,normal,0.000000,0.167888,0.112348
box_height,105.0,110.0,40.0,50.0,normal,0.000000,0.094363,0.067277
miss_detection,105.0,110.0,50.0,60.0,constant,1.000000,,
distal,105.0,110.0,50.0,60.0,normal,0.000000,0.109864,0.074604
perpendicular,105.0,110.0,50.0,60.0,normal,0.000000,0.134888,0.089462
height,105.0,110.0,50.0,60.0,normal,0.000000,0.107713,0.072683
yaw,105.0,110.0,50.0,60.0,normal,0.000000,0.369488,0.103646
width,105.0,110.0,50.0,60.0,normal,0.000000,0.101019,0.074218
length,105.0,110.0,50.0,60.0,normal,0.000000,0.167888,0.112348
box_height,105.0,110.0,50.0,60.0,normal,0.000000,0.094363,0.067277
miss_detection,105.0,110.0,60.0,70.0,constant,1.000000,,
distal,105.0,110.0,60.0,70.0,normal,0.000000,0.109864,0.074604
perpendicular,105.0,110.0,60.0,70.0,normal,0.000000,0.134888,0.089462
height,105.0,110.0,60.0,70.0,normal,0.000000,0.107713,0.072683
yaw,105.0,110.0,60.0,70.0,normal,0.000000,0.369488,0.103646
width,105.0,110.0,60.0,70.0,normal,0.000000,0.101019,0.074218
length,105.0,110.0,60.0,70.0,normal,0.000000,0.167888,0.112348
box_height,105.0,110.0,60.0,70.0,normal,0.000000,0.094363,0.067277
miss_detection,105.0,110.0,70.0,80.0,constant,1.000000,,
distal,105.0,110.0,70.0,80.0,normal,0.000000,0.109864,0.074604
perpendicular,105.0,110.0,70.0,80.0,normal,0.000000,0.134888,0.089462
height,105.0,110.0,70.0,80.0,normal,0.000000,0.107713,0.072683
yaw,105.0,110.0,70.0,80.0,normal,0.000000,0.369488,0.103646
width,105.0,110.0,70.0,80.0,normal,0.000000,0.101019,0.074218
length,105.0,110.0,70.0,80.0,normal,0.000000,0.167888,0.112348
box_height,105.0,110.0,70.0,80.0,normal,0.000000,0.094363,0.067277
miss_detection,105.0,110.0,80.0,90.0,constant,1.000000,,
distal,105.0,110.0,80.0,90.0,normal,0.000000,0.109864,0.074604
perpendicular,105.0,110.0,80.0,90.0,normal,0.000000,0.134888,0.089462
height,105.0,110.0,80.0,90.0,normal,0.000000,0.107713,0.072683
yaw,105.0,110.0,80.0,90.0,normal,0.000000,0.369488,0.103646
width,105.0,110.0,80.0,90.0,normal,0.000000,0.101019,0.074218
length,105.0,110.0,80.0,90.0,normal,0.000000,0.167888,0.112348
box_height,105.0,110.0,80.0,90.0,normal,0.000000,0.094363,0.067277
miss_detection,105.0,110.0,90.0,100.0,constant,1.000000,,
distal,105.0,110.0,90.0,100.0,normal,0.000000,0.109864,0.074604
perpendicular,105.0,110.0,90.0,100.0,normal,0.000000,0.134888,0.089462
height,105.0,110.0,90.0,100.0,normal,0.000000,0.107713,0.072683
yaw,105.0,110.0,90.0,100.0,normal,0.000000,0.369488,0.103646
width,105.0,110.0,90.0,100.0,normal,0.000000,0.101019,0.074218
length,105.0,110.0,90.0,100.0,normal,0.000000,0.167888,0.112348
box_height,105.0,110.0,90.0,100.0,normal,0.000000,0.094363,0.067277
miss_detection,105.0,110.0,100.0,110.0,constant,1.000000,,
distal,105.0,110.0,100.0,110.0,normal,0.000000,0.109864,0.074604
perpendicular,105.0,110.0,100.0,110.0,normal,0.000000,0.134888,0.089462
height,105.0,110.0,100.0,110.0,normal,0.000000,0.107713,0.072683
yaw,105.0,110.0,100.0,110.0,normal,0.000000,0.369488,0.103646
width,105.0,110.0,100.0,110.0,normal,0.000000,0.101019,0.074218
length,105.0,110.0,100.0,110.0,normal,0.000000,0.167888,0.112348
box_height,105.0,110.0,100.0,110.0,normal,0.000000,0.094363,0.067277
miss_detection,105.0,110.0,110.0,120.0,constant,1.000000,,
distal,105.0,110.0,110.0,120.0,normal,0.000000,0.109864,0.074604
perpendicular,105.0,110.0,110.0,120.0,normal,0.000000,0.134888,0.089462
height,105.0,110.0,110.0,120.0,normal,0.000000,0.107713,0.072683
yaw,105.0,110.0,110.0,120.0,normal,0.000000,0.369488,0.103646
width,105.0,110.0,110.0,120.0,normal,0.000000,0.101019,0.074218
length,105.0,110.0,110.0,120.0,normal,0.000000,0.167888,0.112348
box_height,105.0,110.0,110.0,120.0,normal,0.000000,0.094363,0.067277
miss_detection,105.0,110.0,120.0,130.0,constant,1.000000,,
distal,105.0,110.0,120.0,130.0,normal,0.000000,0.109864,0.074604
perpendicular,105.0,110.0,120.0,130.0,normal,0.000000,0.134888,0.089462
height,105.0,110.0,120.0,130.0,normal,0.000000,0.107713,0.072683
yaw,105.0,110.0,120.0,130.0,normal,0.000000,0.369488,0.103646
width,105.0,110.0,120.0,130.0,normal,0.000000,0.101019,0.074218
length,105.0,110.0,120.0,130.0,normal,0.000000,0.167888,0.112348
box_height,105.0,110.0,120.0,130.0,normal,0.000000,0.094363,0.067277
miss_detection,105.0,110.0,130.0,140.0,constant,1.000000,,
distal,105.0,110.0,130.0,140.0,normal,0.000000,0.109864,0.074604
perpendicular,105.0,110.0,130.0,140.0,normal,0.000000,0.134888,0.089462
height,105.0,110.0,130.0,140.0,normal,0.000000,0.107713,0.072683
yaw,105.0,110.0,130.0,140.0,normal,0.000000,0.369488,0.103646
width,105.0,110.0,130.0,140.0,normal,0.000000,0.101019,0.074218
length,105.0,110.0,130.0,140.0,normal,0.000000,0.167888,0.112348
box_height,105.0,110.0,130.0,140.0,normal,0.000000,0.094363,0.067277
miss_detection,105.0,110.0,140.0,150.0,constant,1.000000,,
distal,105.0,110.0,140.0,150.0,normal,0.000000,0.109864,0.074604
perpendicular,105.0,110.0,140.0,150.0,normal,0.000000,0.134888,0.089462
height,105.0,110.0,140.0,150.0,normal,0.000000,0.107713,0.072683
yaw,105.0,110.0,140.0,150.0,normal,0.000000,0.369488,0.103646
width,105.0,110.0,140.0,150.0,normal,0.000000,0.101019,0.074218
length,105.0,110.0,140.0,150.0,normal,0.000000,0.167888,0.112348
box_height,105.0,110.0,140.0,150.0,normal,0.000000,0.094363,0.067277
miss_detection,105.0,110.0,150.0,160.0,constant,1.000000,,
distal,105.0,110.0,150.0,160.0,normal,0.000000,0.109864,0.074604
perpendicular,105.0,110.0,150.0,160.0,normal,0.000000,0.134888,0.089462
height,105.0,110.0,150.0,160.0,normal,0.000000,0.107713,0.072683
yaw,105.0,110.0,150.0,160.0,normal,0.000000,0.369488,0.103646
width,105.0,110.0,150.0,160.0,normal,0.000000,0.101019,0.074218
length,105.0,110.0,150.0,160.0,normal,0.000000,0.167888,0.112348
box_height,105.0,110.0,150.0,160.0,normal,0.000000,0.094363,0.067277
miss_detection,105.0,110.0,160.0,170.0,constant,1.000000,,
distal,105.0,110.0,160.0,170.0,normal,0.000000,0.109864,0.074604
perpendicular,105.0,110.0,160.0,170.0,normal,0.000000,0.134888,0.089462
height,105.0,110.0,160.0,170.0,normal,0.000000,0.107713,0.072683
yaw,105.0,110.0,160.0,170.0,normal,0.000000,0.369488,0.103646
width,105.0,110.0,160.0,170.0,normal,0.000000,0.101019,0.074218
length,105.0,110.0,160.0,170.0,normal,0.000000,0.167888,0.112348
box_height,105.0,110.0,160.0,170.0,normal,0.000000,0.094363,0.067277
miss_detection,105.0,110.0,170.0,180.0,constant,1.000000,,
distal,105.0,110.0,170.0,180.0,normal,0.000000,0.109864,0.074604
perpendicular,105.0,110.0,170.0,180.0,normal,0.000000,0.134888,0.089462
height,105.0,110.0,170.0,180.0,normal,0.000000,0.107713,0.072683
yaw,105.0,110.0,170.0,180.0,normal,0.000000,0.369488,0.103646
width,105.0,110.0,170.0,180.0,normal,0.000000,0.101019,0.074218
length,105.0,110.0,170.0,180.0,normal,0.000000,0.167888,0.112348
box_height,105.0,110.0,170.0,180.0,normal,0.000000,0.094363,0.067277
miss_detection,110.0,115.0,-180.0,-170.0,constant,1.000000,,
distal,110.0,115.0,-180.0,-170.0,normal,0.000000,0.109864,0.074604
perpendicular,110.0,115.0,-180.0,-170.0,normal,0.000000,0.134888,0.089462
height,110.0,115.0,-180.0,-170.0,normal,0.000000,0.107713,0.072683
yaw,110.0,115.0,-180.0,-170.0,normal,0.000000,0.369488,0.103646
width,110.0,115.0,-180.0,-170.0,normal,0.000000,0.101019,0.074218
length,110.0,115.0,-180.0,-170.0,normal,0.000000,0.167888,0.112348
box_height,110.0,115.0,-180.0,-170.0,normal,0.000000,0.094363,0.067277
miss_detection,110.0,115.0,-170.0,-160.0,constant,1.000000,,
distal,110.0,115.0,-170.0,-160.0,normal,0.000000,0.109864,0.074604
perpendicular,110.0,115.0,-170.0,-160.0,normal,0.000000,0.134888,0.089462
height,110.0,115.0,-170.0,-160.0,normal,0.000000,0.107713,0.072683
yaw,110.0,115.0,-170.0,-160.0,normal,0.000000,0.369488,0.103646
width,110.0,115.0,-170.0,-160.0,normal,0.000000,0.101019,0.074218
length,110.0,115.0,-170.0,-160.0,normal,0.000000,0.167888,0.112348
box_height,110.0,115.0,-170.0,-160.0,normal,0.000000,0.094363,0.067277
miss_detection,110.0,115.0,-160.0,-150.0,constant,1.000000,,
distal,110.0,115.0,-160.0,-150.0,normal,0.000000,0.109864,0.074604
perpendicular,110.0,115.0,-160.0,-150.0,normal,0.000000,0.134888,0.089462
height,110.0,115.0,-160.0,-150.0,normal,0.000000,0.107713,0.072683
yaw,110.0,115.0,-160.0,-150.0,normal,0.000000,0.369488,0.103646
width,110.0,115.0,-160.0,-150.0,normal,0.000000,0.101019,0.074218
length,110.0,115.0,-160.0,-150.0,normal,0.000000,0.167888,0.112348
box_height,110.0,115.0,-160.0,-150.0,normal,0.000000,0.094363,0.067277
miss_detection,110.0,115.0,-150.0,-140.0,constant,1.000000,,
distal,110.0,115.0,-150.0,-140.0,normal,0.000000,0.109864,0.074604
perpendicular,110.0,115.0,-150.0,-140.0,normal,0.000000,0.134888,0.089462
height,110.0,115.0,-150.0,-140.0,normal,0.000000,0.107713,0.072683
yaw,110.0,115.0,-150.0,-140.0,normal,0.000000,0.369488,0.103646
width,110.0,115.0,-150.0,-140.0,normal,0.000000,0.101019,0.074218
length,110.0,115.0,-150.0,-140.0,normal,0.000000,0.167888,0.112348
box_height,110.0,115.0,-150.0,-140.0,normal,0.000000,0.094363,0.067277
miss_detection,110.0,115.0,-140.0,-130.0,constant,1.000000,,
distal,110.0,115.0,-140.0,-130.0,normal,0.000000,0.109864,0.074604
perpendicular,110.0,115.0,-140.0,-130.0,normal,0.000000,0.134888,0.089462
height,110.0,115.0,-140.0,-130.0,normal,0.000000,0.107713,0.072683
yaw,110.0,115.0,-140.0,-130.0,normal,0.000000,0.369488,0.103646
width,110.0,115.0,-140.0,-130.0,normal,0.000000,0.101019,0.074218
length,110.0,115.0,-140.0,-130.0,normal,0.000000,0.167888,0.112348
box_height,110.0,115.0,-140.0,-130.0,normal,0.000000,0.094363,0.067277
miss_detection,110.0,115.0,-130.0,-120.0,constant,1.000000,,
distal,110.0,115.0,-130.0,-120.0,normal,0.000000,0.109864,0.074604
perpendicular,110.0,115.0,-130.0,-120.0,normal,0.000000,0.134888,0.089462
height,110.0,115.0,-130.0,-120.0,normal,0.000000,0.107713,0.072683
yaw,110.0,115.0,-130.0,-120.0,normal,0.000000,0.369488,0.103646
width,110.0,115.0,-130.0,-120.0,normal,0.000000,0.101019,0.074218
length,110.0,115.0,-130.0,-120.0,normal,0.000000,0.167888,0.112348
box_height,110.0,115.0,-130.0,-120.0,normal,0.000000,0.094363,0.067277
miss_detection,110.0,115.0,-120.0,-110.0,constant,1.000000,,
distal,110.0,115.0,-120.0,-110.0,normal,0.000000,0.109864,0.074604
perpendicular,110.0,115.0,-120.0,-110.0,normal,0.000000,0.134888,0.089462
height,110.0,115.0,-120.0,-110.0,normal,0.000000,0.107713,0.072683
yaw,110.0,115.0,-120.0,-110.0,normal,0.000000,0.369488,0.103646
width,110.0,115.0,-120.0,-110.0,normal,0.000000,0.101019,0.074218
length,110.0,115.0,-120.0,-110.0,normal,0.000000,0.167888,0.112348
box_height,110.0,115.0,-120.0,-110.0,normal,0.000000,0.094363,0.067277
miss_detection,110.0,115.0,-110.0,-100.0,constant,1.000000,,
distal,110.0,115.0,-110.0,-100.0,normal,0.000000,0.109864,0.074604
perpendicular,110.0,115.0,-110.0,-100.0,normal,0.000000,0.134888,0.089462
height,110.0,115.0,-110.0,-100.0,normal,0.000000,0.107713,0.072683
yaw,110.0,115.0,-110.0,-100.0,normal,0.000000,0.369488,0.103646
width,110.0,115.0,-110.0,-100.0,normal,0.000000,0.101019,0.074218
length,110.0,115.0,-110.0,-100.0,normal,0.000000,0.167888,0.112348
box_height,110.0,115.0,-110.0,-100.0,normal,0.000000,0.094363,0.067277
miss_detection,110.0,115.0,-100.0,-90.0,constant,1.000000,,
distal,110.0,115.0,-100.0,-90.0,normal,0.000000,0.109864,0.074604
perpendicular,110.0,115.0,-100.0,-90.0,normal,0.000000,0.134888,0.089462
height,110.0,115.0,-100.0,-90.0,normal,0.000000,0.107713,0.072683
yaw,110.0,115.0,-100.0,-90.0,normal,0.000000,0.369488,0.103646
width,110.0,115.0,-100.0,-90.0,normal,0.000000,0.101019,0.074218
length,110.0,115.0,-100.0,-90.0,normal,0.000000,0.167888,0.112348
box_height,110.0,115.0,-100.0,-90.0,normal,0.000000,0.094363,0.067277
miss_detection,110.0,115.0,-90.0,-80.0,constant,1.000000,,
distal,110.0,115.0,-90.0,-80.0,normal,0.000000,0.109864,0.074604
perpendicular,110.0,115.0,-90.0,-80.0,normal,0.000000,0.134888,0.089462
height,110.0,115.0,-90.0,-80.0,normal,0.000000,0.107713,0.072683
yaw,110.0,115.0,-90.0,-80.0,normal,0.000000,0.369488,0.103646
width,110.0,115.0,-90.0,-80.0,normal,0.000000,0.101019,0.074218
length,110.0,115.0,-90.0,-80.0,normal,0.000000,0.167888,0.112348
box_height,110.0,115.0,-90.0,-80.0,normal,0.000000,0.094363,0.067277
miss_detection,110.0,115.0,-80.0,-70.0,constant,1.000000,,
distal,110.0,115.0,-80.0,-70.0,normal,0.000000,0.109864,0.074604
perpendicular,110.0,115.0,-80.0,-70.0,normal,0.000000,0.134888,0.089462
height,110.0,115.0,-80.0,-70.0,normal,0.000000,0.107713,0.072683
yaw,110.0,115.0,-80.0,-70.0,normal,0.000000,0.369488,0.103646
width,110.0,115.0,-80.0,-70.0,normal,0.000000,0.101019,0.074218
length,110.0,115.0,-80.0,-70.0,normal,0.000000,0.167888,0.112348
box_height,110.0,115.0,-80.0,-70.0,normal,0.000000,0.094363,0.067277
miss_detection,110.0,115.0,-70.0,-60.0,constant,1.000000,,
distal,110.0,115.0,-70.0,-60.0,normal,0.000000,0.109864,0.074604
perpendicular,110.0,115.0,-70.0,-60.0,normal,0.000000,0.134888,0.089462
height,110.0,115.0,-70.0,-60.0,normal,0.000000,0.107713,0.072683
yaw,110.0,115.0,-70.0,-60.0,normal,0.000000,0.369488,0.103646
width,110.0,115.0,-70.0,-60.0,normal,0.000000,0.101019,0.074218
length,110.0,115.0,-70.0,-60.0,normal,0.000000,0.167888,0.112348
box_height,110.0,115.0,-70.0,-60.0,normal,0.000000,0.094363,0.067277
miss_detection,110.0,115.0,-60.0,-50.0,constant,1.000000,,
distal,110.0,115.0,-60.0,-50.0,normal,0.000000,0.109864,0.074604
perpendicular,110.0,115.0,-60.0,-50.0,normal,0.000000,0.134888,0.089462
height,110.0,115.0,-60.0,-50.0,normal,0.000000,0.107713,0.072683
yaw,110.0,115.0,-60.0,-50.0,normal,0.000000,0.369488,0.103646
width,110.0,115.0,-60.0,-50.0,normal,0.000000,0.101019,0.074218
length,110.0,115.0,-60.0,-50.0,normal,0.000000,0.167888,0.112348
box_height,110.0,115.0,-60.0,-50.0,normal,0.000000,0.094363,0.067277
miss_detection,110.0,115.0,-50.0,-40.0,constant,1.000000,,
distal,110.0,115.0,-50.0,-40.0,normal,0.000000,0.109864,0.074604
perpendicular,110.0,115.0,-50.0,-40.0,normal,0.000000,0.134888,0.089462
height,110.0,115.0,-50.0,-40.0,normal,0.000000,0.107713,0.072683
yaw,110.0,115.0,-50.0,-40.0,normal,0.000000,0.369488,0.103646
width,110.0,115.0,-50.0,-40.0,normal,0.000000,0.101019,0.074218
length,110.0,115.0,-50.0,-40.0,normal,0.000000,0.167888,0.112348
box_height,110.0,115.0,-50.0,-40.0,normal,0.000000,0.094363,0.067277
miss_detection,110.0,115.0,-40.0,-30.0,constant,1.000000,,
distal,110.0,115.0,-40.0,-30.0,normal,0.000000,0.109864,0.074604
perpendicular,110.0,115.0,-40.0,-30.0,normal,0.000000,0.134888,0.089462
height,110.0,115.0,-40.0,-30.0,normal,0.000000,0.107713,0.072683
yaw,110.0,115.0,-40.0,-30.0,normal,0.000000,0.369488,0.103646
width,110.0,115.0,-40.0,-30.0,normal,0.000000,0.101019,0.074218
length,110.0,115.0,-40.0,-30.0,normal,0.000000,0.167888,0.112348
box_height,110.0,115.0,-40.0,-30.0,normal,0.000000,0.094363,0.067277
miss_detection,110.0,115.0,-30.0,-20.0,constant,1.000000,,
distal,110.0,115.0,-30.0,-20.0,normal,0.000000,0.109864,0.074604
perpendicular,110.0,115.0,-30.0,-20.0,normal,0.000000,0.134888,0.089462
height,110.0,115.0,-30.0,-20.0,normal,0.000000,0.107713,0.072683
yaw,110.0,115.0,-30.0,-20.0,normal,0.000000,0.369488,0.103646
width,110.0,115.0,-30.0,-20.0,normal,0.000000,0.101019,0.074218
length,110.0,115.0,-30.0,-20.0,normal,0.000000,0.167888,0.112348
box_height,110.0,115.0,-30.0,-20.0,normal,0.000000,0.094363,0.067277
miss_detection,110.0,115.0,-20.0,-10.0,constant,1.000000,,
distal,110.0,115.0,-20.0,-10.0,normal,0.000000,0.109864,0.074604
perpendicular,110.0,115.0,-20.0,-10.0,normal,0.000000,0.134888,0.089462
height,110.0,115.0,-20.0,-10.0,normal,0.000000,0.107713,0.072683
yaw,110.0,115.0,-20.0,-10.0,normal,0.000000,0.369488,0.103646
width,110.0,115.0,-20.0,-10.0,normal,0.000000,0.101019,0.074218
length,110.0,115.0,-20.0,-10.0,normal,0.000000,0.167888,0.112348
box_height,110.0,115.0,-20.0,-10.0,normal,0.000000,0.094363,0.067277
miss_detection,110.0,115.0,-10.0,0.0,constant,1.000000,,
distal,110.0,115.0,-10.0,0.0,normal,0.000000,0.109864,0.074604
perpendicular,110.0,115.0,-10.0,0.0,normal,0.000000,0.134888,0.089462
height,110.0,115.0,-10.0,0.0,normal,0.000000,0.107713,0.072683
yaw,110.0,115.0,-10.0,0.0,normal,0.000000,0.369488,0.103646
width,110.0,115.0,-10.0,0.0,normal,0.000000,0.101019,0.074218
length,110.0,115.0,-10.0,0.0,normal,0.000000,0.167888,0.112348
box_height,110.0,115.0,-10.0,0.0,normal,0.000000,0.094363,0.067277
miss_detection,110.0,115.0,0.0,10.0,constant,1.000000,,
distal,110.0,115.0,0.0,10.0,normal,0.000000,0.109864,0.074604
perpendicular,110.0,115.0,0.0,10.0,normal,0.000000,0.134888,0.089462
height,110.0,115.0,0.0,10.0,normal,0.000000,0.107713,0.072683
yaw,110.0,115.0,0.0,10.0,normal,0.000000,0.369488,0.103646
width,110.0,115.0,0.0,10.0,normal,0.000000,0.101019,0.074218
length,110.0,115.0,0.0,10.0,normal,0.000000,0.167888,0.112348
box_height,110.0,115.0,0.0,10.0,normal,0.000000,0.094363,0.067277
miss_detection,110.0,115.0,10.0,20.0,constant,1.000000,,
distal,110.0,115.0,10.0,20.0,normal,0.000000,0.109864,0.074604
perpendicular,110.0,115.0,10.0,20.0,normal,0.000000,0.134888,0.089462
height,110.0,115.0,10.0,20.0,normal,0.000000,0.107713,0.072683
yaw,110.0,115.0,10.0,20.0,normal,0.000000,0.369488,0.103646
width,110.0,115.0,10.0,20.0,normal,0.000000,0.101019,0.074218
length,110.0,115.0,10.0,20.0,normal,0.000000,0.167888,0.112348
box_height,110.0,115.0,10.0,20.0,normal,0.000000,0.094363,0.067277
miss_detection,110.0,115.0,20.0,30.0,constant,1.000000,,
distal,110.0,115.0,20.0,30.0,normal,0.000000,0.109864,0.074604
perpendicular,110.0,115.0,20.0,30.0,normal,0.000000,0.134888,0.089462
height,110.0,115.0,20.0,30.0,normal,0.000000,0.107713,0.072683
yaw,110.0,115.0,20.0,30.0,normal,0.000000,0.369488,0.103646
width,110.0,115.0,20.0,30.0,normal,0.000000,0.101019,0.074218
length,110.0,115.0,20.0,30.0,normal,0.000000,0.167888,0.112348
box_height,110.0,115.0,20.0,30.0,normal,0.000000,0.094363,0.067277
miss_detection,110.0,115.0,30.0,40.0,constant,1.000000,,
distal,110.0,115.0,30.0,40.0,normal,0.000000,0.109864,0.074604
perpendicular,110.0,115.0,30.0,40.0,normal,0.000000,0.134888,0.089462
height,110.0,115.0,30.0,40.0,normal,0.000000,0.107713,0.072683
yaw,110.0,115.0,30.0,40.0,normal,0.000000,0.369488,0.103646
width,110.0,115.0,30.0,40.0,normal,0.000000,0.101019,0.074218
length,110.0,115.0,30.0,40.0,normal,0.000000,0.167888,0.112348
box_height,110.0,115.0,30.0,40.0,normal,0.000000,0.094363,0.067277
miss_detection,110.0,115.0,40.0,50.0,constant,1.000000,,
distal,110.0,115.0,40.0,50.0,normal,0.000000,0.109864,0.074604
perpendicular,110.0,115.0,40.0,50.0,normal,0.000000,0.134888,0.089462
height,110.0,115.0,40.0,50.0,normal,0.000000,0.107713,0.072683
yaw,110.0,115.0,40.0,50.0,normal,0.000000,0.369488,0.103646
width,110.0,115.0,40.0,50.0,normal,0.000000,0.101019,0.074218
length,110.0,115.0,40.0,50.0,normal,0.000000,0.167888,0.112348
box_height,110.0,115.0,40.0,50.0,normal,0.000000,0.094363,0.067277
miss_detection,110.0,115.0,50.0,60.0,constant,1.000000,,
distal,110.0,115.0,50.0,60.0,normal,0.000000,0.109864,0.074604
perpendicular,110.0,115.0,50.0,60.0,normal,0.000000,0.134888,0.089462
height,110.0,115.0,50.0,60.0,normal,0.000000,0.107713,0.072683
yaw,110.0,115.0,50.0,60.0,normal,0.000000,0.369488,0.103646
width,110.0,115.0,50.0,60.0,normal,0.000000,0.101019,0.074218
length,110.0,115.0,50.0,60.0,normal,0.000000,0.167888,0.112348
box_height,110.0,115.0,50.0,60.0,normal,0.000000,0.094363,0.067277
miss_detection,110.0,115.0,60.0,70.0,constant,1.000000,,
distal,110.0,115.0,60.0,70.0,normal,0.000000,0.109864,0.074604
perpendicular,110.0,115.0,60.0,70.0,normal,0.000000,0.134888,0.089462
height,110.0,115.0,60.0,70.0,normal,0.000000,0.107713,0.072683
yaw,110.0,115.0,60.0,70.0,normal,0.000000,0.369488,0.103646
width,110.0,115.0,60.0,70.0,normal,0.000000,0.101019,0.074218
length,110.0,115.0,60.0,70.0,normal,0.000000,0.167888,0.112348
box_height,110.0,115.0,60.0,70.0,normal,0.000000,0.094363,0.067277
miss_detection,110.0,115.0,70.0,80.0,constant,1.000000,,
distal,110.0,115.0,70.0,80.0,normal,0.000000,0.109864,0.074604
perpendicular,110.0,115.0,70.0,80.0,normal,0.000000,0.134888,0.089462
height,110.0,115.0,70.0,80.0,normal,0.000000,0.107713,0.072683
yaw,110.0,115.0,70.0,80.0,normal,0.000000,0.369488,0.103646
width,110.0,115.0,70.0,80.0,normal,0.000000,0.101019,0.074218
length,110.0,115.0,70.0,80.0,normal,0.000000,0.167888,0.112348
box_height,110.0,115.0,70.0,80.0,normal,0.000000,0.094363,0.067277
miss_detection,110.0,115.0,80.0,90.0,constant,1.000000,,
distal,110.0,115.0,80.0,90.0,normal,0.000000,0.109864,0.074604
perpendicular,110.0,115.0,80.0,90.0,normal,0.000000,0.134888,0.089462
height,110.0,115.0,80.0,90.0,normal,0.000000,0.107713,0.072683
yaw,110.0,115.0,80.0,90.0,normal,0.000000,0.369488,0.103646
width,110.0,115.0,80.0,90.0,normal,0.000000,0.101019,0.074218
length,110.0,115.0,80.0,90.0,normal,0.000000,0.167888,0.112348
box_height,110.0,115.0,80.0,90.0,normal,0.000000,0.094363,0.067277
miss_detection,110.0,115.0,90.0,100.0,constant,1.000000,,
distal,110.0,115.0,90.0,100.0,normal,0.000000,0.109864,0.074604
perpendicular,110.0,115.0,90.0,100.0,normal,0.000000,0.134888,0.089462
height,110.0,115.0,90.0,100.0,normal,0.000000,0.107713,0.072683
yaw,110.0,115.0,90.0,100.0,normal,0.000000,0.369488,0.103646
width,110.0,115.0,90.0,100.0,normal,0.000000,0.101019,0.074218
length,110.0,115.0,90.0,100.0,normal,0.000000,0.167888,0.112348
box_height,110.0,115.0,90.0,100.0,normal,0.000000,0.094363,0.067277
miss_detection,110.0,115.0,100.0,110.0,constant,1.000000,,
distal,110.0,115.0,100.0,110.0,normal,0.000000,0.109864,0.074604
perpendicular,110.0,115.0,100.0,110.0,normal,0.000000,0.134888,0.089462
height,110.0,115.0,100.0,110.0,normal,0.000000,0.107713,0.072683
yaw,110.0,115.0,100.0,110.0,normal,0.000000,0.369488,0.103646
width,110.0,115.0,100.0,110.0,normal,0.000000,0.101019,0.074218
length,110.0,115.0,100.0,110.0,normal,0.000000,0.167888,0.112348
box_height,110.0,115.0,100.0,110.0,normal,0.000000,0.094363,0.067277
miss_detection,110.0,115.0,110.0,120.0,constant,1.000000,,
distal,110.0,115.0,110.0,120.0,normal,0.000000,0.109864,0.074604
perpendicular,110.0,115.0,110.0,120.0,normal,0.000000,0.134888,0.089462
height,110.0,115.0,110.0,120.0,normal,0.000000,0.107713,0.072683
yaw,110.0,115.0,110.0,120.0,normal,0.000000,0.369488,0.103646
width,110.0,115.0,110.0,120.0,normal,0.000000,0.101019,0.074218
length,110.0,115.0,110.0,120.0,normal,0.000000,0.167888,0.112348
box_height,110.0,115.0,110.0,120.0,normal,0.000000,0.094363,0.067277
miss_detection,110.0,115.0,120.0,130.0,constant,1.000000,,
distal,110.0,115.0,120.0,130.0,normal,0.000000,0.109864,0.074604
perpendicular,110.0,115.0,120.0,130.0,normal,0.000000,0.134888,0.089462
height,110.0,115.0,120.0,130.0,normal,0.000000,0.107713,0.072683
yaw,110.0,115.0,120.0,130.0,normal,0.000000,0.369488,0.103646
width,110.0,115.0,120.0,130.0,normal,0.000000,0.101019,0.074218
length,110.0,115.0,120.0,130.0,normal,0.000000,0.167888,0.112348
box_height,110.0,115.0,120.0,130.0,normal,0.000000,0.094363,0.067277
miss_detection,110.0,115.0,130.0,140.0,constant,1.000000,,
distal,110.0,115.0,130.0,140.0,normal,0.000000,0.109864,0.074604
perpendicular,110.0,115.0,130.0,140.0,normal,0.000000,0.134888,0.089462
height,110.0,115.0,130.0,140.0,normal,0.000000,0.107713,0.072683
yaw,110.0,115.0,130.0,140.0,normal,0.000000,0.369488,0.103646
width,110.0,115.0,130.0,140.0,normal,0.000000,0.101019,0.074218
length,110.0,115.0,130.0,140.0,normal,0.000000,0.167888,0.112348
box_height,110.0,115.0,130.0,140.0,normal,0.000000,0.094363,0.067277
miss_detection,110.0,115.0,140.0,150.0,constant,1.000000,,
distal,110.0,115.0,140.0,150.0,normal,0.000000,0.109864,0.074604
perpendicular,110.0,115.0,140.0,150.0,normal,0.000000,0.134888,0.089462
height,110.0,115.0,140.0,150.0,normal,0.000000,0.107713,0.072683
yaw,110.0,115.0,140.0,150.0,normal,0.000000,0.369488,0.103646
width,110.0,115.0,140.0,150.0,normal,0.000000,0.101019,0.074218
length,110.0,115.0,140.0,150.0,normal,0.000000,0.167888,0.112348
box_height,110.0,115.0,140.0,150.0,normal,0.000000,0.094363,0.067277
miss_detection,110.0,115.0,150.0,160.0,constant,1.000000,,
distal,110.0,115.0,150.0,160.0,normal,0.000000,0.109864,0.074604
perpendicular,110.0,115.0,150.0,160.0,normal,0.000000,0.134888,0.089462
height,110.0,115.0,150.0,160.0,normal,0.000000,0.107713,0.072683
yaw,110.0,115.0,150.0,160.0,normal,0.000000,0.369488,0.103646
width,110.0,115.0,150.0,160.0,normal,0.000000,0.101019,0.074218
length,110.0,115.0,150.0,160.0,normal,0.000000,0.167888,0.112348
box_height,110.0,115.0,150.0,160.0,normal,0.000000,0.094363,0.067277
miss_detection,110.0,115.0,160.0,170.0,constant,1.000000,,
distal,110.0,115.0,160.0,170.0,normal,0.000000,0.109864,0.074604
perpendicular,110.0,115.0,160.0,170.0,normal,0.000000,0.134888,0.089462
height,110.0,115.0,160.0,170.0,normal,0.000000,0.107713,0.072683
yaw,110.0,115.0,160.0,170.0,normal,0.000000,0.369488,0.103646
width,110.0,115.0,160.0,170.0,normal,0.000000,0.101019,0.074218
length,110.0,115.0,160.0,170.0,normal,0.000000,0.167888,0.112348
box_height,110.0,115.0,160.0,170.0,normal,0.000000,0.094363,0.067277
miss_detection,110.0,115.0,170.0,180.0,constant,1.000000,,
distal,110.0,115.0,170.0,180.0,normal,0.000000,0.109864,0.074604
perpendicular,110.0,115.0,170.0,180.0,normal,0.000000,0.134888,0.089462
height,110.0,115.0,170.0,180.0,normal,0.000000,0.107713,0.072683
yaw,110.0,115.0,170.0,180.0,normal,0.000000,0.369488,0.103646
width,110.0,115.0,170.0,180.0,normal,0.000000,0.101019,0.074218
length,110.0,115.0,170.0,180.0,normal,0.000000,0.167888,0.112348
box_height,110.0,115.0,170.0,180.0,normal,0.000000,0.094363,0.067277
miss_detection,115.0,120.0,-180.0,-170.0,constant,1.000000,,
distal,115.0,120.0,-180.0,-170.0,normal,0.000000,0.109864,0.074604
perpendicular,115.0,120.0,-180.0,-170.0,normal,0.000000,0.134888,0.089462
height,115.0,120.0,-180.0,-170.0,normal,0.000000,0.107713,0.072683
yaw,115.0,120.0,-180.0,-170.0,normal,0.000000,0.369488,0.103646
width,115.0,120.0,-180.0,-170.0,normal,0.000000,0.101019,0.074218
length,115.0,120.0,-180.0,-170.0,normal,0.000000,0.167888,0.112348
box_height,115.0,120.0,-180.0,-170.0,normal,0.000000,0.094363,0.067277
miss_detection,115.0,120.0,-170.0,-160.0,constant,1.000000,,
distal,115.0,120.0,-170.0,-160.0,normal,0.000000,0.109864,0.074604
perpendicular,115.0,120.0,-170.0,-160.0,normal,0.000000,0.134888,0.089462
height,115.0,120.0,-170.0,-160.0,normal,0.000000,0.107713,0.072683
yaw,115.0,120.0,-170.0,-160.0,normal,0.000000,0.369488,0.103646
width,115.0,120.0,-170.0,-160.0,normal,0.000000,0.101019,0.074218
length,115.0,120.0,-170.0,-160.0,normal,0.000000,0.167888,0.112348
box_height,115.0,120.0,-170.0,-160.0,normal,0.000000,0.094363,0.067277
miss_detection,115.0,120.0,-160.0,-150.0,constant,1.000000,,
distal,115.0,120.0,-160.0,-150.0,normal,0.000000,0.109864,0.074604
perpendicular,115.0,120.0,-160.0,-150.0,normal,0.000000,0.134888,0.089462
height,115.0,120.0,-160.0,-150.0,normal,0.000000,0.107713,0.072683
yaw,115.0,120.0,-160.0,-150.0,normal,0.000000,0.369488,0.103646
width,115.0,120.0,-160.0,-150.0,normal,0.000000,0.101019,0.074218
length,115.0,120.0,-160.0,-150.0,normal,0.000000,0.167888,0.112348
box_height,115.0,120.0,-160.0,-150.0,normal,0.000000,0.094363,0.067277
miss_detection,115.0,120.0,-150.0,-140.0,constant,1.000000,,
distal,115.0,120.0,-150.0,-140.0,normal,0.000000,0.109864,0.074604
perpendicular,115.0,120.0,-150.0,-140.0,normal,0.000000,0.134888,0.089462
height,115.0,120.0,-150.0,-140.0,normal,0.000000,0.107713,0.072683
yaw,115.0,120.0,-150.0,-140.0,normal,0.000000,0.369488,0.103646
width,115.0,120.0,-150.0,-140.0,normal,0.000000,0.101019,0.074218
length,115.0,120.0,-150.0,-140.0,normal,0.000000,0.167888,0.112348
box_height,115.0,120.0,-150.0,-140.0,normal,0.000000,0.094363,0.067277
miss_detection,115.0,120.0,-140.0,-130.0,constant,1.000000,,
distal,115.0,120.0,-140.0,-130.0,normal,0.000000,0.109864,0.074604
perpendicular,115.0,120.0,-140.0,-130.0,normal,0.000000,0.134888,0.089462
height,115.0,120.0,-140.0,-130.0,normal,0.000000,0.107713,0.072683
yaw,115.0,120.0,-140.0,-130.0,normal,0.000000,0.369488,0.103646
width,115.0,120.0,-140.0,-130.0,normal,0.000000,0.101019,0.074218
length,115.0,120.0,-140.0,-130.0,normal,0.000000,0.167888,0.112348
box_height,115.0,120.0,-140.0,-130.0,normal,0.000000,0.094363,0.067277
miss_detection,115.0,120.0,-130.0,-120.0,constant,1.000000,,
distal,115.0,120.0,-130.0,-120.0,normal,0.000000,0.109864,0.074604
perpendicular,115.0,120.0,-130.0,-120.0,normal,0.000000,0.134888,0.089462
height,115.0,120.0,-130.0,-120.0,normal,0.000000,0.107713,0.072683
yaw,115.0,120.0,-130.0,-120.0,normal,0.000000,0.369488,0.103646
width,115.0,120.0,-130.0,-120.0,normal,0.000000,0.101019,0.074218
length,115.0,120.0,-130.0,-120.0,normal,0.000000,0.167888,0.112348
box_height,115.0,120.0,-130.0,-120.0,normal,0.000000,0.094363,0.067277
miss_detection,115.0,120.0,-120.0,-110.0,constant,1.000000,,
distal,115.0,120.0,-120.0,-110.0,normal,0.000000,0.109864,0.074604
perpendicular,115.0,120.0,-120.0,-110.0,normal,0.000000,0.134888,0.089462
height,115.0,120.0,-120.0,-110.0,normal,0.000000,0.107713,0.072683
yaw,115.0,120.0,-120.0,-110.0,normal,0.000000,0.369488,0.103646
width,115.0,120.0,-120.0,-110.0,normal,0.000000,0.101019,0.074218
length,115.0,120.0,-120.0,-110.0,normal,0.000000,0.167888,0.112348
box_height,115.0,120.0,-120.0,-110.0,normal,0.000000,0.094363,0.067277
miss_detection,115.0,120.0,-110.0,-100.0,constant,1.000000,,
distal,115.0,120.0,-110.0,-100.0,normal,0.000000,0.109864,0.074604
perpendicular,115.0,120.0,-110.0,-100.0,normal,0.000000,0.134888,0.089462
height,115.0,120.0,-110.0,-100.0,normal,0.000000,0.107713,0.072683
yaw,115.0,120.0,-110.0,-100.0,normal,0.000000,0.369488,0.103646
width,115.0,120.0,-110.0,-100.0,normal,0.000000,0.101019,0.074218
length,115.0,120.0,-110.0,-100.0,normal,0.000000,0.167888,0.112348
box_height,115.0,120.0,-110.0,-100.0,normal,0.000000,0.094363,0.067277
miss_detection,115.0,120.0,-100.0,-90.0,constant,1.000000,,
distal,115.0,120.0,-100.0,-90.0,normal,0.000000,0.109864,0.074604
perpendicular,115.0,120.0,-100.0,-90.0,normal,0.000000,0.134888,0.089462
height,115.0,120.0,-100.0,-90.0,normal,0.000000,0.107713,0.072683
yaw,115.0,120.0,-100.0,-90.0,normal,0.000000,0.369488,0.103646
width,115.0,120.0,-100.0,-90.0,normal,0.000000,0.101019,0.074218
length,115.0,120.0,-100.0,-90.0,normal,0.000000,0.167888,0.112348
box_height,115.0,120.0,-100.0,-90.0,normal,0.000000,0.094363,0.067277
miss_detection,115.0,120.0,-90.0,-80.0,constant,1.000000,,
distal,115.0,120.0,-90.0,-80.0,normal,0.000000,0.109864,0.074604
perpendicular,115.0,120.0,-90.0,-80.0,normal,0.000000,0.134888,0.089462
height,115.0,120.0,-90.0,-80.0,normal,0.000000,0.107713,0.072683
yaw,115.0,120.0,-90.0,-80.0,normal,0.000000,0.369488,0.103646
width,115.0,120.0,-90.0,-80.0,normal,0.000000,0.101019,0.074218
length,115.0,120.0,-90.0,-80.0,normal,0.000000,0.167888,0.112348
box_height,115.0,120.0,-90.0,-80.0,normal,0.000000,0.094363,0.067277
miss_detection,115.0,120.0,-80.0,-70.0,constant,1.000000,,
distal,115.0,120.0,-80.0,-70.0,normal,0.000000,0.109864,0.074604
perpendicular,115.0,120.0,-80.0,-70.0,normal,0.000000,0.134888,0.089462
height,115.0,120.0,-80.0,-70.0,normal,0.000000,0.107713,0.072683
yaw,115.0,120.0,-80.0,-70.0,normal,0.000000,0.369488,0.103646
width,115.0,120.0,-80.0,-70.0,normal,0.000000,0.101019,0.074218
length,115.0,120.0,-80.0,-70.0,normal,0.000000,0.167888,0.112348
box_height,115.0,120.0,-80.0,-70.0,normal,0.000000,0.094363,0.067277
miss_detection,115.0,120.0,-70.0,-60.0,constant,1.000000,,
distal,115.0,120.0,-70.0,-60.0,normal,0.000000,0.109864,0.074604
perpendicular,115.0,120.0,-70.0,-60.0,normal,0.000000,0.134888,0.089462
height,115.0,120.0,-70.0,-60.0,normal,0.000000,0.107713,0.072683
yaw,115.0,120.0,-70.0,-60.0,normal,0.000000,0.369488,0.103646
width,115.0,120.0,-70.0,-60.0,normal,0.000000,0.101019,0.074218
length,115.0,120.0,-70.0,-60.0,normal,0.000000,0.167888,0.112348
box_height,115.0,120.0,-70.0,-60.0,normal,0.000000,0.094363,0.067277
miss_detection,115.0,120.0,-60.0,-50.0,constant,1.000000,,
distal,115.0,120.0,-60.0,-50.0,normal,0.000000,0.109864,0.074604
perpendicular,115.0,120.0,-60.0,-50.0,normal,0.000000,0.134888,0.089462
height,115.0,120.0,-60.0,-50.0,normal,0.000000,0.107713,0.072683
yaw,115.0,120.0,-60.0,-50.0,normal,0.000000,0.369488,0.103646
width,115.0,120.0,-60.0,-50.0,normal,0.000000,0.101019,0.074218
length,115.0,120.0,-60.0,-50.0,normal,0.000000,0.167888,0.112348
box_height,115.0,120.0,-60.0,-50.0,normal,0.000000,0.094363,0.067277
miss_detection,115.0,120.0,-50.0,-40.0,constant,1.000000,,
distal,115.0,120.0,-50.0,-40.0,normal,0.000000,0.109864,0.074604
perpendicular,115.0,120.0,-50.0,-40.0,normal,0.000000,0.134888,0.089462
height,115.0,120.0,-50.0,-40.0,normal,0.000000,0.107713,0.072683
yaw,115.0,120.0,-50.0,-40.0,normal,0.000000,0.369488,0.103646
width,115.0,120.0,-50.0,-40.0,normal,0.000000,0.101019,0.074218
length,115.0,120.0,-50.0,-40.0,normal,0.000000,0.167888,0.112348
box_height,115.0,120.0,-50.0,-40.0,normal,0.000000,0.094363,0.067277
miss_detection,115.0,120.0,-40.0,-30.0,constant,1.000000,,
distal,115.0,120.0,-40.0,-30.0,normal,0.000000,0.109864,0.074604
perpendicular,115.0,120.0,-40.0,-30.0,normal,0.000000,0.134888,0.089462
height,115.0,120.0,-40.0,-30.0,normal,0.000000,0.107713,0.072683
yaw,115.0,120.0,-40.0,-30.0,normal,0.000000,0.369488,0.103646
width,115.0,120.0,-40.0,-30.0,normal,0.000000,0.101019,0.074218
length,115.0,120.0,-40.0,-30.0,normal,0.000000,0.167888,0.112348
box_height,115.0,120.0,-40.0,-30.0,normal,0.000000,0.094363,0.067277
miss_detection,115.0,120.0,-30.0,-20.0,constant,1.000000,,
distal,115.0,120.0,-30.0,-20.0,normal,0.000000,0.109864,0.074604
perpendicular,115.0,120.0,-30.0,-20.0,normal,0.000000,0.134888,0.089462
height,115.0,120.0,-30.0,-20.0,normal,0.000000,0.107713,0.072683
yaw,115.0,120.0,-30.0,-20.0,normal,0.000000,0.369488,0.103646
width,115.0,120.0,-30.0,-20.0,normal,0.000000,0.101019,0.074218
length,115.0,120.0,-30.0,-20.0,normal,0.000000,0.167888,0.112348
box_height,115.0,120.0,-30.0,-20.0,normal,0.000000,0.094363,0.067277
miss_detection,115.0,120.0,-20.0,-10.0,constant,1.000000,,
distal,115.0,120.0,-20.0,-10.0,normal,0.000000,0.109864,0.074604
perpendicular,115.0,120.0,-20.0,-10.0,normal,0.000000,0.134888,0.089462
height,115.0,120.0,-20.0,-10.0,normal,0.000000,0.107713,0.072683
yaw,115.0,120.0,-20.0,-10.0,normal,0.000000,0.369488,0.103646
width,115.0,120.0,-20.0,-10.0,normal,0.000000,0.101019,0.074218
length,115.0,120.0,-20.0,-10.0,normal,0.000000,0.167888,0.112348
box_height,115.0,120.0,-20.0,-10.0,normal,0.000000,0.094363,0.067277
miss_detection,115.0,120.0,-10.0,0.0,constant,1.000000,,
distal,115.0,120.0,-10.0,0.0,normal,0.000000,0.109864,0.074604
perpendicular,115.0,120.0,-10.0,0.0,normal,0.000000,0.134888,0.089462
height,115.0,120.0,-10.0,0.0,normal,0.000000,0.107713,0.072683
yaw,115.0,120.0,-10.0,0.0,normal,0.000000,0.369488,0.103646
width,115.0,120.0,-10.0,0.0,normal,0.000000,0.101019,0.074218
length,115.0,120.0,-10.0,0.0,normal,0.000000,0.167888,0.112348
box_height,115.0,120.0,-10.0,0.0,normal,0.000000,0.094363,0.067277
miss_detection,115.0,120.0,0.0,10.0,constant,1.000000,,
distal,115.0,120.0,0.0,10.0,normal,0.000000,0.109864,0.074604
perpendicular,115.0,120.0,0.0,10.0,normal,0.000000,0.134888,0.089462
height,115.0,120.0,0.0,10.0,normal,0.000000,0.107713,0.072683
yaw,115.0,120.0,0.0,10.0,normal,0.000000,0.369488,0.103646
width,115.0,120.0,0.0,10.0,normal,0.000000,0.101019,0.074218
length,115.0,120.0,0.0,10.0,normal,0.000000,0.167888,0.112348
box_height,115.0,120.0,0.0,10.0,normal,0.000000,0.094363,0.067277
miss_detection,115.0,120.0,10.0,20.0,constant,1.000000,,
distal,115.0,120.0,10.0,20.0,normal,0.000000,0.109864,0.074604
perpendicular,115.0,120.0,10.0,20.0,normal,0.000000,0.134888,0.089462
height,115.0,120.0,10.0,20.0,normal,0.000000,0.107713,0.072683
yaw,115.0,120.0,10.0,20.0,normal,0.000000,0.369488,0.103646
width,115.0,120.0,10.0,20.0,normal,0.000000,0.101019,0.074218
length,115.0,120.0,10.0,20.0,normal,0.000000,0.167888,0.112348
box_height,115.0,120.0,10.0,20.0,normal,0.000000,0.094363,0.067277
miss_detection,115.0,120.0,20.0,30.0,constant,1.000000,,
distal,115.0,120.0,20.0,30.0,normal,0.000000,0.109864,0.074604
perpendicular,115.0,120.0,20.0,30.0,normal,0.000000,0.134888,0.089462
height,115.0,120.0,20.0,30.0,normal,0.000000,0.107713,0.072683
yaw,115.0,120.0,20.0,30.0,normal,0.000000,0.369488,0.103646
width,115.0,120.0,20.0,30.0,normal,0.000000,0.101019,0.074218
length,115.0,120.0,20.0,30.0,normal,0.000000,0.167888,0.112348
box_height,115.0,120.0,20.0,30.0,normal,0.000000,0.094363,0.067277
miss_detection,115.0,120.0,30.0,40.0,constant,1.000000,,
distal,115.0,120.0,30.0,40.0,normal,0.000000,0.109864,0.074604
perpendicular,115.0,120.0,30.0,40.0,normal,0.000000,0.134888,0.089462
height,115.0,120.0,30.0,40.0,normal,0.000000,0.107713,0.072683
yaw,115.0,120.0,30.0,40.0,normal,0.000000,0.369488,0.103646
width,115.0,120.0,30.0,40.0,normal,0.000000,0.101019,0.074218
length,115.0,120.0,30.0,40.0,normal,0.000000,0.167888,0.112348
box_height,115.0,120.0,30.0,40.0,normal,0.000000,0.094363,0.067277
miss_detection,115.0,120.0,40.0,50.0,constant,1.000000,,
distal,115.0,120.0,40.0,50.0,normal,0.000000,0.109864,0.074604
perpendicular,115.0,120.0,40.0,50.0,normal,0.000000,0.134888,0.089462
height,115.0,120.0,40.0,50.0,normal,0.000000,0.107713,0.072683
yaw,115.0,120.0,40.0,50.0,normal,0.000000,0.369488,0.103646
width,115.0,120.0,40.0,50.0,normal,0.000000,0.101019,0.074218
length,115.0,120.0,40.0,50.0,normal,0.000000,0.167888,0.112348
box_height,115.0,120.0,40.0,50.0,normal,0.000000,0.094363,0.067277
miss_detection,115.0,120.0,50.0,60.0,constant,1.000000,,
distal,115.0,120.0,50.0,60.0,normal,0.000000,0.109864,0.074604
perpendicular,115.0,120.0,50.0,60.0,normal,0.000000,0.134888,0.089462
height,115.0,120.0,50.0,60.0,normal,0.000000,0.107713,0.072683
yaw,115.0,120.0,50.0,60.0,normal,0.000000,0.369488,0.103646
width,115.0,120.0,50.0,60.0,normal,0.000000,0.101019,0.074218
length,115.0,120.0,50.0,60.0,normal,0.000000,0.167888,0.112348
box_height,115.0,120.0,50.0,60.0,normal,0.000000,0.094363,0.067277
miss_detection,115.0,120.0,60.0,70.0,constant,1.000000,,
distal,115.0,120.0,60.0,70.0,normal,0.000000,0.109864,0.074604
perpendicular,115.0,120.0,60.0,70.0,normal,0.000000,0.134888,0.089462
height,115.0,120.0,60.0,70.0,normal,0.000000,0.107713,0.072683
yaw,115.0,120.0,60.0,70.0,normal,0.000000,0.369488,0.103646
width,115.0,120.0,60.0,70.0,normal,0.000000,0.101019,0.074218
length,115.0,120.0,60.0,70.0,normal,0.000000,0.167888,0.112348
box_height,115.0,120.0,60.0,70.0,normal,0.000000,0.094363,0.067277
miss_detection,115.0,120.0,70.0,80.0,constant,1.000000,,
distal,115.0,120.0,70.0,80.0,normal,0.000000,0.109864,0.074604
perpendicular,115.0,120.0,70.0,80.0,normal,0.000000,0.134888,0.089462
height,115.0,120.0,70.0,80.0,normal,0.000000,0.107713,0.072683
yaw,115.0,120.0,70.0,80.0,normal,0.000000,0.369488,0.103646
width,115.0,120.0,70.0,80.0,normal,0.000000,0.101019,0.074218
length,115.0,120.0,70.0,80.0,normal,0.000000,0.167888,0.112348
box_height,115.0,120.0,70.0,80.0,normal,0.000000,0.094363,0.067277
miss_detection,115.0,120.0,80.0,90.0,constant,1.000000,,
distal,115.0,120.0,80.0,90.0,normal,0.000000,0.109864,0.074604
perpendicular,115.0,120.0,80.0,90.0,normal,0.000000,0.134888,0.089462
height,115.0,120.0,80.0,90.0,normal,0.000000,0.107713,0.072683
yaw,115.0,120.0,80.0,90.0,normal,0.000000,0.369488,0.103646
width,115.0,120.0,80.0,90.0,normal,0.000000,0.101019,0.074218
length,115.0,120.0,80.0,90.0,normal,0.000000,0.167888,0.112348
box_height,115.0,120.0,80.0,90.0,normal,0.000000,0.094363,0.067277
miss_detection,115.0,120.0,90.0,100.0,constant,1.000000,,
distal,115.0,120.0,90.0,100.0,normal,0.000000,0.109864,0.074604
perpendicular,115.0,120.0,90.0,100.0,normal,0.000000,0.134888,0.089462
height,115.0,120.0,90.0,100.0,normal,0.000000,0.107713,0.072683
yaw,115.0,120.0,90.0,100.0,normal,0.000000,0.369488,0.103646
width,115.0,120.0,90.0,100.0,normal,0.000000,0.101019,0.074218
length,115.0,120.0,90.0,100.0,normal,0.000000,0.167888,0.112348
box_height,115.0,120.0,90.0,100.0,normal,0.000000,0.094363,0.067277
miss_detection,115.0,120.0,100.0,110.0,constant,1.000000,,
distal,115.0,120.0,100.0,110.0,normal,0.000000,0.109864,0.074604
perpendicular,115.0,120.0,100.0,110.0,normal,0.000000,0.134888,0.089462
height,115.0,120.0,100.0,110.0,normal,0.000000,0.107713,0.072683
yaw,115.0,120.0,100.0,110.0,normal,0.000000,0.369488,0.103646
width,115.0,120.0,100.0,110.0,normal,0.000000,0.101019,0.074218
length,115.0,120.0,100.0,110.0,normal,0.000000,0.167888,0.112348
box_height,115.0,120.0,100.0,110.0,normal,0.000000,0.094363,0.067277
miss_detection,115.0,120.0,110.0,120.0,constant,1.000000,,
distal,115.0,120.0,110.0,120.0,normal,0.000000,0.109864,0.074604
perpendicular,115.0,120.0,110.0,120.0,normal,0.000000,0.134888,0.089462
height,115.0,120.0,110.0,120.0,normal,0.000000,0.107713,0.072683
yaw,115.0,120.0,110.0,120.0,normal,0.000000,0.369488,0.103646
width,115.0,120.0,110.0,120.0,normal,0.000000,0.101019,0.074218
length,115.0,120.0,110.0,120.0,normal,0.000000,0.167888,0.112348
box_height,115.0,120.0,110.0,120.0,normal,0.000000,0.094363,0.067277
miss_detection,115.0,120.0,120.0,130.0,constant,1.000000,,
distal,115.0,120.0,120.0,130.0,normal,0.000000,0.109864,0.074604
perpendicular,115.0,120.0,120.0,130.0,normal,0.000000,0.134888,0.089462
height,115.0,120.0,120.0,130.0,normal,0.000000,0.107713,0.072683
yaw,115.0,120.0,120.0,130.0,normal,0.000000,0.369488,0.103646
width,115.0,120.0,120.0,130.0,normal,0.000000,0.101019,0.074218
length,115.0,120.0,120.0,130.0,normal,0.000000,0.167888,0.112348
box_height,115.0,120.0,120.0,130.0,normal,0.000000,0.094363,0.067277
miss_detection,115.0,120.0,130.0,140.0,constant,1.000000,,
distal,115.0,120.0,130.0,140.0,normal,0.000000,0.109864,0.074604
perpendicular,115.0,120.0,130.0,140.0,normal,0.000000,0.134888,0.089462
height,115.0,120.0,130.0,140.0,normal,0.000000,0.107713,0.072683
yaw,115.0,120.0,130.0,140.0,normal,0.000000,0.369488,0.103646
width,115.0,120.0,130.0,140.0,normal,0.000000,0.101019,0.074218
length,115.0,120.0,130.0,140.0,normal,0.000000,0.167888,0.112348
box_height,115.0,120.0,130.0,140.0,normal,0.000000,0.094363,0.067277
miss_detection,115.0,120.0,140.0,150.0,constant,1.000000,,
distal,115.0,120.0,140.0,150.0,normal,0.000000,0.109864,0.074604
perpendicular,115.0,120.0,140.0,150.0,normal,0.000000,0.134888,0.089462
height,115.0,120.0,140.0,150.0,normal,0.000000,0.107713,0.072683
yaw,115.0,120.0,140.0,150.0,normal,0.000000,0.369488,0.103646
width,115.0,120.0,140.0,150.0,normal,0.000000,0.101019,0.074218
length,115.0,120.0,140.0,150.0,normal,0.000000,0.167888,0.112348
box_height,115.0,120.0,140.0,150.0,normal,0.000000,0.094363,0.067277
miss_detection,115.0,120.0,150.0,160.0,constant,1.000000,,
distal,115.0,120.0,150.0,160.0,normal,0.000000,0.109864,0.074604
perpendicular,115.0,120.0,150.0,160.0,normal,0.000000,0.134888,0.089462
height,115.0,120.0,150.0,160.0,normal,0.000000,0.107713,0.072683
yaw,115.0,120.0,150.0,160.0,normal,0.000000,0.369488,0.103646
width,115.0,120.0,150.0,160.0,normal,0.000000,0.101019,0.074218
length,115.0,120.0,150.0,160.0,normal,0.000000,0.167888,0.112348
box_height,115.0,120.0,150.0,160.0,normal,0.000000,0.094363,0.067277
miss_detection,115.0,120.0,160.0,170.0,constant,1.000000,,
distal,115.0,120.0,160.0,170.0,normal,0.000000,0.109864,0.074604
perpendicular,115.0,120.0,160.0,170.0,normal,0.000000,0.134888,0.089462
height,115.0,120.0,160.0,170.0,normal,0.000000,0.107713,0.072683
yaw,115.0,120.0,160.0,170.0,normal,0.000000,0.369488,0.103646
width,115.0,120.0,160.0,170.0,normal,0.000000,0.101019,0.074218
length,115.0,120.0,160.0,170.0,normal,0.000000,0.167888,0.112348
box_height,115.0,120.0,160.0,170.0,normal,0.000000,0.094363,0.067277
miss_detection,115.0,120.0,170.0,180.0,constant,1.000000,,
distal,115.0,120.0,170.0,180.0,normal,0.000000,0.109864,0.074604
perpendicular,115.0,120.0,170.0,180.0,normal,0.000000,0.134888,0.089462
height,115.0,120.0,170.0,180.0,normal,0.000000,0.107713,0.072683
yaw,115.0,120.0,170.0,180.0,normal,0.000000,0.369488,0.103646
width,115.0,120.0,170.0,180.0,normal,0.000000,0.101019,0.074218
length,115.0,120.0,170.0,180.0,normal,0.000000,0.167888,0.112348
box_height,115.0,120.0,170.0,180.0,normal,0.000000,0.094363,0.067277
