range_lo,range_hi,angle_lo,angle_hi,gt_count,missed,miss_rate,source,n_fp,fp_per_frame,score_mean,score_std,fp_score_mean,fp_score_std,x_mean,y_mean,z_mean,distal_mean,perp_mean,yaw_mean,width_mean,length_mean,box_height_mean,x_std,y_std,z_std,distal_std,perp_std,yaw_std,width_std,length_std,box_height_std,n_fp_car,n_fp_truck,n_fp_bus,n_fp_construction_vehicle,fp_width_mean,fp_width_std,fp_length_mean,fp_length_std,fp_height_mean,fp_height_std,fp_yaw_std
0.000000,5.000000,-180.000000,-170.000000,0,0,1.000000,no_data,0,0.000000,,,,,,,,,,,,,,,,,,,,,,,0,0,0,0,0.000000,0.000000,0.000000,0.000000,0.000000,0.000000,0.785398
0.000000,5.000000,-170.000000,-160.000000,0,0,1.000000,no_data,0,0.000000,,,,,,,,,,,,,,,,,,,,,,,0,0,0,0,0.000000,0.000000,0.000000,0.000000,0.000000,0.000000,0.785398
0.000000,5.000000,-160.000000,-150.000000,0,0,1.000000,no_data,0,0.000000,,,,,,,,,,,,,,,,,,,,,,,0,0,0,0,0.000000,0.000000,0.000000,0.000000,0.000000,0.000000,0.785398
0.000000,5.000000,-150.000000,-140.000000,0,0,1.000000,no_data,0,0.000000,,,,,,,,,,,,,,,,,,,,,,,0,0,0,0,0.000000,0.000000,0.000000,0.000000,0.000000,0.000000,0.785398
0.000000,5.000000,-140.000000,-130.000000,0,0,1.000000,no_data,0,0.000000,,,,,,,,,,,,,,,,,,,,,,,0,0,0,0,0.000000,0.000000,0.000000,0.000000,0.000000,0.000000,0.785398
0.000000,5.000000,-130.000000,-120.000000,0,0,1.000000,no_data,0,0.000000,,,,,,,,,,,,,,,,,,,,,,,0,0,0,0,0.000000,0.000000,0.000000,0.000000,0.000000,0.000000,0.785398
0.000000,5.000000,-120.000000,-110.000000,0,0,1.000000,no_data,0,0.000000,,,,,,,,,,,,,,,,,,,,,,,0,0,0,0,0.000000,0.000000,0.000000,0.000000,0.000000,0.000000,0.785398
0.000000,5.000000,-110.000000,-100.000000,0,0,1.000000,no_data,0,0.000000,,,,,,,,,,,,,,,,,,,,,,,0,0,0,0,0.000000,0.000000,0.000000,0.000000,0.000000,0.000000,0.785398
0.000000,5.000000,-100.000000,-90.000000,0,0,1.000000,no_data,0,0.000000,,,,,,,,,,,,,,,,,,,,,,,0,0,0,0,0.000000,0.000000,0.000000,0.000000,0.000000,0.000000,0.785398
0.000000,5.000000,-90.000000,-80.000000,0,0,1.000000,no_data,0,0.000000,,,,,,,,,,,,,,,,,,,,,,,0,0,0,0,0.000000,0.000000,0.000000,0.000000,0.000000,0.000000,0.785398
0.000000,5.000000,-80.000000,-70.000000,0,0,1.000000,no_data,0,0.000000,,,,,,,,,,,,,,,,,,,,,,,0,0,0,0,0.000000,0.000000,0.000000,0.000000,0.000000,0.000000,0.785398
0.000000,5.000000,-70.000000,-60.000000,0,0,1.000000,no_data,0,0.000000,,,,,,,,,,,,,,,,,,,,,,,0,0,0,0,0.000000,0.000000,0.000000,0.000000,0.000000,0.000000,0.785398
0.000000,5.000000,-60.000000,-50.000000,0,0,1.000000,no_data,0,0.000000,,,,,,,,,,,,,,,,,,,,,,,0,0,0,0,0.000000,0.000000,0.000000,0.000000,0.000000,0.000000,0.785398
0.000000,5.000000,-50.000000,-40.000000,0,0,1.000000,no_data,0,0.000000,,,,,,,,,,,,,,,,,,,,,,,0,0,0,0,0.000000,0.000000,0.000000,0.000000,0.000000,0.000000,0.785398
0.000000,5.000000,-40.000000,-30.000000,0,0,1.000000,no_data,0,0.000000,,,,,,,,,,,,,,,,,,,,,,,0,0,0,0,0.000000,0.000000,0.000000,0.000000,0.000000,0.000000,0.785398
0.000000,5.000000,-30.000000,-20.000000,0,0,1.000000,no_data,0,0.000000,,,,,,,,,,,,,,,,,,,,,,,0,0,0,0,0.000000,0.000000,0.000000,0.000000,0.000000,0.000000,0.785398
0.000000,5.000000,-20.000000,-10.000000,0,0,1.000000,no_data,0,0.000000,,,,,,,,,,,,,,,,,,,,,,,0,0,0,0,0.000000,0.000000,0.000000,0.000000,0.000000,0.000000,0.785398
0.000000,5.000000,-10.000000,0.000000,0,0,1.000000,no_data,0,0.000000,,,,,,,,,,,,,,,,,,,,,,,0,0,0,0,0.000000,0.000000,0.000000,0.000000,0.000000,0.000000,0.785398
0.000000,5.000000,0.000000,10.000000,0,0,1.000000,no_data,0,0.000000,,,,,,,,,,,,,,,,,,,,,,,0,0,0,0,0.000000,0.000000,0.000000,0.000000,0.000000,0.000000,0.785398
0.000000,5.000000,10.000000,20.000000,0,0,1.000000,no_data,0,0.000000,,,,,,,,,,,,,,,,,,,,,,,0,0,0,0,0.000000,0.000000,0.000000,0.000000,0.000000,0.000000,0.785398
0.000000,5.000000,20.000000,30.000000,0,0,1.000000,no_data,0,0.000000,,,,,,,,,,,,,,,,,,,,,,,0,0,0,0,0.000000,0.000000,0.000000,0.000000,0.000000,0.000000,0.785398
0.000000,5.000000,30.000000,40.000000,0,0,1.000000,no_data,0,0.000000,,,,,,,,,,,,,,,,,,,,,,,0,0,0,0,0.000000,0.000000,0.000000,0.000000,0.000000,0.000000,0.785398
0.000000,5.000000,40.000000,50.000000,0,0,1.000000,no_data,0,0.000000,,,,,,,,,,,,,,,,,,,,,,,0,0,0,0,0.000000,0.000000,0.000000,0.000000,0.000000,0.000000,0.785398
0.000000,5.000000,50.000000,60.000000,0,0,1.000000,no_data,0,0.000000,,,,,,,,,,,,,,,,,,,,,,,0,0,0,0,0.000000,0.000000,0.000000,0.000000,0.000000,0.000000,0.785398
0.000000,5.000000,60.000000,70.000000,0,0,1.000000,no_data,0,0.000000,,,,,,,,,,,,,,,,,,,,,,,0,0,0,0,0.000000,0.000000,0.000000,0.000000,0.000000,0.000000,0.785398
0.000000,5.000000,70.000000,80.000000,0,0,1.000000,no_data,0,0.000000,,,,,,,,,,,,,,,,,,,,,,,0,0,0,0,0.000000,0.000000,0.000000,0.000000,0.000000,0.000000,0.785398
0.000000,5.000000,80.000000,90.000000,0,0,1.000000,no_data,0,0.000000,,,,,,,,,,,,,,,,,,,,,,,0,0,0,0,0.000000,0.000000,0.000000,0.000000,0.000000,0.000000,0.785398
0.000000,5.000000,90.000000,100.000000,0,0,1.000000,no_data,0,0.000000,,,,,,,,,,,,,,,,,,,,,,,0,0,0,0,0.000000,0.000000,0.000000,0.000000,0.000000,0.000000,0.785398
0.000000,5.000000,100.000000,110.000000,0,0,1.000000,no_data,0,0.000000,,,,,,,,,,,,,,,,,,,,,,,0,0,0,0,0.000000,0.000000,0.000000,0.000000,0.000000,0.000000,0.785398
0.000000,5.000000,110.000000,120.000000,0,0,1.000000,no_data,0,0.000000,,,,,,,,,,,,,,,,,,,,,,,0,0,0,0,0.000000,0.000000,0.000000,0.000000,0.000000,0.000000,0.785398
0.000000,5.000000,120.000000,130.000000,0,0,1.000000,no_data,0,0.000000,,,,,,,,,,,,,,,,,,,,,,,0,0,0,0,0.000000,0.000000,0.000000,0.000000,0.000000,0.000000,0.785398
0.000000,5.000000,130.000000,140.000000,0,0,1.000000,no_data,0,0.000000,,,,,,,,,,,,,,,,,,,,,,,0,0,0,0,0.000000,0.000000,0.000000,0.000000,0.000000,0.000000,0.785398
0.000000,5.000000,140.000000,150.000000,0,0,1.000000,no_data,0,0.000000,,,,,,,,,,,,,,,,,,,,,,,0,0,0,0,0.000000,0.000000,0.000000,0.000000,0.000000,0.000000,0.785398
0.000000,5.000000,150.000000,160.000000,0,0,1.000000,no_data,0,0.000000,,,,,,,,,,,,,,,,,,,,,,,0,0,0,0,0.000000,0.000000,0.000000,0.000000,0.000000,0.000000,0.785398
0.000000,5.000000,160.000000,170.000000,0,0,1.000000,no_data,0,0.000000,,,,,,,,,,,,,,,,,,,,,,,0,0,0,0,0.000000,0.000000,0.000000,0.000000,0.000000,0.000000,0.785398
0.000000,5.000000,170.000000,180.000000,0,0,1.000000,no_data,0,0.000000,,,,,,,,,,,,,,,,,,,,,,,0,0,0,0,0.000000,0.000000,0.000000,0.000000,0.000000,0.000000,0.785398
5.000000,10.000000,-180.000000,-170.000000,0,0,1.000000,no_data,0,0.000000,,,,,,,,,,,,,,,,,,,,,,,0,0,0,0,0.000000,0.000000,0.000000,0.000000,0.000000,0.000000,0.785398
5.000000,10.000000,-170.000000,-160.000000,0,0,1.000000,no_data,0,0.000000,,,,,,,,,,,,,,,,,,,,,,,0,0,0,0,0.000000,0.000000,0.000000,0.000000,0.000000,0.000000,0.785398
5.000000,10.000000,-160.000000,-150.000000,0,0,1.000000,no_data,0,0.000000,,,,,,,,,,,,,,,,,,,,,,,0,0,0,0,0.000000,0.000000,0.000000,0.000000,0.000000,0.000000,0.785398
5.000000,10.000000,-150.000000,-140.000000,0,0,1.000000,no_data,0,0.000000,,,,,,,,,,,,,,,,,,,,,,,0,0,0,0,0.000000,0.000000,0.000000,0.000000,0.000000,0.000000,0.785398
5.000000,10.000000,-140.000000,-130.000000,0,0,1.000000,no_data,0,0.000000,,,,,,,,,,,,,,,,,,,,,,,0,0,0,0,0.000000,0.000000,0.000000,0.000000,0.000000,0.000000,0.785398
5.000000,10.000000,-130.000000,-120.000000,0,0,1.000000,no_data,0,0.000000,,,,,,,,,,,,,,,,,,,,,,,0,0,0,0,0.000000,0.000000,0.000000,0.000000,0.000000,0.000000,0.785398
5.000000,10.000000,-120.000000,-110.000000,0,0,1.000000,no_data,0,0.000000,,,,,,,,,,,,,,,,,,,,,,,0,0,0,0,0.000000,0.000000,0.000000,0.000000,0.000000,0.000000,0.785398
5.000000,10.000000,-110.000000,-100.000000,0,0,1.000000,no_data,0,0.000000,,,,,,,,,,,,,,,,,,,,,,,0,0,0,0,0.000000,0.000000,0.000000,0.000000,0.000000,0.000000,0.785398
5.000000,10.000000,-100.000000,-90.000000,0,0,1.000000,no_data,0,0.000000,,,,,,,,,,,,,,,,,,,,,,,0,0,0,0,0.000000,0.000000,0.000000,0.000000,0.000000,0.000000,0.785398
5.000000,10.000000,-90.000000,-80.000000,0,0,1.000000,no_data,0,0.000000,,,,,,,,,,,,,,,,,,,,,,,0,0,0,0,0.000000,0.000000,0.000000,0.000000,0.000000,0.000000,0.785398
5.000000,10.000000,-80.000000,-70.000000,0,0,1.000000,no_data,0,0.000000,,,,,,,,,,,,,,,,,,,,,,,0,0,0,0,0.000000,0.000000,0.000000,0.000000,0.000000,0.000000,0.785398
5.000000,10.000000,-70.000000,-60.000000,0,0,1.000000,no_data,0,0.000000,,,,,,,,,,,,,,,,,,,,,,,0,0,0,0,0.000000,0.000000,0.000000,0.000000,0.000000,0.000000,0.785398
5.000000,10.000000,-60.000000,-50.000000,0,0,1.000000,no_data,0,0.000000,,,,,,,,,,,,,,,,,,,,,,,0,0,0,0,0.000000,0.000000,0.000000,0.000000,0.000000,0.000000,0.785398
5.000000,10.000000,-50.000000,-40.000000,0,0,1.000000,no_data,0,0.000000,,,,,,,,,,,,,,,,,,,,,,,0,0,0,0,0.000000,0.000000,0.000000,0.000000,0.000000,0.000000,0.785398
5.000000,10.000000,-40.000000,-30.000000,0,0,1.000000,no_data,0,0.000000,,,,,,,,,,,,,,,,,,,,,,,0,0,0,0,0.000000,0.000000,0.000000,0.000000,0.000000,0.000000,0.785398
5.000000,10.000000,-30.000000,-20.000000,0,0,1.000000,no_data,0,0.000000,,,,,,,,,,,,,,,,,,,,,,,0,0,0,0,0.000000,0.000000,0.000000,0.000000,0.000000,0.000000,0.785398
5.000000,10.000000,-20.000000,-10.000000,0,0,1.000000,no_data,0,0.000000,,,,,,,,,,,,,,,,,,,,,,,0,0,0,0,0.000000,0.000000,0.000000,0.000000,0.000000,0.000000,0.785398
5.000000,10.000000,-10.000000,0.000000,0,0,1.000000,no_data,0,0.000000,,,,,,,,,,,,,,,,,,,,,,,0,0,0,0,0.000000,0.000000,0.000000,0.000000,0.000000,0.000000,0.785398
5.000000,10.000000,0.000000,10.000000,0,0,1.000000,no_data,0,0.000000,,,,,,,,,,,,,,,,,,,,,,,0,0,0,0,0.000000,0.000000,0.000000,0.000000,0.000000,0.000000,0.785398
5.000000,10.000000,10.000000,20.000000,0,0,1.000000,no_data,0,0.000000,,,,,,,,,,,,,,,,,,,,,,,0,0,0,0,0.000000,0.000000,0.000000,0.000000,0.000000,0.000000,0.785398
5.000000,10.000000,20.000000,30.000000,0,0,1.000000,no_data,0,0.000000,,,,,,,,,,,,,,,,,,,,,,,0,0,0,0,0.000000,0.000000,0.000000,0.000000,0.000000,0.000000,0.785398
5.000000,10.000000,30.000000,40.000000,0,0,1.000000,no_data,0,0.000000,,,,,,,,,,,,,,,,,,,,,,,0,0,0,0,0.000000,0.000000,0.000000,0.000000,0.000000,0.000000,0.785398
5.000000,10.000000,40.000000,50.000000,0,0,1.000000,no_data,0,0.000000,,,,,,,,,,,,,,,,,,,,,,,0,0,0,0,0.000000,0.000000,0.000000,0.000000,0.000000,0.000000,0.785398
5.000000,10.000000,50.000000,60.000000,0,0,1.000000,no_data,0,0.000000,,,,,,,,,,,,,,,,,,,,,,,0,0,0,0,0.000000,0.000000,0.000000,0.000000,0.000000,0.000000,0.785398
5.000000,10.000000,60.000000,70.000000,0,0,1.000000,no_data,0,0.000000,,,,,,,,,,,,,,,,,,,,,,,0,0,0,0,0.000000,0.000000,0.000000,0.000000,0.000000,0.000000,0.785398
5.000000,10.000000,70.000000,80.000000,0,0,1.000000,no_data,0,0.000000,,,,,,,,,,,,,,,,,,,,,,,0,0,0,0,0.000000,0.000000,0.000000,0.000000,0.000000,0.000000,0.785398
5.000000,10.000000,80.000000,90.000000,0,0,1.000000,no_data,0,0.000000,,,,,,,,,,,,,,,,,,,,,,,0,0,0,0,0.000000,0.000000,0.000000,0.000000,0.000000,0.000000,0.785398
5.000000,10.000000,90.000000,100.000000,0,0,1.000000,no_data,0,0.000000,,,,,,,,,,,,,,,,,,,,,,,0,0,0,0,0.000000,0.000000,0.000000,0.000000,0.000000,0.000000,0.785398
5.000000,10.000000,100.000000,110.000000,0,0,1.000000,no_data,0,0.000000,,,,,,,,,,,,,,,,,,,,,,,0,0,0,0,0.000000,0.000000,0.000000,0.000000,0.000000,0.000000,0.785398
5.000000,10.000000,110.000000,120.000000,0,0,1.000000,no_data,0,0.000000,,,,,,,,,,,,,,,,,,,,,,,0,0,0,0,0.000000,0.000000,0.000000,0.000000,0.000000,0.000000,0.785398
5.000000,10.000000,120.000000,130.000000,0,0,1.000000,no_data,0,0.000000,,,,,,,,,,,,,,,,,,,,,,,0,0,0,0,0.000000,0.000000,0.000000,0.000000,0.000000,0.000000,0.785398
5.000000,10.000000,130.000000,140.000000,0,0,1.000000,no_data,0,0.000000,,,,,,,,,,,,,,,,,,,,,,,0,0,0,0,0.000000,0.000000,0.000000,0.000000,0.000000,0.000000,0.785398
5.000000,10.000000,140.000000,150.000000,0,0,1.000000,no_data,0,0.000000,,,,,,,,,,,,,,,,,,,,,,,0,0,0,0,0.000000,0.000000,0.000000,0.000000,0.000000,0.000000,0.785398
5.000000,10.000000,150.000000,160.000000,0,0,1.000000,no_data,0,0.000000,,,,,,,,,,,,,,,,,,,,,,,0,0,0,0,0.000000,0.000000,0.000000,0.000000,0.000000,0.000000,0.785398
5.000000,10.000000,160.000000,170.000000,0,0,1.000000,no_data,0,0.000000,,,,,,,,,,,,,,,,,,,,,,,0,0,0,0,0.000000,0.000000,0.000000,0.000000,0.000000,0.000000,0.785398
5.000000,10.000000,170.000000,180.000000,0,0,1.000000,no_data,0,0.000000,,,,,,,,,,,,,,,,,,,,,,,0,0,0,0,0.000000,0.000000,0.000000,0.000000,0.000000,0.000000,0.785398
10.000000,15.000000,-180.000000,-170.000000,0,0,1.000000,no_data,0,0.000000,,,,,,,,,,,,,,,,,,,,,,,0,0,0,0,0.000000,0.000000,0.000000,0.000000,0.000000,0.000000,0.785398
10.000000,15.000000,-170.000000,-160.000000,0,0,1.000000,no_data,0,0.000000,,,,,,,,,,,,,,,,,,,,,,,0,0,0,0,0.000000,0.000000,0.000000,0.000000,0.000000,0.000000,0.785398
10.000000,15.000000,-160.000000,-150.000000,0,0,1.000000,no_data,0,0.000000,,,,,,,,,,,,,,,,,,,,,,,0,0,0,0,0.000000,0.000000,0.000000,0.000000,0.000000,0.000000,0.785398
10.000000,15.000000,-150.000000,-140.000000,0,0,1.000000,no_data,0,0.000000,,,,,,,,,,,,,,,,,,,,,,,0,0,0,0,0.000000,0.000000,0.000000,0.000000,0.000000,0.000000,0.785398
10.000000,15.000000,-140.000000,-130.000000,0,0,1.000000,no_data,0,0.000000,,,,,,,,,,,,,,,,,,,,,,,0,0,0,0,0.000000,0.000000,0.000000,0.000000,0.000000,0.000000,0.785398
10.000000,15.000000,-130.000000,-120.000000,0,0,1.000000,no_data,0,0.000000,,,,,,,,,,,,,,,,,,,,,,,0,0,0,0,0.000000,0.000000,0.000000,0.000000,0.000000,0.000000,0.785398
10.000000,15.000000,-120.000000,-110.000000,0,0,1.000000,no_data,0,0.000000,,,,,,,,,,,,,,,,,,,,,,,0,0,0,0,0.000000,0.000000,0.000000,0.000000,0.000000,0.000000,0.785398
10.000000,15.000000,-110.000000,-100.000000,0,0,1.000000,no_data,0,0.000000,,,,,,,,,,,,,,,,,,,,,,,0,0,0,0,0.000000,0.000000,0.000000,0.000000,0.000000,0.000000,0.785398
10.000000,15.000000,-100.000000,-90.000000,0,0,1.000000,no_data,0,0.000000,,,,,,,,,,,,,,,,,,,,,,,0,0,0,0,0.000000,0.000000,0.000000,0.000000,0.000000,0.000000,0.785398
10.000000,15.000000,-90.000000,-80.000000,0,0,1.000000,no_data,0,0.000000,,,,,,,,,,,,,,,,,,,,,,,0,0,0,0,0.000000,0.000000,0.000000,0.000000,0.000000,0.000000,0.785398
10.000000,15.000000,-80.000000,-70.000000,0,0,1.000000,no_data,0,0.000000,,,,,,,,,,,,,,,,,,,,,,,0,0,0,0,0.000000,0.000000,0.000000,0.000000,0.000000,0.000000,0.785398
10.000000,15.000000,-70.000000,-60.000000,0,0,1.000000,no_data,0,0.000000,,,,,,,,,,,,,,,,,,,,,,,0,0,0,0,0.000000,0.000000,0.000000,0.000000,0.000000,0.000000,0.785398
10.000000,15.000000,-60.000000,-50.000000,0,0,1.000000,no_data,0,0.000000,,,,,,,,,,,,,,,,,,,,,,,0,0,0,0,0.000000,0.000000,0.000000,0.000000,0.000000,0.000000,0.785398
10.000000,15.000000,-50.000000,-40.000000,0,0,1.000000,no_data,0,0.000000,,,,,,,,,,,,,,,,,,,,,,,0,0,0,0,0.000000,0.000000,0.000000,0.000000,0.000000,0.000000,0.785398
10.000000,15.000000,-40.000000,-30.000000,0,0,1.000000,no_data,0,0.000000,,,,,,,,,,,,,,,,,,,,,,,0,0,0,0,0.000000,0.000000,0.000000,0.000000,0.000000,0.000000,0.785398
10.000000,15.000000,-30.000000,-20.000000,0,0,1.000000,no_data,0,0.000000,,,,,,,,,,,,,,,,,,,,,,,0,0,0,0,0.000000,0.000000,0.000000,0.000000,0.000000,0.000000,0.785398
10.000000,15.000000,-20.000000,-10.000000,1,0,0.000000,measured,0,0.000000,0.428736,0.000000,,,1.137908,0.235538,-0.075913,1.078496,0.432619,0.046172,-0.806029,-2.277713,-0.481519,0.000000,0.000000,0.000000,0.000000,0.000000,0.000000,0.000000,0.000000,0.000000,0,0,0,0,0.000000,0.000000,0.000000,0.000000,0.000000,0.000000,0.785398
10.000000,15.000000,-10.000000,0.000000,7,4,0.571429,measured,4,0.002121,0.383291,0.157734,0.216038,0.151325,1.225625,-0.096570,-0.049406,1.224627,0.102372,0.113182,-0.434234,-0.898465,-0.443365,0.562877,0.387649,0.077810,0.499624,0.467727,0.066006,0.225502,0.505795,0.245013,4,0,0,0,1.876112,0.028862,4.294162,0.033129,1.567807,0.061349,0.050663
10.000000,15.000000,0.000000,10.000000,63,5,0.079365,measured,5,0.002651,0.900693,0.043055,0.224478,0.140063,0.153448,-0.000666,-0.017645,0.153018,-0.010527,0.018283,0.011659,0.091936,0.010872,0.043387,0.036073,0.020469,0.043676,0.036025,0.028029,0.044694,0.044131,0.034047,5,0,0,0,1.927104,0.049265,4.600781,0.556520,1.807653,0.378386,0.034368
10.000000,15.000000,10.000000,20.000000,0,0,1.000000,no_data,0,0.000000,,,,,,,,,,,,,,,,,,,,,,,0,0,0,0,0.000000,0.000000,0.000000,0.000000,0.000000,0.000000,0.785398
10.000000,15.000000,20.000000,30.000000,0,0,1.000000,no_data,0,0.000000,,,,,,,,,,,,,,,,,,,,,,,0,0,0,0,0.000000,0.000000,0.000000,0.000000,0.000000,0.000000,0.785398
10.000000,15.000000,30.000000,40.000000,0,0,1.000000,no_data,0,0.000000,,,,,,,,,,,,,,,,,,,,,,,0,0,0,0,0.000000,0.000000,0.000000,0.000000,0.000000,0.000000,0.785398
10.000000,15.000000,40.000000,50.000000,0,0,1.000000,no_data,0,0.000000,,,,,,,,,,,,,,,,,,,,,,,0,0,0,0,0.000000,0.000000,0.000000,0.000000,0.000000,0.000000,0.785398
10.000000,15.000000,50.000000,60.000000,0,0,1.000000,no_data,0,0.000000,,,,,,,,,,,,,,,,,,,,,,,0,0,0,0,0.000000,0.000000,0.000000,0.000000,0.000000,0.000000,0.785398
10.000000,15.000000,60.000000,70.000000,0,0,1.000000,no_data,0,0.000000,,,,,,,,,,,,,,,,,,,,,,,0,0,0,0,0.000000,0.000000,0.000000,0.000000,0.000000,0.000000,0.785398
10.000000,15.000000,70.000000,80.000000,0,0,1.000000,no_data,0,0.000000,,,,,,,,,,,,,,,,,,,,,,,0,0,0,0,0.000000,0.000000,0.000000,0.000000,0.000000,0.000000,0.785398
10.000000,15.000000,80.000000,90.000000,0,0,1.000000,no_data,0,0.000000,,,,,,,,,,,,,,,,,,,,,,,0,0,0,0,0.000000,0.000000,0.000000,0.000000,0.000000,0.000000,0.785398
10.000000,15.000000,90.000000,100.000000,0,0,1.000000,no_data,0,0.000000,,,,,,,,,,,,,,,,,,,,,,,0,0,0,0,0.000000,0.000000,0.000000,0.000000,0.000000,0.000000,0.785398
10.000000,15.000000,100.000000,110.000000,0,0,1.000000,no_data,0,0.000000,,,,,,,,,,,,,,,,,,,,,,,0,0,0,0,0.000000,0.000000,0.000000,0.000000,0.000000,0.000000,0.785398
10.000000,15.000000,110.000000,120.000000,0,0,1.000000,no_data,0,0.000000,,,,,,,,,,,,,,,,,,,,,,,0,0,0,0,0.000000,0.000000,0.000000,0.000000,0.000000,0.000000,0.785398
10.000000,15.000000,120.000000,130.000000,0,0,1.000000,no_data,0,0.000000,,,,,,,,,,,,,,,,,,,,,,,0,0,0,0,0.000000,0.000000,0.000000,0.000000,0.000000,0.000000,0.785398
10.000000,15.000000,130.000000,140.000000,0,0,1.000000,no_data,0,0.000000,,,,,,,,,,,,,,,,,,,,,,,0,0,0,0,0.000000,0.000000,0.000000,0.000000,0.000000,0.000000,0.785398
10.000000,15.000000,140.000000,150.000000,0,0,1.000000,no_data,0,0.000000,,,,,,,,,,,,,,,,,,,,,,,0,0,0,0,0.000000,0.000000,0.000000,0.000000,0.000000,0.000000,0.785398
10.000000,15.000000,150.000000,160.000000,0,0,1.000000,no_data,0,0.000000,,,,,,,,,,,,,,,,,,,,,,,0,0,0,0,0.000000,0.000000,0.000000,0.000000,0.000000,0.000000,0.785398
10.000000,15.000000,160.000000,170.000000,0,0,1.000000,no_data,0,0.000000,,,,,,,,,,,,,,,,,,,,,,,0,0,0,0,0.000000,0.000000,0.000000,0.000000,0.000000,0.000000,0.785398
10.000000,15.000000,170.000000,180.000000,0,0,1.000000,no_data,0,0.000000,,,,,,,,,,,,,,,,,,,,,,,0,0,0,0,0.000000,0.000000,0.000000,0.000000,0.000000,0.000000,0.785398
15.000000,20.000000,-180.000000,-170.000000,0,0,1.000000,no_data,0,0.000000,,,,,,,,,,,,,,,,,,,,,,,0,0,0,0,0.000000,0.000000,0.000000,0.000000,0.000000,0.000000,0.785398
15.000000,20.000000,-170.000000,-160.000000,0,0,1.000000,no_data,0,0.000000,,,,,,,,,,,,,,,,,,,,,,,0,0,0,0,0.000000,0.000000,0.000000,0.000000,0.000000,0.000000,0.785398
15.000000,20.000000,-160.000000,-150.000000,0,0,1.000000,no_data,0,0.000000,,,,,,,,,,,,,,,,,,,,,,,0,0,0,0,0.000000,0.000000,0.000000,0.000000,0.000000,0.000000,0.785398
15.000000,20.000000,-150.000000,-140.000000,0,0,1.000000,no_data,0,0.000000,,,,,,,,,,,,,,,,,,,,,,,0,0,0,0,0.000000,0.000000,0.000000,0.000000,0.000000,0.000000,0.785398
15.000000,20.000000,-140.000000,-130.000000,0,0,1.000000,no_data,0,0.000000,,,,,,,,,,,,,,,,,,,,,,,0,0,0,0,0.000000,0.000000,0.000000,0.000000,0.000000,0.000000,0.785398
15.000000,20.000000,-130.000000,-120.000000,0,0,1.000000,no_data,0,0.000000,,,,,,,,,,,,,,,,,,,,,,,0,0,0,0,0.000000,0.000000,0.000000,0.000000,0.000000,0.000000,0.785398
15.000000,20.000000,-120.000000,-110.000000,0,0,1.000000,no_data,0,0.000000,,,,,,,,,,,,,,,,,,,,,,,0,0,0,0,0.000000,0.000000,0.000000,0.000000,0.000000,0.000000,0.785398
15.000000,20.000000,-110.000000,-100.000000,0,0,1.000000,no_data,0,0.000000,,,,,,,,,,,,,,,,,,,,,,,0,0,0,0,0.000000,0.000000,0.000000,0.000000,0.000000,0.000000,0.785398
15.000000,20.000000,-100.000000,-90.000000,0,0,1.000000,no_data,0,0.000000,,,,,,,,,,,,,,,,,,,,,,,0,0,0,0,0.000000,0.000000,0.000000,0.000000,0.000000,0.000000,0.785398
15.000000,20.000000,-90.000000,-80.000000,0,0,1.000000,no_data,0,0.000000,,,,,,,,,,,,,,,,,,,,,,,0,0,0,0,0.000000,0.000000,0.000000,0.000000,0.000000,0.000000,0.785398
15.000000,20.000000,-80.000000,-70.000000,0,0,1.000000,no_data,0,0.000000,,,,,,,,,,,,,,,,,,,,,,,0,0,0,0,0.000000,0.000000,0.000000,0.000000,0.000000,0.000000,0.785398
15.000000,20.000000,-70.000000,-60.000000,0,0,1.000000,no_data,0,0.000000,,,,,,,,,,,,,,,,,,,,,,,0,0,0,0,0.000000,0.000000,0.000000,0.000000,0.000000,0.000000,0.785398
15.000000,20.000000,-60.000000,-50.000000,0,0,1.000000,no_data,0,0.000000,,,,,,,,,,,,,,,,,,,,,,,0,0,0,0,0.000000,0.000000,0.000000,0.000000,0.000000,0.000000,0.785398
15.000000,20.000000,-50.000000,-40.000000,0,0,1.000000,no_data,0,0.000000,,,,,,,,,,,,,,,,,,,,,,,0,0,0,0,0.000000,0.000000,0.000000,0.000000,0.000000,0.000000,0.785398
15.000000,20.000000,-40.000000,-30.000000,0,0,1.000000,no_data,0,0.000000,,,,,,,,,,,,,,,,,,,,,,,0,0,0,0,0.000000,0.000000,0.000000,0.000000,0.000000,0.000000,0.785398
15.000000,20.000000,-30.000000,-20.000000,20,0,0.000000,measured,15,0.007953,0.692491,0.150825,0.296341,0.161690,0.111360,0.044176,-0.122713,0.084431,0.087831,0.071610,0.020748,-0.087685,-0.186547,0.131015,0.133416,0.141835,0.116897,0.144255,0.086689,0.135612,0.226327,0.250672,15,0,0,0,1.919014,0.032062,4.373930,0.093166,1.578146,0.070731,0.098282
15.000000,20.000000,-20.000000,-10.000000,567,61,0.107584,measured,62,0.032874,0.711210,0.253704,0.289274,0.069778,-0.028349,0.057553,0.017850,-0.045743,0.046193,0.010936,0.008790,0.069827,-0.007519,0.076277,0.136592,0.032223,0.091188,0.126689,0.038617,0.089316,0.113038,0.041369,62,0,0,0,1.907264,0.015194,4.418111,0.068707,1.534896,0.076898,0.064534
15.000000,20.000000,-10.000000,0.000000,588,5,0.008503,measured,15,0.007953,0.898255,0.088147,0.382979,0.330499,-0.049910,0.020957,0.001976,-0.052574,0.014434,0.014913,-0.016138,0.008370,-0.003212,0.113063,0.062965,0.032585,0.111449,0.065458,0.033470,0.086255,0.165557,0.061655,15,0,0,0,1.948824,0.085656,4.504822,0.133299,1.590526,0.087724,0.070729
15.000000,20.000000,0.000000,10.000000,878,236,0.268793,measured,4,0.002121,0.894374,0.041295,0.431485,0.321758,-0.007696,-0.005826,-0.003017,-0.008086,-0.005666,0.009892,-0.009830,-0.023741,0.002078,0.103466,0.045525,0.023635,0.103743,0.044842,0.034404,0.069302,0.109369,0.038355,4,0,0,0,1.987769,0.064926,4.491479,0.234491,1.670418,0.189982,0.071690
15.000000,20.000000,10.000000,20.000000,0,0,1.000000,no_data,0,0.000000,,,,,,,,,,,,,,,,,,,,,,,0,0,0,0,0.000000,0.000000,0.000000,0.000000,0.000000,0.000000,0.785398
15.000000,20.000000,20.000000,30.000000,0,0,1.000000,no_data,0,0.000000,,,,,,,,,,,,,,,,,,,,,,,0,0,0,0,0.000000,0.000000,0.000000,0.000000,0.000000,0.000000,0.785398
15.000000,20.000000,30.000000,40.000000,0,0,1.000000,no_data,0,0.000000,,,,,,,,,,,,,,,,,,,,,,,0,0,0,0,0.000000,0.000000,0.000000,0.000000,0.000000,0.000000,0.785398
15.000000,20.000000,40.000000,50.000000,0,0,1.000000,no_data,0,0.000000,,,,,,,,,,,,,,,,,,,,,,,0,0,0,0,0.000000,0.000000,0.000000,0.000000,0.000000,0.000000,0.785398
15.000000,20.000000,50.000000,60.000000,0,0,1.000000,no_data,0,0.000000,,,,,,,,,,,,,,,,,,,,,,,0,0,0,0,0.000000,0.000000,0.000000,0.000000,0.000000,0.000000,0.785398
15.000000,20.000000,60.000000,70.000000,0,0,1.000000,no_data,0,0.000000,,,,,,,,,,,,,,,,,,,,,,,0,0,0,0,0.000000,0.000000,0.000000,0.000000,0.000000,0.000000,0.785398
15.000000,20.000000,70.000000,80.000000,0,0,1.000000,no_data,0,0.000000,,,,,,,,,,,,,,,,,,,,,,,0,0,0,0,0.000000,0.000000,0.000000,0.000000,0.000000,0.000000,0.785398
15.000000,20.000000,80.000000,90.000000,0,0,1.000000,no_data,0,0.000000,,,,,,,,,,,,,,,,,,,,,,,0,0,0,0,0.000000,0.000000,0.000000,0.000000,0.000000,0.000000,0.785398
15.000000,20.000000,90.000000,100.000000,0,0,1.000000,no_data,0,0.000000,,,,,,,,,,,,,,,,,,,,,,,0,0,0,0,0.000000,0.000000,0.000000,0.000000,0.000000,0.000000,0.785398
15.000000,20.000000,100.000000,110.000000,0,0,1.000000,no_data,0,0.000000,,,,,,,,,,,,,,,,,,,,,,,0,0,0,0,0.000000,0.000000,0.000000,0.000000,0.000000,0.000000,0.785398
15.000000,20.000000,110.000000,120.000000,0,0,1.000000,no_data,0,0.000000,,,,,,,,,,,,,,,,,,,,,,,0,0,0,0,0.000000,0.000000,0.000000,0.000000,0.000000,0.000000,0.785398
15.000000,20.000000,120.000000,130.000000,0,0,1.000000,no_data,0,0.000000,,,,,,,,,,,,,,,,,,,,,,,0,0,0,0,0.000000,0.000000,0.000000,0.000000,0.000000,0.000000,0.785398
15.000000,20.000000,130.000000,140.000000,0,0,1.000000,no_data,0,0.000000,,,,,,,,,,,,,,,,,,,,,,,0,0,0,0,0.000000,0.000000,0.000000,0.000000,0.000000,0.000000,0.785398
15.000000,20.000000,140.000000,150.000000,0,0,1.000000,no_data,0,0.000000,,,,,,,,,,,,,,,,,,,,,,,0,0,0,0,0.000000,0.000000,0.000000,0.000000,0.000000,0.000000,0.785398
15.000000,20.000000,150.000000,160.000000,0,0,1.000000,no_data,0,0.000000,,,,,,,,,,,,,,,,,,,,,,,0,0,0,0,0.000000,0.000000,0.000000,0.000000,0.000000,0.000000,0.785398
15.000000,20.000000,160.000000,170.000000,0,0,1.000000,no_data,0,0.000000,,,,,,,,,,,,,,,,,,,,,,,0,0,0,0,0.000000,0.000000,0.000000,0.000000,0.000000,0.000000,0.785398
15.000000,20.000000,170.000000,180.000000,0,0,1.000000,no_data,0,0.000000,,,,,,,,,,,,,,,,,,,,,,,0,0,0,0,0.000000,0.000000,0.000000,0.000000,0.000000,0.000000,0.785398
20.000000,25.000000,-180.000000,-170.000000,0,0,1.000000,no_data,0,0.000000,,,,,,,,,,,,,,,,,,,,,,,0,0,0,0,0.000000,0.000000,0.000000,0.000000,0.000000,0.000000,0.785398
20.000000,25.000000,-170.000000,-160.000000,0,0,1.000000,no_data,0,0.000000,,,,,,,,,,,,,,,,,,,,,,,0,0,0,0,0.000000,0.000000,0.000000,0.000000,0.000000,0.000000,0.785398
20.000000,25.000000,-160.000000,-150.000000,0,0,1.000000,no_data,0,0.000000,,,,,,,,,,,,,,,,,,,,,,,0,0,0,0,0.000000,0.000000,0.000000,0.000000,0.000000,0.000000,0.785398
20.000000,25.000000,-150.000000,-140.000000,0,0,1.000000,no_data,0,0.000000,,,,,,,,,,,,,,,,,,,,,,,0,0,0,0,0.000000,0.000000,0.000000,0.000000,0.000000,0.000000,0.785398
20.000000,25.000000,-140.000000,-130.000000,0,0,1.000000,no_data,0,0.000000,,,,,,,,,,,,,,,,,,,,,,,0,0,0,0,0.000000,0.000000,0.000000,0.000000,0.000000,0.000000,0.785398
20.000000,25.000000,-130.000000,-120.000000,0,0,1.000000,no_data,0,0.000000,,,,,,,,,,,,,,,,,,,,,,,0,0,0,0,0.000000,0.000000,0.000000,0.000000,0.000000,0.000000,0.785398
20.000000,25.000000,-120.000000,-110.000000,0,0,1.000000,no_data,0,0.000000,,,,,,,,,,,,,,,,,,,,,,,0,0,0,0,0.000000,0.000000,0.000000,0.000000,0.000000,0.000000,0.785398
20.000000,25.000000,-110.000000,-100.000000,0,0,1.000000,no_data,0,0.000000,,,,,,,,,,,,,,,,,,,,,,,0,0,0,0,0.000000,0.000000,0.000000,0.000000,0.000000,0.000000,0.785398
20.000000,25.000000,-100.000000,-90.000000,0,0,1.000000,no_data,0,0.000000,,,,,,,,,,,,,,,,,,,,,,,0,0,0,0,0.000000,0.000000,0.000000,0.000000,0.000000,0.000000,0.785398
20.000000,25.000000,-90.000000,-80.000000,0,0,1.000000,no_data,0,0.000000,,,,,,,,,,,,,,,,,,,,,,,0,0,0,0,0.000000,0.000000,0.000000,0.000000,0.000000,0.000000,0.785398
20.000000,25.000000,-80.000000,-70.000000,0,0,1.000000,no_data,0,0.000000,,,,,,,,,,,,,,,,,,,,,,,0,0,0,0,0.000000,0.000000,0.000000,0.000000,0.000000,0.000000,0.785398
20.000000,25.000000,-70.000000,-60.000000,0,0,1.000000,no_data,0,0.000000,,,,,,,,,,,,,,,,,,,,,,,0,0,0,0,0.000000,0.000000,0.000000,0.000000,0.000000,0.000000,0.785398
20.000000,25.000000,-60.000000,-50.000000,0,0,1.000000,no_data,0,0.000000,,,,,,,,,,,,,,,,,,,,,,,0,0,0,0,0.000000,0.000000,0.000000,0.000000,0.000000,0.000000,0.785398
20.000000,25.000000,-50.000000,-40.000000,0,0,1.000000,no_data,0,0.000000,,,,,,,,,,,,,,,,,,,,,,,0,0,0,0,0.000000,0.000000,0.000000,0.000000,0.000000,0.000000,0.785398
20.000000,25.000000,-40.000000,-30.000000,0,0,1.000000,no_data,0,0.000000,,,,,,,,,,,,,,,,,,,,,,,0,0,0,0,0.000000,0.000000,0.000000,0.000000,0.000000,0.000000,0.785398
20.000000,25.000000,-30.000000,-20.000000,36,0,0.000000,measured,1,0.000530,0.892588,0.033167,0.839045,0.000000,-0.019240,0.019259,-0.019676,-0.024667,0.010327,0.048842,0.010237,0.111661,-0.034876,0.094049,0.059673,0.063024,0.096430,0.055974,0.033778,0.127245,0.127875,0.137865,1,0,0,0,1.907009,0.000000,4.562252,0.000000,1.538203,0.000000,0.000000
20.000000,25.000000,-20.000000,-10.000000,939,10,0.010650,measured,12,0.006363,0.937042,0.016519,0.813459,0.290965,-0.008310,0.000990,-0.000898,-0.008244,-0.000621,0.018118,-0.028104,-0.018275,0.005499,0.079060,0.055101,0.034359,0.080497,0.052995,0.025337,0.099609,0.120240,0.065820,12,0,0,0,1.845588,0.021587,4.228198,0.054484,1.488978,0.011419,0.037898
20.000000,25.000000,-10.000000,0.000000,993,1,0.001007,measured,1,0.000530,0.953156,0.007631,0.950354,0.000000,-0.031847,0.012859,0.014211,-0.032858,0.010444,0.011000,-0.021856,-0.034314,-0.010026,0.079549,0.041758,0.023867,0.079077,0.042537,0.029875,0.094562,0.137918,0.039825,1,0,0,0,1.980046,0.000000,4.280427,0.000000,1.486953,0.000000,0.000000
20.000000,25.000000,0.000000,10.000000,936,22,0.023504,measured,1,0.000530,0.946911,0.068524,0.131538,0.000000,-0.046931,0.011504,0.008949,-0.046259,0.014005,0.013232,-0.011291,-0.034630,-0.013622,0.113712,0.045170,0.029797,0.113791,0.044956,0.035393,0.089377,0.220319,0.045941,1,0,0,0,2.334184,0.000000,5.994252,0.000000,2.833781,0.000000,0.000000
20.000000,25.000000,10.000000,20.000000,318,1,0.003145,measured,1,0.000530,0.959090,0.009251,0.950086,0.000000,-0.045681,-0.025999,0.025168,-0.049745,-0.017260,0.006971,-0.003611,-0.077620,-0.044976,0.047023,0.037152,0.018308,0.046647,0.037492,0.025445,0.070357,0.089523,0.033280,1,0,0,0,1.931151,0.000000,4.163434,0.000000,1.487103,0.000000,0.000000
20.000000,25.000000,20.000000,30.000000,0,0,1.000000,no_data,0,0.000000,,,,,,,,,,,,,,,,,,,,,,,0,0,0,0,0.000000,0.000000,0.000000,0.000000,0.000000,0.000000,0.785398
20.000000,25.000000,30.000000,40.000000,0,0,1.000000,no_data,0,0.000000,,,,,,,,,,,,,,,,,,,,,,,0,0,0,0,0.000000,0.000000,0.000000,0.000000,0.000000,0.000000,0.785398
20.000000,25.000000,40.000000,50.000000,0,0,1.000000,no_data,0,0.000000,,,,,,,,,,,,,,,,,,,,,,,0,0,0,0,0.000000,0.000000,0.000000,0.000000,0.000000,0.000000,0.785398
20.000000,25.000000,50.000000,60.000000,0,0,1.000000,no_data,0,0.000000,,,,,,,,,,,,,,,,,,,,,,,0,0,0,0,0.000000,0.000000,0.000000,0.000000,0.000000,0.000000,0.785398
20.000000,25.000000,60.000000,70.000000,0,0,1.000000,no_data,0,0.000000,,,,,,,,,,,,,,,,,,,,,,,0,0,0,0,0.000000,0.000000,0.000000,0.000000,0.000000,0.000000,0.785398
20.000000,25.000000,70.000000,80.000000,0,0,1.000000,no_data,0,0.000000,,,,,,,,,,,,,,,,,,,,,,,0,0,0,0,0.000000,0.000000,0.000000,0.000000,0.000000,0.000000,0.785398
20.000000,25.000000,80.000000,90.000000,0,0,1.000000,no_data,0,0.000000,,,,,,,,,,,,,,,,,,,,,,,0,0,0,0,0.000000,0.000000,0.000000,0.000000,0.000000,0.000000,0.785398
20.000000,25.000000,90.000000,100.000000,0,0,1.000000,no_data,0,0.000000,,,,,,,,,,,,,,,,,,,,,,,0,0,0,0,0.000000,0.000000,0.000000,0.000000,0.000000,0.000000,0.785398
20.000000,25.000000,100.000000,110.000000,0,0,1.000000,no_data,0,0.000000,,,,,,,,,,,,,,,,,,,,,,,0,0,0,0,0.000000,0.000000,0.000000,0.000000,0.000000,0.000000,0.785398
20.000000,25.000000,110.000000,120.000000,0,0,1.000000,no_data,0,0.000000,,,,,,,,,,,,,,,,,,,,,,,0,0,0,0,0.000000,0.000000,0.000000,0.000000,0.000000,0.000000,0.785398
20.000000,25.000000,120.000000,130.000000,0,0,1.000000,no_data,0,0.000000,,,,,,,,,,,,,,,,,,,,,,,0,0,0,0,0.000000,0.000000,0.000000,0.000000,0.000000,0.000000,0.785398
20.000000,25.000000,130.000000,140.000000,0,0,1.000000,no_data,0,0.000000,,,,,,,,,,,,,,,,,,,,,,,0,0,0,0,0.000000,0.000000,0.000000,0.000000,0.000000,0.000000,0.785398
20.000000,25.000000,140.000000,150.000000,0,0,1.000000,no_data,0,0.000000,,,,,,,,,,,,,,,,,,,,,,,0,0,0,0,0.000000,0.000000,0.000000,0.000000,0.000000,0.000000,0.785398
20.000000,25.000000,150.000000,160.000000,0,0,1.000000,no_data,0,0.000000,,,,,,,,,,,,,,,,,,,,,,,0,0,0,0,0.000000,0.000000,0.000000,0.000000,0.000000,0.000000,0.785398
20.000000,25.000000,160.000000,170.000000,0,0,1.000000,no_data,0,0.000000,,,,,,,,,,,,,,,,,,,,,,,0,0,0,0,0.000000,0.000000,0.000000,0.000000,0.000000,0.000000,0.785398
20.000000,25.000000,170.000000,180.000000,0,0,1.000000,no_data,0,0.000000,,,,,,,,,,,,,,,,,,,,,,,0,0,0,0,0.000000,0.000000,0.000000,0.000000,0.000000,0.000000,0.785398
25.000000,30.000000,-180.000000,-170.000000,0,0,1.000000,no_data,0,0.000000,,,,,,,,,,,,,,,,,,,,,,,0,0,0,0,0.000000,0.000000,0.000000,0.000000,0.000000,0.000000,0.785398
25.000000,30.000000,-170.000000,-160.000000,0,0,1.000000,no_data,0,0.000000,,,,,,,,,,,,,,,,,,,,,,,0,0,0,0,0.000000,0.000000,0.000000,0.000000,0.000000,0.000000,0.785398
25.000000,30.000000,-160.000000,-150.000000,0,0,1.000000,no_data,0,0.000000,,,,,,,,,,,,,,,,,,,,,,,0,0,0,0,0.000000,0.000000,0.000000,0.000000,0.000000,0.000000,0.785398
25.000000,30.000000,-150.000000,-140.000000,0,0,1.000000,no_data,0,0.000000,,,,,,,,,,,,,,,,,,,,,,,0,0,0,0,0.000000,0.000000,0.000000,0.000000,0.000000,0.000000,0.785398
25.000000,30.000000,-140.000000,-130.000000,0,0,1.000000,no_data,0,0.000000,,,,,,,,,,,,,,,,,,,,,,,0,0,0,0,0.000000,0.000000,0.000000,0.000000,0.000000,0.000000,0.785398
25.000000,30.000000,-130.000000,-120.000000,0,0,1.000000,no_data,0,0.000000,,,,,,,,,,,,,,,,,,,,,,,0,0,0,0,0.000000,0.000000,0.000000,0.000000,0.000000,0.000000,0.785398
25.000000,30.000000,-120.000000,-110.000000,0,0,1.000000,no_data,0,0.000000,,,,,,,,,,,,,,,,,,,,,,,0,0,0,0,0.000000,0.000000,0.000000,0.000000,0.000000,0.000000,0.785398
25.000000,30.000000,-110.000000,-100.000000,0,0,1.000000,no_data,0,0.000000,,,,,,,,,,,,,,,,,,,,,,,0,0,0,0,0.000000,0.000000,0.000000,0.000000,0.000000,0.000000,0.785398
25.000000,30.000000,-100.000000,-90.000000,0,0,1.000000,no_data,0,0.000000,,,,,,,,,,,,,,,,,,,,,,,0,0,0,0,0.000000,0.000000,0.000000,0.000000,0.000000,0.000000,0.785398
25.000000,30.000000,-90.000000,-80.000000,0,0,1.000000,no_data,0,0.000000,,,,,,,,,,,,,,,,,,,,,,,0,0,0,0,0.000000,0.000000,0.000000,0.000000,0.000000,0.000000,0.785398
25.000000,30.000000,-80.000000,-70.000000,0,0,1.000000,no_data,0,0.000000,,,,,,,,,,,,,,,,,,,,,,,0,0,0,0,0.000000,0.000000,0.000000,0.000000,0.000000,0.000000,0.785398
25.000000,30.000000,-70.000000,-60.000000,0,0,1.000000,no_data,0,0.000000,,,,,,,,,,,,,,,,,,,,,,,0,0,0,0,0.000000,0.000000,0.000000,0.000000,0.000000,0.000000,0.785398
25.000000,30.000000,-60.000000,-50.000000,0,0,1.000000,no_data,0,0.000000,,,,,,,,,,,,,,,,,,,,,,,0,0,0,0,0.000000,0.000000,0.000000,0.000000,0.000000,0.000000,0.785398
25.000000,30.000000,-50.000000,-40.000000,0,0,1.000000,no_data,0,0.000000,,,,,,,,,,,,,,,,,,,,,,,0,0,0,0,0.000000,0.000000,0.000000,0.000000,0.000000,0.000000,0.785398
25.000000,30.000000,-40.000000,-30.000000,0,0,1.000000,no_data,0,0.000000,,,,,,,,,,,,,,,,,,,,,,,0,0,0,0,0.000000,0.000000,0.000000,0.000000,0.000000,0.000000,0.785398
25.000000,30.000000,-30.000000,-20.000000,0,0,1.000000,no_data,0,0.000000,,,,,,,,,,,,,,,,,,,,,,,0,0,0,0,0.000000,0.000000,0.000000,0.000000,0.000000,0.000000,0.785398
25.000000,30.000000,-20.000000,-10.000000,105,0,0.000000,measured,0,0.000000,0.942281,0.014774,,,-0.011370,0.002271,0.004880,-0.010974,-0.000670,-0.004387,0.007256,-0.002525,0.012313,0.056038,0.054573,0.037568,0.056369,0.054355,0.034157,0.112444,0.111515,0.050270,0,0,0,0,0.000000,0.000000,0.000000,0.000000,0.000000,0.000000,0.785398
25.000000,30.000000,-10.000000,0.000000,91,0,0.000000,measured,1,0.000530,0.945634,0.011715,0.196709,0.000000,-0.024724,-0.002766,0.009257,-0.024257,-0.004869,0.001920,-0.024578,0.007847,-0.008644,0.061798,0.041991,0.036315,0.061298,0.042798,0.030575,0.090599,0.110545,0.055583,1,0,0,0,1.812513,0.000000,4.217284,0.000000,1.476872,0.000000,0.000000
25.000000,30.000000,0.000000,10.000000,70,8,0.114286,measured,0,0.000000,0.827097,0.281313,,,-0.173911,-0.000911,0.012972,-0.173828,0.006758,-0.000435,-0.106838,-0.512423,-0.046883,0.396479,0.109514,0.077439,0.398432,0.102103,0.052125,0.272334,1.364199,0.147869,0,0,0,0,0.000000,0.000000,0.000000,0.000000,0.000000,0.000000,0.785398
25.000000,30.000000,10.000000,20.000000,0,0,1.000000,no_data,0,0.000000,,,,,,,,,,,,,,,,,,,,,,,0,0,0,0,0.000000,0.000000,0.000000,0.000000,0.000000,0.000000,0.785398
25.000000,30.000000,20.000000,30.000000,0,0,1.000000,no_data,0,0.000000,,,,,,,,,,,,,,,,,,,,,,,0,0,0,0,0.000000,0.000000,0.000000,0.000000,0.000000,0.000000,0.785398
25.000000,30.000000,30.000000,40.000000,0,0,1.000000,no_data,0,0.000000,,,,,,,,,,,,,,,,,,,,,,,0,0,0,0,0.000000,0.000000,0.000000,0.000000,0.000000,0.000000,0.785398
25.000000,30.000000,40.000000,50.000000,0,0,1.000000,no_data,0,0.000000,,,,,,,,,,,,,,,,,,,,,,,0,0,0,0,0.000000,0.000000,0.000000,0.000000,0.000000,0.000000,0.785398
25.000000,30.000000,50.000000,60.000000,0,0,1.000000,no_data,0,0.000000,,,,,,,,,,,,,,,,,,,,,,,0,0,0,0,0.000000,0.000000,0.000000,0.000000,0.000000,0.000000,0.785398
25.000000,30.000000,60.000000,70.000000,0,0,1.000000,no_data,0,0.000000,,,,,,,,,,,,,,,,,,,,,,,0,0,0,0,0.000000,0.000000,0.000000,0.000000,0.000000,0.000000,0.785398
25.000000,30.000000,70.000000,80.000000,0,0,1.000000,no_data,0,0.000000,,,,,,,,,,,,,,,,,,,,,,,0,0,0,0,0.000000,0.000000,0.000000,0.000000,0.000000,0.000000,0.785398
25.000000,30.000000,80.000000,90.000000,0,0,1.000000,no_data,0,0.000000,,,,,,,,,,,,,,,,,,,,,,,0,0,0,0,0.000000,0.000000,0.000000,0.000000,0.000000,0.000000,0.785398
25.000000,30.000000,90.000000,100.000000,0,0,1.000000,no_data,0,0.000000,,,,,,,,,,,,,,,,,,,,,,,0,0,0,0,0.000000,0.000000,0.000000,0.000000,0.000000,0.000000,0.785398
25.000000,30.000000,100.000000,110.000000,0,0,1.000000,no_data,0,0.000000,,,,,,,,,,,,,,,,,,,,,,,0,0,0,0,0.000000,0.000000,0.000000,0.000000,0.000000,0.000000,0.785398
25.000000,30.000000,110.000000,120.000000,0,0,1.000000,no_data,0,0.000000,,,,,,,,,,,,,,,,,,,,,,,0,0,0,0,0.000000,0.000000,0.000000,0.000000,0.000000,0.000000,0.785398
25.000000,30.000000,120.000000,130.000000,0,0,1.000000,no_data,0,0.000000,,,,,,,,,,,,,,,,,,,,,,,0,0,0,0,0.000000,0.000000,0.000000,0.000000,0.000000,0.000000,0.785398
25.000000,30.000000,130.000000,140.000000,0,0,1.000000,no_data,0,0.000000,,,,,,,,,,,,,,,,,,,,,,,0,0,0,0,0.000000,0.000000,0.000000,0.000000,0.000000,0.000000,0.785398
25.000000,30.000000,140.000000,150.000000,0,0,1.000000,no_data,0,0.000000,,,,,,,,,,,,,,,,,,,,,,,0,0,0,0,0.000000,0.000000,0.000000,0.000000,0.000000,0.000000,0.785398
25.000000,30.000000,150.000000,160.000000,0,0,1.000000,no_data,0,0.000000,,,,,,,,,,,,,,,,,,,,,,,0,0,0,0,0.000000,0.000000,0.000000,0.000000,0.000000,0.000000,0.785398
25.000000,30.000000,160.000000,170.000000,0,0,1.000000,no_data,0,0.000000,,,,,,,,,,,,,,,,,,,,,,,0,0,0,0,0.000000,0.000000,0.000000,0.000000,0.000000,0.000000,0.785398
25.000000,30.000000,170.000000,180.000000,0,0,1.000000,no_data,0,0.000000,,,,,,,,,,,,,,,,,,,,,,,0,0,0,0,0.000000,0.000000,0.000000,0.000000,0.000000,0.000000,0.785398
30.000000,35.000000,-180.000000,-170.000000,0,0,1.000000,no_data,0,0.000000,,,,,,,,,,,,,,,,,,,,,,,0,0,0,0,0.000000,0.000000,0.000000,0.000000,0.000000,0.000000,0.785398
30.000000,35.000000,-170.000000,-160.000000,0,0,1.000000,no_data,0,0.000000,,,,,,,,,,,,,,,,,,,,,,,0,0,0,0,0.000000,0.000000,0.000000,0.000000,0.000000,0.000000,0.785398
30.000000,35.000000,-160.000000,-150.000000,0,0,1.000000,no_data,0,0.000000,,,,,,,,,,,,,,,,,,,,,,,0,0,0,0,0.000000,0.000000,0.000000,0.000000,0.000000,0.000000,0.785398
30.000000,35.000000,-150.000000,-140.000000,0,0,1.000000,no_data,0,0.000000,,,,,,,,,,,,,,,,,,,,,,,0,0,0,0,0.000000,0.000000,0.000000,0.000000,0.000000,0.000000,0.785398
30.000000,35.000000,-140.000000,-130.000000,0,0,1.000000,no_data,0,0.000000,,,,,,,,,,,,,,,,,,,,,,,0,0,0,0,0.000000,0.000000,0.000000,0.000000,0.000000,0.000000,0.785398
30.000000,35.000000,-130.000000,-120.000000,0,0,1.000000,no_data,0,0.000000,,,,,,,,,,,,,,,,,,,,,,,0,0,0,0,0.000000,0.000000,0.000000,0.000000,0.000000,0.000000,0.785398
30.000000,35.000000,-120.000000,-110.000000,0,0,1.000000,no_data,0,0.000000,,,,,,,,,,,,,,,,,,,,,,,0,0,0,0,0.000000,0.000000,0.000000,0.000000,0.000000,0.000000,0.785398
30.000000,35.000000,-110.000000,-100.000000,0,0,1.000000,no_data,0,0.000000,,,,,,,,,,,,,,,,,,,,,,,0,0,0,0,0.000000,0.000000,0.000000,0.000000,0.000000,0.000000,0.785398
30.000000,35.000000,-100.000000,-90.000000,0,0,1.000000,no_data,0,0.000000,,,,,,,,,,,,,,,,,,,,,,,0,0,0,0,0.000000,0.000000,0.000000,0.000000,0.000000,0.000000,0.785398
30.000000,35.000000,-90.000000,-80.000000,0,0,1.000000,no_data,0,0.000000,,,,,,,,,,,,,,,,,,,,,,,0,0,0,0,0.000000,0.000000,0.000000,0.000000,0.000000,0.000000,0.785398
30.000000,35.000000,-80.000000,-70.000000,0,0,1.000000,no_data,0,0.000000,,,,,,,,,,,,,,,,,,,,,,,0,0,0,0,0.000000,0.000000,0.000000,0.000000,0.000000,0.000000,0.785398
30.000000,35.000000,-70.000000,-60.000000,0,0,1.000000,no_data,0,0.000000,,,,,,,,,,,,,,,,,,,,,,,0,0,0,0,0.000000,0.000000,0.000000,0.000000,0.000000,0.000000,0.785398
30.000000,35.000000,-60.000000,-50.000000,0,0,1.000000,no_data,0,0.000000,,,,,,,,,,,,,,,,,,,,,,,0,0,0,0,0.000000,0.000000,0.000000,0.000000,0.000000,0.000000,0.785398
30.000000,35.000000,-50.000000,-40.000000,0,0,1.000000,no_data,0,0.000000,,,,,,,,,,,,,,,,,,,,,,,0,0,0,0,0.000000,0.000000,0.000000,0.000000,0.000000,0.000000,0.785398
30.000000,35.000000,-40.000000,-30.000000,0,0,1.000000,no_data,0,0.000000,,,,,,,,,,,,,,,,,,,,,,,0,0,0,0,0.000000,0.000000,0.000000,0.000000,0.000000,0.000000,0.785398
30.000000,35.000000,-30.000000,-20.000000,0,0,1.000000,no_data,1,0.000530,,,0.491343,0.000000,,,,,,,,,,,,,,,,,,,1,0,0,0,2.016128,0.000000,5.022161,0.000000,1.845413,0.000000,0.000000
30.000000,35.000000,-20.000000,-10.000000,71,0,0.000000,measured,0,0.000000,0.942241,0.017644,,,0.012299,-0.004081,-0.014506,0.012716,-0.000246,0.005434,0.025809,0.052037,0.023113,0.075082,0.068864,0.033979,0.076262,0.067600,0.054013,0.094692,0.143069,0.046022,0,0,0,0,0.000000,0.000000,0.000000,0.000000,0.000000,0.000000,0.785398
30.000000,35.000000,-10.000000,0.000000,115,0,0.000000,measured,0,0.000000,0.949910,0.012850,,,-0.011652,0.007899,-0.005475,-0.011915,0.006739,-0.001607,-0.016080,0.018136,0.000478,0.067856,0.039686,0.035367,0.067928,0.039699,0.033451,0.105146,0.126625,0.052615,0,0,0,0,0.000000,0.000000,0.000000,0.000000,0.000000,0.000000,0.785398
30.000000,35.000000,0.000000,10.000000,55,12,0.218182,measured,1,0.000530,0.854805,0.258549,0.959022,0.000000,-0.078781,0.021338,0.003557,-0.077919,0.024515,0.010538,-0.011336,-0.126945,-0.008020,0.157056,0.062419,0.056545,0.155731,0.065573,0.050283,0.096851,0.285636,0.056849,1,0,0,0,1.998319,0.000000,4.235275,0.000000,1.489838,0.000000,0.000000
30.000000,35.000000,10.000000,20.000000,3,1,0.333333,measured,0,0.000000,0.286790,0.006181,,,1.187733,0.119141,0.259667,1.160860,-0.290331,0.875327,-0.110368,-0.940398,-0.079672,0.594669,0.538917,0.013060,0.739107,0.301328,0.944862,0.012044,0.645632,0.090975,0,0,0,0,0.000000,0.000000,0.000000,0.000000,0.000000,0.000000,0.785398
30.000000,35.000000,20.000000,30.000000,2,2,1.000000,no_data,0,0.000000,,,,,,,,,,,,,,,,,,,,,,,0,0,0,0,0.000000,0.000000,0.000000,0.000000,0.000000,0.000000,0.785398
30.000000,35.000000,30.000000,40.000000,0,0,1.000000,no_data,0,0.000000,,,,,,,,,,,,,,,,,,,,,,,0,0,0,0,0.000000,0.000000,0.000000,0.000000,0.000000,0.000000,0.785398
30.000000,35.000000,40.000000,50.000000,0,0,1.000000,no_data,0,0.000000,,,,,,,,,,,,,,,,,,,,,,,0,0,0,0,0.000000,0.000000,0.000000,0.000000,0.000000,0.000000,0.785398
30.000000,35.000000,50.000000,60.000000,0,0,1.000000,no_data,0,0.000000,,,,,,,,,,,,,,,,,,,,,,,0,0,0,0,0.000000,0.000000,0.000000,0.000000,0.000000,0.000000,0.785398
30.000000,35.000000,60.000000,70.000000,0,0,1.000000,no_data,0,0.000000,,,,,,,,,,,,,,,,,,,,,,,0,0,0,0,0.000000,0.000000,0.000000,0.000000,0.000000,0.000000,0.785398
30.000000,35.000000,70.000000,80.000000,0,0,1.000000,no_data,0,0.000000,,,,,,,,,,,,,,,,,,,,,,,0,0,0,0,0.000000,0.000000,0.000000,0.000000,0.000000,0.000000,0.785398
30.000000,35.000000,80.000000,90.000000,0,0,1.000000,no_data,0,0.000000,,,,,,,,,,,,,,,,,,,,,,,0,0,0,0,0.000000,0.000000,0.000000,0.000000,0.000000,0.000000,0.785398
30.000000,35.000000,90.000000,100.000000,0,0,1.000000,no_data,0,0.000000,,,,,,,,,,,,,,,,,,,,,,,0,0,0,0,0.000000,0.000000,0.000000,0.000000,0.000000,0.000000,0.785398
30.000000,35.000000,100.000000,110.000000,0,0,1.000000,no_data,0,0.000000,,,,,,,,,,,,,,,,,,,,,,,0,0,0,0,0.000000,0.000000,0.000000,0.000000,0.000000,0.000000,0.785398
30.000000,35.000000,110.000000,120.000000,0,0,1.000000,no_data,0,0.000000,,,,,,,,,,,,,,,,,,,,,,,0,0,0,0,0.000000,0.000000,0.000000,0.000000,0.000000,0.000000,0.785398
30.000000,35.000000,120.000000,130.000000,0,0,1.000000,no_data,0,0.000000,,,,,,,,,,,,,,,,,,,,,,,0,0,0,0,0.000000,0.000000,0.000000,0.000000,0.000000,0.000000,0.785398
30.000000,35.000000,130.000000,140.000000,0,0,1.000000,no_data,0,0.000000,,,,,,,,,,,,,,,,,,,,,,,0,0,0,0,0.000000,0.000000,0.000000,0.000000,0.000000,0.000000,0.785398
30.000000,35.000000,140.000000,150.000000,0,0,1.000000,no_data,0,0.000000,,,,,,,,,,,,,,,,,,,,,,,0,0,0,0,0.000000,0.000000,0.000000,0.000000,0.000000,0.000000,0.785398
30.000000,35.000000,150.000000,160.000000,0,0,1.000000,no_data,0,0.000000,,,,,,,,,,,,,,,,,,,,,,,0,0,0,0,0.000000,0.000000,0.000000,0.000000,0.000000,0.000000,0.785398
30.000000,35.000000,160.000000,170.000000,0,0,1.000000,no_data,0,0.000000,,,,,,,,,,,,,,,,,,,,,,,0,0,0,0,0.000000,0.000000,0.000000,0.000000,0.000000,0.000000,0.785398
30.000000,35.000000,170.000000,180.000000,0,0,1.000000,no_data,0,0.000000,,,,,,,,,,,,,,,,,,,,,,,0,0,0,0,0.000000,0.000000,0.000000,0.000000,0.000000,0.000000,0.785398
35.000000,40.000000,-180.000000,-170.000000,0,0,1.000000,no_data,0,0.000000,,,,,,,,,,,,,,,,,,,,,,,0,0,0,0,0.000000,0.000000,0.000000,0.000000,0.000000,0.000000,0.785398
35.000000,40.000000,-170.000000,-160.000000,0,0,1.000000,no_data,0,0.000000,,,,,,,,,,,,,,,,,,,,,,,0,0,0,0,0.000000,0.000000,0.000000,0.000000,0.000000,0.000000,0.785398
35.000000,40.000000,-160.000000,-150.000000,0,0,1.000000,no_data,0,0.000000,,,,,,,,,,,,,,,,,,,,,,,0,0,0,0,0.000000,0.000000,0.000000,0.000000,0.000000,0.000000,0.785398
35.000000,40.000000,-150.000000,-140.000000,0,0,1.000000,no_data,0,0.000000,,,,,,,,,,,,,,,,,,,,,,,0,0,0,0,0.000000,0.000000,0.000000,0.000000,0.000000,0.000000,0.785398
35.000000,40.000000,-140.000000,-130.000000,0,0,1.000000,no_data,0,0.000000,,,,,,,,,,,,,,,,,,,,,,,0,0,0,0,0.000000,0.000000,0.000000,0.000000,0.000000,0.000000,0.785398
35.000000,40.000000,-130.000000,-120.000000,0,0,1.000000,no_data,0,0.000000,,,,,,,,,,,,,,,,,,,,,,,0,0,0,0,0.000000,0.000000,0.000000,0.000000,0.000000,0.000000,0.785398
35.000000,40.000000,-120.000000,-110.000000,0,0,1.000000,no_data,0,0.000000,,,,,,,,,,,,,,,,,,,,,,,0,0,0,0,0.000000,0.000000,0.000000,0.000000,0.000000,0.000000,0.785398
35.000000,40.000000,-110.000000,-100.000000,0,0,1.000000,no_data,0,0.000000,,,,,,,,,,,,,,,,,,,,,,,0,0,0,0,0.000000,0.000000,0.000000,0.000000,0.000000,0.000000,0.785398
35.000000,40.000000,-100.000000,-90.000000,0,0,1.000000,no_data,0,0.000000,,,,,,,,,,,,,,,,,,,,,,,0,0,0,0,0.000000,0.000000,0.000000,0.000000,0.000000,0.000000,0.785398
35.000000,40.000000,-90.000000,-80.000000,0,0,1.000000,no_data,0,0.000000,,,,,,,,,,,,,,,,,,,,,,,0,0,0,0,0.000000,0.000000,0.000000,0.000000,0.000000,0.000000,0.785398
35.000000,40.000000,-80.000000,-70.000000,0,0,1.000000,no_data,0,0.000000,,,,,,,,,,,,,,,,,,,,,,,0,0,0,0,0.000000,0.000000,0.000000,0.000000,0.000000,0.000000,0.785398
35.000000,40.000000,-70.000000,-60.000000,0,0,1.000000,no_data,0,0.000000,,,,,,,,,,,,,,,,,,,,,,,0,0,0,0,0.000000,0.000000,0.000000,0.000000,0.000000,0.000000,0.785398
35.000000,40.000000,-60.000000,-50.000000,0,0,1.000000,no_data,0,0.000000,,,,,,,,,,,,,,,,,,,,,,,0,0,0,0,0.000000,0.000000,0.000000,0.000000,0.000000,0.000000,0.785398
35.000000,40.000000,-50.000000,-40.000000,0,0,1.000000,no_data,0,0.000000,,,,,,,,,,,,,,,,,,,,,,,0,0,0,0,0.000000,0.000000,0.000000,0.000000,0.000000,0.000000,0.785398
35.000000,40.000000,-40.000000,-30.000000,0,0,1.000000,no_data,0,0.000000,,,,,,,,,,,,,,,,,,,,,,,0,0,0,0,0.000000,0.000000,0.000000,0.000000,0.000000,0.000000,0.785398
35.000000,40.000000,-30.000000,-20.000000,2,0,0.000000,measured,6,0.003181,0.781031,0.099622,0.327377,0.109690,-0.079099,0.122527,0.000149,-0.116604,0.087141,0.108192,0.089511,-0.100082,0.030341,0.106803,0.006793,0.009450,0.102800,0.031059,0.074470,0.011207,0.007533,0.002919,6,0,0,0,1.950326,0.036505,4.696008,0.065615,1.603105,0.050745,0.183792
35.000000,40.000000,-20.000000,-10.000000,73,0,0.000000,measured,0,0.000000,0.913803,0.068194,,,-0.006395,0.005457,-0.009000,-0.007768,0.003241,0.027277,0.056079,0.007899,0.006861,0.052474,0.054043,0.045382,0.056169,0.050190,0.035121,0.084340,0.115623,0.058866,0,0,0,0,0.000000,0.000000,0.000000,0.000000,0.000000,0.000000,0.785398
35.000000,40.000000,-10.000000,0.000000,110,0,0.000000,measured,0,0.000000,0.948137,0.012042,,,-0.014198,0.006019,0.008252,-0.014481,0.005172,-0.004349,0.001315,0.003408,-0.006137,0.060492,0.038582,0.036064,0.060256,0.038967,0.034712,0.103677,0.105642,0.046871,0,0,0,0,0.000000,0.000000,0.000000,0.000000,0.000000,0.000000,0.785398
35.000000,40.000000,0.000000,10.000000,54,12,0.222222,measured,0,0.000000,0.801085,0.297323,,,-0.069834,0.003956,0.023970,-0.071141,0.005488,0.000040,-0.019312,-0.181729,-0.016991,0.253349,0.110802,0.072795,0.249213,0.118984,0.055036,0.130056,0.478270,0.058385,0,0,0,0,0.000000,0.000000,0.000000,0.000000,0.000000,0.000000,0.785398
35.000000,40.000000,10.000000,20.000000,34,16,0.470588,measured,13,0.006893,0.620395,0.295569,0.362095,0.219604,0.167714,-0.171595,0.020458,0.115279,-0.212423,-0.013419,-0.069174,-0.529539,-0.062850,0.206329,0.202156,0.040602,0.162994,0.236711,1.047144,0.155107,0.483669,0.095171,13,0,0,0,1.999867,0.112275,4.850890,0.211268,1.888612,0.384904,1.408159
35.000000,40.000000,20.000000,30.000000,5,5,1.000000,no_data,1,0.000530,,,0.292133,0.000000,,,,,,,,,,,,,,,,,,,1,0,0,0,1.857015,0.000000,4.513055,0.000000,1.556274,0.000000,0.000000
35.000000,40.000000,30.000000,40.000000,0,0,1.000000,no_data,0,0.000000,,,,,,,,,,,,,,,,,,,,,,,0,0,0,0,0.000000,0.000000,0.000000,0.000000,0.000000,0.000000,0.785398
35.000000,40.000000,40.000000,50.000000,0,0,1.000000,no_data,0,0.000000,,,,,,,,,,,,,,,,,,,,,,,0,0,0,0,0.000000,0.000000,0.000000,0.000000,0.000000,0.000000,0.785398
35.000000,40.000000,50.000000,60.000000,0,0,1.000000,no_data,0,0.000000,,,,,,,,,,,,,,,,,,,,,,,0,0,0,0,0.000000,0.000000,0.000000,0.000000,0.000000,0.000000,0.785398
35.000000,40.000000,60.000000,70.000000,0,0,1.000000,no_data,0,0.000000,,,,,,,,,,,,,,,,,,,,,,,0,0,0,0,0.000000,0.000000,0.000000,0.000000,0.000000,0.000000,0.785398
35.000000,40.000000,70.000000,80.000000,0,0,1.000000,no_data,0,0.000000,,,,,,,,,,,,,,,,,,,,,,,0,0,0,0,0.000000,0.000000,0.000000,0.000000,0.000000,0.000000,0.785398
35.000000,40.000000,80.000000,90.000000,0,0,1.000000,no_data,0,0.000000,,,,,,,,,,,,,,,,,,,,,,,0,0,0,0,0.000000,0.000000,0.000000,0.000000,0.000000,0.000000,0.785398
35.000000,40.000000,90.000000,100.000000,0,0,1.000000,no_data,0,0.000000,,,,,,,,,,,,,,,,,,,,,,,0,0,0,0,0.000000,0.000000,0.000000,0.000000,0.000000,0.000000,0.785398
35.000000,40.000000,100.000000,110.000000,0,0,1.000000,no_data,0,0.000000,,,,,,,,,,,,,,,,,,,,,,,0,0,0,0,0.000000,0.000000,0.000000,0.000000,0.000000,0.000000,0.785398
35.000000,40.000000,110.000000,120.000000,0,0,1.000000,no_data,0,0.000000,,,,,,,,,,,,,,,,,,,,,,,0,0,0,0,0.000000,0.000000,0.000000,0.000000,0.000000,0.000000,0.785398
35.000000,40.000000,120.000000,130.000000,0,0,1.000000,no_data,0,0.000000,,,,,,,,,,,,,,,,,,,,,,,0,0,0,0,0.000000,0.000000,0.000000,0.000000,0.000000,0.000000,0.785398
35.000000,40.000000,130.000000,140.000000,0,0,1.000000,no_data,0,0.000000,,,,,,,,,,,,,,,,,,,,,,,0,0,0,0,0.000000,0.000000,0.000000,0.000000,0.000000,0.000000,0.785398
35.000000,40.000000,140.000000,150.000000,0,0,1.000000,no_data,0,0.000000,,,,,,,,,,,,,,,,,,,,,,,0,0,0,0,0.000000,0.000000,0.000000,0.000000,0.000000,0.000000,0.785398
35.000000,40.000000,150.000000,160.000000,0,0,1.000000,no_data,0,0.000000,,,,,,,,,,,,,,,,,,,,,,,0,0,0,0,0.000000,0.000000,0.000000,0.000000,0.000000,0.000000,0.785398
35.000000,40.000000,160.000000,170.000000,0,0,1.000000,no_data,0,0.000000,,,,,,,,,,,,,,,,,,,,,,,0,0,0,0,0.000000,0.000000,0.000000,0.000000,0.000000,0.000000,0.785398
35.000000,40.000000,170.000000,180.000000,0,0,1.000000,no_data,0,0.000000,,,,,,,,,,,,,,,,,,,,,,,0,0,0,0,0.000000,0.000000,0.000000,0.000000,0.000000,0.000000,0.785398
40.000000,45.000000,-180.000000,-170.000000,0,0,1.000000,no_data,0,0.000000,,,,,,,,,,,,,,,,,,,,,,,0,0,0,0,0.000000,0.000000,0.000000,0.000000,0.000000,0.000000,0.785398
40.000000,45.000000,-170.000000,-160.000000,0,0,1.000000,no_data,0,0.000000,,,,,,,,,,,,,,,,,,,,,,,0,0,0,0,0.000000,0.000000,0.000000,0.000000,0.000000,0.000000,0.785398
40.000000,45.000000,-160.000000,-150.000000,0,0,1.000000,no_data,0,0.000000,,,,,,,,,,,,,,,,,,,,,,,0,0,0,0,0.000000,0.000000,0.000000,0.000000,0.000000,0.000000,0.785398
40.000000,45.000000,-150.000000,-140.000000,0,0,1.000000,no_data,0,0.000000,,,,,,,,,,,,,,,,,,,,,,,0,0,0,0,0.000000,0.000000,0.000000,0.000000,0.000000,0.000000,0.785398
40.000000,45.000000,-140.000000,-130.000000,0,0,1.000000,no_data,0,0.000000,,,,,,,,,,,,,,,,,,,,,,,0,0,0,0,0.000000,0.000000,0.000000,0.000000,0.000000,0.000000,0.785398
40.000000,45.000000,-130.000000,-120.000000,0,0,1.000000,no_data,0,0.000000,,,,,,,,,,,,,,,,,,,,,,,0,0,0,0,0.000000,0.000000,0.000000,0.000000,0.000000,0.000000,0.785398
40.000000,45.000000,-120.000000,-110.000000,0,0,1.000000,no_data,0,0.000000,,,,,,,,,,,,,,,,,,,,,,,0,0,0,0,0.000000,0.000000,0.000000,0.000000,0.000000,0.000000,0.785398
40.000000,45.000000,-110.000000,-100.000000,0,0,1.000000,no_data,0,0.000000,,,,,,,,,,,,,,,,,,,,,,,0,0,0,0,0.000000,0.000000,0.000000,0.000000,0.000000,0.000000,0.785398
40.000000,45.000000,-100.000000,-90.000000,0,0,1.000000,no_data,0,0.000000,,,,,,,,,,,,,,,,,,,,,,,0,0,0,0,0.000000,0.000000,0.000000,0.000000,0.000000,0.000000,0.785398
40.000000,45.000000,-90.000000,-80.000000,0,0,1.000000,no_data,0,0.000000,,,,,,,,,,,,,,,,,,,,,,,0,0,0,0,0.000000,0.000000,0.000000,0.000000,0.000000,0.000000,0.785398
40.000000,45.000000,-80.000000,-70.000000,0,0,1.000000,no_data,0,0.000000,,,,,,,,,,,,,,,,,,,,,,,0,0,0,0,0.000000,0.000000,0.000000,0.000000,0.000000,0.000000,0.785398
40.000000,45.000000,-70.000000,-60.000000,0,0,1.000000,no_data,0,0.000000,,,,,,,,,,,,,,,,,,,,,,,0,0,0,0,0.000000,0.000000,0.000000,0.000000,0.000000,0.000000,0.785398
40.000000,45.000000,-60.000000,-50.000000,0,0,1.000000,no_data,0,0.000000,,,,,,,,,,,,,,,,,,,,,,,0,0,0,0,0.000000,0.000000,0.000000,0.000000,0.000000,0.000000,0.785398
40.000000,45.000000,-50.000000,-40.000000,0,0,1.000000,no_data,0,0.000000,,,,,,,,,,,,,,,,,,,,,,,0,0,0,0,0.000000,0.000000,0.000000,0.000000,0.000000,0.000000,0.785398
40.000000,45.000000,-40.000000,-30.000000,0,0,1.000000,no_data,0,0.000000,,,,,,,,,,,,,,,,,,,,,,,0,0,0,0,0.000000,0.000000,0.000000,0.000000,0.000000,0.000000,0.785398
40.000000,45.000000,-30.000000,-20.000000,61,6,0.098361,measured,1,0.000530,0.551443,0.124524,0.422636,0.000000,-0.156391,0.002526,-0.007413,-0.145339,-0.056210,-0.004071,-0.017394,-0.049227,0.008890,0.210788,0.129394,0.073546,0.179468,0.170726,0.367049,0.122858,0.226114,0.101800,1,0,0,0,1.874621,0.000000,4.499350,0.000000,1.521406,0.000000,0.000000
40.000000,45.000000,-20.000000,-10.000000,40,11,0.275000,measured,0,0.000000,0.764830,0.132278,,,-0.030909,0.017451,0.001815,-0.035553,0.007666,0.127027,-0.003742,-0.019888,0.008003,0.041265,0.061582,0.042210,0.044029,0.059107,0.570460,0.107417,0.127501,0.052717,0,0,0,0,0.000000,0.000000,0.000000,0.000000,0.000000,0.000000,0.785398
40.000000,45.000000,-10.000000,0.000000,163,17,0.104294,measured,2,0.001060,0.887967,0.167472,0.146137,0.036850,-0.013900,-0.015540,0.013747,-0.013172,-0.016348,0.122600,-0.018343,-0.011154,-0.004822,0.084117,0.088906,0.040656,0.086288,0.086765,0.621201,0.118586,0.145502,0.062739,2,0,0,0,1.854587,0.005773,4.477533,0.067638,1.543464,0.001744,0.203445
40.000000,45.000000,0.000000,10.000000,133,35,0.263158,measured,1,0.000530,0.804170,0.257453,0.133169,0.000000,-0.047626,0.007320,0.022242,-0.047399,0.009704,-0.007812,-0.025233,-0.070452,-0.003856,0.105779,0.084657,0.056878,0.104772,0.085789,0.047974,0.126571,0.211875,0.065964,1,0,0,0,2.050835,0.000000,5.297311,0.000000,2.264704,0.000000,0.000000
40.000000,45.000000,10.000000,20.000000,62,9,0.145161,measured,10,0.005302,0.813098,0.141507,0.423782,0.159061,-0.015305,-0.063146,0.008073,-0.032253,-0.057856,-0.008387,-0.014062,-0.145255,0.004257,0.071389,0.111841,0.059056,0.067993,0.113208,0.048093,0.117669,0.199191,0.099593,10,0,0,0,1.865900,0.012023,4.617161,0.065585,1.549943,0.028979,1.953255
40.000000,45.000000,20.000000,30.000000,1,1,1.000000,no_data,1,0.000530,,,0.290568,0.000000,,,,,,,,,,,,,,,,,,,1,0,0,0,1.880355,0.000000,4.523328,0.000000,1.589845,0.000000,0.000000
40.000000,45.000000,30.000000,40.000000,0,0,1.000000,no_data,0,0.000000,,,,,,,,,,,,,,,,,,,,,,,0,0,0,0,0.000000,0.000000,0.000000,0.000000,0.000000,0.000000,0.785398
40.000000,45.000000,40.000000,50.000000,0,0,1.000000,no_data,0,0.000000,,,,,,,,,,,,,,,,,,,,,,,0,0,0,0,0.000000,0.000000,0.000000,0.000000,0.000000,0.000000,0.785398
40.000000,45.000000,50.000000,60.000000,0,0,1.000000,no_data,0,0.000000,,,,,,,,,,,,,,,,,,,,,,,0,0,0,0,0.000000,0.000000,0.000000,0.000000,0.000000,0.000000,0.785398
40.000000,45.000000,60.000000,70.000000,0,0,1.000000,no_data,0,0.000000,,,,,,,,,,,,,,,,,,,,,,,0,0,0,0,0.000000,0.000000,0.000000,0.000000,0.000000,0.000000,0.785398
40.000000,45.000000,70.000000,80.000000,0,0,1.000000,no_data,0,0.000000,,,,,,,,,,,,,,,,,,,,,,,0,0,0,0,0.000000,0.000000,0.000000,0.000000,0.000000,0.000000,0.785398
40.000000,45.000000,80.000000,90.000000,0,0,1.000000,no_data,0,0.000000,,,,,,,,,,,,,,,,,,,,,,,0,0,0,0,0.000000,0.000000,0.000000,0.000000,0.000000,0.000000,0.785398
40.000000,45.000000,90.000000,100.000000,0,0,1.000000,no_data,0,0.000000,,,,,,,,,,,,,,,,,,,,,,,0,0,0,0,0.000000,0.000000,0.000000,0.000000,0.000000,0.000000,0.785398
40.000000,45.000000,100.000000,110.000000,0,0,1.000000,no_data,0,0.000000,,,,,,,,,,,,,,,,,,,,,,,0,0,0,0,0.000000,0.000000,0.000000,0.000000,0.000000,0.000000,0.785398
40.000000,45.000000,110.000000,120.000000,0,0,1.000000,no_data,0,0.000000,,,,,,,,,,,,,,,,,,,,,,,0,0,0,0,0.000000,0.000000,0.000000,0.000000,0.000000,0.000000,0.785398
40.000000,45.000000,120.000000,130.000000,0,0,1.000000,no_data,0,0.000000,,,,,,,,,,,,,,,,,,,,,,,0,0,0,0,0.000000,0.000000,0.000000,0.000000,0.000000,0.000000,0.785398
40.000000,45.000000,130.000000,140.000000,0,0,1.000000,no_data,0,0.000000,,,,,,,,,,,,,,,,,,,,,,,0,0,0,0,0.000000,0.000000,0.000000,0.000000,0.000000,0.000000,0.785398
40.000000,45.000000,140.000000,150.000000,0,0,1.000000,no_data,0,0.000000,,,,,,,,,,,,,,,,,,,,,,,0,0,0,0,0.000000,0.000000,0.000000,0.000000,0.000000,0.000000,0.785398
40.000000,45.000000,150.000000,160.000000,0,0,1.000000,no_data,0,0.000000,,,,,,,,,,,,,,,,,,,,,,,0,0,0,0,0.000000,0.000000,0.000000,0.000000,0.000000,0.000000,0.785398
40.000000,45.000000,160.000000,170.000000,0,0,1.000000,no_data,0,0.000000,,,,,,,,,,,,,,,,,,,,,,,0,0,0,0,0.000000,0.000000,0.000000,0.000000,0.000000,0.000000,0.785398
40.000000,45.000000,170.000000,180.000000,0,0,1.000000,no_data,0,0.000000,,,,,,,,,,,,,,,,,,,,,,,0,0,0,0,0.000000,0.000000,0.000000,0.000000,0.000000,0.000000,0.785398
45.000000,50.000000,-180.000000,-170.000000,0,0,1.000000,no_data,0,0.000000,,,,,,,,,,,,,,,,,,,,,,,0,0,0,0,0.000000,0.000000,0.000000,0.000000,0.000000,0.000000,0.785398
45.000000,50.000000,-170.000000,-160.000000,0,0,1.000000,no_data,0,0.000000,,,,,,,,,,,,,,,,,,,,,,,0,0,0,0,0.000000,0.000000,0.000000,0.000000,0.000000,0.000000,0.785398
45.000000,50.000000,-160.000000,-150.000000,0,0,1.000000,no_data,0,0.000000,,,,,,,,,,,,,,,,,,,,,,,0,0,0,0,0.000000,0.000000,0.000000,0.000000,0.000000,0.000000,0.785398
45.000000,50.000000,-150.000000,-140.000000,0,0,1.000000,no_data,0,0.000000,,,,,,,,,,,,,,,,,,,,,,,0,0,0,0,0.000000,0.000000,0.000000,0.000000,0.000000,0.000000,0.785398
45.000000,50.000000,-140.000000,-130.000000,0,0,1.000000,no_data,0,0.000000,,,,,,,,,,,,,,,,,,,,,,,0,0,0,0,0.000000,0.000000,0.000000,0.000000,0.000000,0.000000,0.785398
45.000000,50.000000,-130.000000,-120.000000,0,0,1.000000,no_data,0,0.000000,,,,,,,,,,,,,,,,,,,,,,,0,0,0,0,0.000000,0.000000,0.000000,0.000000,0.000000,0.000000,0.785398
45.000000,50.000000,-120.000000,-110.000000,0,0,1.000000,no_data,0,0.000000,,,,,,,,,,,,,,,,,,,,,,,0,0,0,0,0.000000,0.000000,0.000000,0.000000,0.000000,0.000000,0.785398
45.000000,50.000000,-110.000000,-100.000000,0,0,1.000000,no_data,0,0.000000,,,,,,,,,,,,,,,,,,,,,,,0,0,0,0,0.000000,0.000000,0.000000,0.000000,0.000000,0.000000,0.785398
45.000000,50.000000,-100.000000,-90.000000,0,0,1.000000,no_data,0,0.000000,,,,,,,,,,,,,,,,,,,,,,,0,0,0,0,0.000000,0.000000,0.000000,0.000000,0.000000,0.000000,0.785398
45.000000,50.000000,-90.000000,-80.000000,0,0,1.000000,no_data,0,0.000000,,,,,,,,,,,,,,,,,,,,,,,0,0,0,0,0.000000,0.000000,0.000000,0.000000,0.000000,0.000000,0.785398
45.000000,50.000000,-80.000000,-70.000000,0,0,1.000000,no_data,0,0.000000,,,,,,,,,,,,,,,,,,,,,,,0,0,0,0,0.000000,0.000000,0.000000,0.000000,0.000000,0.000000,0.785398
45.000000,50.000000,-70.000000,-60.000000,0,0,1.000000,no_data,0,0.000000,,,,,,,,,,,,,,,,,,,,,,,0,0,0,0,0.000000,0.000000,0.000000,0.000000,0.000000,0.000000,0.785398
45.000000,50.000000,-60.000000,-50.000000,0,0,1.000000,no_data,0,0.000000,,,,,,,,,,,,,,,,,,,,,,,0,0,0,0,0.000000,0.000000,0.000000,0.000000,0.000000,0.000000,0.785398
45.000000,50.000000,-50.000000,-40.000000,0,0,1.000000,no_data,0,0.000000,,,,,,,,,,,,,,,,,,,,,,,0,0,0,0,0.000000,0.000000,0.000000,0.000000,0.000000,0.000000,0.785398
45.000000,50.000000,-40.000000,-30.000000,0,0,1.000000,no_data,0,0.000000,,,,,,,,,,,,,,,,,,,,,,,0,0,0,0,0.000000,0.000000,0.000000,0.000000,0.000000,0.000000,0.785398
45.000000,50.000000,-30.000000,-20.000000,82,41,0.500000,measured,1,0.000530,0.677156,0.181825,0.322823,0.000000,-0.120717,0.044912,-0.003552,-0.127883,-0.003643,0.106214,0.004161,-0.089095,-0.000454,0.232173,0.171459,0.103025,0.208713,0.199909,1.350945,0.108849,0.276450,0.171479,1,0,0,0,1.903042,0.000000,4.468330,0.000000,1.566592,0.000000,0.000000
45.000000,50.000000,-20.000000,-10.000000,198,61,0.308081,measured,0,0.000000,0.862190,0.160464,,,-0.015681,0.009481,0.009327,-0.018853,0.004616,-0.048518,0.011671,0.000859,0.010643,0.065853,0.115915,0.044936,0.074807,0.110163,0.845108,0.111285,0.206896,0.059381,0,0,0,0,0.000000,0.000000,0.000000,0.000000,0.000000,0.000000,0.785398
45.000000,50.000000,-10.000000,0.000000,276,30,0.108696,measured,1,0.000530,0.889469,0.162499,0.388033,0.000000,-0.020818,-0.008125,0.012924,-0.020582,-0.008748,0.037314,0.006254,0.015899,0.003920,0.075821,0.076066,0.044671,0.077638,0.074205,0.484654,0.105815,0.140146,0.060082,1,0,0,0,1.995583,0.000000,4.375624,0.000000,1.694531,0.000000,0.000000
45.000000,50.000000,0.000000,10.000000,237,39,0.164557,measured,2,0.001060,0.896351,0.133220,0.585625,0.341734,-0.037307,-0.002698,0.013085,-0.037186,-0.000791,-0.005454,-0.022718,-0.026637,-0.013593,0.144502,0.071847,0.038557,0.144627,0.071704,0.042573,0.111235,0.259398,0.055361,2,0,0,0,1.949728,0.033229,4.652880,0.304930,1.617982,0.093502,1.062641
45.000000,50.000000,10.000000,20.000000,64,19,0.296875,measured,1,0.000530,0.765872,0.198790,0.313312,0.000000,0.048162,0.005624,-0.017003,0.045907,-0.011278,-0.002637,-0.016311,-0.092257,-0.114424,0.202433,0.111054,0.120207,0.190787,0.130496,0.048008,0.114738,0.345363,0.224578,1,0,0,0,1.961496,0.000000,4.447394,0.000000,1.583151,0.000000,0.000000
45.000000,50.000000,20.000000,30.000000,0,0,1.000000,no_data,0,0.000000,,,,,,,,,,,,,,,,,,,,,,,0,0,0,0,0.000000,0.000000,0.000000,0.000000,0.000000,0.000000,0.785398
45.000000,50.000000,30.000000,40.000000,0,0,1.000000,no_data,0,0.000000,,,,,,,,,,,,,,,,,,,,,,,0,0,0,0,0.000000,0.000000,0.000000,0.000000,0.000000,0.000000,0.785398
45.000000,50.000000,40.000000,50.000000,0,0,1.000000,no_data,0,0.000000,,,,,,,,,,,,,,,,,,,,,,,0,0,0,0,0.000000,0.000000,0.000000,0.000000,0.000000,0.000000,0.785398
45.000000,50.000000,50.000000,60.000000,0,0,1.000000,no_data,0,0.000000,,,,,,,,,,,,,,,,,,,,,,,0,0,0,0,0.000000,0.000000,0.000000,0.000000,0.000000,0.000000,0.785398
45.000000,50.000000,60.000000,70.000000,0,0,1.000000,no_data,0,0.000000,,,,,,,,,,,,,,,,,,,,,,,0,0,0,0,0.000000,0.000000,0.000000,0.000000,0.000000,0.000000,0.785398
45.000000,50.000000,70.000000,80.000000,0,0,1.000000,no_data,0,0.000000,,,,,,,,,,,,,,,,,,,,,,,0,0,0,0,0.000000,0.000000,0.000000,0.000000,0.000000,0.000000,0.785398
45.000000,50.000000,80.000000,90.000000,0,0,1.000000,no_data,0,0.000000,,,,,,,,,,,,,,,,,,,,,,,0,0,0,0,0.000000,0.000000,0.000000,0.000000,0.000000,0.000000,0.785398
45.000000,50.000000,90.000000,100.000000,0,0,1.000000,no_data,0,0.000000,,,,,,,,,,,,,,,,,,,,,,,0,0,0,0,0.000000,0.000000,0.000000,0.000000,0.000000,0.000000,0.785398
45.000000,50.000000,100.000000,110.000000,0,0,1.000000,no_data,0,0.000000,,,,,,,,,,,,,,,,,,,,,,,0,0,0,0,0.000000,0.000000,0.000000,0.000000,0.000000,0.000000,0.785398
45.000000,50.000000,110.000000,120.000000,0,0,1.000000,no_data,0,0.000000,,,,,,,,,,,,,,,,,,,,,,,0,0,0,0,0.000000,0.000000,0.000000,0.000000,0.000000,0.000000,0.785398
45.000000,50.000000,120.000000,130.000000,0,0,1.000000,no_data,0,0.000000,,,,,,,,,,,,,,,,,,,,,,,0,0,0,0,0.000000,0.000000,0.000000,0.000000,0.000000,0.000000,0.785398
45.000000,50.000000,130.000000,140.000000,0,0,1.000000,no_data,0,0.000000,,,,,,,,,,,,,,,,,,,,,,,0,0,0,0,0.000000,0.000000,0.000000,0.000000,0.000000,0.000000,0.785398
45.000000,50.000000,140.000000,150.000000,0,0,1.000000,no_data,0,0.000000,,,,,,,,,,,,,,,,,,,,,,,0,0,0,0,0.000000,0.000000,0.000000,0.000000,0.000000,0.000000,0.785398
45.000000,50.000000,150.000000,160.000000,0,0,1.000000,no_data,0,0.000000,,,,,,,,,,,,,,,,,,,,,,,0,0,0,0,0.000000,0.000000,0.000000,0.000000,0.000000,0.000000,0.785398
45.000000,50.000000,160.000000,170.000000,0,0,1.000000,no_data,0,0.000000,,,,,,,,,,,,,,,,,,,,,,,0,0,0,0,0.000000,0.000000,0.000000,0.000000,0.000000,0.000000,0.785398
45.000000,50.000000,170.000000,180.000000,0,0,1.000000,no_data,0,0.000000,,,,,,,,,,,,,,,,,,,,,,,0,0,0,0,0.000000,0.000000,0.000000,0.000000,0.000000,0.000000,0.785398
50.000000,55.000000,-180.000000,-170.000000,0,0,1.000000,no_data,0,0.000000,,,,,,,,,,,,,,,,,,,,,,,0,0,0,0,0.000000,0.000000,0.000000,0.000000,0.000000,0.000000,0.785398
50.000000,55.000000,-170.000000,-160.000000,0,0,1.000000,no_data,0,0.000000,,,,,,,,,,,,,,,,,,,,,,,0,0,0,0,0.000000,0.000000,0.000000,0.000000,0.000000,0.000000,0.785398
50.000000,55.000000,-160.000000,-150.000000,0,0,1.000000,no_data,0,0.000000,,,,,,,,,,,,,,,,,,,,,,,0,0,0,0,0.000000,0.000000,0.000000,0.000000,0.000000,0.000000,0.785398
50.000000,55.000000,-150.000000,-140.000000,0,0,1.000000,no_data,0,0.000000,,,,,,,,,,,,,,,,,,,,,,,0,0,0,0,0.000000,0.000000,0.000000,0.000000,0.000000,0.000000,0.785398
50.000000,55.000000,-140.000000,-130.000000,0,0,1.000000,no_data,0,0.000000,,,,,,,,,,,,,,,,,,,,,,,0,0,0,0,0.000000,0.000000,0.000000,0.000000,0.000000,0.000000,0.785398
50.000000,55.000000,-130.000000,-120.000000,0,0,1.000000,no_data,0,0.000000,,,,,,,,,,,,,,,,,,,,,,,0,0,0,0,0.000000,0.000000,0.000000,0.000000,0.000000,0.000000,0.785398
50.000000,55.000000,-120.000000,-110.000000,0,0,1.000000,no_data,0,0.000000,,,,,,,,,,,,,,,,,,,,,,,0,0,0,0,0.000000,0.000000,0.000000,0.000000,0.000000,0.000000,0.785398
50.000000,55.000000,-110.000000,-100.000000,0,0,1.000000,no_data,0,0.000000,,,,,,,,,,,,,,,,,,,,,,,0,0,0,0,0.000000,0.000000,0.000000,0.000000,0.000000,0.000000,0.785398
50.000000,55.000000,-100.000000,-90.000000,0,0,1.000000,no_data,0,0.000000,,,,,,,,,,,,,,,,,,,,,,,0,0,0,0,0.000000,0.000000,0.000000,0.000000,0.000000,0.000000,0.785398
50.000000,55.000000,-90.000000,-80.000000,0,0,1.000000,no_data,0,0.000000,,,,,,,,,,,,,,,,,,,,,,,0,0,0,0,0.000000,0.000000,0.000000,0.000000,0.000000,0.000000,0.785398
50.000000,55.000000,-80.000000,-70.000000,0,0,1.000000,no_data,0,0.000000,,,,,,,,,,,,,,,,,,,,,,,0,0,0,0,0.000000,0.000000,0.000000,0.000000,0.000000,0.000000,0.785398
50.000000,55.000000,-70.000000,-60.000000,0,0,1.000000,no_data,0,0.000000,,,,,,,,,,,,,,,,,,,,,,,0,0,0,0,0.000000,0.000000,0.000000,0.000000,0.000000,0.000000,0.785398
50.000000,55.000000,-60.000000,-50.000000,0,0,1.000000,no_data,0,0.000000,,,,,,,,,,,,,,,,,,,,,,,0,0,0,0,0.000000,0.000000,0.000000,0.000000,0.000000,0.000000,0.785398
50.000000,55.000000,-50.000000,-40.000000,0,0,1.000000,no_data,0,0.000000,,,,,,,,,,,,,,,,,,,,,,,0,0,0,0,0.000000,0.000000,0.000000,0.000000,0.000000,0.000000,0.785398
50.000000,55.000000,-40.000000,-30.000000,0,0,1.000000,no_data,0,0.000000,,,,,,,,,,,,,,,,,,,,,,,0,0,0,0,0.000000,0.000000,0.000000,0.000000,0.000000,0.000000,0.785398
50.000000,55.000000,-30.000000,-20.000000,120,77,0.641667,measured,34,0.018028,0.334048,0.074051,0.210428,0.084676,-0.128830,0.393754,-0.058249,-0.263618,0.318600,0.060655,-0.084806,-0.654463,-0.129708,0.136581,0.210234,0.131524,0.147275,0.204455,1.257227,0.120182,0.436239,0.146611,34,0,0,0,2.021831,0.090163,5.274721,0.675724,2.108058,0.357446,1.731577
50.000000,55.000000,-20.000000,-10.000000,56,25,0.446429,measured,0,0.000000,0.546232,0.285918,,,-0.025382,0.082655,0.059438,-0.055070,0.068055,0.297240,-0.103858,-0.471449,-0.054200,0.093302,0.374646,0.076625,0.189835,0.335915,1.655618,0.154553,0.462597,0.117435,0,0,0,0,0.000000,0.000000,0.000000,0.000000,0.000000,0.000000,0.785398
50.000000,55.000000,-10.000000,0.000000,97,1,0.010309,measured,1,0.000530,0.911165,0.029229,0.933033,0.000000,-0.025164,-0.014865,0.005226,-0.024801,-0.015228,-0.000240,-0.027589,-0.000154,0.008097,0.075960,0.071892,0.047434,0.075534,0.072389,0.037317,0.135797,0.137124,0.067209,1,0,0,0,1.916088,0.000000,4.237027,0.000000,1.637465,0.000000,0.000000
50.000000,55.000000,0.000000,10.000000,165,59,0.357576,measured,11,0.005832,0.806823,0.156128,0.333778,0.115921,-0.066867,0.002942,0.013504,-0.065859,0.007987,0.005464,-0.040263,-0.074489,-0.000549,0.184398,0.080239,0.042877,0.185744,0.077580,0.047525,0.126940,0.318718,0.067282,11,0,0,0,1.923360,0.036799,4.309586,0.112972,1.776824,0.173290,1.634481
50.000000,55.000000,10.000000,20.000000,105,23,0.219048,measured,11,0.005832,0.781110,0.146523,0.407652,0.175337,0.095217,-0.058982,-0.019853,0.073272,-0.086409,-0.010962,-0.086956,-0.251541,-0.050982,0.309485,0.098785,0.109857,0.289034,0.147339,0.051897,0.182439,0.579923,0.248610,11,0,0,0,1.928627,0.061234,4.632757,0.173935,1.874091,0.268200,2.258738
50.000000,55.000000,20.000000,30.000000,5,5,1.000000,no_data,0,0.000000,,,,,,,,,,,,,,,,,,,,,,,0,0,0,0,0.000000,0.000000,0.000000,0.000000,0.000000,0.000000,0.785398
50.000000,55.000000,30.000000,40.000000,0,0,1.000000,no_data,0,0.000000,,,,,,,,,,,,,,,,,,,,,,,0,0,0,0,0.000000,0.000000,0.000000,0.000000,0.000000,0.000000,0.785398
50.000000,55.000000,40.000000,50.000000,0,0,1.000000,no_data,0,0.000000,,,,,,,,,,,,,,,,,,,,,,,0,0,0,0,0.000000,0.000000,0.000000,0.000000,0.000000,0.000000,0.785398
50.000000,55.000000,50.000000,60.000000,0,0,1.000000,no_data,0,0.000000,,,,,,,,,,,,,,,,,,,,,,,0,0,0,0,0.000000,0.000000,0.000000,0.000000,0.000000,0.000000,0.785398
50.000000,55.000000,60.000000,70.000000,0,0,1.000000,no_data,0,0.000000,,,,,,,,,,,,,,,,,,,,,,,0,0,0,0,0.000000,0.000000,0.000000,0.000000,0.000000,0.000000,0.785398
50.000000,55.000000,70.000000,80.000000,0,0,1.000000,no_data,0,0.000000,,,,,,,,,,,,,,,,,,,,,,,0,0,0,0,0.000000,0.000000,0.000000,0.000000,0.000000,0.000000,0.785398
50.000000,55.000000,80.000000,90.000000,0,0,1.000000,no_data,0,0.000000,,,,,,,,,,,,,,,,,,,,,,,0,0,0,0,0.000000,0.000000,0.000000,0.000000,0.000000,0.000000,0.785398
50.000000,55.000000,90.000000,100.000000,0,0,1.000000,no_data,0,0.000000,,,,,,,,,,,,,,,,,,,,,,,0,0,0,0,0.000000,0.000000,0.000000,0.000000,0.000000,0.000000,0.785398
50.000000,55.000000,100.000000,110.000000,0,0,1.000000,no_data,0,0.000000,,,,,,,,,,,,,,,,,,,,,,,0,0,0,0,0.000000,0.000000,0.000000,0.000000,0.000000,0.000000,0.785398
50.000000,55.000000,110.000000,120.000000,0,0,1.000000,no_data,0,0.000000,,,,,,,,,,,,,,,,,,,,,,,0,0,0,0,0.000000,0.000000,0.000000,0.000000,0.000000,0.000000,0.785398
50.000000,55.000000,120.000000,130.000000,0,0,1.000000,no_data,0,0.000000,,,,,,,,,,,,,,,,,,,,,,,0,0,0,0,0.000000,0.000000,0.000000,0.000000,0.000000,0.000000,0.785398
50.000000,55.000000,130.000000,140.000000,0,0,1.000000,no_data,0,0.000000,,,,,,,,,,,,,,,,,,,,,,,0,0,0,0,0.000000,0.000000,0.000000,0.000000,0.000000,0.000000,0.785398
50.000000,55.000000,140.000000,150.000000,0,0,1.000000,no_data,0,0.000000,,,,,,,,,,,,,,,,,,,,,,,0,0,0,0,0.000000,0.000000,0.000000,0.000000,0.000000,0.000000,0.785398
50.000000,55.000000,150.000000,160.000000,0,0,1.000000,no_data,0,0.000000,,,,,,,,,,,,,,,,,,,,,,,0,0,0,0,0.000000,0.000000,0.000000,0.000000,0.000000,0.000000,0.785398
50.000000,55.000000,160.000000,170.000000,0,0,1.000000,no_data,0,0.000000,,,,,,,,,,,,,,,,,,,,,,,0,0,0,0,0.000000,0.000000,0.000000,0.000000,0.000000,0.000000,0.785398
50.000000,55.000000,170.000000,180.000000,0,0,1.000000,no_data,0,0.000000,,,,,,,,,,,,,,,,,,,,,,,0,0,0,0,0.000000,0.000000,0.000000,0.000000,0.000000,0.000000,0.785398
55.000000,60.000000,-180.000000,-170.000000,0,0,1.000000,no_data,0,0.000000,,,,,,,,,,,,,,,,,,,,,,,0,0,0,0,0.000000,0.000000,0.000000,0.000000,0.000000,0.000000,0.785398
55.000000,60.000000,-170.000000,-160.000000,0,0,1.000000,no_data,0,0.000000,,,,,,,,,,,,,,,,,,,,,,,0,0,0,0,0.000000,0.000000,0.000000,0.000000,0.000000,0.000000,0.785398
55.000000,60.000000,-160.000000,-150.000000,0,0,1.000000,no_data,0,0.000000,,,,,,,,,,,,,,,,,,,,,,,0,0,0,0,0.000000,0.000000,0.000000,0.000000,0.000000,0.000000,0.785398
55.000000,60.000000,-150.000000,-140.000000,0,0,1.000000,no_data,0,0.000000,,,,,,,,,,,,,,,,,,,,,,,0,0,0,0,0.000000,0.000000,0.000000,0.000000,0.000000,0.000000,0.785398
55.000000,60.000000,-140.000000,-130.000000,0,0,1.000000,no_data,0,0.000000,,,,,,,,,,,,,,,,,,,,,,,0,0,0,0,0.000000,0.000000,0.000000,0.000000,0.000000,0.000000,0.785398
55.000000,60.000000,-130.000000,-120.000000,0,0,1.000000,no_data,0,0.000000,,,,,,,,,,,,,,,,,,,,,,,0,0,0,0,0.000000,0.000000,0.000000,0.000000,0.000000,0.000000,0.785398
55.000000,60.000000,-120.000000,-110.000000,0,0,1.000000,no_data,0,0.000000,,,,,,,,,,,,,,,,,,,,,,,0,0,0,0,0.000000,0.000000,0.000000,0.000000,0.000000,0.000000,0.785398
55.000000,60.000000,-110.000000,-100.000000,0,0,1.000000,no_data,0,0.000000,,,,,,,,,,,,,,,,,,,,,,,0,0,0,0,0.000000,0.000000,0.000000,0.000000,0.000000,0.000000,0.785398
55.000000,60.000000,-100.000000,-90.000000,0,0,1.000000,no_data,0,0.000000,,,,,,,,,,,,,,,,,,,,,,,0,0,0,0,0.000000,0.000000,0.000000,0.000000,0.000000,0.000000,0.785398
55.000000,60.000000,-90.000000,-80.000000,0,0,1.000000,no_data,0,0.000000,,,,,,,,,,,,,,,,,,,,,,,0,0,0,0,0.000000,0.000000,0.000000,0.000000,0.000000,0.000000,0.785398
55.000000,60.000000,-80.000000,-70.000000,0,0,1.000000,no_data,0,0.000000,,,,,,,,,,,,,,,,,,,,,,,0,0,0,0,0.000000,0.000000,0.000000,0.000000,0.000000,0.000000,0.785398
55.000000,60.000000,-70.000000,-60.000000,0,0,1.000000,no_data,0,0.000000,,,,,,,,,,,,,,,,,,,,,,,0,0,0,0,0.000000,0.000000,0.000000,0.000000,0.000000,0.000000,0.785398
55.000000,60.000000,-60.000000,-50.000000,0,0,1.000000,no_data,0,0.000000,,,,,,,,,,,,,,,,,,,,,,,0,0,0,0,0.000000,0.000000,0.000000,0.000000,0.000000,0.000000,0.785398
55.000000,60.000000,-50.000000,-40.000000,0,0,1.000000,no_data,0,0.000000,,,,,,,,,,,,,,,,,,,,,,,0,0,0,0,0.000000,0.000000,0.000000,0.000000,0.000000,0.000000,0.785398
55.000000,60.000000,-40.000000,-30.000000,0,0,1.000000,no_data,0,0.000000,,,,,,,,,,,,,,,,,,,,,,,0,0,0,0,0.000000,0.000000,0.000000,0.000000,0.000000,0.000000,0.785398
55.000000,60.000000,-30.000000,-20.000000,367,68,0.185286,measured,11,0.005832,0.753366,0.066967,0.324241,0.229794,-0.055584,0.045822,-0.009318,-0.068780,0.022154,0.050004,-0.007498,-0.062007,-0.016279,0.117233,0.169902,0.087777,0.113307,0.172453,0.491743,0.126152,0.694336,0.171283,11,0,0,0,1.935597,0.069209,4.767688,0.392875,1.805425,0.252471,1.521566
55.000000,60.000000,-20.000000,-10.000000,50,1,0.020000,measured,2,0.001060,0.880871,0.054481,0.542026,0.357590,-0.033720,-0.027472,0.012847,-0.025331,-0.035226,0.052488,0.004121,0.023522,0.009944,0.082406,0.078095,0.050040,0.087863,0.071964,0.772052,0.117202,0.212996,0.083755,2,0,0,0,1.920721,0.008706,4.604711,0.108850,1.825582,0.259864,1.504992
55.000000,60.000000,-10.000000,0.000000,83,3,0.036145,measured,3,0.001591,0.910189,0.026581,0.925376,0.011406,-0.012425,-0.010826,0.003055,-0.012457,-0.009836,-0.001172,0.013831,0.020785,0.011440,0.112979,0.067762,0.059574,0.111620,0.070119,0.045764,0.107696,0.150817,0.065942,3,0,0,0,1.959102,0.009304,4.268716,0.009476,1.657862,0.016041,0.026487
55.000000,60.000000,0.000000,10.000000,75,27,0.360000,measured,14,0.007423,0.850538,0.167258,0.280736,0.102035,-0.055752,-0.019565,0.015353,-0.057041,-0.016582,-0.001398,-0.065759,-0.055007,-0.017477,0.195516,0.088581,0.040586,0.196277,0.086666,0.046941,0.119449,0.293532,0.069933,14,0,0,0,1.871063,0.109758,4.329957,0.302420,1.628783,0.261764,1.180790
55.000000,60.000000,10.000000,20.000000,144,24,0.166667,measured,27,0.014316,0.864633,0.155407,0.224167,0.112431,-0.013356,-0.000869,0.004943,-0.014638,0.001669,0.028827,-0.001668,-0.047232,0.010921,0.113509,0.077498,0.056422,0.112593,0.078583,0.288403,0.131072,0.264130,0.082879,27,0,0,0,1.908315,0.066019,4.460774,0.335569,1.692224,0.170601,1.613620
55.000000,60.000000,20.000000,30.000000,0,0,1.000000,no_data,0,0.000000,,,,,,,,,,,,,,,,,,,,,,,0,0,0,0,0.000000,0.000000,0.000000,0.000000,0.000000,0.000000,0.785398
55.000000,60.000000,30.000000,40.000000,0,0,1.000000,no_data,0,0.000000,,,,,,,,,,,,,,,,,,,,,,,0,0,0,0,0.000000,0.000000,0.000000,0.000000,0.000000,0.000000,0.785398
55.000000,60.000000,40.000000,50.000000,0,0,1.000000,no_data,0,0.000000,,,,,,,,,,,,,,,,,,,,,,,0,0,0,0,0.000000,0.000000,0.000000,0.000000,0.000000,0.000000,0.785398
55.000000,60.000000,50.000000,60.000000,0,0,1.000000,no_data,0,0.000000,,,,,,,,,,,,,,,,,,,,,,,0,0,0,0,0.000000,0.000000,0.000000,0.000000,0.000000,0.000000,0.785398
55.000000,60.000000,60.000000,70.000000,0,0,1.000000,no_data,0,0.000000,,,,,,,,,,,,,,,,,,,,,,,0,0,0,0,0.000000,0.000000,0.000000,0.000000,0.000000,0.000000,0.785398
55.000000,60.000000,70.000000,80.000000,0,0,1.000000,no_data,0,0.000000,,,,,,,,,,,,,,,,,,,,,,,0,0,0,0,0.000000,0.000000,0.000000,0.000000,0.000000,0.000000,0.785398
55.000000,60.000000,80.000000,90.000000,0,0,1.000000,no_data,0,0.000000,,,,,,,,,,,,,,,,,,,,,,,0,0,0,0,0.000000,0.000000,0.000000,0.000000,0.000000,0.000000,0.785398
55.000000,60.000000,90.000000,100.000000,0,0,1.000000,no_data,0,0.000000,,,,,,,,,,,,,,,,,,,,,,,0,0,0,0,0.000000,0.000000,0.000000,0.000000,0.000000,0.000000,0.785398
55.000000,60.000000,100.000000,110.000000,0,0,1.000000,no_data,0,0.000000,,,,,,,,,,,,,,,,,,,,,,,0,0,0,0,0.000000,0.000000,0.000000,0.000000,0.000000,0.000000,0.785398
55.000000,60.000000,110.000000,120.000000,0,0,1.000000,no_data,0,0.000000,,,,,,,,,,,,,,,,,,,,,,,0,0,0,0,0.000000,0.000000,0.000000,0.000000,0.000000,0.000000,0.785398
55.000000,60.000000,120.000000,130.000000,0,0,1.000000,no_data,0,0.000000,,,,,,,,,,,,,,,,,,,,,,,0,0,0,0,0.000000,0.000000,0.000000,0.000000,0.000000,0.000000,0.785398
55.000000,60.000000,130.000000,140.000000,0,0,1.000000,no_data,0,0.000000,,,,,,,,,,,,,,,,,,,,,,,0,0,0,0,0.000000,0.000000,0.000000,0.000000,0.000000,0.000000,0.785398
55.000000,60.000000,140.000000,150.000000,0,0,1.000000,no_data,0,0.000000,,,,,,,,,,,,,,,,,,,,,,,0,0,0,0,0.000000,0.000000,0.000000,0.000000,0.000000,0.000000,0.785398
55.000000,60.000000,150.000000,160.000000,0,0,1.000000,no_data,0,0.000000,,,,,,,,,,,,,,,,,,,,,,,0,0,0,0,0.000000,0.000000,0.000000,0.000000,0.000000,0.000000,0.785398
55.000000,60.000000,160.000000,170.000000,0,0,1.000000,no_data,0,0.000000,,,,,,,,,,,,,,,,,,,,,,,0,0,0,0,0.000000,0.000000,0.000000,0.000000,0.000000,0.000000,0.785398
55.000000,60.000000,170.000000,180.000000,0,0,1.000000,no_data,0,0.000000,,,,,,,,,,,,,,,,,,,,,,,0,0,0,0,0.000000,0.000000,0.000000,0.000000,0.000000,0.000000,0.785398
60.000000,65.000000,-180.000000,-170.000000,0,0,1.000000,no_data,0,0.000000,,,,,,,,,,,,,,,,,,,,,,,0,0,0,0,0.000000,0.000000,0.000000,0.000000,0.000000,0.000000,0.785398
60.000000,65.000000,-170.000000,-160.000000,0,0,1.000000,no_data,0,0.000000,,,,,,,,,,,,,,,,,,,,,,,0,0,0,0,0.000000,0.000000,0.000000,0.000000,0.000000,0.000000,0.785398
60.000000,65.000000,-160.000000,-150.000000,0,0,1.000000,no_data,0,0.000000,,,,,,,,,,,,,,,,,,,,,,,0,0,0,0,0.000000,0.000000,0.000000,0.000000,0.000000,0.000000,0.785398
60.000000,65.000000,-150.000000,-140.000000,0,0,1.000000,no_data,0,0.000000,,,,,,,,,,,,,,,,,,,,,,,0,0,0,0,0.000000,0.000000,0.000000,0.000000,0.000000,0.000000,0.785398
60.000000,65.000000,-140.000000,-130.000000,0,0,1.000000,no_data,0,0.000000,,,,,,,,,,,,,,,,,,,,,,,0,0,0,0,0.000000,0.000000,0.000000,0.000000,0.000000,0.000000,0.785398
60.000000,65.000000,-130.000000,-120.000000,0,0,1.000000,no_data,0,0.000000,,,,,,,,,,,,,,,,,,,,,,,0,0,0,0,0.000000,0.000000,0.000000,0.000000,0.000000,0.000000,0.785398
60.000000,65.000000,-120.000000,-110.000000,0,0,1.000000,no_data,0,0.000000,,,,,,,,,,,,,,,,,,,,,,,0,0,0,0,0.000000,0.000000,0.000000,0.000000,0.000000,0.000000,0.785398
60.000000,65.000000,-110.000000,-100.000000,0,0,1.000000,no_data,0,0.000000,,,,,,,,,,,,,,,,,,,,,,,0,0,0,0,0.000000,0.000000,0.000000,0.000000,0.000000,0.000000,0.785398
60.000000,65.000000,-100.000000,-90.000000,0,0,1.000000,no_data,0,0.000000,,,,,,,,,,,,,,,,,,,,,,,0,0,0,0,0.000000,0.000000,0.000000,0.000000,0.000000,0.000000,0.785398
60.000000,65.000000,-90.000000,-80.000000,0,0,1.000000,no_data,0,0.000000,,,,,,,,,,,,,,,,,,,,,,,0,0,0,0,0.000000,0.000000,0.000000,0.000000,0.000000,0.000000,0.785398
60.000000,65.000000,-80.000000,-70.000000,0,0,1.000000,no_data,0,0.000000,,,,,,,,,,,,,,,,,,,,,,,0,0,0,0,0.000000,0.000000,0.000000,0.000000,0.000000,0.000000,0.785398
60.000000,65.000000,-70.000000,-60.000000,0,0,1.000000,no_data,0,0.000000,,,,,,,,,,,,,,,,,,,,,,,0,0,0,0,0.000000,0.000000,0.000000,0.000000,0.000000,0.000000,0.785398
60.000000,65.000000,-60.000000,-50.000000,0,0,1.000000,no_data,0,0.000000,,,,,,,,,,,,,,,,,,,,,,,0,0,0,0,0.000000,0.000000,0.000000,0.000000,0.000000,0.000000,0.785398
60.000000,65.000000,-50.000000,-40.000000,0,0,1.000000,no_data,0,0.000000,,,,,,,,,,,,,,,,,,,,,,,0,0,0,0,0.000000,0.000000,0.000000,0.000000,0.000000,0.000000,0.785398
60.000000,65.000000,-40.000000,-30.000000,0,0,1.000000,no_data,0,0.000000,,,,,,,,,,,,,,,,,,,,,,,0,0,0,0,0.000000,0.000000,0.000000,0.000000,0.000000,0.000000,0.785398
60.000000,65.000000,-30.000000,-20.000000,62,43,0.693548,measured,55,0.029162,0.727810,0.143424,0.202657,0.072197,-0.011137,0.111556,-0.121104,-0.049746,0.100737,-0.165262,-0.010002,-0.126863,-0.192098,0.108595,0.146097,0.140571,0.121391,0.135453,0.700260,0.089426,0.309656,0.266421,55,0,0,0,1.901300,0.015172,4.406089,0.078224,1.569428,0.021452,0.633223
60.000000,65.000000,-20.000000,-10.000000,76,16,0.210526,measured,14,0.007423,0.842097,0.115623,0.207865,0.206567,-0.022923,0.026948,0.007519,-0.027496,0.020279,-0.063967,-0.022027,0.003033,0.012892,0.074474,0.098417,0.038504,0.087580,0.087444,0.401497,0.111936,0.120018,0.057579,14,0,0,0,1.858452,0.030104,4.391106,0.166324,1.655973,0.100902,0.691746
60.000000,65.000000,-10.000000,0.000000,100,1,0.010000,measured,6,0.003181,0.865104,0.112309,0.110654,0.009781,-0.032886,-0.004312,0.000326,-0.033943,-0.006420,-0.000845,0.002701,0.002460,0.008488,0.090500,0.081108,0.063030,0.091016,0.079947,0.053375,0.112555,0.118763,0.098887,6,0,0,0,1.889984,0.033852,4.530515,0.129790,1.667277,0.062235,1.178072
60.000000,65.000000,0.000000,10.000000,61,17,0.278689,measured,14,0.007423,0.896856,0.115053,0.225856,0.094534,-0.048948,0.014321,0.008194,-0.047817,0.015843,0.010675,-0.100397,-0.068383,-0.003359,0.137051,0.108409,0.070868,0.136340,0.109593,0.056630,0.176140,0.245426,0.117475,14,0,0,0,1.935455,0.163685,4.475453,0.512328,1.798826,0.473768,1.199102
60.000000,65.000000,10.000000,20.000000,157,16,0.101911,measured,7,0.003712,0.848295,0.136372,0.287754,0.212948,-0.007796,0.021230,0.010147,-0.003247,0.021864,0.013792,-0.025486,-0.035943,0.008562,0.137426,0.092135,0.063458,0.134095,0.097037,0.060513,0.132371,0.259453,0.092614,7,0,0,0,1.952627,0.052238,4.405857,0.130352,1.561177,0.024252,0.492758
60.000000,65.000000,20.000000,30.000000,0,0,1.000000,no_data,0,0.000000,,,,,,,,,,,,,,,,,,,,,,,0,0,0,0,0.000000,0.000000,0.000000,0.000000,0.000000,0.000000,0.785398
60.000000,65.000000,30.000000,40.000000,0,0,1.000000,no_data,0,0.000000,,,,,,,,,,,,,,,,,,,,,,,0,0,0,0,0.000000,0.000000,0.000000,0.000000,0.000000,0.000000,0.785398
60.000000,65.000000,40.000000,50.000000,0,0,1.000000,no_data,0,0.000000,,,,,,,,,,,,,,,,,,,,,,,0,0,0,0,0.000000,0.000000,0.000000,0.000000,0.000000,0.000000,0.785398
60.000000,65.000000,50.000000,60.000000,0,0,1.000000,no_data,0,0.000000,,,,,,,,,,,,,,,,,,,,,,,0,0,0,0,0.000000,0.000000,0.000000,0.000000,0.000000,0.000000,0.785398
60.000000,65.000000,60.000000,70.000000,0,0,1.000000,no_data,0,0.000000,,,,,,,,,,,,,,,,,,,,,,,0,0,0,0,0.000000,0.000000,0.000000,0.000000,0.000000,0.000000,0.785398
60.000000,65.000000,70.000000,80.000000,0,0,1.000000,no_data,0,0.000000,,,,,,,,,,,,,,,,,,,,,,,0,0,0,0,0.000000,0.000000,0.000000,0.000000,0.000000,0.000000,0.785398
60.000000,65.000000,80.000000,90.000000,0,0,1.000000,no_data,0,0.000000,,,,,,,,,,,,,,,,,,,,,,,0,0,0,0,0.000000,0.000000,0.000000,0.000000,0.000000,0.000000,0.785398
60.000000,65.000000,90.000000,100.000000,0,0,1.000000,no_data,0,0.000000,,,,,,,,,,,,,,,,,,,,,,,0,0,0,0,0.000000,0.000000,0.000000,0.000000,0.000000,0.000000,0.785398
60.000000,65.000000,100.000000,110.000000,0,0,1.000000,no_data,0,0.000000,,,,,,,,,,,,,,,,,,,,,,,0,0,0,0,0.000000,0.000000,0.000000,0.000000,0.000000,0.000000,0.785398
60.000000,65.000000,110.000000,120.000000,0,0,1.000000,no_data,0,0.000000,,,,,,,,,,,,,,,,,,,,,,,0,0,0,0,0.000000,0.000000,0.000000,0.000000,0.000000,0.000000,0.785398
60.000000,65.000000,120.000000,130.000000,0,0,1.000000,no_data,0,0.000000,,,,,,,,,,,,,,,,,,,,,,,0,0,0,0,0.000000,0.000000,0.000000,0.000000,0.000000,0.000000,0.785398
60.000000,65.000000,130.000000,140.000000,0,0,1.000000,no_data,0,0.000000,,,,,,,,,,,,,,,,,,,,,,,0,0,0,0,0.000000,0.000000,0.000000,0.000000,0.000000,0.000000,0.785398
60.000000,65.000000,140.000000,150.000000,0,0,1.000000,no_data,0,0.000000,,,,,,,,,,,,,,,,,,,,,,,0,0,0,0,0.000000,0.000000,0.000000,0.000000,0.000000,0.000000,0.785398
60.000000,65.000000,150.000000,160.000000,0,0,1.000000,no_data,0,0.000000,,,,,,,,,,,,,,,,,,,,,,,0,0,0,0,0.000000,0.000000,0.000000,0.000000,0.000000,0.000000,0.785398
60.000000,65.000000,160.000000,170.000000,0,0,1.000000,no_data,0,0.000000,,,,,,,,,,,,,,,,,,,,,,,0,0,0,0,0.000000,0.000000,0.000000,0.000000,0.000000,0.000000,0.785398
60.000000,65.000000,170.000000,180.000000,0,0,1.000000,no_data,0,0.000000,,,,,,,,,,,,,,,,,,,,,,,0,0,0,0,0.000000,0.000000,0.000000,0.000000,0.000000,0.000000,0.785398
65.000000,70.000000,-180.000000,-170.000000,0,0,1.000000,no_data,0,0.000000,,,,,,,,,,,,,,,,,,,,,,,0,0,0,0,0.000000,0.000000,0.000000,0.000000,0.000000,0.000000,0.785398
65.000000,70.000000,-170.000000,-160.000000,0,0,1.000000,no_data,0,0.000000,,,,,,,,,,,,,,,,,,,,,,,0,0,0,0,0.000000,0.000000,0.000000,0.000000,0.000000,0.000000,0.785398
65.000000,70.000000,-160.000000,-150.000000,0,0,1.000000,no_data,0,0.000000,,,,,,,,,,,,,,,,,,,,,,,0,0,0,0,0.000000,0.000000,0.000000,0.000000,0.000000,0.000000,0.785398
65.000000,70.000000,-150.000000,-140.000000,0,0,1.000000,no_data,0,0.000000,,,,,,,,,,,,,,,,,,,,,,,0,0,0,0,0.000000,0.000000,0.000000,0.000000,0.000000,0.000000,0.785398
65.000000,70.000000,-140.000000,-130.000000,0,0,1.000000,no_data,0,0.000000,,,,,,,,,,,,,,,,,,,,,,,0,0,0,0,0.000000,0.000000,0.000000,0.000000,0.000000,0.000000,0.785398
65.000000,70.000000,-130.000000,-120.000000,0,0,1.000000,no_data,0,0.000000,,,,,,,,,,,,,,,,,,,,,,,0,0,0,0,0.000000,0.000000,0.000000,0.000000,0.000000,0.000000,0.785398
65.000000,70.000000,-120.000000,-110.000000,0,0,1.000000,no_data,0,0.000000,,,,,,,,,,,,,,,,,,,,,,,0,0,0,0,0.000000,0.000000,0.000000,0.000000,0.000000,0.000000,0.785398
65.000000,70.000000,-110.000000,-100.000000,0,0,1.000000,no_data,0,0.000000,,,,,,,,,,,,,,,,,,,,,,,0,0,0,0,0.000000,0.000000,0.000000,0.000000,0.000000,0.000000,0.785398
65.000000,70.000000,-100.000000,-90.000000,0,0,1.000000,no_data,0,0.000000,,,,,,,,,,,,,,,,,,,,,,,0,0,0,0,0.000000,0.000000,0.000000,0.000000,0.000000,0.000000,0.785398
65.000000,70.000000,-90.000000,-80.000000,0,0,1.000000,no_data,0,0.000000,,,,,,,,,,,,,,,,,,,,,,,0,0,0,0,0.000000,0.000000,0.000000,0.000000,0.000000,0.000000,0.785398
65.000000,70.000000,-80.000000,-70.000000,0,0,1.000000,no_data,0,0.000000,,,,,,,,,,,,,,,,,,,,,,,0,0,0,0,0.000000,0.000000,0.000000,0.000000,0.000000,0.000000,0.785398
65.000000,70.000000,-70.000000,-60.000000,0,0,1.000000,no_data,0,0.000000,,,,,,,,,,,,,,,,,,,,,,,0,0,0,0,0.000000,0.000000,0.000000,0.000000,0.000000,0.000000,0.785398
65.000000,70.000000,-60.000000,-50.000000,0,0,1.000000,no_data,0,0.000000,,,,,,,,,,,,,,,,,,,,,,,0,0,0,0,0.000000,0.000000,0.000000,0.000000,0.000000,0.000000,0.785398
65.000000,70.000000,-50.000000,-40.000000,0,0,1.000000,no_data,0,0.000000,,,,,,,,,,,,,,,,,,,,,,,0,0,0,0,0.000000,0.000000,0.000000,0.000000,0.000000,0.000000,0.785398
65.000000,70.000000,-40.000000,-30.000000,0,0,1.000000,no_data,0,0.000000,,,,,,,,,,,,,,,,,,,,,,,0,0,0,0,0.000000,0.000000,0.000000,0.000000,0.000000,0.000000,0.785398
65.000000,70.000000,-30.000000,-20.000000,0,0,1.000000,no_data,63,0.033404,,,0.157079,0.052021,,,,,,,,,,,,,,,,,,,63,0,0,0,1.886793,0.015753,4.440659,0.138119,1.576687,0.036556,1.523197
65.000000,70.000000,-20.000000,-10.000000,6,6,1.000000,no_data,33,0.017497,,,0.165216,0.066904,,,,,,,,,,,,,,,,,,,33,0,0,0,1.886360,0.033194,4.380763,0.124595,1.566584,0.043454,1.236833
65.000000,70.000000,-10.000000,0.000000,108,2,0.018519,measured,3,0.001591,0.881991,0.066406,0.425059,0.334940,-0.045591,-0.012865,0.006311,-0.045248,-0.015883,0.007157,0.002262,-0.006476,-0.008719,0.098403,0.082248,0.056709,0.097651,0.082804,0.045892,0.132775,0.195874,0.076639,3,0,0,0,1.897517,0.091003,4.212697,0.077835,1.620575,0.092194,0.049561
65.000000,70.000000,0.000000,10.000000,59,15,0.254237,measured,2,0.001060,0.867710,0.163049,0.113394,0.006952,-0.103156,-0.002810,-0.018422,-0.103143,-0.000500,-0.013813,-0.035967,-0.181897,-0.036834,0.304365,0.111335,0.050507,0.304070,0.112184,0.065745,0.168155,0.654798,0.157512,2,0,0,0,2.209613,0.251711,5.058195,0.357597,2.386205,0.757553,0.589737
65.000000,70.000000,10.000000,20.000000,1420,32,0.022535,measured,163,0.086426,0.879567,0.194145,0.409251,0.126668,-0.002748,0.000526,0.002611,-0.003370,0.000831,-0.000217,-0.039529,0.038480,-0.018030,0.105215,0.086224,0.065987,0.100468,0.091688,0.085036,0.143386,0.152301,0.117023,163,0,0,0,1.950443,0.032108,4.317753,0.065447,1.606776,0.055300,0.056797
65.000000,70.000000,20.000000,30.000000,0,0,1.000000,no_data,0,0.000000,,,,,,,,,,,,,,,,,,,,,,,0,0,0,0,0.000000,0.000000,0.000000,0.000000,0.000000,0.000000,0.785398
65.000000,70.000000,30.000000,40.000000,0,0,1.000000,no_data,0,0.000000,,,,,,,,,,,,,,,,,,,,,,,0,0,0,0,0.000000,0.000000,0.000000,0.000000,0.000000,0.000000,0.785398
65.000000,70.000000,40.000000,50.000000,0,0,1.000000,no_data,0,0.000000,,,,,,,,,,,,,,,,,,,,,,,0,0,0,0,0.000000,0.000000,0.000000,0.000000,0.000000,0.000000,0.785398
65.000000,70.000000,50.000000,60.000000,0,0,1.000000,no_data,0,0.000000,,,,,,,,,,,,,,,,,,,,,,,0,0,0,0,0.000000,0.000000,0.000000,0.000000,0.000000,0.000000,0.785398
65.000000,70.000000,60.000000,70.000000,0,0,1.000000,no_data,0,0.000000,,,,,,,,,,,,,,,,,,,,,,,0,0,0,0,0.000000,0.000000,0.000000,0.000000,0.000000,0.000000,0.785398
65.000000,70.000000,70.000000,80.000000,0,0,1.000000,no_data,0,0.000000,,,,,,,,,,,,,,,,,,,,,,,0,0,0,0,0.000000,0.000000,0.000000,0.000000,0.000000,0.000000,0.785398
65.000000,70.000000,80.000000,90.000000,0,0,1.000000,no_data,0,0.000000,,,,,,,,,,,,,,,,,,,,,,,0,0,0,0,0.000000,0.000000,0.000000,0.000000,0.000000,0.000000,0.785398
65.000000,70.000000,90.000000,100.000000,0,0,1.000000,no_data,0,0.000000,,,,,,,,,,,,,,,,,,,,,,,0,0,0,0,0.000000,0.000000,0.000000,0.000000,0.000000,0.000000,0.785398
65.000000,70.000000,100.000000,110.000000,0,0,1.000000,no_data,0,0.000000,,,,,,,,,,,,,,,,,,,,,,,0,0,0,0,0.000000,0.000000,0.000000,0.000000,0.000000,0.000000,0.785398
65.000000,70.000000,110.000000,120.000000,0,0,1.000000,no_data,0,0.000000,,,,,,,,,,,,,,,,,,,,,,,0,0,0,0,0.000000,0.000000,0.000000,0.000000,0.000000,0.000000,0.785398
65.000000,70.000000,120.000000,130.000000,0,0,1.000000,no_data,0,0.000000,,,,,,,,,,,,,,,,,,,,,,,0,0,0,0,0.000000,0.000000,0.000000,0.000000,0.000000,0.000000,0.785398
65.000000,70.000000,130.000000,140.000000,0,0,1.000000,no_data,0,0.000000,,,,,,,,,,,,,,,,,,,,,,,0,0,0,0,0.000000,0.000000,0.000000,0.000000,0.000000,0.000000,0.785398
65.000000,70.000000,140.000000,150.000000,0,0,1.000000,no_data,0,0.000000,,,,,,,,,,,,,,,,,,,,,,,0,0,0,0,0.000000,0.000000,0.000000,0.000000,0.000000,0.000000,0.785398
65.000000,70.000000,150.000000,160.000000,0,0,1.000000,no_data,0,0.000000,,,,,,,,,,,,,,,,,,,,,,,0,0,0,0,0.000000,0.000000,0.000000,0.000000,0.000000,0.000000,0.785398
65.000000,70.000000,160.000000,170.000000,0,0,1.000000,no_data,0,0.000000,,,,,,,,,,,,,,,,,,,,,,,0,0,0,0,0.000000,0.000000,0.000000,0.000000,0.000000,0.000000,0.785398
65.000000,70.000000,170.000000,180.000000,0,0,1.000000,no_data,0,0.000000,,,,,,,,,,,,,,,,,,,,,,,0,0,0,0,0.000000,0.000000,0.000000,0.000000,0.000000,0.000000,0.785398
70.000000,75.000000,-180.000000,-170.000000,0,0,1.000000,no_data,0,0.000000,,,,,,,,,,,,,,,,,,,,,,,0,0,0,0,0.000000,0.000000,0.000000,0.000000,0.000000,0.000000,0.785398
70.000000,75.000000,-170.000000,-160.000000,0,0,1.000000,no_data,0,0.000000,,,,,,,,,,,,,,,,,,,,,,,0,0,0,0,0.000000,0.000000,0.000000,0.000000,0.000000,0.000000,0.785398
70.000000,75.000000,-160.000000,-150.000000,0,0,1.000000,no_data,0,0.000000,,,,,,,,,,,,,,,,,,,,,,,0,0,0,0,0.000000,0.000000,0.000000,0.000000,0.000000,0.000000,0.785398
70.000000,75.000000,-150.000000,-140.000000,0,0,1.000000,no_data,0,0.000000,,,,,,,,,,,,,,,,,,,,,,,0,0,0,0,0.000000,0.000000,0.000000,0.000000,0.000000,0.000000,0.785398
70.000000,75.000000,-140.000000,-130.000000,0,0,1.000000,no_data,0,0.000000,,,,,,,,,,,,,,,,,,,,,,,0,0,0,0,0.000000,0.000000,0.000000,0.000000,0.000000,0.000000,0.785398
70.000000,75.000000,-130.000000,-120.000000,0,0,1.000000,no_data,0,0.000000,,,,,,,,,,,,,,,,,,,,,,,0,0,0,0,0.000000,0.000000,0.000000,0.000000,0.000000,0.000000,0.785398
70.000000,75.000000,-120.000000,-110.000000,0,0,1.000000,no_data,0,0.000000,,,,,,,,,,,,,,,,,,,,,,,0,0,0,0,0.000000,0.000000,0.000000,0.000000,0.000000,0.000000,0.785398
70.000000,75.000000,-110.000000,-100.000000,0,0,1.000000,no_data,0,0.000000,,,,,,,,,,,,,,,,,,,,,,,0,0,0,0,0.000000,0.000000,0.000000,0.000000,0.000000,0.000000,0.785398
70.000000,75.000000,-100.000000,-90.000000,0,0,1.000000,no_data,0,0.000000,,,,,,,,,,,,,,,,,,,,,,,0,0,0,0,0.000000,0.000000,0.000000,0.000000,0.000000,0.000000,0.785398
70.000000,75.000000,-90.000000,-80.000000,0,0,1.000000,no_data,0,0.000000,,,,,,,,,,,,,,,,,,,,,,,0,0,0,0,0.000000,0.000000,0.000000,0.000000,0.000000,0.000000,0.785398
70.000000,75.000000,-80.000000,-70.000000,0,0,1.000000,no_data,0,0.000000,,,,,,,,,,,,,,,,,,,,,,,0,0,0,0,0.000000,0.000000,0.000000,0.000000,0.000000,0.000000,0.785398
70.000000,75.000000,-70.000000,-60.000000,0,0,1.000000,no_data,0,0.000000,,,,,,,,,,,,,,,,,,,,,,,0,0,0,0,0.000000,0.000000,0.000000,0.000000,0.000000,0.000000,0.785398
70.000000,75.000000,-60.000000,-50.000000,0,0,1.000000,no_data,0,0.000000,,,,,,,,,,,,,,,,,,,,,,,0,0,0,0,0.000000,0.000000,0.000000,0.000000,0.000000,0.000000,0.785398
70.000000,75.000000,-50.000000,-40.000000,0,0,1.000000,no_data,0,0.000000,,,,,,,,,,,,,,,,,,,,,,,0,0,0,0,0.000000,0.000000,0.000000,0.000000,0.000000,0.000000,0.785398
70.000000,75.000000,-40.000000,-30.000000,0,0,1.000000,no_data,0,0.000000,,,,,,,,,,,,,,,,,,,,,,,0,0,0,0,0.000000,0.000000,0.000000,0.000000,0.000000,0.000000,0.785398
70.000000,75.000000,-30.000000,-20.000000,0,0,1.000000,no_data,1,0.000530,,,0.226103,0.000000,,,,,,,,,,,,,,,,,,,1,0,0,0,2.045760,0.000000,4.582489,0.000000,1.799889,0.000000,0.000000
70.000000,75.000000,-20.000000,-10.000000,0,0,1.000000,no_data,10,0.005302,,,0.168687,0.041850,,,,,,,,,,,,,,,,,,,10,0,0,0,1.851190,0.016515,4.249618,0.120798,1.540743,0.034300,1.013527
70.000000,75.000000,-10.000000,0.000000,97,0,0.000000,measured,1,0.000530,0.878504,0.129623,0.121607,0.000000,-0.056556,-0.018731,0.013465,-0.055455,-0.021422,-0.003849,0.019276,-0.069515,-0.004623,0.219315,0.093723,0.077910,0.219659,0.092996,0.048819,0.136846,0.516871,0.108610,1,0,0,0,1.830140,0.000000,4.174537,0.000000,1.644794,0.000000,0.000000
70.000000,75.000000,0.000000,10.000000,64,13,0.203125,measured,4,0.002121,0.867700,0.109504,0.153894,0.056309,-0.059410,0.016458,0.001511,-0.053137,0.018171,-0.001833,-0.043875,-0.074510,0.012037,0.192508,0.181581,0.081909,0.193575,0.182225,0.049931,0.142775,0.302084,0.094234,4,0,0,0,2.319572,0.129206,5.220756,0.137713,2.789288,0.331698,0.073820
70.000000,75.000000,10.000000,20.000000,565,30,0.053097,measured,28,0.014846,0.816571,0.179933,0.631284,0.136126,-0.010684,-0.001794,0.011395,-0.011632,0.000493,-0.012617,-0.060043,0.030241,-0.002953,0.124143,0.105086,0.088083,0.124801,0.104216,0.052962,0.149152,0.208088,0.138948,28,0,0,0,2.091873,0.072664,4.723409,0.170671,2.101361,0.203673,0.031441
70.000000,75.000000,20.000000,30.000000,0,0,1.000000,no_data,0,0.000000,,,,,,,,,,,,,,,,,,,,,,,0,0,0,0,0.000000,0.000000,0.000000,0.000000,0.000000,0.000000,0.785398
70.000000,75.000000,30.000000,40.000000,0,0,1.000000,no_data,0,0.000000,,,,,,,,,,,,,,,,,,,,,,,0,0,0,0,0.000000,0.000000,0.000000,0.000000,0.000000,0.000000,0.785398
70.000000,75.000000,40.000000,50.000000,0,0,1.000000,no_data,0,0.000000,,,,,,,,,,,,,,,,,,,,,,,0,0,0,0,0.000000,0.000000,0.000000,0.000000,0.000000,0.000000,0.785398
70.000000,75.000000,50.000000,60.000000,0,0,1.000000,no_data,0,0.000000,,,,,,,,,,,,,,,,,,,,,,,0,0,0,0,0.000000,0.000000,0.000000,0.000000,0.000000,0.000000,0.785398
70.000000,75.000000,60.000000,70.000000,0,0,1.000000,no_data,0,0.000000,,,,,,,,,,,,,,,,,,,,,,,0,0,0,0,0.000000,0.000000,0.000000,0.000000,0.000000,0.000000,0.785398
70.000000,75.000000,70.000000,80.000000,0,0,1.000000,no_data,0,0.000000,,,,,,,,,,,,,,,,,,,,,,,0,0,0,0,0.000000,0.000000,0.000000,0.000000,0.000000,0.000000,0.785398
70.000000,75.000000,80.000000,90.000000,0,0,1.000000,no_data,0,0.000000,,,,,,,,,,,,,,,,,,,,,,,0,0,0,0,0.000000,0.000000,0.000000,0.000000,0.000000,0.000000,0.785398
70.000000,75.000000,90.000000,100.000000,0,0,1.000000,no_data,0,0.000000,,,,,,,,,,,,,,,,,,,,,,,0,0,0,0,0.000000,0.000000,0.000000,0.000000,0.000000,0.000000,0.785398
70.000000,75.000000,100.000000,110.000000,0,0,1.000000,no_data,0,0.000000,,,,,,,,,,,,,,,,,,,,,,,0,0,0,0,0.000000,0.000000,0.000000,0.000000,0.000000,0.000000,0.785398
70.000000,75.000000,110.000000,120.000000,0,0,1.000000,no_data,0,0.000000,,,,,,,,,,,,,,,,,,,,,,,0,0,0,0,0.000000,0.000000,0.000000,0.000000,0.000000,0.000000,0.785398
70.000000,75.000000,120.000000,130.000000,0,0,1.000000,no_data,0,0.000000,,,,,,,,,,,,,,,,,,,,,,,0,0,0,0,0.000000,0.000000,0.000000,0.000000,0.000000,0.000000,0.785398
70.000000,75.000000,130.000000,140.000000,0,0,1.000000,no_data,0,0.000000,,,,,,,,,,,,,,,,,,,,,,,0,0,0,0,0.000000,0.000000,0.000000,0.000000,0.000000,0.000000,0.785398
70.000000,75.000000,140.000000,150.000000,0,0,1.000000,no_data,0,0.000000,,,,,,,,,,,,,,,,,,,,,,,0,0,0,0,0.000000,0.000000,0.000000,0.000000,0.000000,0.000000,0.785398
70.000000,75.000000,150.000000,160.000000,0,0,1.000000,no_data,0,0.000000,,,,,,,,,,,,,,,,,,,,,,,0,0,0,0,0.000000,0.000000,0.000000,0.000000,0.000000,0.000000,0.785398
70.000000,75.000000,160.000000,170.000000,0,0,1.000000,no_data,0,0.000000,,,,,,,,,,,,,,,,,,,,,,,0,0,0,0,0.000000,0.000000,0.000000,0.000000,0.000000,0.000000,0.785398
70.000000,75.000000,170.000000,180.000000,0,0,1.000000,no_data,0,0.000000,,,,,,,,,,,,,,,,,,,,,,,0,0,0,0,0.000000,0.000000,0.000000,0.000000,0.000000,0.000000,0.785398
75.000000,80.000000,-180.000000,-170.000000,0,0,1.000000,no_data,0,0.000000,,,,,,,,,,,,,,,,,,,,,,,0,0,0,0,0.000000,0.000000,0.000000,0.000000,0.000000,0.000000,0.785398
75.000000,80.000000,-170.000000,-160.000000,0,0,1.000000,no_data,0,0.000000,,,,,,,,,,,,,,,,,,,,,,,0,0,0,0,0.000000,0.000000,0.000000,0.000000,0.000000,0.000000,0.785398
75.000000,80.000000,-160.000000,-150.000000,0,0,1.000000,no_data,0,0.000000,,,,,,,,,,,,,,,,,,,,,,,0,0,0,0,0.000000,0.000000,0.000000,0.000000,0.000000,0.000000,0.785398
75.000000,80.000000,-150.000000,-140.000000,0,0,1.000000,no_data,0,0.000000,,,,,,,,,,,,,,,,,,,,,,,0,0,0,0,0.000000,0.000000,0.000000,0.000000,0.000000,0.000000,0.785398
75.000000,80.000000,-140.000000,-130.000000,0,0,1.000000,no_data,0,0.000000,,,,,,,,,,,,,,,,,,,,,,,0,0,0,0,0.000000,0.000000,0.000000,0.000000,0.000000,0.000000,0.785398
75.000000,80.000000,-130.000000,-120.000000,0,0,1.000000,no_data,0,0.000000,,,,,,,,,,,,,,,,,,,,,,,0,0,0,0,0.000000,0.000000,0.000000,0.000000,0.000000,0.000000,0.785398
75.000000,80.000000,-120.000000,-110.000000,0,0,1.000000,no_data,0,0.000000,,,,,,,,,,,,,,,,,,,,,,,0,0,0,0,0.000000,0.000000,0.000000,0.000000,0.000000,0.000000,0.785398
75.000000,80.000000,-110.000000,-100.000000,0,0,1.000000,no_data,0,0.000000,,,,,,,,,,,,,,,,,,,,,,,0,0,0,0,0.000000,0.000000,0.000000,0.000000,0.000000,0.000000,0.785398
75.000000,80.000000,-100.000000,-90.000000,0,0,1.000000,no_data,0,0.000000,,,,,,,,,,,,,,,,,,,,,,,0,0,0,0,0.000000,0.000000,0.000000,0.000000,0.000000,0.000000,0.785398
75.000000,80.000000,-90.000000,-80.000000,0,0,1.000000,no_data,0,0.000000,,,,,,,,,,,,,,,,,,,,,,,0,0,0,0,0.000000,0.000000,0.000000,0.000000,0.000000,0.000000,0.785398
75.000000,80.000000,-80.000000,-70.000000,0,0,1.000000,no_data,0,0.000000,,,,,,,,,,,,,,,,,,,,,,,0,0,0,0,0.000000,0.000000,0.000000,0.000000,0.000000,0.000000,0.785398
75.000000,80.000000,-70.000000,-60.000000,0,0,1.000000,no_data,0,0.000000,,,,,,,,,,,,,,,,,,,,,,,0,0,0,0,0.000000,0.000000,0.000000,0.000000,0.000000,0.000000,0.785398
75.000000,80.000000,-60.000000,-50.000000,0,0,1.000000,no_data,0,0.000000,,,,,,,,,,,,,,,,,,,,,,,0,0,0,0,0.000000,0.000000,0.000000,0.000000,0.000000,0.000000,0.785398
75.000000,80.000000,-50.000000,-40.000000,0,0,1.000000,no_data,0,0.000000,,,,,,,,,,,,,,,,,,,,,,,0,0,0,0,0.000000,0.000000,0.000000,0.000000,0.000000,0.000000,0.785398
75.000000,80.000000,-40.000000,-30.000000,0,0,1.000000,no_data,0,0.000000,,,,,,,,,,,,,,,,,,,,,,,0,0,0,0,0.000000,0.000000,0.000000,0.000000,0.000000,0.000000,0.785398
75.000000,80.000000,-30.000000,-20.000000,0,0,1.000000,no_data,16,0.008484,,,0.171840,0.082916,,,,,,,,,,,,,,,,,,,16,0,0,0,1.870609,0.026169,4.540686,0.197662,1.679836,0.074861,1.683406
75.000000,80.000000,-20.000000,-10.000000,1,1,1.000000,no_data,2,0.001060,,,0.167842,0.066013,,,,,,,,,,,,,,,,,,,2,0,0,0,1.833398,0.006179,4.129284,0.010821,1.516278,0.004121,0.060276
75.000000,80.000000,-10.000000,0.000000,79,0,0.000000,measured,4,0.002121,0.851199,0.167649,0.279764,0.107963,-0.090733,-0.009999,0.023194,-0.089882,-0.013393,0.008190,-0.023004,-0.095793,-0.008419,0.201338,0.126844,0.070500,0.202349,0.125521,0.054203,0.125692,0.418650,0.108560,4,0,0,0,1.867919,0.017614,4.342969,0.093863,1.689245,0.091562,1.599493
75.000000,80.000000,0.000000,10.000000,111,22,0.198198,measured,7,0.003712,0.830135,0.203829,0.400949,0.298401,-0.091001,-0.052644,-0.022198,-0.092448,-0.048978,-0.012487,-0.024059,-0.267820,-0.065644,0.286775,0.279612,0.152572,0.287827,0.278721,0.464729,0.182781,1.158495,0.312533,7,0,0,0,1.945783,0.155320,4.476721,0.522348,2.053578,0.401425,1.335267
75.000000,80.000000,10.000000,20.000000,504,154,0.305556,measured,9,0.004772,0.872555,0.151279,0.729210,0.193649,-0.002034,-0.018543,0.002577,-0.006506,-0.018133,-0.015261,-0.030637,-0.006935,-0.014636,0.158503,0.093372,0.095171,0.156654,0.096322,0.057153,0.124820,0.176171,0.122498,9,0,0,0,1.885376,0.070634,4.274905,0.104938,1.600804,0.192931,0.170276
75.000000,80.000000,20.000000,30.000000,0,0,1.000000,no_data,0,0.000000,,,,,,,,,,,,,,,,,,,,,,,0,0,0,0,0.000000,0.000000,0.000000,0.000000,0.000000,0.000000,0.785398
75.000000,80.000000,30.000000,40.000000,0,0,1.000000,no_data,0,0.000000,,,,,,,,,,,,,,,,,,,,,,,0,0,0,0,0.000000,0.000000,0.000000,0.000000,0.000000,0.000000,0.785398
75.000000,80.000000,40.000000,50.000000,0,0,1.000000,no_data,0,0.000000,,,,,,,,,,,,,,,,,,,,,,,0,0,0,0,0.000000,0.000000,0.000000,0.000000,0.000000,0.000000,0.785398
75.000000,80.000000,50.000000,60.000000,0,0,1.000000,no_data,0,0.000000,,,,,,,,,,,,,,,,,,,,,,,0,0,0,0,0.000000,0.000000,0.000000,0.000000,0.000000,0.000000,0.785398
75.000000,80.000000,60.000000,70.000000,0,0,1.000000,no_data,0,0.000000,,,,,,,,,,,,,,,,,,,,,,,0,0,0,0,0.000000,0.000000,0.000000,0.000000,0.000000,0.000000,0.785398
75.000000,80.000000,70.000000,80.000000,0,0,1.000000,no_data,0,0.000000,,,,,,,,,,,,,,,,,,,,,,,0,0,0,0,0.000000,0.000000,0.000000,0.000000,0.000000,0.000000,0.785398
75.000000,80.000000,80.000000,90.000000,0,0,1.000000,no_data,0,0.000000,,,,,,,,,,,,,,,,,,,,,,,0,0,0,0,0.000000,0.000000,0.000000,0.000000,0.000000,0.000000,0.785398
75.000000,80.000000,90.000000,100.000000,0,0,1.000000,no_data,0,0.000000,,,,,,,,,,,,,,,,,,,,,,,0,0,0,0,0.000000,0.000000,0.000000,0.000000,0.000000,0.000000,0.785398
75.000000,80.000000,100.000000,110.000000,0,0,1.000000,no_data,0,0.000000,,,,,,,,,,,,,,,,,,,,,,,0,0,0,0,0.000000,0.000000,0.000000,0.000000,0.000000,0.000000,0.785398
75.000000,80.000000,110.000000,120.000000,0,0,1.000000,no_data,0,0.000000,,,,,,,,,,,,,,,,,,,,,,,0,0,0,0,0.000000,0.000000,0.000000,0.000000,0.000000,0.000000,0.785398
75.000000,80.000000,120.000000,130.000000,0,0,1.000000,no_data,0,0.000000,,,,,,,,,,,,,,,,,,,,,,,0,0,0,0,0.000000,0.000000,0.000000,0.000000,0.000000,0.000000,0.785398
75.000000,80.000000,130.000000,140.000000,0,0,1.000000,no_data,0,0.000000,,,,,,,,,,,,,,,,,,,,,,,0,0,0,0,0.000000,0.000000,0.000000,0.000000,0.000000,0.000000,0.785398
75.000000,80.000000,140.000000,150.000000,0,0,1.000000,no_data,0,0.000000,,,,,,,,,,,,,,,,,,,,,,,0,0,0,0,0.000000,0.000000,0.000000,0.000000,0.000000,0.000000,0.785398
75.000000,80.000000,150.000000,160.000000,0,0,1.000000,no_data,0,0.000000,,,,,,,,,,,,,,,,,,,,,,,0,0,0,0,0.000000,0.000000,0.000000,0.000000,0.000000,0.000000,0.785398
75.000000,80.000000,160.000000,170.000000,0,0,1.000000,no_data,0,0.000000,,,,,,,,,,,,,,,,,,,,,,,0,0,0,0,0.000000,0.000000,0.000000,0.000000,0.000000,0.000000,0.785398
75.000000,80.000000,170.000000,180.000000,0,0,1.000000,no_data,0,0.000000,,,,,,,,,,,,,,,,,,,,,,,0,0,0,0,0.000000,0.000000,0.000000,0.000000,0.000000,0.000000,0.785398
80.000000,85.000000,-180.000000,-170.000000,0,0,1.000000,no_data,0,0.000000,,,,,,,,,,,,,,,,,,,,,,,0,0,0,0,0.000000,0.000000,0.000000,0.000000,0.000000,0.000000,0.785398
80.000000,85.000000,-170.000000,-160.000000,0,0,1.000000,no_data,0,0.000000,,,,,,,,,,,,,,,,,,,,,,,0,0,0,0,0.000000,0.000000,0.000000,0.000000,0.000000,0.000000,0.785398
80.000000,85.000000,-160.000000,-150.000000,0,0,1.000000,no_data,0,0.000000,,,,,,,,,,,,,,,,,,,,,,,0,0,0,0,0.000000,0.000000,0.000000,0.000000,0.000000,0.000000,0.785398
80.000000,85.000000,-150.000000,-140.000000,0,0,1.000000,no_data,0,0.000000,,,,,,,,,,,,,,,,,,,,,,,0,0,0,0,0.000000,0.000000,0.000000,0.000000,0.000000,0.000000,0.785398
80.000000,85.000000,-140.000000,-130.000000,0,0,1.000000,no_data,0,0.000000,,,,,,,,,,,,,,,,,,,,,,,0,0,0,0,0.000000,0.000000,0.000000,0.000000,0.000000,0.000000,0.785398
80.000000,85.000000,-130.000000,-120.000000,0,0,1.000000,no_data,0,0.000000,,,,,,,,,,,,,,,,,,,,,,,0,0,0,0,0.000000,0.000000,0.000000,0.000000,0.000000,0.000000,0.785398
80.000000,85.000000,-120.000000,-110.000000,0,0,1.000000,no_data,0,0.000000,,,,,,,,,,,,,,,,,,,,,,,0,0,0,0,0.000000,0.000000,0.000000,0.000000,0.000000,0.000000,0.785398
80.000000,85.000000,-110.000000,-100.000000,0,0,1.000000,no_data,0,0.000000,,,,,,,,,,,,,,,,,,,,,,,0,0,0,0,0.000000,0.000000,0.000000,0.000000,0.000000,0.000000,0.785398
80.000000,85.000000,-100.000000,-90.000000,0,0,1.000000,no_data,0,0.000000,,,,,,,,,,,,,,,,,,,,,,,0,0,0,0,0.000000,0.000000,0.000000,0.000000,0.000000,0.000000,0.785398
80.000000,85.000000,-90.000000,-80.000000,0,0,1.000000,no_data,0,0.000000,,,,,,,,,,,,,,,,,,,,,,,0,0,0,0,0.000000,0.000000,0.000000,0.000000,0.000000,0.000000,0.785398
80.000000,85.000000,-80.000000,-70.000000,0,0,1.000000,no_data,0,0.000000,,,,,,,,,,,,,,,,,,,,,,,0,0,0,0,0.000000,0.000000,0.000000,0.000000,0.000000,0.000000,0.785398
80.000000,85.000000,-70.000000,-60.000000,0,0,1.000000,no_data,0,0.000000,,,,,,,,,,,,,,,,,,,,,,,0,0,0,0,0.000000,0.000000,0.000000,0.000000,0.000000,0.000000,0.785398
80.000000,85.000000,-60.000000,-50.000000,0,0,1.000000,no_data,0,0.000000,,,,,,,,,,,,,,,,,,,,,,,0,0,0,0,0.000000,0.000000,0.000000,0.000000,0.000000,0.000000,0.785398
80.000000,85.000000,-50.000000,-40.000000,0,0,1.000000,no_data,0,0.000000,,,,,,,,,,,,,,,,,,,,,,,0,0,0,0,0.000000,0.000000,0.000000,0.000000,0.000000,0.000000,0.785398
80.000000,85.000000,-40.000000,-30.000000,0,0,1.000000,no_data,0,0.000000,,,,,,,,,,,,,,,,,,,,,,,0,0,0,0,0.000000,0.000000,0.000000,0.000000,0.000000,0.000000,0.785398
80.000000,85.000000,-30.000000,-20.000000,0,0,1.000000,no_data,0,0.000000,,,,,,,,,,,,,,,,,,,,,,,0,0,0,0,0.000000,0.000000,0.000000,0.000000,0.000000,0.000000,0.785398
80.000000,85.000000,-20.000000,-10.000000,0,0,1.000000,no_data,0,0.000000,,,,,,,,,,,,,,,,,,,,,,,0,0,0,0,0.000000,0.000000,0.000000,0.000000,0.000000,0.000000,0.785398
80.000000,85.000000,-10.000000,0.000000,70,0,0.000000,measured,2,0.001060,0.819974,0.187147,0.133285,0.005194,-0.101782,-0.019167,0.032135,-0.101038,-0.022449,0.009842,-0.047630,-0.133647,-0.006150,0.264790,0.144529,0.078627,0.265805,0.142705,0.060101,0.127853,0.496676,0.094333,2,0,0,0,1.858142,0.017035,4.253276,0.009140,1.578687,0.015447,0.165116
80.000000,85.000000,0.000000,10.000000,107,9,0.084112,measured,11,0.005832,0.845102,0.156219,0.440548,0.328952,-0.095074,-0.016710,0.006144,-0.095740,-0.011816,-0.020611,-0.038362,-0.124901,-0.028153,0.255479,0.151881,0.091453,0.255305,0.152214,0.064782,0.141727,0.452750,0.125419,11,0,0,0,1.916885,0.144590,4.339935,0.279017,1.824144,0.420363,1.417646
80.000000,85.000000,10.000000,20.000000,149,18,0.120805,measured,4,0.002121,0.751814,0.207820,0.436024,0.098709,0.014698,-0.044568,0.054128,0.002622,-0.049517,-0.013890,-0.039249,0.007602,-0.052437,0.238111,0.228842,0.130447,0.231795,0.234692,0.077491,0.142108,0.188170,0.169673,4,0,0,0,1.899660,0.021592,4.352980,0.097919,1.620680,0.060609,0.834434
80.000000,85.000000,20.000000,30.000000,0,0,1.000000,no_data,0,0.000000,,,,,,,,,,,,,,,,,,,,,,,0,0,0,0,0.000000,0.000000,0.000000,0.000000,0.000000,0.000000,0.785398
80.000000,85.000000,30.000000,40.000000,0,0,1.000000,no_data,0,0.000000,,,,,,,,,,,,,,,,,,,,,,,0,0,0,0,0.000000,0.000000,0.000000,0.000000,0.000000,0.000000,0.785398
80.000000,85.000000,40.000000,50.000000,0,0,1.000000,no_data,0,0.000000,,,,,,,,,,,,,,,,,,,,,,,0,0,0,0,0.000000,0.000000,0.000000,0.000000,0.000000,0.000000,0.785398
80.000000,85.000000,50.000000,60.000000,0,0,1.000000,no_data,0,0.000000,,,,,,,,,,,,,,,,,,,,,,,0,0,0,0,0.000000,0.000000,0.000000,0.000000,0.000000,0.000000,0.785398
80.000000,85.000000,60.000000,70.000000,0,0,1.000000,no_data,0,0.000000,,,,,,,,,,,,,,,,,,,,,,,0,0,0,0,0.000000,0.000000,0.000000,0.000000,0.000000,0.000000,0.785398
80.000000,85.000000,70.000000,80.000000,0,0,1.000000,no_data,0,0.000000,,,,,,,,,,,,,,,,,,,,,,,0,0,0,0,0.000000,0.000000,0.000000,0.000000,0.000000,0.000000,0.785398
80.000000,85.000000,80.000000,90.000000,0,0,1.000000,no_data,0,0.000000,,,,,,,,,,,,,,,,,,,,,,,0,0,0,0,0.000000,0.000000,0.000000,0.000000,0.000000,0.000000,0.785398
80.000000,85.000000,90.000000,100.000000,0,0,1.000000,no_data,0,0.000000,,,,,,,,,,,,,,,,,,,,,,,0,0,0,0,0.000000,0.000000,0.000000,0.000000,0.000000,0.000000,0.785398
80.000000,85.000000,100.000000,110.000000,0,0,1.000000,no_data,0,0.000000,,,,,,,,,,,,,,,,,,,,,,,0,0,0,0,0.000000,0.000000,0.000000,0.000000,0.000000,0.000000,0.785398
80.000000,85.000000,110.000000,120.000000,0,0,1.000000,no_data,0,0.000000,,,,,,,,,,,,,,,,,,,,,,,0,0,0,0,0.000000,0.000000,0.000000,0.000000,0.000000,0.000000,0.785398
80.000000,85.000000,120.000000,130.000000,0,0,1.000000,no_data,0,0.000000,,,,,,,,,,,,,,,,,,,,,,,0,0,0,0,0.000000,0.000000,0.000000,0.000000,0.000000,0.000000,0.785398
80.000000,85.000000,130.000000,140.000000,0,0,1.000000,no_data,0,0.000000,,,,,,,,,,,,,,,,,,,,,,,0,0,0,0,0.000000,0.000000,0.000000,0.000000,0.000000,0.000000,0.785398
80.000000,85.000000,140.000000,150.000000,0,0,1.000000,no_data,0,0.000000,,,,,,,,,,,,,,,,,,,,,,,0,0,0,0,0.000000,0.000000,0.000000,0.000000,0.000000,0.000000,0.785398
80.000000,85.000000,150.000000,160.000000,0,0,1.000000,no_data,0,0.000000,,,,,,,,,,,,,,,,,,,,,,,0,0,0,0,0.000000,0.000000,0.000000,0.000000,0.000000,0.000000,0.785398
80.000000,85.000000,160.000000,170.000000,0,0,1.000000,no_data,0,0.000000,,,,,,,,,,,,,,,,,,,,,,,0,0,0,0,0.000000,0.000000,0.000000,0.000000,0.000000,0.000000,0.785398
80.000000,85.000000,170.000000,180.000000,0,0,1.000000,no_data,0,0.000000,,,,,,,,,,,,,,,,,,,,,,,0,0,0,0,0.000000,0.000000,0.000000,0.000000,0.000000,0.000000,0.785398
85.000000,90.000000,-180.000000,-170.000000,0,0,1.000000,no_data,0,0.000000,,,,,,,,,,,,,,,,,,,,,,,0,0,0,0,0.000000,0.000000,0.000000,0.000000,0.000000,0.000000,0.785398
85.000000,90.000000,-170.000000,-160.000000,0,0,1.000000,no_data,0,0.000000,,,,,,,,,,,,,,,,,,,,,,,0,0,0,0,0.000000,0.000000,0.000000,0.000000,0.000000,0.000000,0.785398
85.000000,90.000000,-160.000000,-150.000000,0,0,1.000000,no_data,0,0.000000,,,,,,,,,,,,,,,,,,,,,,,0,0,0,0,0.000000,0.000000,0.000000,0.000000,0.000000,0.000000,0.785398
85.000000,90.000000,-150.000000,-140.000000,0,0,1.000000,no_data,0,0.000000,,,,,,,,,,,,,,,,,,,,,,,0,0,0,0,0.000000,0.000000,0.000000,0.000000,0.000000,0.000000,0.785398
85.000000,90.000000,-140.000000,-130.000000,0,0,1.000000,no_data,0,0.000000,,,,,,,,,,,,,,,,,,,,,,,0,0,0,0,0.000000,0.000000,0.000000,0.000000,0.000000,0.000000,0.785398
85.000000,90.000000,-130.000000,-120.000000,0,0,1.000000,no_data,0,0.000000,,,,,,,,,,,,,,,,,,,,,,,0,0,0,0,0.000000,0.000000,0.000000,0.000000,0.000000,0.000000,0.785398
85.000000,90.000000,-120.000000,-110.000000,0,0,1.000000,no_data,0,0.000000,,,,,,,,,,,,,,,,,,,,,,,0,0,0,0,0.000000,0.000000,0.000000,0.000000,0.000000,0.000000,0.785398
85.000000,90.000000,-110.000000,-100.000000,0,0,1.000000,no_data,0,0.000000,,,,,,,,,,,,,,,,,,,,,,,0,0,0,0,0.000000,0.000000,0.000000,0.000000,0.000000,0.000000,0.785398
85.000000,90.000000,-100.000000,-90.000000,0,0,1.000000,no_data,0,0.000000,,,,,,,,,,,,,,,,,,,,,,,0,0,0,0,0.000000,0.000000,0.000000,0.000000,0.000000,0.000000,0.785398
85.000000,90.000000,-90.000000,-80.000000,0,0,1.000000,no_data,0,0.000000,,,,,,,,,,,,,,,,,,,,,,,0,0,0,0,0.000000,0.000000,0.000000,0.000000,0.000000,0.000000,0.785398
85.000000,90.000000,-80.000000,-70.000000,0,0,1.000000,no_data,0,0.000000,,,,,,,,,,,,,,,,,,,,,,,0,0,0,0,0.000000,0.000000,0.000000,0.000000,0.000000,0.000000,0.785398
85.000000,90.000000,-70.000000,-60.000000,0,0,1.000000,no_data,0,0.000000,,,,,,,,,,,,,,,,,,,,,,,0,0,0,0,0.000000,0.000000,0.000000,0.000000,0.000000,0.000000,0.785398
85.000000,90.000000,-60.000000,-50.000000,0,0,1.000000,no_data,0,0.000000,,,,,,,,,,,,,,,,,,,,,,,0,0,0,0,0.000000,0.000000,0.000000,0.000000,0.000000,0.000000,0.785398
85.000000,90.000000,-50.000000,-40.000000,0,0,1.000000,no_data,0,0.000000,,,,,,,,,,,,,,,,,,,,,,,0,0,0,0,0.000000,0.000000,0.000000,0.000000,0.000000,0.000000,0.785398
85.000000,90.000000,-40.000000,-30.000000,0,0,1.000000,no_data,0,0.000000,,,,,,,,,,,,,,,,,,,,,,,0,0,0,0,0.000000,0.000000,0.000000,0.000000,0.000000,0.000000,0.785398
85.000000,90.000000,-30.000000,-20.000000,0,0,1.000000,no_data,0,0.000000,,,,,,,,,,,,,,,,,,,,,,,0,0,0,0,0.000000,0.000000,0.000000,0.000000,0.000000,0.000000,0.785398
85.000000,90.000000,-20.000000,-10.000000,0,0,1.000000,no_data,5,0.002651,,,0.165444,0.050347,,,,,,,,,,,,,,,,,,,5,0,0,0,1.864858,0.036149,4.325270,0.081240,1.562535,0.056785,0.062085
85.000000,90.000000,-10.000000,0.000000,70,0,0.000000,measured,11,0.005832,0.829772,0.162495,0.152521,0.038702,-0.066515,0.017168,0.032290,-0.067069,0.015579,0.008803,-0.002149,-0.072003,-0.013592,0.196028,0.118714,0.081713,0.196946,0.117089,0.048876,0.130095,0.415532,0.121521,11,0,0,0,1.859173,0.037677,4.269127,0.067602,1.596771,0.084267,0.959652
85.000000,90.000000,0.000000,10.000000,115,7,0.060870,measured,18,0.009544,0.834612,0.175908,0.181283,0.095271,-0.110310,-0.023614,0.004680,-0.111630,-0.018582,-0.034827,-0.028958,-0.205138,-0.034045,0.279990,0.183901,0.122147,0.281112,0.181959,0.301454,0.154991,0.849717,0.218817,18,0,0,0,1.858249,0.033912,4.245243,0.079429,1.572295,0.045591,0.767172
85.000000,90.000000,10.000000,20.000000,160,19,0.118750,measured,62,0.032874,0.786229,0.176975,0.225909,0.148090,-0.008162,-0.007392,0.048483,-0.009363,-0.005932,-0.029426,-0.015799,0.018355,-0.029757,0.103482,0.121293,0.149079,0.106023,0.119072,0.077925,0.144953,0.160769,0.132519,62,0,0,0,1.966936,0.052850,4.405506,0.108361,1.698803,0.132587,0.299359
85.000000,90.000000,20.000000,30.000000,0,0,1.000000,no_data,0,0.000000,,,,,,,,,,,,,,,,,,,,,,,0,0,0,0,0.000000,0.000000,0.000000,0.000000,0.000000,0.000000,0.785398
85.000000,90.000000,30.000000,40.000000,0,0,1.000000,no_data,0,0.000000,,,,,,,,,,,,,,,,,,,,,,,0,0,0,0,0.000000,0.000000,0.000000,0.000000,0.000000,0.000000,0.785398
85.000000,90.000000,40.000000,50.000000,0,0,1.000000,no_data,0,0.000000,,,,,,,,,,,,,,,,,,,,,,,0,0,0,0,0.000000,0.000000,0.000000,0.000000,0.000000,0.000000,0.785398
85.000000,90.000000,50.000000,60.000000,0,0,1.000000,no_data,0,0.000000,,,,,,,,,,,,,,,,,,,,,,,0,0,0,0,0.000000,0.000000,0.000000,0.000000,0.000000,0.000000,0.785398
85.000000,90.000000,60.000000,70.000000,0,0,1.000000,no_data,0,0.000000,,,,,,,,,,,,,,,,,,,,,,,0,0,0,0,0.000000,0.000000,0.000000,0.000000,0.000000,0.000000,0.785398
85.000000,90.000000,70.000000,80.000000,0,0,1.000000,no_data,0,0.000000,,,,,,,,,,,,,,,,,,,,,,,0,0,0,0,0.000000,0.000000,0.000000,0.000000,0.000000,0.000000,0.785398
85.000000,90.000000,80.000000,90.000000,0,0,1.000000,no_data,0,0.000000,,,,,,,,,,,,,,,,,,,,,,,0,0,0,0,0.000000,0.000000,0.000000,0.000000,0.000000,0.000000,0.785398
85.000000,90.000000,90.000000,100.000000,0,0,1.000000,no_data,0,0.000000,,,,,,,,,,,,,,,,,,,,,,,0,0,0,0,0.000000,0.000000,0.000000,0.000000,0.000000,0.000000,0.785398
85.000000,90.000000,100.000000,110.000000,0,0,1.000000,no_data,0,0.000000,,,,,,,,,,,,,,,,,,,,,,,0,0,0,0,0.000000,0.000000,0.000000,0.000000,0.000000,0.000000,0.785398
85.000000,90.000000,110.000000,120.000000,0,0,1.000000,no_data,0,0.000000,,,,,,,,,,,,,,,,,,,,,,,0,0,0,0,0.000000,0.000000,0.000000,0.000000,0.000000,0.000000,0.785398
85.000000,90.000000,120.000000,130.000000,0,0,1.000000,no_data,0,0.000000,,,,,,,,,,,,,,,,,,,,,,,0,0,0,0,0.000000,0.000000,0.000000,0.000000,0.000000,0.000000,0.785398
85.000000,90.000000,130.000000,140.000000,0,0,1.000000,no_data,0,0.000000,,,,,,,,,,,,,,,,,,,,,,,0,0,0,0,0.000000,0.000000,0.000000,0.000000,0.000000,0.000000,0.785398
85.000000,90.000000,140.000000,150.000000,0,0,1.000000,no_data,0,0.000000,,,,,,,,,,,,,,,,,,,,,,,0,0,0,0,0.000000,0.000000,0.000000,0.000000,0.000000,0.000000,0.785398
85.000000,90.000000,150.000000,160.000000,0,0,1.000000,no_data,0,0.000000,,,,,,,,,,,,,,,,,,,,,,,0,0,0,0,0.000000,0.000000,0.000000,0.000000,0.000000,0.000000,0.785398
85.000000,90.000000,160.000000,170.000000,0,0,1.000000,no_data,0,0.000000,,,,,,,,,,,,,,,,,,,,,,,0,0,0,0,0.000000,0.000000,0.000000,0.000000,0.000000,0.000000,0.785398
85.000000,90.000000,170.000000,180.000000,0,0,1.000000,no_data,0,0.000000,,,,,,,,,,,,,,,,,,,,,,,0,0,0,0,0.000000,0.000000,0.000000,0.000000,0.000000,0.000000,0.785398
90.000000,95.000000,-180.000000,-170.000000,0,0,1.000000,no_data,0,0.000000,,,,,,,,,,,,,,,,,,,,,,,0,0,0,0,0.000000,0.000000,0.000000,0.000000,0.000000,0.000000,0.785398
90.000000,95.000000,-170.000000,-160.000000,0,0,1.000000,no_data,0,0.000000,,,,,,,,,,,,,,,,,,,,,,,0,0,0,0,0.000000,0.000000,0.000000,0.000000,0.000000,0.000000,0.785398
90.000000,95.000000,-160.000000,-150.000000,0,0,1.000000,no_data,0,0.000000,,,,,,,,,,,,,,,,,,,,,,,0,0,0,0,0.000000,0.000000,0.000000,0.000000,0.000000,0.000000,0.785398
90.000000,95.000000,-150.000000,-140.000000,0,0,1.000000,no_data,0,0.000000,,,,,,,,,,,,,,,,,,,,,,,0,0,0,0,0.000000,0.000000,0.000000,0.000000,0.000000,0.000000,0.785398
90.000000,95.000000,-140.000000,-130.000000,0,0,1.000000,no_data,0,0.000000,,,,,,,,,,,,,,,,,,,,,,,0,0,0,0,0.000000,0.000000,0.000000,0.000000,0.000000,0.000000,0.785398
90.000000,95.000000,-130.000000,-120.000000,0,0,1.000000,no_data,0,0.000000,,,,,,,,,,,,,,,,,,,,,,,0,0,0,0,0.000000,0.000000,0.000000,0.000000,0.000000,0.000000,0.785398
90.000000,95.000000,-120.000000,-110.000000,0,0,1.000000,no_data,0,0.000000,,,,,,,,,,,,,,,,,,,,,,,0,0,0,0,0.000000,0.000000,0.000000,0.000000,0.000000,0.000000,0.785398
90.000000,95.000000,-110.000000,-100.000000,0,0,1.000000,no_data,0,0.000000,,,,,,,,,,,,,,,,,,,,,,,0,0,0,0,0.000000,0.000000,0.000000,0.000000,0.000000,0.000000,0.785398
90.000000,95.000000,-100.000000,-90.000000,0,0,1.000000,no_data,0,0.000000,,,,,,,,,,,,,,,,,,,,,,,0,0,0,0,0.000000,0.000000,0.000000,0.000000,0.000000,0.000000,0.785398
90.000000,95.000000,-90.000000,-80.000000,0,0,1.000000,no_data,0,0.000000,,,,,,,,,,,,,,,,,,,,,,,0,0,0,0,0.000000,0.000000,0.000000,0.000000,0.000000,0.000000,0.785398
90.000000,95.000000,-80.000000,-70.000000,0,0,1.000000,no_data,0,0.000000,,,,,,,,,,,,,,,,,,,,,,,0,0,0,0,0.000000,0.000000,0.000000,0.000000,0.000000,0.000000,0.785398
90.000000,95.000000,-70.000000,-60.000000,0,0,1.000000,no_data,0,0.000000,,,,,,,,,,,,,,,,,,,,,,,0,0,0,0,0.000000,0.000000,0.000000,0.000000,0.000000,0.000000,0.785398
90.000000,95.000000,-60.000000,-50.000000,0,0,1.000000,no_data,0,0.000000,,,,,,,,,,,,,,,,,,,,,,,0,0,0,0,0.000000,0.000000,0.000000,0.000000,0.000000,0.000000,0.785398
90.000000,95.000000,-50.000000,-40.000000,0,0,1.000000,no_data,0,0.000000,,,,,,,,,,,,,,,,,,,,,,,0,0,0,0,0.000000,0.000000,0.000000,0.000000,0.000000,0.000000,0.785398
90.000000,95.000000,-40.000000,-30.000000,0,0,1.000000,no_data,0,0.000000,,,,,,,,,,,,,,,,,,,,,,,0,0,0,0,0.000000,0.000000,0.000000,0.000000,0.000000,0.000000,0.785398
90.000000,95.000000,-30.000000,-20.000000,0,0,1.000000,no_data,4,0.002121,,,0.131736,0.025502,,,,,,,,,,,,,,,,,,,4,0,0,0,1.898578,0.056628,4.358477,0.129089,1.624539,0.096610,0.236113
90.000000,95.000000,-20.000000,-10.000000,0,0,1.000000,no_data,66,0.034995,,,0.194301,0.101682,,,,,,,,,,,,,,,,,,,66,0,0,0,1.863781,0.015831,4.308081,0.033763,1.539804,0.013808,0.057347
90.000000,95.000000,-10.000000,0.000000,63,32,0.507937,measured,7,0.003712,0.736643,0.228723,0.202402,0.102210,-0.177478,0.040037,0.027740,-0.178612,0.035286,0.004118,-0.003271,-0.253868,-0.067168,0.414383,0.115647,0.097514,0.415203,0.112464,0.068289,0.144943,0.833582,0.136527,7,0,0,0,1.883321,0.036137,4.348067,0.062266,1.693275,0.152094,0.168369
90.000000,95.000000,0.000000,10.000000,125,61,0.488000,measured,19,0.010074,0.802316,0.164357,0.216222,0.152015,-0.064711,0.009967,-0.005187,-0.064545,0.011264,0.005767,-0.015821,-0.074030,-0.046358,0.246600,0.122972,0.150919,0.246129,0.123888,0.068289,0.119712,0.458753,0.171061,19,0,0,0,1.912408,0.138820,4.349974,0.219013,1.683612,0.363407,0.981940
90.000000,95.000000,10.000000,20.000000,152,37,0.243421,measured,27,0.014316,0.813982,0.105293,0.255148,0.233447,-0.034972,0.015337,0.050899,-0.030181,0.022845,-0.016050,-0.017017,-0.002149,-0.041038,0.108432,0.121609,0.169826,0.113725,0.116784,0.067052,0.154161,0.184476,0.184406,27,0,0,0,1.910729,0.048250,4.366808,0.086347,1.623351,0.119484,0.093283
90.000000,95.000000,20.000000,30.000000,0,0,1.000000,no_data,0,0.000000,,,,,,,,,,,,,,,,,,,,,,,0,0,0,0,0.000000,0.000000,0.000000,0.000000,0.000000,0.000000,0.785398
90.000000,95.000000,30.000000,40.000000,0,0,1.000000,no_data,0,0.000000,,,,,,,,,,,,,,,,,,,,,,,0,0,0,0,0.000000,0.000000,0.000000,0.000000,0.000000,0.000000,0.785398
90.000000,95.000000,40.000000,50.000000,0,0,1.000000,no_data,0,0.000000,,,,,,,,,,,,,,,,,,,,,,,0,0,0,0,0.000000,0.000000,0.000000,0.000000,0.000000,0.000000,0.785398
90.000000,95.000000,50.000000,60.000000,0,0,1.000000,no_data,0,0.000000,,,,,,,,,,,,,,,,,,,,,,,0,0,0,0,0.000000,0.000000,0.000000,0.000000,0.000000,0.000000,0.785398
90.000000,95.000000,60.000000,70.000000,0,0,1.000000,no_data,0,0.000000,,,,,,,,,,,,,,,,,,,,,,,0,0,0,0,0.000000,0.000000,0.000000,0.000000,0.000000,0.000000,0.785398
90.000000,95.000000,70.000000,80.000000,0,0,1.000000,no_data,0,0.000000,,,,,,,,,,,,,,,,,,,,,,,0,0,0,0,0.000000,0.000000,0.000000,0.000000,0.000000,0.000000,0.785398
90.000000,95.000000,80.000000,90.000000,0,0,1.000000,no_data,0,0.000000,,,,,,,,,,,,,,,,,,,,,,,0,0,0,0,0.000000,0.000000,0.000000,0.000000,0.000000,0.000000,0.785398
90.000000,95.000000,90.000000,100.000000,0,0,1.000000,no_data,0,0.000000,,,,,,,,,,,,,,,,,,,,,,,0,0,0,0,0.000000,0.000000,0.000000,0.000000,0.000000,0.000000,0.785398
90.000000,95.000000,100.000000,110.000000,0,0,1.000000,no_data,0,0.000000,,,,,,,,,,,,,,,,,,,,,,,0,0,0,0,0.000000,0.000000,0.000000,0.000000,0.000000,0.000000,0.785398
90.000000,95.000000,110.000000,120.000000,0,0,1.000000,no_data,0,0.000000,,,,,,,,,,,,,,,,,,,,,,,0,0,0,0,0.000000,0.000000,0.000000,0.000000,0.000000,0.000000,0.785398
90.000000,95.000000,120.000000,130.000000,0,0,1.000000,no_data,0,0.000000,,,,,,,,,,,,,,,,,,,,,,,0,0,0,0,0.000000,0.000000,0.000000,0.000000,0.000000,0.000000,0.785398
90.000000,95.000000,130.000000,140.000000,0,0,1.000000,no_data,0,0.000000,,,,,,,,,,,,,,,,,,,,,,,0,0,0,0,0.000000,0.000000,0.000000,0.000000,0.000000,0.000000,0.785398
90.000000,95.000000,140.000000,150.000000,0,0,1.000000,no_data,0,0.000000,,,,,,,,,,,,,,,,,,,,,,,0,0,0,0,0.000000,0.000000,0.000000,0.000000,0.000000,0.000000,0.785398
90.000000,95.000000,150.000000,160.000000,0,0,1.000000,no_data,0,0.000000,,,,,,,,,,,,,,,,,,,,,,,0,0,0,0,0.000000,0.000000,0.000000,0.000000,0.000000,0.000000,0.785398
90.000000,95.000000,160.000000,170.000000,0,0,1.000000,no_data,0,0.000000,,,,,,,,,,,,,,,,,,,,,,,0,0,0,0,0.000000,0.000000,0.000000,0.000000,0.000000,0.000000,0.785398
90.000000,95.000000,170.000000,180.000000,0,0,1.000000,no_data,0,0.000000,,,,,,,,,,,,,,,,,,,,,,,0,0,0,0,0.000000,0.000000,0.000000,0.000000,0.000000,0.000000,0.785398
95.000000,100.000000,-180.000000,-170.000000,0,0,1.000000,no_data,0,0.000000,,,,,,,,,,,,,,,,,,,,,,,0,0,0,0,0.000000,0.000000,0.000000,0.000000,0.000000,0.000000,0.785398
95.000000,100.000000,-170.000000,-160.000000,0,0,1.000000,no_data,0,0.000000,,,,,,,,,,,,,,,,,,,,,,,0,0,0,0,0.000000,0.000000,0.000000,0.000000,0.000000,0.000000,0.785398
95.000000,100.000000,-160.000000,-150.000000,0,0,1.000000,no_data,0,0.000000,,,,,,,,,,,,,,,,,,,,,,,0,0,0,0,0.000000,0.000000,0.000000,0.000000,0.000000,0.000000,0.785398
95.000000,100.000000,-150.000000,-140.000000,0,0,1.000000,no_data,0,0.000000,,,,,,,,,,,,,,,,,,,,,,,0,0,0,0,0.000000,0.000000,0.000000,0.000000,0.000000,0.000000,0.785398
95.000000,100.000000,-140.000000,-130.000000,0,0,1.000000,no_data,0,0.000000,,,,,,,,,,,,,,,,,,,,,,,0,0,0,0,0.000000,0.000000,0.000000,0.000000,0.000000,0.000000,0.785398
95.000000,100.000000,-130.000000,-120.000000,0,0,1.000000,no_data,0,0.000000,,,,,,,,,,,,,,,,,,,,,,,0,0,0,0,0.000000,0.000000,0.000000,0.000000,0.000000,0.000000,0.785398
95.000000,100.000000,-120.000000,-110.000000,0,0,1.000000,no_data,0,0.000000,,,,,,,,,,,,,,,,,,,,,,,0,0,0,0,0.000000,0.000000,0.000000,0.000000,0.000000,0.000000,0.785398
95.000000,100.000000,-110.000000,-100.000000,0,0,1.000000,no_data,0,0.000000,,,,,,,,,,,,,,,,,,,,,,,0,0,0,0,0.000000,0.000000,0.000000,0.000000,0.000000,0.000000,0.785398
95.000000,100.000000,-100.000000,-90.000000,0,0,1.000000,no_data,0,0.000000,,,,,,,,,,,,,,,,,,,,,,,0,0,0,0,0.000000,0.000000,0.000000,0.000000,0.000000,0.000000,0.785398
95.000000,100.000000,-90.000000,-80.000000,0,0,1.000000,no_data,0,0.000000,,,,,,,,,,,,,,,,,,,,,,,0,0,0,0,0.000000,0.000000,0.000000,0.000000,0.000000,0.000000,0.785398
95.000000,100.000000,-80.000000,-70.000000,0,0,1.000000,no_data,0,0.000000,,,,,,,,,,,,,,,,,,,,,,,0,0,0,0,0.000000,0.000000,0.000000,0.000000,0.000000,0.000000,0.785398
95.000000,100.000000,-70.000000,-60.000000,0,0,1.000000,no_data,0,0.000000,,,,,,,,,,,,,,,,,,,,,,,0,0,0,0,0.000000,0.000000,0.000000,0.000000,0.000000,0.000000,0.785398
95.000000,100.000000,-60.000000,-50.000000,0,0,1.000000,no_data,0,0.000000,,,,,,,,,,,,,,,,,,,,,,,0,0,0,0,0.000000,0.000000,0.000000,0.000000,0.000000,0.000000,0.785398
95.000000,100.000000,-50.000000,-40.000000,0,0,1.000000,no_data,0,0.000000,,,,,,,,,,,,,,,,,,,,,,,0,0,0,0,0.000000,0.000000,0.000000,0.000000,0.000000,0.000000,0.785398
95.000000,100.000000,-40.000000,-30.000000,0,0,1.000000,no_data,0,0.000000,,,,,,,,,,,,,,,,,,,,,,,0,0,0,0,0.000000,0.000000,0.000000,0.000000,0.000000,0.000000,0.785398
95.000000,100.000000,-30.000000,-20.000000,0,0,1.000000,no_data,0,0.000000,,,,,,,,,,,,,,,,,,,,,,,0,0,0,0,0.000000,0.000000,0.000000,0.000000,0.000000,0.000000,0.785398
95.000000,100.000000,-20.000000,-10.000000,0,0,1.000000,no_data,13,0.006893,,,0.210721,0.061483,,,,,,,,,,,,,,,,,,,13,0,0,0,1.882675,0.010358,4.321669,0.023409,1.548618,0.008117,0.034999
95.000000,100.000000,-10.000000,0.000000,50,50,1.000000,no_data,0,0.000000,,,,,,,,,,,,,,,,,,,,,,,0,0,0,0,0.000000,0.000000,0.000000,0.000000,0.000000,0.000000,0.785398
95.000000,100.000000,0.000000,10.000000,133,133,1.000000,no_data,0,0.000000,,,,,,,,,,,,,,,,,,,,,,,0,0,0,0,0.000000,0.000000,0.000000,0.000000,0.000000,0.000000,0.785398
95.000000,100.000000,10.000000,20.000000,103,100,0.970874,measured,2,0.001060,0.548238,0.156429,0.137024,0.008642,-0.259243,0.088484,-0.197350,-0.227023,0.154266,0.048171,0.048473,-0.331771,-0.350520,0.097427,0.186060,0.114188,0.119958,0.171520,0.140421,0.065180,0.330314,0.149321,2,0,0,0,1.886578,0.014838,4.299153,0.016975,1.574726,0.001322,0.086450
95.000000,100.000000,20.000000,30.000000,0,0,1.000000,no_data,0,0.000000,,,,,,,,,,,,,,,,,,,,,,,0,0,0,0,0.000000,0.000000,0.000000,0.000000,0.000000,0.000000,0.785398
95.000000,100.000000,30.000000,40.000000,0,0,1.000000,no_data,0,0.000000,,,,,,,,,,,,,,,,,,,,,,,0,0,0,0,0.000000,0.000000,0.000000,0.000000,0.000000,0.000000,0.785398
95.000000,100.000000,40.000000,50.000000,0,0,1.000000,no_data,0,0.000000,,,,,,,,,,,,,,,,,,,,,,,0,0,0,0,0.000000,0.000000,0.000000,0.000000,0.000000,0.000000,0.785398
95.000000,100.000000,50.000000,60.000000,0,0,1.000000,no_data,0,0.000000,,,,,,,,,,,,,,,,,,,,,,,0,0,0,0,0.000000,0.000000,0.000000,0.000000,0.000000,0.000000,0.785398
95.000000,100.000000,60.000000,70.000000,0,0,1.000000,no_data,0,0.000000,,,,,,,,,,,,,,,,,,,,,,,0,0,0,0,0.000000,0.000000,0.000000,0.000000,0.000000,0.000000,0.785398
95.000000,100.000000,70.000000,80.000000,0,0,1.000000,no_data,0,0.000000,,,,,,,,,,,,,,,,,,,,,,,0,0,0,0,0.000000,0.000000,0.000000,0.000000,0.000000,0.000000,0.785398
95.000000,100.000000,80.000000,90.000000,0,0,1.000000,no_data,0,0.000000,,,,,,,,,,,,,,,,,,,,,,,0,0,0,0,0.000000,0.000000,0.000000,0.000000,0.000000,0.000000,0.785398
95.000000,100.000000,90.000000,100.000000,0,0,1.000000,no_data,0,0.000000,,,,,,,,,,,,,,,,,,,,,,,0,0,0,0,0.000000,0.000000,0.000000,0.000000,0.000000,0.000000,0.785398
95.000000,100.000000,100.000000,110.000000,0,0,1.000000,no_data,0,0.000000,,,,,,,,,,,,,,,,,,,,,,,0,0,0,0,0.000000,0.000000,0.000000,0.000000,0.000000,0.000000,0.785398
95.000000,100.000000,110.000000,120.000000,0,0,1.000000,no_data,0,0.000000,,,,,,,,,,,,,,,,,,,,,,,0,0,0,0,0.000000,0.000000,0.000000,0.000000,0.000000,0.000000,0.785398
95.000000,100.000000,120.000000,130.000000,0,0,1.000000,no_data,0,0.000000,,,,,,,,,,,,,,,,,,,,,,,0,0,0,0,0.000000,0.000000,0.000000,0.000000,0.000000,0.000000,0.785398
95.000000,100.000000,130.000000,140.000000,0,0,1.000000,no_data,0,0.000000,,,,,,,,,,,,,,,,,,,,,,,0,0,0,0,0.000000,0.000000,0.000000,0.000000,0.000000,0.000000,0.785398
95.000000,100.000000,140.000000,150.000000,0,0,1.000000,no_data,0,0.000000,,,,,,,,,,,,,,,,,,,,,,,0,0,0,0,0.000000,0.000000,0.000000,0.000000,0.000000,0.000000,0.785398
95.000000,100.000000,150.000000,160.000000,0,0,1.000000,no_data,0,0.000000,,,,,,,,,,,,,,,,,,,,,,,0,0,0,0,0.000000,0.000000,0.000000,0.000000,0.000000,0.000000,0.785398
95.000000,100.000000,160.000000,170.000000,0,0,1.000000,no_data,0,0.000000,,,,,,,,,,,,,,,,,,,,,,,0,0,0,0,0.000000,0.000000,0.000000,0.000000,0.000000,0.000000,0.785398
95.000000,100.000000,170.000000,180.000000,0,0,1.000000,no_data,0,0.000000,,,,,,,,,,,,,,,,,,,,,,,0,0,0,0,0.000000,0.000000,0.000000,0.000000,0.000000,0.000000,0.785398
100.000000,105.000000,-180.000000,-170.000000,0,0,1.000000,no_data,0,0.000000,,,,,,,,,,,,,,,,,,,,,,,0,0,0,0,0.000000,0.000000,0.000000,0.000000,0.000000,0.000000,0.785398
100.000000,105.000000,-170.000000,-160.000000,0,0,1.000000,no_data,0,0.000000,,,,,,,,,,,,,,,,,,,,,,,0,0,0,0,0.000000,0.000000,0.000000,0.000000,0.000000,0.000000,0.785398
100.000000,105.000000,-160.000000,-150.000000,0,0,1.000000,no_data,0,0.000000,,,,,,,,,,,,,,,,,,,,,,,0,0,0,0,0.000000,0.000000,0.000000,0.000000,0.000000,0.000000,0.785398
100.000000,105.000000,-150.000000,-140.000000,0,0,1.000000,no_data,0,0.000000,,,,,,,,,,,,,,,,,,,,,,,0,0,0,0,0.000000,0.000000,0.000000,0.000000,0.000000,0.000000,0.785398
100.000000,105.000000,-140.000000,-130.000000,0,0,1.000000,no_data,0,0.000000,,,,,,,,,,,,,,,,,,,,,,,0,0,0,0,0.000000,0.000000,0.000000,0.000000,0.000000,0.000000,0.785398
100.000000,105.000000,-130.000000,-120.000000,0,0,1.000000,no_data,0,0.000000,,,,,,,,,,,,,,,,,,,,,,,0,0,0,0,0.000000,0.000000,0.000000,0.000000,0.000000,0.000000,0.785398
100.000000,105.000000,-120.000000,-110.000000,0,0,1.000000,no_data,0,0.000000,,,,,,,,,,,,,,,,,,,,,,,0,0,0,0,0.000000,0.000000,0.000000,0.000000,0.000000,0.000000,0.785398
100.000000,105.000000,-110.000000,-100.000000,0,0,1.000000,no_data,0,0.000000,,,,,,,,,,,,,,,,,,,,,,,0,0,0,0,0.000000,0.000000,0.000000,0.000000,0.000000,0.000000,0.785398
100.000000,105.000000,-100.000000,-90.000000,0,0,1.000000,no_data,0,0.000000,,,,,,,,,,,,,,,,,,,,,,,0,0,0,0,0.000000,0.000000,0.000000,0.000000,0.000000,0.000000,0.785398
100.000000,105.000000,-90.000000,-80.000000,0,0,1.000000,no_data,0,0.000000,,,,,,,,,,,,,,,,,,,,,,,0,0,0,0,0.000000,0.000000,0.000000,0.000000,0.000000,0.000000,0.785398
100.000000,105.000000,-80.000000,-70.000000,0,0,1.000000,no_data,0,0.000000,,,,,,,,,,,,,,,,,,,,,,,0,0,0,0,0.000000,0.000000,0.000000,0.000000,0.000000,0.000000,0.785398
100.000000,105.000000,-70.000000,-60.000000,0,0,1.000000,no_data,0,0.000000,,,,,,,,,,,,,,,,,,,,,,,0,0,0,0,0.000000,0.000000,0.000000,0.000000,0.000000,0.000000,0.785398
100.000000,105.000000,-60.000000,-50.000000,0,0,1.000000,no_data,0,0.000000,,,,,,,,,,,,,,,,,,,,,,,0,0,0,0,0.000000,0.000000,0.000000,0.000000,0.000000,0.000000,0.785398
100.000000,105.000000,-50.000000,-40.000000,0,0,1.000000,no_data,0,0.000000,,,,,,,,,,,,,,,,,,,,,,,0,0,0,0,0.000000,0.000000,0.000000,0.000000,0.000000,0.000000,0.785398
100.000000,105.000000,-40.000000,-30.000000,0,0,1.000000,no_data,0,0.000000,,,,,,,,,,,,,,,,,,,,,,,0,0,0,0,0.000000,0.000000,0.000000,0.000000,0.000000,0.000000,0.785398
100.000000,105.000000,-30.000000,-20.000000,0,0,1.000000,no_data,0,0.000000,,,,,,,,,,,,,,,,,,,,,,,0,0,0,0,0.000000,0.000000,0.000000,0.000000,0.000000,0.000000,0.785398
100.000000,105.000000,-20.000000,-10.000000,0,0,1.000000,no_data,0,0.000000,,,,,,,,,,,,,,,,,,,,,,,0,0,0,0,0.000000,0.000000,0.000000,0.000000,0.000000,0.000000,0.785398
100.000000,105.000000,-10.000000,0.000000,38,38,1.000000,no_data,0,0.000000,,,,,,,,,,,,,,,,,,,,,,,0,0,0,0,0.000000,0.000000,0.000000,0.000000,0.000000,0.000000,0.785398
100.000000,105.000000,0.000000,10.000000,148,148,1.000000,no_data,0,0.000000,,,,,,,,,,,,,,,,,,,,,,,0,0,0,0,0.000000,0.000000,0.000000,0.000000,0.000000,0.000000,0.785398
100.000000,105.000000,10.000000,20.000000,95,95,1.000000,no_data,0,0.000000,,,,,,,,,,,,,,,,,,,,,,,0,0,0,0,0.000000,0.000000,0.000000,0.000000,0.000000,0.000000,0.785398
100.000000,105.000000,20.000000,30.000000,0,0,1.000000,no_data,0,0.000000,,,,,,,,,,,,,,,,,,,,,,,0,0,0,0,0.000000,0.000000,0.000000,0.000000,0.000000,0.000000,0.785398
100.000000,105.000000,30.000000,40.000000,0,0,1.000000,no_data,0,0.000000,,,,,,,,,,,,,,,,,,,,,,,0,0,0,0,0.000000,0.000000,0.000000,0.000000,0.000000,0.000000,0.785398
100.000000,105.000000,40.000000,50.000000,0,0,1.000000,no_data,0,0.000000,,,,,,,,,,,,,,,,,,,,,,,0,0,0,0,0.000000,0.000000,0.000000,0.000000,0.000000,0.000000,0.785398
100.000000,105.000000,50.000000,60.000000,0,0,1.000000,no_data,0,0.000000,,,,,,,,,,,,,,,,,,,,,,,0,0,0,0,0.000000,0.000000,0.000000,0.000000,0.000000,0.000000,0.785398
100.000000,105.000000,60.000000,70.000000,0,0,1.000000,no_data,0,0.000000,,,,,,,,,,,,,,,,,,,,,,,0,0,0,0,0.000000,0.000000,0.000000,0.000000,0.000000,0.000000,0.785398
100.000000,105.000000,70.000000,80.000000,0,0,1.000000,no_data,0,0.000000,,,,,,,,,,,,,,,,,,,,,,,0,0,0,0,0.000000,0.000000,0.000000,0.000000,0.000000,0.000000,0.785398
100.000000,105.000000,80.000000,90.000000,0,0,1.000000,no_data,0,0.000000,,,,,,,,,,,,,,,,,,,,,,,0,0,0,0,0.000000,0.000000,0.000000,0.000000,0.000000,0.000000,0.785398
100.000000,105.000000,90.000000,100.000000,0,0,1.000000,no_data,0,0.000000,,,,,,,,,,,,,,,,,,,,,,,0,0,0,0,0.000000,0.000000,0.000000,0.000000,0.000000,0.000000,0.785398
100.000000,105.000000,100.000000,110.000000,0,0,1.000000,no_data,0,0.000000,,,,,,,,,,,,,,,,,,,,,,,0,0,0,0,0.000000,0.000000,0.000000,0.000000,0.000000,0.000000,0.785398
100.000000,105.000000,110.000000,120.000000,0,0,1.000000,no_data,0,0.000000,,,,,,,,,,,,,,,,,,,,,,,0,0,0,0,0.000000,0.000000,0.000000,0.000000,0.000000,0.000000,0.785398
100.000000,105.000000,120.000000,130.000000,0,0,1.000000,no_data,0,0.000000,,,,,,,,,,,,,,,,,,,,,,,0,0,0,0,0.000000,0.000000,0.000000,0.000000,0.000000,0.000000,0.785398
100.000000,105.000000,130.000000,140.000000,0,0,1.000000,no_data,0,0.000000,,,,,,,,,,,,,,,,,,,,,,,0,0,0,0,0.000000,0.000000,0.000000,0.000000,0.000000,0.000000,0.785398
100.000000,105.000000,140.000000,150.000000,0,0,1.000000,no_data,0,0.000000,,,,,,,,,,,,,,,,,,,,,,,0,0,0,0,0.000000,0.000000,0.000000,0.000000,0.000000,0.000000,0.785398
100.000000,105.000000,150.000000,160.000000,0,0,1.000000,no_data,0,0.000000,,,,,,,,,,,,,,,,,,,,,,,0,0,0,0,0.000000,0.000000,0.000000,0.000000,0.000000,0.000000,0.785398
100.000000,105.000000,160.000000,170.000000,0,0,1.000000,no_data,0,0.000000,,,,,,,,,,,,,,,,,,,,,,,0,0,0,0,0.000000,0.000000,0.000000,0.000000,0.000000,0.000000,0.785398
100.000000,105.000000,170.000000,180.000000,0,0,1.000000,no_data,0,0.000000,,,,,,,,,,,,,,,,,,,,,,,0,0,0,0,0.000000,0.000000,0.000000,0.000000,0.000000,0.000000,0.785398
105.000000,110.000000,-180.000000,-170.000000,0,0,1.000000,no_data,0,0.000000,,,,,,,,,,,,,,,,,,,,,,,0,0,0,0,0.000000,0.000000,0.000000,0.000000,0.000000,0.000000,0.785398
105.000000,110.000000,-170.000000,-160.000000,0,0,1.000000,no_data,0,0.000000,,,,,,,,,,,,,,,,,,,,,,,0,0,0,0,0.000000,0.000000,0.000000,0.000000,0.000000,0.000000,0.785398
105.000000,110.000000,-160.000000,-150.000000,0,0,1.000000,no_data,0,0.000000,,,,,,,,,,,,,,,,,,,,,,,0,0,0,0,0.000000,0.000000,0.000000,0.000000,0.000000,0.000000,0.785398
105.000000,110.000000,-150.000000,-140.000000,0,0,1.000000,no_data,0,0.000000,,,,,,,,,,,,,,,,,,,,,,,0,0,0,0,0.000000,0.000000,0.000000,0.000000,0.000000,0.000000,0.785398
105.000000,110.000000,-140.000000,-130.000000,0,0,1.000000,no_data,0,0.000000,,,,,,,,,,,,,,,,,,,,,,,0,0,0,0,0.000000,0.000000,0.000000,0.000000,0.000000,0.000000,0.785398
105.000000,110.000000,-130.000000,-120.000000,0,0,1.000000,no_data,0,0.000000,,,,,,,,,,,,,,,,,,,,,,,0,0,0,0,0.000000,0.000000,0.000000,0.000000,0.000000,0.000000,0.785398
105.000000,110.000000,-120.000000,-110.000000,0,0,1.000000,no_data,0,0.000000,,,,,,,,,,,,,,,,,,,,,,,0,0,0,0,0.000000,0.000000,0.000000,0.000000,0.000000,0.000000,0.785398
105.000000,110.000000,-110.000000,-100.000000,0,0,1.000000,no_data,0,0.000000,,,,,,,,,,,,,,,,,,,,,,,0,0,0,0,0.000000,0.000000,0.000000,0.000000,0.000000,0.000000,0.785398
105.000000,110.000000,-100.000000,-90.000000,0,0,1.000000,no_data,0,0.000000,,,,,,,,,,,,,,,,,,,,,,,0,0,0,0,0.000000,0.000000,0.000000,0.000000,0.000000,0.000000,0.785398
105.000000,110.000000,-90.000000,-80.000000,0,0,1.000000,no_data,0,0.000000,,,,,,,,,,,,,,,,,,,,,,,0,0,0,0,0.000000,0.000000,0.000000,0.000000,0.000000,0.000000,0.785398
105.000000,110.000000,-80.000000,-70.000000,0,0,1.000000,no_data,0,0.000000,,,,,,,,,,,,,,,,,,,,,,,0,0,0,0,0.000000,0.000000,0.000000,0.000000,0.000000,0.000000,0.785398
105.000000,110.000000,-70.000000,-60.000000,0,0,1.000000,no_data,0,0.000000,,,,,,,,,,,,,,,,,,,,,,,0,0,0,0,0.000000,0.000000,0.000000,0.000000,0.000000,0.000000,0.785398
105.000000,110.000000,-60.000000,-50.000000,0,0,1.000000,no_data,0,0.000000,,,,,,,,,,,,,,,,,,,,,,,0,0,0,0,0.000000,0.000000,0.000000,0.000000,0.000000,0.000000,0.785398
105.000000,110.000000,-50.000000,-40.000000,0,0,1.000000,no_data,0,0.000000,,,,,,,,,,,,,,,,,,,,,,,0,0,0,0,0.000000,0.000000,0.000000,0.000000,0.000000,0.000000,0.785398
105.000000,110.000000,-40.000000,-30.000000,0,0,1.000000,no_data,0,0.000000,,,,,,,,,,,,,,,,,,,,,,,0,0,0,0,0.000000,0.000000,0.000000,0.000000,0.000000,0.000000,0.785398
105.000000,110.000000,-30.000000,-20.000000,0,0,1.000000,no_data,0,0.000000,,,,,,,,,,,,,,,,,,,,,,,0,0,0,0,0.000000,0.000000,0.000000,0.000000,0.000000,0.000000,0.785398
105.000000,110.000000,-20.000000,-10.000000,0,0,1.000000,no_data,0,0.000000,,,,,,,,,,,,,,,,,,,,,,,0,0,0,0,0.000000,0.000000,0.000000,0.000000,0.000000,0.000000,0.785398
105.000000,110.000000,-10.000000,0.000000,29,29,1.000000,no_data,0,0.000000,,,,,,,,,,,,,,,,,,,,,,,0,0,0,0,0.000000,0.000000,0.000000,0.000000,0.000000,0.000000,0.785398
105.000000,110.000000,0.000000,10.000000,148,148,1.000000,no_data,0,0.000000,,,,,,,,,,,,,,,,,,,,,,,0,0,0,0,0.000000,0.000000,0.000000,0.000000,0.000000,0.000000,0.785398
105.000000,110.000000,10.000000,20.000000,95,95,1.000000,no_data,0,0.000000,,,,,,,,,,,,,,,,,,,,,,,0,0,0,0,0.000000,0.000000,0.000000,0.000000,0.000000,0.000000,0.785398
105.000000,110.000000,20.000000,30.000000,0,0,1.000000,no_data,0,0.000000,,,,,,,,,,,,,,,,,,,,,,,0,0,0,0,0.000000,0.000000,0.000000,0.000000,0.000000,0.000000,0.785398
105.000000,110.000000,30.000000,40.000000,0,0,1.000000,no_data,0,0.000000,,,,,,,,,,,,,,,,,,,,,,,0,0,0,0,0.000000,0.000000,0.000000,0.000000,0.000000,0.000000,0.785398
105.000000,110.000000,40.000000,50.000000,0,0,1.000000,no_data,0,0.000000,,,,,,,,,,,,,,,,,,,,,,,0,0,0,0,0.000000,0.000000,0.000000,0.000000,0.000000,0.000000,0.785398
105.000000,110.000000,50.000000,60.000000,0,0,1.000000,no_data,0,0.000000,,,,,,,,,,,,,,,,,,,,,,,0,0,0,0,0.000000,0.000000,0.000000,0.000000,0.000000,0.000000,0.785398
105.000000,110.000000,60.000000,70.000000,0,0,1.000000,no_data,0,0.000000,,,,,,,,,,,,,,,,,,,,,,,0,0,0,0,0.000000,0.000000,0.000000,0.000000,0.000000,0.000000,0.785398
105.000000,110.000000,70.000000,80.000000,0,0,1.000000,no_data,0,0.000000,,,,,,,,,,,,,,,,,,,,,,,0,0,0,0,0.000000,0.000000,0.000000,0.000000,0.000000,0.000000,0.785398
105.000000,110.000000,80.000000,90.000000,0,0,1.000000,no_data,0,0.000000,,,,,,,,,,,,,,,,,,,,,,,0,0,0,0,0.000000,0.000000,0.000000,0.000000,0.000000,0.000000,0.785398
105.000000,110.000000,90.000000,100.000000,0,0,1.000000,no_data,0,0.000000,,,,,,,,,,,,,,,,,,,,,,,0,0,0,0,0.000000,0.000000,0.000000,0.000000,0.000000,0.000000,0.785398
105.000000,110.000000,100.000000,110.000000,0,0,1.000000,no_data,0,0.000000,,,,,,,,,,,,,,,,,,,,,,,0,0,0,0,0.000000,0.000000,0.000000,0.000000,0.000000,0.000000,0.785398
105.000000,110.000000,110.000000,120.000000,0,0,1.000000,no_data,0,0.000000,,,,,,,,,,,,,,,,,,,,,,,0,0,0,0,0.000000,0.000000,0.000000,0.000000,0.000000,0.000000,0.785398
105.000000,110.000000,120.000000,130.000000,0,0,1.000000,no_data,0,0.000000,,,,,,,,,,,,,,,,,,,,,,,0,0,0,0,0.000000,0.000000,0.000000,0.000000,0.000000,0.000000,0.785398
105.000000,110.000000,130.000000,140.000000,0,0,1.000000,no_data,0,0.000000,,,,,,,,,,,,,,,,,,,,,,,0,0,0,0,0.000000,0.000000,0.000000,0.000000,0.000000,0.000000,0.785398
105.000000,110.000000,140.000000,150.000000,0,0,1.000000,no_data,0,0.000000,,,,,,,,,,,,,,,,,,,,,,,0,0,0,0,0.000000,0.000000,0.000000,0.000000,0.000000,0.000000,0.785398
105.000000,110.000000,150.000000,160.000000,0,0,1.000000,no_data,0,0.000000,,,,,,,,,,,,,,,,,,,,,,,0,0,0,0,0.000000,0.000000,0.000000,0.000000,0.000000,0.000000,0.785398
105.000000,110.000000,160.000000,170.000000,0,0,1.000000,no_data,0,0.000000,,,,,,,,,,,,,,,,,,,,,,,0,0,0,0,0.000000,0.000000,0.000000,0.000000,0.000000,0.000000,0.785398
105.000000,110.000000,170.000000,180.000000,0,0,1.000000,no_data,0,0.000000,,,,,,,,,,,,,,,,,,,,,,,0,0,0,0,0.000000,0.000000,0.000000,0.000000,0.000000,0.000000,0.785398
110.000000,115.000000,-180.000000,-170.000000,0,0,1.000000,no_data,0,0.000000,,,,,,,,,,,,,,,,,,,,,,,0,0,0,0,0.000000,0.000000,0.000000,0.000000,0.000000,0.000000,0.785398
110.000000,115.000000,-170.000000,-160.000000,0,0,1.000000,no_data,0,0.000000,,,,,,,,,,,,,,,,,,,,,,,0,0,0,0,0.000000,0.000000,0.000000,0.000000,0.000000,0.000000,0.785398
110.000000,115.000000,-160.000000,-150.000000,0,0,1.000000,no_data,0,0.000000,,,,,,,,,,,,,,,,,,,,,,,0,0,0,0,0.000000,0.000000,0.000000,0.000000,0.000000,0.000000,0.785398
110.000000,115.000000,-150.000000,-140.000000,0,0,1.000000,no_data,0,0.000000,,,,,,,,,,,,,,,,,,,,,,,0,0,0,0,0.000000,0.000000,0.000000,0.000000,0.000000,0.000000,0.785398
110.000000,115.000000,-140.000000,-130.000000,0,0,1.000000,no_data,0,0.000000,,,,,,,,,,,,,,,,,,,,,,,0,0,0,0,0.000000,0.000000,0.000000,0.000000,0.000000,0.000000,0.785398
110.000000,115.000000,-130.000000,-120.000000,0,0,1.000000,no_data,0,0.000000,,,,,,,,,,,,,,,,,,,,,,,0,0,0,0,0.000000,0.000000,0.000000,0.000000,0.000000,0.000000,0.785398
110.000000,115.000000,-120.000000,-110.000000,0,0,1.000000,no_data,0,0.000000,,,,,,,,,,,,,,,,,,,,,,,0,0,0,0,0.000000,0.000000,0.000000,0.000000,0.000000,0.000000,0.785398
110.000000,115.000000,-110.000000,-100.000000,0,0,1.000000,no_data,0,0.000000,,,,,,,,,,,,,,,,,,,,,,,0,0,0,0,0.000000,0.000000,0.000000,0.000000,0.000000,0.000000,0.785398
110.000000,115.000000,-100.000000,-90.000000,0,0,1.000000,no_data,0,0.000000,,,,,,,,,,,,,,,,,,,,,,,0,0,0,0,0.000000,0.000000,0.000000,0.000000,0.000000,0.000000,0.785398
110.000000,115.000000,-90.000000,-80.000000,0,0,1.000000,no_data,0,0.000000,,,,,,,,,,,,,,,,,,,,,,,0,0,0,0,0.000000,0.000000,0.000000,0.000000,0.000000,0.000000,0.785398
110.000000,115.000000,-80.000000,-70.000000,0,0,1.000000,no_data,0,0.000000,,,,,,,,,,,,,,,,,,,,,,,0,0,0,0,0.000000,0.000000,0.000000,0.000000,0.000000,0.000000,0.785398
110.000000,115.000000,-70.000000,-60.000000,0,0,1.000000,no_data,0,0.000000,,,,,,,,,,,,,,,,,,,,,,,0,0,0,0,0.000000,0.000000,0.000000,0.000000,0.000000,0.000000,0.785398
110.000000,115.000000,-60.000000,-50.000000,0,0,1.000000,no_data,0,0.000000,,,,,,,,,,,,,,,,,,,,,,,0,0,0,0,0.000000,0.000000,0.000000,0.000000,0.000000,0.000000,0.785398
110.000000,115.000000,-50.000000,-40.000000,0,0,1.000000,no_data,0,0.000000,,,,,,,,,,,,,,,,,,,,,,,0,0,0,0,0.000000,0.000000,0.000000,0.000000,0.000000,0.000000,0.785398
110.000000,115.000000,-40.000000,-30.000000,0,0,1.000000,no_data,0,0.000000,,,,,,,,,,,,,,,,,,,,,,,0,0,0,0,0.000000,0.000000,0.000000,0.000000,0.000000,0.000000,0.785398
110.000000,115.000000,-30.000000,-20.000000,0,0,1.000000,no_data,0,0.000000,,,,,,,,,,,,,,,,,,,,,,,0,0,0,0,0.000000,0.000000,0.000000,0.000000,0.000000,0.000000,0.785398
110.000000,115.000000,-20.000000,-10.000000,0,0,1.000000,no_data,0,0.000000,,,,,,,,,,,,,,,,,,,,,,,0,0,0,0,0.000000,0.000000,0.000000,0.000000,0.000000,0.000000,0.785398
110.000000,115.000000,-10.000000,0.000000,33,33,1.000000,no_data,0,0.000000,,,,,,,,,,,,,,,,,,,,,,,0,0,0,0,0.000000,0.000000,0.000000,0.000000,0.000000,0.000000,0.785398
110.000000,115.000000,0.000000,10.000000,145,145,1.000000,no_data,0,0.000000,,,,,,,,,,,,,,,,,,,,,,,0,0,0,0,0.000000,0.000000,0.000000,0.000000,0.000000,0.000000,0.785398
110.000000,115.000000,10.000000,20.000000,79,79,1.000000,no_data,0,0.000000,,,,,,,,,,,,,,,,,,,,,,,0,0,0,0,0.000000,0.000000,0.000000,0.000000,0.000000,0.000000,0.785398
110.000000,115.000000,20.000000,30.000000,0,0,1.000000,no_data,0,0.000000,,,,,,,,,,,,,,,,,,,,,,,0,0,0,0,0.000000,0.000000,0.000000,0.000000,0.000000,0.000000,0.785398
110.000000,115.000000,30.000000,40.000000,0,0,1.000000,no_data,0,0.000000,,,,,,,,,,,,,,,,,,,,,,,0,0,0,0,0.000000,0.000000,0.000000,0.000000,0.000000,0.000000,0.785398
110.000000,115.000000,40.000000,50.000000,0,0,1.000000,no_data,0,0.000000,,,,,,,,,,,,,,,,,,,,,,,0,0,0,0,0.000000,0.000000,0.000000,0.000000,0.000000,0.000000,0.785398
110.000000,115.000000,50.000000,60.000000,0,0,1.000000,no_data,0,0.000000,,,,,,,,,,,,,,,,,,,,,,,0,0,0,0,0.000000,0.000000,0.000000,0.000000,0.000000,0.000000,0.785398
110.000000,115.000000,60.000000,70.000000,0,0,1.000000,no_data,0,0.000000,,,,,,,,,,,,,,,,,,,,,,,0,0,0,0,0.000000,0.000000,0.000000,0.000000,0.000000,0.000000,0.785398
110.000000,115.000000,70.000000,80.000000,0,0,1.000000,no_data,0,0.000000,,,,,,,,,,,,,,,,,,,,,,,0,0,0,0,0.000000,0.000000,0.000000,0.000000,0.000000,0.000000,0.785398
110.000000,115.000000,80.000000,90.000000,0,0,1.000000,no_data,0,0.000000,,,,,,,,,,,,,,,,,,,,,,,0,0,0,0,0.000000,0.000000,0.000000,0.000000,0.000000,0.000000,0.785398
110.000000,115.000000,90.000000,100.000000,0,0,1.000000,no_data,0,0.000000,,,,,,,,,,,,,,,,,,,,,,,0,0,0,0,0.000000,0.000000,0.000000,0.000000,0.000000,0.000000,0.785398
110.000000,115.000000,100.000000,110.000000,0,0,1.000000,no_data,0,0.000000,,,,,,,,,,,,,,,,,,,,,,,0,0,0,0,0.000000,0.000000,0.000000,0.000000,0.000000,0.000000,0.785398
110.000000,115.000000,110.000000,120.000000,0,0,1.000000,no_data,0,0.000000,,,,,,,,,,,,,,,,,,,,,,,0,0,0,0,0.000000,0.000000,0.000000,0.000000,0.000000,0.000000,0.785398
110.000000,115.000000,120.000000,130.000000,0,0,1.000000,no_data,0,0.000000,,,,,,,,,,,,,,,,,,,,,,,0,0,0,0,0.000000,0.000000,0.000000,0.000000,0.000000,0.000000,0.785398
110.000000,115.000000,130.000000,140.000000,0,0,1.000000,no_data,0,0.000000,,,,,,,,,,,,,,,,,,,,,,,0,0,0,0,0.000000,0.000000,0.000000,0.000000,0.000000,0.000000,0.785398
110.000000,115.000000,140.000000,150.000000,0,0,1.000000,no_data,0,0.000000,,,,,,,,,,,,,,,,,,,,,,,0,0,0,0,0.000000,0.000000,0.000000,0.000000,0.000000,0.000000,0.785398
110.000000,115.000000,150.000000,160.000000,0,0,1.000000,no_data,0,0.000000,,,,,,,,,,,,,,,,,,,,,,,0,0,0,0,0.000000,0.000000,0.000000,0.000000,0.000000,0.000000,0.785398
110.000000,115.000000,160.000000,170.000000,0,0,1.000000,no_data,0,0.000000,,,,,,,,,,,,,,,,,,,,,,,0,0,0,0,0.000000,0.000000,0.000000,0.000000,0.000000,0.000000,0.785398
110.000000,115.000000,170.000000,180.000000,0,0,1.000000,no_data,0,0.000000,,,,,,,,,,,,,,,,,,,,,,,0,0,0,0,0.000000,0.000000,0.000000,0.000000,0.000000,0.000000,0.785398
115.000000,120.000000,-180.000000,-170.000000,0,0,1.000000,no_data,0,0.000000,,,,,,,,,,,,,,,,,,,,,,,0,0,0,0,0.000000,0.000000,0.000000,0.000000,0.000000,0.000000,0.785398
115.000000,120.000000,-170.000000,-160.000000,0,0,1.000000,no_data,0,0.000000,,,,,,,,,,,,,,,,,,,,,,,0,0,0,0,0.000000,0.000000,0.000000,0.000000,0.000000,0.000000,0.785398
115.000000,120.000000,-160.000000,-150.000000,0,0,1.000000,no_data,0,0.000000,,,,,,,,,,,,,,,,,,,,,,,0,0,0,0,0.000000,0.000000,0.000000,0.000000,0.000000,0.000000,0.785398
115.000000,120.000000,-150.000000,-140.000000,0,0,1.000000,no_data,0,0.000000,,,,,,,,,,,,,,,,,,,,,,,0,0,0,0,0.000000,0.000000,0.000000,0.000000,0.000000,0.000000,0.785398
115.000000,120.000000,-140.000000,-130.000000,0,0,1.000000,no_data,0,0.000000,,,,,,,,,,,,,,,,,,,,,,,0,0,0,0,0.000000,0.000000,0.000000,0.000000,0.000000,0.000000,0.785398
115.000000,120.000000,-130.000000,-120.000000,0,0,1.000000,no_data,0,0.000000,,,,,,,,,,,,,,,,,,,,,,,0,0,0,0,0.000000,0.000000,0.000000,0.000000,0.000000,0.000000,0.785398
115.000000,120.000000,-120.000000,-110.000000,0,0,1.000000,no_data,0,0.000000,,,,,,,,,,,,,,,,,,,,,,,0,0,0,0,0.000000,0.000000,0.000000,0.000000,0.000000,0.000000,0.785398
115.000000,120.000000,-110.000000,-100.000000,0,0,1.000000,no_data,0,0.000000,,,,,,,,,,,,,,,,,,,,,,,0,0,0,0,0.000000,0.000000,0.000000,0.000000,0.000000,0.000000,0.785398
115.000000,120.000000,-100.000000,-90.000000,0,0,1.000000,no_data,0,0.000000,,,,,,,,,,,,,,,,,,,,,,,0,0,0,0,0.000000,0.000000,0.000000,0.000000,0.000000,0.000000,0.785398
115.000000,120.000000,-90.000000,-80.000000,0,0,1.000000,no_data,0,0.000000,,,,,,,,,,,,,,,,,,,,,,,0,0,0,0,0.000000,0.000000,0.000000,0.000000,0.000000,0.000000,0.785398
115.000000,120.000000,-80.000000,-70.000000,0,0,1.000000,no_data,0,0.000000,,,,,,,,,,,,,,,,,,,,,,,0,0,0,0,0.000000,0.000000,0.000000,0.000000,0.000000,0.000000,0.785398
115.000000,120.000000,-70.000000,-60.000000,0,0,1.000000,no_data,0,0.000000,,,,,,,,,,,,,,,,,,,,,,,0,0,0,0,0.000000,0.000000,0.000000,0.000000,0.000000,0.000000,0.785398
115.000000,120.000000,-60.000000,-50.000000,0,0,1.000000,no_data,0,0.000000,,,,,,,,,,,,,,,,,,,,,,,0,0,0,0,0.000000,0.000000,0.000000,0.000000,0.000000,0.000000,0.785398
115.000000,120.000000,-50.000000,-40.000000,0,0,1.000000,no_data,0,0.000000,,,,,,,,,,,,,,,,,,,,,,,0,0,0,0,0.000000,0.000000,0.000000,0.000000,0.000000,0.000000,0.785398
115.000000,120.000000,-40.000000,-30.000000,0,0,1.000000,no_data,0,0.000000,,,,,,,,,,,,,,,,,,,,,,,0,0,0,0,0.000000,0.000000,0.000000,0.000000,0.000000,0.000000,0.785398
115.000000,120.000000,-30.000000,-20.000000,0,0,1.000000,no_data,0,0.000000,,,,,,,,,,,,,,,,,,,,,,,0,0,0,0,0.000000,0.000000,0.000000,0.000000,0.000000,0.000000,0.785398
115.000000,120.000000,-20.000000,-10.000000,0,0,1.000000,no_data,0,0.000000,,,,,,,,,,,,,,,,,,,,,,,0,0,0,0,0.000000,0.000000,0.000000,0.000000,0.000000,0.000000,0.785398
115.000000,120.000000,-10.000000,0.000000,33,33,1.000000,no_data,0,0.000000,,,,,,,,,,,,,,,,,,,,,,,0,0,0,0,0.000000,0.000000,0.000000,0.000000,0.000000,0.000000,0.785398
115.000000,120.000000,0.000000,10.000000,138,138,1.000000,no_data,0,0.000000,,,,,,,,,,,,,,,,,,,,,,,0,0,0,0,0.000000,0.000000,0.000000,0.000000,0.000000,0.000000,0.785398
115.000000,120.000000,10.000000,20.000000,63,63,1.000000,no_data,0,0.000000,,,,,,,,,,,,,,,,,,,,,,,0,0,0,0,0.000000,0.000000,0.000000,0.000000,0.000000,0.000000,0.785398
115.000000,120.000000,20.000000,30.000000,0,0,1.000000,no_data,0,0.000000,,,,,,,,,,,,,,,,,,,,,,,0,0,0,0,0.000000,0.000000,0.000000,0.000000,0.000000,0.000000,0.785398
115.000000,120.000000,30.000000,40.000000,0,0,1.000000,no_data,0,0.000000,,,,,,,,,,,,,,,,,,,,,,,0,0,0,0,0.000000,0.000000,0.000000,0.000000,0.000000,0.000000,0.785398
115.000000,120.000000,40.000000,50.000000,0,0,1.000000,no_data,0,0.000000,,,,,,,,,,,,,,,,,,,,,,,0,0,0,0,0.000000,0.000000,0.000000,0.000000,0.000000,0.000000,0.785398
115.000000,120.000000,50.000000,60.000000,0,0,1.000000,no_data,0,0.000000,,,,,,,,,,,,,,,,,,,,,,,0,0,0,0,0.000000,0.000000,0.000000,0.000000,0.000000,0.000000,0.785398
115.000000,120.000000,60.000000,70.000000,0,0,1.000000,no_data,0,0.000000,,,,,,,,,,,,,,,,,,,,,,,0,0,0,0,0.000000,0.000000,0.000000,0.000000,0.000000,0.000000,0.785398
115.000000,120.000000,70.000000,80.000000,0,0,1.000000,no_data,0,0.000000,,,,,,,,,,,,,,,,,,,,,,,0,0,0,0,0.000000,0.000000,0.000000,0.000000,0.000000,0.000000,0.785398
115.000000,120.000000,80.000000,90.000000,0,0,1.000000,no_data,0,0.000000,,,,,,,,,,,,,,,,,,,,,,,0,0,0,0,0.000000,0.000000,0.000000,0.000000,0.000000,0.000000,0.785398
115.000000,120.000000,90.000000,100.000000,0,0,1.000000,no_data,0,0.000000,,,,,,,,,,,,,,,,,,,,,,,0,0,0,0,0.000000,0.000000,0.000000,0.000000,0.000000,0.000000,0.785398
115.000000,120.000000,100.000000,110.000000,0,0,1.000000,no_data,0,0.000000,,,,,,,,,,,,,,,,,,,,,,,0,0,0,0,0.000000,0.000000,0.000000,0.000000,0.000000,0.000000,0.785398
115.000000,120.000000,110.000000,120.000000,0,0,1.000000,no_data,0,0.000000,,,,,,,,,,,,,,,,,,,,,,,0,0,0,0,0.000000,0.000000,0.000000,0.000000,0.000000,0.000000,0.785398
115.000000,120.000000,120.000000,130.000000,0,0,1.000000,no_data,0,0.000000,,,,,,,,,,,,,,,,,,,,,,,0,0,0,0,0.000000,0.000000,0.000000,0.000000,0.000000,0.000000,0.785398
115.000000,120.000000,130.000000,140.000000,0,0,1.000000,no_data,0,0.000000,,,,,,,,,,,,,,,,,,,,,,,0,0,0,0,0.000000,0.000000,0.000000,0.000000,0.000000,0.000000,0.785398
115.000000,120.000000,140.000000,150.000000,0,0,1.000000,no_data,0,0.000000,,,,,,,,,,,,,,,,,,,,,,,0,0,0,0,0.000000,0.000000,0.000000,0.000000,0.000000,0.000000,0.785398
115.000000,120.000000,150.000000,160.000000,0,0,1.000000,no_data,0,0.000000,,,,,,,,,,,,,,,,,,,,,,,0,0,0,0,0.000000,0.000000,0.000000,0.000000,0.000000,0.000000,0.785398
115.000000,120.000000,160.000000,170.000000,0,0,1.000000,no_data,0,0.000000,,,,,,,,,,,,,,,,,,,,,,,0,0,0,0,0.000000,0.000000,0.000000,0.000000,0.000000,0.000000,0.785398
115.000000,120.000000,170.000000,180.000000,0,0,1.000000,no_data,0,0.000000,,,,,,,,,,,,,,,,,,,,,,,0,0,0,0,0.000000,0.000000,0.000000,0.000000,0.000000,0.000000,0.785398
