range_lo,range_hi,angle_lo,angle_hi,gt_count,missed,miss_rate,source,n_fp,fp_per_frame,score_mean,score_std,fp_score_mean,fp_score_std,x_mean,y_mean,z_mean,distal_mean,perp_mean,yaw_mean,width_mean,length_mean,box_height_mean,x_std,y_std,z_std,distal_std,perp_std,yaw_std,width_std,length_std,box_height_std,n_fp_car,n_fp_truck,n_fp_bus,n_fp_construction_vehicle,fp_width_mean,fp_width_std,fp_length_mean,fp_length_std,fp_height_mean,fp_height_std,fp_yaw_std
0.0,5.0,-180.0,-170.0,0,0,1.0,no_data,248,0.031,,,0.5299172602113216,0.14580864939756644,,,,,,,,,,,,,,,,,,,248,0,0,0,1.9732463316571327,0.0512305834590662,4.400779754884781,0.15737709392463523,1.9819821181797213,0.11418998317292116,0.10663782538873832
0.0,5.0,-170.0,-160.0,0,0,1.0,no_data,144,0.018,,,0.5327401187063919,0.1406604593770266,,,,,,,,,,,,,,,,,,,144,0,0,0,2.0009933130608664,0.04946110372621344,4.470678816239039,0.16726931006582926,2.0348095057739153,0.10777870048675275,0.24776354374378495
0.0,5.0,-160.0,-150.0,0,0,1.0,no_data,113,0.014125,,,0.5339494064054658,0.11500063873344446,,,,,,,,,,,,,,,,,,,113,0,0,0,2.0024814574064407,0.04325833106659505,4.449302968725694,0.15663281270342444,2.060158977466347,0.11482996807925368,0.36305088582751327
0.0,5.0,-150.0,-140.0,3,0,0.0,measured,80,0.01,0.7690613269805908,0.02398140613314225,0.53500014860183,0.1070332171673638,0.27129356066385907,0.12249112129211426,0.16205970446268717,0.27282186511836853,0.09320032174107501,0.049645349538574614,0.3531837463378906,0.07160476843516032,0.1797503630320231,0.14138525334459456,0.08246143506310678,0.07930963354901437,0.17869255008630355,0.01857017698906798,0.02130225376438884,0.27275395827622606,0.026177949654339647,0.11100001621449174,80,0,0,0,1.9973799630999565,0.0492116369790658,4.427348417043686,0.18352557719684082,2.0485357835888864,0.17262266482586222,0.07931681169746459
0.0,5.0,-140.0,-130.0,51,10,0.19607843137254902,measured,137,0.017125,0.5666442927790851,0.12586840859923248,0.5145770492997482,0.12778696626906202,0.18956896735400688,0.08359636911531775,0.10696301082285439,0.14109720964201541,0.15375430297969023,0.028295372778879162,0.3423290252685547,0.16335792948560016,0.09839958388630937,0.1653847469763141,0.053239336687047084,0.096730310253714,0.11685387484842455,0.12612553863354034,0.02736121881822226,0.3110559591798517,0.14593302806275088,0.06141519003754507,137,0,0,0,2.1387519610189174,0.26996792949102766,5.048113405269428,1.4344512596462993,2.1016144030285577,0.3217611983286213,0.31427844727601584
0.0,5.0,-130.0,-120.0,113,19,0.168141592920354,measured,86,0.01075,0.6427901501351214,0.09427546279355739,0.5651250012045683,0.15370181219687945,0.10932190367516051,0.11973357961532917,0.07755086079556892,0.1366046194238509,0.101399916639312,0.04063445756253985,0.2487149086404354,0.21663594119092253,0.16294943398617684,0.1321750630866908,0.06475202054969696,0.07238027826791704,0.07809589645307995,0.11361666247824638,0.030320768355862438,0.23897151969266525,0.07547674300091832,0.06351482704004635,86,0,0,0,2.038051007792007,0.17279030043991933,4.699860129245492,0.9453887991769746,1.969737054303635,0.2747508785037031,0.3019897518626792
0.0,5.0,-120.0,-110.0,53,20,0.37735849056603776,measured,50,0.00625,0.5474630919369784,0.12841775941594008,0.6073756194114686,0.16328731241676167,0.20911774310198697,0.07831012841426965,0.09333850940068562,0.1114070270780121,0.18668490642018643,0.05281409226683371,0.38230185075239703,0.15569965044657388,0.0793536106745402,0.173529573511386,0.07004816197801998,0.08350117209142198,0.0929104832124529,0.17025518116528576,0.038985326446321786,0.23147450062207153,0.12355922437604244,0.061348340400942836,50,0,0,0,2.017502813339233,0.1231203042790366,4.639079132080078,0.39777359832024195,1.879720253944397,0.23801520491218908,0.20522732475284833
0.0,5.0,-110.0,-100.0,55,33,0.6,measured,56,0.007,0.575633779168129,0.14190372567362053,0.5919779826487813,0.16307106865430482,0.21462652696804566,0.08904508027163419,0.14254231344569812,0.11218657911413919,0.20289241559658858,0.05103630233894695,0.46954662149602716,0.12517314607446844,0.12427599863572554,0.21428291533619806,0.07620213069430022,0.121884832430455,0.09612673799760485,0.20670267131381362,0.04103856323159752,0.3706779218108647,0.10935677584351722,0.09850209913619049,56,0,0,0,2.0295292841536656,0.21091740055053318,4.763510652950832,1.1321456615230157,1.8938065724713462,0.3217185576852787,0.12643655447709415
0.0,5.0,-100.0,-90.0,43,17,0.3953488372093023,measured,49,0.006125,0.5252000402945739,0.13732596670273076,0.5818704682953504,0.1669298046583205,0.2346207840869633,0.11063614258399376,0.09584505053666922,0.12065944222995609,0.22802335934587095,0.044767870800569654,0.46997687449822056,0.15589634730265692,0.09330942539068368,0.15958473064619402,0.08796541535599045,0.07736625557009215,0.09469755747585874,0.1580236948280339,0.04069056234392194,0.254352083545145,0.13503980930986287,0.06149198608487407,49,0,0,0,2.0594849610815245,0.19162418626531863,4.799015181405204,1.1362892280726113,1.9267263290833454,0.2933376481884997,0.3582178812627853
0.0,5.0,-90.0,-80.0,64,46,0.71875,measured,83,0.010375,0.5722213933865229,0.13657679674607412,0.5826037098844368,0.15961970671835377,0.22962700741158593,0.12407612800598145,0.12798496418529087,0.122438478227571,0.2293512191537744,0.037254221685644656,0.41324345270792645,0.1090272002749973,0.07991649707158406,0.18259148780114828,0.09405951626124834,0.10232361456134417,0.09103154392178975,0.18555427083121373,0.03143165172471283,0.35071905228017064,0.08946722163324546,0.05581052066336453,83,0,0,0,2.1100587399609116,0.22907888756534725,4.9108148597809205,0.7605613431070101,2.023151717990278,0.28729746109752274,0.06973222113343637
0.0,5.0,-80.0,-70.0,47,25,0.5319148936170213,measured,121,0.015125,0.6200396865606308,0.12000085577787668,0.5418821953791232,0.14775739067569812,0.20577595450661398,0.1291445168581876,0.10418188030069525,0.1406101792708977,0.19751328357026463,0.04179275332188064,0.5233897079120983,0.14569195292212747,0.10943025892431085,0.15045678098281354,0.09541695451737484,0.10559924683999704,0.10738428455757375,0.1430020404381704,0.03542609100525764,0.34269218737637225,0.13017555437066086,0.09044844880096226,121,0,0,0,2.187454373383325,0.25716242695000785,5.1384563209596745,0.8666251684909366,2.14544293013486,0.32187392591055514,0.6201821864699784
0.0,5.0,-70.0,-60.0,64,31,0.484375,measured,147,0.018375,0.5624992743586049,0.15377648408053657,0.6204247543600951,0.12788677918134925,0.31033936775091925,0.1401789983113607,0.11012955326022524,0.20612936361923945,0.2876694611647799,0.041317886715246874,0.4159094998330781,0.13493864102797073,0.060414484052947075,0.19737521698861743,0.11265109737239638,0.08754313675721666,0.12994901500299613,0.15961873583940367,0.03782186298693424,0.2551491826303588,0.10229781472310973,0.04351561935624848,147,0,0,0,2.0471575292600255,0.14249340870546687,4.639812310536702,0.4718269888739718,2.108287619084728,0.24922276205604466,0.2575554396148856
0.0,5.0,-60.0,-50.0,64,34,0.53125,measured,93,0.011625,0.5613258004188537,0.12315217401897748,0.5805816240208124,0.1454739614274367,0.26738006273905435,0.10610814889272054,0.09177678227424621,0.21559679960879632,0.19542819394860586,0.05084803844025979,0.509142541885376,0.14358684221903484,0.09694034655888875,0.16114284771001863,0.08735400483743723,0.08324872006091655,0.13531369275716934,0.11560632466202989,0.03573115306597213,0.2778525162616843,0.09194350064988883,0.11619130150712724,93,0,0,0,2.0812383479969476,0.22715098384676302,4.9108470742420485,1.343513508306912,2.0195152208369267,0.3474502698133316,0.3293005164819432
0.0,5.0,-50.0,-40.0,51,14,0.27450980392156865,measured,86,0.01075,0.5871211121211181,0.12960569503189015,0.5969655224403669,0.16723125489377474,0.3054932839161641,0.08384012531589817,0.10498759231051884,0.20970367464976128,0.2352110268022578,0.043442951760733046,0.43651250246408824,0.15951742030478813,0.08051740156637656,0.18306343170363856,0.06886566714259733,0.09355932824210883,0.12633891835498015,0.15280259384867648,0.03621094659453058,0.30664910743882956,0.13956605893230087,0.0802299434335789,86,0,0,0,2.0427605204804,0.153960845712651,4.680966177652048,0.4622514446722865,1.9298516733701838,0.2550025826072313,0.07368215923909655
0.0,5.0,-40.0,-30.0,5,0,0.0,measured,84,0.0105,0.5025505959987641,0.18737215264876908,0.6368648471931616,0.14556302506345747,0.24726600646972657,0.11124691963195801,0.08871335983276367,0.18204956298106523,0.1843471121687114,0.03358204923570156,0.3637063026428223,0.14432065486907958,0.0652531623840332,0.1157299025813408,0.104678604955051,0.06718331097042522,0.11487933110407443,0.13245457299938188,0.03624892587147466,0.29585388179179534,0.07879705624329326,0.034400773906196724,84,0,0,0,2.038462343670073,0.14314683985473162,4.721463907332647,1.0265657930465106,1.9727321380660647,0.23834128611381172,0.06420876126593951
0.0,5.0,-30.0,-20.0,0,0,1.0,no_data,132,0.0165,,,0.6479092269684329,0.13341428522515728,,,,,,,,,,,,,,,,,,,132,0,0,0,2.022970431681835,0.047251454443981065,4.57577746925932,0.1655617574971677,1.9836927462707867,0.13058266707449243,0.05269444790115537
0.0,5.0,-20.0,-10.0,0,0,1.0,no_data,270,0.03375,,,0.6411467966106202,0.12129703861992687,,,,,,,,,,,,,,,,,,,270,0,0,0,2.0280960626072355,0.04118069092204434,4.601334027890806,0.1510321344889914,2.000563571629701,0.11330745632312661,0.0579781739633005
0.0,5.0,-10.0,0.0,0,0,1.0,no_data,288,0.036,,,0.6029902457052635,0.13073743061987997,,,,,,,,,,,,,,,,,,,288,0,0,0,2.0250913401444754,0.04232072612171856,4.583582093318303,0.15287831306929067,2.0023881983425884,0.11594148707011685,0.06509377843522668
0.0,5.0,0.0,10.0,0,0,1.0,no_data,202,0.02525,,,0.6151558283236948,0.13583344172071068,,,,,,,,,,,,,,,,,,,202,0,0,0,2.014338502789488,0.04794045804282834,4.528845888553279,0.15649545238255927,2.02148701648901,0.1225759989176654,0.3168758021954037
0.0,5.0,10.0,20.0,0,0,1.0,no_data,198,0.02475,,,0.6353590511011354,0.1440498381653907,,,,,,,,,,,,,,,,,,,198,0,0,0,2.016039825449086,0.049741883800934854,4.528365325446081,0.14852961028252668,2.0561340993100945,0.13308041730034417,0.23141642997147574
0.0,5.0,20.0,30.0,0,0,1.0,no_data,211,0.026375,,,0.6536274364491774,0.13561272347442846,,,,,,,,,,,,,,,,,,,211,0,0,0,2.0196505412106265,0.045825713533451266,4.538437206033282,0.14307627245894966,2.09829010274173,0.11050876180603034,0.3091018298937571
0.0,5.0,30.0,40.0,1,0,0.0,measured,249,0.031125,0.7401900291442871,,0.6385477195422812,0.13405071901265084,0.6099889278411865,0.10109591484069824,0.2870333790779114,0.407138611292987,0.46534398812140687,0.06485293805599213,0.6365747451782227,0.10483372211456299,0.11166298389434814,,,,,,,,,,249,0,0,0,2.006724330316107,0.043625575883681565,4.505241775129694,0.14206528930196385,2.125272767610818,0.12087528349173733,0.06415355637590535
0.0,5.0,40.0,50.0,24,6,0.25,measured,360,0.045,0.5953705542617374,0.1465242964311655,0.6919210578004519,0.13308899889788434,0.4388546811209785,0.10682998763190375,0.08102605409092373,0.3353778350832377,0.3235282764838956,0.040755016444664866,0.3605484432644314,0.2047160267829895,0.06672164466645983,0.3683421571591651,0.07262523542029176,0.07594939500437314,0.2463943623326292,0.2590317108399778,0.03022621305913285,0.20194210530425008,0.08735002374648022,0.059522822419759945,360,0,0,0,1.9899257040686078,0.042008697200793706,4.448781445291307,0.12117346154449805,2.1532504906256995,0.10357534627553432,0.04910892249516709
0.0,5.0,50.0,60.0,68,13,0.19117647058823528,measured,303,0.037875,0.6634472207589583,0.1366476799986166,0.6469546754171352,0.14033756306768674,0.2820481582121416,0.13706713156266645,0.10099816972559149,0.2040644983522773,0.25200787200579117,0.025519106904434288,0.2114288330078125,0.15777626471085981,0.045599469271573156,0.1993159619348772,0.09018782553558005,0.1012815772883102,0.10204391179992112,0.1750314591336549,0.02410915953955546,0.15404159577759016,0.09392841178928138,0.04192936800118595,303,0,0,0,1.9896323850052584,0.03950691609963196,4.447289178867151,0.1120822803986863,2.080383021839381,0.15006140974382212,0.06149377905736499
0.0,5.0,60.0,70.0,89,13,0.14606741573033707,measured,293,0.036625,0.6759421327396443,0.10516742866643758,0.6717904078879047,0.13866398258117704,0.2665160408145503,0.15324366720099197,0.11649571594439055,0.16996872912087868,0.2388978022264412,0.04027666516923095,0.1871393417057238,0.14462325447484067,0.04785440156334325,0.18999961160454154,0.06931324003493407,0.08792681864109811,0.11684702229955723,0.18921903655505914,0.025772989842223162,0.20318630657876544,0.09265682571427766,0.03599311403872466,293,0,0,0,1.9969708679479137,0.05774408448753982,4.46556922600131,0.20070210940818514,2.073042821558669,0.14929626162128723,0.053190875105891586
0.0,5.0,70.0,80.0,64,12,0.1875,measured,248,0.031,0.7566011909108895,0.07874147870744709,0.6707463006699278,0.1441654047711291,0.22672996297478676,0.16542770312382624,0.118190015737827,0.2051696880595575,0.20383240115920648,0.043851826861688877,0.20126519753382757,0.1685647414280818,0.045949468245873086,0.21818553179951558,0.09598226980886068,0.08653716252281135,0.0965272864878437,0.20647168759464643,0.0315404166719438,0.19068885674888547,0.08090971424568112,0.05080211229115805,248,0,0,0,1.9873890934451934,0.06231693009358771,4.441693309814699,0.20299180870351272,2.0416137220398074,0.18859562815397227,0.046735348831943024
0.0,5.0,80.0,90.0,87,12,0.13793103448275862,measured,286,0.03575,0.7206986633936564,0.06474214842210566,0.6706903677928698,0.1510929121772728,0.253184826100866,0.2271426264444987,0.11614726305007934,0.24072845659497857,0.2379683235624332,0.028644357387355275,0.1994787089029948,0.15234838485717772,0.025230231285095214,0.13252517699959906,0.0742373739257884,0.06159325101196787,0.0804410461821779,0.13311861025943977,0.018421842767411822,0.13278486486624136,0.05247293348350415,0.02344779568155846,286,0,0,0,1.9904376239209742,0.043401267863226976,4.443222682792824,0.13206490028522008,2.0505486126546257,0.15096028622332777,0.054966711289007715
0.0,5.0,90.0,100.0,295,45,0.15254237288135594,measured,237,0.029625,0.5868390961885452,0.1181039547654047,0.6489930286186154,0.14837393983057276,0.2322057238863781,0.21984782695770264,0.06543203330039978,0.23019185950983598,0.2303380748340827,0.06097895302623511,0.5678659381866455,0.28349268817901613,0.10793370962142944,0.1477244194680404,0.0721211602564072,0.042846235367627564,0.06733068600360204,0.13674497762966506,0.038148734325232456,0.5219075425589904,0.13445651829102093,0.04066327174862674,237,0,0,0,1.9995766868068197,0.06329017630032652,4.483354522206109,0.1998175185609146,2.014764478438011,0.16881569961368645,0.05239572748592227
0.0,5.0,100.0,110.0,95,33,0.3473684210526316,measured,215,0.026875,0.5901332098630167,0.16128811051774655,0.6039446142523788,0.15784246734928062,0.40950729810978254,0.09648011576744818,0.08887480151268744,0.12873696550878674,0.4029630946156535,0.07627947512458289,0.8431925773620605,0.29028345307996195,0.0702033119816934,0.2735636700424542,0.06284560825495138,0.08612301545735565,0.08446232549681659,0.2640169419729369,0.045904082181242596,0.563765765722996,0.20770092535789741,0.031660775270813186,215,0,0,0,1.9987580720768419,0.050986888470011205,4.48419135892114,0.174838745429966,2.0017217403234437,0.156919301971719,0.07997768680394275
0.0,5.0,110.0,120.0,67,19,0.2835820895522388,measured,252,0.0315,0.6908014981697003,0.1202497992267954,0.6159035917075854,0.1391225163046588,0.30664114157358807,0.10944088796774547,0.12557755907376608,0.17868227236987466,0.2710095746760737,0.04772449593656347,0.5416307747364044,0.18505848944187164,0.07285825411478679,0.2473883819594939,0.07631124781553249,0.11894136520093644,0.15073936227464388,0.21197786764680684,0.02596079246319477,0.5356979079793579,0.19490741682028082,0.04998085952844813,252,0,0,0,2.0055897273714582,0.05804267621967213,4.504914565691872,0.2072986894892457,2.0289523048060283,0.13890972555457795,0.07460860507191507
0.0,5.0,120.0,130.0,82,21,0.25609756097560976,measured,235,0.029375,0.6710074773577394,0.1296609648883301,0.6105890811757838,0.14952832588375156,0.33115941579224634,0.1456542679520904,0.12170843315906212,0.23671209580164945,0.2641150685502273,0.040229218296378495,0.6107502296322682,0.2527976348751881,0.05814147972669758,0.24757688520213122,0.11079709169505973,0.11243916238573835,0.2156280158853678,0.17935218729146563,0.038797717707267795,0.6150829872458873,0.22799552106040905,0.055585651208051666,235,0,0,0,2.003107598487367,0.059285493202327726,4.501156334166831,0.19968998290193585,2.0205450844257435,0.13659416662422494,0.06842915612545043
0.0,5.0,130.0,140.0,45,8,0.17777777777777778,measured,234,0.02925,0.6352667309142448,0.13404296412429692,0.6250396108525431,0.13565179494092286,0.3627166232547244,0.1850666484317264,0.1334809016537022,0.34877715782278407,0.2018525092359936,0.03984703823620744,0.6301656929222313,0.30565698082382614,0.08049356937408447,0.21069897478761804,0.12624708835209345,0.10203698961995147,0.20406527509086228,0.14870380169747205,0.029244381056053783,0.6438073406532383,0.2339573251150757,0.06326761162537403,234,0,0,0,1.9947133517672873,0.047080312231383134,4.47187559828799,0.14619549814002827,2.0023811877283277,0.1250710595404878,0.07164096361664314
0.0,5.0,140.0,150.0,5,2,0.4,measured,326,0.04075,0.6633396744728088,0.053153394047167284,0.6111513410060684,0.12645010762095005,0.30445178349812824,0.0995163122812907,0.12208483616511027,0.28418242410163413,0.1775623285551765,0.04467580715815226,0.40414683024088544,0.08742050329844157,0.09406379858652751,0.265912583819572,0.08475950302749892,0.08989579430857761,0.20952642078155,0.15588043102513988,0.02381143196483799,0.222593625544771,0.05400773022072281,0.07580581107243403,326,0,0,0,1.9996804181783476,0.047528019308283556,4.467222327834989,0.15131647638738496,2.000584646236677,0.10916183773273828,0.05761641038616911
0.0,5.0,150.0,160.0,0,0,1.0,no_data,262,0.03275,,,0.6125285738069592,0.12347175315142321,,,,,,,,,,,,,,,,,,,262,0,0,0,2.0094737719943505,0.05677042997055401,4.486068070389842,0.17266085697731648,2.004213079696393,0.11366328843715523,0.05928311948765455
0.0,5.0,160.0,170.0,0,0,1.0,no_data,314,0.03925,,,0.5930032552142811,0.1405257391322855,,,,,,,,,,,,,,,,,,,314,0,0,0,1.9937198074759952,0.053668153220738625,4.456058075473567,0.15938595260281033,1.980713059188454,0.1046589160468151,0.06929947097061807
0.0,5.0,170.0,180.0,0,0,1.0,no_data,307,0.038375,,,0.5490634561264554,0.13926702030245888,,,,,,,,,,,,,,,,,,,307,0,0,0,1.9929260062084135,0.059778712573238496,4.4661094513312225,0.18545829596211075,1.98120908473136,0.10504318088148801,0.0891200920700233
5.0,10.0,-180.0,-170.0,683,21,0.03074670571010249,measured,12,0.0015,0.6525902719295997,0.1046931984504796,0.750024825334549,0.016104943982542013,0.16607650241102698,0.05849145227280696,0.1061846314960376,0.16690917725850063,0.056634905700335046,0.0689321232093954,0.27521807189434316,0.09148119817687665,0.11413997825899153,0.1267170472026275,0.0434940037227197,0.09956177766213124,0.1265545824499354,0.04323591930066831,0.04444497829826457,0.33065835792470766,0.09491290060871714,0.1353186487805119,12,0,0,0,1.9226480921109517,0.033924587412801036,4.522623976071675,0.025417012289297287,1.5968060791492462,0.14012393470003237,0.007738121898447559
5.0,10.0,-170.0,-160.0,8,2,0.25,measured,6,0.00075,0.5825201620658239,0.20377134526192256,0.31837833176056546,0.15160431901080826,0.07156515121459961,0.17709845304489136,0.0631711979707082,0.09086207323146327,0.16723382244371457,0.03400704233596722,0.6498215993245443,0.12892605861028036,0.07523125410079956,0.0424380434480623,0.06695413098314462,0.052426789447844256,0.05560228043212154,0.05877580128217632,0.023949701261499184,0.2594837987341419,0.0761259575100389,0.04970958776241536,6,0,0,0,2.494818647702535,0.5502954962281664,8.760614713033041,4.511092396447209,2.494429667790731,0.8360862604221094,0.07866337845882862
5.0,10.0,-160.0,-150.0,208,91,0.4375,measured,112,0.014,0.6214275658130646,0.1578160534010375,0.533110659835594,0.17633902254051348,0.1869924088828584,0.10172417224981846,0.10603341129091051,0.18101821069439697,0.11737709528819767,0.04174611560264543,0.3204168315626617,0.11717513483813685,0.0820844631928664,0.17772925163298942,0.07739226273323419,0.0873518582686758,0.16225773621997935,0.10009330323347868,0.03220878527101159,0.2633628530524532,0.09545684757974798,0.07282852681732366,112,0,0,0,2.057103173008987,0.3132047883003115,5.3578501258577615,2.7700539114079836,1.8005456977656908,0.4926147496428653,0.0538552689098362
5.0,10.0,-150.0,-140.0,148,68,0.4594594594594595,measured,59,0.007375,0.6424205362796783,0.1573022469502473,0.5559892896878518,0.1648551933446248,0.1916845738887787,0.09802422821521758,0.11616637334227561,0.18406150886976133,0.11613663219530967,0.040718316104175756,0.33842883706092836,0.14788509160280228,0.08188547641038894,0.1657728683486848,0.07367248382187928,0.10498713409294193,0.1459176340456344,0.10296451634708728,0.030335254137799528,0.25179415295120033,0.10743414162567147,0.0687842856037143,59,0,0,0,1.9860389313455356,0.23733894690374496,4.776793722379005,1.5202931203954642,1.7080647803969302,0.3471333167718158,0.054155861590264365
5.0,10.0,-140.0,-130.0,127,74,0.5826771653543307,measured,24,0.003,0.6753527926948836,0.1379308897745725,0.5390897101412216,0.1774689916930663,0.22668728288614526,0.08604173840216871,0.11006795122938336,0.1924179617782849,0.14264099863338794,0.046292996820378705,0.27641295487025996,0.127784474840704,0.09124967062248374,0.17803758673643846,0.06368658664696575,0.10596691584345896,0.14235910763933252,0.13002471513270106,0.04734755023295796,0.2172248397790691,0.11199094159481238,0.0705865708463435,24,0,0,0,2.070972755551338,0.2976427942514967,4.8227158685525255,0.8708916714688157,1.8375912457704544,0.3491388052224415,0.05977172054943995
5.0,10.0,-130.0,-120.0,84,22,0.2619047619047619,measured,8,0.001,0.7169789171987965,0.15849705126003027,0.6385402493178844,0.15188130595915075,0.2314463238562307,0.08464123356726862,0.06245263545743881,0.11441620886350867,0.21071632399402485,0.046820263663727435,0.2704382135022071,0.08227722298714422,0.05581680805452408,0.1359780165761062,0.0489171449080596,0.06074069803844216,0.09977088540698881,0.1190284826465191,0.04532211312145134,0.14056029669726142,0.09222974044148434,0.07272570574844457,8,0,0,0,1.8667575120925903,0.04569936552608248,4.276935517787933,0.14892191955341716,1.5682169944047928,0.09978952808450318,0.028433154879574218
5.0,10.0,-120.0,-110.0,117,17,0.1452991452991453,measured,9,0.001125,0.7634765596687794,0.13341026565718417,0.4662555621729957,0.20614134731802983,0.2800998020172119,0.056669940948486326,0.10004329860210419,0.10023522266672223,0.26457767088751366,0.03553550268094113,0.30321826457977297,0.03734669089317322,0.060329552888870236,0.12409295254618605,0.03697163500868691,0.06320336524453397,0.06495765611799288,0.11901849889987487,0.028630256964456948,0.10678089045906143,0.06716618677028668,0.05903332482280511,9,0,0,0,2.0724998977449207,0.4095872824189512,6.277011871337891,5.3856085810088,1.877372556262546,0.6524864286375374,0.4928258360311682
5.0,10.0,-110.0,-100.0,27,3,0.1111111111111111,measured,6,0.00075,0.571287584801515,0.19127584738153205,0.4757548322280248,0.16874796478980875,0.24300173421700796,0.06966918706893921,0.11239633460839589,0.09317097531166134,0.24498663467073448,0.04855024446927322,0.24517038464546204,0.14760243892669678,0.12969183921813965,0.21306624803775207,0.08082629488037153,0.09205896926261634,0.07093674154840773,0.20518881876693518,0.03625346939973991,0.18783741979142424,0.16522958035490892,0.08329492106104724,6,0,0,0,1.91470068693161,0.05946432502125792,4.481950998306274,0.25369049490558776,1.6341009934743245,0.08544205885494231,0.10290213864223795
5.0,10.0,-100.0,-90.0,29,6,0.20689655172413793,measured,11,0.001375,0.6447570453519407,0.1587599201789904,0.42391127618876373,0.23622320246347547,0.2938608940204848,0.1020650863647461,0.11900876915973166,0.11896828281751705,0.2908083223013623,0.053780859862656696,0.27070457002390985,0.1193237771158633,0.12114693807519,0.24505078926512971,0.0777782999541791,0.08798393836524884,0.08762958127683523,0.23763203488029938,0.04251493162419443,0.20815847729346731,0.10267174949858957,0.09399745666379586,11,0,0,0,2.0813495354218916,0.3637752182510267,6.0933989611538975,4.824316283323217,1.8986549160697244,0.5864318505474474,0.4498515835739241
5.0,10.0,-90.0,-80.0,26,5,0.19230769230769232,measured,13,0.001625,0.6311805248260498,0.17814172390069885,0.3718141569541051,0.15125653890653562,0.236650633359594,0.0942098753792899,0.09826788448152088,0.10217139320391536,0.23206689875480274,0.056958404226904916,0.2722121874491374,0.13928522950127012,0.13420098168509348,0.1530232583812242,0.07844553838308448,0.06909914295183482,0.08208808521600759,0.15302401826172823,0.039867764270557896,0.21227436479863412,0.09828196731726734,0.08213382179576185,13,0,0,0,2.0155464594180765,0.3298907607291819,5.76484830562885,4.492915923549356,1.7820268410902758,0.5488878473158109,0.09270928177208206
5.0,10.0,-80.0,-70.0,28,6,0.21428571428571427,measured,13,0.001625,0.642437453974377,0.15062664633305278,0.4048523845580908,0.19174297786289313,0.21586522459983826,0.12982487678527832,0.10892037099057977,0.16976303523570407,0.20308334444322523,0.050995930076830766,0.2838189060037786,0.16652325066653165,0.12685541131279685,0.17747961916654595,0.10542627185466999,0.07538829068974148,0.10327185269633278,0.15918102700545267,0.03595939141165261,0.18797003263230233,0.09822660095896041,0.09173384995957905,13,0,0,0,2.065103585903461,0.33842767710483523,5.897308863126314,4.555770668779013,1.8508916267981896,0.5515567726907299,0.40047765246553224
5.0,10.0,-70.0,-60.0,31,4,0.12903225806451613,measured,11,0.001375,0.6086199206334574,0.16733290368914816,0.4310751828280362,0.1532255245161557,0.23987659260078711,0.08990649823789243,0.11406412831059208,0.13626045077923285,0.22196787961697362,0.05228105098918873,0.3282930674376311,0.146281396901166,0.13706953437240035,0.19025198481437147,0.07943921042888163,0.07925103929466655,0.11101694064757094,0.16723920845177065,0.034855245191082566,0.21174151741253192,0.0918706268413051,0.08611371502265107,11,0,0,0,2.046205824071711,0.36284919736976123,6.009465044195002,4.861183843535449,1.8260584419423884,0.6140770224928381,0.38202495067126213
5.0,10.0,-60.0,-50.0,38,9,0.23684210526315788,measured,10,0.00125,0.6338576530588085,0.1390653510567086,0.4295519933104515,0.20014950568158854,0.23287219836794096,0.10071074551549451,0.1156059113042108,0.15243912441642013,0.20869607292323344,0.04077662191562483,0.3359364394483895,0.14448103000377788,0.12213880851350982,0.1650911918732813,0.10667850341779121,0.10503366008799725,0.14173782627000645,0.1269888611588973,0.027397119318452748,0.19546277426933867,0.1176606522720451,0.08000995083498487,10,0,0,0,2.090940237045288,0.23777198482515877,4.853691291809082,0.6379064556921111,1.8996963977813721,0.34538520266274186,0.7508450932332165
5.0,10.0,-50.0,-40.0,82,39,0.47560975609756095,measured,15,0.001875,0.6612806729106016,0.11508419563319448,0.511940731604894,0.1348199994276379,0.23064485816068428,0.11849764890448991,0.09717100720072902,0.17974350061139785,0.20937141614294996,0.04293065537633591,0.3919114345727965,0.14478086039077404,0.11344553149023721,0.17712041518762064,0.1214172542544076,0.08579970835060413,0.15626380356702302,0.11309306912358255,0.02408784177701994,0.2204180258390051,0.10240814087742753,0.08116448946258807,15,0,0,0,2.1344200452168782,0.341495677742688,4.9784270286560055,1.0178898567582035,1.9965733289718628,0.4804513622971268,0.5315855248227151
5.0,10.0,-40.0,-30.0,165,81,0.4909090909090909,measured,66,0.00825,0.6355160080960819,0.1313832586547481,0.5743258918325106,0.14280970692524728,0.25625931648981004,0.13108911684581212,0.11691145102183025,0.21658650680229014,0.19328038357440333,0.0498439980909184,0.4518386891910008,0.142915917294366,0.08336725121452696,0.1866659279101817,0.12404552263093603,0.08288327154849306,0.15617292441506372,0.15629347474143213,0.034660627629940294,0.2925810698397589,0.11017458478815101,0.07384382307756016,66,0,0,0,2.0774463415145874,0.28459882823951665,4.959489807938084,1.3080929538234956,1.8815071564732175,0.4251000125501549,0.05527087683921575
5.0,10.0,-30.0,-20.0,225,93,0.41333333333333333,measured,122,0.01525,0.6297197665906313,0.14542726567701217,0.5920382624522584,0.15365573469018834,0.27412796381748084,0.12414945255626332,0.10609088702635332,0.25257704268345016,0.16607819630267828,0.06409760492070662,0.402811044996435,0.15432011358665698,0.09048720200856526,0.22017192162240434,0.11072193503938964,0.0854347485445633,0.2014868927710949,0.13899694726895268,0.0436337500373305,0.29409503826369965,0.1048039134385139,0.0756670280003054,122,0,0,0,2.0409405729809746,0.24060301391561859,4.792089188685183,0.671935717958032,1.8213588184997684,0.365601594342342,0.1044957377939059
5.0,10.0,-20.0,-10.0,47,5,0.10638297872340426,measured,44,0.0055,0.6761197135561988,0.13426701889714993,0.5607087480073626,0.19515003103537995,0.2583068779536656,0.09944194271450951,0.10245095406259809,0.24769224112069244,0.12323207033096996,0.045357744730565516,0.3570897522426787,0.1403331614675976,0.0888770960626148,0.20584162789226196,0.05814664721125391,0.09417407674847858,0.1912351511852336,0.09620020273349016,0.02911979670844681,0.2933465950430687,0.11053008319046916,0.06075188026481016,44,0,0,0,2.073651660572399,0.294400848783797,5.403416124257174,2.525887664237841,1.8759025741707196,0.47417228264231875,0.16424588587273786
5.0,10.0,-10.0,0.0,1,1,1.0,measured,2,0.00025,,,0.2761569917201996,0.0,,,,,,,,,,,,,,,,,,,2,0,0,0,2.367846965789795,0.0,5.622154235839844,0.0,2.1601250171661377,0.0,0.0
5.0,10.0,0.0,10.0,55,14,0.2545454545454545,measured,9,0.001125,0.4131370957304792,0.051049692377311655,0.3413019941912757,0.06696766980235087,0.22774959192043398,0.3063563733566098,0.2558021807089085,0.23701056739991794,0.29871650895485974,0.07834136303196229,0.10636607612051614,0.1863378635266932,0.10154824722103956,0.12167796854715335,0.025987749546153086,0.03987830025963629,0.12290735464041654,0.026328989085404254,0.029818057650491833,0.051527214390567684,0.01052783121185531,0.02121915695063204,9,0,0,0,2.02724556128184,0.20066625725712758,4.562205049726698,0.7626819154543767,1.8558536767959595,0.29956673251252963,0.6589836626988675
5.0,10.0,10.0,20.0,16,0,0.0,measured,2,0.00025,0.6955635640770197,0.14952021807247493,0.284124493598938,0.03672349452972412,0.24478387832641602,0.061022594571113586,0.05016864463686943,0.2279633260513497,0.11511381692360032,0.013392179596479536,0.28260770440101624,0.193073607981205,0.08307989686727524,0.3210045698162883,0.04715362830960471,0.029388517224189746,0.3010168024046949,0.11437096852502172,0.02329411468404267,0.14220723441390387,0.05564885895234592,0.04838577525633825,2,0,0,0,2.0256835222244263,0.07356664972618936,4.690838098526001,0.038582573826024744,1.7605425119400024,0.01633628707021657,0.7535679233566304
5.0,10.0,20.0,30.0,285,73,0.256140350877193,measured,84,0.0105,0.7305768454833975,0.11995175312448608,0.6663682366765681,0.18374028909000517,0.39875785809642866,0.1860460818938489,0.12629624245301732,0.42643598546720046,0.11874970696126266,0.040422870145427475,0.3419573869345323,0.13022697421739687,0.14151495132806166,0.24095846470251414,0.11350896066751696,0.10576865382929294,0.23309532901148614,0.11951428715252305,0.025756664604048792,0.20574709249751924,0.0838142014012294,0.0874154042944695,84,0,0,0,1.9730510811010997,0.15939710366904294,4.514092859767732,0.556675166519613,1.7950338607742673,0.23810997429368963,0.31874670680719785
5.0,10.0,30.0,40.0,177,44,0.24858757062146894,measured,58,0.00725,0.6790453326657302,0.12643367425047247,0.5262430860050793,0.1882477348388122,0.2679096774051064,0.1531197988897338,0.13592290295694107,0.27159999354704073,0.16835347821127825,0.03287000313480706,0.2185041456294239,0.14841398081385104,0.06015249750667945,0.241794580269616,0.09365093517714695,0.12498256781997617,0.20338986274730134,0.137766100248576,0.02142341325948759,0.21445058359507124,0.10424639741108722,0.048504459169477966,58,0,0,0,1.9633419986428886,0.13914604419555823,4.534079518811456,0.5355232959714863,1.740954865669382,0.2243607651969668,0.2760762206170829
5.0,10.0,40.0,50.0,293,86,0.2935153583617747,measured,132,0.0165,0.7014990757053025,0.12512925214015272,0.5460015711459246,0.16597852145242026,0.2558921569787362,0.1612422339582213,0.13001815074883796,0.26707922523681293,0.16846395346996101,0.028496269625270815,0.2623276376493887,0.13930348440068932,0.08376486289904313,0.23817608557473333,0.10598141805269985,0.0979384944000701,0.1853514665094331,0.15928961177116593,0.02405214859559217,0.3236077739027963,0.09190240677538075,0.07346069828340467,132,0,0,0,1.9593124389648438,0.16868128919377434,4.63251632271391,1.3111342744084675,1.7342959904309474,0.286608972480577,0.1931028110096651
5.0,10.0,50.0,60.0,186,52,0.27956989247311825,measured,89,0.011125,0.6542707344711717,0.15509209417177214,0.5028038666154562,0.17247938800783194,0.25276241729508586,0.1267048173875951,0.11824059753275629,0.22459807253531405,0.18381974990060335,0.037870905896657515,0.299783761821576,0.13534465743534602,0.10246597297156035,0.22943404784401544,0.09986197409557532,0.0849629044262252,0.1564860440301257,0.18393876674082962,0.032651897403589085,0.33587324506951644,0.0998183225442561,0.09336402826296607,89,0,0,0,1.9687495218234117,0.15063154173154636,4.695773622962866,1.4768095731406485,1.7334186695934681,0.2508188130093234,0.07778741772909419
5.0,10.0,60.0,70.0,146,60,0.410958904109589,measured,79,0.009875,0.6249912658403086,0.14248807732604682,0.5380951160494285,0.1731350514373933,0.27730658303859623,0.1017916202545166,0.10223625011222306,0.18447425998595787,0.23636434044803484,0.0406627970616344,0.36829296378202214,0.13079790736353675,0.10095322963803313,0.24691393725524535,0.0764973284603286,0.08553815440789528,0.13082164306716604,0.21694619677570273,0.029338421177394252,0.3611949701776236,0.10576684194026152,0.09753331373733959,79,0,0,0,1.9666348967371108,0.17809913688791343,4.751690580875059,1.776745098465947,1.709571794618534,0.2880919654830285,0.2568608892568853
5.0,10.0,70.0,80.0,140,58,0.4142857142857143,measured,79,0.009875,0.6086837305891805,0.15678266907722743,0.5522844434916219,0.17602176038700607,0.24479912948317645,0.10204054088127322,0.11862954860780298,0.1339961259233418,0.23029044641721233,0.042334716356904695,0.37687114680685646,0.12057050263009421,0.09974734085362132,0.22432250401055906,0.0751312273923853,0.09589595121085548,0.09704402827410832,0.21423813389998625,0.030697587657885994,0.3780396858892125,0.09761364541556224,0.07739535744985987,79,0,0,0,1.92563993417764,0.09632363704935497,4.471158975287329,0.37423928106543336,1.6404444416867028,0.131392588024835,0.3247889828933783
5.0,10.0,80.0,90.0,206,58,0.2815533980582524,measured,89,0.011125,0.7068416488331717,0.16744589490809825,0.5642388650540555,0.1818972775756481,0.3571105816954514,0.09257619123201112,0.10186785056784346,0.09882357085997939,0.3552700060368749,0.0361829907519655,0.2798471772992933,0.1451381219399942,0.13270235383832776,0.2690892892890472,0.08338111014220934,0.07715749664379774,0.08851371134329807,0.2676606460385953,0.03786765663528833,0.27412123106489505,0.08731884686519262,0.07005843783708826,89,0,0,0,1.9492032045728704,0.17078248518938272,4.6903685907299595,1.6468765352271206,1.6752898237678442,0.27019312289300135,0.24239150432084894
5.0,10.0,90.0,100.0,192,62,0.3229166666666667,measured,81,0.010125,0.7080386608839035,0.16049854736493233,0.5814301502189518,0.17084177495014233,0.21596593818125817,0.09552088517409105,0.09653870967718271,0.09627656968334256,0.21488751659414557,0.04976854760458413,0.23460108316861666,0.134472368313716,0.12475196765019343,0.18947862574335733,0.08652881203006352,0.07965648910978158,0.08808490070506561,0.1896052174748002,0.037957627206951096,0.287851888245543,0.08733632288753149,0.07087949894720257,81,0,0,0,1.926987620047581,0.08963073362005758,4.487891697589262,0.3451351120627752,1.6444432043734891,0.11693108631378854,0.1903442318348472
5.0,10.0,100.0,110.0,148,50,0.33783783783783783,measured,86,0.01075,0.6315186318694329,0.13914106158285316,0.5356621069963589,0.18789888146211364,0.24377576307374604,0.11413927467501893,0.1050318570769563,0.1192968681488032,0.24051915526634282,0.03535540161060376,0.32256241720549916,0.14355147736413137,0.09607113502463516,0.22769033082450055,0.08238231361208598,0.0818097649436043,0.09602683755515068,0.2231182841041626,0.026644105054015023,0.31610908020096534,0.10875874176043043,0.07475200779665027,86,0,0,0,1.94094070584275,0.14366645352379334,4.652483529822771,1.6208841959666873,1.6729931276898051,0.25389071303710736,0.19176689632492339
5.0,10.0,110.0,120.0,147,47,0.3197278911564626,measured,66,0.00825,0.5919433885812759,0.1670824706463366,0.5471867600625212,0.1788920838500278,0.2300992202758789,0.13786367893218995,0.10325655460357666,0.1505899798718565,0.2172369774499143,0.04212910157720796,0.33446019172668456,0.14124269604682924,0.10668251276016236,0.2345713577211778,0.09098992211436885,0.0889915926753781,0.11904456391788883,0.22630527683207036,0.03357245704306238,0.30999094924047416,0.10895268162762757,0.08839093606757552,66,0,0,0,1.9461692607764043,0.16180049380073364,4.680284655455387,1.842958320064094,1.6782604835250161,0.2728658587574187,0.35005582588603146
5.0,10.0,120.0,130.0,174,68,0.39080459770114945,measured,98,0.01225,0.6028758125766268,0.16779805277456972,0.5189782540713038,0.18502400823588158,0.21517920269156401,0.1153181678843948,0.10543502951568028,0.1580061623176019,0.19822146414849998,0.04271256607894921,0.33188251279435066,0.11850887874387345,0.10182348062407295,0.2412923065667025,0.09296973899857396,0.09695459308796311,0.1321340585514533,0.21153867987709218,0.03421728497091982,0.32114811787642095,0.11049868499659211,0.08665540818109511,98,0,0,0,1.9704905383440914,0.16021218267326204,4.691254192469072,1.6034671631376969,1.7299494049987014,0.24968826965310706,0.08288071101148109
5.0,10.0,130.0,140.0,227,82,0.36123348017621143,measured,95,0.011875,0.6949783788672809,0.15631392346594464,0.5182161688804626,0.1877695405963542,0.23296083746285273,0.0910923694742137,0.09571747862059495,0.16629228811236627,0.19203113076819778,0.02890219146084236,0.2849693249011862,0.11696245094825482,0.08451895056099727,0.19617125115871126,0.07586919593617705,0.08868942772947015,0.1323159262375051,0.15738895016851975,0.023308134467786557,0.2563938317941816,0.0994015734018559,0.07973814449738836,95,0,0,0,1.9470147170518575,0.09997479606011299,4.501392060831973,0.3194280854461321,1.702811780728792,0.1414002905448481,0.07627157099274415
5.0,10.0,140.0,150.0,224,60,0.26785714285714285,measured,100,0.0125,0.7580795516146392,0.12294822223758213,0.5424521699547767,0.1843921243663757,0.2607770489483345,0.09699700082220682,0.09954334359343459,0.22084858141214797,0.16549710720694394,0.025063311570352347,0.30006219555691976,0.11272644996643066,0.04794841205201498,0.18052356851268148,0.05695307973205551,0.10927162230549346,0.15403234492193116,0.11556880123307611,0.02150372177153964,0.21148334170007438,0.09262364190806215,0.05241035557079719,100,0,0,0,1.954711729288101,0.1313546206309411,4.478837213516235,0.41108046352317634,1.7214647102355958,0.18230565270891091,0.0656147067665977
5.0,10.0,150.0,160.0,430,91,0.2116279069767442,measured,123,0.015375,0.7432472394630972,0.09122223087612233,0.6327192482909536,0.15776247571418914,0.3257715821617824,0.13342263705610877,0.13399593052962536,0.25813839059640964,0.23766856441621392,0.03416036348724273,0.3068310222794524,0.07029923787862502,0.03524402707023958,0.24587735699688887,0.07408389851827142,0.12415423276941573,0.19566665818643209,0.16871753373441528,0.030530247828749413,0.16371223837829835,0.07127617505378248,0.04350691943604955,123,0,0,0,1.943599560396458,0.10383876128325102,4.4593090080633395,0.3532457186603353,1.7040162580769236,0.1628816644314205,0.047061498845743045
5.0,10.0,160.0,170.0,38,7,0.18421052631578946,measured,11,0.001375,0.642945678964738,0.12438469574117834,0.6826383634047075,0.0923352250722432,0.21874344733453566,0.09841503250983454,0.18818880857959872,0.21412391670870617,0.1190194302816511,0.049383447347478966,0.3593789685157038,0.08777403446935839,0.1255183719819592,0.18793269835525905,0.05387704154500366,0.1224710171712885,0.16828894781056816,0.08613827631201776,0.04305782068249013,0.28792208640375605,0.06818669537675588,0.10488955240565537,11,0,0,0,1.941614736210216,0.08044230327723731,4.513150908730247,0.16177708879465777,1.65270827033303,0.11995076219263479,0.03800570483283083
5.0,10.0,170.0,180.0,104,0,0.0,measured,10,0.00125,0.6247599339829042,0.10159928278648514,0.6496989995241165,0.213693975644644,0.15227660766014686,0.09851437061969101,0.2374888647061128,0.1527014976849945,0.09580758421433531,0.11510295033132514,0.15102332830429077,0.12151295290543483,0.29557661826793963,0.1218035824100524,0.09330781092210237,0.09952835284958605,0.12214216154149082,0.0949745150649287,0.0615647731443046,0.17908846400294418,0.06372688023072984,0.11579988800968782,10,0,0,0,1.9300172805786133,0.05088302253976162,4.528449964523316,0.09820323836843424,1.6369163155555726,0.13491203739563087,0.09009214637043761
10.0,15.0,-180.0,-170.0,357,81,0.226890756302521,measured,62,0.00775,0.7181997273279273,0.12688826303875442,0.48853780449398104,0.14341961250672794,0.13871495620064114,0.04988629517079655,0.10746999171333037,0.1382426953339763,0.050973285792603996,0.048658732731448676,0.22258678208226743,0.08369893094767696,0.08082276107608408,0.11690429112495786,0.03692878977694957,0.11921274107779047,0.11652186664305496,0.03839487249299948,0.0322476953675527,0.21478425138112747,0.0948923957651413,0.15129242129105136,62,0,0,0,2.0046358916067306,0.08854280079526858,4.531336307525635,0.21606746288296552,1.772310374244567,0.16387886387386533,0.12785102057917558
10.0,15.0,-170.0,-160.0,432,265,0.6134259259259259,measured,233,0.029125,0.6354917479667835,0.15924954745382575,0.5126711198572437,0.17122861593769345,0.18581274455178998,0.10507295945447362,0.09877225417576864,0.19124179785840187,0.1045214162557989,0.04411393426392509,0.37165488311630523,0.12543828258971254,0.0891781017451943,0.1565045866707122,0.08903330852354806,0.09697539124817471,0.15673111209559412,0.0769709381458772,0.032977077532411414,0.292920963435473,0.1128854031312336,0.07822050014009568,233,0,0,0,2.1012300145472578,0.24127424805988618,5.205282280885099,1.7667614595520005,1.8089988124217087,0.3130821700775427,0.0998762250461288
10.0,15.0,-160.0,-150.0,130,62,0.47692307692307695,measured,44,0.0055,0.7026800872648463,0.1403136099871814,0.5830421583219008,0.16732040708308338,0.19413678786333868,0.12620977794422822,0.11671217837754418,0.19768683841620613,0.12602558505775208,0.04965801480541225,0.3041319180937374,0.13795198938425848,0.06314372139818528,0.20479485959548094,0.09129813162704141,0.1099220185588223,0.18273453978710663,0.12465888497254465,0.03615903616232838,0.232511237458052,0.08895686870042421,0.055942819041278236,44,0,0,0,1.946835601871664,0.1204845641520531,4.4876463413238525,0.3955074831000325,1.6577167240056125,0.11591172665767534,0.05763578162955275
10.0,15.0,-150.0,-140.0,78,13,0.16666666666666666,measured,28,0.0035,0.7051259036247547,0.12406060609175884,0.4669656072344099,0.20193630036217508,0.24573749395517203,0.07924309510451097,0.09133930939894457,0.19482207353356804,0.15737164354646313,0.04595808780286461,0.19500105931208683,0.12133238315582276,0.0977073962871845,0.23398613473436475,0.0739011544512443,0.09411959838223487,0.18982580264134685,0.16769605259933854,0.032042186846123207,0.19600602730040126,0.11040342681626669,0.08342346203287172,28,0,0,0,1.9194663720471519,0.12519905184617244,4.466831343514579,0.3815164004384,1.6261745819023676,0.15066411297780363,0.3041058206771883
10.0,15.0,-140.0,-130.0,27,4,0.14814814814814814,measured,18,0.00225,0.6768130880335103,0.1424869243911688,0.40947499954038197,0.1786621817087098,0.1970421127651049,0.09791900800622028,0.12907054631606393,0.13705065285392037,0.16508997698661912,0.027131871447068544,0.23621971710868503,0.1280956112820169,0.14261608538420303,0.13631736766923583,0.08771122308665781,0.12612491505014464,0.11098230485701077,0.127807494987512,0.022294333131359898,0.21029958192724388,0.10934654391720514,0.10136280785333021,18,0,0,0,1.9306668837865193,0.12120424356110504,4.488487958908081,0.31404349008223414,1.625264671113756,0.14982317739254913,0.3574469299039475
10.0,15.0,-130.0,-120.0,39,7,0.1794871794871795,measured,19,0.002375,0.540185877121985,0.21904273313860553,0.3364741033629367,0.12152568513777966,0.20418530702590942,0.150456964969635,0.09561746940016747,0.16293988463333134,0.21872893502918941,0.066638612989395,0.3534417599439621,0.07406985387206078,0.13812077790498734,0.1427193389063562,0.11717723730012355,0.0973062797075856,0.11299967552037321,0.106148824116235,0.05462721744804719,0.26584473591516955,0.07302626922495627,0.13708405495121506,19,0,0,0,2.18399493317855,0.37136996241719333,6.794933971605803,4.851002027983993,2.0109467067216573,0.629610378586979,0.6283740180147355
10.0,15.0,-120.0,-110.0,26,15,0.5769230769230769,measured,27,0.003375,0.41694672676649963,0.19139184018522534,0.3221104818361777,0.09080591193056739,0.21666336059570312,0.23490602319890802,0.062093241648240524,0.25551959418045095,0.22693174202212144,0.06988626890062348,0.2889609987085516,0.060082413933493874,0.11600384928963402,0.17715272168266324,0.16743134433438192,0.06910992519731825,0.15380932077330037,0.1452398282870855,0.06427843160881813,0.2723832835891279,0.0678169172880511,0.13815062720313864,27,0,0,0,2.1700310398031166,0.3148383761552263,6.21970381560149,4.193270674970842,1.9827880197101169,0.5311136030286757,0.8881925606806093
10.0,15.0,-110.0,-100.0,24,16,0.6666666666666666,measured,34,0.00425,0.3733169957995415,0.187842180665754,0.39250703243648305,0.11671349046730324,0.22940659523010254,0.30303406715393066,0.05502502620220184,0.34285842814207884,0.21846777743115628,0.0685237427545955,0.20315125584602356,0.06072591245174408,0.044067054986953735,0.19131008953719605,0.12892038720042073,0.04411278631419903,0.09138406148520882,0.15506750197336233,0.05344588443187062,0.12495071710069047,0.05275233254607168,0.012234583040810527,34,0,0,0,2.3203035908586838,0.40815666726749816,8.448571794173297,5.837557651747159,2.229210208444034,0.7135951330314404,0.8849068834761606
10.0,15.0,-100.0,-90.0,23,18,0.782608695652174,measured,24,0.003,0.41236059963703153,0.17556319363435194,0.38167620946963626,0.1304164692631179,0.3242564916610718,0.267106819152832,0.08137753009796142,0.2859414603196635,0.31240591212246016,0.11325546582434498,0.246075439453125,0.07326219081878663,0.14667873382568358,0.0851544055846119,0.15215117744523302,0.043521605927944094,0.14182639674434738,0.08610969363803825,0.04627563254285503,0.23775965367873889,0.0837976084676984,0.2067562366568736,24,0,0,0,2.0623087833325067,0.20717209286477098,4.702023506164551,0.562452287528598,1.7912928014993668,0.29837438201573935,0.8584753360375821
10.0,15.0,-90.0,-80.0,26,17,0.6538461538461539,measured,23,0.002875,0.35704844031069016,0.1601140732985816,0.35574239168478095,0.09820982605059207,0.1605774611234665,0.30127599504258895,0.09183741940392388,0.2885093793559347,0.18328407521714493,0.12446363855174208,0.12632422977023655,0.06045630243089464,0.06926531261867946,0.10492823282708569,0.1819270399351041,0.03536354772279432,0.18390195118940564,0.1000454209731927,0.04785794245441198,0.09506550784769253,0.04420060138417446,0.04018120167485978,23,0,0,0,1.989912960840308,0.12812086762201058,4.514766029689623,0.324610907335449,1.6842800430629565,0.17399210372230123,0.9378545822623713
10.0,15.0,-80.0,-70.0,21,13,0.6190476190476191,measured,28,0.0035,0.3481827527284622,0.10939376385532734,0.38427249821169035,0.12455506484541076,0.16749557852745056,0.28360915184020996,0.09227483719587326,0.2352873650948576,0.20361711976650806,0.1320771058393886,0.3085482716560364,0.079344242811203,0.1269114762544632,0.12815361077838153,0.12486495088434661,0.06626910677262428,0.15454354021169742,0.14071155706693741,0.06701148564715576,0.3632359745134312,0.05326266914133402,0.12377309200325662,28,0,0,0,2.0444969279425487,0.23206770418210254,5.056594865662711,2.5355063942900213,1.7670900310788835,0.3644125585425735,0.9380999851596424
10.0,15.0,-70.0,-60.0,26,17,0.6538461538461539,measured,25,0.003125,0.3403313308954239,0.12186431402848157,0.39828900039196014,0.12614059586987758,0.1930471526251899,0.18778440687391493,0.10614985889858669,0.1733302231480054,0.17246937685295255,0.15699164160858617,0.25493266847398544,0.0822896957397461,0.12774311171637642,0.1358944936972934,0.156597599418731,0.07968236877220806,0.1733984355840222,0.16020061950899264,0.07862780299354692,0.16516821044184204,0.05820808657377541,0.11595952373841682,25,0,0,0,2.1017025899887085,0.297033802696071,5.744099845886231,3.7888799473582964,1.8793626070022582,0.47562076436699346,0.7653547631846823
10.0,15.0,-60.0,-50.0,32,11,0.34375,measured,29,0.003625,0.48225038392203196,0.199678284783231,0.33139858574702824,0.0944729184699803,0.19130783989315941,0.16079443976992652,0.1519920173145476,0.18113704522034493,0.19130027558677468,0.09014348031695836,0.2954721904936291,0.08556719053359259,0.14435492810748873,0.14429862018717457,0.09056384801423396,0.11385257815982831,0.11037399615175579,0.09944144107633378,0.05018345384774592,0.21272885071153272,0.07130999065397849,0.09851916383037196,29,0,0,0,2.075860224921128,0.2886048929557229,5.610679133185025,3.8903044563953326,1.831016211674131,0.47529858029804867,0.6202665955167653
10.0,15.0,-50.0,-40.0,28,6,0.21428571428571427,measured,22,0.00275,0.6174093146215786,0.1773189431126364,0.3798950456760146,0.1591961730689416,0.2765759988264604,0.16113812273198908,0.14227500016039069,0.2297688592535658,0.24606837115421765,0.07161448816051302,0.31172429431568494,0.14939025315371426,0.14795697277242487,0.21635576572175796,0.11637704710043191,0.09408695379546321,0.16868600009734108,0.14496507711615678,0.03509664813983039,0.25815067935146563,0.08917227814531166,0.09797849417326296,22,0,0,0,2.027926504611969,0.15658234735296098,4.686062856154009,0.4063261740540299,1.778830268166282,0.20973141077055105,0.49602263346708336
10.0,15.0,-40.0,-30.0,70,8,0.11428571428571428,measured,16,0.002,0.6532233537685487,0.16364879562262533,0.33783750515431166,0.12910469817290354,0.259567629906439,0.12170840078784574,0.15690371970976552,0.226096164513628,0.19102537289809562,0.04676735469125091,0.38976938493790164,0.11979080976978425,0.11645324191739483,0.2163766153545342,0.11025898483929925,0.09476018962043846,0.1624768848837627,0.16478854907880092,0.024482516616274017,0.20772225554906615,0.07988771752265697,0.08374220698218078,16,0,0,0,2.105934537947178,0.235897278013268,4.910293489694595,0.6215903633561715,1.9125457480549812,0.3303633835771602,1.0102619884705775
10.0,15.0,-30.0,-20.0,119,65,0.5462184873949579,measured,34,0.00425,0.6020020326530492,0.16152730883745964,0.45882364756920757,0.13933917187570147,0.24729912369339555,0.18278561698065865,0.08726351239063122,0.22581942820650738,0.23318182031988077,0.05049044296578763,0.30389095235753943,0.14612042241626316,0.10873888377790097,0.17636647358648883,0.1461168674304976,0.08003596198315431,0.15206734136743827,0.1361251575344857,0.041640634951596735,0.19301654086360007,0.07715841134498184,0.09967505919247743,34,0,0,0,2.138355949345757,0.267669734347286,5.0268506022060615,0.7253446499169669,1.9773308950311996,0.41289892187812927,0.4205272118592508
10.0,15.0,-20.0,-10.0,403,120,0.2977667493796526,measured,177,0.022125,0.6738766119042049,0.12802129935935877,0.5884933436321,0.1679397870418764,0.2926857412493271,0.1160562181641272,0.10294742234604097,0.2945387094981655,0.12292999550689894,0.05024251298523959,0.40219124298634884,0.1450244449473944,0.0832478035465146,0.21361691341294892,0.10985457641159904,0.0846411483981472,0.20715278183298752,0.10980479202001392,0.034553795912503474,0.2805198332902638,0.10916080625245322,0.06414154853783717,177,0,0,0,2.075435386539179,0.29318862271056045,5.246960913394131,2.3247100127983393,1.8771070895221946,0.4915239806904038,0.3937105732177431
10.0,15.0,-10.0,0.0,5,1,0.2,measured,24,0.003,0.6383424997329712,0.0685774410652486,0.41865932879348594,0.20814566537418056,0.12885260581970215,0.5145174618810415,0.11893345415592194,0.09037249302637151,0.521865190776414,0.025091328222887732,0.1693505048751831,0.06792557239532471,0.06546148657798767,0.03541567933434245,0.12804821295820282,0.09849054761987185,0.02912649382595635,0.13275168665233894,0.0064826889316589404,0.05732219194508795,0.04370851481935605,0.03384370537348357,24,0,0,0,2.2027745644251504,0.3094869645056115,6.291296899318695,3.5564851361344263,2.052932098507881,0.5311281965259476,0.47578178883290695
10.0,15.0,0.0,10.0,264,42,0.1590909090909091,measured,46,0.00575,0.5058468164087416,0.14120911899286226,0.4346723057653593,0.14591965848572389,0.22849254779987507,0.24524543266575616,0.1398820707926879,0.23440779306321363,0.23964428340052685,0.03244612232411201,0.0626321268511248,0.09503146227415618,0.0757119564322738,0.10710578344386851,0.07835653179662831,0.10208235335717632,0.10709211753225795,0.07823326602508543,0.020816051528318343,0.04511808947233776,0.06589273541058835,0.034030747836321304,46,0,0,0,1.96411474113879,0.025798018842693313,4.397546042566714,0.12433492178670137,1.7836843210717905,0.08373820572241152,0.3836826291930398
10.0,15.0,10.0,20.0,343,41,0.119533527696793,measured,69,0.008625,0.6802550198522624,0.13515050314445295,0.5302530270123827,0.17933612015469133,0.22670855111633706,0.1387958029248067,0.13134815637639027,0.23477164995745178,0.14720042368814176,0.03623465672962572,0.31244840053533085,0.11306710985322661,0.09549604820099887,0.24659579584057117,0.1061317878035047,0.12271530178915184,0.2365829865476771,0.09988635084881407,0.027488454378627434,0.21175285060913887,0.09391796611349393,0.06302348070217018,69,0,0,0,2.00860285413438,0.18024958149080542,4.65201709581458,0.6813766823225029,1.803005273791327,0.2808526600285713,0.39561169043145583
10.0,15.0,20.0,30.0,375,57,0.152,measured,125,0.015625,0.7042054566759733,0.11407673454420926,0.5426766538619995,0.18773116344671067,0.2155391405213554,0.12207710967873628,0.14670863616391547,0.22520362615178416,0.1285551384472173,0.0376567161578203,0.31477584104118106,0.10697163988209371,0.09744268993161759,0.20469025604438149,0.0845443398638765,0.1280947601171326,0.18611000598787777,0.09233502555817175,0.032825356566133626,0.2892452435588949,0.09931543671688321,0.08858439180064384,125,0,0,0,1.9880181627273559,0.15910983722014146,4.659780143737793,1.4026191787994695,1.7634254064559935,0.269178170376589,0.42428820320050353
10.0,15.0,30.0,40.0,325,84,0.25846153846153846,measured,136,0.017,0.6607666003877196,0.1572629906734313,0.5187846241409287,0.17264995878132416,0.2885273581223864,0.11149662856739091,0.1008125338316953,0.2794386034210029,0.1569062899279157,0.03708378414616965,0.31466731490930583,0.10331941788621958,0.11880400517174812,0.2534998130756642,0.10437550304120699,0.07733258278492434,0.22523053070405427,0.1319152249341469,0.02748146784698497,0.3579973353458343,0.1021375708472611,0.09772437323889102,136,0,0,0,1.9435105805887896,0.15265028185938145,4.6755624203120965,1.9197846017594609,1.6804662443259184,0.25875032838475787,0.3147538405131202
10.0,15.0,40.0,50.0,188,62,0.32978723404255317,measured,128,0.016,0.6806366999470999,0.14973382008325017,0.5864849664503708,0.18079442717191654,0.17311931413317483,0.15298992490011548,0.07187216196741376,0.1941424004675688,0.1484467868505726,0.049641075519723445,0.22191103299458823,0.1258898131431095,0.0896801371423025,0.1668477398096907,0.1289308546091847,0.0635471067100491,0.16201142228373613,0.10891338972216649,0.07308938252788066,0.18667032689916632,0.11021589201528234,0.0653231855532287,128,0,0,0,1.929349908605218,0.09882308072287882,4.449104612693191,0.33134725045920194,1.6547629106789827,0.14091544743982318,0.6579258930955718
10.0,15.0,50.0,60.0,174,36,0.20689655172413793,measured,108,0.0135,0.6787649490263151,0.11482322174960728,0.5783186197556831,0.18128583425501002,0.152327513349229,0.11695857669996179,0.08454221487045288,0.16327034818652214,0.10808631600829352,0.029225413850663417,0.24808641447537189,0.10156218642773836,0.12232233821481898,0.14141029352767637,0.08914533681648192,0.0846413976389348,0.11962326947657095,0.11035015755806969,0.024156728862869556,0.1605908939627802,0.09124004552173051,0.08641411987640098,108,0,0,0,1.9373659657107458,0.08306424430855815,4.4849378223772405,0.2821760189450955,1.6629836040514487,0.12575339166781205,0.5230078127717968
10.0,15.0,60.0,70.0,128,28,0.21875,measured,113,0.014125,0.682096350044012,0.12633603814930638,0.5423472208523117,0.17342313778997193,0.17119573593139648,0.09031611442565918,0.09368802726268768,0.11267133933036742,0.1601141974624452,0.024598510369098818,0.2445007610321045,0.11113462686538696,0.12103151440620423,0.1481989708737833,0.07415169240193864,0.08680728306987759,0.0915619687777638,0.13494964956664207,0.01823027706123831,0.20345881017223366,0.07522614864621968,0.11741436291837737,113,0,0,0,1.9874559883522775,0.09457973480807529,4.611604412045099,0.3114028584773103,1.7648681106820572,0.15796330773536216,0.32531408380842153
10.0,15.0,70.0,80.0,88,22,0.25,measured,52,0.0065,0.6592123937426191,0.13498502695441225,0.5827199630439281,0.19567312486875893,0.16147394252545905,0.08357980034568092,0.08506258238445628,0.08805837989592276,0.15401039401505953,0.0322315021578717,0.21356529900521942,0.10953809095151497,0.13802284002304077,0.14913532154012316,0.07350283733579988,0.0608686106011869,0.07715091473939704,0.15257026246334462,0.02570447144406141,0.1630259122930788,0.0733669004339056,0.12287956897967067,52,0,0,0,1.9551290548764741,0.07301556650646525,4.595706132742075,0.2721495772384331,1.6989911542488978,0.1289054872356604,0.4407657193547035
10.0,15.0,80.0,90.0,64,19,0.296875,measured,66,0.00825,0.627847268515163,0.14833860498143933,0.5108765770088542,0.2181636225333348,0.16735133743948408,0.12212789323594835,0.10804755025439793,0.11851452581562201,0.16944365147146495,0.040059846151453055,0.2298107359144423,0.12649841838412815,0.15510461860232883,0.12362322044184354,0.09087342053398455,0.07199831753754168,0.09275522317259963,0.12289018008738749,0.02445868846387122,0.14971414285357026,0.07947132489359575,0.12911970341049353,66,0,0,0,1.9788825674490496,0.14603829737813867,4.616576563228261,0.46135292991280447,1.6998927250052944,0.2148362954367493,0.7633241806630707
10.0,15.0,90.0,100.0,71,25,0.352112676056338,measured,100,0.0125,0.623873343286307,0.1510540919853091,0.44149394109845164,0.2001353792464597,0.17851631726396433,0.10497344058492909,0.08791887889737668,0.11008497249338048,0.17385118746780448,0.035415276289076286,0.1753204698147981,0.12987742475841357,0.14507891561674036,0.14417654195876933,0.09198388915970825,0.08032706992644806,0.09683954582495138,0.14287958456491737,0.025264701618967524,0.13005868960578115,0.08499291654170933,0.10451438117709305,100,0,0,0,1.9728480827808381,0.12635915095609163,4.570278792381287,0.3840208941446089,1.681351708173752,0.23067713477139673,0.7275181820896324
10.0,15.0,100.0,110.0,76,34,0.4473684210526316,measured,59,0.007375,0.6230706657682147,0.14224665016365776,0.4635669321326886,0.23039531766921578,0.25138070185979206,0.10465992064703078,0.08271082100414094,0.1319840592285762,0.24547080512900993,0.04104294323248182,0.2582954565684001,0.14410272666386195,0.14431613116037278,0.19029888260419903,0.09446043433463634,0.06822085094851076,0.10214476021778554,0.17655915306597314,0.029531995467164816,0.25714493059579535,0.07840756986733483,0.09027906196606157,59,0,0,0,1.918975676520396,0.09611300908352928,4.473097671896724,0.3320795274435703,1.6268357179932675,0.18633737085490457,0.4851943638337011
10.0,15.0,110.0,120.0,110,51,0.4636363636363636,measured,52,0.0065,0.6697898815243931,0.11571632561040185,0.5677561737023867,0.20493403542290983,0.2287186040716656,0.06850105220988645,0.06620185051934194,0.11373132328837443,0.21719726960385863,0.03337671648446456,0.26378521676790917,0.11858348927255404,0.12580204818208338,0.23384236888449042,0.05598094943103264,0.05916200610398763,0.09565654836937273,0.21345039498868276,0.02626111277928848,0.2759358698672221,0.07374699363832118,0.09970842070022956,52,0,0,0,1.9375884808026826,0.08850943427051161,4.541054230469924,0.3179918123084661,1.648049764908277,0.1365630421976784,0.5730089232709771
10.0,15.0,120.0,130.0,131,47,0.35877862595419846,measured,64,0.008,0.6684866913017773,0.12713573265094572,0.5854258902836591,0.2019440946988545,0.19072868142809188,0.0807578790755499,0.076927716533343,0.13507206555530474,0.17022976518802768,0.03648436371000775,0.21777083760216123,0.11882959661029634,0.11207019573166258,0.1766780395028721,0.08110236449164494,0.06122682335734228,0.10190331115659312,0.15193770910069931,0.02535279671833556,0.21278432023769392,0.09537199711218802,0.0934599680204648,64,0,0,0,1.938333259895444,0.09677094355598928,4.602635808289051,0.37018260834791555,1.635474031791091,0.13963081897198404,0.1161536815353244
10.0,15.0,130.0,140.0,150,56,0.37333333333333335,measured,95,0.011875,0.6984558267162201,0.12878468610823224,0.5743979411689859,0.19780144176566716,0.2806655650443219,0.08274685068333403,0.0678311104470111,0.2167507874527622,0.2114844559178826,0.03367809309265459,0.2764673740305799,0.12204996956155655,0.1006671519989663,0.28339951646387823,0.07629020805271028,0.05542506113878667,0.1959986764922979,0.20404318742201732,0.026443081579561736,0.2594179382803634,0.10523726347996228,0.07698899529883756,95,0,0,0,1.9492590690913953,0.15806964533021223,4.732502139242071,1.6298864054929618,1.662307061647114,0.25360366495565584,0.311153429056308
10.0,15.0,140.0,150.0,273,103,0.3772893772893773,measured,139,0.017375,0.6491724742686047,0.16985983568517513,0.567461776218826,0.19756247372407032,0.2151672924266142,0.11550291285795324,0.0971261532867656,0.18175057420119933,0.1638587683904394,0.03698935980997596,0.2674523073084214,0.1289185404777527,0.09831776548834407,0.2257198144107833,0.09190190610845952,0.09115630432406413,0.18664264093965247,0.15593216138774338,0.029937274824287874,0.2606292268034733,0.11166553363167768,0.08232687403401164,139,0,0,0,1.9508374800784982,0.17328708101731044,4.735975128283604,1.99330780584885,1.690338745391626,0.28858328881848366,0.07107914631189918
10.0,15.0,150.0,160.0,320,97,0.303125,measured,183,0.022875,0.6580260982026969,0.17310726944845833,0.542626720308606,0.20834530474352725,0.21329630864575305,0.10461438717863485,0.0965666709459416,0.19395919027107691,0.1378274490680821,0.03616573581049292,0.280609567069152,0.122707121040789,0.09172534247684906,0.19472217731446034,0.06977471442145344,0.08567765920887549,0.16965720719359373,0.11757797938980176,0.028957297963242784,0.24167620873414997,0.09930666534878303,0.06782908375421837,183,0,0,0,1.9588620812515092,0.09780197825520702,4.54226683006912,0.3175698627452558,1.7039191814068237,0.1291618113230593,0.06421441225563061
10.0,15.0,160.0,170.0,571,264,0.46234676007005254,measured,273,0.034125,0.7337473836706205,0.1132991483426052,0.5970232634644805,0.12615160128322286,0.170882383464602,0.10643428777638786,0.15142915167327037,0.15964585416899035,0.12307526185468266,0.037090270551730004,0.2744576232052781,0.09962559289963316,0.06168047185829486,0.16600632321653605,0.06461635618184224,0.1419884068844141,0.15515295504932214,0.08692330603825285,0.023823235022261347,0.18533751650453392,0.07876196394102,0.050028848334833745,273,0,0,0,2.00669339462951,0.11763432514289178,4.613253817016825,0.38337015743459013,1.7882829625091272,0.16327218249661057,0.18292342893510807
10.0,15.0,170.0,180.0,74,8,0.10810810810810811,measured,60,0.0075,0.542584651798913,0.1372739838590726,0.3394220488766829,0.12233524958192672,0.12384228272871538,0.07348008750881435,0.09166278351436961,0.12354010829037088,0.07472695826777533,0.05001312593054591,0.19871814323194098,0.058441722031795616,0.1388607548944878,0.09722990125118021,0.04564713976647462,0.08371025383184855,0.09689009567545291,0.045161731915279765,0.028212649028161153,0.11228109851181278,0.06911597033752652,0.07706257371653588,60,0,0,0,2.012647851308187,0.05896424482680934,4.643276556332906,0.1968667219234559,1.7944379071394603,0.08656210152415167,0.10487275933645117
15.0,20.0,-180.0,-170.0,1092,315,0.28846153846153844,measured,510,0.06375,0.7065215323844318,0.13563817521928676,0.6198668978085705,0.19425786925859848,0.1473012332597141,0.06682656054176597,0.0685935557425559,0.14662986725475533,0.06771661439864778,0.04214672451252504,0.19979840754848957,0.10702355073685811,0.11877114432198661,0.1373058155849273,0.05841716173053691,0.06422295166993655,0.13623472651936752,0.06150720075893254,0.03371036159335492,0.20675704666568762,0.09421279739733879,0.13970860178026306,510,0,0,0,1.9599975592949812,0.1300723817254755,4.464745229833266,0.7214892948933,1.7150966347432604,0.19469212527493734,0.08086563089144155
15.0,20.0,-170.0,-160.0,608,186,0.3059210526315789,measured,201,0.025125,0.7081443347142771,0.1158657167702824,0.5180987606001137,0.1959689489561629,0.13747539565461506,0.12651267379381081,0.16346805765165537,0.13860343026094912,0.1258189798216048,0.03943434891291515,0.23417889054917612,0.11276492603582229,0.0698487428127307,0.1432590114920683,0.0799461902477761,0.14358944333398282,0.1426309131441759,0.08021580144758073,0.03012521939567322,0.2173410432171276,0.08989149908593437,0.07436945622928882,201,0,0,0,1.9501888473235554,0.18832046723630652,4.625743877828418,1.5227945294671286,1.7042746407475637,0.29558041342964264,0.20634374303403788
15.0,20.0,-160.0,-150.0,90,20,0.2222222222222222,measured,37,0.004625,0.7212119898625783,0.11239783159914914,0.4597405396603249,0.19116117986889805,0.18714396612984793,0.09033464704241072,0.09086674622126988,0.16050575075977563,0.1390641033426706,0.05280773992916303,0.21238431249346051,0.1336063061441694,0.11818399088723319,0.1986842353341768,0.07468996642296445,0.09571680753741003,0.173003071999784,0.11491842838663464,0.03404851154675198,0.16459212408345517,0.09715702674525298,0.08640706430606605,37,0,0,0,1.8920402687949103,0.133172611062801,4.356983771195283,0.34241656618476607,1.605080755981239,0.16062261762412536,0.36031728265380103
15.0,20.0,-150.0,-140.0,54,22,0.4074074074074074,measured,28,0.0035,0.5394718772731721,0.2245930508137634,0.40648661128112246,0.16075912480314972,0.17646867036819458,0.14369341731071472,0.11480573937296867,0.12182211040325615,0.19731454918251834,0.08831739148889095,0.32500775903463364,0.08700526878237724,0.1582333669066429,0.12765620418805637,0.1607215722184367,0.11190620950907905,0.10559263313743834,0.17027347993424408,0.08293386872185775,0.28561765582133203,0.08642787989340649,0.13807597418749307,28,0,0,0,2.0440415484564647,0.3168684365425161,5.5959723676954,3.531538258578787,1.812138753277915,0.5141697817368153,0.6488768537006006
15.0,20.0,-140.0,-130.0,57,29,0.5087719298245614,measured,52,0.0065,0.4487720387322562,0.14483149492512554,0.3454699040605472,0.10403249434295146,0.185847384589059,0.2145282200404576,0.07230167090892792,0.18156120208595777,0.19601903337806967,0.1235989601834452,0.4038508789879935,0.07142114213534764,0.15300310935292924,0.15301468646007413,0.1316561864671615,0.06027326007009974,0.1775910296344097,0.13558004242472713,0.058075075333314415,0.2769838873532468,0.06940675475400637,0.15306936291360426,52,0,0,0,2.1656125348347883,0.3076602895195853,6.2247120050283575,4.257420866767892,1.9606384084774897,0.5486707695818785,0.9106221414605231
15.0,20.0,-130.0,-120.0,31,19,0.6129032258064516,measured,53,0.006625,0.4570382510622342,0.1295601415817066,0.37020626270546103,0.12586985266432169,0.16765824953715006,0.17748475074768066,0.0782267153263092,0.17289977485684585,0.1822937401386561,0.07860812126740384,0.3822738329569499,0.06265785296758015,0.16916300853093466,0.13268642774202036,0.16124925618933875,0.0543515183477008,0.1450252663395076,0.13805603354525298,0.0569961791312276,0.1891904826457518,0.06747278384925713,0.1446430976565266,53,0,0,0,2.1408816306096203,0.3264633402850822,6.3952540136733145,4.718070385611358,1.947113885069793,0.5947091584448677,0.9632711405624383
15.0,20.0,-120.0,-110.0,32,19,0.59375,measured,47,0.005875,0.558706460090784,0.1311906885433295,0.42144727770318374,0.17129147623345542,0.1122885850759653,0.1540993910569411,0.06310923282916729,0.1467420245775184,0.11001042583490417,0.08198522719053122,0.288849610548753,0.09371564938471867,0.09428075643686148,0.07680443436450488,0.15284529923044096,0.04483939336436856,0.17052954778341223,0.053852697803135986,0.08887898122713601,0.21142970320123677,0.0682949342624477,0.08256452632293282,47,0,0,0,2.0102597119960377,0.07035735090845407,4.5520386492952385,0.20505944039850665,1.6961564256789836,0.1374043489116245,0.9538013396859395
15.0,20.0,-110.0,-100.0,48,26,0.5416666666666666,measured,30,0.00375,0.5203201364387166,0.10745731688988955,0.3651322637995084,0.13706481972416976,0.1862541762265292,0.13493286479603162,0.06751839952035384,0.1319892463222963,0.1743320998454256,0.06732033845589686,0.24815253777937454,0.11141107299111107,0.07931003245440396,0.14193125764569056,0.13775242123031084,0.037012586053756714,0.16343666456015052,0.1322623230999559,0.04370585274720227,0.1854194174558632,0.07522251549693029,0.08930831418056939,30,0,0,0,2.0042769352595013,0.057429962365948335,4.522780338923137,0.1696085943521665,1.6840834697087605,0.08656140824681574,0.8754956442036305
15.0,20.0,-100.0,-90.0,41,23,0.5609756097560976,measured,43,0.005375,0.49121733340952134,0.1374223763119158,0.3412150439134864,0.1350247802387842,0.16696222804279792,0.21078570683797201,0.08908231059710185,0.20575669892656337,0.16670814940253711,0.06039944746428066,0.25853990183936226,0.12055099010467529,0.08303539620505439,0.11555977185527042,0.13762412732832868,0.06615250823323932,0.1390476015866839,0.12304389199363228,0.05414448802491737,0.14086081452663135,0.06595330364767621,0.08998038704258708,43,0,0,0,2.129487398058869,0.2759385736050253,4.939300398493922,0.8797090671221386,1.8819898838220641,0.3921520331505156,0.9708224254556845
15.0,20.0,-90.0,-80.0,49,24,0.4897959183673469,measured,30,0.00375,0.4546002775430679,0.1489297625299859,0.3767996663848559,0.15852694194014377,0.184881010055542,0.17786262512207032,0.06062628507614136,0.17565052584739113,0.18791481902503535,0.0712500497099576,0.222050199508667,0.11591784000396728,0.08020452976226806,0.14012944880981426,0.14080987367661754,0.03944409508989192,0.1394738530685159,0.14022033416585528,0.04385442963626828,0.16046625610986093,0.07610181833124732,0.08846507451163726,30,0,0,0,2.232809579372406,0.3857894096567936,5.3659843842188515,1.3122051161022914,2.026946767171224,0.501288473909196,0.8730617197014932
15.0,20.0,-80.0,-70.0,43,26,0.6046511627906976,measured,25,0.003125,0.5235746423987782,0.16301133378967575,0.3521267592906952,0.1586064420014091,0.14369577520033894,0.18016512253705194,0.038370644345003015,0.17328451842407855,0.15008989290871258,0.07145019731654234,0.20986470054177678,0.11638576844159294,0.07749253160813276,0.12136690502889179,0.14843562898899287,0.024921888752510273,0.14612275865320645,0.1263512877007212,0.05944712313772919,0.13260744913495787,0.06049874184028145,0.07314147799851418,25,0,0,0,2.047015357017517,0.2705925501319985,4.66151647567749,0.7981113758808835,1.7557204103469848,0.31476455936747,0.9479310742895457
15.0,20.0,-70.0,-60.0,39,21,0.5384615384615384,measured,25,0.003125,0.5511358885301484,0.1597568074258777,0.3981020802259445,0.17088437468350898,0.13846784167819554,0.1816793547736274,0.06459800071186489,0.15398004825662806,0.16393205456802887,0.06699363856941175,0.20398924085828993,0.12077517641915216,0.08080489767922296,0.08495941567909969,0.09839781255126785,0.0697974521159155,0.09256834738125877,0.09964180972102912,0.04786930310598574,0.19362473620236664,0.0869437661209054,0.08228861065351302,25,0,0,0,2.1052097845077515,0.30507444931401123,4.830762004852295,0.913651317787718,1.8027319765090943,0.33103857827968225,0.9990552375280082
15.0,20.0,-60.0,-50.0,39,24,0.6153846153846154,measured,42,0.00525,0.6459939320882161,0.12561409899060413,0.4337826193798156,0.1731588063345131,0.1562877655029297,0.25757732391357424,0.12601200739542642,0.17359114963119132,0.24390656862191087,0.0762524684270223,0.18775631586710612,0.11144459247589111,0.11322361628214518,0.12781514240522807,0.14501007872264132,0.08304538514687933,0.11030637570602517,0.1623107483532749,0.03363495926650751,0.11036104079793685,0.05722317057064006,0.07377491188888585,42,0,0,0,2.103142255828494,0.2621162631213607,5.559422197796049,3.3271144009867575,1.854212931224278,0.43186554932886717,0.9618682121974905
15.0,20.0,-50.0,-40.0,54,26,0.48148148148148145,measured,51,0.006375,0.4801473915576935,0.18766446800426845,0.3976804523491392,0.16741525062332394,0.20384962218148367,0.17597968237740652,0.1866415377174105,0.1651025284067071,0.21626772442233225,0.07833969754439707,0.2333948952811105,0.12659722566604614,0.09483033844402858,0.11869275402435625,0.13927690164328882,0.14549666361343724,0.08614210036281313,0.1567115416758092,0.03206686647207001,0.20160870162179922,0.09379845079458154,0.09090676902631861,51,0,0,0,2.058338032049291,0.18107991838783985,4.988070983512729,1.9233838383117696,1.7857655917896944,0.27660795031287144,0.9396340578134057
15.0,20.0,-40.0,-30.0,82,60,0.7317073170731707,measured,75,0.009375,0.5748243189670823,0.18429682975919592,0.4989864114920298,0.18920616118528935,0.24668892947110263,0.1551993109963157,0.1892307915470817,0.23378935516952074,0.12604269963193226,0.055341168250890534,0.3670076456936923,0.13362207195975564,0.12635236978530884,0.13970494054121596,0.08942570849243894,0.10747994290334649,0.16594804445842762,0.11989038171457721,0.03275884834155152,0.21335100416754565,0.09200407957783724,0.08327355258126132,75,0,0,0,2.076040681203206,0.1682491168874887,4.913371092478434,0.44477214649169405,1.853019534746806,0.2087941524382752,0.7942965297941805
15.0,20.0,-30.0,-20.0,65,23,0.35384615384615387,measured,45,0.005625,0.5866751649550029,0.19160242026450747,0.486478821767701,0.16045149436873007,0.3265319551740374,0.1639358429681687,0.12073137504713875,0.3152412580054452,0.16652086555814277,0.05430755638818014,0.29232423646109446,0.15822463660013109,0.14527906974156699,0.23651487338494623,0.10328594394825866,0.10171862064307242,0.23331847150920176,0.13624093124521955,0.044153015202123745,0.2231235104058603,0.12035905400645738,0.11756461468555553,45,0,0,0,2.103869072596232,0.21234726925096403,5.016388808356391,0.6809333965788945,1.9135667615466647,0.3775316928662971,0.8790748375877188
15.0,20.0,-20.0,-10.0,250,104,0.416,measured,137,0.017125,0.6491168015827872,0.16414624451808071,0.5405850428951918,0.17975009028478064,0.27385571884782345,0.11663978720364505,0.11005260764736019,0.2701617493563499,0.12244418406975681,0.05275877145487424,0.3899654835870821,0.15429760821878094,0.09514114138198225,0.2368149736898905,0.09244929232228126,0.08773305693923437,0.23387832848904955,0.102717946604186,0.03537932148928146,0.2753467949929513,0.0977823009195869,0.08798245001618504,137,0,0,0,2.1379893687519713,0.2720136486728394,5.086875054087952,1.2886255310383883,1.977423176278163,0.4518498076093222,0.4872481212231372
15.0,20.0,-10.0,0.0,198,40,0.20202020202020202,measured,128,0.016,0.6697423741032805,0.1302847126680119,0.6223569208523259,0.17687051639535886,0.2890765636782103,0.09683480057158048,0.10221145613284051,0.28505934769014346,0.11113931269503911,0.04604734839362548,0.38260165498226506,0.1274812478053419,0.11711784933186785,0.21576541564709148,0.07625614830660363,0.07698684463060476,0.21183965626806994,0.08261437232123199,0.03576559641354838,0.27499963784434045,0.10331734160329253,0.0751976919273514,128,0,0,0,2.006307133473456,0.28260948436822364,5.234581803902984,2.7835648431776896,1.7538859257474542,0.48593786852779697,0.4867094018835889
15.0,20.0,0.0,10.0,240,35,0.14583333333333334,measured,62,0.00775,0.5689513085818872,0.13028855231624417,0.39089008156330357,0.18714270818734857,0.1078225949915444,0.0999317616224289,0.12808936107449415,0.10803007017999418,0.09979242020758188,0.0315187639038748,0.16633298687818573,0.1564873177830766,0.12576169735047876,0.09306820549666511,0.0986405054607899,0.13467401527089104,0.09220528930900897,0.09936231978503274,0.027799930278363697,0.1602323645789061,0.05829836785363732,0.0809465425780425,62,0,0,0,2.0088243503724375,0.14671340649143244,4.560574608464395,0.44569569510875195,1.7563787391108852,0.15104904262409893,0.7555966891607842
15.0,20.0,10.0,20.0,638,162,0.25391849529780564,measured,214,0.02675,0.6226305161454097,0.12866704223173436,0.5164596072145712,0.16525982313747742,0.22264583771970092,0.18016379921376205,0.14531895217775298,0.2364324176410826,0.16991642840871146,0.034579678286447646,0.3672581124706429,0.11413035823517487,0.0987121953683741,0.20351110249159518,0.10002960647637982,0.12191634535176482,0.19897934482963642,0.09533202078313753,0.031179436529991774,0.2218964794342189,0.08277955200883498,0.07863162066284744,214,0,0,0,2.0361039009049673,0.1919616349699143,4.769089729986458,1.2129667988857435,1.8298625054760513,0.287982683877072,0.4444618849775209
15.0,20.0,20.0,30.0,441,98,0.2222222222222222,measured,193,0.024125,0.6704195949409167,0.14134865727109586,0.5292788850519942,0.18523801994927386,0.2598333608999892,0.11387858515925728,0.09061642482051349,0.2561688133234543,0.14144656203667247,0.045039731437828995,0.2789162414762091,0.12227223739679631,0.11128580778750317,0.2444421917148155,0.095930494573156,0.06829523668785445,0.22971960972374997,0.10505076178057082,0.03746035166455691,0.29847126161801707,0.10940378807167324,0.09740705671447589,193,0,0,0,1.9686800846781756,0.15189398456314024,4.676115368314358,1.5811065064703829,1.7116836247666511,0.23456003870977982,0.48750741982831947
15.0,20.0,30.0,40.0,284,88,0.30985915492957744,measured,188,0.0235,0.6563360654577917,0.1520319299939081,0.558268750839411,0.1955666588238978,0.19159987994602748,0.13778618647127736,0.09514450814042773,0.18728876358606494,0.14578026752638396,0.053795823426395765,0.20451637311857573,0.12300206812060609,0.11610277757352712,0.1611882736969128,0.10830826399800261,0.08295237775082806,0.1509033976831918,0.11961222348610152,0.059772457769713516,0.1749150159790687,0.09791835429428243,0.08424228569845073,188,0,0,0,1.9490731377550896,0.09414569505463695,4.517495911172095,0.28846495760135576,1.6505439503395811,0.1256819241551337,0.6549936515301416
15.0,20.0,40.0,50.0,147,49,0.3333333333333333,measured,112,0.014,0.6158434097864189,0.1632270730054796,0.5534796097448894,0.1943800851955301,0.16833027041688256,0.13391108415564712,0.11815822915155061,0.1679459813548243,0.13592357920722586,0.039012631023349925,0.23825402162512954,0.13002686841147287,0.15528153278389756,0.12028777729813166,0.1283091601824805,0.1011315821422772,0.13905581778883236,0.10574524033620153,0.030966410040912582,0.17382877050596432,0.08455096648429142,0.13615980119438623,112,0,0,0,1.9495127924851008,0.07293668446837434,4.560734983001437,0.23872524933953476,1.6671602608902114,0.12047327839079874,0.5822788157535381
15.0,20.0,50.0,60.0,106,39,0.36792452830188677,measured,87,0.010875,0.6469958219955216,0.1614585058322813,0.5073004705809999,0.21546751839907646,0.1640792462363172,0.1018857101895916,0.0961812805773607,0.128683717018516,0.1430765957303512,0.03855822471393647,0.1663110113855618,0.137905882365668,0.1520905921708292,0.1688050147086836,0.07948727690805439,0.09935914934314766,0.12634503021378563,0.13828441429229035,0.028708854204971566,0.12760755272241156,0.09796468463826309,0.1654376933199599,87,0,0,0,2.0116576148175644,0.1794820954669751,4.760452423972645,1.0322677211080329,1.7523965355993687,0.2696045652500159,0.6568707139564459
15.0,20.0,60.0,70.0,109,41,0.3761467889908257,measured,69,0.008625,0.6290606645976796,0.17709983640857088,0.5775866940401603,0.21179372087946272,0.20145967427422018,0.10097397074979894,0.07638887535123264,0.12111037981780912,0.19222760946966208,0.03595688858950793,0.2725317057441263,0.16992825620314655,0.10644593484261457,0.20839550274922836,0.08781627204835404,0.07169450303765418,0.09717033220966606,0.20214073049847867,0.024185047797281162,0.2220768656267469,0.1220909973065573,0.08854512654763323,69,0,0,0,2.065216112827909,0.250252282603304,5.102915888247282,1.5536193431954106,1.8276331200115923,0.3652043373824813,0.7471111881071894
15.0,20.0,70.0,80.0,117,54,0.46153846153846156,measured,97,0.012125,0.618980250424809,0.15866511071572367,0.5500899160031191,0.21011042792891751,0.2150886096651592,0.08693213689894903,0.059856407226078094,0.1013497996884658,0.21008794069033077,0.033875893637560606,0.25263437013777473,0.17593392682453943,0.10232292281256782,0.17714167247989684,0.0821305057984421,0.04492016996298322,0.08275512341279599,0.17517923214162293,0.02335650640528039,0.206838300611095,0.11992333814364532,0.07605112600208251,97,0,0,0,2.0426355477460882,0.24421418892569205,5.086557781573424,1.8293930987446356,1.7921824270916968,0.36168137536066863,0.7583976613918622
15.0,20.0,80.0,90.0,121,61,0.5041322314049587,measured,106,0.01325,0.5834143328169982,0.16469274648243823,0.4869185854803841,0.2045420678428606,0.21986768832430242,0.13738320668538412,0.06963112056255341,0.1352250584420977,0.21986803125155951,0.03851834525846212,0.26737577517827354,0.15731714169184366,0.0865060309569041,0.18349451444806145,0.11730130246278989,0.05399394082388246,0.11888921508548933,0.1840743468804903,0.035745373832273504,0.20661217736657822,0.10368267882226789,0.07890978223299172,106,0,0,0,2.0609425036412365,0.25654379557687346,5.1619535302216155,1.88922314010177,1.8001580362050038,0.395647738696496,0.7742481668632362
15.0,20.0,90.0,100.0,166,105,0.6325301204819277,measured,140,0.0175,0.5967785295892934,0.16926897116880632,0.47872684385095327,0.19380459110553516,0.2214870064473543,0.14367828994500834,0.06685127488902358,0.15202816661290275,0.21560591261899306,0.050943046802796724,0.2532386584360091,0.1534683880258779,0.09028878172890084,0.18519927934079802,0.134166497653474,0.048474396431369735,0.13203750020899746,0.18699463288044507,0.03987660274742044,0.22400272052841969,0.11333151081609759,0.07924980876662559,140,0,0,0,2.0944957860878537,0.24101621328411696,5.04575971705573,1.3472522385112264,1.8523739482675279,0.36170464253897866,0.7635306172444194
15.0,20.0,100.0,110.0,205,129,0.6292682926829268,measured,182,0.02275,0.6144085514702295,0.14833145951147786,0.46438269726522674,0.18664550254475568,0.24485829943104795,0.12510673623335988,0.0730381827605398,0.1319698478779407,0.24380054426139522,0.03972199327966832,0.2730029821395874,0.15681474302944384,0.10955511582525153,0.18597772435245888,0.09057141357076139,0.05098907943424938,0.09904624820890379,0.17813835001878225,0.0316342348837314,0.23474757516099987,0.12455129979782709,0.08141289478534794,182,0,0,0,2.175302675792149,0.2625224284388147,5.2075277999207215,1.1332370129528717,1.9355880578795632,0.35019521248521496,0.8059691400083675
15.0,20.0,110.0,120.0,121,64,0.5289256198347108,measured,115,0.014375,0.6044120155928427,0.16679873949987006,0.49577856685804284,0.20707541165400362,0.2113053840503358,0.09195219006454736,0.07779417435328166,0.1104341674777089,0.2016631754730991,0.03372564988013905,0.24811608331245288,0.15583669721034535,0.09479153156280518,0.16772758318360392,0.06742240203530224,0.07632862186541296,0.0804030918161405,0.16265022035388074,0.028246590808257657,0.21296707230600187,0.11888652023449345,0.08328609098295175,115,0,0,0,2.063414241956628,0.22525896949215513,5.032300613237464,1.2105381799685144,1.8203538086103357,0.33507473072307037,0.6362098311038222
15.0,20.0,120.0,130.0,101,44,0.43564356435643564,measured,77,0.009625,0.643088862561343,0.16493331166025144,0.5275444407741745,0.22228049972432695,0.21985547584399842,0.0728081318370083,0.07821435991086458,0.11341327798755063,0.2019811426313807,0.03977482221467423,0.21330294274447256,0.16647438208262125,0.09818603490528308,0.1757017077334036,0.062802935726955,0.10807260179109347,0.09300499911293338,0.16169066050328398,0.02762991374417159,0.18453363286381094,0.11068769421871476,0.10253271652683871,77,0,0,0,2.0533676642876166,0.2277263369619932,5.012001124295321,1.0383293067608357,1.815576923357976,0.3342204293292827,0.39948604725044934
15.0,20.0,130.0,140.0,109,57,0.5229357798165137,measured,64,0.008,0.6601794602779242,0.14290403522788922,0.4959854206535965,0.19971277787414865,0.2193904656630296,0.05060995542086088,0.0848480761051178,0.17424822364744647,0.15205852830685737,0.0313406490032586,0.22307113500741813,0.1271883616080651,0.1351164120894212,0.16572748780048668,0.04272929115714049,0.06652464527445832,0.12219938467929031,0.10755467193878475,0.016265645317117244,0.18861530944241756,0.09415867324173964,0.1341187876923517,64,0,0,0,2.009103074669838,0.17767312891967887,4.8243734911084175,0.8436877507721717,1.7438087295740843,0.25253858880109975,0.5786856697531538
15.0,20.0,140.0,150.0,191,66,0.34554973821989526,measured,119,0.014875,0.7175709044933319,0.11679604092110225,0.5817546705488398,0.1917686256015419,0.16296163177490233,0.0762475814819336,0.0891697916984558,0.15342053091904717,0.11464565453186992,0.03882129800440316,0.27199634552001956,0.12587379455566405,0.11448926639556885,0.1828838195784982,0.07286339644454062,0.08138517246763319,0.15114284800627673,0.10770379382206692,0.0377080065597789,0.22710915675597476,0.09211442651744668,0.09268062348704623,119,0,0,0,1.9799074074801277,0.15408588609401694,4.6824230386429475,0.45032796016272497,1.6968371006621032,0.20206561634635806,0.39727503182666074
15.0,20.0,150.0,160.0,370,90,0.24324324324324326,measured,164,0.0205,0.6548629903367588,0.17110185528212493,0.5822334630278553,0.2109734581349934,0.19806507996150424,0.10936518566949027,0.09995772263833455,0.1995006025620067,0.12518663255153395,0.038024744042935946,0.2472613479409899,0.13034604830401283,0.12162903334413255,0.2140478234757998,0.08934236936649222,0.09094217618027639,0.19390322466664647,0.10917145005496863,0.03365488412251113,0.24052118246163517,0.10632985162438559,0.10167814247372728,164,0,0,0,1.9538538870288105,0.19901748222610227,4.805794650461616,2.3838740949472603,1.6910833883576277,0.32491756444947256,0.0805995381454712
15.0,20.0,160.0,170.0,523,153,0.2925430210325048,measured,218,0.02725,0.7340534427681484,0.14092317855910685,0.5921705126625683,0.2307575110433669,0.2860595213400351,0.11606717109680176,0.1113880875948313,0.26583360708628645,0.15374447010352918,0.037652768672251334,0.24973678782179548,0.12593073554941125,0.07767736396274051,0.23403157419641787,0.06913979449957308,0.09221688996667668,0.22167692774723646,0.10680448408482753,0.025921016996230794,0.1748597261611449,0.0877189886994932,0.06981714856852834,218,0,0,0,2.050502905605036,0.338815239954693,5.749959742257355,4.613594913533246,1.8645529145494513,0.5820604361172947,0.07693669342984638
15.0,20.0,170.0,180.0,369,122,0.33062330623306235,measured,192,0.024,0.6845787568734243,0.11806615251337353,0.6632704373138646,0.164074464904107,0.15500735464366341,0.07584211377270034,0.10371225975785661,0.15391330749500123,0.07646681352547241,0.04478520100538774,0.2064730493645919,0.10115851130080127,0.12922925842918365,0.1477749429376421,0.06669281550105366,0.09977658686365047,0.1465625548542831,0.07104652936360588,0.02440974511664121,0.1797266669017409,0.0616379147387239,0.13799468240210744,192,0,0,0,1.9173399036129315,0.09508001102223068,4.394390328476827,0.25643733750335207,1.6740448890874784,0.14435633386245642,0.07053709844278606
20.0,25.0,-180.0,-170.0,1425,215,0.15087719298245614,measured,888,0.111,0.7632947782347025,0.1205228624489142,0.725312578902991,0.15916919316493058,0.13674480974181624,0.061741523356811906,0.06791724626683007,0.13617732898931284,0.0626428531812477,0.036550711325133094,0.23266348858510166,0.08854038804030616,0.10261972029347065,0.14963493910855144,0.05722607744621056,0.057670793792635,0.14943271786649967,0.0581211535099316,0.02731091644902726,0.23671036951711175,0.12389245111802584,0.12044402547996214,888,0,0,0,1.8387818035778698,0.09115394696001232,4.002419770032436,0.32946906292480915,1.567918123962643,0.12424321607807108,0.07545781389899074
20.0,25.0,-170.0,-160.0,496,138,0.2782258064516129,measured,101,0.012625,0.7461239274320656,0.100681943040686,0.535166319644097,0.16792212922262334,0.2250672771944014,0.1809264055177486,0.11830166015545084,0.2118701220484791,0.1985443263457166,0.041897301784636555,0.2533357969209469,0.08695668481581705,0.07826619674373606,0.1844956323839099,0.0932908404275095,0.09033407306936907,0.1779912075938597,0.10070647760721169,0.02725043803131027,0.2651387332916492,0.07899209259467509,0.0671044780431433,101,0,0,0,1.9569285989987968,0.08875913079774753,4.431002182535606,0.3014999360967437,1.7090107049092207,0.1333475477715106,0.3145659769686045
20.0,25.0,-160.0,-150.0,91,51,0.5604395604395604,measured,68,0.0085,0.6689110990613699,0.19199916624139263,0.46051155973006697,0.1936112356401609,0.139990234375,0.1332412600517273,0.0836934745311737,0.12802211768748167,0.14964436525037803,0.07164193767264973,0.22969483137130736,0.06455482840538025,0.1247534453868866,0.106533742514929,0.11879472461658136,0.07608088611723482,0.10288330627456026,0.11594848258233105,0.07944640567985849,0.27634828989784155,0.05568915339210312,0.09027865082031764,68,0,0,0,2.0258035098805145,0.23881753471115438,5.015486864482655,2.0942540257823095,1.7687612929764915,0.3552384374084733,0.5942228445026063
20.0,25.0,-150.0,-140.0,85,58,0.6823529411764706,measured,89,0.011125,0.38297485146257615,0.09230543636652525,0.3847225390458375,0.15183898985268734,0.16778839959038627,0.23752738811351634,0.06257528949666906,0.1423327455909146,0.2458687526757639,0.15046261887452456,0.44259190559387207,0.10645704357712357,0.14555474122365317,0.1361936501060353,0.1987291542840342,0.05417369342572801,0.11552998996538856,0.22035644225118092,0.09316292464491122,0.33426704308845956,0.09666244179799202,0.1556939666659008,89,0,0,0,2.1312034250645153,0.2740457029812963,5.6611318213216375,3.3606979147841014,1.898420232065608,0.47894152867214895,0.9133657385231321
20.0,25.0,-140.0,-130.0,251,212,0.8446215139442231,measured,262,0.03275,0.5557782871600909,0.08619014997619626,0.5431237830460527,0.1223998703118698,0.17652093447171724,0.15390564845158503,0.1800685479090764,0.07598633073281384,0.2240455480018103,0.03319221003958944,0.31023964515099156,0.10027502438960931,0.0752252004085443,0.10381540018328277,0.06834468375785961,0.0921128599666438,0.08151570174914886,0.08763607919073,0.043167820950719034,0.1404912424487279,0.05112821267146861,0.04630643442380908,262,0,0,0,1.9569912962331117,0.06159725218165023,3.9834482706230103,0.3977189916086512,1.4988849932000836,0.14710029137158304,0.5128129624184319
20.0,25.0,-130.0,-120.0,45,24,0.5333333333333333,measured,54,0.00675,0.5715081422101884,0.18095899274191116,0.4151226301436071,0.17801299043149063,0.12751175108410062,0.13677919478643508,0.09455627770650954,0.13792527300611143,0.15256500979102072,0.06697109645507601,0.3207522346859887,0.14781090191432408,0.09644109294528053,0.17217905165081887,0.09443245598577331,0.06232720870515459,0.12737529784065557,0.1225029783944015,0.06867628258458174,0.1834860905098481,0.07976118468463424,0.08086227899294138,54,0,0,0,2.0565135765958718,0.1957060373160716,4.834345137631452,0.8519252073495163,1.7710865956765633,0.26933031023502585,0.801401870419026
20.0,25.0,-120.0,-110.0,43,23,0.5348837209302325,measured,225,0.028125,0.5133833974599838,0.1569897541327231,0.2640448766284519,0.09498526367327882,0.12089383602142334,0.17746009826660156,0.11771227419376373,0.1648341937418592,0.14545289792610291,0.04103020153252981,0.3686927080154419,0.14841335415840148,0.11727994680404663,0.13143014830513647,0.09867507251501653,0.09670824883229104,0.09080737044445654,0.1286282411271093,0.036637809462845755,0.24195210270271403,0.1565180747935726,0.05997715284421211,225,0,0,0,2.3033817052841186,0.19465916019599377,5.7941922760009765,0.8030150970165332,2.12700643380483,0.2757185198263151,0.595731449956387
20.0,25.0,-110.0,-100.0,62,23,0.3709677419354839,measured,67,0.008375,0.4224481552075117,0.14025239301169215,0.3081691789982924,0.10526862516268697,0.23182055889031825,0.16021366608448517,0.10468478691883576,0.18162435462354215,0.2242117812844043,0.08650804917801061,0.34567812161567885,0.12292162882976043,0.09626879447545761,0.18640380851201177,0.16519292188530266,0.07618888561966981,0.16630689067145016,0.17472252473361138,0.07428061122104558,0.2993647055002701,0.13088802007469047,0.06759069242125655,67,0,0,0,2.015493435646171,0.1397880600031446,4.601630431502612,0.4276649891599925,1.754521576326285,0.213815807011604,0.8847355435392783
20.0,25.0,-100.0,-90.0,60,24,0.4,measured,154,0.01925,0.4092918336391449,0.12880418273954888,0.29457575914921696,0.0951452084678564,0.15653223937584293,0.17991442150539821,0.10260926352606879,0.1828833626161934,0.1576203148831729,0.1280294880091173,0.3250005907482571,0.09041872289445665,0.07877425352732341,0.11748768427138806,0.12463282464803195,0.07405884417704159,0.1214480011564845,0.11475248578682996,0.07956374365223234,0.1923169299423012,0.07932974045801867,0.06168636150784567,154,0,0,0,2.30012940663796,0.2680509097118265,5.809076832486437,1.1222391374370553,2.2052144911382103,0.43796454211378966,0.6926416004386599
20.0,25.0,-90.0,-80.0,55,21,0.38181818181818183,measured,56,0.007,0.4100518533412148,0.12572185117653095,0.3432791954172509,0.14785827523085948,0.1739074145169819,0.1586118585923139,0.09372484508682699,0.15746108691532318,0.17601416031913267,0.13582305334357891,0.2838861100813922,0.1075834316365859,0.10478859789231244,0.10552843786879869,0.13050301242491744,0.06527754488845777,0.1292302044731106,0.10532508574660804,0.08816965171696861,0.1867463904066817,0.0983843246619649,0.08626807099158024,56,0,0,0,2.0278111568519046,0.12170418064470846,4.60943831716265,0.36890556070988323,1.753850824066571,0.17209138160593,0.8786953864089574
20.0,25.0,-80.0,-70.0,64,21,0.328125,measured,64,0.008,0.42962790990984717,0.15724587861908104,0.32889686059206724,0.14298617610213774,0.15723719153293345,0.1696674435637718,0.10579638980155767,0.16034008389020338,0.17736507030200382,0.10857975121901665,0.24229697294013444,0.10715853059014609,0.1317633639934451,0.12468223699516853,0.14069738380063113,0.10594116899509971,0.1211955279534217,0.1303699473652986,0.07809368280911319,0.1706763362199698,0.08445656616026419,0.08105672053241682,64,0,0,0,2.082324204966426,0.17505916928643653,4.756288081407547,0.5565436200453654,1.8135301396250725,0.2070763997598541,1.0470551654927764
20.0,25.0,-70.0,-60.0,68,24,0.35294117647058826,measured,55,0.006875,0.4448425231332129,0.19448507825787184,0.3408021815798499,0.10042521630837449,0.1340884187004783,0.1367352225563743,0.15285845236344772,0.11647731692260793,0.1500850266652881,0.07963052787911225,0.25727233019742096,0.10487913272597572,0.14048892801458185,0.09537335800622254,0.1088514067532323,0.08601779429691069,0.09331430166406571,0.11322937695233759,0.047922658628629246,0.1219210312335169,0.08911323739328253,0.07260773428467625,55,0,0,0,2.0011529965834183,0.1180392216454516,4.566979598999024,0.3505245822580827,1.6934451471675527,0.1398881358842546,0.848370343643472
20.0,25.0,-60.0,-50.0,64,37,0.578125,measured,46,0.00575,0.4335732537287253,0.14877994008068357,0.3489189368227254,0.1495852246349259,0.10059070587158203,0.18301299766257959,0.12634847340760408,0.14937462337977467,0.15231359162274724,0.055980628227366935,0.2704408257095902,0.15747139188978407,0.1244698100619846,0.08314175453285769,0.11865914713690656,0.12791406514091108,0.10326696214333678,0.09180696157733682,0.04988450550978997,0.17475459367111784,0.08598576394313996,0.08459837708759871,46,0,0,0,2.0776947218438853,0.2965561536773977,4.904813652453215,1.231848899604129,1.7976274023885312,0.45436208912363624,0.7777917200089683
20.0,25.0,-50.0,-40.0,67,31,0.4626865671641791,measured,58,0.00725,0.5973993076218499,0.16910891961976843,0.3815978428926961,0.13615611393709962,0.20081671078999838,0.14027322663201225,0.11980459094047546,0.20585052169461174,0.16392019914970676,0.06832282299937839,0.2863412963019477,0.1692947049935659,0.08682185411453247,0.23114254283763938,0.0983932999969604,0.06818973473948242,0.161146632024584,0.16703155406066705,0.0589030351662907,0.2023609228106908,0.13434963196385188,0.0668257053431525,58,0,0,0,2.174374189870111,0.34521376189647746,5.096699640668672,1.208763012989012,1.8911130592740815,0.419626036589572,0.9167427416874105
20.0,25.0,-40.0,-30.0,58,42,0.7241379310344828,measured,78,0.00975,0.6081641800701618,0.15325746844221297,0.38616843674427426,0.1537424239729935,0.17747753858566284,0.1608174443244934,0.17924020811915398,0.16239903244109646,0.15368758565525095,0.05557859390875253,0.3905080556869507,0.20345178991556168,0.07924570888280869,0.08485059708977223,0.10824222259185856,0.1342340775168055,0.12785681632419518,0.09967870623508272,0.02834621840198744,0.20772699046577547,0.09091749799037105,0.0491740242756026,78,0,0,0,2.0960058783873534,0.2759124819948947,5.449820964764326,3.4071260471812077,1.848884172928639,0.46047868124109187,1.0249587941662248
20.0,25.0,-30.0,-20.0,112,89,0.7946428571428571,measured,119,0.014875,0.5313005233588426,0.15503150551773603,0.5785455904087099,0.20701052817254872,0.1357203773830248,0.2023083023403002,0.22507437415744946,0.17871385471489995,0.17332607386491963,0.04094620909550018,0.33054308269334876,0.15789760195690652,0.11843815057174019,0.11054002570422201,0.16589758607100846,0.13542418754005697,0.14261204990509735,0.1295029337623777,0.04034090380808963,0.22669933608378257,0.08898278899401259,0.08098892813855076,119,0,0,0,2.031431486626633,0.1310695197553004,4.791129973756165,0.3865445381701275,1.798626972847626,0.16522431407648658,0.7603795433037038
20.0,25.0,-20.0,-10.0,189,116,0.6137566137566137,measured,161,0.020125,0.5807046298294851,0.15810200247892284,0.5287485353139617,0.1951531298083551,0.2357253767039678,0.12882391720601957,0.14449229387387838,0.23760065913039746,0.14941744268007445,0.04515379750646638,0.38677890333410814,0.14241685116127745,0.107255512720918,0.20853838754901002,0.10434466604335944,0.13921990714157043,0.19658712367361086,0.0954566953610693,0.0395451650825044,0.22221886447277678,0.07696545993406974,0.1251082553810145,161,0,0,0,2.0017564526255827,0.17825923548585065,4.657597601043512,0.450819243642601,1.7360224575729843,0.29561334004992434,0.5910136291646124
20.0,25.0,-10.0,0.0,417,167,0.40047961630695444,measured,297,0.037125,0.589550491809845,0.1686227759522,0.5635990458305435,0.1763322632665938,0.3012062454223633,0.12321566558815539,0.11589218544960021,0.30167322995669726,0.12163134938531303,0.04270087417203467,0.33340188789367675,0.13444401264190675,0.1454309983253479,0.2371146405216252,0.08789855756416297,0.10195604607942917,0.23717107303861767,0.08835027440388202,0.03746913079028142,0.26653673305598113,0.08575397684811738,0.09062923607373112,297,0,0,0,2.1166308078701648,0.3321471598876283,5.276714714287909,2.176534406141342,1.9468067462998206,0.546036865931319,0.31671346020638713
20.0,25.0,0.0,10.0,393,83,0.21119592875318066,measured,156,0.0195,0.6215660439383599,0.1514914233586522,0.37711553753186494,0.16151318462376368,0.19989493585401966,0.11276321622820931,0.14207894975139249,0.19850768114928388,0.1146913410935829,0.055044056790364566,0.42220092588855374,0.16275203151087608,0.16898087493834957,0.16332077631631223,0.11139123072414207,0.10319047369227818,0.16231501587424943,0.11335626580673122,0.05668831476359983,0.25965727044557907,0.09291344017963361,0.10504903248259967,156,0,0,0,2.3771817004069304,0.48846899741965544,6.572121363419753,2.544197868676284,2.3354414923068805,0.7314136818539517,0.44612192769734926
20.0,25.0,10.0,20.0,685,270,0.39416058394160586,measured,451,0.056375,0.6383776693099953,0.14459045696289954,0.5357880207757464,0.1622121042463801,0.2349045948809888,0.13486685925219433,0.11785957497286509,0.2347206107397742,0.14376832525670094,0.04703230637993073,0.2943342478878527,0.12425554717879697,0.12717809102621422,0.2037193855343165,0.1123442294576154,0.10350397693554601,0.19585769312968185,0.11562318082637155,0.03829414619679588,0.24223788080142375,0.09223750897026371,0.09430035185184531,451,0,0,0,2.1572654210278834,0.38844314378389827,5.365751085683142,1.7951080391313945,2.0566090651996385,0.7037712591703835,0.2649467770329615
20.0,25.0,20.0,30.0,234,74,0.3162393162393162,measured,192,0.024,0.619577718526125,0.17153411320659678,0.4839877216921498,0.18891438857095855,0.21290289163589476,0.12181859910488128,0.10055349804461003,0.19892202220096433,0.13555820002165003,0.04701474409056448,0.25924226343631745,0.12657930329442024,0.09006929770112038,0.18272283348506438,0.08775475290022502,0.08619322463259657,0.18216585314438097,0.10062578360808247,0.03425248194903356,0.2295989058447288,0.1139180765161948,0.07619432769289591,192,0,0,0,1.9495214577764273,0.07894745539793538,4.495609387755394,0.23272212056035438,1.67933185895284,0.12634272102167102,0.5272244818984853
20.0,25.0,30.0,40.0,154,60,0.38961038961038963,measured,159,0.019875,0.6903478801250458,0.14029821141148316,0.5248809621768927,0.1753242650283832,0.1932747313316832,0.15931278593996737,0.07906965372410227,0.20716060429980068,0.13760627507700335,0.03204820826628759,0.33417258871362565,0.1646465557686826,0.11713392937437017,0.1196106759208608,0.09735697186818049,0.08105339511109509,0.11956709046663123,0.10185031793663181,0.048743985014862296,0.21485143195172884,0.0745847077671522,0.15188974327330548,159,0,0,0,1.9507328294358164,0.07760794237983928,4.56533228076479,0.2454902204262134,1.6774285596871525,0.12688572781466137,0.4700548511114425
20.0,25.0,40.0,50.0,213,106,0.49765258215962443,measured,200,0.025,0.6116933177843272,0.1661889898617016,0.5448999529331923,0.18091729236369786,0.17527981339214005,0.1816800375965154,0.1137154687230832,0.16893880597054897,0.20762562109047203,0.06567909545380127,0.23549445767268956,0.1413582273732836,0.09587695331216972,0.19968515519282307,0.1292348899349814,0.09433868458964065,0.14188072610859542,0.16890117787535394,0.05952817768488735,0.1934429654148722,0.09605142632488016,0.08894337874783302,200,0,0,0,2.0706708246469496,0.2274259340778005,4.912080898284912,1.1327368523118806,1.7843953776359558,0.31716416316527546,0.8480457604584976
20.0,25.0,50.0,60.0,168,62,0.36904761904761907,measured,168,0.021,0.5707986158020092,0.17509094637366293,0.5090158028262002,0.20492286249494193,0.25537077885753706,0.15654203127015312,0.0885632611670584,0.19045516548043795,0.23049056213912303,0.06255650528997518,0.22954897385723186,0.14980950895345435,0.09042187906661124,0.24885113751051782,0.11157367021263434,0.08721223482758458,0.12567538344288617,0.24269701991697507,0.04615882584793044,0.20951257157500117,0.07723085298772331,0.07071232544118712,168,0,0,0,2.020546261753355,0.20620104313145934,4.896216666414624,1.492635934078993,1.7160322886137735,0.32150308189765764,0.8170970630247402
20.0,25.0,60.0,70.0,133,58,0.43609022556390975,measured,123,0.015375,0.6471284147103628,0.14607805592799963,0.49007002452040105,0.2189419913726143,0.27024342854817707,0.17524943033854168,0.08325356324513754,0.2070885566961386,0.26284056661965366,0.055813785986154586,0.3141269747416178,0.13199580510457357,0.10580016136169433,0.3318556391310293,0.14324189807144172,0.06481685819559325,0.17117618837100165,0.3051526812154454,0.038118239750670434,0.36035839084978416,0.10009669459110114,0.08220309439548121,123,0,0,0,2.0257499537816863,0.22563688708359458,5.034064199866318,1.8141455497636498,1.7393027834775971,0.35019024811891425,0.804973932696751
20.0,25.0,70.0,80.0,103,55,0.5339805825242718,measured,115,0.014375,0.6438476238399744,0.15112765125498887,0.44143929520378944,0.21890447873728067,0.20363897581895193,0.14006507396697998,0.09467324862877528,0.1534435470114485,0.2054378678685048,0.04976569116283339,0.3268338044484456,0.10860982288916905,0.08484479784965515,0.18957171405604195,0.09470310025875063,0.07924380343408914,0.10097378746508238,0.17334308165564752,0.04970838070175492,0.3231965961080653,0.0872210475430696,0.07261217949565536,115,0,0,0,2.0219455926314645,0.1315395332647407,4.852677581621253,0.4847382505702972,1.7090074953825578,0.17662113641650556,0.8314475699355638
20.0,25.0,80.0,90.0,128,57,0.4453125,measured,110,0.01375,0.5976288874804134,0.18346516938003016,0.4361494828354229,0.20185075098301558,0.1755998353932945,0.16102957389724087,0.11006958048108598,0.16796982030795654,0.17244563803590843,0.06090351335452452,0.2053222958470734,0.10675428786747893,0.09393772272996499,0.1927771497161423,0.1553588838232066,0.08575947472230708,0.15417905663358747,0.1906376090356513,0.06214661562366863,0.2274959337691273,0.07856527457598478,0.08148820672828241,110,0,0,0,2.0412414063106885,0.17804515804899138,4.834614341909235,0.567307414220223,1.7473131970925764,0.21966800159427996,0.9840437334405627
20.0,25.0,90.0,100.0,113,55,0.48672566371681414,measured,109,0.013625,0.5983347086043194,0.1818018990601516,0.4431676321893657,0.18826461709457687,0.2275623165327927,0.1605526825477337,0.12148062936190901,0.1686188862525043,0.22115002293850144,0.05280492413576238,0.28737165187967234,0.09226163913463724,0.07350813520365748,0.21644478780834445,0.1551905883945577,0.08610814496886526,0.15890132720865782,0.21425438954496343,0.051051243232975274,0.24313484310602987,0.06859189147792438,0.06651130401712058,109,0,0,0,1.9848530500306996,0.12064865660432142,4.653799455100243,0.48667752051170593,1.6721697127053496,0.178680131236333,0.8405672327161756
20.0,25.0,100.0,110.0,116,65,0.5603448275862069,measured,129,0.016125,0.5970388221390107,0.17308331840069252,0.46835329435592477,0.18230235024930147,0.15931573101118499,0.15890173818550857,0.08769668434180465,0.14170126301499114,0.1730450403947412,0.05394484361797088,0.3279716734792672,0.0998014305152145,0.08729178064009722,0.18495896853550386,0.10056592203645962,0.07203721249212015,0.09435175160559366,0.18981175486902802,0.057199492731310836,0.30261226870490027,0.074016980957748,0.06073911463112205,129,0,0,0,1.9906011727429176,0.15845864156741607,4.733487789020982,0.5463166034886916,1.6780529816945393,0.22231683452445172,1.0382578490876482
20.0,25.0,110.0,120.0,140,70,0.5,measured,148,0.0185,0.6477069995232991,0.14813342639166402,0.5217803859630147,0.1866421845579706,0.15078261920383998,0.12449637821742467,0.08299600056239537,0.1293681530099661,0.150500643615959,0.04740388383810118,0.32136387484414236,0.10531388180596488,0.10412577220371791,0.12384303986035398,0.0894841974832566,0.09003998498859311,0.08443132398409928,0.12273571343568315,0.05700499392927163,0.2526235925532015,0.09089101500890855,0.062476440366889215,148,0,0,0,1.9966259228216636,0.17538389205953145,4.686904797682891,0.8589775856315043,1.7198532811693243,0.26369407351931157,1.0972759835364296
20.0,25.0,120.0,130.0,152,94,0.618421052631579,measured,213,0.026625,0.5586574308831116,0.1808301193853224,0.43294249405043783,0.17060514577276453,0.16524452998720365,0.14410321465853987,0.1131944779692025,0.15678612278613543,0.1788961007468423,0.06392385760154348,0.29554732503562137,0.13487302229322237,0.11544431078022924,0.1656082333042657,0.14526642965911563,0.1207509431070059,0.12250203562644461,0.15813747751980792,0.06694910651526646,0.2756867256369383,0.08774180063277091,0.06256733685665311,213,0,0,0,2.098163897442706,0.20943130399207055,4.997769787837642,1.0252224386925415,1.7882836973163443,0.2874544028345838,1.1279946304787494
20.0,25.0,130.0,140.0,249,65,0.26104417670682734,measured,151,0.018875,0.5416888979304096,0.13158667698768636,0.5129498010439588,0.19848452034343314,0.2041340962700222,0.22875920067662778,0.16498228583646857,0.21252232892587775,0.276200313290813,0.043769032172317035,0.2355856804744057,0.24022626876831055,0.06744810290958571,0.19081358390281467,0.16613688198159912,0.11138245580173571,0.12814023377397418,0.14191728451785443,0.029789349596476174,0.16081402370647882,0.11139099341130582,0.059404473320187924,151,0,0,0,2.0545343997462697,0.23203534706140483,4.93542151103746,1.1441005132569098,1.799468891510111,0.34542802629851393,0.837068673049941
20.0,25.0,140.0,150.0,129,58,0.4496124031007752,measured,106,0.01325,0.5893658869703051,0.16219906723773786,0.4619361401166556,0.23287599900910552,0.25272124921771844,0.0681944833674901,0.12564366048490497,0.19521211121444626,0.1797903534954715,0.06554605622245085,0.1931265004923646,0.16791897760310642,0.1360529493278181,0.20095514894456715,0.0736070452929403,0.0836661634811535,0.1633919283788889,0.13111149658902252,0.05279057812080715,0.1364890375867764,0.09361478310986258,0.1269772084579518,106,0,0,0,2.032104509056739,0.18309867366496854,4.846733601588123,0.8278371847241405,1.7907515719251812,0.26986385497807486,0.6037209577756059
20.0,25.0,150.0,160.0,245,77,0.3142857142857143,measured,153,0.019125,0.7087958918973094,0.14140533514375261,0.6095140175102582,0.20698862284041103,0.1843955743880499,0.07945676644643147,0.09124309143849782,0.17115488029936266,0.11202143290862436,0.037790606186262184,0.25226503752526785,0.13530352073056356,0.11246591877369654,0.20236886613103458,0.06837217012477191,0.10546941317748351,0.18742563239721402,0.09471987676336355,0.032128193212577066,0.23504343774070177,0.10055119364182157,0.11141446852129325,153,0,0,0,1.9603642544715234,0.14686613633420514,4.789146800446354,1.448037447787995,1.6926615175858042,0.23371004572401952,0.3745007192160838
20.0,25.0,160.0,170.0,511,149,0.29158512720156554,measured,255,0.031875,0.6976122387700318,0.154020620900352,0.5521305528925914,0.2411142143296911,0.21480796350299983,0.0904497448252051,0.11927340817714922,0.20685228864425356,0.10795698809086196,0.03993088489566731,0.25756059167134826,0.13612632560466534,0.1247127698271314,0.21429363047899183,0.07461839755716039,0.09715176990615292,0.20795403544270566,0.0901433380189228,0.029691831935873172,0.22415710156627003,0.1109337081765693,0.1065350668582028,255,0,0,0,2.1177317011590095,0.4136568135756483,6.58611520505419,5.695909051865732,1.9775389989217123,0.724064574802329,0.1155678911614104
20.0,25.0,170.0,180.0,662,308,0.4652567975830816,measured,367,0.045875,0.6980139078982806,0.13034018900680575,0.7029605423397199,0.1495531730966117,0.17141988183145468,0.09119870429391588,0.09704769667932543,0.1682734479278807,0.09316827802252887,0.030816936249263252,0.19377419571418547,0.10804514191244956,0.11541366913897844,0.16917540836424533,0.07028099258068086,0.08200135008890203,0.1701947688208759,0.07279543683584896,0.02139729758203373,0.16095503839164013,0.0675874695305685,0.10502903418404202,367,0,0,0,1.9761932055371985,0.22724329027427914,4.932572661693479,3.063320548100278,1.7819073183984782,0.3839474603966103,0.05482446251984098
25.0,30.0,-180.0,-170.0,1222,168,0.13747954173486088,measured,573,0.071625,0.719582395278186,0.134912823522104,0.6285124464808959,0.16086373841265852,0.174244860770354,0.08025175073297616,0.10682602591487443,0.1741915820212043,0.07998538602801357,0.042834264494550106,0.26389141915192865,0.09901878232069214,0.0971770655271903,0.16504961964309398,0.06790350127699217,0.0850987092939645,0.164742405504001,0.06909014426274772,0.03480314878513457,0.23922889903220673,0.10297672600097589,0.12472311590090708,573,0,0,0,1.9123699756609,0.08741139164639895,4.246744739655633,0.2932157319703938,1.6663626557245304,0.13456019591265786,0.12156166510491324
25.0,30.0,-170.0,-160.0,515,286,0.5553398058252427,measured,258,0.03225,0.7477166689118964,0.11626536527671481,0.4946302662408629,0.20772498985697171,0.16306434031657258,0.15889813285727689,0.1339388937408747,0.1721094227961594,0.16008845419363588,0.03670310823543721,0.21334075927734375,0.09134551479306284,0.10566595079596906,0.12321844257131731,0.09916202723130715,0.12360455421489057,0.10981108677755043,0.09770387188914083,0.0303997308263037,0.17535140183507214,0.06936263467996165,0.06968903737416854,258,0,0,0,2.3807686308557674,0.4187509478584951,5.892836977345075,1.4106931517305137,2.233663121397181,0.511356017149635,0.44078097319144616
25.0,30.0,-160.0,-150.0,117,76,0.6495726495726496,measured,98,0.01225,0.5070816332974085,0.2013104945357241,0.41781244898328973,0.17150253258157735,0.161039585020484,0.23520334755502095,0.0851805617169636,0.15975228393128119,0.2344384300791599,0.12829536616146914,0.3092406203107136,0.07384427582345358,0.1594037602587444,0.17048212455248848,0.1603533603547191,0.06821797555716802,0.15942946133529362,0.17358512249825608,0.12189080910443373,0.31240876147117713,0.04403798658669545,0.09919150348389853,98,0,0,0,2.1217085950228634,0.3010189161440214,5.99180454137374,4.142999106241677,1.9202537123037844,0.5445833052371096,0.8277999016169337
25.0,30.0,-150.0,-140.0,50,26,0.52,measured,327,0.040875,0.5225256681442261,0.15389794869758053,0.5621633382929939,0.17454509734028653,0.09558963775634766,0.17735429604848227,0.1338058759768804,0.1102647459579652,0.15825250241034777,0.07262661059697469,0.2506079077720642,0.10399176180362701,0.12296890219052632,0.1076397900703095,0.10676309694742642,0.0802669627052655,0.12097475726244834,0.108349193972121,0.05493332808856163,0.1465102710494066,0.05971788438867619,0.1225469051421328,327,0,0,0,2.02085802205112,0.09400849565388866,4.476702866568843,0.29366689699146914,1.6792911987421344,0.13244014974701,0.5153972841731801
25.0,30.0,-140.0,-130.0,63,39,0.6190476190476191,measured,86,0.01075,0.5473009559015433,0.16463053985187173,0.3125866389898367,0.11639571595054295,0.14684613545735678,0.18818863232930502,0.1438269168138504,0.16852964535678572,0.17386461622291516,0.060487347199465503,0.46161772807439166,0.10794987281163533,0.14192310472329459,0.16453131966316392,0.1269345549794842,0.10759024319195412,0.13772949801712528,0.1502036100504971,0.04421481147592943,0.29312480192998275,0.07059036795250749,0.14116333487846597,86,0,0,0,2.0549666396407194,0.14789923594315052,4.749276942985002,0.5045590073849906,1.7846451762110689,0.20973464812651432,0.9194984132242441
25.0,30.0,-130.0,-120.0,162,69,0.42592592592592593,measured,120,0.015,0.6121233676069526,0.20853650727893666,0.45245886544386543,0.22550594722260933,0.1461478715301842,0.2559983243224441,0.10225692295259045,0.17003263910939104,0.2360978113766322,0.06414878953384603,0.3636159743032148,0.16380382737805765,0.11021631635645385,0.08869520745866279,0.14123664271081313,0.0796032194174748,0.12644403172613408,0.11860692821483843,0.05281877973860996,0.1763458575867332,0.07180958692213804,0.03765442948562892,120,0,0,0,1.9879135539134343,0.16534249198949785,4.573760255177816,0.43816918543875083,1.69073636730512,0.22750754191534162,0.7205667832118893
25.0,30.0,-120.0,-110.0,68,39,0.5735294117647058,measured,75,0.009375,0.46879617304637516,0.12460163221183665,0.36268597304821015,0.1512573924231539,0.13469784835289264,0.16946450595198007,0.08621605716902635,0.18091482120103605,0.1365538719362884,0.05806183979347289,0.33406801881461307,0.11630631315297094,0.08055618302575474,0.10991944800783478,0.15044991251922046,0.06740770614894472,0.13932529058641274,0.10387743396836624,0.06294720500260721,0.3326545810370683,0.07134258698095149,0.04153611519481679,75,0,0,0,2.077418173154195,0.26758248886527736,4.89662192662557,1.2644836136503848,1.7994566822052003,0.384302357595775,0.7655004929898033
25.0,30.0,-110.0,-100.0,53,24,0.4528301886792453,measured,71,0.008875,0.5528930764773796,0.15438209864797978,0.36508282956103205,0.151738904956262,0.16434850363895812,0.3369781231058055,0.09135082672382223,0.34032650806877596,0.15894238788020837,0.06102626131932501,0.4619104944426438,0.1489973602623775,0.08261685946892047,0.1584778281497344,0.28719073807452633,0.059085407970844876,0.30350684089860863,0.12229967669426349,0.043435686661162924,0.4205116682496233,0.10788593544898717,0.0745009017841878,71,0,0,0,2.083542205918003,0.32371333963735915,4.939002997438672,1.4107458063473524,1.833420543603494,0.46447627899923144,0.8200411745334263
25.0,30.0,-100.0,-90.0,57,22,0.38596491228070173,measured,56,0.007,0.4913214274815151,0.14310128259754348,0.32415896388036863,0.1032681124620391,0.15374380946159363,0.26724254063197544,0.10221241031374251,0.27555225219849444,0.1474441908929355,0.03839443819886037,0.44660955837794714,0.1456756557737078,0.09170393603188651,0.14758156272904924,0.161631721258576,0.08354374024352565,0.16946159313618575,0.1287431581784637,0.030397138278049126,0.38275093883919326,0.09946673837013126,0.07025544737833912,56,0,0,0,2.092436826654843,0.36047719421545826,4.964244629655566,1.4947463349064294,1.805732392839023,0.4746586910039548,0.9466969518492986
25.0,30.0,-90.0,-80.0,54,22,0.4074074074074074,measured,61,0.007625,0.4950213162228465,0.12597584085870825,0.3641011150645428,0.1204710000185334,0.1143597811460495,0.25742006301879883,0.09276334010064602,0.26055520305295254,0.11561597470549807,0.05272858813355641,0.30372869223356247,0.1429438181221485,0.07376671954989433,0.0844922782524085,0.16045958711039954,0.05819168601285118,0.15670828700899356,0.0800994251286252,0.048159712458636525,0.21175744309346411,0.08986889299408124,0.0466842546969549,61,0,0,0,2.1621037877973963,0.3363083014822108,5.104547602231385,1.4329691656392216,1.8841060771316778,0.43134388740646107,0.749382195835554
25.0,30.0,-80.0,-70.0,56,30,0.5357142857142857,measured,101,0.012625,0.5298831136180804,0.16036511072265344,0.3130944548266949,0.12928462635595298,0.09838340832636906,0.2524422865647536,0.11243916704104497,0.25303645953613024,0.10656947002471025,0.05287992037259615,0.16165163883796105,0.09760775015904354,0.07258773308533889,0.0765525550253158,0.1932425841152782,0.06471697495861774,0.18702420620184376,0.07903693804197875,0.03321506704043098,0.15533158715511405,0.05636913190744087,0.04999994510796809,101,0,0,0,2.085402998593774,0.2863951924398596,4.851120094261547,1.1727011819728321,1.7997116098309507,0.34987281185216323,0.7563746674052269
25.0,30.0,-70.0,-60.0,54,29,0.5370370370370371,measured,78,0.00975,0.5175988018512726,0.1353493926286065,0.3400710907119971,0.12939316815987065,0.09960990905761719,0.2084362030029297,0.15842679738998414,0.18933052336079545,0.15012194722154815,0.08662423499414715,0.19572690963745118,0.13462521076202394,0.133966383934021,0.07573729781419379,0.19618563546831144,0.09933089449343585,0.1695791146099864,0.10223993507175881,0.05064971104272271,0.21561894629162473,0.0844632223194643,0.05188468915568471,78,0,0,0,2.1020376911530128,0.3102017983712312,5.0019437563725,1.3158127538144089,1.8286502315447881,0.43964850533034644,1.061811991523497
25.0,30.0,-60.0,-50.0,117,42,0.358974358974359,measured,115,0.014375,0.5202805082003276,0.15292501856709473,0.3764926617560179,0.1509091316941762,0.12287509918212891,0.21710456848144533,0.13632418553034464,0.1925555954930099,0.15448219909047967,0.08425875928684419,0.3246321678161621,0.13247371832529703,0.11809508959452311,0.10119134854116951,0.14686746796182729,0.1060818469831663,0.14883335974956322,0.10463579527958038,0.06803983269582373,0.2084478404331118,0.10567399321341694,0.05692211166207384,115,0,0,0,2.0009834165158478,0.1830908103976451,4.590262354975161,0.6446409559101617,1.736482110230819,0.284485461844352,0.9267879541364046
25.0,30.0,-50.0,-40.0,93,57,0.6129032258064516,measured,103,0.012875,0.587434140758382,0.1816620591071748,0.37649398014962093,0.16299777096391038,0.11918433507283528,0.25228140089246964,0.11011593043804169,0.20539723899046075,0.18285659743139437,0.0592767521187843,0.38852180374993217,0.1887077490488688,0.11025332411130269,0.08587350048336784,0.17444232922600184,0.09686217588140758,0.13143191833191914,0.15085186478323992,0.0369868446832448,0.28212385371055965,0.11929679549725619,0.0967684517531356,103,0,0,0,2.064253783920436,0.24087992899448465,4.7711113332544715,0.7048608678805179,1.8023262486874478,0.31390298757637747,0.9176747781110102
25.0,30.0,-40.0,-30.0,99,59,0.5959595959595959,measured,131,0.016375,0.5430173207074404,0.16673172505379838,0.4071317491413073,0.16265450871047094,0.15946879386901855,0.17523472309112548,0.15504298359155655,0.13932786881206444,0.19056376026266392,0.04338672985626628,0.3103198170661926,0.19138488471508025,0.12728425562381745,0.1282239593939636,0.1338713879905868,0.10579077105704571,0.12723219721686574,0.13632902448952208,0.036433433794506524,0.23685971862210597,0.10902795204243075,0.10178841734211716,131,0,0,0,2.140166685781406,0.22528180423125257,5.069948054451979,1.5688967503768134,1.8851726946939948,0.3418073810158627,0.8806269858370004
25.0,30.0,-30.0,-20.0,97,82,0.845360824742268,measured,79,0.009875,0.4872610688209534,0.12824583002986914,0.3669814286352713,0.15030147717930198,0.11852963765462239,0.2150625228881836,0.2285900632540385,0.16182160924085237,0.17073642944340212,0.12032259768822064,0.2978933016459147,0.14070448875427247,0.24488406976064045,0.08172769854318428,0.1285095498791697,0.1105130590711201,0.10909439393113135,0.12750112363935137,0.05554906411506215,0.21067267365486508,0.05409915485955257,0.13816387979957603,79,0,0,0,2.077868731716011,0.19639423360087693,4.8716482391840294,0.8429561695379011,1.8152168295051478,0.3331016529568157,0.8582654624178618
25.0,30.0,-20.0,-10.0,86,47,0.5465116279069767,measured,87,0.010875,0.5287734380899332,0.15104525121615933,0.3918137815834462,0.16022767371045268,0.19385342720227364,0.1450494619516226,0.15933366769399399,0.20378728818209835,0.118550475380231,0.05551668790539201,0.25353135818090194,0.1563671521651439,0.2616375501339252,0.17126537115767274,0.10062894240570201,0.10288986741455401,0.17790474549894353,0.10412942211234862,0.05688946280173626,0.1859746604855594,0.0546523985639937,0.1282303507063973,87,0,0,0,2.0568620418680124,0.22055724428165288,4.877083882518198,0.752706820488187,1.828920806961498,0.30650832863187566,0.6674144773757075
25.0,30.0,-10.0,0.0,259,126,0.4864864864864865,measured,381,0.047625,0.5677507561176343,0.15354745745289847,0.5465558103219731,0.19435186070048222,0.31469478463768064,0.11766014522627781,0.11298714947879762,0.31293834981797025,0.123162029243648,0.04628873064053154,0.3676702187473613,0.10541796146478868,0.15248330105516247,0.24632810494599539,0.09386008215027312,0.09303665356410847,0.24472422189428686,0.09682317152621374,0.047957394243246285,0.24273957386849115,0.08308775322681204,0.09986669494952363,381,0,0,0,2.073046861671087,0.3205130717015872,5.190010015732973,2.302559573829965,1.8675595346711127,0.5158042949960884,0.2944062608576493
25.0,30.0,0.0,10.0,684,369,0.5394736842105263,measured,412,0.0515,0.5831459061967001,0.13348425969811112,0.4466166963565697,0.14269987659262798,0.22098081679571244,0.14789749686680143,0.1394631414186387,0.22209996490696016,0.15046691650837088,0.06607725579951515,0.5763809045155843,0.12382041045597621,0.18124034102000888,0.17595397153620793,0.11301432529340129,0.10974153046675883,0.17327665678461462,0.11155600221588294,0.05233365248511139,0.29401674605266004,0.10424752649108739,0.1348117172023254,412,0,0,0,2.4396302344150915,0.4141291857147114,6.550322703944826,2.3222443545221645,2.5333350263174297,0.7270945394826542,0.16986160268673375
25.0,30.0,10.0,20.0,402,101,0.2512437810945274,measured,365,0.045625,0.5978314096349419,0.17316340406142783,0.5547421588881375,0.18187321622542915,0.21828067817561253,0.11066827108693678,0.10191529098143214,0.21287430591830675,0.122765728502222,0.05592808218764928,0.2722347352987904,0.12801720692073784,0.12111591659115002,0.19607296153902912,0.08305060902362042,0.0785910919040762,0.19183337740188264,0.08971617298882992,0.04302175897552037,0.23166784725749928,0.09914971386850353,0.09882026203016755,365,0,0,0,2.072477698652712,0.3526496488518607,5.0790844727868905,1.7766365437023242,1.896430903264921,0.607987739081378,0.23873764505896722
25.0,30.0,20.0,30.0,204,80,0.39215686274509803,measured,231,0.028875,0.5745190802601076,0.152671097468117,0.4564597649233682,0.19355309068519025,0.22259116941882717,0.13235955084523848,0.08859299075218939,0.22069117831661084,0.14104924981208203,0.048308161125906315,0.3420442977259236,0.1446463340713132,0.11446015680989911,0.1863135358593149,0.08406798540051155,0.0709890308822168,0.16538931184149236,0.11354702852196306,0.0347606647894897,0.2659182883782695,0.1144389356542966,0.0812472315203113,231,0,0,0,1.9500598148866133,0.09621367871735163,4.5334753422510055,0.2659670008806812,1.6708045888256717,0.15059144103316216,0.576823014053477
25.0,30.0,30.0,40.0,169,93,0.5502958579881657,measured,202,0.02525,0.598793304084163,0.15423783764270882,0.49031375289553464,0.15324284402118635,0.18287294789364464,0.1493753759484542,0.11294663109277424,0.17763786158750694,0.18157763086100898,0.04525180914047631,0.26734425833350733,0.15124114249881945,0.13191276475002892,0.14159637490280014,0.1760889584405593,0.08670263270329602,0.13924557714121655,0.151318855498842,0.03877567253969944,0.2514395870615594,0.10799600680995373,0.10065018182982431,202,0,0,0,2.0258118976460824,0.19159569398099655,4.78149689424156,1.124344876732715,1.735300094774454,0.2772464285962233,0.7497260320728026
25.0,30.0,40.0,50.0,227,164,0.7224669603524229,measured,306,0.03825,0.5940188862501629,0.1913415578216984,0.5414732876751158,0.18043198545770156,0.19559518117753286,0.13592426360599577,0.09817573948512001,0.16286665620829907,0.18793257518370116,0.052859003906921734,0.2336001925998264,0.13446190243675596,0.10476490807911706,0.2007619787623685,0.1347769055269614,0.06843758498772719,0.14099607019913044,0.18297260556012587,0.05398125039443947,0.17242278692280802,0.08959266300953808,0.07976180149551129,306,0,0,0,2.137919840859432,0.22714486422877492,5.2107715793684415,1.3799294698508218,1.8487435259850196,0.30606205487050137,0.8391465746648413
25.0,30.0,50.0,60.0,190,65,0.34210526315789475,measured,171,0.021375,0.6061650311946869,0.14170160047453922,0.4331474153444781,0.17045228113071834,0.141924072265625,0.1708581085205078,0.1565586414337158,0.1694872582118599,0.1618031528008835,0.07059769681649061,0.23810910797119142,0.0977230634689331,0.08875748634338379,0.18043034251156612,0.12088684748249355,0.12011643089639731,0.13046862846582213,0.1567654935326273,0.04490446651278101,0.2367120666828409,0.07565972182867846,0.07404707004842492,171,0,0,0,2.0131067888081424,0.13174684593931246,4.726897446035641,0.7875880532988612,1.706129012749209,0.178777985610477,0.766326992322324
25.0,30.0,60.0,70.0,146,79,0.541095890410959,measured,225,0.028125,0.5845038788532143,0.150535337211439,0.4080752441618178,0.160437285259482,0.10575675964355469,0.15272926216694846,0.11427927995795634,0.15087522172436743,0.10807533787309334,0.09271076297730908,0.2194714403864163,0.12965518858895372,0.10881630876171056,0.08191704772712162,0.1416872901445346,0.08226857970342472,0.13904753141079845,0.08670976560340152,0.08556800237736421,0.1758466682165617,0.09168019534279653,0.0848530334356976,225,0,0,0,2.1134605105717976,0.20471204094593226,5.031318997277154,1.0050583790810077,1.8920597389009264,0.35483833684032745,0.7424959944789639
25.0,30.0,70.0,80.0,132,62,0.4696969696969697,measured,109,0.013625,0.5590868700827871,0.16985630049349987,0.4078002488667812,0.18286383114658944,0.13304121834891183,0.1983915056501116,0.08659285477229527,0.19571111459146726,0.1434430837627265,0.09386666679107628,0.18709749494280134,0.12221640007836478,0.12702968461172923,0.08543245282785542,0.14187629464823018,0.061486773183657674,0.13124941899348494,0.0915509346377955,0.09495867802138322,0.14505801899024168,0.0910789941084292,0.08912873105134121,109,0,0,0,2.1556503805545493,0.2910937411025946,5.310818151596489,1.574222472942739,1.9358315128798878,0.456646652473089,0.8388214218234634
25.0,30.0,80.0,90.0,134,56,0.417910447761194,measured,93,0.011625,0.5103722293025408,0.15674663957245824,0.4080958079586747,0.1613924697335297,0.16011861433537725,0.20397386795435196,0.0772276031665313,0.20310216834839942,0.15969439879206218,0.06372460303637108,0.26104798378088534,0.13551040031971076,0.12612458987113756,0.1688929100766886,0.16216984858266412,0.0653598315604759,0.16097152937023895,0.17147174480731167,0.055921922401820076,0.18925386600800234,0.09298272223419236,0.08233986996388953,93,0,0,0,2.2116083483542166,0.31069211129878815,5.479762210640856,1.8510742059089484,2.0085229758293397,0.49673843582898436,0.9365010762592112
25.0,30.0,90.0,100.0,152,85,0.5592105263157895,measured,129,0.016125,0.5277663731752936,0.1802245130637096,0.40655039608940596,0.1735211056900053,0.16843549818245332,0.1903207124169193,0.08641953610662204,0.19191750839833133,0.16938065642494615,0.06601099282660607,0.3036803807785262,0.11693016272872242,0.12489559401327105,0.16211743868149986,0.20857596263099798,0.07472333495887303,0.20697236640155317,0.16130340814850824,0.0569277062087072,0.21737916594569506,0.08581034090543453,0.08322820537505483,129,0,0,0,2.1399167692938517,0.2528827025261636,5.11459634100744,1.566543504682552,1.9451725113299465,0.39487730170366014,0.8146451270667983
25.0,30.0,100.0,110.0,137,71,0.5182481751824818,measured,117,0.014625,0.5751817759239313,0.1673894027770388,0.44190125587659007,0.1762620156797825,0.14299022790157434,0.13070782748135654,0.09304558147083629,0.1302565428193862,0.14748163891069446,0.07625926689723866,0.19711863633358118,0.10758061842484908,0.12112610267870354,0.11095429880798774,0.12502829309998903,0.07627681296086837,0.11822042579239546,0.11304867138596052,0.06693222529754296,0.15108078119945123,0.07775355923674733,0.07811151433632306,117,0,0,0,2.126518015168671,0.26512317921325784,5.139191358517378,1.7093865186698012,1.915334651612828,0.4153810051268234,0.7791533006961119
25.0,30.0,110.0,120.0,119,54,0.453781512605042,measured,110,0.01375,0.6116877727783643,0.16347314273275293,0.48366662832823665,0.1842733276032834,0.12587642669677734,0.1198675302358774,0.09119794001946083,0.11480440286555196,0.13136561078148826,0.0577583169677586,0.15524121064406174,0.1161191830268273,0.12455117885883038,0.09885514827268646,0.12124372251143133,0.06609219647958633,0.11062063771763937,0.10959735438812054,0.05447153797510103,0.14652448392149037,0.08526473932120063,0.0819002353423565,110,0,0,0,2.067914594303478,0.2842349508291168,5.253857417540117,2.0684170969758027,1.8247713284059004,0.45108582147842086,0.675545680425954
25.0,30.0,120.0,130.0,141,60,0.425531914893617,measured,163,0.020375,0.6162804335723688,0.14922069030408647,0.4804502806963365,0.2008517137062448,0.13491974347903404,0.13205177401318963,0.10702656227865337,0.1452478447569078,0.13250870099013715,0.045843389906494544,0.25305151645048163,0.10901495409600528,0.10344543280424895,0.13484974902676952,0.07946209605050639,0.09669870209906657,0.08175364678851477,0.12165745646675293,0.034997401272366245,0.21073462401711782,0.08089130976989356,0.0766501863002009,163,0,0,0,1.9525264618586908,0.11049491634931657,4.553343230229945,0.4098583881517942,1.649388588279303,0.1630084460942378,0.9859647810723959
25.0,30.0,130.0,140.0,160,89,0.55625,measured,193,0.024125,0.5666235068314512,0.18908077701046633,0.4956845326899247,0.18627087596903288,0.1283749325174681,0.14682839621960278,0.11571448369764946,0.13731352703627703,0.13799395679971316,0.07614028432952775,0.23243095169604663,0.1094159525884709,0.07731514413591842,0.10128574202987678,0.12417495793484448,0.12857320058474037,0.09056993230727162,0.13272781733088612,0.08672786049819892,0.17633485841217544,0.06591010471755286,0.06447460161076757,193,0,0,0,2.0082615712763734,0.17395208381061616,4.708696567950471,0.8760485926792104,1.7137651462011387,0.25973139510684606,1.1145492577001523
25.0,30.0,140.0,150.0,335,67,0.2,measured,182,0.02275,0.46602095090853635,0.16260442142168274,0.510557567025279,0.20087098135343082,0.11915431805511019,0.18408876034750868,0.17924720960766521,0.1411314761178608,0.19121792916356598,0.06712930849573,0.3320324180731133,0.1435598406329084,0.13315819893310318,0.12246659448904146,0.14382728486309254,0.08753344870244838,0.10850443901011111,0.12455992358935351,0.03492450452289552,0.1783767898616508,0.11224711049175115,0.06591240065518857,182,0,0,0,2.070070499902243,0.27502390715467534,4.94346127143273,1.346532161305568,1.8386647976361787,0.41693648084492724,0.7342326649094554
25.0,30.0,150.0,160.0,240,144,0.6,measured,216,0.027,0.6199610107578337,0.18921789467173794,0.4156905128448098,0.22307348960760157,0.23423113425572714,0.0844342013200124,0.12640059553086758,0.20142931272997333,0.15431387681938263,0.057939647216077174,0.22166979561249414,0.14267860228816667,0.11284509673714638,0.22705213134121868,0.07849676746760831,0.10441897141523085,0.2074047089562199,0.11092572989895241,0.04713462399868623,0.20232695774065348,0.10164069371198477,0.12248799962206894,216,0,0,0,2.0772017257081137,0.21835009922816132,5.435499204529656,2.9259659984526407,1.8431831421675506,0.3627725265362521,0.8510410706278755
25.0,30.0,160.0,170.0,548,139,0.25364963503649635,measured,256,0.032,0.7396225062879782,0.11128486241986676,0.5625224729883485,0.21897687444610073,0.2108594899072624,0.09307705685678495,0.10006349943669327,0.20779247171777035,0.10681543972442471,0.04407200027665698,0.29114874592620177,0.13244064279756804,0.09758873382232591,0.19120078939407556,0.08512205432670447,0.0765505307633373,0.18529358522874065,0.0894852323110636,0.029784122506547328,0.26016488275241234,0.10866584180493716,0.08160230578076727,256,0,0,0,1.979548726696521,0.21378078179847002,4.745958640240133,1.4203023336240568,1.7353574079461396,0.34337787749157495,0.25823101107767693
25.0,30.0,170.0,180.0,671,221,0.3293591654247392,measured,351,0.043875,0.6837148980299632,0.11218270100550605,0.6015668462144683,0.21149445265915873,0.17204039255777995,0.11595935796361624,0.16448652386665344,0.17102587435273137,0.11925744912627824,0.03639203989065778,0.20550344043307833,0.1296477108531528,0.08291744576560127,0.1846949598315634,0.07464185959852322,0.12104295899658114,0.1823982293823831,0.0773744260736458,0.02909064906347552,0.1365515520263061,0.08121741040563207,0.07994327042755142,351,0,0,0,2.194220399245238,0.46798301680812315,6.931506177299043,6.007968115479527,2.113278802983102,0.7813464899868647,0.09862817641739588
30.0,35.0,-180.0,-170.0,906,297,0.32781456953642385,measured,420,0.0525,0.6755435265148019,0.13426154945790364,0.641233705055146,0.16034719302514708,0.22945375865316156,0.09725489551081033,0.13474296114127624,0.23024882707164313,0.09685954561834444,0.05110758279779281,0.38318750071408125,0.13638116710487452,0.15708766899672635,0.19511758859702125,0.07890789342521913,0.1052079026647393,0.1964784669122025,0.07351727130528661,0.03892705903654334,0.30904904908722913,0.10004468647041352,0.14286777665753905,420,0,0,0,1.9610423789137885,0.09665674423615213,4.460890691620963,0.3866525198826289,1.720789284933181,0.14602989807619024,0.16628246739260655
30.0,35.0,-170.0,-160.0,170,56,0.32941176470588235,measured,92,0.0115,0.6621167122533447,0.14936219998656444,0.3843910420394462,0.16566110959410965,0.14279387290017648,0.1089695085558975,0.08975572962509959,0.1428387217876262,0.1175753600712994,0.04959728464431525,0.1841261805149547,0.1024238906408611,0.13555648661496347,0.11361408710368953,0.09750721530875926,0.0642655137147756,0.11172726288447918,0.089277179329003,0.043490186875706244,0.1580383462031372,0.0795204932719156,0.10240808963279349,92,0,0,0,2.0223215144613516,0.22644103210744843,5.2451040226480234,2.8993517206492414,1.747603176728539,0.3970572869023086,0.6785207078536265
30.0,35.0,-160.0,-150.0,155,103,0.6645161290322581,measured,144,0.018,0.4862183682047404,0.16249702555995868,0.40090015271885526,0.18580139644512744,0.14812781260563776,0.3078906536102295,0.12989449615661913,0.19623988282793162,0.2828178704929186,0.09004464646084212,0.30667106004861683,0.10752016993669364,0.11076293771083538,0.1367818306853025,0.1873632417341223,0.07072885815908943,0.15339383851364885,0.16889951992290023,0.08796900180031234,0.2877229927478103,0.06528905860829687,0.1083598640947705,144,0,0,0,2.0938417232698865,0.23341966687221838,5.16596866150697,2.455438476520674,1.8390384962161381,0.39037241971692493,0.8025720519670141
30.0,35.0,-150.0,-140.0,103,72,0.6990291262135923,measured,116,0.0145,0.5699674174670251,0.13479803929894885,0.3906302057720464,0.16959983199785203,0.13228699468797253,0.17529598359138734,0.15737733725578554,0.13304900076623266,0.18068078523943124,0.06695643860486246,0.3673560850081905,0.10715391558985557,0.13565890635213546,0.15302075756648995,0.13567750713752091,0.0994787809826602,0.13711089764899362,0.14458661072996656,0.03703596589735332,0.2885942174263757,0.07681320405097847,0.16811455100018693,116,0,0,0,2.01913298306794,0.19232880519055132,4.604126533557629,0.6075659924880248,1.7446945042445743,0.2416864417291249,0.8807836179345998
30.0,35.0,-140.0,-130.0,92,63,0.6847826086956522,measured,105,0.013125,0.49070610362907935,0.15795230046695938,0.34548944802511306,0.11822415030199107,0.1427812247440733,0.151348903261382,0.16674387043920055,0.16655809294118154,0.11987117881082449,0.05589875935074367,0.4827299118041992,0.12020379921485638,0.15654563081675563,0.17380727023901163,0.11505069741957281,0.10167545759854277,0.18671861953635152,0.09881324864230985,0.05880345747315622,0.3772860686618664,0.08158685391870772,0.08276749346813096,105,0,0,0,2.0262337378093176,0.14999091280191346,4.628415025983538,0.48044543739225704,1.7506672904604956,0.2586539904509155,1.042658980545567
30.0,35.0,-130.0,-120.0,47,25,0.5319148936170213,measured,82,0.01025,0.5079625912687995,0.10784238190800555,0.3753599024763921,0.14970712654768334,0.10557113994251598,0.24995431033047763,0.12988290732557123,0.21893249847558793,0.20343564485570767,0.03049060176291718,0.24188642068342728,0.09013236652721059,0.1274641372940757,0.11516163467130719,0.28599757741742765,0.09721152826626527,0.22609012550575863,0.16806247020831733,0.02040571526657267,0.21819096720583048,0.05689717096073887,0.07780940615614701,82,0,0,0,1.983027126730942,0.09238676667298773,4.518973129551585,0.2565167351034015,1.6625402787836587,0.12658239238215066,0.948473149555788
30.0,35.0,-120.0,-110.0,58,20,0.3448275862068966,measured,70,0.00875,0.6014750286152488,0.12857640671103898,0.3418788315994399,0.12139094024746368,0.10156295174046566,0.30339622497558594,0.09130466298053139,0.2707087005273667,0.17430089660317472,0.06641913381206634,0.26888774570665863,0.10949365716231496,0.07227323243492528,0.07306533749530106,0.21188967706248224,0.0850375000698378,0.18852307928684164,0.11573731793565499,0.07229586010825631,0.21005468124829055,0.05771669374162849,0.0605871733080071,70,0,0,0,2.005890328543527,0.1456306065761827,4.551982757023403,0.37400090846856543,1.708944114616939,0.19691288015590655,0.9318559732001097
30.0,35.0,-110.0,-100.0,46,18,0.391304347826087,measured,177,0.022125,0.5719672494700977,0.1275601751922052,0.2982004185517629,0.10265847895248939,0.12941506930759974,0.2929027421133859,0.09761378169059753,0.26934064501566396,0.16534329055536398,0.08291859844097438,0.22887455565588816,0.12440168431827,0.06125659602028983,0.10645555144809493,0.15409255163322402,0.06813307127678976,0.15574127237282612,0.11610101074043688,0.08573492872160657,0.20951117990024265,0.06265275365896658,0.048189516442859716,177,0,0,0,1.9977643281053015,0.12532219806365785,4.489525124178094,0.5139889830703138,1.7134226991631891,0.19822144964008756,0.888531351501185
30.0,35.0,-100.0,-90.0,48,15,0.3125,measured,76,0.0095,0.57030660275257,0.11806766669159496,0.3467914342488113,0.1426802510622649,0.14543243051704133,0.13550764141660748,0.13485883402101922,0.14005630644565323,0.14291028173957138,0.08727803104836727,0.26375008351875073,0.12985193006920093,0.07939159508907434,0.11027282428446025,0.11980569142115396,0.09336800667547236,0.11722798150340533,0.1106566534443953,0.0515780159641328,0.17038910254198228,0.07268482388240362,0.062489167939870305,76,0,0,0,2.013137704447696,0.11973156088417541,4.5804964617679,0.39958681247141814,1.7153063212570392,0.19344553785657903,0.990499002339089
30.0,35.0,-90.0,-80.0,76,15,0.19736842105263158,measured,301,0.037625,0.5645814450060735,0.13378548138704494,0.3609173582538814,0.09648195948857022,0.1467738215063439,0.13900609876288741,0.17321306955618937,0.13791231132329476,0.14872430097239359,0.08569344834456143,0.23576333092861487,0.12137144706288322,0.07797325048290316,0.07839126432057035,0.11812499279198707,0.06731880014419012,0.11778378297481192,0.07715057725396583,0.04441575958330763,0.18468556924310586,0.06861662703129359,0.06424578165202732,301,0,0,0,2.274052523695353,0.18430775838711394,5.268729072076538,0.5051719423199967,2.0218639001497793,0.23088606683879317,0.608537182119608
30.0,35.0,-80.0,-70.0,23,17,0.7391304347826086,measured,98,0.01225,0.5709779957930247,0.058545557030255005,0.3914434283363576,0.14723957399771137,0.09673690795898438,0.24759038289388022,0.08295374115308125,0.23077754198765418,0.14853569834440805,0.03172572453816732,0.34124120076497394,0.21750946839650473,0.13798580567042032,0.052853772224368434,0.1697123368520631,0.0420894725165262,0.1574399663583157,0.046328770820136575,0.029823428212337796,0.2547387719475834,0.06777504129448415,0.09099062579065031,98,0,0,0,2.0352122163286013,0.17139142758055764,4.731785555275119,0.5809591129707656,1.7489145349483102,0.27422493079512655,0.8360743831055314
30.0,35.0,-70.0,-60.0,48,26,0.5416666666666666,measured,186,0.02325,0.595433312383565,0.15263046311653003,0.36862376764897375,0.14517800906708217,0.12069771506569603,0.22845406965775925,0.14045757868073203,0.21321512196650627,0.12360295354599787,0.050145110939967256,0.38730520551854913,0.14424848014658148,0.10253863443027843,0.09482840336109055,0.2099115860432771,0.10404786644441805,0.2280063839850128,0.08419745189780217,0.024861743040790744,0.18722442539561607,0.09069792784424525,0.07762551605469407,186,0,0,0,1.9822401904290723,0.0900677452484928,4.688352464347758,0.2714344144452642,1.6581047074769133,0.12088969900373589,0.6858743361263379
30.0,35.0,-60.0,-50.0,61,26,0.4262295081967213,measured,126,0.01575,0.48899122987474714,0.19103898443147674,0.31811237961999955,0.14549045031929914,0.15137582506452288,0.24339637756347657,0.14502705676215036,0.20984321824865018,0.22567831613497877,0.11881395101614985,0.3473052297319685,0.15306003774915422,0.10239944117409842,0.14836931983961082,0.2106762270883646,0.0921165459561404,0.17174633851669885,0.1552181733640807,0.07835794416439769,0.1709658489532478,0.10082600057629858,0.05385452329013282,126,0,0,0,2.1519049122219993,0.2136376536045103,4.9722087269737605,0.6150246447791565,1.9035146482407101,0.30994462044479615,1.0471223227940172
30.0,35.0,-50.0,-40.0,90,76,0.8444444444444444,measured,195,0.024375,0.48708792669432505,0.16287881784208535,0.42357595845674856,0.1808218338757653,0.11135414668491908,0.2569605963570731,0.15472313335963658,0.1552909407404491,0.21162731835924323,0.10239980476243156,0.5723753656659808,0.22176297221864974,0.1524702991758074,0.09958619698443051,0.1346931485177278,0.092384162774611,0.11030444923729649,0.15943550193739187,0.045295025618387066,0.4107946038885632,0.11444097178574097,0.06369051525739748,195,0,0,0,2.035128195469196,0.1663040492136931,4.654658170846792,0.49692978556196626,1.7580187381842198,0.22772223489295107,1.0016157259276652
30.0,35.0,-40.0,-30.0,76,44,0.5789473684210527,measured,123,0.015375,0.4647048097103834,0.14986429642804705,0.34494827639281267,0.1457962028939679,0.11266821622848511,0.18659764528274536,0.1455111838877201,0.10958524412747149,0.19398533201634968,0.04285040870308876,0.17411401867866516,0.10977749899029732,0.12048374861478806,0.07305713444228834,0.12732892948292998,0.07498148401641566,0.07158163862006293,0.11958111721278271,0.03206465585766797,0.1275346619107598,0.06713955669202412,0.15702135463617592,123,0,0,0,2.055448783122427,0.2046345462558425,4.760691664083217,0.8081970858071392,1.7997935768065414,0.3303717444290965,1.0473073932059898
30.0,35.0,-30.0,-20.0,55,45,0.8181818181818182,measured,100,0.0125,0.61404590010643,0.10142551662694728,0.3744286093115807,0.14118102847907438,0.17384757995605468,0.08076066970825195,0.1421873927116394,0.18082873479955902,0.07276650342945289,0.08933295011520385,0.15895299911499022,0.10141524076461791,0.15704314708709716,0.17596095346365237,0.0807467405519791,0.10582765648826549,0.1835537339883788,0.0504141990938477,0.045513499947600185,0.04379639281748114,0.06209334734288304,0.1753405543367714,100,0,0,0,2.1203619086742402,0.19105065492132997,4.870189328193664,0.5510189484409647,1.8783225190639496,0.27870052976111503,0.9818056463656876
30.0,35.0,-20.0,-10.0,60,44,0.7333333333333333,measured,119,0.014875,0.515802813693881,0.14467531916370635,0.35135018550047353,0.14281975731062246,0.2787010669708252,0.19869357347488403,0.15106859430670738,0.28905267791905154,0.2056811339456987,0.04894092363311264,0.30775687098503113,0.14097726345062256,0.14957935363054276,0.1825148274699244,0.1370368108975092,0.10273695186062824,0.1640673227059169,0.1283351269332782,0.04249495440019584,0.13062106188639216,0.018653750744153264,0.11332899206965275,119,0,0,0,2.0841729911435554,0.24407905169239277,4.914687445183762,0.9690433672655949,1.8426291762279863,0.3759468771591672,0.8514820119869821
30.0,35.0,-10.0,0.0,231,139,0.6017316017316018,measured,390,0.04875,0.5570798675003259,0.15492720186408018,0.5657322907677064,0.1825116018065949,0.30943831153537915,0.12938729770805524,0.12672554021296295,0.3093359541219655,0.13015787001378126,0.04906235604445526,0.4282576234444328,0.09554259025532266,0.16044489974560944,0.2505268938469422,0.09234688087335809,0.10207813144972774,0.25036215842285936,0.092053236730006,0.05791352131280906,0.2989333073350987,0.08191030374644818,0.08421253684676228,390,0,0,0,2.0165683226707656,0.2884446089994257,4.863242926964393,1.5002433442111014,1.7690458227426578,0.463807166585393,0.3419175401515428
30.0,35.0,0.0,10.0,398,237,0.5954773869346733,measured,610,0.07625,0.5443054225689136,0.1405337812755364,0.4135228936056622,0.13764388222959667,0.3075344251549762,0.14918804612959394,0.10589613122229251,0.3052041152881506,0.14524806301346704,0.05299019141763345,0.6337294978384646,0.10839511296763923,0.2433149866435839,0.20147991338317645,0.10609815271252053,0.09198856546616428,0.2053939963457449,0.1106897634671164,0.04027369978971524,0.3662298668915028,0.07971942223717762,0.1673244326347334,610,0,0,0,2.3677104930408666,0.41220627279447053,6.250980973634563,2.6448639350564473,2.3590882318918824,0.6782439596014569,0.21568544331169562
30.0,35.0,10.0,20.0,358,111,0.3100558659217877,measured,451,0.056375,0.5458317006889143,0.17071307063929694,0.5442440659798963,0.19279480069219337,0.19046751014616808,0.1187209445937925,0.13092615295518265,0.19039519979515293,0.12335548893673433,0.06493896273920788,0.2382051935080092,0.11810259394317503,0.12518163827749398,0.16514412718149832,0.08691919340644404,0.09711722825232327,0.15880668487918562,0.09226912871223421,0.05453806474698869,0.24542279315126728,0.09701589009043125,0.09684759938338708,451,0,0,0,1.9489871876731415,0.1283845496558137,4.58147626546957,1.0627938290161985,1.6796826412302428,0.22203043248413812,0.3390642290771291
30.0,35.0,20.0,30.0,111,68,0.6126126126126126,measured,138,0.01725,0.5321578598299692,0.14765227185855748,0.4002755303745684,0.15483827918986443,0.2519736179085665,0.1441343440565952,0.12245986212131589,0.25335405560981505,0.14956334628108298,0.06527271054057014,0.3943593335706134,0.16413251466529313,0.14967658076175425,0.17796156015858586,0.1257803200981622,0.1094814840477121,0.183377078480777,0.10757227393594433,0.04742698714196067,0.40273968201660554,0.11129602269540037,0.09162013367201241,138,0,0,0,1.9617548351702483,0.12880893624499307,4.638283271720444,0.900982647379426,1.6932768700779348,0.2067038422729213,0.4922069693220809
30.0,35.0,30.0,40.0,146,86,0.589041095890411,measured,279,0.034875,0.6421117136875788,0.13811080512967566,0.4815331923918912,0.16654178711910433,0.18771870930989584,0.08905256589253743,0.10149001479148864,0.18458773628787262,0.10345454374477968,0.05576235897369492,0.26795849402745564,0.13361456592877705,0.13133150736490887,0.12708918210086023,0.07737882343473305,0.09078963566035476,0.1250739536216456,0.06992029001910527,0.06815295433702455,0.17739348133010074,0.0975973528496936,0.11490028610415687,279,0,0,0,2.04030660019126,0.21241284671132493,4.915325953541691,1.452334718071522,1.7532946559263387,0.3281089179180328,0.8167075024480785
30.0,35.0,40.0,50.0,116,58,0.5,measured,163,0.020375,0.6110414312831287,0.13883501998844142,0.43024811532599794,0.16292105524307013,0.20414362282588563,0.17366991371944032,0.07904686907242084,0.19421744250060333,0.18660293381586762,0.051106304105880615,0.28603098310273267,0.1201130747795105,0.13785664583074636,0.18490951438342293,0.1405569637904939,0.061473247061417186,0.16133352372685425,0.16496687695723383,0.038702771528754565,0.1538271117815411,0.08534578739899934,0.10003423496832853,163,0,0,0,2.0505318283303384,0.20688706244691732,4.913052140569395,1.3881985604433285,1.7758130039905478,0.3396518818566848,0.7118158288846395
30.0,35.0,50.0,60.0,311,203,0.6527331189710611,measured,288,0.036,0.5438244640827179,0.16387792147188426,0.4498342585025562,0.16230292790207537,0.15195699091310855,0.16423077053493923,0.15504805522936363,0.1355380610597338,0.17603677433950782,0.09494576449568683,0.12964238502361156,0.15056193316424335,0.11292594560870418,0.11950512264693104,0.12998649291725714,0.12584921464566803,0.12098512426373408,0.1313153591505978,0.08600961003444864,0.11978065976577691,0.09139681968591001,0.07298210654344031,288,0,0,0,2.0459862227241197,0.22101227466610343,4.869379396239917,1.305101111931081,1.773216750472784,0.39507551809669117,0.727622028616767
30.0,35.0,60.0,70.0,172,72,0.4186046511627907,measured,126,0.01575,0.558308959454298,0.15846824612577778,0.4333295865900933,0.18189173525375543,0.13043559074401856,0.23707414627075196,0.1536644232273102,0.23052829826979473,0.15018841125012894,0.06915667275212911,0.2659260654449463,0.1088551115989685,0.09631276845932008,0.11044376914551483,0.1806099869518744,0.10989847694282943,0.15930222612672565,0.13022416544802773,0.055987284458750605,0.21577494355228036,0.0627875780325333,0.06640148164114715,126,0,0,0,2.074731149370708,0.24623616337276152,4.792859336686512,0.806942511896658,1.8123349433853513,0.3580635788710948,1.0729390609797689
30.0,35.0,70.0,80.0,121,60,0.49586776859504134,measured,126,0.01575,0.5083474067390942,0.1741674257441774,0.4193884437046354,0.17005861258919783,0.1504491196304071,0.19394468088619043,0.12008653605570559,0.18120109963051373,0.15499287162077577,0.04304682055232532,0.2547826415202657,0.11859120697271629,0.11180534714558085,0.11842034713034799,0.12467850759918994,0.07409419251096187,0.1340272687366885,0.12246488552914266,0.04028470416986014,0.2221584805234701,0.07969908561967991,0.08689506706230334,126,0,0,0,2.0001069647925243,0.21157950387931582,4.627356686289349,0.7251913370948745,1.7197342363614885,0.2580279803831638,1.3872487848655355
30.0,35.0,80.0,90.0,102,74,0.7254901960784313,measured,132,0.0165,0.48985764916454044,0.17674857310158573,0.40656771206042985,0.19411212031045227,0.14358217322400638,0.15191084997994558,0.14097830866064345,0.15434412273047723,0.13786295582737124,0.06980206892734271,0.22417559794017247,0.16443922689982823,0.12380393488066536,0.08151002888643091,0.09917595115941154,0.08417850882441205,0.10365294910035998,0.08124201030684025,0.0749081797586563,0.1770893573905373,0.1003144616818083,0.10001753793059381,132,0,0,0,2.039198477159847,0.24140364101241707,4.793557996099645,1.1425440049872044,1.7856456203894182,0.34005470010276245,1.378120227095075
30.0,35.0,90.0,100.0,117,76,0.6495726495726496,measured,131,0.016375,0.5079770458907615,0.16178737906783044,0.4550135801084169,0.18157978211175432,0.11672030271189969,0.17929440009884717,0.135712354648404,0.17933186371613763,0.11963526363166488,0.08679185095930343,0.18254819730433022,0.14309466757425449,0.07696808547508426,0.07741865177042433,0.1063929302185837,0.10195878340358343,0.10295971330242583,0.07752417689321554,0.08309467426696214,0.10531998522805096,0.17071899947685487,0.057753420635332446,131,0,0,0,1.9882286404835359,0.17551476153011825,4.5664914546122075,0.5635112123763425,1.7076860338676976,0.21554009559756157,1.3197273709757043
30.0,35.0,100.0,110.0,145,76,0.5241379310344828,measured,115,0.014375,0.5250935472440028,0.1563224403769962,0.47166288702384285,0.1881945005598947,0.19142627716064453,0.18293505129606827,0.10458810001179791,0.16504004921374865,0.21414937102813222,0.08595612102376453,0.2639426563097083,0.16235914783201355,0.09320928912231888,0.14906391083099588,0.17315851172442936,0.07516387660329334,0.15460283890252263,0.15910048247000672,0.07605625946010067,0.21672156865891723,0.1764225584979464,0.07705717691125612,115,0,0,0,1.9721930897754172,0.1720452108534366,4.530192818848983,0.6226845659557583,1.6954436768656191,0.21363822901006418,1.3225596776952253
30.0,35.0,110.0,120.0,224,60,0.26785714285714285,measured,109,0.013625,0.4967027745414071,0.11570197213777075,0.4909411564879461,0.1814837007092233,0.09812819666978789,0.22696964915205792,0.07517057475520343,0.18803367306018026,0.16662579480196807,0.06094595039839505,0.2115827508089019,0.12966087605895066,0.11349669534985612,0.08518179965897234,0.12914158527278644,0.054603008862008216,0.1123782298224236,0.09658244365240873,0.04173327930287001,0.14259257767479544,0.05233027256963987,0.0703697483212589,109,0,0,0,1.9639274636539845,0.18808443231982983,4.454749387338621,0.5118507792373118,1.675561272769893,0.21169155888000815,1.4319855652573978
30.0,35.0,120.0,130.0,190,41,0.21578947368421053,measured,111,0.013875,0.5773748537438028,0.12067980971132235,0.4552931966813835,0.17755086398778497,0.12921417799572016,0.3103477042793428,0.1022777969405155,0.24397404264460992,0.25276832734892085,0.053133905728291804,0.17076107639594365,0.08554055786772863,0.09971321509188454,0.0986014058152504,0.17160151346990687,0.051096919142966296,0.11195550069440557,0.12740534945446422,0.026961583629532347,0.13462886781998015,0.07854772532282302,0.056796226001210995,111,0,0,0,2.02293874122001,0.20528082683075224,4.713102001327652,0.6868394536318704,1.7539725808409956,0.3036434521055673,0.8666816658039316
30.0,35.0,130.0,140.0,143,53,0.3706293706293706,measured,169,0.021125,0.6098372797171275,0.144278420810939,0.5110783957870755,0.19536512658445723,0.1497026867336697,0.1293141894870334,0.10650864044825235,0.16478637774193627,0.11791094568154813,0.050526686171463726,0.21752995914883083,0.13339157501856486,0.09741299682193333,0.1624854826641313,0.10212453146764294,0.09176841085430963,0.1342748763855108,0.12991043912203373,0.0354235097583299,0.18973773127228702,0.10047257489855016,0.09445659222539846,169,0,0,0,1.9955252225582416,0.1463196443561705,4.740912349971794,0.504838098290034,1.7764581526524923,0.32042890639082977,0.7480443282676122
30.0,35.0,140.0,150.0,214,121,0.5654205607476636,measured,263,0.032875,0.5895563759790954,0.16450357080240405,0.5156583574108298,0.19147814470956515,0.1263889599871892,0.13315453067902597,0.11365856983328379,0.12382285900163556,0.13281483185837525,0.0765042236144744,0.2328002965578469,0.14432987602808142,0.07693074723725678,0.10949510580801396,0.11234779194543253,0.09673610807555628,0.12117948847767308,0.10324318087553981,0.07566223778292638,0.1621437974781358,0.10331770963693128,0.06385067743165809,263,0,0,0,2.0471339837679845,0.22164320603296062,4.880834910352874,1.192673114862053,1.8315368360439634,0.39029938817587195,0.9684712907415303
30.0,35.0,150.0,160.0,210,92,0.4380952380952381,measured,248,0.031,0.5659209896447295,0.16585837687367108,0.4984687909243568,0.20459105533528404,0.26226489826784294,0.13126027382026284,0.1266725563396842,0.23878316065153624,0.19290282051281388,0.05264574238484644,0.16677825531717075,0.18231227943452738,0.11944563004930141,0.2568289945943952,0.10185241616687121,0.0979803196611748,0.22373825255264349,0.13438557163015322,0.04145378442535415,0.1512374454259149,0.12382332473908661,0.12072850346898395,248,0,0,0,2.0247959826261765,0.22820846576433226,4.891393924913099,1.6610114053313987,1.7886046272131704,0.35902029090093457,0.8339624808605195
30.0,35.0,160.0,170.0,419,126,0.30071599045346065,measured,240,0.03,0.7252269219416401,0.12146158601543353,0.5702385134994984,0.20974633151078462,0.2057971824151257,0.09573643850385126,0.1212421690237807,0.20296914643523475,0.1075705978742544,0.03635956081055643,0.27142818063599256,0.13241462007724383,0.10107421020598949,0.1941844025164401,0.07935605315619529,0.08811425486964816,0.18753032290490754,0.08710557594155882,0.028735456534520087,0.252834435041443,0.11701276859222948,0.0881572680224738,240,0,0,0,2.024503055711587,0.2577965917551374,5.053911153475443,1.98443054987776,1.798095947007338,0.4049823685482463,0.1297454239181546
30.0,35.0,170.0,180.0,801,281,0.35081148564294634,measured,382,0.04775,0.7144891960116533,0.12235474317986002,0.6526706042011995,0.2171285954777389,0.23474740982055664,0.10213397880837034,0.12659785529741874,0.22959427211815736,0.1111678963303662,0.03509651998544121,0.30350583975131695,0.12079363350684826,0.07894481580991011,0.17833844958669928,0.07144924004571854,0.10114244083843395,0.17850034041190044,0.074250185573085,0.02775551985359486,0.20754900323719194,0.09017724123765504,0.07281120999424473,382,0,0,0,2.141194429073034,0.47787116942568725,7.052257937910669,6.449739406241886,2.043365318737729,0.8090486283470516,0.07553706817612327
35.0,40.0,-180.0,-170.0,857,326,0.38039673278879815,measured,476,0.0595,0.6515555683726869,0.12763322789207895,0.5944860440780636,0.19420235870755695,0.2301202547752251,0.10339465219590624,0.15400492752114708,0.23059937053203522,0.10060386954031733,0.05847903132052349,0.34540698981778994,0.12442604363974878,0.16197049527967491,0.19647190774917814,0.0793181091605712,0.1122843231131787,0.19899572212816247,0.07511226966595923,0.04533620729107289,0.2913906727091327,0.0972214411616149,0.12976633361164738,476,0,0,0,1.9795138495309013,0.10184767575624631,4.525073394054124,1.034586069255854,1.7628522713144286,0.1743506608212813,0.1297163496180499
35.0,40.0,-170.0,-160.0,288,179,0.6215277777777778,measured,205,0.025625,0.6010520186172713,0.15258704177070442,0.508720815036355,0.21237911780731356,0.1846911929069309,0.10689322007905452,0.09323240912288701,0.17491957664867358,0.12764315464212433,0.05105664661358798,0.1880993799332085,0.1056464724584457,0.10239097722079776,0.14863097282657634,0.11118299307753425,0.08149698205457953,0.14046766027782775,0.11562449767863285,0.03895546524600392,0.16132065736032977,0.08134975373690602,0.07558953910360991,205,0,0,0,2.0087727372239277,0.2902688224929511,5.268537118958264,3.1263030496123143,1.7569908898051192,0.4502899716857183,0.608555948675282
35.0,40.0,-160.0,-150.0,109,71,0.6513761467889908,measured,315,0.039375,0.5448336844381533,0.09892351353384218,0.3253379972208114,0.1260883050134484,0.15146370937949732,0.19770403912192897,0.1761266087230883,0.1434730307822184,0.18660536449064272,0.040896933299906645,0.28652938416129664,0.11316455037970292,0.0877505666331241,0.10580081799383115,0.16108902763869604,0.09856486711441151,0.13496452106250953,0.15984409808845879,0.034216811498286454,0.19494146166315077,0.05526644197087291,0.08062157117300242,315,0,0,0,2.0133171815720816,0.11848173928271713,4.484915326133607,0.55767029433649,1.6965962497014848,0.19427590652853205,0.6898832318658197
35.0,40.0,-150.0,-140.0,226,171,0.7566371681415929,measured,331,0.041375,0.5035876528783279,0.1265844241193905,0.44330941365744775,0.1675344127490636,0.2184201327237216,0.16453371914950285,0.18339949412779374,0.20395813980031657,0.19003467568016344,0.0815184658805679,0.34666084376248446,0.25530885566364636,0.27442905902862547,0.14440261213250294,0.11195380229758305,0.12339665280447713,0.12693264393153483,0.11975170357315097,0.05760890986886594,0.25480112729185106,0.15562387963894692,0.16213438101651795,331,0,0,0,2.0087372806497212,0.1076591984600218,4.548092362383701,0.315716157724986,1.7792881201401218,0.17712399878173013,0.676723157833081
35.0,40.0,-140.0,-130.0,233,138,0.592274678111588,measured,246,0.03075,0.5324123893913469,0.1676052536086118,0.5605112194893805,0.19261673590148878,0.26229364495528373,0.19445433365671258,0.14833963544745193,0.16954547826407718,0.26904536903313997,0.08154954531614525,0.518833707508288,0.23055186522634405,0.3738869290602835,0.17088949680256516,0.08964802821761528,0.09271154112848048,0.17355485806126647,0.11224110026146979,0.04412622703457504,0.19854229987882732,0.12588441133429654,0.16503833634951373,246,0,0,0,1.962961428049134,0.08357351736867773,4.480882802629859,0.28755774725164623,1.7280684195882905,0.1476470857443481,0.5150330629704339
35.0,40.0,-130.0,-120.0,70,44,0.6285714285714286,measured,80,0.01,0.5354555352376058,0.15371475509547491,0.41580814998596904,0.17633130975166056,0.1944141387939453,0.2407659383920523,0.09653801872180058,0.22119035754980768,0.20828286156265755,0.0797948085353874,0.37949175101060134,0.11503767967224121,0.06252001340572651,0.14416404566127206,0.17631519048212305,0.06539276480316572,0.17965787299086258,0.1518273258923695,0.07128835500762852,0.22505634286058046,0.08132852702559425,0.037616583876054724,80,0,0,0,1.971843282878399,0.08732144652830384,4.49316576719284,0.24350679629259944,1.664470335841179,0.13241575942315165,0.8572604460075303
35.0,40.0,-120.0,-110.0,40,17,0.425,measured,108,0.0135,0.5336504371269889,0.1454326783430617,0.37532291782123073,0.13480166289818352,0.13163147801938263,0.3540228138799253,0.06222932753355607,0.3362148655895913,0.18605008604032844,0.023816968738627077,0.3165632434513258,0.07736952926801599,0.10658203000607698,0.12816767934831255,0.30747440086018824,0.04460643924653777,0.2897389835893351,0.1484005087473407,0.02005894674657738,0.20564213714427268,0.06030523964779247,0.07287467211562092,108,0,0,0,2.0514219811669103,0.21052151904606478,4.911414707148516,1.7222833356348817,1.7874831358591716,0.36821785962587283,0.9947128840302948
35.0,40.0,-110.0,-100.0,53,22,0.41509433962264153,measured,102,0.01275,0.5619848389779368,0.14659681626885765,0.3473485890848964,0.1364613561779616,0.1255323809962119,0.2512471598963584,0.1373369232300789,0.2541923573582159,0.1280749525573706,0.06888338929727414,0.31465193533128305,0.07429262130491195,0.09085006098593434,0.08306820812382923,0.21328694768223763,0.09306932402757125,0.20463614212242356,0.09155470830287957,0.058951848596003775,0.17838096784311624,0.0820274499471136,0.07856536062842823,102,0,0,0,2.0012046542822146,0.1038465223228137,4.55410283687068,0.3224924253957481,1.705899998253467,0.12864353696048855,0.9932075414889081
35.0,40.0,-100.0,-90.0,60,46,0.7666666666666667,measured,40,0.005,0.4263074291603906,0.11843351912340362,0.3564739990979433,0.12274960593837349,0.17274821709309304,0.13672937665666854,0.14540282317570277,0.13649500589618013,0.1733123606121834,0.10211457638362934,0.34686149869646343,0.0694138492856707,0.07063777106148857,0.09039259778627254,0.11791036974399402,0.10981875286536402,0.12045277096001553,0.08621841433225304,0.05406479916589554,0.13225970934121814,0.10922853945126977,0.05468375648943677,40,0,0,0,1.9882578283548356,0.0844190536293165,4.464986848831177,0.217884525321379,1.6872301191091537,0.12580883326704018,0.973030247203293
35.0,40.0,-90.0,-80.0,54,45,0.8333333333333334,measured,34,0.00425,0.5755118893252479,0.1351621166849513,0.3722706459024373,0.13727142019893218,0.09410324692726135,0.3547079298231337,0.10329537921481663,0.35171867423457853,0.09166703837673418,0.1366001508842345,0.3917326397365994,0.031624807251824275,0.03642100758022732,0.05232508439096239,0.1269857124604538,0.07914227559834633,0.13322220440109853,0.06065801440615546,0.01791913363013606,0.03268086437099639,0.020380455470076005,0.018340198239236948,34,0,0,0,2.062731244984795,0.15600791898780764,4.655661554897533,0.4076824956991516,1.7275130608502556,0.17842559839594352,0.48985653791069816
35.0,40.0,-80.0,-70.0,52,31,0.5961538461538461,measured,76,0.0095,0.6530160918122246,0.08472743448415995,0.3799198016916451,0.15854366300999143,0.11179192860921223,0.1743716285342262,0.13630675418036325,0.17605620876435563,0.11368263602876844,0.07880038987872037,0.5279730615161714,0.11415533224741618,0.07603077093760173,0.07936777244098842,0.14789960360854687,0.08018335787756442,0.14765998553741905,0.07316716805929122,0.038906859880990075,0.22744585237984888,0.09728529711681365,0.07063037728625461,76,0,0,0,2.0436703186286125,0.17517913947856842,4.655181006381386,0.5185624814862074,1.7235085164245807,0.24316426083234893,0.765103902090102
35.0,40.0,-70.0,-60.0,71,26,0.36619718309859156,measured,107,0.013375,0.5897608664300706,0.16538025487114166,0.36656075757797635,0.1526242533422729,0.1121517817179362,0.2130507575141059,0.1549639145533244,0.20569164768487552,0.13008435353873973,0.05435288552878848,0.6392127884758844,0.12429431544409858,0.13011878331502277,0.08859137060005244,0.1440895612471734,0.08138990552973335,0.12795020980942975,0.1047694176363162,0.05037928935422969,0.29337754782366793,0.060091193892299194,0.0732297915429447,107,0,0,0,2.058617669845296,0.19878287634298436,4.7670412375548175,0.681798413025147,1.788400081830604,0.3164470707689694,0.9752673366900592
35.0,40.0,-60.0,-50.0,71,30,0.4225352112676056,measured,131,0.016375,0.49348702336229927,0.16738362287607875,0.35770464057230766,0.15025842524821378,0.14761622359112994,0.3191840939405488,0.1330531326735892,0.3221635391326428,0.16180932100858683,0.09090538344751421,0.5537167118816841,0.1295847369403374,0.17840482258215185,0.12957021216316944,0.18474620667498146,0.08673531908908018,0.17818557530033063,0.1134325107538387,0.07728507271455032,0.3324040807390515,0.06840735714410383,0.10176555613039895,131,0,0,0,2.050515543413526,0.16850212895781794,4.732677983873673,0.545227810193484,1.7587511530359283,0.2409419885848268,0.9798988058356134
35.0,40.0,-50.0,-40.0,39,30,0.7692307692307693,measured,91,0.011375,0.411629330780771,0.1570191948208932,0.3698608446252215,0.14733366322703603,0.1738950941297743,0.42844539218478733,0.17521613836288452,0.3439690384357243,0.31203270552827433,0.08101483827663793,0.40600188573201496,0.11813249852922228,0.09240126609802246,0.09552992485447438,0.2692146998477453,0.10398642263502365,0.2592485961016814,0.1118862623435432,0.08698140279718436,0.2987012224076526,0.10700678001851507,0.07467375376237992,91,0,0,0,2.050957660098652,0.22790700085714452,4.685501847948347,0.6289943637067524,1.7671488195985228,0.3233924122171383,1.130260168466563
35.0,40.0,-40.0,-30.0,53,45,0.8490566037735849,measured,151,0.018875,0.409657247364521,0.12476376995879865,0.37398425800516116,0.14751705407425283,0.10659956932067871,0.21865558624267578,0.22335082292556763,0.18115058867164066,0.14047925463965805,0.05180692672729492,0.5165583491325378,0.2340238243341446,0.19278523325920105,0.04950732805085448,0.11819897359211072,0.11194966307585626,0.09685914342903285,0.1168933532646063,0.05156951568578612,0.4667020145004856,0.10586059979228124,0.11470134144391342,151,0,0,0,2.032910913821088,0.16518033932087145,4.601439384435186,0.425936797561928,1.7620121903766859,0.22370132177689395,1.0366130949822077
35.0,40.0,-30.0,-20.0,32,24,0.75,measured,118,0.01475,0.5314081236720085,0.10040028957160058,0.36545426385887597,0.1397038964420375,0.2584524154663086,0.07576024532318115,0.05471593886613846,0.23594774940925833,0.10392344447570968,0.05211687088012695,0.14523297548294067,0.0999343991279602,0.037912145256996155,0.22468473698782196,0.04899089010381739,0.04200280531395423,0.23053962782867027,0.07616207335595038,0.03267697164333587,0.055105053396433526,0.058554516345196164,0.02964401071954447,118,0,0,0,2.049350451614897,0.2158361736138662,4.7229942467253085,0.8531038732306852,1.8029484991299904,0.33283403400311995,0.8898197931681014
35.0,40.0,-20.0,-10.0,56,51,0.9107142857142857,measured,144,0.018,0.43178560137748717,0.16436337851783833,0.3330472228634689,0.12663175591158246,0.16016159057617188,0.38039159774780273,0.12082220315933227,0.2463587017817228,0.34776610279578385,0.08146776040289723,0.247625732421875,0.13853726387023926,0.04569032192230225,0.11376719599279488,0.4291284491178464,0.04369462951555766,0.22310556921349525,0.36882751557868526,0.0642939330546471,0.03744541607386738,0.05447294213569927,0.026604653821284786,144,0,0,0,2.0844027515914707,0.2321632548174128,4.889601098166572,0.8615225125008016,1.8676258242792554,0.36420927891472876,0.8703075036653963
35.0,40.0,-10.0,0.0,226,118,0.5221238938053098,measured,565,0.070625,0.5073184342020087,0.12029148251905174,0.5145614174087491,0.2019572194824087,0.22435177697075737,0.12730226303554243,0.12627136762495395,0.2241852523491024,0.12466820026444864,0.0737382687276059,0.3441846723909731,0.09149370811603687,0.13997092401539837,0.19706056107509093,0.0833737912107674,0.09592199316605658,0.19786302330173142,0.08586428988749788,0.05393252015849538,0.2802394349477399,0.06742033297803184,0.08265922021379926,565,0,0,0,2.007806303648822,0.2405601670337598,4.85166956217943,1.741142303968731,1.7682033329938365,0.3986418170753609,0.25411899668965066
35.0,40.0,0.0,10.0,312,214,0.6858974358974359,measured,747,0.093375,0.5332600386167059,0.15522252395644465,0.41612064990014275,0.14892977674638486,0.2533886967873087,0.16860245099785376,0.10712373013399085,0.2582880999541299,0.15805708922179781,0.06673170236696252,0.5305476942840888,0.09145361306715985,0.27811609238994367,0.17405753856429051,0.10913043181592348,0.09694786223711059,0.17737115389949853,0.10808692684419427,0.05049395775554869,0.341484115301722,0.07142741145748337,0.193601864698537,747,0,0,0,2.249654308859124,0.3823168100922542,5.523604623444747,1.696183594226533,2.171997873658636,0.6257168140172629,0.2550611631109875
35.0,40.0,10.0,20.0,288,127,0.4409722222222222,measured,594,0.07425,0.5085821866248705,0.16641229465579194,0.5142526585696522,0.19695700570364558,0.21043419689865586,0.14637574794129554,0.13176319465874145,0.21118180292330446,0.14573330626032227,0.070829699392772,0.2489505258406171,0.12661427370509745,0.14590338742510872,0.2058151865920201,0.11600026705003273,0.09708398964655567,0.20376893900248053,0.11902366510759099,0.06322666328072514,0.2710931163031195,0.0984641363807081,0.0848884538715228,594,0,0,0,1.95235402234877,0.129009147062858,4.615651618752014,1.0569652653201578,1.6931290399747263,0.226530285722778,0.3139355570770181
35.0,40.0,20.0,30.0,140,75,0.5357142857142857,measured,295,0.036875,0.5293244150968698,0.12064337015180061,0.4090184005135197,0.13612492937660506,0.16703863877516525,0.14857694185697115,0.1305803528198829,0.17257247537616577,0.13757798708243454,0.037317649779993134,0.25359263786902797,0.3257018657831045,0.2805514977528499,0.09729553115502962,0.09782508225811631,0.0882954498111485,0.08238321504229935,0.11626360431862957,0.028485752243550603,0.16147460742184863,0.2193332195650578,0.15039292720884087,295,0,0,0,2.0102024955264595,0.16014595978958976,4.7855085332514875,1.2314210690973342,1.7402796834202137,0.26150258198689746,1.0825402098647205
35.0,40.0,30.0,40.0,78,50,0.6410256410256411,measured,250,0.03125,0.6285137480923108,0.11650777199656008,0.462453208386898,0.15298505408645427,0.2473632267543248,0.10828869683401925,0.08347481914928981,0.23797833224432832,0.12943565328627704,0.0795767038615224,0.2626919576099941,0.1006982752255031,0.13526844126837595,0.18951623334338383,0.09749101446601077,0.04934128300889101,0.18160361693565427,0.10940182709191089,0.04420127832368948,0.19215154754613908,0.08780406295082169,0.10646778832903026,250,0,0,0,2.021524496078491,0.18864136486869743,4.873446705818176,1.485982497772526,1.7415340461730957,0.2865272829847466,0.6847913810043967
35.0,40.0,40.0,50.0,128,86,0.671875,measured,240,0.03,0.5947505746568952,0.10854313488891776,0.39943283336857954,0.17339499572022973,0.1484950383504232,0.19512108394077846,0.10614461983953204,0.20434824462137482,0.15892004945763763,0.0962876066424381,0.22426856131780715,0.20070858228774296,0.16422495671680995,0.1576347618553963,0.16464324284067733,0.08382978244541286,0.1749517089131126,0.1202382706135861,0.0717253894341008,0.15261241904840855,0.09672857129118602,0.1362813731694584,240,0,0,0,2.070610641936461,0.23425586842179816,5.008628729979197,1.4579833653150718,1.852554045120875,0.41635459433864813,0.7201355770966191
35.0,40.0,50.0,60.0,142,79,0.5563380281690141,measured,151,0.018875,0.5521581712223235,0.1367794520374178,0.40313568099445063,0.15176331863412165,0.14357830229259672,0.30632600330171134,0.07230660650465223,0.2786905900644359,0.16583145765284685,0.05789313669616468,0.18209601962377156,0.10583195989094084,0.08650381602938213,0.09428488488085143,0.21008279381428074,0.06974280856076236,0.20544954063298895,0.14176296370278021,0.04968730646445282,0.14005761948754253,0.06571251200521253,0.05947959765394458,151,0,0,0,2.008434729070853,0.1923729957739955,4.634426397993075,0.7680285738432252,1.726850340697939,0.2834511976798009,1.0904159245275589
35.0,40.0,60.0,70.0,137,66,0.48175182481751827,measured,157,0.019625,0.5232643096799582,0.1378575888038947,0.40878588729982923,0.15252378508536935,0.13084524450167803,0.26055921635157625,0.12405347572246068,0.2569826576490732,0.1509709511077525,0.05199877304338605,0.17276913683179398,0.13519043989584478,0.09188610231372672,0.1070773286501136,0.17437240379419486,0.09933305302882407,0.1594159612670358,0.11241489951429193,0.048216319885295233,0.16538168183086133,0.11785222647387533,0.09430611628418575,157,0,0,0,2.020405571172192,0.1636931584003691,4.682596312966316,0.700390193137708,1.7325622238171328,0.2455665791217128,1.050155204286159
35.0,40.0,70.0,80.0,184,103,0.5597826086956522,measured,122,0.01525,0.36199999996173526,0.10520983509451233,0.4877345818476599,0.15753493090789097,0.12582985560099283,0.16055246047031732,0.15135649177763197,0.14199783224992335,0.14193107878067251,0.057746454874349575,0.19604854819215375,0.11781830699355514,0.30408581539436624,0.09928279961100026,0.1107879368618983,0.06831207118913493,0.11883042562596478,0.09650285402195476,0.032607279050479825,0.16645688061785738,0.05395738237213314,0.10934805810427767,122,0,0,0,1.9816195583734355,0.1424363052813682,4.577811612457525,0.37892883195693056,1.6904521604053309,0.18377756458197925,0.7990006496217308
35.0,40.0,80.0,90.0,71,54,0.7605633802816901,measured,73,0.009125,0.42584052331307354,0.12976040756559337,0.3513996707249994,0.10319582747198006,0.10953041494769208,0.3133028815774357,0.14294752653907328,0.314332047855129,0.1071133308199611,0.0674938201913595,0.2730809520272648,0.12551761374754064,0.15439201803768382,0.08879603896901724,0.10596253541677747,0.09598764723018359,0.10652763783343443,0.08742061130740525,0.043278783445037605,0.1841609356711795,0.03424360619397645,0.10654153265322043,73,0,0,0,2.0559192242687696,0.163689709102274,4.715515332679226,0.4306006070172259,1.8018445772667453,0.2332465859306385,1.1862158139312788
35.0,40.0,90.0,100.0,70,60,0.8571428571428571,measured,59,0.007375,0.4045635908842087,0.12127107831695956,0.33866533788584047,0.09679825283465272,0.13915408849716188,0.20753898620605468,0.16558707356452942,0.21427421570538524,0.1342743764334589,0.09779815038097936,0.2221997022628784,0.08525221347808838,0.14633911848068237,0.07658405756940864,0.12307569624691644,0.08316172357638096,0.11840062031632588,0.07407618677637044,0.035500853856927174,0.19082966367764595,0.12150835943490618,0.062015097989531504,59,0,0,0,2.026181926161556,0.21407593339276823,4.671327178761111,0.7169784378578624,1.7748490713410459,0.295250349387816,1.0318721019021568
35.0,40.0,100.0,110.0,76,46,0.6052631578947368,measured,72,0.009,0.5142051329215368,0.13019293026156023,0.32833990330497426,0.09745905709428647,0.13766997655232746,0.18285306294759116,0.09508163531621297,0.16311458068472104,0.16115739075173874,0.05538111262807384,0.3357576052347819,0.1278814673423767,0.17133723894755046,0.10170690391129471,0.08916670178400887,0.0705112788770298,0.08736844666791065,0.10233251479597928,0.057122254894173254,0.21683247733132513,0.1439131541692947,0.09095235393812588,72,0,0,0,2.018961222635375,0.18714080117712478,4.659495413303375,0.7372495101201602,1.7474721140331693,0.26201660220123885,1.1364739924528187
35.0,40.0,110.0,120.0,103,56,0.5436893203883495,measured,102,0.01275,0.5629844877948152,0.15237244845115303,0.3960094684187104,0.17249850102816242,0.12562299281992811,0.20643140914592337,0.11371058986542072,0.17816829264355943,0.15553388435024143,0.05632415466669478,0.2867813617625135,0.1328978589240541,0.12072817061809783,0.09040028609445211,0.15456328194080907,0.07216215102472068,0.15616517715680514,0.10067169719572867,0.0555023461577335,0.2223376134544499,0.15604565910930607,0.09442030542185406,102,0,0,0,2.0483855161012388,0.18578245206016575,4.777910307341931,0.769496145115522,1.7849485009324317,0.2635147276451641,1.205551047742417
35.0,40.0,120.0,130.0,320,179,0.559375,measured,250,0.03125,0.44726505135813505,0.12785538857184583,0.47974549877643585,0.15281600204528759,0.17123592998964568,0.36795180570994707,0.11187493378388966,0.24540419794482235,0.32608909667731384,0.09346594374007992,0.11441725872932597,0.17955352904948782,0.18434312664870675,0.09783320929977392,0.20737306144246814,0.07968624982313371,0.14059148504569371,0.1759599769561901,0.08210374995860761,0.1358846518775423,0.10143088357281436,0.11321306410112617,250,0,0,0,1.9587560515403748,0.15718770675225413,4.455781081199646,0.5953464213886551,1.68549351978302,0.2602779897519465,1.4390256154042058
35.0,40.0,130.0,140.0,218,145,0.6651376146788991,measured,155,0.019375,0.5469472885948338,0.153747927331404,0.43736844687692583,0.1792007569614921,0.15033131429593857,0.14585176232742936,0.11468250784155441,0.15411633403419991,0.15453692887404052,0.05706686071858226,0.19743724065284207,0.15304097247450318,0.13144835054057918,0.17025571632615402,0.14587627485091234,0.07801850945499841,0.13999399125187428,0.1640344864639163,0.050113471814357255,0.12582473918427592,0.07671870698812132,0.07539530605462647,155,0,0,0,2.067084425495517,0.20680011001123885,4.787934881641019,0.7473900431436081,1.816137884509179,0.33307363039098264,1.1368694121295144
35.0,40.0,140.0,150.0,207,98,0.47342995169082125,measured,277,0.034625,0.6020904309159025,0.13856755003111262,0.5002990654444436,0.17459044532114965,0.1476774478177412,0.12837294482309883,0.09557860269459016,0.1398931798245271,0.13713102250714476,0.08366316066889941,0.22124530197283543,0.1022495906287377,0.08078032021128803,0.11490454160404333,0.10368763361156891,0.08422166235041044,0.10725777886381929,0.11118979440418919,0.08891633645361198,0.12044055043297502,0.06798386042528341,0.07762255176436277,277,0,0,0,1.9903786982870275,0.13399119078689606,4.611444737506687,0.42973681082465404,1.706284885802424,0.22786368959366085,1.0481024126937932
35.0,40.0,150.0,160.0,224,139,0.6205357142857143,measured,352,0.044,0.5439890125218559,0.17017328784312472,0.48992789680646226,0.20728293167393103,0.17017752703498393,0.1404900831334731,0.1353880573721493,0.15816888297942958,0.15509340698043322,0.05952881770637449,0.2009215186623966,0.16007543451645795,0.11098530432757209,0.16243110297246932,0.09954802114085531,0.09454506064926708,0.14708028353498404,0.11953056368986095,0.05497136695527585,0.18302815882077633,0.10674882085171594,0.0796394521373951,352,0,0,0,2.0486878092316063,0.1978165887613877,4.806942601095546,1.01800193653241,1.8146793205629697,0.32942247583184203,0.9529243507306319
35.0,40.0,160.0,170.0,371,196,0.5283018867924528,measured,307,0.038375,0.6768511131831578,0.1302003911470277,0.6268353717529036,0.16986420531503824,0.24784242902483258,0.09024931226457868,0.12835164376667568,0.23512660612599315,0.12411055652426686,0.04152427427299082,0.2684404536655971,0.12054431642804828,0.09327741691044399,0.2560790418473129,0.06624032186662988,0.09513921160393815,0.24293532951209004,0.0991440287125369,0.039852618829837545,0.2444791468584637,0.10203948822609298,0.09518319623195752,307,0,0,0,1.966830176716907,0.13472420884622302,4.793078636890126,1.314098395882671,1.7123448938034256,0.20161035585749124,0.2688369512786494
35.0,40.0,170.0,180.0,763,283,0.3709043250327654,measured,418,0.05225,0.6758264951097469,0.12945713089637012,0.6434824566521713,0.17740239479085626,0.2119332472483317,0.0919474206661107,0.13710460600753624,0.2108982658294326,0.09443521460153294,0.043515906347302756,0.2747466966509819,0.11376201510429382,0.10441016182303428,0.18851849485036937,0.06556181527243549,0.09749450274456306,0.18803496229768074,0.0667410566731529,0.04110387143244712,0.24345484965398206,0.10640910514118879,0.09150157883854189,418,0,0,0,2.003760147608068,0.21849616323130486,4.9161991981798385,2.6733309679582176,1.8024188191696788,0.3637597614537574,0.10279949094817509
40.0,45.0,-180.0,-170.0,1040,511,0.4913461538461538,measured,678,0.08475,0.6123525896628998,0.1254467862627923,0.5758252604960692,0.19851890548605433,0.24025389557750104,0.10735289790246826,0.14355696802553924,0.2394945822773051,0.11056402568932527,0.06763458149857272,0.3739902035725815,0.11337957242486157,0.1600991638486462,0.18012270072489697,0.09285518673004133,0.10395073092495832,0.17877853165087068,0.0936430987914868,0.054868777194641435,0.29706004087254867,0.0945829233232907,0.12988585691223611,678,0,0,0,1.9744629603219948,0.14458288616053347,4.5459452231021755,0.8528883025048809,1.7395426908777174,0.2226930725531738,0.2585244834624349
40.0,45.0,-170.0,-160.0,209,121,0.5789473684210527,measured,182,0.02275,0.6191161335869269,0.14194357234199817,0.394353598683745,0.1535522175943963,0.19093374772505325,0.09234200824390758,0.1035507009787993,0.18931894339615193,0.10234699754371399,0.049224945438634087,0.2334541380405426,0.12096178531646729,0.1430112204768441,0.15153145572118762,0.12191709396972991,0.08262770468955262,0.14684611942196973,0.12217998755000183,0.04409322265914235,0.19859978216493426,0.0845467259187977,0.0980689687999251,182,0,0,0,2.1044132008657352,0.27508108024100386,5.61807541008834,3.154480369042113,1.8618840830666679,0.463992948696197,0.6999481245742392
40.0,45.0,-160.0,-150.0,80,53,0.6625,measured,150,0.01875,0.46316152148776585,0.12789221739349574,0.36937096595764163,0.147376521687971,0.13105293556495948,0.18533784371835213,0.1915461641770822,0.13181843388432635,0.18422417082268347,0.045573624243684156,0.39337892885561343,0.12612188745428016,0.10649232511167173,0.10738304804288128,0.11615670203113361,0.08411403905802468,0.09350501451264374,0.1284159425541064,0.034807493562363324,0.26946209156808276,0.06667941078024613,0.13086153674727719,150,0,0,0,2.0301719292004905,0.19512399264079366,4.610187975565593,0.6375900464259422,1.7301647369066875,0.26293078079403825,0.8456295974003046
40.0,45.0,-150.0,-140.0,55,40,0.7272727272727273,measured,267,0.033375,0.5014273365338643,0.11556898369609578,0.3522574645414781,0.1142085784955983,0.08735097249348958,0.16147295633951822,0.15060414075851442,0.11618678811664859,0.1231362404136564,0.06950343502822136,0.3929603576660156,0.1261953353881836,0.1747338056564331,0.09614477081902534,0.0859213971450865,0.10883443528800925,0.11101411376190073,0.09666423628920826,0.04966677982905351,0.32210971992345055,0.056056993908912923,0.059936860890438495,267,0,0,0,1.9814410669526803,0.10675202390049862,4.482802957184752,0.2781748189935791,1.7078128812018405,0.13414818585080684,0.6903040074869159
40.0,45.0,-140.0,-130.0,57,37,0.6491228070175439,measured,311,0.038875,0.5161708012223244,0.1487923354651378,0.3858914565522571,0.08363476958325389,0.1473756790161133,0.23417606353759765,0.18812035918235778,0.2186597144962606,0.148460413408267,0.04860832691192627,0.35565614700317383,0.10259991884231567,0.09035333395004272,0.09741076704580964,0.11648207218942062,0.10118438083867305,0.13370824774580725,0.10901600602308774,0.040719056949743114,0.24188499572409378,0.059254565401810594,0.07484824328687564,311,0,0,0,2.067329803080421,0.10305820487319338,4.608699284949103,0.30893343158651354,1.763477728297856,0.1358111581455012,0.6439583494290735
40.0,45.0,-130.0,-120.0,121,98,0.8099173553719008,measured,192,0.024,0.470620132010916,0.13514636567696195,0.49416419793851674,0.2040704425242806,0.15119287242060123,0.36659381700598676,0.16316681841145392,0.315771945878545,0.28878626124660445,0.05964818268674074,0.3082233822864035,0.072815319766169,0.12654110659723697,0.14174713067344238,0.2234762731301631,0.08523294083566772,0.16860128092034557,0.1254925759852598,0.06818883905963374,0.17546729702744784,0.0559147030790403,0.08110589936351321,192,0,0,0,1.9813646438221137,0.14673970936297034,4.5863078733285265,0.4448521591936904,1.71855437134703,0.2591704740753446,0.6468014556011117
40.0,45.0,-120.0,-110.0,53,43,0.8113207547169812,measured,50,0.00625,0.5069459974765778,0.11831529511128781,0.39511876106262206,0.16078888118435475,0.10178203582763672,0.2500438690185547,0.0850890815258026,0.26057851432004553,0.12516992624643666,0.045274290244048034,0.30178442001342776,0.03975386619567871,0.09786297082901001,0.08648073873759968,0.21526479899565204,0.06729572009896218,0.17122606898120138,0.11752587736192485,0.040208256352221805,0.20174579751032062,0.05584786147881713,0.11202763747906705,50,0,0,0,2.0148125290870667,0.1474964994950801,4.563842363357544,0.4026642425549058,1.7206936573982239,0.1578771640318345,0.7632704206614506
40.0,45.0,-110.0,-100.0,69,69,1.0,measured,4,0.0005,,,0.4527035057544708,0.08685589181273329,,,,,,,,,,,,,,,,,,,4,0,0,0,1.969126284122467,0.04480081809472925,4.46872341632843,0.15020740862946066,1.644324004650116,0.04260852371023241,0.3168750001402775
40.0,45.0,-100.0,-90.0,51,51,1.0,measured,0,0.0,,,,,,,,,,,,,,,,,,,,,,,0,0,0,0,0.0,0.0,0.0,0.0,0.0,0.0,0.7853981633974483
40.0,45.0,-90.0,-80.0,50,50,1.0,measured,0,0.0,,,,,,,,,,,,,,,,,,,,,,,0,0,0,0,0.0,0.0,0.0,0.0,0.0,0.0,0.7853981633974483
40.0,45.0,-80.0,-70.0,71,71,1.0,measured,0,0.0,,,,,,,,,,,,,,,,,,,,,,,0,0,0,0,0.0,0.0,0.0,0.0,0.0,0.0,0.7853981633974483
40.0,45.0,-70.0,-60.0,58,55,0.9482758620689655,measured,28,0.0035,0.46123433113098145,0.0630491774171528,0.39844550245574545,0.14490378530648654,0.07584381103515625,0.26506932576497394,0.310860276222229,0.2444739013685134,0.10753448945243642,0.06861591339111328,0.3764944076538086,0.0156095822652181,0.0186307430267334,0.05133037285025501,0.06300099595797128,0.07066570028546794,0.09476662223502473,0.04802183087412678,0.026956578628369914,0.005370325565606542,0.0018004111352588716,0.013318296904227245,28,0,0,0,2.0154952875205447,0.17029425227581083,4.557657241821289,0.47906085498335943,1.696982856307711,0.18363771336418097,1.1098815981335413
40.0,45.0,-60.0,-50.0,99,57,0.5757575757575758,measured,106,0.01325,0.5373660460824058,0.1504308923837311,0.3492272081521322,0.1209628590611593,0.13904821305047899,0.20082941509428479,0.18395107274963743,0.21035180416479665,0.12823217313178234,0.08632801311749105,0.3625476984750657,0.2142136948449271,0.236072838306427,0.09217417657663426,0.19170561642002315,0.09352763033763982,0.17045821996205693,0.12315277187334508,0.06777344068083942,0.15219652377130055,0.10074442878765974,0.11588553294047792,106,0,0,0,2.05799730093974,0.1561976926729875,4.705849148192495,0.5685435266714528,1.7837637224287357,0.2703379467646782,1.0408485677772061
40.0,45.0,-50.0,-40.0,44,39,0.8863636363636364,measured,135,0.016875,0.5809568166732788,0.09110097202876474,0.38447852576220476,0.15336208533200305,0.21230545043945312,0.09007797241210938,0.24983935356140136,0.19079754883651476,0.10491610892804779,0.10879850347889501,0.36217570304870605,0.14319543838500975,0.11769137382507325,0.17721224212499187,0.08999751022004765,0.16606699195609104,0.20812669702299316,0.04431206874684489,0.11723327449267675,0.11629125287558623,0.08216816169319427,0.07210426687247615,135,0,0,0,2.042439399825202,0.17424730887472836,4.661752983375832,0.5322042242139321,1.783704071574741,0.2748889813971315,1.0607894636472677
40.0,45.0,-40.0,-30.0,45,42,0.9333333333333333,measured,149,0.018625,0.4095113277435303,0.10089162180707212,0.3764554631190012,0.1516189731229473,0.18824259440104166,0.5101839701334635,0.13475002845128378,0.35986997348570204,0.36982030684175937,0.22767464319864908,0.3532228469848633,0.00422505537668864,0.043131073315938316,0.053903235955525056,0.0755202259587047,0.036299452368757805,0.11799469896166857,0.1553564126488537,0.11175130537137548,0.035486205591900244,0.0006497873322769146,0.011221608166159346,149,0,0,0,2.0361288849939436,0.11605328091898226,4.590241236974729,0.3499601390938741,1.7758847211031306,0.18858488464987985,1.086108693298311
40.0,45.0,-30.0,-20.0,51,48,0.9411764705882353,measured,134,0.01675,0.5795646806557974,0.07650939345224284,0.34645638781697,0.14491090698779188,0.07871627807617188,0.07994778951009114,0.07633757591247559,0.1013765122589556,0.051127909817051016,0.0625083049138387,0.11285034815470378,0.1233752965927124,0.08166662851969402,0.017488776562350077,0.07777171241184536,0.01889084851317995,0.03788122577795947,0.06794078577954651,0.0011457226269736584,0.05697187058999508,0.014950543775879847,0.03799334571775064,134,0,0,0,2.0206830581622337,0.18355924994086714,4.638041382405295,0.547056864919943,1.7595758598242233,0.2775279997220867,0.9948412619068842
40.0,45.0,-20.0,-10.0,37,31,0.8378378378378378,measured,304,0.038,0.3750759959220886,0.04473273242376109,0.3173773950456004,0.10731428206016887,0.288238525390625,0.1703624725341797,0.16190802057584128,0.29659073891757637,0.11773292179520868,0.03979348856955767,0.2356119155883789,0.05004610617955526,0.06028972069422404,0.19874331773650314,0.03392133865404097,0.11096605685123148,0.2014710469933761,0.10166952869762932,0.01975010761916855,0.14240183742637538,0.05089099978508948,0.024119759735913578,304,0,0,0,2.0128811319407665,0.09771476270182722,4.6094970718810435,0.3359229313429574,1.772150111041571,0.18553099995727018,0.8692104481152665
40.0,45.0,-10.0,0.0,178,112,0.6292134831460674,measured,687,0.085875,0.4811379094467019,0.11341965353288742,0.5167157980118603,0.20110682296581192,0.29663386489405774,0.1096733934951551,0.15134725697112805,0.29471998131492955,0.11236869853324732,0.0484534607173621,0.5274438207799738,0.06478251832904237,0.1945172313487891,0.2243291903782404,0.10196465199749673,0.10508903650242028,0.22470337901710538,0.10374043867954066,0.02654007702411282,0.37035085217127767,0.059003651063461886,0.14981650201857746,687,0,0,0,1.9763058998352228,0.16678574008985142,4.590329602295655,0.4745573868483837,1.7030726610486338,0.2473816271372305,0.3914419952075857
40.0,45.0,0.0,10.0,323,221,0.6842105263157895,measured,966,0.12075,0.5028386170081064,0.1427565362004957,0.422026809667455,0.16006389647672378,0.24652439940209483,0.14829258240905463,0.09354062407624487,0.25059268093905934,0.1420618555149756,0.06760436380721455,0.5500312435860727,0.0801597985566831,0.20729139973135555,0.1763794212896097,0.09974450199799535,0.06885678856128497,0.17853021310862213,0.09472241501462332,0.04714504524018792,0.38985473810193866,0.07080202769240396,0.18566032894341739,966,0,0,0,2.1797664629499858,0.3981797909872077,5.308335971634827,1.6540971168302856,2.056169823336552,0.641427284914147,0.29269227107377466
40.0,45.0,10.0,20.0,201,130,0.6467661691542289,measured,729,0.091125,0.5098719726985609,0.13832565206545056,0.46850647044525223,0.1929021075351059,0.2218194880955656,0.1296106325068944,0.15092541550246763,0.21975962354024486,0.13110322362038224,0.06708032840707766,0.32628343810497873,0.1415283461691628,0.1387985071665804,0.21115775221496386,0.12153384264000194,0.12453135617686265,0.21030765746021723,0.1250968201695257,0.04703628600174751,0.3671797866115056,0.09471806793178661,0.07342110637770623,729,0,0,0,1.9675138259947873,0.11905174032383137,4.574931595387609,0.49181147648631834,1.6990424932602828,0.1957371310509382,0.6610857633017287
40.0,45.0,20.0,30.0,105,70,0.6666666666666666,measured,323,0.040375,0.5818031127963748,0.13700904837070044,0.41896873325017214,0.14385254287933638,0.27517591203962055,0.20556678771972656,0.09480911493301392,0.2848580542892815,0.21411492864926596,0.04543749836699941,0.36017510550362725,0.13256846836635044,0.16814892973218645,0.17515764540103326,0.27200200251271844,0.05995360915346314,0.15326848625750572,0.26863401543733134,0.035240232213740064,0.3074218489452216,0.13228278771180588,0.14758956690965588,323,0,0,0,2.058458732377634,0.20469687510041099,4.900009989369395,1.334639069712712,1.8048420354677797,0.3104787432732561,0.9158315606381726
40.0,45.0,30.0,40.0,110,87,0.7909090909090909,measured,333,0.041625,0.5845125654469365,0.07575069049923625,0.4391412946644488,0.1762184686185499,0.16496160755986752,0.3082338416058084,0.0879701194555863,0.2398280108505472,0.29163429599989626,0.06968814328744359,0.18097176759139352,0.12107505487359088,0.17126323347506317,0.10633869784717352,0.37454799602194727,0.06299714983715124,0.22065964663819035,0.2873253139166876,0.04392433313633729,0.1726683511289575,0.09542566533490947,0.12982339735133858,333,0,0,0,2.059171797276975,0.17689934812530647,4.839105855237256,0.8476032432129981,1.8104979941794823,0.30887221034126344,0.6801512162600123
40.0,45.0,40.0,50.0,101,65,0.6435643564356436,measured,258,0.03225,0.4999455238382022,0.14621652446270242,0.3502058716014374,0.14001290910374897,0.188172976175944,0.2788698938157823,0.0699211061000824,0.22566095831297783,0.25324012846681765,0.07975694202539933,0.360709720187717,0.15157175064086914,0.12440496683120728,0.12761692521739948,0.19100356621559803,0.049605526996595026,0.14992293704382006,0.16856930540371431,0.07354191526495728,0.23326729278003863,0.1377283122739026,0.08492406040534085,258,0,0,0,2.1001530862593834,0.2002146217688523,4.822594925414684,0.7045812339922191,1.852943870448327,0.2740554186897581,0.867552676818078
40.0,45.0,50.0,60.0,109,76,0.6972477064220184,measured,320,0.04,0.45100521138220123,0.12631356330254329,0.3923008258920163,0.1260324095575462,0.15755133195356888,0.19247107072310013,0.10915201541149255,0.19314907930050332,0.13947773839812833,0.06288751339655621,0.30477980411413946,0.1352911428971724,0.16759256521860758,0.12076157940333913,0.10469144819560919,0.07985324211257049,0.13673952625548838,0.10932926994661094,0.04078491161818888,0.20240339763440748,0.10536532080168716,0.12781596989134464,320,0,0,0,1.9915598411113025,0.15652276185756314,4.547705232352018,0.556707051911305,1.7009319301694632,0.19169830722487133,0.8568499175376685
40.0,45.0,60.0,70.0,160,147,0.91875,measured,133,0.016625,0.4549446896864818,0.14897867637064474,0.4607148118933341,0.1290871905417726,0.1524488008939303,0.18077997060922477,0.11529067846444938,0.18907968356828317,0.14913493385876447,0.1306858888039222,0.24637269973754883,0.22751434032733625,0.19446538044856146,0.12127501669031143,0.1546721218009422,0.06628906263777573,0.1306962461909123,0.1395681396285502,0.07740349579148241,0.27705120529434346,0.13566491472154618,0.04307942785921224,133,0,0,0,1.9942810087275684,0.09150620849132679,4.527441150263736,0.25670626569785016,1.6370208621921396,0.14212206116877135,0.6780088650875322
40.0,45.0,70.0,80.0,86,86,1.0,measured,0,0.0,,,,,,,,,,,,,,,,,,,,,,,0,0,0,0,0.0,0.0,0.0,0.0,0.0,0.0,0.7853981633974483
40.0,45.0,80.0,90.0,77,77,1.0,measured,0,0.0,,,,,,,,,,,,,,,,,,,,,,,0,0,0,0,0.0,0.0,0.0,0.0,0.0,0.0,0.7853981633974483
40.0,45.0,90.0,100.0,59,59,1.0,measured,0,0.0,,,,,,,,,,,,,,,,,,,,,,,0,0,0,0,0.0,0.0,0.0,0.0,0.0,0.0,0.7853981633974483
40.0,45.0,100.0,110.0,50,49,0.98,measured,0,0.0,0.5382189750671387,,,,0.5268230438232422,0.07899856567382812,0.04446887969970703,0.09727628216098705,0.5237562580157338,0.054045060771056086,0.4545149803161621,0.05762946605682373,0.12540483474731445,,,,,,,,,,0,0,0,0,0.0,0.0,0.0,0.0,0.0,0.0,0.7853981633974483
40.0,45.0,110.0,120.0,94,80,0.851063829787234,measured,63,0.007875,0.6295919993094036,0.1208220491310825,0.3999157770285531,0.12800930310680458,0.21148783820016043,0.1450775691441127,0.13211240087236678,0.055943994499792545,0.24768577138221182,0.04490837947934497,0.23171959604535783,0.0852377074105399,0.1354179552623204,0.12632626856419862,0.05416852586780352,0.12306585784971931,0.044569454205186196,0.13491758219537098,0.02828563607598548,0.13639504997723767,0.08665644379757133,0.07557330494210951,63,0,0,0,2.1116724317035978,0.22139738135764198,4.923930720677451,0.7785210203925369,1.956626226031591,0.36631155791690556,1.0741821426174716
40.0,45.0,120.0,130.0,83,58,0.6987951807228916,measured,251,0.031375,0.46131352066993714,0.15984712070765775,0.3419556928820819,0.1220984599384839,0.12782302856445313,0.144918212890625,0.14309146642684936,0.09035875874724568,0.1625913927725522,0.060121993203852496,0.18201520919799805,0.13208138942718506,0.10332799434661866,0.12191017910153325,0.10331645413186555,0.11064100720132747,0.10740941079007624,0.12937908915052185,0.03990650597819111,0.17471136039396534,0.07842786278706942,0.08029867069595305,251,0,0,0,2.0974133503864487,0.17701754995916422,4.7908117438692495,0.5656631994034076,1.8155391990426053,0.2709134191046699,1.2350927676825516
40.0,45.0,130.0,140.0,125,96,0.768,measured,212,0.0265,0.508464447897056,0.16458449961001065,0.46398699564753837,0.19276410545987924,0.1570838402057516,0.14396036082300648,0.12178081685099108,0.1382159392318677,0.1545617826617854,0.08656951668636909,0.17521545804780106,0.14889044597231108,0.10277873483197443,0.11461721655948254,0.1252120072946801,0.076918858626453,0.11375626730580218,0.1352094396704506,0.0778545248237715,0.10359964167811544,0.07557098346042226,0.06308801152728451,212,0,0,0,1.9628627603908755,0.14804041887641214,4.450762800450595,0.4806562049999795,1.6727696555965352,0.18228975727897292,1.401830380108697
40.0,45.0,140.0,150.0,163,96,0.588957055214724,measured,214,0.02675,0.5316025387884965,0.16086014897775386,0.44893652012693547,0.17050449869922482,0.12642806323606576,0.16246286079065123,0.13603035460657148,0.15417084535355155,0.14681737536023762,0.053647601164716854,0.18486784465277373,0.14698668202357507,0.14045450402729548,0.10675574506643509,0.14180598603367736,0.09193172298749117,0.10972278927769927,0.12853358058500627,0.03956850616009801,0.14115488256433012,0.06629089333402406,0.0784769569574224,214,0,0,0,2.013749527596982,0.15353018526352558,4.663583173930088,0.533704269855784,1.7417173352196953,0.24462927014359814,1.0089738639554848
40.0,45.0,150.0,160.0,216,153,0.7083333333333334,measured,354,0.04425,0.5719589042285133,0.13959297532875117,0.5152416669547895,0.19488886431901467,0.11671338762555804,0.125988279070173,0.17408249964789738,0.12659445708865544,0.1191507925410151,0.060408824374966745,0.2282854640294635,0.13240343048459008,0.11924963716476683,0.0985909083982064,0.11763168529580906,0.12734852017678766,0.10030523167989343,0.11299661272504058,0.04854778689787829,0.16879794716775778,0.11793663101158348,0.07854844156067575,354,0,0,0,2.031688209307396,0.1933233585427964,4.795084766075436,1.0163990219795922,1.8019845519362196,0.32854017141027947,0.9075830532758322
40.0,45.0,160.0,170.0,386,175,0.4533678756476684,measured,333,0.041625,0.6284476055353174,0.1516863516457113,0.6021982041207162,0.18177377530079172,0.2148978066105413,0.1269473487166997,0.14913886051042385,0.1899623101069161,0.15701887349894264,0.04833576637222934,0.2770811189407421,0.13538869184340346,0.12406478165450255,0.16358467064599566,0.10683766268544838,0.0983563035611538,0.1437905168763461,0.13803843171765462,0.04534772102746366,0.20089778732318406,0.10725534823522888,0.1348484961199002,333,0,0,0,1.9546840999935482,0.12692991964563832,4.636867518897529,0.681603981677394,1.6869495362490863,0.16565046722936502,0.3305586801007208
40.0,45.0,170.0,180.0,606,184,0.30363036303630364,measured,669,0.083625,0.6439832898112835,0.14722439333598625,0.6293373089200178,0.17910777319736967,0.18974493126168634,0.10648316873670048,0.15040388759843545,0.19069763828910533,0.10662537358002853,0.05013065709059442,0.2637032671562303,0.10492391891389097,0.14166456686941933,0.16013519614066948,0.07901924499980607,0.10365830193431978,0.15897542144321694,0.07887573849980264,0.04272855190413755,0.24508781695298457,0.1095839560351656,0.1235711067017494,669,0,0,0,1.9583151634498561,0.10603415926246894,4.553477996846129,0.624519553465501,1.7089539632668944,0.17842575938296137,0.10042607769426083
45.0,50.0,-180.0,-170.0,1146,412,0.35951134380453753,measured,612,0.0765,0.5846179315277277,0.12048220978338034,0.5387281111739819,0.20194095003937768,0.21104236259772277,0.09549967969491144,0.15537260744812054,0.21067295683349485,0.09671137484657963,0.06922988852443059,0.3299180694756781,0.08248739979897272,0.1714128811287945,0.13707132013727769,0.08024926034325441,0.11127481837148508,0.13639920109092366,0.08091125631548106,0.059198903981133484,0.2532932494232144,0.07606809931212623,0.12451018816998095,612,0,0,0,1.9786324035498053,0.14235073569692136,4.568050449190576,0.9710156394118143,1.736380845892663,0.2251290331988285,0.2953931776150965
45.0,50.0,-170.0,-160.0,195,151,0.7743589743589744,measured,274,0.03425,0.5349370247938416,0.1322498642448261,0.42442715010286247,0.16636643128529222,0.18675934184681287,0.12064981460571289,0.09267334640026093,0.18146727360362938,0.12921781742846114,0.044076083939713004,0.23437510837208142,0.07744905352592468,0.17490581761706958,0.12992809409886766,0.08761523460057603,0.06486797003916289,0.1251086006120446,0.09334554528477576,0.03370803844348763,0.24677864310022152,0.062272729898214495,0.09413606768718005,274,0,0,0,2.042584721624416,0.27362318325086704,5.2338288717896395,3.054007588746447,1.8009843582654521,0.44979058557825946,0.7481585702995497
45.0,50.0,-160.0,-150.0,67,49,0.7313432835820896,measured,150,0.01875,0.5253615544901954,0.13368781447630468,0.33673130730787915,0.12195024153419837,0.14395607842339408,0.23634507921006945,0.16297242045402527,0.2050152947881805,0.1876305863726626,0.06072013431953059,0.27502626842922634,0.19301105207867092,0.07958898941675822,0.10907689251247789,0.15886614417090006,0.09708277069158221,0.14423496653835713,0.1252131607052928,0.04965670104686694,0.2348608448208054,0.17023937019386423,0.07132406779225826,150,0,0,0,2.043570781548818,0.16514297626795427,4.660384270350138,0.45537539207188016,1.7503829058011373,0.2166371021040323,0.8901939950850589
45.0,50.0,-150.0,-140.0,53,36,0.6792452830188679,measured,142,0.01775,0.4416244713699116,0.11279137275575088,0.34247819701550714,0.13001761480066687,0.17942002240349264,0.2839978161980124,0.18495462922488942,0.2588083504954236,0.20841858436565253,0.0968892614993217,0.3608102798461914,0.21560973980847528,0.09955232283648323,0.10584763811233529,0.1590580535982488,0.06896056966730897,0.12982494242412232,0.14857626554184816,0.06575698540310619,0.1599144589347135,0.1871678623951303,0.06852590434421107,142,0,0,0,2.001519347580386,0.11009334004433168,4.576350873624775,0.2743152946381192,1.7076345900414696,0.16109782617157656,0.9146390457500648
45.0,50.0,-140.0,-130.0,32,19,0.59375,measured,105,0.013125,0.476364607994373,0.16789842986879722,0.33475599047683535,0.10655088262145386,0.1498254629281851,0.32982077965369594,0.16053585364268377,0.254076680773859,0.23200561006471146,0.07085372117910292,0.23408191020672137,0.06831614787761982,0.08574936023125282,0.103532605338761,0.18480477950687,0.10630892595639452,0.18949948867816885,0.1476807499506401,0.04095077392297954,0.21212687037427005,0.04330482262050713,0.05497986119050549,105,0,0,0,2.0502938508987425,0.18423538660203792,4.670619215284075,0.5763513420017106,1.8121420928410121,0.32927932972342533,0.8528482439963759
45.0,50.0,-130.0,-120.0,20,15,0.75,measured,24,0.003,0.4568415999412537,0.1083574733985907,0.29712833650410175,0.06267600824606309,0.14333343505859375,0.4153907775878906,0.19887845516204833,0.24940645240185622,0.35155574508418497,0.061464368503352775,0.22924842834472656,0.05176525115966797,0.11996574401855468,0.07543749789370786,0.16614732645022454,0.03835678263943719,0.14402251544554617,0.14089789398408625,0.02537156445450567,0.21664965045791112,0.04977337812194619,0.06551817510823657,24,0,0,0,1.9803616255521774,0.08077446774838017,4.432469884554545,0.14495996403843706,1.6883729596932728,0.08155849040448987,0.9063495943058124
45.0,50.0,-120.0,-110.0,112,112,1.0,measured,0,0.0,,,,,,,,,,,,,,,,,,,,,,,0,0,0,0,0.0,0.0,0.0,0.0,0.0,0.0,0.7853981633974483
45.0,50.0,-110.0,-100.0,76,76,1.0,measured,0,0.0,,,,,,,,,,,,,,,,,,,,,,,0,0,0,0,0.0,0.0,0.0,0.0,0.0,0.0,0.7853981633974483
45.0,50.0,-100.0,-90.0,91,91,1.0,measured,0,0.0,,,,,,,,,,,,,,,,,,,,,,,0,0,0,0,0.0,0.0,0.0,0.0,0.0,0.0,0.7853981633974483
45.0,50.0,-90.0,-80.0,78,78,1.0,measured,0,0.0,,,,,,,,,,,,,,,,,,,,,,,0,0,0,0,0.0,0.0,0.0,0.0,0.0,0.0,0.7853981633974483
45.0,50.0,-80.0,-70.0,58,58,1.0,measured,0,0.0,,,,,,,,,,,,,,,,,,,,,,,0,0,0,0,0.0,0.0,0.0,0.0,0.0,0.0,0.7853981633974483
45.0,50.0,-70.0,-60.0,53,53,1.0,measured,0,0.0,,,,,,,,,,,,,,,,,,,,,,,0,0,0,0,0.0,0.0,0.0,0.0,0.0,0.0,0.7853981633974483
45.0,50.0,-60.0,-50.0,55,52,0.9454545454545454,measured,25,0.003125,0.45905666550000507,0.05903257594724833,0.3393115997314453,0.10302082688813516,0.0406494140625,0.007417043050130208,0.2040070096651713,0.028085960225194374,0.03532746561762905,0.03962024052937826,0.26822328567504883,0.029458363850911457,0.05510437488555908,0.025507328666421372,0.007479009714603268,0.05858443198064146,0.012844068268699386,0.01456453620315649,0.04696209213143368,0.03464538382553107,0.009556320235562103,0.015759043833011365,25,0,0,0,2.011110610961914,0.15657214514879841,4.555261478424073,0.4789775198226778,1.6983479022979737,0.21211415991452975,0.9828703966093785
45.0,50.0,-50.0,-40.0,24,21,0.875,measured,95,0.011875,0.42969200015068054,0.13104757150628168,0.3599576622247696,0.14427235781066802,0.3674023946126302,0.4706408182779948,0.07352916399637859,0.28990592441211205,0.41013394961083227,0.1984411080678304,0.2673931121826172,0.04495755831400553,0.15384554862976074,0.0954488845035391,0.10742825599946026,0.04114548126972948,0.24893595976788513,0.2508270428768615,0.014350716881899357,0.3030128847318613,0.025882421043157158,0.030887919825052377,95,0,0,0,2.0642158320075588,0.17237024476189036,4.7933244504426655,0.5627124479138869,1.8128282434061953,0.2875841738911547,0.9888251351081744
45.0,50.0,-40.0,-30.0,12,10,0.8333333333333334,measured,124,0.0155,0.3893204927444458,0.03340449929237366,0.3609370157843636,0.159604260003634,0.2109527587890625,0.30623626708984375,0.0809524655342102,0.045509734397277755,0.3708423689605314,0.019742920994758606,0.23912715911865234,0.07419395446777344,0.12555861473083496,0.042934417724609375,0.1357555389404297,0.07082092761993408,0.007726900786811725,0.137476342558483,0.01962248980998993,0.024250030517578125,0.00021851062774658203,0.0003470182418823242,124,0,0,0,2.0457139418971155,0.1835970828684462,4.791236833218606,1.7239831434863269,1.782637123138674,0.3006284625360756,1.0017062933136147
45.0,50.0,-30.0,-20.0,38,33,0.868421052631579,measured,186,0.02325,0.4034328043460846,0.09143228497238426,0.34748190833676246,0.13310727499652994,0.11358108520507812,0.22771987915039063,0.10751994848251342,0.12038312943128035,0.2226794832928626,0.08807729184627533,0.2621289253234863,0.052011299133300784,0.08581078052520752,0.10134091512827566,0.06059341549541628,0.08375540606495019,0.062340656163126375,0.10360473838089851,0.05296976649141884,0.15075491700002075,0.024957652037954976,0.030271225816411604,186,0,0,0,2.0810236392482633,0.27163498682653703,4.968043258113246,1.8266075947422749,1.8436036141969825,0.4419511127673974,0.9488449897745989
45.0,50.0,-20.0,-10.0,46,38,0.8260869565217391,measured,227,0.028375,0.39369625225663185,0.15779537292048038,0.3662249835183442,0.14435386369023698,0.06366252899169922,0.18848156929016113,0.22325268387794495,0.09075258306958767,0.17589191297404594,0.03650068677961826,0.24531275033950806,0.10690504312515259,0.09560373425483704,0.047473538519152474,0.09420755878641793,0.16943631041528603,0.046607767988516645,0.09675091798729063,0.027575971855810587,0.04777560411426042,0.0575661975412789,0.031054013106034544,227,0,0,0,2.0384562656217735,0.17434714139532953,4.693682504645528,0.6849529683838228,1.8068851206271135,0.2925193971818045,1.080288890208671
45.0,50.0,-10.0,0.0,149,120,0.8053691275167785,measured,559,0.069875,0.45197375940865486,0.1168413945360643,0.5307206512297202,0.20768246177985314,0.441882297910493,0.08205858964858384,0.13047106512661638,0.44281799284750756,0.08061914408324347,0.08296730539536681,0.7753958537660796,0.09222190544523041,0.29073369914087754,0.23809934004661976,0.06747203607447431,0.09662667003828307,0.23730675671509563,0.06584550675327602,0.04414820975460916,0.4779756234067014,0.03940491502116972,0.19208670433848515,559,0,0,0,1.9800636584942157,0.16542249546089624,4.61640598948825,0.45538846048862314,1.7083692188126456,0.2468963838188976,0.4004169659213426
45.0,50.0,0.0,10.0,195,122,0.6256410256410256,measured,1012,0.1265,0.4701512578415544,0.09302770944564859,0.4829968362163178,0.17334309375519133,0.2505799907527558,0.10114770984812958,0.18027413626239724,0.25027089226873833,0.1001339456005567,0.07104412462605687,0.5777865011398107,0.09032205032975707,0.2163855000717999,0.1848667814030854,0.08094857031680631,0.09899740533520575,0.18550473770220174,0.08170223122629747,0.03838087551833136,0.40909520409023437,0.07987402364379871,0.20442514339910703,1012,0,0,0,2.012945848962535,0.2290310533303237,4.69940249957586,0.8410726010858968,1.776781667833743,0.35718955357736126,0.24311347490824173
45.0,50.0,10.0,20.0,75,47,0.6266666666666667,measured,422,0.05275,0.5022561071174485,0.10505428240536964,0.44467677398456784,0.18688795305418707,0.2961250032697405,0.09902211597987584,0.16234494958605086,0.28616039920643926,0.11485911068763868,0.04879256549941591,0.48896619251796175,0.14921478288514273,0.1802715573992048,0.2345075887568358,0.07617304375453611,0.11615500752563468,0.23204361751167515,0.09678279281030788,0.030858786008553546,0.49045211392900107,0.0837411318296349,0.10551046791011372,422,0,0,0,1.9701855049879065,0.11798411043318409,4.555499599443228,0.3873737713145799,1.7188464999198914,0.21336117863813886,0.5204003170429419
45.0,50.0,20.0,30.0,53,33,0.6226415094339622,measured,244,0.0305,0.5050825953483582,0.09526103322060628,0.4231852347977826,0.15688669038833308,0.27430000305175783,0.13110713958740233,0.11043005287647248,0.25314634832829574,0.1861831956864008,0.08870886372725924,0.443950891494751,0.14538941979408265,0.16822510361671447,0.19794905176613514,0.10205290941111671,0.0727589408411911,0.1718591190649803,0.11724071095668119,0.11256611091958636,0.3248260587970186,0.10398190188924442,0.12236478806417012,244,0,0,0,2.072145526526404,0.25271220808644596,5.07028419658786,1.6489218560584367,1.849658531243684,0.3988776268034108,0.6547928434131788
45.0,50.0,30.0,40.0,56,42,0.75,measured,206,0.02575,0.5327607872230666,0.1209887473857173,0.40256074295171257,0.15944279005510104,0.1574587140764509,0.2058089120047433,0.16952323487826756,0.15959690299416368,0.19362911518947432,0.11003512915144194,0.35776850155421663,0.1511638334819249,0.19881775549479894,0.11193490365187407,0.20189258834238902,0.08082308237448559,0.12459784496878458,0.20482325580137833,0.10987748881155693,0.17050485177586358,0.10653599543217145,0.12061923994276626,206,0,0,0,2.1057460470106997,0.26608329993592034,5.089331045891475,1.348227828603181,1.9071633931502556,0.4576128835236941,0.6965347609483857
45.0,50.0,40.0,50.0,78,64,0.8205128205128205,measured,234,0.02925,0.4375972162399973,0.14152444075419504,0.40203372166197526,0.14317148776449912,0.07071072714669364,0.45947510855538504,0.11430760366576058,0.29828251116079585,0.34846520320548047,0.09837479335808245,0.3919773783002581,0.14085003307887486,0.15307904141289846,0.055631195003982156,0.375559800646087,0.08860552415376567,0.2610262313950993,0.2858709993139243,0.051456640167048415,0.18655788796259268,0.13152064314405656,0.06650784112634747,234,0,0,0,2.045948053527082,0.16785784696849695,4.678483922257382,0.4954947524181929,1.7726601306189838,0.22456895218248343,0.766299996588258
45.0,50.0,50.0,60.0,112,111,0.9910714285714286,measured,43,0.005375,0.4044960141181946,,0.4023489082275435,0.11864475045350717,0.42011451721191406,0.15788650512695312,0.06888467073440552,0.37449389799636446,0.24734323608478076,0.0976764281564435,0.043277740478515625,0.20967793464660645,0.16097795963287354,,,,,,,,,,43,0,0,0,2.066096020299335,0.20402871035360262,4.6963972158210225,0.5640883889025924,1.7768278676410054,0.21690712089491002,0.46892232270742723
45.0,50.0,60.0,70.0,58,58,1.0,measured,0,0.0,,,,,,,,,,,,,,,,,,,,,,,0,0,0,0,0.0,0.0,0.0,0.0,0.0,0.0,0.7853981633974483
45.0,50.0,70.0,80.0,54,54,1.0,measured,0,0.0,,,,,,,,,,,,,,,,,,,,,,,0,0,0,0,0.0,0.0,0.0,0.0,0.0,0.0,0.7853981633974483
45.0,50.0,80.0,90.0,41,41,1.0,measured,0,0.0,,,,,,,,,,,,,,,,,,,,,,,0,0,0,0,0.0,0.0,0.0,0.0,0.0,0.0,0.7853981633974483
45.0,50.0,90.0,100.0,73,73,1.0,measured,0,0.0,,,,,,,,,,,,,,,,,,,,,,,0,0,0,0,0.0,0.0,0.0,0.0,0.0,0.0,0.7853981633974483
45.0,50.0,100.0,110.0,59,59,1.0,measured,0,0.0,,,,,,,,,,,,,,,,,,,,,,,0,0,0,0,0.0,0.0,0.0,0.0,0.0,0.0,0.7853981633974483
45.0,50.0,110.0,120.0,63,63,1.0,measured,0,0.0,,,,,,,,,,,,,,,,,,,,,,,0,0,0,0,0.0,0.0,0.0,0.0,0.0,0.0,0.7853981633974483
45.0,50.0,120.0,130.0,59,49,0.8305084745762712,measured,53,0.006625,0.6875226110219955,0.09876167222754983,0.35384292731869893,0.12002885505903724,0.16028213500976562,0.13820533752441405,0.08898777961730957,0.09456040075510488,0.1688731985149275,0.0751750221354417,0.13875284194946289,0.0870246410369873,0.1063284158706665,0.13384202082283622,0.07275472132995085,0.06600525084058938,0.11699672539328695,0.12980737196663727,0.04756565181399591,0.08329377297691158,0.08941766637421532,0.09359677870512581,53,0,0,0,2.0334713863876632,0.1838098654604209,4.783023294412865,1.1135071287069074,1.7664203868722015,0.29972934447771526,1.013316606359002
45.0,50.0,130.0,140.0,58,42,0.7241379310344828,measured,164,0.0205,0.6041908096522093,0.09054385390691584,0.39497756140261164,0.15392641882506033,0.1423811912536621,0.14851725101470947,0.09006614238023758,0.12936694408147806,0.15743532850447955,0.07189881432361722,0.19110605120658875,0.2090851292014122,0.19332626461982727,0.11023634953747107,0.06889392939739994,0.09360674946534225,0.09683615147257796,0.09126485974692464,0.038962930421016145,0.1352293241197418,0.06208279166344635,0.07062777794629148,164,0,0,0,2.004905154792274,0.12106776451238531,4.529471122637028,0.47211055510027994,1.726608966181918,0.18181123474567537,1.2710354445238994
45.0,50.0,140.0,150.0,103,85,0.8252427184466019,measured,165,0.020625,0.4976914988623725,0.15080152159629046,0.3873757504152529,0.13905116599053224,0.20843272738986546,0.15897485944959852,0.15677210688591003,0.20297921575263772,0.18460187857611035,0.06559163406333449,0.17052886221143934,0.1599558393160502,0.16709134976069132,0.17351251359451958,0.11921520486717173,0.10380581531709668,0.15548845158758706,0.11653750920247694,0.06602169974879117,0.12044048939118174,0.07792971893133238,0.08383241214494562,165,0,0,0,2.079575622442997,0.22469354883535686,4.803095145659014,0.6954285993461896,1.8170021562865286,0.31004438564823,0.9238277191990956
45.0,50.0,150.0,160.0,206,163,0.7912621359223301,measured,350,0.04375,0.5470878100672434,0.1496729028063202,0.499418186204774,0.1907833361872962,0.12384991313135901,0.15767689638359603,0.17601762400117033,0.14712322299869968,0.14002659300457826,0.0850825388383908,0.18091913711192997,0.11646561289942542,0.12421815617139949,0.08570070993346393,0.17938100019475528,0.12133172294796,0.1355089033514961,0.14180129466355007,0.07167646541200245,0.10228949158940821,0.07327021197225102,0.05943851773768703,350,0,0,0,2.0166241710526602,0.19098191423399954,4.775441283498491,1.1060240747772814,1.771902906213488,0.3271961401999534,0.9398347025955125
45.0,50.0,160.0,170.0,311,186,0.5980707395498392,measured,380,0.0475,0.5975473520755767,0.16955523460385416,0.5052463635017997,0.1831011914888092,0.230479248046875,0.11882944107055664,0.13613775062561034,0.21170131110184826,0.14538555474423517,0.056273207398090476,0.2687507209777832,0.15963052940368652,0.11871105575561523,0.1953732856453682,0.10369887387437403,0.10440323223150588,0.17522773564362754,0.13966435852697068,0.04881598607692429,0.16675455500831873,0.1286303258077361,0.08019770817874255,380,0,0,0,1.9820696893491243,0.14234962108498478,4.678277190108048,0.9667132709837462,1.7426397731429653,0.20382266110046346,0.4751558092284907
45.0,50.0,170.0,180.0,743,299,0.40242261103633914,measured,694,0.08675,0.606665834448896,0.16174109621391036,0.5774532950319543,0.1913695323146116,0.22182992986730626,0.11347846886529042,0.17563164865111444,0.22090244074559667,0.11469669743015734,0.05194371468837127,0.32139487792779736,0.11259190268344707,0.11655996108914281,0.1884624393613495,0.08668103540285788,0.11480088290932897,0.18780990700039626,0.08883575706460842,0.04795503552692835,0.27254169949898327,0.09993882352450922,0.1037118439510824,694,0,0,0,1.9956797297818516,0.1490721816030961,4.724132789314996,1.0651110496163956,1.7790983645648022,0.25582466073434723,0.17998578583826885
50.0,55.0,-180.0,-170.0,1007,289,0.2869910625620655,measured,724,0.0905,0.5478096000206836,0.11641928962356375,0.4247161334184981,0.1590881724513056,0.191037743868602,0.10046285569335757,0.1737621992743447,0.19084124007681688,0.0999194751383976,0.07143091775314597,0.28141571319866976,0.08507558180429145,0.16937062584258056,0.14509713841313215,0.08433470439090077,0.1196340110337586,0.14571020254999867,0.08436814175800315,0.05641133354637524,0.2449734528806079,0.06428831102699728,0.11034495491012802,724,0,0,0,2.004682596052549,0.11923257540694264,4.6412233759685115,0.7540110582068262,1.7596087697790472,0.1962825023454356,0.23630229091214544
50.0,55.0,-170.0,-160.0,112,91,0.8125,measured,201,0.025125,0.5086192857651484,0.10217314440847232,0.36809067591209316,0.14705854508729474,0.1430404299781436,0.16336009615943545,0.15277942305519468,0.13806115235112085,0.17631163783679943,0.04700491160203599,0.2721654574076335,0.06264257431030273,0.12896811962127686,0.10636573592082389,0.18403363026827405,0.09937796831701999,0.08660457517974439,0.18623132015311578,0.03763016068414004,0.22109380241876975,0.04420284474886846,0.07622255790819825,201,0,0,0,2.050864144344235,0.26040945627786155,5.15839384207085,2.7784528278134677,1.8012621396809667,0.4343856127693047,0.7931230677545714
50.0,55.0,-160.0,-150.0,148,145,0.9797297297297297,measured,264,0.033,0.4193790058294932,0.052742556369535135,0.3609888707710938,0.10760950381398882,0.15804163614908853,0.2981497446695964,0.038772642612457275,0.2790218588928551,0.18903770974157164,0.06014793738722801,0.43802928924560547,0.5722357829411825,0.13191799322764078,0.0483725619826666,0.1024273394566021,0.033056919196174935,0.03479073837914593,0.10910015904123212,0.032136726351233325,0.04883697745392466,0.012982514468829335,0.015657677473697798,264,0,0,0,2.102248508370284,0.14006882880755808,4.807087862130367,0.36261479570220584,1.8896646824750034,0.24606031040390186,0.7311654503489908
50.0,55.0,-150.0,-140.0,32,27,0.84375,measured,112,0.014,0.4318302094936371,0.15318366715122697,0.34139970490442856,0.1362803189008303,0.1744415283203125,0.19490470886230468,0.1862749934196472,0.23327706264757345,0.1166537365955886,0.1922295093536377,0.3261244773864746,0.08604667186737061,0.04290750026702881,0.08982488387471871,0.07585037653531271,0.11476720775026064,0.08670131027003532,0.08182959306600368,0.10384507162120478,0.1803896928534586,0.054478008352902715,0.03659117482543191,112,0,0,0,2.022463342973164,0.09735542678235881,4.576492577791214,0.31809942139256964,1.7371955205287253,0.16124215772109046,0.7445572269569926
50.0,55.0,-140.0,-130.0,22,17,0.7727272727272727,measured,60,0.0075,0.5248840034008027,0.08398240892175612,0.3741383649408817,0.16077815719637867,0.1044158935546875,0.49367599487304686,0.21852188110351561,0.40374051754603785,0.29339354135350865,0.05648369789123535,0.07165317535400391,0.05746390819549561,0.08483767509460449,0.08537731779794162,0.14600035227829034,0.082875206054717,0.17977660475069976,0.042640975229082466,0.018927577838534815,0.020917620186222046,0.022478600620685903,0.03402163242342176,60,0,0,0,2.0288167774677275,0.14265746617198316,4.6432086308797205,0.5334909106833713,1.7869726876417795,0.2959312009719041,0.9583729245404284
50.0,55.0,-130.0,-120.0,26,26,1.0,measured,0,0.0,,,,,,,,,,,,,,,,,,,,,,,0,0,0,0,0.0,0.0,0.0,0.0,0.0,0.0,0.7853981633974483
50.0,55.0,-120.0,-110.0,17,17,1.0,measured,0,0.0,,,,,,,,,,,,,,,,,,,,,,,0,0,0,0,0.0,0.0,0.0,0.0,0.0,0.0,0.7853981633974483
50.0,55.0,-110.0,-100.0,94,94,1.0,measured,0,0.0,,,,,,,,,,,,,,,,,,,,,,,0,0,0,0,0.0,0.0,0.0,0.0,0.0,0.0,0.7853981633974483
50.0,55.0,-100.0,-90.0,18,18,1.0,measured,0,0.0,,,,,,,,,,,,,,,,,,,,,,,0,0,0,0,0.0,0.0,0.0,0.0,0.0,0.0,0.7853981633974483
50.0,55.0,-90.0,-80.0,11,11,1.0,measured,0,0.0,,,,,,,,,,,,,,,,,,,,,,,0,0,0,0,0.0,0.0,0.0,0.0,0.0,0.0,0.7853981633974483
50.0,55.0,-80.0,-70.0,15,15,1.0,measured,0,0.0,,,,,,,,,,,,,,,,,,,,,,,0,0,0,0,0.0,0.0,0.0,0.0,0.0,0.0,0.7853981633974483
50.0,55.0,-70.0,-60.0,31,31,1.0,measured,0,0.0,,,,,,,,,,,,,,,,,,,,,,,0,0,0,0,0.0,0.0,0.0,0.0,0.0,0.0,0.7853981633974483
50.0,55.0,-60.0,-50.0,29,29,1.0,measured,1,0.000125,,,0.2233159989118576,,,,,,,,,,,,,,,,,,,,1,0,0,0,2.3542470932006836,0.0,5.331692218780518,0.0,2.1760830879211426,0.0,0.7853981633974483
50.0,55.0,-50.0,-40.0,14,13,0.9285714285714286,measured,53,0.006625,0.41826000809669495,,0.34039528330542007,0.09007087979630277,0.269012451171875,0.2621040344238281,0.17801421880722046,0.03446243471485132,0.37400342824668376,0.06182163953781128,0.22587823867797852,0.07578647136688232,0.13799059391021729,,,,,,,,,,53,0,0,0,2.0459286469333575,0.15607555914075383,4.616020301602921,0.4699646991112581,1.7894836754169103,0.2588325248518999,1.0539325499122736
50.0,55.0,-40.0,-30.0,8,7,0.875,measured,249,0.031125,0.40126699209213257,,0.3142215293574046,0.1205524921435201,0.23479080200195312,0.3990497589111328,0.2117902636528015,0.045818905908648316,0.4607255784662796,0.007557183504104614,0.18855524063110352,0.07099044322967529,0.12103760242462158,,,,,,,,,,249,0,0,0,2.0083819876712967,0.1367596110077432,4.539600429764713,0.4920475144978546,1.7321222278487731,0.24012676447439565,0.9404474744913215
50.0,55.0,-30.0,-20.0,20,20,1.0,measured,262,0.03275,,,0.3990424805470095,0.1383572590120713,,,,,,,,,,,,,,,,,,,262,0,0,0,2.0345618087826796,0.24730943361471822,4.826254748206102,1.412661697012332,1.8342018714387909,0.40198500036098833,0.8012718742812666
50.0,55.0,-20.0,-10.0,26,24,0.9230769230769231,measured,178,0.02225,0.5705915093421936,0.02065950632095337,0.34089263001184783,0.12611802970732736,0.04018211364746094,0.29839420318603516,0.03716704249382019,0.10800439972403544,0.27910824705905457,0.05936121940612793,0.2958524227142334,0.18410128355026245,0.14431315660476685,0.025434494018554688,0.02482891082763672,0.007933467626571655,0.03289964124304283,0.0356137715080073,0.005848050117492676,0.006249189376831055,0.0007110238075256348,0.0053029656410217285,178,0,0,0,2.0773333190532215,0.2633689503423747,4.8597648706329,0.9592672818849803,1.8619237602426764,0.4153265010145973,0.7700583295846124
50.0,55.0,-10.0,0.0,161,161,1.0,measured,536,0.067,,,0.5212834639224544,0.20237042160481739,,,,,,,,,,,,,,,,,,,536,0,0,0,2.0119411211405227,0.20205915459844212,4.690354795598272,0.6021372522278156,1.7632135081647047,0.30037969480845467,0.5777179001373949
50.0,55.0,0.0,10.0,155,90,0.5806451612903226,measured,808,0.101,0.4593408777163579,0.09733368928537714,0.4932348524764328,0.19312771852061345,0.21479222224308894,0.12856309643158545,0.18302804139944223,0.2169797185623292,0.12621521622548396,0.09574630605399309,0.3822374417231633,0.15324337482452394,0.3133834692148062,0.19918361246932592,0.0884587414384738,0.11061052779188488,0.19770570111599375,0.08980648966200112,0.06937810329029023,0.3969441364080609,0.08746972972293166,0.1795908693479197,808,0,0,0,2.028973378904975,0.24289246057407446,4.771948539974666,0.8850763026392321,1.7934577885535683,0.373751736238123,0.1991790835893147
50.0,55.0,10.0,20.0,30,17,0.5666666666666667,measured,330,0.04125,0.47726484674673814,0.11197685644420824,0.4268232430020968,0.1854934499035146,0.3637736393855168,0.06924937321589543,0.137673203761761,0.3474823613575296,0.11935033514608986,0.020053428812668875,0.6583539889408991,0.13723255120790923,0.25039735207190883,0.21448915590198672,0.08822587573169045,0.09093136469681744,0.21401257709408306,0.10062933191773304,0.021980607614421607,0.5339413324654145,0.05270156334747055,0.13728406368312673,330,0,0,0,1.9916787786917254,0.18990604031439934,4.641085176034407,0.814140540498034,1.7485761465448322,0.301555976375951,0.4782180405029394
50.0,55.0,20.0,30.0,24,19,0.7916666666666666,measured,219,0.027375,0.45125839710235593,0.08784697239800751,0.3790509491206304,0.14532359629371155,0.25692062377929686,0.10880165100097657,0.17171435356140136,0.2769603737407996,0.06128518795652217,0.01410148704992693,0.21168804168701172,0.15507867336273193,0.1505918025970459,0.13793173201649866,0.0587589195154727,0.06529874955607542,0.14039981003053223,0.01219630932942892,0.006740618905988138,0.1030031021201741,0.08978325125053442,0.1126229011409364,219,0,0,0,2.118588581477126,0.3132511377990853,5.334342685464311,1.9936009253279152,1.9324123668888389,0.5126627783348773,0.687279783114393
50.0,55.0,30.0,40.0,30,29,0.9666666666666667,measured,141,0.017625,0.4419580101966858,,0.3975667939752552,0.15132989088605883,0.18902587890625,0.05573272705078125,0.40050917863845825,0.13475514890873838,0.1437983643974469,0.00539466540282163,0.15851068496704102,0.10764884948730469,0.3542903661727905,,,,,,,,,,141,0,0,0,2.09936549139361,0.25574447509772696,5.069165101288058,1.360024462880849,1.9122596835413723,0.46015764338541265,0.6321812205259567
50.0,55.0,40.0,50.0,32,31,0.96875,measured,101,0.012625,0.6115949749946594,,0.3588399400215338,0.14488509710337974,0.0229034423828125,0.8330230712890625,0.2558249831199646,0.6168439770527252,0.5603173323632085,0.08472839196259585,0.330472469329834,0.049126625061035156,0.0939410924911499,,,,,,,,,,101,0,0,0,1.999374540725557,0.11449253170679227,4.556511255774168,0.3800244127720797,1.7092698883302142,0.14971509906880404,0.6123888479850167
50.0,55.0,50.0,60.0,20,20,1.0,measured,0,0.0,,,,,,,,,,,,,,,,,,,,,,,0,0,0,0,0.0,0.0,0.0,0.0,0.0,0.0,0.7853981633974483
50.0,55.0,60.0,70.0,49,49,1.0,measured,0,0.0,,,,,,,,,,,,,,,,,,,,,,,0,0,0,0,0.0,0.0,0.0,0.0,0.0,0.0,0.7853981633974483
50.0,55.0,70.0,80.0,59,59,1.0,measured,0,0.0,,,,,,,,,,,,,,,,,,,,,,,0,0,0,0,0.0,0.0,0.0,0.0,0.0,0.0,0.7853981633974483
50.0,55.0,80.0,90.0,70,70,1.0,measured,0,0.0,,,,,,,,,,,,,,,,,,,,,,,0,0,0,0,0.0,0.0,0.0,0.0,0.0,0.0,0.7853981633974483
50.0,55.0,90.0,100.0,64,64,1.0,measured,0,0.0,,,,,,,,,,,,,,,,,,,,,,,0,0,0,0,0.0,0.0,0.0,0.0,0.0,0.0,0.7853981633974483
50.0,55.0,100.0,110.0,49,49,1.0,measured,0,0.0,,,,,,,,,,,,,,,,,,,,,,,0,0,0,0,0.0,0.0,0.0,0.0,0.0,0.0,0.7853981633974483
50.0,55.0,110.0,120.0,38,38,1.0,measured,0,0.0,,,,,,,,,,,,,,,,,,,,,,,0,0,0,0,0.0,0.0,0.0,0.0,0.0,0.0,0.7853981633974483
50.0,55.0,120.0,130.0,34,34,1.0,measured,1,0.000125,,,0.36628401279449463,,,,,,,,,,,,,,,,,,,,1,0,0,0,1.9808109998703003,0.0,4.767100811004639,0.0,1.6037249565124512,0.0,0.7853981633974483
50.0,55.0,130.0,140.0,29,24,0.8275862068965517,measured,94,0.01175,0.49418299198150634,0.043546859777661415,0.31740724390491526,0.12956488667428154,0.13664093017578124,0.1675262451171875,0.057042157649993895,0.19231678201461652,0.13006660134927622,0.06744540373431604,0.24917259216308593,0.27690658569335935,0.28897140026092527,0.1144166131366537,0.14039082665925146,0.03624543169466082,0.09555247632295216,0.12846474618213344,0.06856757205980198,0.1337221566611335,0.06268002962586751,0.06080206770212504,94,0,0,0,1.998752696717039,0.12402687436929437,4.617953143221267,0.6268790034297265,1.7156521335561226,0.1864041007535198,0.8960916645104735
50.0,55.0,140.0,150.0,66,62,0.9393939393939394,measured,124,0.0155,0.3084070011973381,0.07557522555646634,0.3964996276603591,0.14739973360675976,0.0749979019165039,0.23559093475341797,0.15318205952644348,0.1356276246610811,0.1956515876713646,0.13977221250731642,0.1391986608505249,0.17232003808021545,0.1897549033164978,0.017594639189719322,0.022680509220621037,0.18480604837455172,0.04602746543314167,0.05620344075639904,0.05057660528744045,0.12236572919940095,0.04981628148389789,0.09057071703406816,124,0,0,0,2.0876827134240057,0.2122151035168256,4.846852944743249,0.7517999847120465,1.8204988923764998,0.30094326252181264,0.9704461929803587
50.0,55.0,150.0,160.0,133,90,0.6766917293233082,measured,253,0.031625,0.4997526233972505,0.15285942884096249,0.4986483399929265,0.19267997092303452,0.20974039476971293,0.15880243168320768,0.1249515594438065,0.23396053457183272,0.12449725972858351,0.08424212943331554,0.19950422020845635,0.10563593687013138,0.12029763155205306,0.15058729255860442,0.11493797020680058,0.09917835776948548,0.14685206137301524,0.11529912330749523,0.07733639680563228,0.17027838990086774,0.06129253926015533,0.061002738008278566,253,0,0,0,2.0133494251801562,0.17265575035167466,4.654081461457867,0.5589532570118181,1.7584808023550764,0.2797632522951887,1.0861176347908124
50.0,55.0,160.0,170.0,170,96,0.5647058823529412,measured,288,0.036,0.5660758358803956,0.16152159361252824,0.49383488178460133,0.1871182883873662,0.19533203743599556,0.1587347597689242,0.15074355296186498,0.19187716393364765,0.17250756103631618,0.08545731486704251,0.28632537094322413,0.1951544687554643,0.15566904319299235,0.19859118940746487,0.11852588026840435,0.10342768748683774,0.17003127398197698,0.14612267047113056,0.08052221068382126,0.20763191828370473,0.16432792933685628,0.10290779491029918,288,0,0,0,2.029218247781197,0.17843082026980508,4.810152949558364,1.0748912093918,1.8142745598322816,0.2749467059398819,0.6933417937179369
50.0,55.0,170.0,180.0,459,203,0.4422657952069717,measured,601,0.075125,0.5784204891533591,0.13960254547782547,0.5456039551986435,0.19782775741189598,0.23001302778720856,0.10932828046770737,0.16478713951073587,0.23022840988665288,0.10923850685535871,0.059945501332382314,0.33472465351223946,0.10335994139313698,0.12587423948571086,0.17870023037712696,0.0888845397125021,0.10074557299704881,0.1778213661908992,0.09019029452043997,0.04732614904269504,0.3130182240247011,0.08734548664886099,0.10012075329982509,601,0,0,0,1.984837196432612,0.13944410205726385,4.676561758641197,1.0171894200791158,1.7495288704080312,0.21553186153251894,0.22878179362693116
