# normal: param1=mu (0), param2=std, param3=mae (for GPEM covariance)
# constant for miss_detection: param1=miss_rate
# score: P(score | TP, cell) — param1=mean, param2=std, param3=n_matched
# fp_score: P(score | FP, cell) — param1=mean, param2=std, param3=n_fp
# fp_rate: poisson — param1=lambda (FPs/ego-frame in cell), param2=n_fp

error_type,dist_min,dist_max,angle_min,angle_max,distribution,param1,param2,param3
distal,0.0,5.0,-180.0,-170.0,normal,0.0,0.10670268964089145,0.1341431145040028
perpendicular,0.0,5.0,-180.0,-170.0,normal,0.0,0.1338211398378534,0.1528738974612238
height,0.0,5.0,-180.0,-170.0,normal,0.0,0.05143297837910443,0.05332311861016974
yaw,0.0,5.0,-180.0,-170.0,normal,0.0,0.0926999784572843,0.047905274190485375
width,0.0,5.0,-180.0,-170.0,normal,0.0,0.30230650663326186,0.27935321040612543
length,0.0,5.0,-180.0,-170.0,normal,0.0,0.1708206809376774,0.1398779850967897
box_height,0.0,5.0,-180.0,-170.0,normal,0.0,0.07194283219963891,0.08105651365828498
fp_score,0.0,5.0,-180.0,-170.0,normal,0.038877734914422035,0.003938479963530418,4
fp_rate,0.0,5.0,-180.0,-170.0,poisson,0.0005629838142153413,4,
distal,0.0,5.0,-170.0,-160.0,normal,0.0,0.10670268964089145,0.1341431145040028
perpendicular,0.0,5.0,-170.0,-160.0,normal,0.0,0.1338211398378534,0.1528738974612238
height,0.0,5.0,-170.0,-160.0,normal,0.0,0.05143297837910443,0.05332311861016974
yaw,0.0,5.0,-170.0,-160.0,normal,0.0,0.0926999784572843,0.047905274190485375
width,0.0,5.0,-170.0,-160.0,normal,0.0,0.30230650663326186,0.27935321040612543
length,0.0,5.0,-170.0,-160.0,normal,0.0,0.1708206809376774,0.1398779850967897
box_height,0.0,5.0,-170.0,-160.0,normal,0.0,0.07194283219963891,0.08105651365828498
fp_rate,0.0,5.0,-170.0,-160.0,poisson,0.00014074595355383532,1,
distal,0.0,5.0,-160.0,-150.0,normal,0.0,0.10670268964089145,0.1341431145040028
perpendicular,0.0,5.0,-160.0,-150.0,normal,0.0,0.1338211398378534,0.1528738974612238
height,0.0,5.0,-160.0,-150.0,normal,0.0,0.05143297837910443,0.05332311861016974
yaw,0.0,5.0,-160.0,-150.0,normal,0.0,0.0926999784572843,0.047905274190485375
width,0.0,5.0,-160.0,-150.0,normal,0.0,0.30230650663326186,0.27935321040612543
length,0.0,5.0,-160.0,-150.0,normal,0.0,0.1708206809376774,0.1398779850967897
box_height,0.0,5.0,-160.0,-150.0,normal,0.0,0.07194283219963891,0.08105651365828498
fp_score,0.0,5.0,-160.0,-150.0,normal,0.03844664742549261,0.003922382780131512,3
fp_rate,0.0,5.0,-160.0,-150.0,poisson,0.000422237860661506,3,
miss_detection,0.0,5.0,-150.0,-140.0,constant,0.0,,
distal,0.0,5.0,-150.0,-140.0,normal,0.0,0.0918212638210763,0.13816970110394067
perpendicular,0.0,5.0,-150.0,-140.0,normal,0.0,0.004057925193127683,0.04283842446003788
height,0.0,5.0,-150.0,-140.0,normal,0.0,0.06418326497077942,0.06568089127540588
yaw,0.0,5.0,-150.0,-140.0,normal,0.0,0.009041085839271545,0.07636020332574844
width,0.0,5.0,-150.0,-140.0,normal,0.0,0.11210298538208008,0.23653650283813477
length,0.0,5.0,-150.0,-140.0,normal,0.0,0.0241280198097229,0.12148874998092651
box_height,0.0,5.0,-150.0,-140.0,normal,0.0,0.0123329758644104,0.02288132905960083
score,0.0,5.0,-150.0,-140.0,normal,0.7991257309913635,0.003629624843597412,2
fp_score,0.0,5.0,-150.0,-140.0,normal,0.09217086248099804,0.057958291843533516,2
fp_rate,0.0,5.0,-150.0,-140.0,poisson,0.00028149190710767064,2,
miss_detection,0.0,5.0,-140.0,-130.0,constant,0.0,,
distal,0.0,5.0,-140.0,-130.0,normal,0.0,0.11437926785379275,0.17175064130640813
perpendicular,0.0,5.0,-140.0,-130.0,normal,0.0,0.07859159121628033,0.10890871960225472
height,0.0,5.0,-140.0,-130.0,normal,0.0,0.03975714711620428,0.057085978133337836
yaw,0.0,5.0,-140.0,-130.0,normal,0.0,0.032868061236178366,0.03821122729485588
width,0.0,5.0,-140.0,-130.0,normal,0.0,0.2681764081196915,0.27571816103799
length,0.0,5.0,-140.0,-130.0,normal,0.0,0.09252524200668853,0.12297118561608451
box_height,0.0,5.0,-140.0,-130.0,normal,0.0,0.05464139843384918,0.06089289699281965
score,0.0,5.0,-140.0,-130.0,normal,0.5864474432809013,0.11550744814204503,14
fp_score,0.0,5.0,-140.0,-130.0,normal,0.03879955783486366,0.010909964241532174,6
fp_rate,0.0,5.0,-140.0,-130.0,poisson,0.000844475721323012,6,
miss_detection,0.0,5.0,-130.0,-120.0,constant,0.05128205128205128,,
distal,0.0,5.0,-130.0,-120.0,normal,0.0,0.11020624408572571,0.12643009887902615
perpendicular,0.0,5.0,-130.0,-120.0,normal,0.0,0.122613834712418,0.13653150675093007
height,0.0,5.0,-130.0,-120.0,normal,0.0,0.0446521291324276,0.06327741049431465
yaw,0.0,5.0,-130.0,-120.0,normal,0.0,0.04949831102821381,0.04413849531949775
width,0.0,5.0,-130.0,-120.0,normal,0.0,0.2320883543480384,0.2798752269229373
length,0.0,5.0,-130.0,-120.0,normal,0.0,0.06988196930761925,0.1025404962333473
box_height,0.0,5.0,-130.0,-120.0,normal,0.0,0.07754814533651952,0.09268228105596595
score,0.0,5.0,-130.0,-120.0,normal,0.6739013307803386,0.13655793405321803,39
fp_score,0.0,5.0,-130.0,-120.0,normal,0.18117184657603502,0.1500963250947814,8
fp_rate,0.0,5.0,-130.0,-120.0,poisson,0.0011259676284306826,8,
miss_detection,0.0,5.0,-120.0,-110.0,constant,0.030303030303030304,,
distal,0.0,5.0,-120.0,-110.0,normal,0.0,0.11463621152143669,0.14638595032361057
perpendicular,0.0,5.0,-120.0,-110.0,normal,0.0,0.16728796934566179,0.20610970824585023
height,0.0,5.0,-120.0,-110.0,normal,0.0,0.04888603840745028,0.05282317288219929
yaw,0.0,5.0,-120.0,-110.0,normal,0.0,0.05930995049060798,0.06010939310363028
width,0.0,5.0,-120.0,-110.0,normal,0.0,0.1846668835005874,0.21742519736289978
length,0.0,5.0,-120.0,-110.0,normal,0.0,0.07271663006933825,0.10078756883740425
box_height,0.0,5.0,-120.0,-110.0,normal,0.0,0.06221351728380323,0.09426727518439293
score,0.0,5.0,-120.0,-110.0,normal,0.5962871923111379,0.14107358883839421,33
fp_score,0.0,5.0,-120.0,-110.0,normal,0.0412602682526295,0.010485078065605268,13
fp_rate,0.0,5.0,-120.0,-110.0,poisson,0.0018296973961998593,13,
miss_detection,0.0,5.0,-110.0,-100.0,constant,0.04819277108433735,,
distal,0.0,5.0,-110.0,-100.0,normal,0.0,0.058085928883498554,0.10448118722191238
perpendicular,0.0,5.0,-110.0,-100.0,normal,0.0,0.07776850908093395,0.10194241738687862
height,0.0,5.0,-110.0,-100.0,normal,0.0,0.0441878963692367,0.036767881127852425
yaw,0.0,5.0,-110.0,-100.0,normal,0.0,0.03877478234712721,0.03251898657599438
width,0.0,5.0,-110.0,-100.0,normal,0.0,0.20095726064896774,0.16911330102365227
length,0.0,5.0,-110.0,-100.0,normal,0.0,0.06735120735862712,0.059920522231089915
box_height,0.0,5.0,-110.0,-100.0,normal,0.0,0.07086617519375496,0.06084587604184694
score,0.0,5.0,-110.0,-100.0,normal,0.7459670139264457,0.09780077879520493,83
fp_score,0.0,5.0,-110.0,-100.0,normal,0.05036606453359127,0.05945403152940522,23
fp_rate,0.0,5.0,-110.0,-100.0,poisson,0.0032371569317382123,23,
miss_detection,0.0,5.0,-100.0,-90.0,constant,0.023255813953488372,,
distal,0.0,5.0,-100.0,-90.0,normal,0.0,0.0687798696840796,0.09536452043181462
perpendicular,0.0,5.0,-100.0,-90.0,normal,0.0,0.2047182629443405,0.1794046969494995
height,0.0,5.0,-100.0,-90.0,normal,0.0,0.06879338111080197,0.057662851753688994
yaw,0.0,5.0,-100.0,-90.0,normal,0.0,0.031183790150884596,0.04093232905004351
width,0.0,5.0,-100.0,-90.0,normal,0.0,0.17267168065749436,0.15590507643563406
length,0.0,5.0,-100.0,-90.0,normal,0.0,0.07139614053639816,0.09582631644748506
box_height,0.0,5.0,-100.0,-90.0,normal,0.0,0.06465658513557411,0.07391127234413511
score,0.0,5.0,-100.0,-90.0,normal,0.6573691660804408,0.13799598864021928,43
fp_score,0.0,5.0,-100.0,-90.0,normal,0.14849825451771417,0.15735745255991693,12
fp_rate,0.0,5.0,-100.0,-90.0,poisson,0.001688951442646024,12,
miss_detection,0.0,5.0,-90.0,-80.0,constant,0.007194244604316547,,
distal,0.0,5.0,-90.0,-80.0,normal,0.0,0.11944947582674385,0.22822186729271982
perpendicular,0.0,5.0,-90.0,-80.0,normal,0.0,0.06766026766357902,0.13256250534493078
height,0.0,5.0,-90.0,-80.0,normal,0.0,0.05928235158818297,0.07925919907680457
yaw,0.0,5.0,-90.0,-80.0,normal,0.0,0.035028529048393965,0.06430306504599698
width,0.0,5.0,-90.0,-80.0,normal,0.0,0.12584410078673308,0.12623572004014166
length,0.0,5.0,-90.0,-80.0,normal,0.0,0.07797050065997907,0.21873767738756927
box_height,0.0,5.0,-90.0,-80.0,normal,0.0,0.04992510642285879,0.053586860497792564
score,0.0,5.0,-90.0,-80.0,normal,0.5372697974460713,0.08188569908502592,139
fp_score,0.0,5.0,-90.0,-80.0,normal,0.05829251300366152,0.0816137895359095,21
fp_rate,0.0,5.0,-90.0,-80.0,poisson,0.002955665024630542,21,
miss_detection,0.0,5.0,-80.0,-70.0,constant,0.0,,
distal,0.0,5.0,-80.0,-70.0,normal,0.0,0.08568594955249866,0.12030468566458594
perpendicular,0.0,5.0,-80.0,-70.0,normal,0.0,0.13126472268366723,0.13713219172626814
height,0.0,5.0,-80.0,-70.0,normal,0.0,0.05837255984865666,0.07330429979733058
yaw,0.0,5.0,-80.0,-70.0,normal,0.0,0.04258844138002346,0.05374962849808591
width,0.0,5.0,-80.0,-70.0,normal,0.0,0.20729605077517113,0.2383784226008824
length,0.0,5.0,-80.0,-70.0,normal,0.0,0.10191878047506905,0.12612259671801612
box_height,0.0,5.0,-80.0,-70.0,normal,0.0,0.039373118194722,0.05359535274051484
score,0.0,5.0,-80.0,-70.0,normal,0.6801972509849639,0.1356831509468236,42
fp_score,0.0,5.0,-80.0,-70.0,normal,0.06057442010690769,0.08012042974867137,24
fp_rate,0.0,5.0,-80.0,-70.0,poisson,0.003377902885292048,24,
miss_detection,0.0,5.0,-70.0,-60.0,constant,0.044444444444444446,,
distal,0.0,5.0,-70.0,-60.0,normal,0.0,0.0870267363975702,0.13455549273770007
perpendicular,0.0,5.0,-70.0,-60.0,normal,0.0,0.15639246474459437,0.15738537449942888
height,0.0,5.0,-70.0,-60.0,normal,0.0,0.05370769606189585,0.054212898709053214
yaw,0.0,5.0,-70.0,-60.0,normal,0.0,0.03679156092362283,0.04499992311845512
width,0.0,5.0,-70.0,-60.0,normal,0.0,0.21374172500608468,0.20595983017322628
length,0.0,5.0,-70.0,-60.0,normal,0.0,0.09423154266794367,0.10655314146086227
box_height,0.0,5.0,-70.0,-60.0,normal,0.0,0.06740167388080973,0.07922331399695817
score,0.0,5.0,-70.0,-60.0,normal,0.6554237465525783,0.13510676147936485,45
fp_score,0.0,5.0,-70.0,-60.0,normal,0.04366927949542349,0.04819173220873414,44
fp_rate,0.0,5.0,-70.0,-60.0,poisson,0.006192821956368754,44,
miss_detection,0.0,5.0,-60.0,-50.0,constant,0.03125,,
distal,0.0,5.0,-60.0,-50.0,normal,0.0,0.09930316010694043,0.11888436684531281
perpendicular,0.0,5.0,-60.0,-50.0,normal,0.0,0.1272187349950187,0.10558153717572476
height,0.0,5.0,-60.0,-50.0,normal,0.0,0.04194024971248748,0.053639598431125764
yaw,0.0,5.0,-60.0,-50.0,normal,0.0,0.027767015323055182,0.038324667230734764
width,0.0,5.0,-60.0,-50.0,normal,0.0,0.16192722289793438,0.15141328688590758
length,0.0,5.0,-60.0,-50.0,normal,0.0,0.09471782010219866,0.10607331798922631
box_height,0.0,5.0,-60.0,-50.0,normal,0.0,0.07438956585371934,0.07380092528558546
score,0.0,5.0,-60.0,-50.0,normal,0.6971676589981202,0.1146270555190867,64
fp_score,0.0,5.0,-60.0,-50.0,normal,0.06551790966287903,0.1014852461049326,46
fp_rate,0.0,5.0,-60.0,-50.0,poisson,0.006474313863476425,46,
miss_detection,0.0,5.0,-50.0,-40.0,constant,0.0,,
distal,0.0,5.0,-50.0,-40.0,normal,0.0,0.11328442068890242,0.11890782151184441
perpendicular,0.0,5.0,-50.0,-40.0,normal,0.0,0.12586347270078418,0.17786635282913002
height,0.0,5.0,-50.0,-40.0,normal,0.0,0.03614604229181835,0.05882207642902027
yaw,0.0,5.0,-50.0,-40.0,normal,0.0,0.021671081643686852,0.05230262072555805
width,0.0,5.0,-50.0,-40.0,normal,0.0,0.22224592252036743,0.33481897007335315
length,0.0,5.0,-50.0,-40.0,normal,0.0,0.12984475075952132,0.2176320661198009
box_height,0.0,5.0,-50.0,-40.0,normal,0.0,0.057492759892751474,0.05597590858286077
score,0.0,5.0,-50.0,-40.0,normal,0.5794668996875937,0.10243289465667257,22
fp_score,0.0,5.0,-50.0,-40.0,normal,0.03168748039752245,0.0037786793337443955,4
fp_rate,0.0,5.0,-50.0,-40.0,poisson,0.0005629838142153413,4,
miss_detection,0.0,5.0,-40.0,-30.0,constant,0.0,,
distal,0.0,5.0,-40.0,-30.0,normal,0.0,0.0149733650838274,0.030056533038615746
perpendicular,0.0,5.0,-40.0,-30.0,normal,0.0,0.0909977102499578,0.12639270872081984
height,0.0,5.0,-40.0,-30.0,normal,0.0,0.026458102006060313,0.03636354207992554
yaw,0.0,5.0,-40.0,-30.0,normal,0.0,0.018982285182482267,0.03768291572729746
width,0.0,5.0,-40.0,-30.0,normal,0.0,0.06713054471462049,0.3074623743693034
length,0.0,5.0,-40.0,-30.0,normal,0.0,0.038028126621579124,0.21775543689727783
box_height,0.0,5.0,-40.0,-30.0,normal,0.0,0.008406849918372934,0.06486324469248454
score,0.0,5.0,-40.0,-30.0,normal,0.7148476839065552,0.08444081191251997,3
fp_score,0.0,5.0,-40.0,-30.0,normal,0.03582159678141276,0.006786678435442834,6
fp_rate,0.0,5.0,-40.0,-30.0,poisson,0.000844475721323012,6,
distal,0.0,5.0,-30.0,-20.0,normal,0.0,0.10670268964089145,0.1341431145040028
perpendicular,0.0,5.0,-30.0,-20.0,normal,0.0,0.1338211398378534,0.1528738974612238
height,0.0,5.0,-30.0,-20.0,normal,0.0,0.05143297837910443,0.05332311861016974
yaw,0.0,5.0,-30.0,-20.0,normal,0.0,0.0926999784572843,0.047905274190485375
width,0.0,5.0,-30.0,-20.0,normal,0.0,0.30230650663326186,0.27935321040612543
length,0.0,5.0,-30.0,-20.0,normal,0.0,0.1708206809376774,0.1398779850967897
box_height,0.0,5.0,-30.0,-20.0,normal,0.0,0.07194283219963891,0.08105651365828498
fp_score,0.0,5.0,-30.0,-20.0,normal,0.04607832208275795,0.014812777606021945,5
fp_rate,0.0,5.0,-30.0,-20.0,poisson,0.0007037297677691766,5,
distal,0.0,5.0,-20.0,-10.0,normal,0.0,0.10670268964089145,0.1341431145040028
perpendicular,0.0,5.0,-20.0,-10.0,normal,0.0,0.1338211398378534,0.1528738974612238
height,0.0,5.0,-20.0,-10.0,normal,0.0,0.05143297837910443,0.05332311861016974
yaw,0.0,5.0,-20.0,-10.0,normal,0.0,0.0926999784572843,0.047905274190485375
width,0.0,5.0,-20.0,-10.0,normal,0.0,0.30230650663326186,0.27935321040612543
length,0.0,5.0,-20.0,-10.0,normal,0.0,0.1708206809376774,0.1398779850967897
box_height,0.0,5.0,-20.0,-10.0,normal,0.0,0.07194283219963891,0.08105651365828498
fp_score,0.0,5.0,-20.0,-10.0,normal,0.0428948990468468,0.008744927809902152,7
fp_rate,0.0,5.0,-20.0,-10.0,poisson,0.0009852216748768472,7,
distal,0.0,5.0,20.0,30.0,normal,0.0,0.10670268964089145,0.1341431145040028
perpendicular,0.0,5.0,20.0,30.0,normal,0.0,0.1338211398378534,0.1528738974612238
height,0.0,5.0,20.0,30.0,normal,0.0,0.05143297837910443,0.05332311861016974
yaw,0.0,5.0,20.0,30.0,normal,0.0,0.0926999784572843,0.047905274190485375
width,0.0,5.0,20.0,30.0,normal,0.0,0.30230650663326186,0.27935321040612543
length,0.0,5.0,20.0,30.0,normal,0.0,0.1708206809376774,0.1398779850967897
box_height,0.0,5.0,20.0,30.0,normal,0.0,0.07194283219963891,0.08105651365828498
fp_score,0.0,5.0,20.0,30.0,normal,0.0361786600202322,0.0030401293994201674,5
fp_rate,0.0,5.0,20.0,30.0,poisson,0.0007037297677691766,5,
miss_detection,0.0,5.0,30.0,40.0,constant,0.0,,
distal,0.0,5.0,30.0,40.0,normal,0.0,0.04334949771104875,0.10130869922913231
perpendicular,0.0,5.0,30.0,40.0,normal,0.0,0.01239025062680623,0.016338778862031354
height,0.0,5.0,30.0,40.0,normal,0.0,0.07535492917316317,0.08750596642494202
yaw,0.0,5.0,30.0,40.0,normal,0.0,0.022807502126215788,0.03424890758469701
width,0.0,5.0,30.0,40.0,normal,0.0,0.21711174306390918,0.36460185050964355
length,0.0,5.0,30.0,40.0,normal,0.0,0.026526975174520028,0.18141567707061768
box_height,0.0,5.0,30.0,40.0,normal,0.0,0.08334009312355686,0.10151416063308716
score,0.0,5.0,30.0,40.0,normal,0.750226229429245,0.04894324318743696,4
fp_score,0.0,5.0,30.0,40.0,normal,0.04020997671329457,0.009460115558314785,23
fp_rate,0.0,5.0,30.0,40.0,poisson,0.0032371569317382123,23,
miss_detection,0.0,5.0,40.0,50.0,constant,0.0196078431372549,,
distal,0.0,5.0,40.0,50.0,normal,0.0,0.11822383454981267,0.1647796134552981
perpendicular,0.0,5.0,40.0,50.0,normal,0.0,0.09009602183904747,0.1176247933778493
height,0.0,5.0,40.0,50.0,normal,0.0,0.055320514377779254,0.05429679036140442
yaw,0.0,5.0,40.0,50.0,normal,0.0,0.20847224282711607,0.07182823689188808
width,0.0,5.0,40.0,50.0,normal,0.0,0.4223532912462071,0.4041343951225281
length,0.0,5.0,40.0,50.0,normal,0.0,0.3413886649599957,0.17891119480133055
box_height,0.0,5.0,40.0,50.0,normal,0.0,0.09384459949929846,0.10248581171035767
score,0.0,5.0,40.0,50.0,normal,0.6535385167598724,0.09483519627679268,51
fp_score,0.0,5.0,40.0,50.0,normal,0.03736127465963364,0.0054323356875360905,5
fp_rate,0.0,5.0,40.0,50.0,poisson,0.0007037297677691766,5,
miss_detection,0.0,5.0,50.0,60.0,constant,0.0,,
distal,0.0,5.0,50.0,60.0,normal,0.0,0.12127279578502592,0.12285180321717215
perpendicular,0.0,5.0,50.0,60.0,normal,0.0,0.10015691980227474,0.10081276027472047
height,0.0,5.0,50.0,60.0,normal,0.0,0.04385431028654643,0.05484544400012854
yaw,0.0,5.0,50.0,60.0,normal,0.0,0.025895692718588288,0.030910531704747966
width,0.0,5.0,50.0,60.0,normal,0.0,0.26969310924357504,0.26759407737038354
length,0.0,5.0,50.0,60.0,normal,0.0,0.09782224939083199,0.09559348568771825
box_height,0.0,5.0,50.0,60.0,normal,0.0,0.0661996717002997,0.08177214608047947
score,0.0,5.0,50.0,60.0,normal,0.7439568795941093,0.06750033054039445,165
fp_score,0.0,5.0,50.0,60.0,normal,0.061999110954588856,0.07280294775022703,29
fp_rate,0.0,5.0,50.0,60.0,poisson,0.004081632653061225,29,
miss_detection,0.0,5.0,60.0,70.0,constant,0.018867924528301886,,
distal,0.0,5.0,60.0,70.0,normal,0.0,0.10510481077158253,0.1746723917929377
perpendicular,0.0,5.0,60.0,70.0,normal,0.0,0.10633645793970445,0.14082076483501127
height,0.0,5.0,60.0,70.0,normal,0.0,0.05264322461826256,0.05028235281889255
yaw,0.0,5.0,60.0,70.0,normal,0.0,0.15254031331923606,0.05492910621240083
width,0.0,5.0,60.0,70.0,normal,0.0,0.35917829224309406,0.4037012377610573
length,0.0,5.0,60.0,70.0,normal,0.0,0.23865993974938893,0.16182136191771582
box_height,0.0,5.0,60.0,70.0,normal,0.0,0.08695621098672078,0.09368817508220673
score,0.0,5.0,60.0,70.0,normal,0.6956692532851145,0.11001485525017021,106
fp_score,0.0,5.0,60.0,70.0,normal,0.05242725384646449,0.04150507702398094,29
fp_rate,0.0,5.0,60.0,70.0,poisson,0.004081632653061225,29,
miss_detection,0.0,5.0,70.0,80.0,constant,0.0,,
distal,0.0,5.0,70.0,80.0,normal,0.0,0.1011442459092316,0.1530972991101251
perpendicular,0.0,5.0,70.0,80.0,normal,0.0,0.16364515275560465,0.2251667794016065
height,0.0,5.0,70.0,80.0,normal,0.0,0.03856917016910836,0.0432869091288734
yaw,0.0,5.0,70.0,80.0,normal,0.0,0.042340456983321104,0.04443338389753298
width,0.0,5.0,70.0,80.0,normal,0.0,0.2990992121960979,0.41098494566123905
length,0.0,5.0,70.0,80.0,normal,0.0,0.08862454896585595,0.1507814267209468
box_height,0.0,5.0,70.0,80.0,normal,0.0,0.05935631917558451,0.074706882920884
score,0.0,5.0,70.0,80.0,normal,0.7490310329972333,0.09099301994524457,131
fp_score,0.0,5.0,70.0,80.0,normal,0.0867732020560652,0.10748847116838936,24
fp_rate,0.0,5.0,70.0,80.0,poisson,0.003377902885292048,24,
miss_detection,0.0,5.0,80.0,90.0,constant,0.052083333333333336,,
distal,0.0,5.0,80.0,90.0,normal,0.0,0.06992412755166601,0.1355782738632939
perpendicular,0.0,5.0,80.0,90.0,normal,0.0,0.10283647081514022,0.1723276251973257
height,0.0,5.0,80.0,90.0,normal,0.0,0.03618833305996341,0.05920214246917557
yaw,0.0,5.0,80.0,90.0,normal,0.0,0.03054860340831398,0.0364715964815959
width,0.0,5.0,80.0,90.0,normal,0.0,0.22719008179555175,0.281752347946167
length,0.0,5.0,80.0,90.0,normal,0.0,0.07184513107717785,0.12956755370884152
box_height,0.0,5.0,80.0,90.0,normal,0.0,0.07602432395850847,0.07071457721374846
score,0.0,5.0,80.0,90.0,normal,0.7261194337855329,0.10217841223323443,96
fp_score,0.0,5.0,80.0,90.0,normal,0.1549906172523541,0.16703238133585308,28
fp_rate,0.0,5.0,80.0,90.0,poisson,0.003940886699507389,28,
miss_detection,0.0,5.0,90.0,100.0,constant,0.0,,
distal,0.0,5.0,90.0,100.0,normal,0.0,0.09627800780870004,0.11950725556907481
perpendicular,0.0,5.0,90.0,100.0,normal,0.0,0.19125285826927618,0.261287703703308
height,0.0,5.0,90.0,100.0,normal,0.0,0.05345802952027974,0.04943090089609925
yaw,0.0,5.0,90.0,100.0,normal,0.0,0.037035810904391245,0.052589797767508946
width,0.0,5.0,90.0,100.0,normal,0.0,0.31625779787471936,0.4506216217094744
length,0.0,5.0,90.0,100.0,normal,0.0,0.09904234354909643,0.14603165505637586
box_height,0.0,5.0,90.0,100.0,normal,0.0,0.09566890701917806,0.09612442741931325
score,0.0,5.0,90.0,100.0,normal,0.6264402052046547,0.10639534968629731,71
fp_score,0.0,5.0,90.0,100.0,normal,0.08711425750516355,0.09728670331036159,32
fp_rate,0.0,5.0,90.0,100.0,poisson,0.00450387051372273,32,
miss_detection,0.0,5.0,100.0,110.0,constant,0.06329113924050633,,
distal,0.0,5.0,100.0,110.0,normal,0.0,0.0995226988635798,0.1144845904644772
perpendicular,0.0,5.0,100.0,110.0,normal,0.0,0.18739252239048615,0.2099253310061405
height,0.0,5.0,100.0,110.0,normal,0.0,0.04495731017883816,0.054314534406404234
yaw,0.0,5.0,100.0,110.0,normal,0.0,0.17280343431845605,0.07100116146414395
width,0.0,5.0,100.0,110.0,normal,0.0,0.41155407569674246,0.40318592980101303
length,0.0,5.0,100.0,110.0,normal,0.0,0.29951468455338653,0.16765573379155752
box_height,0.0,5.0,100.0,110.0,normal,0.0,0.07514038478429771,0.09603631496429443
score,0.0,5.0,100.0,110.0,normal,0.7140245872574884,0.1008386444699596,79
fp_score,0.0,5.0,100.0,110.0,normal,0.0451437456379081,0.05517296268218413,157
fp_rate,0.0,5.0,100.0,110.0,poisson,0.022097114707952146,157,
miss_detection,0.0,5.0,110.0,120.0,constant,0.0051813471502590676,,
distal,0.0,5.0,110.0,120.0,normal,0.0,0.06988152875185775,0.0780097927981049
perpendicular,0.0,5.0,110.0,120.0,normal,0.0,0.09157098107471344,0.14776069441619286
height,0.0,5.0,110.0,120.0,normal,0.0,0.04432494680194446,0.029685036279261112
yaw,0.0,5.0,110.0,120.0,normal,0.0,0.0257682301496217,0.03513762816960118
width,0.0,5.0,110.0,120.0,normal,0.0,0.24144360014349692,0.1605957398811976
length,0.0,5.0,110.0,120.0,normal,0.0,0.052178394648505586,0.12043270903329055
box_height,0.0,5.0,110.0,120.0,normal,0.0,0.05010224506278726,0.08516816856960456
score,0.0,5.0,110.0,120.0,normal,0.607103501756986,0.07870957735969773,193
fp_score,0.0,5.0,110.0,120.0,normal,0.06575408667002035,0.08782807061960649,23
fp_rate,0.0,5.0,110.0,120.0,poisson,0.0032371569317382123,23,
miss_detection,0.0,5.0,120.0,130.0,constant,0.0,,
distal,0.0,5.0,120.0,130.0,normal,0.0,0.11728390713644189,0.12903326840347917
perpendicular,0.0,5.0,120.0,130.0,normal,0.0,0.14348104489519842,0.13770815477403217
height,0.0,5.0,120.0,130.0,normal,0.0,0.06066266669240905,0.05787496931023068
yaw,0.0,5.0,120.0,130.0,normal,0.0,0.1788012475749163,0.06316714808370058
width,0.0,5.0,120.0,130.0,normal,0.0,0.39059207980563493,0.4057983458042145
length,0.0,5.0,120.0,130.0,normal,0.0,0.3287982320192304,0.16852984991338518
box_height,0.0,5.0,120.0,130.0,normal,0.0,0.08136756306972492,0.09579529033766852
score,0.0,5.0,120.0,130.0,normal,0.6911092065274715,0.1135390396813956,72
fp_score,0.0,5.0,120.0,130.0,normal,0.10042658574073701,0.08424269685485436,37
fp_rate,0.0,5.0,120.0,130.0,poisson,0.005207600281491907,37,
miss_detection,0.0,5.0,130.0,140.0,constant,0.018867924528301886,,
distal,0.0,5.0,130.0,140.0,normal,0.0,0.0996340745182405,0.13362453256155724
perpendicular,0.0,5.0,130.0,140.0,normal,0.0,0.11819491437543844,0.14974880221755477
height,0.0,5.0,130.0,140.0,normal,0.0,0.06519038358857905,0.07535595618761502
yaw,0.0,5.0,130.0,140.0,normal,0.0,0.21168188929793774,0.07146238182590772
width,0.0,5.0,130.0,140.0,normal,0.0,0.45100662398601365,0.39956600390947783
length,0.0,5.0,130.0,140.0,normal,0.0,0.37866035766456896,0.2070965996155372
box_height,0.0,5.0,130.0,140.0,normal,0.0,0.09079172682224008,0.12234707520558284
score,0.0,5.0,130.0,140.0,normal,0.5998862895828027,0.10593185691283341,53
fp_score,0.0,5.0,130.0,140.0,normal,0.0375480193644762,0.014086472255353522,15
fp_rate,0.0,5.0,130.0,140.0,poisson,0.00211118930330753,15,
miss_detection,0.0,5.0,140.0,150.0,constant,0.0,,
distal,0.0,5.0,140.0,150.0,normal,0.0,0.11052716023309404,0.0952279467046009
perpendicular,0.0,5.0,140.0,150.0,normal,0.0,0.03858880216597837,0.07415486850922424
height,0.0,5.0,140.0,150.0,normal,0.0,0.03546010325595064,0.06871640682220459
yaw,0.0,5.0,140.0,150.0,normal,0.0,0.014459537122200971,0.04666561149060726
width,0.0,5.0,140.0,150.0,normal,0.0,0.12517267468527263,0.22255759239196776
length,0.0,5.0,140.0,150.0,normal,0.0,0.209642791243895,0.23028461933135985
box_height,0.0,5.0,140.0,150.0,normal,0.0,0.08785781427130672,0.18655171394348144
score,0.0,5.0,140.0,150.0,normal,0.758100402355194,0.03832285190418348,5
fp_score,0.0,5.0,140.0,150.0,normal,0.05033705673284001,0.04558184709663002,9
fp_rate,0.0,5.0,140.0,150.0,poisson,0.001266713581984518,9,
distal,0.0,5.0,150.0,160.0,normal,0.0,0.10670268964089145,0.1341431145040028
perpendicular,0.0,5.0,150.0,160.0,normal,0.0,0.1338211398378534,0.1528738974612238
height,0.0,5.0,150.0,160.0,normal,0.0,0.05143297837910443,0.05332311861016974
yaw,0.0,5.0,150.0,160.0,normal,0.0,0.0926999784572843,0.047905274190485375
width,0.0,5.0,150.0,160.0,normal,0.0,0.30230650663326186,0.27935321040612543
length,0.0,5.0,150.0,160.0,normal,0.0,0.1708206809376774,0.1398779850967897
box_height,0.0,5.0,150.0,160.0,normal,0.0,0.07194283219963891,0.08105651365828498
fp_score,0.0,5.0,150.0,160.0,normal,0.03953631718953451,0.0037422268202184843,3
fp_rate,0.0,5.0,150.0,160.0,poisson,0.000422237860661506,3,
distal,0.0,5.0,160.0,170.0,normal,0.0,0.10670268964089145,0.1341431145040028
perpendicular,0.0,5.0,160.0,170.0,normal,0.0,0.1338211398378534,0.1528738974612238
height,0.0,5.0,160.0,170.0,normal,0.0,0.05143297837910443,0.05332311861016974
yaw,0.0,5.0,160.0,170.0,normal,0.0,0.0926999784572843,0.047905274190485375
width,0.0,5.0,160.0,170.0,normal,0.0,0.30230650663326186,0.27935321040612543
length,0.0,5.0,160.0,170.0,normal,0.0,0.1708206809376774,0.1398779850967897
box_height,0.0,5.0,160.0,170.0,normal,0.0,0.07194283219963891,0.08105651365828498
fp_rate,0.0,5.0,160.0,170.0,poisson,0.00014074595355383532,1,
miss_detection,5.0,10.0,-180.0,-170.0,constant,0.12149532710280374,,
distal,5.0,10.0,-180.0,-170.0,normal,0.0,0.07082003883516175,0.0870955264558802
perpendicular,5.0,10.0,-180.0,-170.0,normal,0.0,0.029361330035423006,0.04570489796704329
height,5.0,10.0,-180.0,-170.0,normal,0.0,0.08222326997815219,0.06671508723962391
yaw,5.0,10.0,-180.0,-170.0,normal,0.0,0.022706529987136414,0.031392478952943906
width,5.0,10.0,-180.0,-170.0,normal,0.0,0.09757774211982626,0.08550066643572868
length,5.0,10.0,-180.0,-170.0,normal,0.0,0.08389853975168568,0.1370681807504478
box_height,5.0,10.0,-180.0,-170.0,normal,0.0,0.083662705665372,0.07027225756476112
score,5.0,10.0,-180.0,-170.0,normal,0.6752210599733582,0.08152293276472926,321
fp_score,5.0,10.0,-180.0,-170.0,normal,0.6465820767978827,0.163981950254201,75
fp_rate,5.0,10.0,-180.0,-170.0,poisson,0.01055594651653765,75,
miss_detection,5.0,10.0,-170.0,-160.0,constant,0.0,,
distal,5.0,10.0,-170.0,-160.0,normal,0.0,0.1429850927507083,0.16151133336759252
perpendicular,5.0,10.0,-170.0,-160.0,normal,0.0,0.039579119380423626,0.07498266003860643
height,5.0,10.0,-170.0,-160.0,normal,0.0,0.02963632645005964,0.051176607608795166
yaw,5.0,10.0,-170.0,-160.0,normal,0.0,0.024063914087996633,0.043519160826690495
width,5.0,10.0,-170.0,-160.0,normal,0.0,0.1890065754650618,0.19798340116228377
length,5.0,10.0,-170.0,-160.0,normal,0.0,0.03036009030944596,0.0812164374760219
box_height,5.0,10.0,-170.0,-160.0,normal,0.0,0.04429087287131285,0.11328423023223877
score,5.0,10.0,-170.0,-160.0,normal,0.7310673679624285,0.04797802221334506,7
fp_score,5.0,10.0,-170.0,-160.0,normal,0.14707384529438886,0.09520164574834973,33
fp_rate,5.0,10.0,-170.0,-160.0,poisson,0.004644616467276565,33,
miss_detection,5.0,10.0,-160.0,-150.0,constant,0.004,,
distal,5.0,10.0,-160.0,-150.0,normal,0.0,0.19463605149244712,0.1986551461509719
perpendicular,5.0,10.0,-160.0,-150.0,normal,0.0,0.051226925779584945,0.06752544032599564
height,5.0,10.0,-160.0,-150.0,normal,0.0,0.05313298746858353,0.06850017601227665
yaw,5.0,10.0,-160.0,-150.0,normal,0.0,0.030593317679554307,0.03405196411861481
width,5.0,10.0,-160.0,-150.0,normal,0.0,0.20448144257823997,0.2672907626293749
length,5.0,10.0,-160.0,-150.0,normal,0.0,0.06270765649309253,0.06228608108428588
box_height,5.0,10.0,-160.0,-150.0,normal,0.0,0.06550095345007353,0.08053401579339821
score,5.0,10.0,-160.0,-150.0,normal,0.7382595816769274,0.10342353739281934,250
fp_score,5.0,10.0,-160.0,-150.0,normal,0.06485715669325808,0.04441416411707605,22
fp_rate,5.0,10.0,-160.0,-150.0,poisson,0.003096410978184377,22,
miss_detection,5.0,10.0,-150.0,-140.0,constant,0.03773584905660377,,
distal,5.0,10.0,-150.0,-140.0,normal,0.0,0.18448827319644218,0.1464184493975874
perpendicular,5.0,10.0,-150.0,-140.0,normal,0.0,0.0891430010167596,0.09995833729772219
height,5.0,10.0,-150.0,-140.0,normal,0.0,0.06189152595135338,0.06457395296470791
yaw,5.0,10.0,-150.0,-140.0,normal,0.0,0.04032109750619667,0.04178723052039048
width,5.0,10.0,-150.0,-140.0,normal,0.0,0.24187280433541966,0.24456263523475796
length,5.0,10.0,-150.0,-140.0,normal,0.0,0.0946019915392247,0.1012682318687439
box_height,5.0,10.0,-150.0,-140.0,normal,0.0,0.10293075657259591,0.1159904634251314
score,5.0,10.0,-150.0,-140.0,normal,0.7042937956604303,0.12204715103035908,106
fp_score,5.0,10.0,-150.0,-140.0,normal,0.06032921513542533,0.04432820426304698,40
fp_rate,5.0,10.0,-150.0,-140.0,poisson,0.005629838142153413,40,
miss_detection,5.0,10.0,-140.0,-130.0,constant,0.043478260869565216,,
distal,5.0,10.0,-140.0,-130.0,normal,0.0,0.11380565401502087,0.15145639360792748
perpendicular,5.0,10.0,-140.0,-130.0,normal,0.0,0.09325026242368419,0.12470599945943882
height,5.0,10.0,-140.0,-130.0,normal,0.0,0.05968928470605477,0.08258178784991756
yaw,5.0,10.0,-140.0,-130.0,normal,0.0,0.027578658981669165,0.03340136044778663
width,5.0,10.0,-140.0,-130.0,normal,0.0,0.294009797077038,0.37211105859640875
length,5.0,10.0,-140.0,-130.0,normal,0.0,0.13963884587720998,0.16050737193136505
box_height,5.0,10.0,-140.0,-130.0,normal,0.0,0.1030321112230247,0.11605479048960136
score,5.0,10.0,-140.0,-130.0,normal,0.7047389147408081,0.10112595035600402,138
fp_score,5.0,10.0,-140.0,-130.0,normal,0.0603013918554598,0.09659598901815264,129
fp_rate,5.0,10.0,-140.0,-130.0,poisson,0.01815622800844476,129,
miss_detection,5.0,10.0,-130.0,-120.0,constant,0.021505376344086023,,
distal,5.0,10.0,-130.0,-120.0,normal,0.0,0.13724504086108247,0.15764411551199983
perpendicular,5.0,10.0,-130.0,-120.0,normal,0.0,0.1623548479439313,0.15556039243583714
height,5.0,10.0,-130.0,-120.0,normal,0.0,0.06294279318983392,0.08281563337032612
yaw,5.0,10.0,-130.0,-120.0,normal,0.0,0.03241667133113092,0.03602049178648535
width,5.0,10.0,-130.0,-120.0,normal,0.0,0.3419649463060758,0.3939000040620238
length,5.0,10.0,-130.0,-120.0,normal,0.0,0.13169845687348827,0.1684443793454013
box_height,5.0,10.0,-130.0,-120.0,normal,0.0,0.11787611998375823,0.14050226290147383
score,5.0,10.0,-130.0,-120.0,normal,0.6594577880351098,0.10946408254127626,93
fp_score,5.0,10.0,-130.0,-120.0,normal,0.05677199688141055,0.048040142416341525,213
fp_rate,5.0,10.0,-130.0,-120.0,poisson,0.029978888106966924,213,
miss_detection,5.0,10.0,-120.0,-110.0,constant,0.06329113924050633,,
distal,5.0,10.0,-120.0,-110.0,normal,0.0,0.09203211406555216,0.09858430349744451
perpendicular,5.0,10.0,-120.0,-110.0,normal,0.0,0.1301817574987004,0.13521001314986125
height,5.0,10.0,-120.0,-110.0,normal,0.0,0.07903846745938692,0.09453057678970131
yaw,5.0,10.0,-120.0,-110.0,normal,0.0,0.0416951103673491,0.04755628989487131
width,5.0,10.0,-120.0,-110.0,normal,0.0,0.3009431745563093,0.38179785496479757
length,5.0,10.0,-120.0,-110.0,normal,0.0,0.13673547808217962,0.16207329808054743
box_height,5.0,10.0,-120.0,-110.0,normal,0.0,0.11865565846311803,0.12317701449265352
score,5.0,10.0,-120.0,-110.0,normal,0.6400515586137772,0.1316428142707384,79
fp_score,5.0,10.0,-120.0,-110.0,normal,0.059473603846771375,0.059452144704744504,175
fp_rate,5.0,10.0,-120.0,-110.0,poisson,0.024630541871921183,175,
miss_detection,5.0,10.0,-110.0,-100.0,constant,0.04285714285714286,,
distal,5.0,10.0,-110.0,-100.0,normal,0.0,0.08089037343642899,0.10310615203586876
perpendicular,5.0,10.0,-110.0,-100.0,normal,0.0,0.15004899758495124,0.16477619545357053
height,5.0,10.0,-110.0,-100.0,normal,0.0,0.08149086719215701,0.10509014841335923
yaw,5.0,10.0,-110.0,-100.0,normal,0.0,0.03506931976149911,0.045668154618542844
width,5.0,10.0,-110.0,-100.0,normal,0.0,0.279678704533586,0.3544087232048832
length,5.0,10.0,-110.0,-100.0,normal,0.0,0.1364784863299498,0.1595967830117069
box_height,5.0,10.0,-110.0,-100.0,normal,0.0,0.11494069654391185,0.13993338328688892
score,5.0,10.0,-110.0,-100.0,normal,0.6632808010969589,0.12989941229405133,70
fp_score,5.0,10.0,-110.0,-100.0,normal,0.06624778017551455,0.07027889183989228,199
fp_rate,5.0,10.0,-110.0,-100.0,poisson,0.02800844475721323,199,
miss_detection,5.0,10.0,-100.0,-90.0,constant,0.07865168539325842,,
distal,5.0,10.0,-100.0,-90.0,normal,0.0,0.0658079359940122,0.06529419681559454
perpendicular,5.0,10.0,-100.0,-90.0,normal,0.0,0.11552732042310822,0.15224792997484063
height,5.0,10.0,-100.0,-90.0,normal,0.0,0.07099337554818175,0.08493439962224263
yaw,5.0,10.0,-100.0,-90.0,normal,0.0,0.0431355934908651,0.04485445660851305
width,5.0,10.0,-100.0,-90.0,normal,0.0,0.2885535582488956,0.25638040972918996
length,5.0,10.0,-100.0,-90.0,normal,0.0,0.10991701356882838,0.12549690938577418
box_height,5.0,10.0,-100.0,-90.0,normal,0.0,0.09257430557926277,0.1621016569253875
score,5.0,10.0,-100.0,-90.0,normal,0.6693778016218325,0.12826465350404337,89
fp_score,5.0,10.0,-100.0,-90.0,normal,0.05986662114384897,0.06268760219580582,307
fp_rate,5.0,10.0,-100.0,-90.0,poisson,0.04320900774102745,307,
miss_detection,5.0,10.0,-90.0,-80.0,constant,0.08641975308641975,,
distal,5.0,10.0,-90.0,-80.0,normal,0.0,0.08841525702486243,0.09116695144150956
perpendicular,5.0,10.0,-90.0,-80.0,normal,0.0,0.14425083418585274,0.1370493699003977
height,5.0,10.0,-90.0,-80.0,normal,0.0,0.0832555229501605,0.10342001673337575
yaw,5.0,10.0,-90.0,-80.0,normal,0.0,0.04351480118320034,0.0474760135207641
width,5.0,10.0,-90.0,-80.0,normal,0.0,0.2955685549253352,0.2871609217411763
length,5.0,10.0,-90.0,-80.0,normal,0.0,0.1291195926512755,0.13776019296130618
box_height,5.0,10.0,-90.0,-80.0,normal,0.0,0.10062528457601728,0.16990515831354502
score,5.0,10.0,-90.0,-80.0,normal,0.6582184649399809,0.1208145691836342,81
fp_score,5.0,10.0,-90.0,-80.0,normal,0.067760120995872,0.08605748116455834,183
fp_rate,5.0,10.0,-90.0,-80.0,poisson,0.025756509500351864,183,
miss_detection,5.0,10.0,-80.0,-70.0,constant,0.0847457627118644,,
distal,5.0,10.0,-80.0,-70.0,normal,0.0,0.0741066046413151,0.10326937871366526
perpendicular,5.0,10.0,-80.0,-70.0,normal,0.0,0.14048195943081832,0.1778279880402971
height,5.0,10.0,-80.0,-70.0,normal,0.0,0.08425710927725825,0.12715396947330898
yaw,5.0,10.0,-80.0,-70.0,normal,0.0,0.0452701763896064,0.06322336333148458
width,5.0,10.0,-80.0,-70.0,normal,0.0,0.2731416944676076,0.3635413205182111
length,5.0,10.0,-80.0,-70.0,normal,0.0,0.13847044269076553,0.16338342207449455
box_height,5.0,10.0,-80.0,-70.0,normal,0.0,0.13365162908543282,0.1535085020241914
score,5.0,10.0,-80.0,-70.0,normal,0.6428927878538767,0.1148689991126597,59
fp_score,5.0,10.0,-80.0,-70.0,normal,0.06548012472609038,0.081271202026512,279
fp_rate,5.0,10.0,-80.0,-70.0,poisson,0.039268121041520054,279,
miss_detection,5.0,10.0,-70.0,-60.0,constant,0.09859154929577464,,
distal,5.0,10.0,-70.0,-60.0,normal,0.0,0.09918908019931501,0.12894350916645653
perpendicular,5.0,10.0,-70.0,-60.0,normal,0.0,0.12757884185517604,0.16559972436157544
height,5.0,10.0,-70.0,-60.0,normal,0.0,0.07435126188334892,0.10460253711789846
yaw,5.0,10.0,-70.0,-60.0,normal,0.0,0.03698152880313537,0.05511188968937508
width,5.0,10.0,-70.0,-60.0,normal,0.0,0.30053704333451337,0.4002474211156368
length,5.0,10.0,-70.0,-60.0,normal,0.0,0.14251118662760107,0.18574240058660507
box_height,5.0,10.0,-70.0,-60.0,normal,0.0,0.09792036073584419,0.1044145729392767
score,5.0,10.0,-70.0,-60.0,normal,0.6366318101063371,0.13487026684820272,71
fp_score,5.0,10.0,-70.0,-60.0,normal,0.07371879767798149,0.08112486031497114,369
fp_rate,5.0,10.0,-70.0,-60.0,poisson,0.051935256861365235,369,
miss_detection,5.0,10.0,-60.0,-50.0,constant,0.07142857142857142,,
distal,5.0,10.0,-60.0,-50.0,normal,0.0,0.13926998224573328,0.16612685117065554
perpendicular,5.0,10.0,-60.0,-50.0,normal,0.0,0.14718532577096458,0.1555502726159808
height,5.0,10.0,-60.0,-50.0,normal,0.0,0.05599963617440324,0.07932952122810559
yaw,5.0,10.0,-60.0,-50.0,normal,0.0,0.03580623649554167,0.058147584923948996
width,5.0,10.0,-60.0,-50.0,normal,0.0,0.29935207648613377,0.3988094604932345
length,5.0,10.0,-60.0,-50.0,normal,0.0,0.1265438968844177,0.17809554552420592
box_height,5.0,10.0,-60.0,-50.0,normal,0.0,0.09731216164417027,0.11982159125499237
score,5.0,10.0,-60.0,-50.0,normal,0.6695788533259661,0.11810981025174765,84
fp_score,5.0,10.0,-60.0,-50.0,normal,0.0768493953636372,0.08691808233019048,286
fp_rate,5.0,10.0,-60.0,-50.0,poisson,0.040253342716396905,286,
miss_detection,5.0,10.0,-50.0,-40.0,constant,0.056451612903225805,,
distal,5.0,10.0,-50.0,-40.0,normal,0.0,0.1319076092677454,0.18103679813749407
perpendicular,5.0,10.0,-50.0,-40.0,normal,0.0,0.11004157934531518,0.1242024058665574
height,5.0,10.0,-50.0,-40.0,normal,0.0,0.05765700549963593,0.07078770694569644
yaw,5.0,10.0,-50.0,-40.0,normal,0.0,0.03897475577512275,0.05575344594136187
width,5.0,10.0,-50.0,-40.0,normal,0.0,0.2715795396272709,0.2977760958875346
length,5.0,10.0,-50.0,-40.0,normal,0.0,0.12825688146976608,0.16759090851514769
box_height,5.0,10.0,-50.0,-40.0,normal,0.0,0.11672524671011231,0.1223512837010571
score,5.0,10.0,-50.0,-40.0,normal,0.7133189773457682,0.1043377725272535,124
fp_score,5.0,10.0,-50.0,-40.0,normal,0.08431362579762935,0.11072711646122987,250
fp_rate,5.0,10.0,-50.0,-40.0,poisson,0.03518648838845883,250,
miss_detection,5.0,10.0,-40.0,-30.0,constant,0.05102040816326531,,
distal,5.0,10.0,-40.0,-30.0,normal,0.0,0.12052485264141359,0.16322260820465595
perpendicular,5.0,10.0,-40.0,-30.0,normal,0.0,0.06993952209218518,0.09563807257202793
height,5.0,10.0,-40.0,-30.0,normal,0.0,0.05241475814072147,0.06165647058076756
yaw,5.0,10.0,-40.0,-30.0,normal,0.0,0.036018403308836724,0.05710451111518432
width,5.0,10.0,-40.0,-30.0,normal,0.0,0.22051937347818792,0.2677957703990321
length,5.0,10.0,-40.0,-30.0,normal,0.0,0.09809128451215848,0.12409265964261947
box_height,5.0,10.0,-40.0,-30.0,normal,0.0,0.07497128142780675,0.09071756819243072
score,5.0,10.0,-40.0,-30.0,normal,0.7221325043068137,0.10280609723641587,98
fp_score,5.0,10.0,-40.0,-30.0,normal,0.08765491778814347,0.09320007916301558,107
fp_rate,5.0,10.0,-40.0,-30.0,poisson,0.01505981703026038,107,
miss_detection,5.0,10.0,-30.0,-20.0,constant,0.010101010101010102,,
distal,5.0,10.0,-30.0,-20.0,normal,0.0,0.11689823966457027,0.1458847449441847
perpendicular,5.0,10.0,-30.0,-20.0,normal,0.0,0.06651591886239307,0.09529789562928029
height,5.0,10.0,-30.0,-20.0,normal,0.0,0.04666941329789862,0.060498791081564765
yaw,5.0,10.0,-30.0,-20.0,normal,0.0,0.037433832094208155,0.07033424964417442
width,5.0,10.0,-30.0,-20.0,normal,0.0,0.22499087994458433,0.2588068611767827
length,5.0,10.0,-30.0,-20.0,normal,0.0,0.06628024849716437,0.10574983090770487
box_height,5.0,10.0,-30.0,-20.0,normal,0.0,0.08514116120714454,0.07684235913412911
score,5.0,10.0,-30.0,-20.0,normal,0.704291007044364,0.1250226327947877,99
fp_score,5.0,10.0,-30.0,-20.0,normal,0.08480382255382007,0.12488413573103009,45
fp_rate,5.0,10.0,-30.0,-20.0,poisson,0.0063335679099225895,45,
miss_detection,5.0,10.0,-20.0,-10.0,constant,0.0,,
distal,5.0,10.0,-20.0,-10.0,normal,0.0,0.11375701402339432,0.27694604315659704
perpendicular,5.0,10.0,-20.0,-10.0,normal,0.0,0.046297497643304576,0.07135282185618001
height,5.0,10.0,-20.0,-10.0,normal,0.0,0.041052580228872544,0.0654655968149503
yaw,5.0,10.0,-20.0,-10.0,normal,0.0,0.025406355533649966,0.03504914086205831
width,5.0,10.0,-20.0,-10.0,normal,0.0,0.2551443241702103,0.800296368698279
length,5.0,10.0,-20.0,-10.0,normal,0.0,0.04356227121858221,0.20133051648736
box_height,5.0,10.0,-20.0,-10.0,normal,0.0,0.10934774589346902,0.2771424874663353
score,5.0,10.0,-20.0,-10.0,normal,0.646122402821978,0.09246559159101364,96
fp_score,5.0,10.0,-20.0,-10.0,normal,0.06622424484653906,0.039942263833095605,22
fp_rate,5.0,10.0,-20.0,-10.0,poisson,0.003096410978184377,22,
miss_detection,5.0,10.0,-10.0,0.0,constant,0.0,,
distal,5.0,10.0,-10.0,0.0,normal,0.0,0.09788984661399805,0.13660101661912571
perpendicular,5.0,10.0,-10.0,0.0,normal,0.0,0.030128041663837583,0.043346035752103815
height,5.0,10.0,-10.0,0.0,normal,0.0,0.020495345821034343,0.027696330863309193
yaw,5.0,10.0,-10.0,0.0,normal,0.0,0.025575104374920454,0.037011096667153354
width,5.0,10.0,-10.0,0.0,normal,0.0,0.18292104823336527,0.1774169852934688
length,5.0,10.0,-10.0,0.0,normal,0.0,0.055256721749490874,0.05061815349931219
box_height,5.0,10.0,-10.0,0.0,normal,0.0,0.038831796624388265,0.05223209312163204
score,5.0,10.0,-10.0,0.0,normal,0.6365952534847948,0.10234486084813142,249
fp_score,5.0,10.0,-10.0,0.0,normal,0.03969927132129669,0.0038220927185773153,6
fp_rate,5.0,10.0,-10.0,0.0,poisson,0.000844475721323012,6,
miss_detection,5.0,10.0,0.0,10.0,constant,0.0,,
distal,5.0,10.0,0.0,10.0,normal,0.0,0.08816965617189855,0.1163175040225483
perpendicular,5.0,10.0,0.0,10.0,normal,0.0,0.04102413201904418,0.06536417223494287
height,5.0,10.0,0.0,10.0,normal,0.0,0.017417232569355384,0.03979682191017946
yaw,5.0,10.0,0.0,10.0,normal,0.0,0.0376310415321543,0.06562535226158754
width,5.0,10.0,0.0,10.0,normal,0.0,0.1950601260338075,0.26993996672835086
length,5.0,10.0,0.0,10.0,normal,0.0,0.08051781643561458,0.09221637870636454
box_height,5.0,10.0,0.0,10.0,normal,0.0,0.027856616611771804,0.04920904182948949
score,5.0,10.0,0.0,10.0,normal,0.6623521344793355,0.13098278792644508,326
fp_rate,5.0,10.0,0.0,10.0,poisson,0.0,0,
miss_detection,5.0,10.0,10.0,20.0,constant,0.0,,
distal,5.0,10.0,10.0,20.0,normal,0.0,0.10236881390651882,0.16479983425229341
perpendicular,5.0,10.0,10.0,20.0,normal,0.0,0.04424209113398716,0.05205007068407054
height,5.0,10.0,10.0,20.0,normal,0.0,0.03349371576891226,0.093509850844945
yaw,5.0,10.0,10.0,20.0,normal,0.0,0.02754229728657143,0.06605106514993392
width,5.0,10.0,10.0,20.0,normal,0.0,0.12905296440064234,0.289976761765676
length,5.0,10.0,10.0,20.0,normal,0.0,0.026233210754537703,0.10513289415673034
box_height,5.0,10.0,10.0,20.0,normal,0.0,0.049907460409362336,0.08524327000526533
score,5.0,10.0,10.0,20.0,normal,0.6652477816359638,0.04127602024990537,146
fp_score,5.0,10.0,10.0,20.0,normal,0.03283347209241796,0.009857586623335683,47
fp_rate,5.0,10.0,10.0,20.0,poisson,0.006615059817030261,47,
miss_detection,5.0,10.0,20.0,30.0,constant,0.018518518518518517,,
distal,5.0,10.0,20.0,30.0,normal,0.0,0.14229129172320656,0.16918781646565312
perpendicular,5.0,10.0,20.0,30.0,normal,0.0,0.06619241766322544,0.08945564813496776
height,5.0,10.0,20.0,30.0,normal,0.0,0.057694665533613944,0.06523348681581845
yaw,5.0,10.0,20.0,30.0,normal,0.0,0.12321482983899472,0.0491302976118341
width,5.0,10.0,20.0,30.0,normal,0.0,0.32140928180686346,0.3601034902176767
length,5.0,10.0,20.0,30.0,normal,0.0,0.215677798485748,0.16041053728487506
box_height,5.0,10.0,20.0,30.0,normal,0.0,0.07921670002040584,0.09716093952550828
score,5.0,10.0,20.0,30.0,normal,0.7480064064451734,0.09669656740944446,324
fp_score,5.0,10.0,20.0,30.0,normal,0.13999086423692378,0.20426583974011453,22
fp_rate,5.0,10.0,20.0,30.0,poisson,0.003096410978184377,22,
miss_detection,5.0,10.0,30.0,40.0,constant,0.01937984496124031,,
distal,5.0,10.0,30.0,40.0,normal,0.0,0.1311028173369085,0.16443873204199405
perpendicular,5.0,10.0,30.0,40.0,normal,0.0,0.08459631506924443,0.08972075804121772
height,5.0,10.0,30.0,40.0,normal,0.0,0.05263068745342747,0.0572703657414131
yaw,5.0,10.0,30.0,40.0,normal,0.0,0.1387678252144697,0.05138060838097005
width,5.0,10.0,30.0,40.0,normal,0.0,0.3300218121461236,0.35593852224086114
length,5.0,10.0,30.0,40.0,normal,0.0,0.24854873827937088,0.16444613010044626
box_height,5.0,10.0,30.0,40.0,normal,0.0,0.0813065496761265,0.09990919720042836
score,5.0,10.0,30.0,40.0,normal,0.7543301346744944,0.09349147720580617,258
fp_score,5.0,10.0,30.0,40.0,normal,0.09775578611712346,0.14153762167379888,87
fp_rate,5.0,10.0,30.0,40.0,poisson,0.012244897959183673,87,
miss_detection,5.0,10.0,40.0,50.0,constant,0.029850746268656716,,
distal,5.0,10.0,40.0,50.0,normal,0.0,0.1079795707499716,0.16711222208934023
perpendicular,5.0,10.0,40.0,50.0,normal,0.0,0.07670486487528769,0.08681954138996033
height,5.0,10.0,40.0,50.0,normal,0.0,0.04854842567210446,0.05295182649905865
yaw,5.0,10.0,40.0,50.0,normal,0.0,0.022940714485051323,0.03598040742219768
width,5.0,10.0,40.0,50.0,normal,0.0,0.2283991592515397,0.30843332975338666
length,5.0,10.0,40.0,50.0,normal,0.0,0.09335639038309916,0.13485174607007933
box_height,5.0,10.0,40.0,50.0,normal,0.0,0.09934898770154346,0.1138996619444627
score,5.0,10.0,40.0,50.0,normal,0.7594794507210071,0.08387018904921531,201
fp_score,5.0,10.0,40.0,50.0,normal,0.09005215113100253,0.11868911054400431,95
fp_rate,5.0,10.0,40.0,50.0,poisson,0.013370865587614356,95,
miss_detection,5.0,10.0,50.0,60.0,constant,0.04891304347826087,,
distal,5.0,10.0,50.0,60.0,normal,0.0,0.09459933870575238,0.11749717614323717
perpendicular,5.0,10.0,50.0,60.0,normal,0.0,0.07501756814380155,0.09750929367510616
height,5.0,10.0,50.0,60.0,normal,0.0,0.0472834887408455,0.058138569763728554
yaw,5.0,10.0,50.0,60.0,normal,0.0,0.03282109630329387,0.043057860263026736
width,5.0,10.0,50.0,60.0,normal,0.0,0.1752835227850669,0.25938245773315427
length,5.0,10.0,50.0,60.0,normal,0.0,0.084679195899469,0.11118386132376534
box_height,5.0,10.0,50.0,60.0,normal,0.0,0.11384318419828877,0.13334351880209785
score,5.0,10.0,50.0,60.0,normal,0.7382551087651934,0.10377188549420008,184
fp_score,5.0,10.0,50.0,60.0,normal,0.07652332277611439,0.0924707164450366,193
fp_rate,5.0,10.0,50.0,60.0,poisson,0.027163969035890217,193,
miss_detection,5.0,10.0,60.0,70.0,constant,0.05,,
distal,5.0,10.0,60.0,70.0,normal,0.0,0.07684884765125258,0.08057150095437175
perpendicular,5.0,10.0,60.0,70.0,normal,0.0,0.12107713770349482,0.09838508899328531
height,5.0,10.0,60.0,70.0,normal,0.0,0.0507775059524859,0.0556069823136007
yaw,5.0,10.0,60.0,70.0,normal,0.0,0.02318950920059515,0.031203139166524847
width,5.0,10.0,60.0,70.0,normal,0.0,0.2384633028889019,0.27826590645582155
length,5.0,10.0,60.0,70.0,normal,0.0,0.10829513019792722,0.11935732866588392
box_height,5.0,10.0,60.0,70.0,normal,0.0,0.11423376798810962,0.13919026779949217
score,5.0,10.0,60.0,70.0,normal,0.7577176378633743,0.10908896384608,140
fp_score,5.0,10.0,60.0,70.0,normal,0.08017607030272483,0.1087166519517158,125
fp_rate,5.0,10.0,60.0,70.0,poisson,0.017593244194229415,125,
miss_detection,5.0,10.0,70.0,80.0,constant,0.061224489795918366,,
distal,5.0,10.0,70.0,80.0,normal,0.0,0.08496622064750634,0.09584262908417626
perpendicular,5.0,10.0,70.0,80.0,normal,0.0,0.12944745684915507,0.13446471620582887
height,5.0,10.0,70.0,80.0,normal,0.0,0.057145374446730936,0.08119335252305736
yaw,5.0,10.0,70.0,80.0,normal,0.0,0.04028655757802986,0.05110494051348315
width,5.0,10.0,70.0,80.0,normal,0.0,0.23065054300504906,0.24963104984034662
length,5.0,10.0,70.0,80.0,normal,0.0,0.10959071012963086,0.14959087579146677
box_height,5.0,10.0,70.0,80.0,normal,0.0,0.14262916932299796,0.14520464772763458
score,5.0,10.0,70.0,80.0,normal,0.6604492351736712,0.12709242783505936,98
fp_score,5.0,10.0,70.0,80.0,normal,0.07510496301478461,0.1030321718952325,95
fp_rate,5.0,10.0,70.0,80.0,poisson,0.013370865587614356,95,
miss_detection,5.0,10.0,80.0,90.0,constant,0.038461538461538464,,
distal,5.0,10.0,80.0,90.0,normal,0.0,0.08187799402856069,0.09716112681084514
perpendicular,5.0,10.0,80.0,90.0,normal,0.0,0.16972182735878927,0.16498937328148586
height,5.0,10.0,80.0,90.0,normal,0.0,0.06401460075634113,0.07286132454872131
yaw,5.0,10.0,80.0,90.0,normal,0.0,0.03956288526684184,0.044460099931961455
width,5.0,10.0,80.0,90.0,normal,0.0,0.24732330934143054,0.2832448720932007
length,5.0,10.0,80.0,90.0,normal,0.0,0.11468742724784693,0.16312746047973634
box_height,5.0,10.0,80.0,90.0,normal,0.0,0.1275006527549684,0.13479613542556762
score,5.0,10.0,80.0,90.0,normal,0.632741726487875,0.1428478666810602,104
fp_score,5.0,10.0,80.0,90.0,normal,0.05476707006507207,0.0657337032500556,191
fp_rate,5.0,10.0,80.0,90.0,poisson,0.02688247712878255,191,
miss_detection,5.0,10.0,90.0,100.0,constant,0.09473684210526316,,
distal,5.0,10.0,90.0,100.0,normal,0.0,0.07646618868681739,0.09297817276753158
perpendicular,5.0,10.0,90.0,100.0,normal,0.0,0.11870493630135501,0.150216343987977
height,5.0,10.0,90.0,100.0,normal,0.0,0.054230969524593886,0.06905173978140187
yaw,5.0,10.0,90.0,100.0,normal,0.0,0.03917156965946167,0.04854750468799068
width,5.0,10.0,90.0,100.0,normal,0.0,0.21968625709334902,0.2748481090678725
length,5.0,10.0,90.0,100.0,normal,0.0,0.11415329375370678,0.1453513364459193
box_height,5.0,10.0,90.0,100.0,normal,0.0,0.12317031172332722,0.13773599059082742
score,5.0,10.0,90.0,100.0,normal,0.6297697106073069,0.14263882286521498,95
fp_score,5.0,10.0,90.0,100.0,normal,0.07336074519245063,0.11339654674174494,136
fp_rate,5.0,10.0,90.0,100.0,poisson,0.019141449683321606,136,
miss_detection,5.0,10.0,100.0,110.0,constant,0.06,,
distal,5.0,10.0,100.0,110.0,normal,0.0,0.09059049994489632,0.10860941801829839
perpendicular,5.0,10.0,100.0,110.0,normal,0.0,0.18565384841854035,0.19696409340831658
height,5.0,10.0,100.0,110.0,normal,0.0,0.058753882268169216,0.07727692482319284
yaw,5.0,10.0,100.0,110.0,normal,0.0,0.03729731782788889,0.04665687119210764
width,5.0,10.0,100.0,110.0,normal,0.0,0.2520319323672867,0.2793463671461065
length,5.0,10.0,100.0,110.0,normal,0.0,0.10785160743088658,0.14078332769109847
box_height,5.0,10.0,100.0,110.0,normal,0.0,0.14455185588227343,0.14688274454563222
score,5.0,10.0,100.0,110.0,normal,0.6408313073693438,0.12027175828965696,100
fp_score,5.0,10.0,100.0,110.0,normal,0.07045842385427518,0.07646948550063423,121
fp_rate,5.0,10.0,100.0,110.0,poisson,0.017030260380014074,121,
miss_detection,5.0,10.0,110.0,120.0,constant,0.03723404255319149,,
distal,5.0,10.0,110.0,120.0,normal,0.0,0.06337605261541286,0.08840554780734071
perpendicular,5.0,10.0,110.0,120.0,normal,0.0,0.13724028777546549,0.13689738427888676
height,5.0,10.0,110.0,120.0,normal,0.0,0.05207411338891886,0.11841884601182041
yaw,5.0,10.0,110.0,120.0,normal,0.0,0.03140542237213173,0.045015660910586515
width,5.0,10.0,110.0,120.0,normal,0.0,0.23397264924879896,0.1790856985756047
length,5.0,10.0,110.0,120.0,normal,0.0,0.08745522243387502,0.06696779227388498
box_height,5.0,10.0,110.0,120.0,normal,0.0,0.08489264852699158,0.10470948364194585
score,5.0,10.0,110.0,120.0,normal,0.6428771219859466,0.07698339432950899,188
fp_score,5.0,10.0,110.0,120.0,normal,0.07714762054092716,0.10356327782157389,128
fp_rate,5.0,10.0,110.0,120.0,poisson,0.01801548205489092,128,
miss_detection,5.0,10.0,120.0,130.0,constant,0.1044776119402985,,
distal,5.0,10.0,120.0,130.0,normal,0.0,0.12373358224853444,0.1412575025944908
perpendicular,5.0,10.0,120.0,130.0,normal,0.0,0.16087889835493907,0.16287475056189407
height,5.0,10.0,120.0,130.0,normal,0.0,0.04842846604165307,0.062233383456865944
yaw,5.0,10.0,120.0,130.0,normal,0.0,0.03430116412257476,0.04448273832280337
width,5.0,10.0,120.0,130.0,normal,0.0,0.30965328437009293,0.3463133732477824
length,5.0,10.0,120.0,130.0,normal,0.0,0.09698728972235546,0.1569408158461253
box_height,5.0,10.0,120.0,130.0,normal,0.0,0.1310406500908893,0.14094496369361878
score,5.0,10.0,120.0,130.0,normal,0.6936470478773117,0.09394795064785598,67
fp_score,5.0,10.0,120.0,130.0,normal,0.093661437615109,0.11431802529175586,139
fp_rate,5.0,10.0,120.0,130.0,poisson,0.019563687543983112,139,
miss_detection,5.0,10.0,130.0,140.0,constant,0.23484848484848486,,
distal,5.0,10.0,130.0,140.0,normal,0.0,0.10649807373692528,0.13302890980075788
perpendicular,5.0,10.0,130.0,140.0,normal,0.0,0.09157379234716052,0.10501621217311657
height,5.0,10.0,130.0,140.0,normal,0.0,0.04555885005326373,0.05136776973705481
yaw,5.0,10.0,130.0,140.0,normal,0.0,0.04015169289459332,0.0465706671536022
width,5.0,10.0,130.0,140.0,normal,0.0,0.31717997070096626,0.35324641973665444
length,5.0,10.0,130.0,140.0,normal,0.0,0.09818031441705431,0.15101126397010123
box_height,5.0,10.0,130.0,140.0,normal,0.0,0.11097378683301082,0.10824589564068483
score,5.0,10.0,130.0,140.0,normal,0.7425772205437764,0.09996812106989045,132
fp_score,5.0,10.0,130.0,140.0,normal,0.1327922901365201,0.18751687388405403,148
fp_rate,5.0,10.0,130.0,140.0,poisson,0.020830401125967627,148,
miss_detection,5.0,10.0,140.0,150.0,constant,0.1965065502183406,,
distal,5.0,10.0,140.0,150.0,normal,0.0,0.11732930648753968,0.13772165681779103
perpendicular,5.0,10.0,140.0,150.0,normal,0.0,0.08354855281891593,0.10532217158758242
height,5.0,10.0,140.0,150.0,normal,0.0,0.05762107784033092,0.05880768921064294
yaw,5.0,10.0,140.0,150.0,normal,0.0,0.11431631561876911,0.05064384919600605
width,5.0,10.0,140.0,150.0,normal,0.0,0.33815453023805725,0.3339120097782301
length,5.0,10.0,140.0,150.0,normal,0.0,0.22176705046185755,0.15182324855223947
box_height,5.0,10.0,140.0,150.0,normal,0.0,0.09483023956706077,0.11179666415504787
score,5.0,10.0,140.0,150.0,normal,0.7182632802945116,0.11749335587867513,229
fp_score,5.0,10.0,140.0,150.0,normal,0.13039962789487272,0.18429840956930732,210
fp_rate,5.0,10.0,140.0,150.0,poisson,0.029556650246305417,210,
miss_detection,5.0,10.0,150.0,160.0,constant,0.1440677966101695,,
distal,5.0,10.0,150.0,160.0,normal,0.0,0.12324773350711164,0.15684056577161237
perpendicular,5.0,10.0,150.0,160.0,normal,0.0,0.07897000351695087,0.10547511550459664
height,5.0,10.0,150.0,160.0,normal,0.0,0.058603385563435126,0.06961945456640162
yaw,5.0,10.0,150.0,160.0,normal,0.0,0.12386563653029135,0.0502249302107325
width,5.0,10.0,150.0,160.0,normal,0.0,0.2961556807617829,0.31902321573137843
length,5.0,10.0,150.0,160.0,normal,0.0,0.24415704961776255,0.16039535472101898
box_height,5.0,10.0,150.0,160.0,normal,0.0,0.08229051291951418,0.10053334377779818
score,5.0,10.0,150.0,160.0,normal,0.7066044522197333,0.12640976669189033,354
fp_score,5.0,10.0,150.0,160.0,normal,0.27231964659620456,0.27919269553951387,127
fp_rate,5.0,10.0,150.0,160.0,poisson,0.017874736101337087,127,
miss_detection,5.0,10.0,160.0,170.0,constant,0.0,,
distal,5.0,10.0,160.0,170.0,normal,0.0,0.09721831391239807,0.10707808498361666
perpendicular,5.0,10.0,160.0,170.0,normal,0.0,0.07878657313559081,0.08945222688924141
height,5.0,10.0,160.0,170.0,normal,0.0,0.03514010297235148,0.05744905674711187
yaw,5.0,10.0,160.0,170.0,normal,0.0,0.2162979627251139,0.0713908754937013
width,5.0,10.0,160.0,170.0,normal,0.0,0.4185937806766609,0.3373534933049628
length,5.0,10.0,160.0,170.0,normal,0.0,0.4012072795652103,0.19142715474392505
box_height,5.0,10.0,160.0,170.0,normal,0.0,0.07954616359090524,0.08482103652142464
score,5.0,10.0,160.0,170.0,normal,0.7350197193470407,0.08626004247843269,47
fp_score,5.0,10.0,160.0,170.0,normal,0.0398200334146105,0.012153310804883985,29
fp_rate,5.0,10.0,160.0,170.0,poisson,0.004081632653061225,29,
miss_detection,5.0,10.0,170.0,180.0,constant,0.27927927927927926,,
distal,5.0,10.0,170.0,180.0,normal,0.0,0.09209267156426397,0.2038214380159436
perpendicular,5.0,10.0,170.0,180.0,normal,0.0,0.04798593267621733,0.0648532841728777
height,5.0,10.0,170.0,180.0,normal,0.0,0.07057857374675644,0.05496432185173035
yaw,5.0,10.0,170.0,180.0,normal,0.0,0.027618696807440463,0.036198735021753234
width,5.0,10.0,170.0,180.0,normal,0.0,0.06366151036685808,0.07716885805130005
length,5.0,10.0,170.0,180.0,normal,0.0,0.03128863536645709,0.08605341464281083
box_height,5.0,10.0,170.0,180.0,normal,0.0,0.08392721909282079,0.0462361752986908
score,5.0,10.0,170.0,180.0,normal,0.7627879202365875,0.05445664361247857,111
fp_score,5.0,10.0,170.0,180.0,normal,0.03002917890747388,0.004259748493448645,6
fp_rate,5.0,10.0,170.0,180.0,poisson,0.000844475721323012,6,
miss_detection,10.0,15.0,-180.0,-170.0,constant,0.0,,
distal,10.0,15.0,-180.0,-170.0,normal,0.0,0.07106343035756857,0.11040767360687156
perpendicular,10.0,15.0,-180.0,-170.0,normal,0.0,0.043285846971925536,0.043313909370919265
height,10.0,15.0,-180.0,-170.0,normal,0.0,0.04104475203599319,0.05335558692054569
yaw,10.0,15.0,-180.0,-170.0,normal,0.0,0.029619473945349566,0.03696542304608219
width,10.0,15.0,-180.0,-170.0,normal,0.0,0.16632504129402875,0.19754029775449367
length,10.0,15.0,-180.0,-170.0,normal,0.0,0.0681968252864,0.11647601362685082
box_height,10.0,15.0,-180.0,-170.0,normal,0.0,0.06937499906279102,0.06191490513618004
score,10.0,15.0,-180.0,-170.0,normal,0.7189421319345913,0.08566007387007438,213
fp_score,10.0,15.0,-180.0,-170.0,normal,0.05782404029741883,0.03998486407167346,20
fp_rate,10.0,15.0,-180.0,-170.0,poisson,0.0028149190710767065,20,
miss_detection,10.0,15.0,-170.0,-160.0,constant,0.0058823529411764705,,
distal,10.0,15.0,-170.0,-160.0,normal,0.0,0.12451660710589012,0.14472212841723608
perpendicular,10.0,15.0,-170.0,-160.0,normal,0.0,0.052899301119140166,0.07150626739258176
height,10.0,15.0,-170.0,-160.0,normal,0.0,0.046204519723848876,0.08325709993317282
yaw,10.0,15.0,-170.0,-160.0,normal,0.0,0.03593654540913196,0.04707243841399091
width,10.0,15.0,-170.0,-160.0,normal,0.0,0.17371441739053056,0.2298693487630088
length,10.0,15.0,-170.0,-160.0,normal,0.0,0.06617220731993,0.09220563377854386
box_height,10.0,15.0,-170.0,-160.0,normal,0.0,0.07953752250999299,0.10950643000518076
score,10.0,15.0,-170.0,-160.0,normal,0.7036290827411167,0.12921120771092504,170
fp_score,10.0,15.0,-170.0,-160.0,normal,0.08859394202680931,0.06174529039041376,97
fp_rate,10.0,15.0,-170.0,-160.0,poisson,0.013652357494722026,97,
miss_detection,10.0,15.0,-160.0,-150.0,constant,0.01951219512195122,,
distal,10.0,15.0,-160.0,-150.0,normal,0.0,0.13822362557186343,0.13170635829094915
perpendicular,10.0,15.0,-160.0,-150.0,normal,0.0,0.07472494941328203,0.0847637336803332
height,10.0,15.0,-160.0,-150.0,normal,0.0,0.059553439848509686,0.07355469583871946
yaw,10.0,15.0,-160.0,-150.0,normal,0.0,0.030924071660019235,0.0436843541689421
width,10.0,15.0,-160.0,-150.0,normal,0.0,0.2413112991789027,0.2953506642906227
length,10.0,15.0,-160.0,-150.0,normal,0.0,0.1309082007745718,0.13793031137381026
box_height,10.0,15.0,-160.0,-150.0,normal,0.0,0.11251611752970336,0.11144282390822226
score,10.0,15.0,-160.0,-150.0,normal,0.7084021240621063,0.11155198416498345,205
fp_score,10.0,15.0,-160.0,-150.0,normal,0.050234809898191096,0.03639773411531825,191
fp_rate,10.0,15.0,-160.0,-150.0,poisson,0.02688247712878255,191,
miss_detection,10.0,15.0,-150.0,-140.0,constant,0.025,,
distal,10.0,15.0,-150.0,-140.0,normal,0.0,0.09855184190049375,0.09631705281804316
perpendicular,10.0,15.0,-150.0,-140.0,normal,0.0,0.07217666971746632,0.11394688300802958
height,10.0,15.0,-150.0,-140.0,normal,0.0,0.05378163429684689,0.08155190377008348
yaw,10.0,15.0,-150.0,-140.0,normal,0.0,0.03834925172312076,0.06291516165132782
width,10.0,15.0,-150.0,-140.0,normal,0.0,0.21929060174317042,0.26470183802174996
length,10.0,15.0,-150.0,-140.0,normal,0.0,0.14086972525921185,0.1143276870469034
box_height,10.0,15.0,-150.0,-140.0,normal,0.0,0.10029222843460722,0.08948584790631528
score,10.0,15.0,-150.0,-140.0,normal,0.7141435267506065,0.09719494839439023,280
fp_score,10.0,15.0,-150.0,-140.0,normal,0.05838662882386142,0.05043508773211473,478
fp_rate,10.0,15.0,-150.0,-140.0,poisson,0.06727656579873328,478,
miss_detection,10.0,15.0,-140.0,-130.0,constant,0.22727272727272727,,
distal,10.0,15.0,-140.0,-130.0,normal,0.0,0.16051648233910334,0.17797845425688696
perpendicular,10.0,15.0,-140.0,-130.0,normal,0.0,0.12177734085855549,0.18214999978381585
height,10.0,15.0,-140.0,-130.0,normal,0.0,0.05714609775771813,0.07820221957038431
yaw,10.0,15.0,-140.0,-130.0,normal,0.0,0.049797295176998504,0.053157497354591125
width,10.0,15.0,-140.0,-130.0,normal,0.0,0.22298318615967513,0.2572772082160501
length,10.0,15.0,-140.0,-130.0,normal,0.0,0.12160562929138638,0.16193619896383846
box_height,10.0,15.0,-140.0,-130.0,normal,0.0,0.12395026916952918,0.10138642086702235
score,10.0,15.0,-140.0,-130.0,normal,0.6581942631917841,0.13869945632991745,22
fp_score,10.0,15.0,-140.0,-130.0,normal,0.05923064743272132,0.058642672262947844,360
fp_rate,10.0,15.0,-140.0,-130.0,poisson,0.050668543279380716,360,
miss_detection,10.0,15.0,-130.0,-120.0,constant,0.3333333333333333,,
distal,10.0,15.0,-130.0,-120.0,normal,0.0,0.13402112584480738,0.12401953761577392
perpendicular,10.0,15.0,-130.0,-120.0,normal,0.0,0.11763567620725396,0.16067186881876291
height,10.0,15.0,-130.0,-120.0,normal,0.0,0.056647585946256455,0.06936652281067589
yaw,10.0,15.0,-130.0,-120.0,normal,0.0,0.04920080986298594,0.06470348767517174
width,10.0,15.0,-130.0,-120.0,normal,0.0,0.2411669014083609,0.26991651274941186
length,10.0,15.0,-130.0,-120.0,normal,0.0,0.07305193985256893,0.13986311717466873
box_height,10.0,15.0,-130.0,-120.0,normal,0.0,0.11440175830703965,0.14751078323884445
score,10.0,15.0,-130.0,-120.0,normal,0.5112086371942,0.17803769595386912,33
fp_score,10.0,15.0,-130.0,-120.0,normal,0.060211558321505106,0.06741913620202315,393
fp_rate,10.0,15.0,-130.0,-120.0,poisson,0.055313159746657285,393,
miss_detection,10.0,15.0,-120.0,-110.0,constant,0.3333333333333333,,
distal,10.0,15.0,-120.0,-110.0,normal,0.0,0.1367714713776952,0.22750174376535715
perpendicular,10.0,15.0,-120.0,-110.0,normal,0.0,0.13670830183476665,0.20797604272072692
height,10.0,15.0,-120.0,-110.0,normal,0.0,0.05590143462399339,0.08531578257679939
yaw,10.0,15.0,-120.0,-110.0,normal,0.0,0.038206793091282595,0.06618107110261917
width,10.0,15.0,-120.0,-110.0,normal,0.0,0.1784975875332013,0.2330741137266159
length,10.0,15.0,-120.0,-110.0,normal,0.0,0.07918957339868378,0.10392137616872787
box_height,10.0,15.0,-120.0,-110.0,normal,0.0,0.11779579509348131,0.1989237293601036
score,10.0,15.0,-120.0,-110.0,normal,0.4856486991047859,0.20417776477221644,24
fp_score,10.0,15.0,-120.0,-110.0,normal,0.06069717061323806,0.07452382749211815,312
fp_rate,10.0,15.0,-120.0,-110.0,poisson,0.04391273750879662,312,
miss_detection,10.0,15.0,-110.0,-100.0,constant,0.2727272727272727,,
distal,10.0,15.0,-110.0,-100.0,normal,0.0,0.14654671724225513,0.15841233215320547
perpendicular,10.0,15.0,-110.0,-100.0,normal,0.0,0.13209746175910278,0.16251390238632737
height,10.0,15.0,-110.0,-100.0,normal,0.0,0.04460895262034062,0.07042480260133743
yaw,10.0,15.0,-110.0,-100.0,normal,0.0,0.0372838951335919,0.07616501487791538
width,10.0,15.0,-110.0,-100.0,normal,0.0,0.14784957099875667,0.271135076880455
length,10.0,15.0,-110.0,-100.0,normal,0.0,0.07060038752082323,0.11023041605949402
box_height,10.0,15.0,-110.0,-100.0,normal,0.0,0.09895668985789641,0.16067606210708618
score,10.0,15.0,-110.0,-100.0,normal,0.5199272874742746,0.18055910264574926,22
fp_score,10.0,15.0,-110.0,-100.0,normal,0.060460916796021245,0.0875254483579317,283
fp_rate,10.0,15.0,-110.0,-100.0,poisson,0.0398311048557354,283,
miss_detection,10.0,15.0,-100.0,-90.0,constant,0.38095238095238093,,
distal,10.0,15.0,-100.0,-90.0,normal,0.0,0.12441032909720663,0.13563072256274747
perpendicular,10.0,15.0,-100.0,-90.0,normal,0.0,0.1002563483012186,0.12196067645062685
height,10.0,15.0,-100.0,-90.0,normal,0.0,0.046914167048136654,0.07460949971125676
yaw,10.0,15.0,-100.0,-90.0,normal,0.0,0.05768417194099566,0.0860830215880504
width,10.0,15.0,-100.0,-90.0,normal,0.0,0.2378056142896393,0.2710740382854755
length,10.0,15.0,-100.0,-90.0,normal,0.0,0.12473244498419045,0.13833172504718488
box_height,10.0,15.0,-100.0,-90.0,normal,0.0,0.10877689647188132,0.1621076143704928
score,10.0,15.0,-100.0,-90.0,normal,0.4425000353501393,0.23813506316776287,21
fp_score,10.0,15.0,-100.0,-90.0,normal,0.05384215437951162,0.05658002425607205,388
fp_rate,10.0,15.0,-100.0,-90.0,poisson,0.054609429978888104,388,
miss_detection,10.0,15.0,-90.0,-80.0,constant,0.04929577464788732,,
distal,10.0,15.0,-90.0,-80.0,normal,0.0,0.10401045426374406,0.21349038554561006
perpendicular,10.0,15.0,-90.0,-80.0,normal,0.0,0.04493300733685226,0.06696829553252238
height,10.0,15.0,-90.0,-80.0,normal,0.0,0.038054203181273616,0.06280483448946918
yaw,10.0,15.0,-90.0,-80.0,normal,0.0,0.11039181761738211,0.08886005523012057
width,10.0,15.0,-90.0,-80.0,normal,0.0,0.14279101554716372,0.11749849849277072
length,10.0,15.0,-90.0,-80.0,normal,0.0,0.048733601253153555,0.0629659308327569
box_height,10.0,15.0,-90.0,-80.0,normal,0.0,0.05386446995039207,0.11862544748518201
score,10.0,15.0,-90.0,-80.0,normal,0.34200892017947304,0.08715326197907018,142
fp_score,10.0,15.0,-90.0,-80.0,normal,0.05450049080956536,0.05222935156090931,409
fp_rate,10.0,15.0,-90.0,-80.0,poisson,0.05756509500351865,409,
miss_detection,10.0,15.0,-80.0,-70.0,constant,0.19047619047619047,,
distal,10.0,15.0,-80.0,-70.0,normal,0.0,0.16426402485406386,0.23529098135351326
perpendicular,10.0,15.0,-80.0,-70.0,normal,0.0,0.08291238334370574,0.11924923764443951
height,10.0,15.0,-80.0,-70.0,normal,0.0,0.056479564103764444,0.08600729353287641
yaw,10.0,15.0,-80.0,-70.0,normal,0.0,0.06237621062054839,0.13007373910616427
width,10.0,15.0,-80.0,-70.0,normal,0.0,0.27268039872150973,0.2659164176267736
length,10.0,15.0,-80.0,-70.0,normal,0.0,0.0908880205972715,0.0924983725828283
box_height,10.0,15.0,-80.0,-70.0,normal,0.0,0.11716196381130912,0.18810043615453384
score,10.0,15.0,-80.0,-70.0,normal,0.44579246026628155,0.2291757497310419,21
fp_score,10.0,15.0,-80.0,-70.0,normal,0.06238106587718574,0.0601692378835252,417
fp_rate,10.0,15.0,-80.0,-70.0,poisson,0.05869106263194933,417,
miss_detection,10.0,15.0,-70.0,-60.0,constant,0.23333333333333334,,
distal,10.0,15.0,-70.0,-60.0,normal,0.0,0.11607606654802978,0.17862598826342976
perpendicular,10.0,15.0,-70.0,-60.0,normal,0.0,0.09308788461328343,0.09738979682570674
height,10.0,15.0,-70.0,-60.0,normal,0.0,0.05478741136421458,0.061230830524278725
yaw,10.0,15.0,-70.0,-60.0,normal,0.0,0.08666626577423626,0.1195030061014039
width,10.0,15.0,-70.0,-60.0,normal,0.0,0.2810983428953067,0.3577731588612432
length,10.0,15.0,-70.0,-60.0,normal,0.0,0.08284981031766621,0.0957238829654196
box_height,10.0,15.0,-70.0,-60.0,normal,0.0,0.13178632252249067,0.1666007145591404
score,10.0,15.0,-70.0,-60.0,normal,0.42733800670374994,0.20213864596801845,30
fp_score,10.0,15.0,-70.0,-60.0,normal,0.06357860746197483,0.06256818325132511,461
fp_rate,10.0,15.0,-70.0,-60.0,poisson,0.06488388458831809,461,
miss_detection,10.0,15.0,-60.0,-50.0,constant,0.23684210526315788,,
distal,10.0,15.0,-60.0,-50.0,normal,0.0,0.11951383068160451,0.17983701230572033
perpendicular,10.0,15.0,-60.0,-50.0,normal,0.0,0.11160252494237505,0.17289520866106692
height,10.0,15.0,-60.0,-50.0,normal,0.0,0.04734295996050985,0.06537743889052293
yaw,10.0,15.0,-60.0,-50.0,normal,0.0,0.07361611605170063,0.11520502650538711
width,10.0,15.0,-60.0,-50.0,normal,0.0,0.24345200551993418,0.28600603958656046
length,10.0,15.0,-60.0,-50.0,normal,0.0,0.08253367868127852,0.11364171833827577
box_height,10.0,15.0,-60.0,-50.0,normal,0.0,0.10169584273211742,0.13004471104720544
score,10.0,15.0,-60.0,-50.0,normal,0.44113843451286183,0.20124562235072213,38
fp_score,10.0,15.0,-60.0,-50.0,normal,0.05905849474052397,0.07039026405815249,416
fp_rate,10.0,15.0,-60.0,-50.0,poisson,0.0585503166783955,416,
miss_detection,10.0,15.0,-50.0,-40.0,constant,0.2,,
distal,10.0,15.0,-50.0,-40.0,normal,0.0,0.110835813984806,0.15310777401585074
perpendicular,10.0,15.0,-50.0,-40.0,normal,0.0,0.09404064270920616,0.14200815543158757
height,10.0,15.0,-50.0,-40.0,normal,0.0,0.044172967311146526,0.05737705156207085
yaw,10.0,15.0,-50.0,-40.0,normal,0.0,0.06985084462889507,0.09482557501306399
width,10.0,15.0,-50.0,-40.0,normal,0.0,0.2454666551870582,0.26639845967292786
length,10.0,15.0,-50.0,-40.0,normal,0.0,0.09502005893475653,0.14399440586566925
box_height,10.0,15.0,-50.0,-40.0,normal,0.0,0.0645993931466085,0.08108334988355637
score,10.0,15.0,-50.0,-40.0,normal,0.510357765480876,0.19615986747362885,20
fp_score,10.0,15.0,-50.0,-40.0,normal,0.054356072787087775,0.04142525706518989,519
fp_rate,10.0,15.0,-50.0,-40.0,poisson,0.07304714989444054,519,
miss_detection,10.0,15.0,-40.0,-30.0,constant,0.027522935779816515,,
distal,10.0,15.0,-40.0,-30.0,normal,0.0,0.15189759488377885,0.19251487197840902
perpendicular,10.0,15.0,-40.0,-30.0,normal,0.0,0.09301555214601841,0.1097208694100304
height,10.0,15.0,-40.0,-30.0,normal,0.0,0.055780287484736145,0.06813731395973349
yaw,10.0,15.0,-40.0,-30.0,normal,0.0,0.040750035579755914,0.06336938144701967
width,10.0,15.0,-40.0,-30.0,normal,0.0,0.27881335102263816,0.3284114216858486
length,10.0,15.0,-40.0,-30.0,normal,0.0,0.14185040920651854,0.19906402646370655
box_height,10.0,15.0,-40.0,-30.0,normal,0.0,0.0786969421599101,0.10928675138725424
score,10.0,15.0,-40.0,-30.0,normal,0.7001186884799093,0.1140429310466248,109
fp_score,10.0,15.0,-40.0,-30.0,normal,0.05628870756393581,0.05804080284612692,396
fp_rate,10.0,15.0,-40.0,-30.0,poisson,0.05573539760731879,396,
miss_detection,10.0,15.0,-30.0,-20.0,constant,0.058823529411764705,,
distal,10.0,15.0,-30.0,-20.0,normal,0.0,0.14277009965183374,0.20429467046835345
perpendicular,10.0,15.0,-30.0,-20.0,normal,0.0,0.08211131330056093,0.10417730157423906
height,10.0,15.0,-30.0,-20.0,normal,0.0,0.07480169768772602,0.0801700008186427
yaw,10.0,15.0,-30.0,-20.0,normal,0.0,0.037419963381270696,0.05915565880095133
width,10.0,15.0,-30.0,-20.0,normal,0.0,0.26841035451257533,0.3457705608823083
length,10.0,15.0,-30.0,-20.0,normal,0.0,0.1306713141765178,0.16147555817257275
box_height,10.0,15.0,-30.0,-20.0,normal,0.0,0.12072718902327668,0.12850653718818317
score,10.0,15.0,-30.0,-20.0,normal,0.7345297665081241,0.11356046205171846,187
fp_score,10.0,15.0,-30.0,-20.0,normal,0.06985730878218557,0.0913444818088639,132
fp_rate,10.0,15.0,-30.0,-20.0,poisson,0.01857846586910626,132,
miss_detection,10.0,15.0,-20.0,-10.0,constant,0.14102564102564102,,
distal,10.0,15.0,-20.0,-10.0,normal,0.0,0.12187883326643963,0.1743643084230093
perpendicular,10.0,15.0,-20.0,-10.0,normal,0.0,0.05914227818443485,0.07577197450459489
height,10.0,15.0,-20.0,-10.0,normal,0.0,0.05699902522805943,0.056735992876451403
yaw,10.0,15.0,-20.0,-10.0,normal,0.0,0.048025619772284804,0.07451431407315359
width,10.0,15.0,-20.0,-10.0,normal,0.0,0.2643169153184081,0.3782452549507369
length,10.0,15.0,-20.0,-10.0,normal,0.0,0.0680891913981761,0.11614811598364987
box_height,10.0,15.0,-20.0,-10.0,normal,0.0,0.12357568773554051,0.0890562151795003
score,10.0,15.0,-20.0,-10.0,normal,0.6912561966412103,0.12040562433400696,312
fp_score,10.0,15.0,-20.0,-10.0,normal,0.18089418274356178,0.17511667368638312,163
fp_rate,10.0,15.0,-20.0,-10.0,poisson,0.02294159042927516,163,
miss_detection,10.0,15.0,-10.0,0.0,constant,0.038461538461538464,,
distal,10.0,15.0,-10.0,0.0,normal,0.0,0.10228226196972785,0.10002935964806499
perpendicular,10.0,15.0,-10.0,0.0,normal,0.0,0.07968438111972304,0.06374302015422757
height,10.0,15.0,-10.0,0.0,normal,0.0,0.059475868516048976,0.0657491910457611
yaw,10.0,15.0,-10.0,0.0,normal,0.0,0.045475609682819614,0.06217799320954555
width,10.0,15.0,-10.0,0.0,normal,0.0,0.20115467106376073,0.45132884025573733
length,10.0,15.0,-10.0,0.0,normal,0.0,0.06682547235203622,0.09238592624664306
box_height,10.0,15.0,-10.0,0.0,normal,0.0,0.12374825209494329,0.12381876707077026
score,10.0,15.0,-10.0,0.0,normal,0.46606792986392975,0.07258568660583398,52
fp_score,10.0,15.0,-10.0,0.0,normal,0.058556040128072105,0.06838224740393181,69
fp_rate,10.0,15.0,-10.0,0.0,poisson,0.009711470795214637,69,
miss_detection,10.0,15.0,0.0,10.0,constant,0.00625,,
distal,10.0,15.0,0.0,10.0,normal,0.0,0.08361163646048057,0.12176279331543803
perpendicular,10.0,15.0,0.0,10.0,normal,0.0,0.04678539449660553,0.05548548052954524
height,10.0,15.0,0.0,10.0,normal,0.0,0.05776658487306764,0.047281082696134936
yaw,10.0,15.0,0.0,10.0,normal,0.0,0.03313188356271563,0.04967645455529429
width,10.0,15.0,0.0,10.0,normal,0.0,0.21579358128705015,0.2731594979388159
length,10.0,15.0,0.0,10.0,normal,0.0,0.07462851599906646,0.1310840717651559
box_height,10.0,15.0,0.0,10.0,normal,0.0,0.10239552843491669,0.07703931001747179
score,10.0,15.0,0.0,10.0,normal,0.7125842404440514,0.11065033291953849,160
fp_score,10.0,15.0,0.0,10.0,normal,0.04151048184628936,0.045501718996567166,69
fp_rate,10.0,15.0,0.0,10.0,poisson,0.009711470795214637,69,
miss_detection,10.0,15.0,10.0,20.0,constant,0.01694915254237288,,
distal,10.0,15.0,10.0,20.0,normal,0.0,0.1167789804099299,0.16558548740643023
perpendicular,10.0,15.0,10.0,20.0,normal,0.0,0.06316505387906785,0.0880322985074139
height,10.0,15.0,10.0,20.0,normal,0.0,0.06263768008980207,0.0687173798937222
yaw,10.0,15.0,10.0,20.0,normal,0.0,0.14101231464090433,0.05217270561083295
width,10.0,15.0,10.0,20.0,normal,0.0,0.310361179574505,0.31198986876627494
length,10.0,15.0,10.0,20.0,normal,0.0,0.23690231274928059,0.16810398934216336
box_height,10.0,15.0,10.0,20.0,normal,0.0,0.09428292134732137,0.10100801263389916
score,10.0,15.0,10.0,20.0,normal,0.7335752327765884,0.11423587216537988,472
fp_score,10.0,15.0,10.0,20.0,normal,0.10632459033580346,0.15914864557770972,87
fp_rate,10.0,15.0,10.0,20.0,poisson,0.012244897959183673,87,
miss_detection,10.0,15.0,20.0,30.0,constant,0.03492063492063492,,
distal,10.0,15.0,20.0,30.0,normal,0.0,0.13468737911464682,0.15881528360846733
perpendicular,10.0,15.0,20.0,30.0,normal,0.0,0.06368922276013565,0.09285489916584308
height,10.0,15.0,20.0,30.0,normal,0.0,0.05241077702556376,0.05443885785184408
yaw,10.0,15.0,20.0,30.0,normal,0.0,0.02621437467590198,0.03249652058515925
width,10.0,15.0,20.0,30.0,normal,0.0,0.2509734118234198,0.30786218141254623
length,10.0,15.0,20.0,30.0,normal,0.0,0.09003782986175987,0.15132767550255122
box_height,10.0,15.0,20.0,30.0,normal,0.0,0.10299150366654357,0.10154939835008822
score,10.0,15.0,20.0,30.0,normal,0.7487620697601846,0.10042270534737725,315
fp_score,10.0,15.0,20.0,30.0,normal,0.06844220469797278,0.09588848994600604,173
fp_rate,10.0,15.0,20.0,30.0,poisson,0.02434904996481351,173,
miss_detection,10.0,15.0,30.0,40.0,constant,0.06358381502890173,,
distal,10.0,15.0,30.0,40.0,normal,0.0,0.11669011196451708,0.13296879721684327
perpendicular,10.0,15.0,30.0,40.0,normal,0.0,0.10297019094774998,0.1107883212605702
height,10.0,15.0,30.0,40.0,normal,0.0,0.07218817905586286,0.06492934881904978
yaw,10.0,15.0,30.0,40.0,normal,0.0,0.0326134979677665,0.04344376272224104
width,10.0,15.0,30.0,40.0,normal,0.0,0.2633805116889919,0.26416265964508057
length,10.0,15.0,30.0,40.0,normal,0.0,0.11303348007261732,0.151978737042274
box_height,10.0,15.0,30.0,40.0,normal,0.0,0.15227287929533181,0.14566100747496993
score,10.0,15.0,30.0,40.0,normal,0.6924479631362138,0.13571212044293093,173
fp_score,10.0,15.0,30.0,40.0,normal,0.07140805578338595,0.09891447279384187,307
fp_rate,10.0,15.0,30.0,40.0,poisson,0.04320900774102745,307,
miss_detection,10.0,15.0,40.0,50.0,constant,0.025735294117647058,,
distal,10.0,15.0,40.0,50.0,normal,0.0,0.12164984707415946,0.1254803695728466
perpendicular,10.0,15.0,40.0,50.0,normal,0.0,0.10521472906540107,0.0981029210206711
height,10.0,15.0,40.0,50.0,normal,0.0,0.051860022388571465,0.04833831854586331
yaw,10.0,15.0,40.0,50.0,normal,0.0,0.04083331593671813,0.05090257115769304
width,10.0,15.0,40.0,50.0,normal,0.0,0.24136526259854532,0.19632610375026488
length,10.0,15.0,40.0,50.0,normal,0.0,0.09667175719517655,0.10430213370413151
box_height,10.0,15.0,40.0,50.0,normal,0.0,0.08185655385993579,0.1211705320286301
score,10.0,15.0,40.0,50.0,normal,0.7601403032271368,0.134855591973866,272
fp_score,10.0,15.0,40.0,50.0,normal,0.08222475492539891,0.10458735696388377,187
fp_rate,10.0,15.0,40.0,50.0,poisson,0.026319493314567205,187,
miss_detection,10.0,15.0,50.0,60.0,constant,0.02877697841726619,,
distal,10.0,15.0,50.0,60.0,normal,0.0,0.11447195331156394,0.1337688164543608
perpendicular,10.0,15.0,50.0,60.0,normal,0.0,0.1027227168259206,0.12288746574008481
height,10.0,15.0,50.0,60.0,normal,0.0,0.06342219116918241,0.0692284451590644
yaw,10.0,15.0,50.0,60.0,normal,0.0,0.029581982211252297,0.03949898846497151
width,10.0,15.0,50.0,60.0,normal,0.0,0.23302677018844084,0.23427195019192165
length,10.0,15.0,50.0,60.0,normal,0.0,0.11513738688010909,0.1339194933573405
box_height,10.0,15.0,50.0,60.0,normal,0.0,0.11502999439464284,0.1324613677130805
score,10.0,15.0,50.0,60.0,normal,0.696753630593971,0.11966789600498211,139
fp_score,10.0,15.0,50.0,60.0,normal,0.08654761074801846,0.10537060037537772,248
fp_rate,10.0,15.0,50.0,60.0,poisson,0.03490499648135116,248,
miss_detection,10.0,15.0,60.0,70.0,constant,0.023809523809523808,,
distal,10.0,15.0,60.0,70.0,normal,0.0,0.09367315638772736,0.09373394219821807
perpendicular,10.0,15.0,60.0,70.0,normal,0.0,0.11999385848518658,0.13858505148311834
height,10.0,15.0,60.0,70.0,normal,0.0,0.06373345954763679,0.06832649649643316
yaw,10.0,15.0,60.0,70.0,normal,0.0,0.044294414551871636,0.046004122608159136
width,10.0,15.0,60.0,70.0,normal,0.0,0.17964550189851716,0.20191443838724277
length,10.0,15.0,60.0,70.0,normal,0.0,0.12458808039512352,0.1391689006875201
box_height,10.0,15.0,60.0,70.0,normal,0.0,0.10631167032947081,0.12274178935260308
score,10.0,15.0,60.0,70.0,normal,0.6947037577629089,0.10725487430320545,84
fp_score,10.0,15.0,60.0,70.0,normal,0.05671682644647982,0.06375976875339393,297
fp_rate,10.0,15.0,60.0,70.0,poisson,0.04180154820548909,297,
miss_detection,10.0,15.0,70.0,80.0,constant,0.05660377358490566,,
distal,10.0,15.0,70.0,80.0,normal,0.0,0.10367953772028837,0.1134328993419339
perpendicular,10.0,15.0,70.0,80.0,normal,0.0,0.15147625619032096,0.12344848325272055
height,10.0,15.0,70.0,80.0,normal,0.0,0.06564784411719606,0.06308386445045472
yaw,10.0,15.0,70.0,80.0,normal,0.0,0.04289410914671173,0.048403569077252656
width,10.0,15.0,70.0,80.0,normal,0.0,0.19060135340331155,0.20209380149841308
length,10.0,15.0,70.0,80.0,normal,0.0,0.11559184215289424,0.11630735635757446
box_height,10.0,15.0,70.0,80.0,normal,0.0,0.10938083564045109,0.1250932002067566
score,10.0,15.0,70.0,80.0,normal,0.6704667949676514,0.12468344991949487,53
fp_score,10.0,15.0,70.0,80.0,normal,0.07207474205642939,0.0795377140877758,216
fp_rate,10.0,15.0,70.0,80.0,poisson,0.03040112596762843,216,
miss_detection,10.0,15.0,80.0,90.0,constant,0.09523809523809523,,
distal,10.0,15.0,80.0,90.0,normal,0.0,0.06674273554333861,0.09138710946760356
perpendicular,10.0,15.0,80.0,90.0,normal,0.0,0.08338969075923856,0.09180051490884655
height,10.0,15.0,80.0,90.0,normal,0.0,0.04867627568722517,0.05782442814425418
yaw,10.0,15.0,80.0,90.0,normal,0.0,0.02784769731936224,0.033913075211463244
width,10.0,15.0,80.0,90.0,normal,0.0,0.15068777439515438,0.2182694171604357
length,10.0,15.0,80.0,90.0,normal,0.0,0.13147642586930805,0.12698008825904444
box_height,10.0,15.0,80.0,90.0,normal,0.0,0.08891643507870489,0.10736829042434692
score,10.0,15.0,80.0,90.0,normal,0.7129057739910326,0.1011010024813647,42
fp_score,10.0,15.0,80.0,90.0,normal,0.07905274559530097,0.09086553527964393,218
fp_rate,10.0,15.0,80.0,90.0,poisson,0.030682617874736102,218,
miss_detection,10.0,15.0,90.0,100.0,constant,0.09375,,
distal,10.0,15.0,90.0,100.0,normal,0.0,0.08128569627669212,0.12001984508409932
perpendicular,10.0,15.0,90.0,100.0,normal,0.0,0.11116617703924755,0.14546495172348883
height,10.0,15.0,90.0,100.0,normal,0.0,0.040963913805086925,0.0543918959025679
yaw,10.0,15.0,90.0,100.0,normal,0.0,0.04453345871732592,0.03941239094544627
width,10.0,15.0,90.0,100.0,normal,0.0,0.12478115440313291,0.19507553659636398
length,10.0,15.0,90.0,100.0,normal,0.0,0.15160742235220956,0.1753756383369709
box_height,10.0,15.0,90.0,100.0,normal,0.0,0.10782007873313276,0.13648860618985934
score,10.0,15.0,90.0,100.0,normal,0.6717497089813496,0.10049093070162501,32
fp_score,10.0,15.0,90.0,100.0,normal,0.09632622777519137,0.09163441317699973,241
fp_rate,10.0,15.0,90.0,100.0,poisson,0.03391977480647431,241,
miss_detection,10.0,15.0,100.0,110.0,constant,0.07936507936507936,,
distal,10.0,15.0,100.0,110.0,normal,0.0,0.06137183347096269,0.09249797703247659
perpendicular,10.0,15.0,100.0,110.0,normal,0.0,0.08909544542141744,0.16414413386413537
height,10.0,15.0,100.0,110.0,normal,0.0,0.08809113271046531,0.1104885761080117
yaw,10.0,15.0,100.0,110.0,normal,0.0,0.03101433562229691,0.05571584591039837
width,10.0,15.0,100.0,110.0,normal,0.0,0.09834316858462408,0.19804365059425091
length,10.0,15.0,100.0,110.0,normal,0.0,0.09018904216680838,0.08031921962211871
box_height,10.0,15.0,100.0,110.0,normal,0.0,0.07368966918620133,0.10511907010242857
score,10.0,15.0,100.0,110.0,normal,0.5565666510113354,0.1470623453846485,63
fp_score,10.0,15.0,100.0,110.0,normal,0.07185937773072343,0.06863439059805086,348
fp_rate,10.0,15.0,100.0,110.0,poisson,0.04897959183673469,348,
miss_detection,10.0,15.0,110.0,120.0,constant,0.04642857142857143,,
distal,10.0,15.0,110.0,120.0,normal,0.0,0.05894070698450358,0.09435514283635688
perpendicular,10.0,15.0,110.0,120.0,normal,0.0,0.11412920288359453,0.16183440225676562
height,10.0,15.0,110.0,120.0,normal,0.0,0.05467791933899063,0.11300202768840147
yaw,10.0,15.0,110.0,120.0,normal,0.0,0.07422220437887321,0.09983728657578153
width,10.0,15.0,110.0,120.0,normal,0.0,0.10025224491295547,0.12576486376787394
length,10.0,15.0,110.0,120.0,normal,0.0,0.15920760034582113,0.14763885669493942
box_height,10.0,15.0,110.0,120.0,normal,0.0,0.057478206459292,0.06571800565898195
score,10.0,15.0,110.0,120.0,normal,0.496897019194753,0.12825168925313785,280
fp_score,10.0,15.0,110.0,120.0,normal,0.07006811665497341,0.08514250702815973,236
fp_rate,10.0,15.0,110.0,120.0,poisson,0.033216045038705136,236,
miss_detection,10.0,15.0,120.0,130.0,constant,0.13761467889908258,,
distal,10.0,15.0,120.0,130.0,normal,0.0,0.12331586116609224,0.10888895863333503
perpendicular,10.0,15.0,120.0,130.0,normal,0.0,0.13812198082735344,0.13182912339375877
height,10.0,15.0,120.0,130.0,normal,0.0,0.0760446637657491,0.06934787491534619
yaw,10.0,15.0,120.0,130.0,normal,0.0,0.030773906009521745,0.03949079745602149
width,10.0,15.0,120.0,130.0,normal,0.0,0.24550560880548675,0.24293170330372263
length,10.0,15.0,120.0,130.0,normal,0.0,0.09561569356271853,0.12113657023044343
box_height,10.0,15.0,120.0,130.0,normal,0.0,0.10225888097519374,0.11537430641498972
score,10.0,15.0,120.0,130.0,normal,0.7151966874903821,0.11897070190001571,109
fp_score,10.0,15.0,120.0,130.0,normal,0.0564677608864648,0.05287709921630473,315
fp_rate,10.0,15.0,120.0,130.0,poisson,0.04433497536945813,315,
miss_detection,10.0,15.0,130.0,140.0,constant,0.11594202898550725,,
distal,10.0,15.0,130.0,140.0,normal,0.0,0.13284648350913972,0.134944673436165
perpendicular,10.0,15.0,130.0,140.0,normal,0.0,0.13896831563138765,0.13696372333290713
height,10.0,15.0,130.0,140.0,normal,0.0,0.07087197242277848,0.07641109433330473
yaw,10.0,15.0,130.0,140.0,normal,0.0,0.02869422788521736,0.031680215849887935
width,10.0,15.0,130.0,140.0,normal,0.0,0.3148421138594403,0.30568591297649944
length,10.0,15.0,130.0,140.0,normal,0.0,0.09811138552706963,0.14206011275776098
box_height,10.0,15.0,130.0,140.0,normal,0.0,0.12539150174624064,0.12077146573144881
score,10.0,15.0,130.0,140.0,normal,0.724080967121437,0.11666286676184288,138
fp_score,10.0,15.0,130.0,140.0,normal,0.07178845300827877,0.10612245113186976,202
fp_rate,10.0,15.0,130.0,140.0,poisson,0.028430682617874736,202,
miss_detection,10.0,15.0,140.0,150.0,constant,0.1751412429378531,,
distal,10.0,15.0,140.0,150.0,normal,0.0,0.14222547071545,0.17358015818513894
perpendicular,10.0,15.0,140.0,150.0,normal,0.0,0.10415645278140576,0.13913021444419724
height,10.0,15.0,140.0,150.0,normal,0.0,0.051372813971486714,0.060888611698803836
yaw,10.0,15.0,140.0,150.0,normal,0.0,0.054569047040707926,0.05661794387170387
width,10.0,15.0,140.0,150.0,normal,0.0,0.3572991275131194,0.37347997214696177
length,10.0,15.0,140.0,150.0,normal,0.0,0.10695116953924394,0.1545167924606637
box_height,10.0,15.0,140.0,150.0,normal,0.0,0.13302980099942477,0.15013282348031867
score,10.0,15.0,140.0,150.0,normal,0.7068164387386139,0.10746028844579544,177
fp_score,10.0,15.0,140.0,150.0,normal,0.09567315591452809,0.1304335702493716,281
fp_rate,10.0,15.0,140.0,150.0,poisson,0.03954961294862773,281,
miss_detection,10.0,15.0,150.0,160.0,constant,0.2265625,,
distal,10.0,15.0,150.0,160.0,normal,0.0,0.10820025336715283,0.13702106064796293
perpendicular,10.0,15.0,150.0,160.0,normal,0.0,0.05887938160709115,0.07743400946162456
height,10.0,15.0,150.0,160.0,normal,0.0,0.047256074336576935,0.07140356964535183
yaw,10.0,15.0,150.0,160.0,normal,0.0,0.028630891203865503,0.04129446040111056
width,10.0,15.0,150.0,160.0,normal,0.0,0.1997275994547812,0.27718099439987026
length,10.0,15.0,150.0,160.0,normal,0.0,0.08485299282813788,0.12783720156159065
box_height,10.0,15.0,150.0,160.0,normal,0.0,0.1163127013623098,0.12486452526516384
score,10.0,15.0,150.0,160.0,normal,0.7849777094041458,0.0816124012290832,256
fp_score,10.0,15.0,150.0,160.0,normal,0.1259723195516852,0.17623465918642547,367
fp_rate,10.0,15.0,150.0,160.0,poisson,0.05165376495425757,367,
miss_detection,10.0,15.0,160.0,170.0,constant,0.034482758620689655,,
distal,10.0,15.0,160.0,170.0,normal,0.0,0.11718007542304307,0.14703568688234142
perpendicular,10.0,15.0,160.0,170.0,normal,0.0,0.061984339794230306,0.07761689283872772
height,10.0,15.0,160.0,170.0,normal,0.0,0.05482968974345515,0.06049974713505817
yaw,10.0,15.0,160.0,170.0,normal,0.0,0.12193903671297587,0.05432833759754628
width,10.0,15.0,160.0,170.0,normal,0.0,0.2821853266501486,0.29459679978234427
length,10.0,15.0,160.0,170.0,normal,0.0,0.26635227159839886,0.16591089012242166
box_height,10.0,15.0,160.0,170.0,normal,0.0,0.09804146428508405,0.09842684414206433
score,10.0,15.0,160.0,170.0,normal,0.719203053840569,0.11760419741554472,493
fp_score,10.0,15.0,160.0,170.0,normal,0.08230330670512347,0.1096350668132856,172
fp_rate,10.0,15.0,160.0,170.0,poisson,0.024208304011259677,172,
miss_detection,10.0,15.0,170.0,180.0,constant,0.0,,
distal,10.0,15.0,170.0,180.0,normal,0.0,0.09809372761366991,0.13574081913407787
perpendicular,10.0,15.0,170.0,180.0,normal,0.0,0.05132834386884549,0.05363748440472516
height,10.0,15.0,170.0,180.0,normal,0.0,0.03057278087217382,0.03942522462110342
yaw,10.0,15.0,170.0,180.0,normal,0.0,0.02811902606766331,0.03967765753647543
width,10.0,15.0,170.0,180.0,normal,0.0,0.13145238227235076,0.1445376369523706
length,10.0,15.0,170.0,180.0,normal,0.0,0.05346132505703442,0.06447181864554838
box_height,10.0,15.0,170.0,180.0,normal,0.0,0.04310472233524159,0.06006239882167082
score,10.0,15.0,170.0,180.0,normal,0.7532910423249192,0.09697340145566306,161
fp_score,10.0,15.0,170.0,180.0,normal,0.03788507061407847,0.013136218869206589,17
fp_rate,10.0,15.0,170.0,180.0,poisson,0.0023926812104152007,17,
miss_detection,15.0,20.0,-180.0,-170.0,constant,0.21031746031746032,,
distal,15.0,20.0,-180.0,-170.0,normal,0.0,0.09651323337374039,0.12643225825487187
perpendicular,15.0,20.0,-180.0,-170.0,normal,0.0,0.03915868283997173,0.04868625825297655
height,15.0,20.0,-180.0,-170.0,normal,0.0,0.058920056405530746,0.06077260867235449
yaw,15.0,20.0,-180.0,-170.0,normal,0.0,0.027018081001524474,0.033471216263586664
width,15.0,20.0,-180.0,-170.0,normal,0.0,0.23519278863363688,0.28398988394681335
length,15.0,20.0,-180.0,-170.0,normal,0.0,0.11958962135386932,0.16332587564810236
box_height,15.0,20.0,-180.0,-170.0,normal,0.0,0.12325485786130767,0.1229353082838969
score,15.0,20.0,-180.0,-170.0,normal,0.7434071538536193,0.09729972577624384,756
fp_score,15.0,20.0,-180.0,-170.0,normal,0.3108208241915919,0.1731378261697011,193
fp_rate,15.0,20.0,-180.0,-170.0,poisson,0.027163969035890217,193,
miss_detection,15.0,20.0,-170.0,-160.0,constant,0.013157894736842105,,
distal,15.0,20.0,-170.0,-160.0,normal,0.0,0.12221312580867452,0.1336273010094295
perpendicular,15.0,20.0,-170.0,-160.0,normal,0.0,0.06313376906569153,0.07321884612549988
height,15.0,20.0,-170.0,-160.0,normal,0.0,0.051868826427567336,0.06927988787492116
yaw,15.0,20.0,-170.0,-160.0,normal,0.0,0.036875447563997875,0.04903164845005339
width,15.0,20.0,-170.0,-160.0,normal,0.0,0.186851157551362,0.2532374080022176
length,15.0,20.0,-170.0,-160.0,normal,0.0,0.09372029003623136,0.09195443828900655
box_height,15.0,20.0,-170.0,-160.0,normal,0.0,0.0978967051659309,0.10305824478467306
score,15.0,20.0,-170.0,-160.0,normal,0.7528875950972239,0.10470721038835808,304
fp_score,15.0,20.0,-170.0,-160.0,normal,0.07453417450489613,0.042268189232774415,298
fp_rate,15.0,20.0,-170.0,-160.0,poisson,0.04194229415904293,298,
miss_detection,15.0,20.0,-160.0,-150.0,constant,0.06147540983606557,,
distal,15.0,20.0,-160.0,-150.0,normal,0.0,0.13465730230124662,0.16583971099497996
perpendicular,15.0,20.0,-160.0,-150.0,normal,0.0,0.07620905651390956,0.08926203271549342
height,15.0,20.0,-160.0,-150.0,normal,0.0,0.06510448818377111,0.08648440150714858
yaw,15.0,20.0,-160.0,-150.0,normal,0.0,0.03541693292865119,0.04908640658628507
width,15.0,20.0,-160.0,-150.0,normal,0.0,0.25178743583919794,0.3584163522095659
length,15.0,20.0,-160.0,-150.0,normal,0.0,0.14041873793032697,0.19219992410668119
box_height,15.0,20.0,-160.0,-150.0,normal,0.0,0.13320336739267777,0.12727809056444458
score,15.0,20.0,-160.0,-150.0,normal,0.6996247538052272,0.10970781729245879,244
fp_score,15.0,20.0,-160.0,-150.0,normal,0.07153895415695675,0.09812578099083903,429
fp_rate,15.0,20.0,-160.0,-150.0,poisson,0.06038001407459535,429,
miss_detection,15.0,20.0,-150.0,-140.0,constant,0.3333333333333333,,
distal,15.0,20.0,-150.0,-140.0,normal,0.0,0.19318080369168938,0.2328211299766444
perpendicular,15.0,20.0,-150.0,-140.0,normal,0.0,0.1562897687202683,0.19132545631914988
height,15.0,20.0,-150.0,-140.0,normal,0.0,0.06487249430967078,0.08375000208616257
yaw,15.0,20.0,-150.0,-140.0,normal,0.0,0.08410313012571158,0.0816742516459188
width,15.0,20.0,-150.0,-140.0,normal,0.0,0.20030722562514888,0.2920830398797989
length,15.0,20.0,-150.0,-140.0,normal,0.0,0.0755795122068905,0.12069433182477951
box_height,15.0,20.0,-150.0,-140.0,normal,0.0,0.12404215873251859,0.15584993362426758
score,15.0,20.0,-150.0,-140.0,normal,0.5652762297540903,0.1567717185462922,24
fp_score,15.0,20.0,-150.0,-140.0,normal,0.06617239429713129,0.054139633476395325,715
fp_rate,15.0,20.0,-150.0,-140.0,poisson,0.10063335679099226,715,
miss_detection,15.0,20.0,-140.0,-130.0,constant,0.19642857142857142,,
distal,15.0,20.0,-140.0,-130.0,normal,0.0,0.17040302441211805,0.20301705978879336
perpendicular,15.0,20.0,-140.0,-130.0,normal,0.0,0.16372981352875549,0.20881725866476006
height,15.0,20.0,-140.0,-130.0,normal,0.0,0.06341289969497059,0.09059538708792793
yaw,15.0,20.0,-140.0,-130.0,normal,0.0,0.07144501741882388,0.08085274763117667
width,15.0,20.0,-140.0,-130.0,normal,0.0,0.22927407405193015,0.31613539589775935
length,15.0,20.0,-140.0,-130.0,normal,0.0,0.11175223138334765,0.1398971160252889
box_height,15.0,20.0,-140.0,-130.0,normal,0.0,0.09743655594650366,0.17504113250308567
score,15.0,20.0,-140.0,-130.0,normal,0.5311842017703586,0.15438679361690966,56
fp_score,15.0,20.0,-140.0,-130.0,normal,0.061652916801807275,0.06655960884192674,638
fp_rate,15.0,20.0,-140.0,-130.0,poisson,0.08979591836734693,638,
miss_detection,15.0,20.0,-130.0,-120.0,constant,0.20588235294117646,,
distal,15.0,20.0,-130.0,-120.0,normal,0.0,0.1086740931270859,0.17265082005888455
perpendicular,15.0,20.0,-130.0,-120.0,normal,0.0,0.10711330174702398,0.1816324227791915
height,15.0,20.0,-130.0,-120.0,normal,0.0,0.07602660952624005,0.12739177544911703
yaw,15.0,20.0,-130.0,-120.0,normal,0.0,0.07334450315057704,0.08597733336088643
width,15.0,20.0,-130.0,-120.0,normal,0.0,0.18367899285150205,0.30074644088745117
length,15.0,20.0,-130.0,-120.0,normal,0.0,0.12300891120158122,0.17644882643664325
box_height,15.0,20.0,-130.0,-120.0,normal,0.0,0.09808233386649622,0.11770286383452239
score,15.0,20.0,-130.0,-120.0,normal,0.5793111644409321,0.11791148777375515,34
fp_score,15.0,20.0,-130.0,-120.0,normal,0.06269818842169139,0.052449169634420714,770
fp_rate,15.0,20.0,-130.0,-120.0,poisson,0.10837438423645321,770,
miss_detection,15.0,20.0,-120.0,-110.0,constant,0.03591160220994475,,
distal,15.0,20.0,-120.0,-110.0,normal,0.0,0.07465916982967787,0.16932269611926049
perpendicular,15.0,20.0,-120.0,-110.0,normal,0.0,0.11246989137654606,0.12560345674557646
height,15.0,20.0,-120.0,-110.0,normal,0.0,0.08693941057109789,0.14943979155368314
yaw,15.0,20.0,-120.0,-110.0,normal,0.0,0.04318183764661485,0.057117256390678085
width,15.0,20.0,-120.0,-110.0,normal,0.0,0.1302790013351367,0.19227175657933626
length,15.0,20.0,-120.0,-110.0,normal,0.0,0.062191645805644534,0.04570426503703382
box_height,15.0,20.0,-120.0,-110.0,normal,0.0,0.06481385737018418,0.101022063148739
score,15.0,20.0,-120.0,-110.0,normal,0.6117157369937459,0.06317302288325613,362
fp_score,15.0,20.0,-120.0,-110.0,normal,0.07249762755973073,0.09996369931882915,573
fp_rate,15.0,20.0,-120.0,-110.0,poisson,0.08064743138634764,573,
miss_detection,15.0,20.0,-110.0,-100.0,constant,0.8181818181818182,,
distal,15.0,20.0,-110.0,-100.0,normal,0.0,0.09267467900132736,0.14920023465615298
perpendicular,15.0,20.0,-110.0,-100.0,normal,0.0,0.10949397550946201,0.15322418637602828
height,15.0,20.0,-110.0,-100.0,normal,0.0,0.06142150756805953,0.06974286692483085
yaw,15.0,20.0,-110.0,-100.0,normal,0.0,0.06336890616265886,0.06787313130592805
width,15.0,20.0,-110.0,-100.0,normal,0.0,0.2508380081518752,0.35163044929504395
length,15.0,20.0,-110.0,-100.0,normal,0.0,0.15140456285372916,0.16738165276391165
box_height,15.0,20.0,-110.0,-100.0,normal,0.0,0.10907716271681245,0.1058978523526873
score,15.0,20.0,-110.0,-100.0,normal,0.5316929199865886,0.1459642905290212,154
fp_score,15.0,20.0,-110.0,-100.0,normal,0.13028359870407155,0.18049765604010615,776
fp_rate,15.0,20.0,-110.0,-100.0,poisson,0.10921885995777621,776,
miss_detection,15.0,20.0,-100.0,-90.0,constant,0.30303030303030304,,
distal,15.0,20.0,-100.0,-90.0,normal,0.0,0.12231211599496075,0.20335405756984098
perpendicular,15.0,20.0,-100.0,-90.0,normal,0.0,0.1919543152277106,0.16755875311349383
height,15.0,20.0,-100.0,-90.0,normal,0.0,0.06066590974001593,0.08903807142506474
yaw,15.0,20.0,-100.0,-90.0,normal,0.0,0.05488715935007437,0.08003946783511086
width,15.0,20.0,-100.0,-90.0,normal,0.0,0.22835461289294465,0.40274744448454486
length,15.0,20.0,-100.0,-90.0,normal,0.0,0.13585576823477807,0.15151992569799008
box_height,15.0,20.0,-100.0,-90.0,normal,0.0,0.13920513212906666,0.1387070261913797
score,15.0,20.0,-100.0,-90.0,normal,0.5143434852361679,0.1771681406688042,33
fp_score,15.0,20.0,-100.0,-90.0,normal,0.05646020977020635,0.05077137056887802,643
fp_rate,15.0,20.0,-100.0,-90.0,poisson,0.09049964813511611,643,
miss_detection,15.0,20.0,-90.0,-80.0,constant,0.0392156862745098,,
distal,15.0,20.0,-90.0,-80.0,normal,0.0,0.15809272265049537,0.38033766685366427
perpendicular,15.0,20.0,-90.0,-80.0,normal,0.0,0.06407265483651069,0.058312096363504796
height,15.0,20.0,-90.0,-80.0,normal,0.0,0.05067250599733166,0.07200973942166283
yaw,15.0,20.0,-90.0,-80.0,normal,0.0,0.06896630961301656,0.1882680474773089
width,15.0,20.0,-90.0,-80.0,normal,0.0,0.1537592532538402,0.3434698922293527
length,15.0,20.0,-90.0,-80.0,normal,0.0,0.0885207999225303,0.0855556312872439
box_height,15.0,20.0,-90.0,-80.0,normal,0.0,0.07360933201273441,0.18391953844602416
score,15.0,20.0,-90.0,-80.0,normal,0.5037304499522358,0.08012399587802557,153
fp_score,15.0,20.0,-90.0,-80.0,normal,0.051967733326676355,0.0367726849058173,879
fp_rate,15.0,20.0,-90.0,-80.0,poisson,0.12371569317382125,879,
miss_detection,15.0,20.0,-80.0,-70.0,constant,0.1111111111111111,,
distal,15.0,20.0,-80.0,-70.0,normal,0.0,0.11596592019273694,0.18019158651236591
perpendicular,15.0,20.0,-80.0,-70.0,normal,0.0,0.09610118993916239,0.10853299443323886
height,15.0,20.0,-80.0,-70.0,normal,0.0,0.07911752096530777,0.1093318797647953
yaw,15.0,20.0,-80.0,-70.0,normal,0.0,0.052258190980374125,0.08244748456966866
width,15.0,20.0,-80.0,-70.0,normal,0.0,0.2595571350980767,0.314922571182251
length,15.0,20.0,-80.0,-70.0,normal,0.0,0.16930672914058226,0.187429990619421
box_height,15.0,20.0,-80.0,-70.0,normal,0.0,0.10233855250961711,0.1526607871055603
score,15.0,20.0,-80.0,-70.0,normal,0.5155137246474624,0.18606469651806476,36
fp_score,15.0,20.0,-80.0,-70.0,normal,0.053186992322113,0.04553009772667564,765
fp_rate,15.0,20.0,-80.0,-70.0,poisson,0.10767065446868403,765,
miss_detection,15.0,20.0,-70.0,-60.0,constant,0.11764705882352941,,
distal,15.0,20.0,-70.0,-60.0,normal,0.0,0.13657429028892118,0.14007673367871135
perpendicular,15.0,20.0,-70.0,-60.0,normal,0.0,0.09861699793102606,0.11314875861560766
height,15.0,20.0,-70.0,-60.0,normal,0.0,0.06556919984619161,0.08757583101590474
yaw,15.0,20.0,-70.0,-60.0,normal,0.0,0.05431850611346367,0.07725638818753376
width,15.0,20.0,-70.0,-60.0,normal,0.0,0.26226896909101094,0.35700443585713704
length,15.0,20.0,-70.0,-60.0,normal,0.0,0.15835037220410225,0.17311137119928996
box_height,15.0,20.0,-70.0,-60.0,normal,0.0,0.0760698974712477,0.10009677012761434
score,15.0,20.0,-70.0,-60.0,normal,0.5162533397475878,0.16737774096320066,34
fp_score,15.0,20.0,-70.0,-60.0,normal,0.06598169696558498,0.05443890887028125,904
fp_rate,15.0,20.0,-70.0,-60.0,poisson,0.12723434201266715,904,
miss_detection,15.0,20.0,-60.0,-50.0,constant,0.15384615384615385,,
distal,15.0,20.0,-60.0,-50.0,normal,0.0,0.1469952969128918,0.1969522111286692
perpendicular,15.0,20.0,-60.0,-50.0,normal,0.0,0.09265132989572054,0.1134924524995701
height,15.0,20.0,-60.0,-50.0,normal,0.0,0.07760890850843616,0.10781093619086525
yaw,15.0,20.0,-60.0,-50.0,normal,0.0,0.05847626005331731,0.10246858871340934
width,15.0,20.0,-60.0,-50.0,normal,0.0,0.27683508841732785,0.36302961002696643
length,15.0,20.0,-60.0,-50.0,normal,0.0,0.17221873712910826,0.18963918902657248
box_height,15.0,20.0,-60.0,-50.0,normal,0.0,0.10073920787577201,0.11380551078102806
score,15.0,20.0,-60.0,-50.0,normal,0.5020864290947263,0.16789185253858227,26
fp_score,15.0,20.0,-60.0,-50.0,normal,0.0643752876280525,0.059317789744467234,786
fp_rate,15.0,20.0,-60.0,-50.0,poisson,0.11062631949331457,786,
miss_detection,15.0,20.0,-50.0,-40.0,constant,0.21568627450980393,,
distal,15.0,20.0,-50.0,-40.0,normal,0.0,0.1329568502681145,0.19437911103634015
perpendicular,15.0,20.0,-50.0,-40.0,normal,0.0,0.10422754148091971,0.14537536727105888
height,15.0,20.0,-50.0,-40.0,normal,0.0,0.09432758685525731,0.10210619419813156
yaw,15.0,20.0,-50.0,-40.0,normal,0.0,0.07129576963020355,0.0945540226995945
width,15.0,20.0,-50.0,-40.0,normal,0.0,0.30522826331956426,0.3704409122467041
length,15.0,20.0,-50.0,-40.0,normal,0.0,0.12398649800001078,0.13700318336486816
box_height,15.0,20.0,-50.0,-40.0,normal,0.0,0.14687672716317093,0.15799294412136078
score,15.0,20.0,-50.0,-40.0,normal,0.48481976576149466,0.18945699307019162,51
fp_score,15.0,20.0,-50.0,-40.0,normal,0.06425311166162866,0.07962805813529072,597
fp_rate,15.0,20.0,-50.0,-40.0,poisson,0.08402533427163969,597,
miss_detection,15.0,20.0,-40.0,-30.0,constant,0.2222222222222222,,
distal,15.0,20.0,-40.0,-30.0,normal,0.0,0.16385675763846438,0.2172593023411828
perpendicular,15.0,20.0,-40.0,-30.0,normal,0.0,0.13566936646707986,0.1792868140967557
height,15.0,20.0,-40.0,-30.0,normal,0.0,0.08588182634013783,0.09227508428145428
yaw,15.0,20.0,-40.0,-30.0,normal,0.0,0.083650203356664,0.09831824447603332
width,15.0,20.0,-40.0,-30.0,normal,0.0,0.2951190467303635,0.29735433325475574
length,15.0,20.0,-40.0,-30.0,normal,0.0,0.12582017006639487,0.1615542781596281
box_height,15.0,20.0,-40.0,-30.0,normal,0.0,0.1342350289628194,0.1621775821763642
score,15.0,20.0,-40.0,-30.0,normal,0.4505216660244124,0.19615642481009232,63
fp_score,15.0,20.0,-40.0,-30.0,normal,0.06010472568956711,0.07166086180842732,821
fp_rate,15.0,20.0,-40.0,-30.0,poisson,0.1155524278676988,821,
miss_detection,15.0,20.0,-30.0,-20.0,constant,0.11023622047244094,,
distal,15.0,20.0,-30.0,-20.0,normal,0.0,0.14628866400693713,0.1907405908019834
perpendicular,15.0,20.0,-30.0,-20.0,normal,0.0,0.07828444847067154,0.09831631559013278
height,15.0,20.0,-30.0,-20.0,normal,0.0,0.05766165431638065,0.06385913781360188
yaw,15.0,20.0,-30.0,-20.0,normal,0.0,0.03556682552095785,0.06890465123970013
width,15.0,20.0,-30.0,-20.0,normal,0.0,0.22763033576277517,0.30495261091046627
length,15.0,20.0,-30.0,-20.0,normal,0.0,0.142787503986208,0.1980782715620193
box_height,15.0,20.0,-30.0,-20.0,normal,0.0,0.09452072210389527,0.12548875386736033
score,15.0,20.0,-30.0,-20.0,normal,0.7061873463402807,0.11708914987896775,127
fp_score,15.0,20.0,-30.0,-20.0,normal,0.0717127036621942,0.09638888497143262,491
fp_rate,15.0,20.0,-30.0,-20.0,poisson,0.06910626319493314,491,
miss_detection,15.0,20.0,-20.0,-10.0,constant,0.16838487972508592,,
distal,15.0,20.0,-20.0,-10.0,normal,0.0,0.14606026879665862,0.1743644338954434
perpendicular,15.0,20.0,-20.0,-10.0,normal,0.0,0.06909639286241562,0.08625710837634606
height,15.0,20.0,-20.0,-10.0,normal,0.0,0.05920214097481335,0.0738923428965009
yaw,15.0,20.0,-20.0,-10.0,normal,0.0,0.03976649903631232,0.06768367640303619
width,15.0,20.0,-20.0,-10.0,normal,0.0,0.23801621919247545,0.2956803524789731
length,15.0,20.0,-20.0,-10.0,normal,0.0,0.12007450490274285,0.142070199339843
box_height,15.0,20.0,-20.0,-10.0,normal,0.0,0.09925740426926191,0.1120419812596534
score,15.0,20.0,-20.0,-10.0,normal,0.7113843363178664,0.11262713806259349,291
fp_score,15.0,20.0,-20.0,-10.0,normal,0.12388955350115634,0.15335567333276698,285
fp_rate,15.0,20.0,-20.0,-10.0,poisson,0.04011259676284307,285,
miss_detection,15.0,20.0,-10.0,0.0,constant,0.10294117647058823,,
distal,15.0,20.0,-10.0,0.0,normal,0.0,0.10915533979922289,0.11092250139435332
perpendicular,15.0,20.0,-10.0,0.0,normal,0.0,0.06240392350649622,0.0657448233649374
height,15.0,20.0,-10.0,0.0,normal,0.0,0.06612142193817391,0.07422119085905982
yaw,15.0,20.0,-10.0,0.0,normal,0.0,0.044117426813237284,0.06233230185529636
width,15.0,20.0,-10.0,0.0,normal,0.0,0.21932671419702135,0.23906017913192998
length,15.0,20.0,-10.0,0.0,normal,0.0,0.08683904804941342,0.11048273278064415
box_height,15.0,20.0,-10.0,0.0,normal,0.0,0.12624290395640173,0.13768421235631723
score,15.0,20.0,-10.0,0.0,normal,0.6730062133464657,0.11478137260211858,136
fp_score,15.0,20.0,-10.0,0.0,normal,0.08619638652836223,0.12758852744003663,249
fp_rate,15.0,20.0,-10.0,0.0,poisson,0.035045742434905,249,
miss_detection,15.0,20.0,0.0,10.0,constant,0.008547008547008548,,
distal,15.0,20.0,0.0,10.0,normal,0.0,0.10832826825180075,0.13215292939933923
perpendicular,15.0,20.0,0.0,10.0,normal,0.0,0.07766764545683945,0.10535724140914794
height,15.0,20.0,0.0,10.0,normal,0.0,0.09399471083195514,0.1108095483190712
yaw,15.0,20.0,0.0,10.0,normal,0.0,0.03384906168490127,0.043366435580852236
width,15.0,20.0,0.0,10.0,normal,0.0,0.20589252605327463,0.23112635023292455
length,15.0,20.0,0.0,10.0,normal,0.0,0.08772950218545454,0.14263039279258113
box_height,15.0,20.0,0.0,10.0,normal,0.0,0.11017762312017937,0.14641110342124414
score,15.0,20.0,0.0,10.0,normal,0.6991212175324045,0.10271424906024218,351
fp_score,15.0,20.0,0.0,10.0,normal,0.15492231807350612,0.1728524077891778,238
fp_rate,15.0,20.0,0.0,10.0,poisson,0.033497536945812804,238,
miss_detection,15.0,20.0,10.0,20.0,constant,0.06135770234986945,,
distal,15.0,20.0,10.0,20.0,normal,0.0,0.12944569527071417,0.14460073346167504
perpendicular,15.0,20.0,10.0,20.0,normal,0.0,0.06409201429669116,0.07890492375332919
height,15.0,20.0,10.0,20.0,normal,0.0,0.05903276304006916,0.06317556318885262
yaw,15.0,20.0,10.0,20.0,normal,0.0,0.11666113533187392,0.04578698290773158
width,15.0,20.0,10.0,20.0,normal,0.0,0.2596117967965934,0.274594006684294
length,15.0,20.0,10.0,20.0,normal,0.0,0.22565026726655618,0.15893379421658577
box_height,15.0,20.0,10.0,20.0,normal,0.0,0.08924114987587575,0.10810096572271143
score,15.0,20.0,10.0,20.0,normal,0.766591938422353,0.09622487629439208,766
fp_score,15.0,20.0,10.0,20.0,normal,0.09719005585941193,0.13410666975114344,286
fp_rate,15.0,20.0,10.0,20.0,poisson,0.040253342716396905,286,
miss_detection,15.0,20.0,20.0,30.0,constant,0.11328125,,
distal,15.0,20.0,20.0,30.0,normal,0.0,0.11419106179656842,0.13722814715223694
perpendicular,15.0,20.0,20.0,30.0,normal,0.0,0.07893221414356451,0.0865151618944584
height,15.0,20.0,20.0,30.0,normal,0.0,0.050297784624180386,0.05305565558866257
yaw,15.0,20.0,20.0,30.0,normal,0.0,0.0371493295599385,0.040137341986749876
width,15.0,20.0,20.0,30.0,normal,0.0,0.2584565593788103,0.28829501063813195
length,15.0,20.0,20.0,30.0,normal,0.0,0.13842340305755177,0.16322861841596695
box_height,15.0,20.0,20.0,30.0,normal,0.0,0.14656081429070608,0.13328531135021326
score,15.0,20.0,20.0,30.0,normal,0.7197179497601177,0.12701759122793496,256
fp_score,15.0,20.0,20.0,30.0,normal,0.08632453345651415,0.11449895994498267,419
fp_rate,15.0,20.0,20.0,30.0,poisson,0.058972554539057004,419,
miss_detection,15.0,20.0,30.0,40.0,constant,0.07053941908713693,,
distal,15.0,20.0,30.0,40.0,normal,0.0,0.13661716328175227,0.16271937454138138
perpendicular,15.0,20.0,30.0,40.0,normal,0.0,0.10630065102207797,0.1256625291354478
height,15.0,20.0,30.0,40.0,normal,0.0,0.056450264297721015,0.07563771094594683
yaw,15.0,20.0,30.0,40.0,normal,0.0,0.04163168716312638,0.04636475257457468
width,15.0,20.0,30.0,40.0,normal,0.0,0.3139297655192241,0.33150328376463484
length,15.0,20.0,30.0,40.0,normal,0.0,0.14070013866520292,0.17352257349661418
box_height,15.0,20.0,30.0,40.0,normal,0.0,0.1136618579607337,0.13660419625895365
score,15.0,20.0,30.0,40.0,normal,0.6571484052443078,0.1418273058281399,241
fp_score,15.0,20.0,30.0,40.0,normal,0.0710613321472555,0.07905511120024249,369
fp_rate,15.0,20.0,30.0,40.0,poisson,0.051935256861365235,369,
miss_detection,15.0,20.0,40.0,50.0,constant,0.07692307692307693,,
distal,15.0,20.0,40.0,50.0,normal,0.0,0.08992087549232568,0.13135873833337355
perpendicular,15.0,20.0,40.0,50.0,normal,0.0,0.10022562198516106,0.1396541834324874
height,15.0,20.0,40.0,50.0,normal,0.0,0.10314926759113348,0.10747121550418713
yaw,15.0,20.0,40.0,50.0,normal,0.0,0.05461579362656015,0.06447028579907774
width,15.0,20.0,40.0,50.0,normal,0.0,0.2459894673501867,0.26728230714797974
length,15.0,20.0,40.0,50.0,normal,0.0,0.1453321734839042,0.19813903835084704
box_height,15.0,20.0,40.0,50.0,normal,0.0,0.13730086867782976,0.1440671307069284
score,15.0,20.0,40.0,50.0,normal,0.6363417202675784,0.13770707236210986,117
fp_score,15.0,20.0,40.0,50.0,normal,0.08046151830288976,0.08574570053466381,542
fp_rate,15.0,20.0,40.0,50.0,poisson,0.07628430682617875,542,
miss_detection,15.0,20.0,50.0,60.0,constant,0.0963855421686747,,
distal,15.0,20.0,50.0,60.0,normal,0.0,0.13460379031920666,0.14665775616409565
perpendicular,15.0,20.0,50.0,60.0,normal,0.0,0.10337526938667099,0.1352164110200006
height,15.0,20.0,50.0,60.0,normal,0.0,0.07188275113350072,0.08227218707402548
yaw,15.0,20.0,50.0,60.0,normal,0.0,0.04303165223526179,0.050110363155814165
width,15.0,20.0,50.0,60.0,normal,0.0,0.23505457557362414,0.27815797805786135
length,15.0,20.0,50.0,60.0,normal,0.0,0.10334753175925564,0.13783580938975015
box_height,15.0,20.0,50.0,60.0,normal,0.0,0.0790519468953191,0.11782983938852946
score,15.0,20.0,50.0,60.0,normal,0.6352810595929622,0.17195302626407344,83
fp_score,15.0,20.0,50.0,60.0,normal,0.07632000183715947,0.081105260703662,508
fp_rate,15.0,20.0,50.0,60.0,poisson,0.07149894440534835,508,
miss_detection,15.0,20.0,60.0,70.0,constant,0.38235294117647056,,
distal,15.0,20.0,60.0,70.0,normal,0.0,0.12321125998499777,0.14218601677138995
perpendicular,15.0,20.0,60.0,70.0,normal,0.0,0.11506967556119702,0.12378627772422401
height,15.0,20.0,60.0,70.0,normal,0.0,0.06427037602830726,0.08071825830709367
yaw,15.0,20.0,60.0,70.0,normal,0.0,0.05636371785191183,0.05210475462120156
width,15.0,20.0,60.0,70.0,normal,0.0,0.23383420848830863,0.27436046657108126
length,15.0,20.0,60.0,70.0,normal,0.0,0.08732000011271096,0.1273448509829385
box_height,15.0,20.0,60.0,70.0,normal,0.0,0.07768884139678338,0.11779012424605233
score,15.0,20.0,60.0,70.0,normal,0.6320372926337379,0.145068550673921,136
fp_score,15.0,20.0,60.0,70.0,normal,0.08209778299868697,0.10170685215218377,505
fp_rate,15.0,20.0,60.0,70.0,poisson,0.07107670654468684,505,
miss_detection,15.0,20.0,70.0,80.0,constant,0.3305785123966942,,
distal,15.0,20.0,70.0,80.0,normal,0.0,0.11936310917580685,0.11693405393414368
perpendicular,15.0,20.0,70.0,80.0,normal,0.0,0.10766760711009617,0.10502516795219105
height,15.0,20.0,70.0,80.0,normal,0.0,0.06805239748450242,0.0883471296157366
yaw,15.0,20.0,70.0,80.0,normal,0.0,0.031229375758177063,0.044208223050408425
width,15.0,20.0,70.0,80.0,normal,0.0,0.22726621070560227,0.2286068657298147
length,15.0,20.0,70.0,80.0,normal,0.0,0.08790658735617224,0.12460337744818793
box_height,15.0,20.0,70.0,80.0,normal,0.0,0.08083398973017895,0.09426331078564679
score,15.0,20.0,70.0,80.0,normal,0.6394139414216266,0.13705347279859495,121
fp_score,15.0,20.0,70.0,80.0,normal,0.07487851881997797,0.09412956009821973,529
fp_rate,15.0,20.0,70.0,80.0,poisson,0.07445460942997889,529,
miss_detection,15.0,20.0,80.0,90.0,constant,0.40476190476190477,,
distal,15.0,20.0,80.0,90.0,normal,0.0,0.11506375441336432,0.1204028146415195
perpendicular,15.0,20.0,80.0,90.0,normal,0.0,0.07901093254930025,0.10109951327841507
height,15.0,20.0,80.0,90.0,normal,0.0,0.05940373818027232,0.08197025140126546
yaw,15.0,20.0,80.0,90.0,normal,0.0,0.032510374623317975,0.03713667722432575
width,15.0,20.0,80.0,90.0,normal,0.0,0.1510997041561921,0.2160384750366211
length,15.0,20.0,80.0,90.0,normal,0.0,0.08437734124295607,0.11331444263458251
box_height,15.0,20.0,80.0,90.0,normal,0.0,0.07649228996193393,0.1126712195078532
score,15.0,20.0,80.0,90.0,normal,0.6369558407862981,0.15555311475769387,126
fp_score,15.0,20.0,80.0,90.0,normal,0.10898883378412058,0.11806905187361649,541
fp_rate,15.0,20.0,80.0,90.0,poisson,0.07614356087262492,541,
miss_detection,15.0,20.0,90.0,100.0,constant,0.3543307086614173,,
distal,15.0,20.0,90.0,100.0,normal,0.0,0.11200970758439517,0.13209288503207042
perpendicular,15.0,20.0,90.0,100.0,normal,0.0,0.09229106686371348,0.11417041100065345
height,15.0,20.0,90.0,100.0,normal,0.0,0.0709661726448094,0.08857919966302268
yaw,15.0,20.0,90.0,100.0,normal,0.0,0.05636266984283404,0.04453565987530041
width,15.0,20.0,90.0,100.0,normal,0.0,0.1425292920940281,0.22749901399379824
length,15.0,20.0,90.0,100.0,normal,0.0,0.08438342450134115,0.1030816319512158
box_height,15.0,20.0,90.0,100.0,normal,0.0,0.08202367095202075,0.10130782534436482
score,15.0,20.0,90.0,100.0,normal,0.6517235778453874,0.14362189933486688,127
fp_score,15.0,20.0,90.0,100.0,normal,0.08901287493263853,0.0993037406073459,551
fp_rate,15.0,20.0,90.0,100.0,poisson,0.07755102040816327,551,
miss_detection,15.0,20.0,100.0,110.0,constant,0.20930232558139536,,
distal,15.0,20.0,100.0,110.0,normal,0.0,0.12168415622140286,0.22411209543242258
perpendicular,15.0,20.0,100.0,110.0,normal,0.0,0.1225343203458241,0.21038147473261168
height,15.0,20.0,100.0,110.0,normal,0.0,0.05514984243297017,0.057680581130233465
yaw,15.0,20.0,100.0,110.0,normal,0.0,0.06137938514604557,0.07897911144496293
width,15.0,20.0,100.0,110.0,normal,0.0,0.11487773692583703,0.23172827094208961
length,15.0,20.0,100.0,110.0,normal,0.0,0.0694717046922378,0.06929033994674683
box_height,15.0,20.0,100.0,110.0,normal,0.0,0.06654281910111169,0.0645623616143769
score,15.0,20.0,100.0,110.0,normal,0.4892446563086089,0.17087304635146983,258
fp_score,15.0,20.0,100.0,110.0,normal,0.0904396958283934,0.10798393488611516,459
fp_rate,15.0,20.0,100.0,110.0,poisson,0.06460239268121042,459,
miss_detection,15.0,20.0,110.0,120.0,constant,0.25555555555555554,,
distal,15.0,20.0,110.0,120.0,normal,0.0,0.1106988803290767,0.11667662172118771
perpendicular,15.0,20.0,110.0,120.0,normal,0.0,0.08886045546694314,0.0933450902067436
height,15.0,20.0,110.0,120.0,normal,0.0,0.047696889068946084,0.07125162633497324
yaw,15.0,20.0,110.0,120.0,normal,0.0,0.03597459449891214,0.04287532786197255
width,15.0,20.0,110.0,120.0,normal,0.0,0.13581088896902985,0.19339583525017126
length,15.0,20.0,110.0,120.0,normal,0.0,0.0847386933612579,0.11454194873126584
box_height,15.0,20.0,110.0,120.0,normal,0.0,0.06840635137493922,0.08613393377901903
score,15.0,20.0,110.0,120.0,normal,0.688731267825881,0.1187566853704692,90
fp_score,15.0,20.0,110.0,120.0,normal,0.08027969850949647,0.1106568008473089,477
fp_rate,15.0,20.0,110.0,120.0,poisson,0.06713581984517945,477,
miss_detection,15.0,20.0,120.0,130.0,constant,0.3103448275862069,,
distal,15.0,20.0,120.0,130.0,normal,0.0,0.09510711365706691,0.09643179443606997
perpendicular,15.0,20.0,120.0,130.0,normal,0.0,0.11719956675470515,0.11586657411884282
height,15.0,20.0,120.0,130.0,normal,0.0,0.04366324736976437,0.056386028230190274
yaw,15.0,20.0,120.0,130.0,normal,0.0,0.049191841898501884,0.04889632929065222
width,15.0,20.0,120.0,130.0,normal,0.0,0.1482493323949623,0.20046402215957643
length,15.0,20.0,120.0,130.0,normal,0.0,0.09207615168134609,0.11374272406101227
box_height,15.0,20.0,120.0,130.0,normal,0.0,0.08216123444614062,0.08025979101657868
score,15.0,20.0,120.0,130.0,normal,0.7509499050676822,0.09880041559422928,58
fp_score,15.0,20.0,120.0,130.0,normal,0.08558370849611807,0.11396680995766208,343
fp_rate,15.0,20.0,120.0,130.0,poisson,0.04827586206896552,343,
miss_detection,15.0,20.0,130.0,140.0,constant,0.1276595744680851,,
distal,15.0,20.0,130.0,140.0,normal,0.0,0.0915137879860478,0.09737825079350748
perpendicular,15.0,20.0,130.0,140.0,normal,0.0,0.09593984040345038,0.12581571916425066
height,15.0,20.0,130.0,140.0,normal,0.0,0.047457942973329316,0.064400645290933
yaw,15.0,20.0,130.0,140.0,normal,0.0,0.042663274599760416,0.05265025357285134
width,15.0,20.0,130.0,140.0,normal,0.0,0.13015679435437832,0.19121996367849955
length,15.0,20.0,130.0,140.0,normal,0.0,0.08709224477996036,0.1267192189286395
box_height,15.0,20.0,130.0,140.0,normal,0.0,0.07829869960127028,0.08016221406983166
score,15.0,20.0,130.0,140.0,normal,0.6890318059339756,0.12301859668045959,47
fp_score,15.0,20.0,130.0,140.0,normal,0.06733183474305955,0.08921315998858291,358
fp_rate,15.0,20.0,130.0,140.0,poisson,0.05038705137227305,358,
miss_detection,15.0,20.0,140.0,150.0,constant,0.07236842105263158,,
distal,15.0,20.0,140.0,150.0,normal,0.0,0.1465014274026635,0.14914094572737754
perpendicular,15.0,20.0,140.0,150.0,normal,0.0,0.11366048286852175,0.12890485581115288
height,15.0,20.0,140.0,150.0,normal,0.0,0.05486254620229487,0.07036283591114884
yaw,15.0,20.0,140.0,150.0,normal,0.0,0.039843241849126854,0.04220446600552369
width,15.0,20.0,140.0,150.0,normal,0.0,0.2745697888645899,0.25428936498384946
length,15.0,20.0,140.0,150.0,normal,0.0,0.08974983630833232,0.12585846752139693
box_height,15.0,20.0,140.0,150.0,normal,0.0,0.09964635377428326,0.1145952322804336
score,15.0,20.0,140.0,150.0,normal,0.733441598449193,0.12187989794050069,152
fp_score,15.0,20.0,140.0,150.0,normal,0.0659112772050409,0.08606143748934035,361
fp_rate,15.0,20.0,140.0,150.0,poisson,0.050809289232934554,361,
miss_detection,15.0,20.0,150.0,160.0,constant,0.17167381974248927,,
distal,15.0,20.0,150.0,160.0,normal,0.0,0.14079473777370208,0.15812098812329106
perpendicular,15.0,20.0,150.0,160.0,normal,0.0,0.07249337673593959,0.09873632005882642
height,15.0,20.0,150.0,160.0,normal,0.0,0.047045973989249,0.06784741619090343
yaw,15.0,20.0,150.0,160.0,normal,0.0,0.037803341376347104,0.042613691262986524
width,15.0,20.0,150.0,160.0,normal,0.0,0.3046846785733132,0.29211426398914714
length,15.0,20.0,150.0,160.0,normal,0.0,0.10384986486549559,0.13871391387801096
box_height,15.0,20.0,150.0,160.0,normal,0.0,0.12017050511270856,0.13719822582185578
score,15.0,20.0,150.0,160.0,normal,0.7482388373174815,0.1066446615528288,233
fp_score,15.0,20.0,150.0,160.0,normal,0.08524394306814534,0.11753445205871411,435
fp_rate,15.0,20.0,150.0,160.0,poisson,0.061224489795918366,435,
miss_detection,15.0,20.0,160.0,170.0,constant,0.09608540925266904,,
distal,15.0,20.0,160.0,170.0,normal,0.0,0.12047323936735815,0.16488618509533723
perpendicular,15.0,20.0,160.0,170.0,normal,0.0,0.0674473291949707,0.08656152806229976
height,15.0,20.0,160.0,170.0,normal,0.0,0.04765617839282741,0.0634148513942253
yaw,15.0,20.0,160.0,170.0,normal,0.0,0.09709702388291648,0.0466696655523044
width,15.0,20.0,160.0,170.0,normal,0.0,0.25468883405654197,0.303074996302447
length,15.0,20.0,160.0,170.0,normal,0.0,0.23635686073946688,0.14145856978386406
box_height,15.0,20.0,160.0,170.0,normal,0.0,0.11046190068600292,0.11194473199956999
score,15.0,20.0,160.0,170.0,normal,0.7304634004831314,0.10982701964689008,562
fp_score,15.0,20.0,160.0,170.0,normal,0.08774316214703928,0.09216659201604473,428
fp_rate,15.0,20.0,160.0,170.0,poisson,0.06023926812104152,428,
miss_detection,15.0,20.0,170.0,180.0,constant,0.12,,
distal,15.0,20.0,170.0,180.0,normal,0.0,0.14715113231919663,0.16815021275813077
perpendicular,15.0,20.0,170.0,180.0,normal,0.0,0.054544191437875825,0.06920981857919722
height,15.0,20.0,170.0,180.0,normal,0.0,0.04367720926372732,0.057847019623626365
yaw,15.0,20.0,170.0,180.0,normal,0.0,0.1323307886740448,0.05596491582025809
width,15.0,20.0,170.0,180.0,normal,0.0,0.33896661167444686,0.28014885114900995
length,15.0,20.0,170.0,180.0,normal,0.0,0.3336700118458722,0.14946367839972177
box_height,15.0,20.0,170.0,180.0,normal,0.0,0.08644172698540173,0.11612542334831122
score,15.0,20.0,170.0,180.0,normal,0.7066109630871903,0.11046559552400441,300
fp_score,15.0,20.0,170.0,180.0,normal,0.057351196791196976,0.08949191174684941,86
fp_rate,15.0,20.0,170.0,180.0,poisson,0.012104152005629839,86,
miss_detection,20.0,25.0,-180.0,-170.0,constant,0.1076923076923077,,
distal,20.0,25.0,-180.0,-170.0,normal,0.0,0.10585508749306782,0.14244789874579777
perpendicular,20.0,25.0,-180.0,-170.0,normal,0.0,0.04444864099039288,0.05750765954968429
height,20.0,25.0,-180.0,-170.0,normal,0.0,0.053413369624238545,0.06448037063546956
yaw,20.0,25.0,-180.0,-170.0,normal,0.0,0.03614008192586525,0.043600749122345905
width,20.0,25.0,-180.0,-170.0,normal,0.0,0.22226581566647316,0.28894608478828016
length,20.0,25.0,-180.0,-170.0,normal,0.0,0.10314686262677872,0.12928506423687114
box_height,20.0,25.0,-180.0,-170.0,normal,0.0,0.13622894234976096,0.11779225900255401
score,20.0,25.0,-180.0,-170.0,normal,0.7552288617993811,0.10710935661598711,455
fp_score,20.0,25.0,-180.0,-170.0,normal,0.11854951928238576,0.171799478608148,277
fp_rate,20.0,25.0,-180.0,-170.0,poisson,0.038986629134412386,277,
miss_detection,20.0,25.0,-170.0,-160.0,constant,0.03991130820399113,,
distal,20.0,25.0,-170.0,-160.0,normal,0.0,0.14915661959750084,0.16805186530174135
perpendicular,20.0,25.0,-170.0,-160.0,normal,0.0,0.07080386696783837,0.08161002575075696
height,20.0,25.0,-170.0,-160.0,normal,0.0,0.060832704337008846,0.08027450234454994
yaw,20.0,25.0,-170.0,-160.0,normal,0.0,0.041639816286175246,0.0462116576816164
width,20.0,25.0,-170.0,-160.0,normal,0.0,0.24876807957821487,0.31441313730376425
length,20.0,25.0,-170.0,-160.0,normal,0.0,0.144236011740446,0.1483146800179955
box_height,20.0,25.0,-170.0,-160.0,normal,0.0,0.11832783438779047,0.1200032443427599
score,20.0,25.0,-170.0,-160.0,normal,0.7052695177856824,0.11770090233776312,451
fp_score,20.0,25.0,-170.0,-160.0,normal,0.0776236933825183,0.10511571303576568,457
fp_rate,20.0,25.0,-170.0,-160.0,poisson,0.06432090077410274,457,
miss_detection,20.0,25.0,-160.0,-150.0,constant,0.2982456140350877,,
distal,20.0,25.0,-160.0,-150.0,normal,0.0,0.1699570682708764,0.22881360396344466
perpendicular,20.0,25.0,-160.0,-150.0,normal,0.0,0.1158800485544323,0.130412236195027
height,20.0,25.0,-160.0,-150.0,normal,0.0,0.0523079174615802,0.08433123379945755
yaw,20.0,25.0,-160.0,-150.0,normal,0.0,0.03941302528352187,0.05463948468022863
width,20.0,25.0,-160.0,-150.0,normal,0.0,0.3030045254189465,0.30987958908081054
length,20.0,25.0,-160.0,-150.0,normal,0.0,0.1275476925352221,0.15840649604797363
box_height,20.0,25.0,-160.0,-150.0,normal,0.0,0.11167187651554497,0.1273876279592514
score,20.0,25.0,-160.0,-150.0,normal,0.6785244420170784,0.112621585327163,57
fp_score,20.0,25.0,-160.0,-150.0,normal,0.0652131245314506,0.07298811511290543,943
fp_rate,20.0,25.0,-160.0,-150.0,poisson,0.13272343420126673,943,
miss_detection,20.0,25.0,-150.0,-140.0,constant,0.13333333333333333,,
distal,20.0,25.0,-150.0,-140.0,normal,0.0,0.13487988806707915,0.17608781284647046
perpendicular,20.0,25.0,-150.0,-140.0,normal,0.0,0.16925038743889548,0.22027085909119365
height,20.0,25.0,-150.0,-140.0,normal,0.0,0.058545763840451105,0.10330009093651404
yaw,20.0,25.0,-150.0,-140.0,normal,0.0,0.05214866526653796,0.06862275748697011
width,20.0,25.0,-150.0,-140.0,normal,0.0,0.18449033809219864,0.31007247337928184
length,20.0,25.0,-150.0,-140.0,normal,0.0,0.08638272943888954,0.14989429070399357
box_height,20.0,25.0,-150.0,-140.0,normal,0.0,0.11139004823194003,0.1328017051403339
score,20.0,25.0,-150.0,-140.0,normal,0.5486143602774693,0.1497856149291229,75
fp_score,20.0,25.0,-150.0,-140.0,normal,0.07047893700486454,0.06743594528174153,895
fp_rate,20.0,25.0,-150.0,-140.0,poisson,0.12596762843068263,895,
miss_detection,20.0,25.0,-140.0,-130.0,constant,0.22916666666666666,,
distal,20.0,25.0,-140.0,-130.0,normal,0.0,0.11320624001218653,0.14700996479196268
perpendicular,20.0,25.0,-140.0,-130.0,normal,0.0,0.11774391302245825,0.16754067439911813
height,20.0,25.0,-140.0,-130.0,normal,0.0,0.06282279272412666,0.09527959855827126
yaw,20.0,25.0,-140.0,-130.0,normal,0.0,0.04982952790266864,0.07073276340590244
width,20.0,25.0,-140.0,-130.0,normal,0.0,0.23195204103864242,0.26155945417043325
length,20.0,25.0,-140.0,-130.0,normal,0.0,0.12179969291569663,0.1708690121367171
box_height,20.0,25.0,-140.0,-130.0,normal,0.0,0.062205576196824826,0.09329622822838861
score,20.0,25.0,-140.0,-130.0,normal,0.5851604366624678,0.12317191802937244,48
fp_score,20.0,25.0,-140.0,-130.0,normal,0.058864963607256814,0.04932947402868561,1233
fp_rate,20.0,25.0,-140.0,-130.0,poisson,0.17353976073187896,1233,
miss_detection,20.0,25.0,-130.0,-120.0,constant,0.02654867256637168,,
distal,20.0,25.0,-130.0,-120.0,normal,0.0,0.06142573157315029,0.062389303823136025
perpendicular,20.0,25.0,-130.0,-120.0,normal,0.0,0.09067439261760663,0.09760751221763386
height,20.0,25.0,-130.0,-120.0,normal,0.0,0.037406992070863176,0.0645201973842852
yaw,20.0,25.0,-130.0,-120.0,normal,0.0,0.030608584333135798,0.05684929412075875
width,20.0,25.0,-130.0,-120.0,normal,0.0,0.16737070592585437,0.3405611934083881
length,20.0,25.0,-130.0,-120.0,normal,0.0,0.05580131117862419,0.10514501586104884
box_height,20.0,25.0,-130.0,-120.0,normal,0.0,0.05741002927222385,0.10436790459083789
score,20.0,25.0,-130.0,-120.0,normal,0.6848248197273774,0.1002862410963782,339
fp_score,20.0,25.0,-130.0,-120.0,normal,0.06678287299553656,0.06944069453422204,1161
fp_rate,20.0,25.0,-130.0,-120.0,poisson,0.1634060520760028,1161,
miss_detection,20.0,25.0,-120.0,-110.0,constant,0.2894736842105263,,
distal,20.0,25.0,-120.0,-110.0,normal,0.0,0.2156517407071027,0.24681191069980685
perpendicular,20.0,25.0,-120.0,-110.0,normal,0.0,0.1464870771427439,0.1888770943134004
height,20.0,25.0,-120.0,-110.0,normal,0.0,0.11867809880882044,0.15200156635708278
yaw,20.0,25.0,-120.0,-110.0,normal,0.0,0.0551501022507396,0.06419704668674013
width,20.0,25.0,-120.0,-110.0,normal,0.0,0.21256163856453117,0.3229857992242884
length,20.0,25.0,-120.0,-110.0,normal,0.0,0.09412630735784143,0.14934202476784034
box_height,20.0,25.0,-120.0,-110.0,normal,0.0,0.09162743057243407,0.1667898937507912
score,20.0,25.0,-120.0,-110.0,normal,0.441942079199685,0.13431580628619907,38
fp_score,20.0,25.0,-120.0,-110.0,normal,0.06049538145048751,0.05253725380888034,1242
fp_rate,20.0,25.0,-120.0,-110.0,poisson,0.17480647431386348,1242,
miss_detection,20.0,25.0,-110.0,-100.0,constant,0.08333333333333333,,
distal,20.0,25.0,-110.0,-100.0,normal,0.0,0.14407938710365925,0.15769064076919137
perpendicular,20.0,25.0,-110.0,-100.0,normal,0.0,0.11517179201504965,0.14819212423815817
height,20.0,25.0,-110.0,-100.0,normal,0.0,0.08537141005881564,0.11895932934500954
yaw,20.0,25.0,-110.0,-100.0,normal,0.0,0.055765662539525675,0.06864569047207651
width,20.0,25.0,-110.0,-100.0,normal,0.0,0.20161735245035886,0.2581909714323102
length,20.0,25.0,-110.0,-100.0,normal,0.0,0.08559466167713815,0.12465087211493289
box_height,20.0,25.0,-110.0,-100.0,normal,0.0,0.09438465879007238,0.15591045581933224
score,20.0,25.0,-110.0,-100.0,normal,0.48955359829194617,0.14767522944515743,36
fp_score,20.0,25.0,-110.0,-100.0,normal,0.06143348311841131,0.05213700861413352,1338
fp_rate,20.0,25.0,-110.0,-100.0,poisson,0.18831808585503168,1338,
miss_detection,20.0,25.0,-100.0,-90.0,constant,0.125,,
distal,20.0,25.0,-100.0,-90.0,normal,0.0,0.10391311531717869,0.16904402178160968
perpendicular,20.0,25.0,-100.0,-90.0,normal,0.0,0.12098389054588544,0.1422428932896338
height,20.0,25.0,-100.0,-90.0,normal,0.0,0.06245438504143464,0.08267795869282314
yaw,20.0,25.0,-100.0,-90.0,normal,0.0,0.07578878150427926,0.10075728754217579
width,20.0,25.0,-100.0,-90.0,normal,0.0,0.2681942763287703,0.3119754995618548
length,20.0,25.0,-100.0,-90.0,normal,0.0,0.05916594417161715,0.11672897338867187
box_height,20.0,25.0,-100.0,-90.0,normal,0.0,0.10656469507104205,0.1387331247329712
score,20.0,25.0,-100.0,-90.0,normal,0.44533458990710123,0.15215167336708038,40
fp_score,20.0,25.0,-100.0,-90.0,normal,0.06549715239303244,0.05652652191091809,1467
fp_rate,20.0,25.0,-100.0,-90.0,poisson,0.20647431386347642,1467,
miss_detection,20.0,25.0,-90.0,-80.0,constant,0.13513513513513514,,
distal,20.0,25.0,-90.0,-80.0,normal,0.0,0.12729586775487148,0.21453423027517954
perpendicular,20.0,25.0,-90.0,-80.0,normal,0.0,0.06470871446617923,0.1072115828880987
height,20.0,25.0,-90.0,-80.0,normal,0.0,0.08116885714626138,0.09461296163499355
yaw,20.0,25.0,-90.0,-80.0,normal,0.0,0.07774796391985611,0.12098228502969222
width,20.0,25.0,-90.0,-80.0,normal,0.0,0.22351840231406825,0.2998603731393814
length,20.0,25.0,-90.0,-80.0,normal,0.0,0.0636533902684818,0.09938272461295128
box_height,20.0,25.0,-90.0,-80.0,normal,0.0,0.08084167169627321,0.12007676810026169
score,20.0,25.0,-90.0,-80.0,normal,0.4307186440564692,0.13066998044523093,37
fp_score,20.0,25.0,-90.0,-80.0,normal,0.07415806412195132,0.06132031163560051,1589
fp_rate,20.0,25.0,-90.0,-80.0,poisson,0.22364532019704433,1589,
miss_detection,20.0,25.0,-80.0,-70.0,constant,0.1590909090909091,,
distal,20.0,25.0,-80.0,-70.0,normal,0.0,0.17927768690770482,0.2270504737716813
perpendicular,20.0,25.0,-80.0,-70.0,normal,0.0,0.09567119119248704,0.13002662514127467
height,20.0,25.0,-80.0,-70.0,normal,0.0,0.05761959392396133,0.11156978317209192
yaw,20.0,25.0,-80.0,-70.0,normal,0.0,0.11316194455355305,0.1400031629976249
width,20.0,25.0,-80.0,-70.0,normal,0.0,0.1851985006604496,0.24497536710790685
length,20.0,25.0,-80.0,-70.0,normal,0.0,0.11213772003507061,0.15117669105529785
box_height,20.0,25.0,-80.0,-70.0,normal,0.0,0.10027197506662636,0.1493821047447823
score,20.0,25.0,-80.0,-70.0,normal,0.4461650715486423,0.15069201336573892,44
fp_score,20.0,25.0,-80.0,-70.0,normal,0.06282957388245386,0.051467789944314814,1433
fp_rate,20.0,25.0,-80.0,-70.0,poisson,0.20168895144264604,1433,
miss_detection,20.0,25.0,-70.0,-60.0,constant,0.19607843137254902,,
distal,20.0,25.0,-70.0,-60.0,normal,0.0,0.1131408867971715,0.15107805632377355
perpendicular,20.0,25.0,-70.0,-60.0,normal,0.0,0.06944187877485361,0.09312267327944715
height,20.0,25.0,-70.0,-60.0,normal,0.0,0.11240515652318425,0.13281813772713266
yaw,20.0,25.0,-70.0,-60.0,normal,0.0,0.05075713538613734,0.1148158568792259
width,20.0,25.0,-70.0,-60.0,normal,0.0,0.1863077661075536,0.2242253698953768
length,20.0,25.0,-70.0,-60.0,normal,0.0,0.09036986696881644,0.13443924159538456
box_height,20.0,25.0,-70.0,-60.0,normal,0.0,0.09014121047792177,0.14721296182492885
score,20.0,25.0,-70.0,-60.0,normal,0.45463067620265774,0.19332903976693966,51
fp_score,20.0,25.0,-70.0,-60.0,normal,0.0815462333576179,0.07490787028666906,1666
fp_rate,20.0,25.0,-70.0,-60.0,poisson,0.23448275862068965,1666,
miss_detection,20.0,25.0,-60.0,-50.0,constant,0.17391304347826086,,
distal,20.0,25.0,-60.0,-50.0,normal,0.0,0.14690734845580727,0.2140498982781789
perpendicular,20.0,25.0,-60.0,-50.0,normal,0.0,0.07033688571597817,0.1241634350048094
height,20.0,25.0,-60.0,-50.0,normal,0.0,0.09542904877741577,0.14834351916062205
yaw,20.0,25.0,-60.0,-50.0,normal,0.0,0.048086362515428374,0.08460949513596788
width,20.0,25.0,-60.0,-50.0,normal,0.0,0.16363007615122097,0.2705091049796657
length,20.0,25.0,-60.0,-50.0,normal,0.0,0.12225862367512544,0.1971763717500787
box_height,20.0,25.0,-60.0,-50.0,normal,0.0,0.09359722465348759,0.1822535803443507
score,20.0,25.0,-60.0,-50.0,normal,0.5144372498126406,0.1805844903735086,46
fp_score,20.0,25.0,-60.0,-50.0,normal,0.05861474111095651,0.055909633681126863,1155
fp_rate,20.0,25.0,-60.0,-50.0,poisson,0.1625615763546798,1155,
miss_detection,20.0,25.0,-50.0,-40.0,constant,0.22388059701492538,,
distal,20.0,25.0,-50.0,-40.0,normal,0.0,0.1421913388624158,0.1728983195082656
perpendicular,20.0,25.0,-50.0,-40.0,normal,0.0,0.1109891395427319,0.13819573010983618
height,20.0,25.0,-50.0,-40.0,normal,0.0,0.060404317121381695,0.09360965971763317
yaw,20.0,25.0,-50.0,-40.0,normal,0.0,0.04172093100765614,0.06354228593935683
width,20.0,25.0,-50.0,-40.0,normal,0.0,0.19103687639912365,0.26573973435621995
length,20.0,25.0,-50.0,-40.0,normal,0.0,0.11875127012227202,0.16709641768382147
box_height,20.0,25.0,-50.0,-40.0,normal,0.0,0.09673978491366798,0.12719998680628264
score,20.0,25.0,-50.0,-40.0,normal,0.5539709386917261,0.1471047348645554,67
fp_score,20.0,25.0,-50.0,-40.0,normal,0.06153331571215532,0.061601863884670593,973
fp_rate,20.0,25.0,-50.0,-40.0,poisson,0.13694581280788176,973,
miss_detection,20.0,25.0,-40.0,-30.0,constant,0.2711864406779661,,
distal,20.0,25.0,-40.0,-30.0,normal,0.0,0.12233662443263692,0.17674424473609446
perpendicular,20.0,25.0,-40.0,-30.0,normal,0.0,0.12178038258236858,0.1597331522429095
height,20.0,25.0,-40.0,-30.0,normal,0.0,0.07649109138842966,0.08819546671800835
yaw,20.0,25.0,-40.0,-30.0,normal,0.0,0.061736373327647455,0.07672069326827212
width,20.0,25.0,-40.0,-30.0,normal,0.0,0.29158012689053603,0.30641612341237623
length,20.0,25.0,-40.0,-30.0,normal,0.0,0.12585609430407463,0.17532323127569155
box_height,20.0,25.0,-40.0,-30.0,normal,0.0,0.09926735514864321,0.11991299862085386
score,20.0,25.0,-40.0,-30.0,normal,0.5262638434421184,0.193567214504869,59
fp_score,20.0,25.0,-40.0,-30.0,normal,0.06799504366112996,0.07851635237200282,874
fp_rate,20.0,25.0,-40.0,-30.0,poisson,0.12301196340605208,874,
miss_detection,20.0,25.0,-30.0,-20.0,constant,0.26153846153846155,,
distal,20.0,25.0,-30.0,-20.0,normal,0.0,0.12817554913904922,0.18095727045987983
perpendicular,20.0,25.0,-30.0,-20.0,normal,0.0,0.1235449045249567,0.1665284931528665
height,20.0,25.0,-30.0,-20.0,normal,0.0,0.08078503810666877,0.1068320410947005
yaw,20.0,25.0,-30.0,-20.0,normal,0.0,0.0604895618599448,0.09334839791467926
width,20.0,25.0,-30.0,-20.0,normal,0.0,0.2867308514962035,0.3191175659497579
length,20.0,25.0,-30.0,-20.0,normal,0.0,0.09631740397739945,0.15818319718043009
box_height,20.0,25.0,-30.0,-20.0,normal,0.0,0.1708999131183568,0.185874842107296
score,20.0,25.0,-30.0,-20.0,normal,0.42514824820682406,0.22027467142590235,65
fp_score,20.0,25.0,-30.0,-20.0,normal,0.06625895567694,0.07478457521285255,932
fp_rate,20.0,25.0,-30.0,-20.0,poisson,0.13117522871217452,932,
miss_detection,20.0,25.0,-20.0,-10.0,constant,0.06159420289855073,,
distal,20.0,25.0,-20.0,-10.0,normal,0.0,0.14534228668293603,0.18374708665694225
perpendicular,20.0,25.0,-20.0,-10.0,normal,0.0,0.08502406705878097,0.10411376494755423
height,20.0,25.0,-20.0,-10.0,normal,0.0,0.05779240628705347,0.07538319347447871
yaw,20.0,25.0,-20.0,-10.0,normal,0.0,0.039978414864621586,0.0669414638027444
width,20.0,25.0,-20.0,-10.0,normal,0.0,0.24188893430999323,0.3221150917436165
length,20.0,25.0,-20.0,-10.0,normal,0.0,0.1373859601379327,0.16452329361300672
box_height,20.0,25.0,-20.0,-10.0,normal,0.0,0.11414061053569632,0.13939932368436836
score,20.0,25.0,-20.0,-10.0,normal,0.7231694098605153,0.10997013605060782,276
fp_score,20.0,25.0,-20.0,-10.0,normal,0.0708903899945056,0.09236820665655945,539
fp_rate,20.0,25.0,-20.0,-10.0,poisson,0.07586206896551724,539,
miss_detection,20.0,25.0,-10.0,0.0,constant,0.14869888475836432,,
distal,20.0,25.0,-10.0,0.0,normal,0.0,0.11715580790464077,0.14449959149954167
perpendicular,20.0,25.0,-10.0,0.0,normal,0.0,0.0727721875095212,0.07972061090445144
height,20.0,25.0,-10.0,0.0,normal,0.0,0.06372396953236742,0.07803226532373886
yaw,20.0,25.0,-10.0,0.0,normal,0.0,0.04083110719873475,0.06641689091810674
width,20.0,25.0,-10.0,0.0,normal,0.0,0.22771398244089727,0.2742043416052406
length,20.0,25.0,-10.0,0.0,normal,0.0,0.08411566145882514,0.1281784361626904
box_height,20.0,25.0,-10.0,0.0,normal,0.0,0.1171649797176418,0.1334128478729048
score,20.0,25.0,-10.0,0.0,normal,0.6637156607021931,0.11835022810937523,269
fp_score,20.0,25.0,-10.0,0.0,normal,0.11805121738059021,0.15219541834766628,267
fp_rate,20.0,25.0,-10.0,0.0,poisson,0.03757916959887403,267,
miss_detection,20.0,25.0,0.0,10.0,constant,0.03303964757709251,,
distal,20.0,25.0,0.0,10.0,normal,0.0,0.1513661886842903,0.17251891196825025
perpendicular,20.0,25.0,0.0,10.0,normal,0.0,0.08372789407238203,0.09244448640214514
height,20.0,25.0,0.0,10.0,normal,0.0,0.07243116439521452,0.09528488477433189
yaw,20.0,25.0,0.0,10.0,normal,0.0,0.10643353325081505,0.051227463682544404
width,20.0,25.0,0.0,10.0,normal,0.0,0.31050805709030965,0.29836048270683896
length,20.0,25.0,0.0,10.0,normal,0.0,0.1909214887949243,0.14613261038187153
box_height,20.0,25.0,0.0,10.0,normal,0.0,0.12446264778043084,0.16169667624123818
score,20.0,25.0,0.0,10.0,normal,0.6950402420718469,0.13102671765742946,454
fp_score,20.0,25.0,0.0,10.0,normal,0.1214205066796886,0.17103038769036794,415
fp_rate,20.0,25.0,0.0,10.0,poisson,0.05840957072484166,415,
miss_detection,20.0,25.0,10.0,20.0,constant,0.0919175911251981,,
distal,20.0,25.0,10.0,20.0,normal,0.0,0.12854382507543383,0.15073176857908951
perpendicular,20.0,25.0,10.0,20.0,normal,0.0,0.06748504227881841,0.08066010359717547
height,20.0,25.0,10.0,20.0,normal,0.0,0.054211886806039424,0.06439608918018574
yaw,20.0,25.0,10.0,20.0,normal,0.0,0.06959974376112882,0.04015451685434452
width,20.0,25.0,10.0,20.0,normal,0.0,0.2622134703218209,0.2741707494745704
length,20.0,25.0,10.0,20.0,normal,0.0,0.1687823003744876,0.14426247653328728
box_height,20.0,25.0,10.0,20.0,normal,0.0,0.12001457984079549,0.11853872439832172
score,20.0,25.0,10.0,20.0,normal,0.7328393684527845,0.11179449863112344,631
fp_score,20.0,25.0,10.0,20.0,normal,0.11015862606388206,0.14060350652612746,480
fp_rate,20.0,25.0,10.0,20.0,poisson,0.06755805770584096,480,
miss_detection,20.0,25.0,20.0,30.0,constant,0.1064516129032258,,
distal,20.0,25.0,20.0,30.0,normal,0.0,0.13860433014855333,0.152418150612182
perpendicular,20.0,25.0,20.0,30.0,normal,0.0,0.08274452565969592,0.11056231451414837
height,20.0,25.0,20.0,30.0,normal,0.0,0.07230464195132442,0.0833804714980969
yaw,20.0,25.0,20.0,30.0,normal,0.0,0.03362811978270486,0.04076160931791616
width,20.0,25.0,20.0,30.0,normal,0.0,0.37318097500513253,0.34303319841515717
length,20.0,25.0,20.0,30.0,normal,0.0,0.1523853341710519,0.1642969980136582
box_height,20.0,25.0,20.0,30.0,normal,0.0,0.12381718316736925,0.13111993638186678
score,20.0,25.0,20.0,30.0,normal,0.6959779904852705,0.13040839934368512,310
fp_score,20.0,25.0,20.0,30.0,normal,0.08442609876926456,0.10944312494788806,616
fp_rate,20.0,25.0,20.0,30.0,poisson,0.08669950738916256,616,
miss_detection,20.0,25.0,30.0,40.0,constant,0.52,,
distal,20.0,25.0,30.0,40.0,normal,0.0,0.13968943029600597,0.16044411325437516
perpendicular,20.0,25.0,30.0,40.0,normal,0.0,0.10744213596921429,0.14307873390821912
height,20.0,25.0,30.0,40.0,normal,0.0,0.04945598370860978,0.06871601641178131
yaw,20.0,25.0,30.0,40.0,normal,0.0,0.042185242082301525,0.05900081802787727
width,20.0,25.0,30.0,40.0,normal,0.0,0.3563927311578076,0.33568543990453087
length,20.0,25.0,30.0,40.0,normal,0.0,0.17990336105639554,0.19186608791351317
box_height,20.0,25.0,30.0,40.0,normal,0.0,0.0919545364181484,0.11493151187896729
score,20.0,25.0,30.0,40.0,normal,0.6641968965530396,0.14367544827936513,250
fp_score,20.0,25.0,30.0,40.0,normal,0.14583830838910675,0.2063587708233036,796
fp_rate,20.0,25.0,30.0,40.0,poisson,0.11203377902885292,796,
miss_detection,20.0,25.0,40.0,50.0,constant,0.16875,,
distal,20.0,25.0,40.0,50.0,normal,0.0,0.13585046693646013,0.15743352128783847
perpendicular,20.0,25.0,40.0,50.0,normal,0.0,0.14156675553972536,0.15810761672216772
height,20.0,25.0,40.0,50.0,normal,0.0,0.06781418334142243,0.08078112772532872
yaw,20.0,25.0,40.0,50.0,normal,0.0,0.051738579837176,0.057073742566088236
width,20.0,25.0,40.0,50.0,normal,0.0,0.17128510449222623,0.22509240566339708
length,20.0,25.0,40.0,50.0,normal,0.0,0.09486633865062465,0.13526441728262076
box_height,20.0,25.0,40.0,50.0,normal,0.0,0.11281666334151416,0.11810078925656196
score,20.0,25.0,40.0,50.0,normal,0.6185316082678343,0.16183841585910674,160
fp_score,20.0,25.0,40.0,50.0,normal,0.06922149122338798,0.08942701668740297,658
fp_rate,20.0,25.0,40.0,50.0,poisson,0.09261083743842365,658,
miss_detection,20.0,25.0,50.0,60.0,constant,0.19852941176470587,,
distal,20.0,25.0,50.0,60.0,normal,0.0,0.15027561174405618,0.15797237409679282
perpendicular,20.0,25.0,50.0,60.0,normal,0.0,0.1267137537627213,0.1605795377739143
height,20.0,25.0,50.0,60.0,normal,0.0,0.08307770346174861,0.0956910258039422
yaw,20.0,25.0,50.0,60.0,normal,0.0,0.05611086625012181,0.057699637100823334
width,20.0,25.0,50.0,60.0,normal,0.0,0.17947407190942316,0.24199369631776022
length,20.0,25.0,50.0,60.0,normal,0.0,0.10489066818776077,0.14191001598988104
box_height,20.0,25.0,50.0,60.0,normal,0.0,0.07696552733629128,0.12677653557663665
score,20.0,25.0,50.0,60.0,normal,0.5618503215389514,0.16960761924122275,136
fp_score,20.0,25.0,50.0,60.0,normal,0.08622823000102599,0.1127562484949787,703
fp_rate,20.0,25.0,50.0,60.0,poisson,0.09894440534834624,703,
miss_detection,20.0,25.0,60.0,70.0,constant,0.2909090909090909,,
distal,20.0,25.0,60.0,70.0,normal,0.0,0.14901466906712169,0.1666142929880951
perpendicular,20.0,25.0,60.0,70.0,normal,0.0,0.13653232315373653,0.1485867539644327
height,20.0,25.0,60.0,70.0,normal,0.0,0.07453132208326672,0.10051278120432144
yaw,20.0,25.0,60.0,70.0,normal,0.0,0.05935517865786355,0.06377068330808898
width,20.0,25.0,60.0,70.0,normal,0.0,0.24073277356462353,0.29425241600753915
length,20.0,25.0,60.0,70.0,normal,0.0,0.10489889608154715,0.14182543856465918
box_height,20.0,25.0,60.0,70.0,normal,0.0,0.1010096559394269,0.1456267660499638
score,20.0,25.0,60.0,70.0,normal,0.5666062349182928,0.17593834177489748,165
fp_score,20.0,25.0,60.0,70.0,normal,0.0741100986509524,0.09585074203820705,872
fp_rate,20.0,25.0,60.0,70.0,poisson,0.12273047149894441,872,
miss_detection,20.0,25.0,70.0,80.0,constant,0.16822429906542055,,
distal,20.0,25.0,70.0,80.0,normal,0.0,0.13760917063121642,0.14984414019808082
perpendicular,20.0,25.0,70.0,80.0,normal,0.0,0.13489558451413575,0.1698336422946682
height,20.0,25.0,70.0,80.0,normal,0.0,0.06594567886139022,0.0959417029712977
yaw,20.0,25.0,70.0,80.0,normal,0.0,0.06195796231847967,0.06304576890301897
width,20.0,25.0,70.0,80.0,normal,0.0,0.2673712540606537,0.30722049113070027
length,20.0,25.0,70.0,80.0,normal,0.0,0.1181403222516632,0.14953119969100095
box_height,20.0,25.0,70.0,80.0,normal,0.0,0.10892362009357097,0.13894481337472295
score,20.0,25.0,70.0,80.0,normal,0.5610448980934164,0.18789937734999104,107
fp_score,20.0,25.0,70.0,80.0,normal,0.07075462169385573,0.07668021773225119,852
fp_rate,20.0,25.0,70.0,80.0,poisson,0.1199155524278677,852,
miss_detection,20.0,25.0,80.0,90.0,constant,0.19,,
distal,20.0,25.0,80.0,90.0,normal,0.0,0.1391724584552924,0.15545469792803512
perpendicular,20.0,25.0,80.0,90.0,normal,0.0,0.13965677511929908,0.163991578224389
height,20.0,25.0,80.0,90.0,normal,0.0,0.09747778218771641,0.1166032780835658
yaw,20.0,25.0,80.0,90.0,normal,0.0,0.05585836652002281,0.05899630529707759
width,20.0,25.0,80.0,90.0,normal,0.0,0.21656699140878893,0.253372934129503
length,20.0,25.0,80.0,90.0,normal,0.0,0.10627262753015777,0.14919722816090525
box_height,20.0,25.0,80.0,90.0,normal,0.0,0.09450130140921452,0.11848831912617624
score,20.0,25.0,80.0,90.0,normal,0.5542155355215073,0.16622444077555554,100
fp_score,20.0,25.0,80.0,90.0,normal,0.06834155596445915,0.08344663817813493,709
fp_rate,20.0,25.0,80.0,90.0,poisson,0.09978888106966925,709,
miss_detection,20.0,25.0,90.0,100.0,constant,0.17307692307692307,,
distal,20.0,25.0,90.0,100.0,normal,0.0,0.15116815420819435,0.17831211722834264
perpendicular,20.0,25.0,90.0,100.0,normal,0.0,0.14627812798330755,0.14911356350099936
height,20.0,25.0,90.0,100.0,normal,0.0,0.08999028650991787,0.10245948059614314
yaw,20.0,25.0,90.0,100.0,normal,0.0,0.06547604978117945,0.07680514891070465
width,20.0,25.0,90.0,100.0,normal,0.0,0.23674408849359846,0.25160084768783214
length,20.0,25.0,90.0,100.0,normal,0.0,0.1085700210066847,0.14810874018558237
box_height,20.0,25.0,90.0,100.0,normal,0.0,0.08202296259858669,0.10569054858629094
score,20.0,25.0,90.0,100.0,normal,0.5568741593769816,0.18350855429172114,104
fp_score,20.0,25.0,90.0,100.0,normal,0.06677530097230426,0.08944043232603602,795
fp_rate,20.0,25.0,90.0,100.0,poisson,0.11189303307529909,795,
miss_detection,20.0,25.0,100.0,110.0,constant,0.1527777777777778,,
distal,20.0,25.0,100.0,110.0,normal,0.0,0.11659715238379341,0.1735930983089284
perpendicular,20.0,25.0,100.0,110.0,normal,0.0,0.10853470771126125,0.13529200606764755
height,20.0,25.0,100.0,110.0,normal,0.0,0.08204194572314184,0.09186971920435547
yaw,20.0,25.0,100.0,110.0,normal,0.0,0.06382179986465975,0.06615663668578171
width,20.0,25.0,100.0,110.0,normal,0.0,0.15583092775113452,0.19073921344319328
length,20.0,25.0,100.0,110.0,normal,0.0,0.10313508595789105,0.14089259944978308
box_height,20.0,25.0,100.0,110.0,normal,0.0,0.08044598812633794,0.10183407928122849
score,20.0,25.0,100.0,110.0,normal,0.5477798130424296,0.16509295722895745,144
fp_score,20.0,25.0,100.0,110.0,normal,0.06404109627884977,0.0823758581720727,663
fp_rate,20.0,25.0,100.0,110.0,poisson,0.09331456720619283,663,
miss_detection,20.0,25.0,110.0,120.0,constant,0.21830985915492956,,
distal,20.0,25.0,110.0,120.0,normal,0.0,0.10262745191421374,0.15054210167352072
perpendicular,20.0,25.0,110.0,120.0,normal,0.0,0.11633942229077134,0.15103000869890085
height,20.0,25.0,110.0,120.0,normal,0.0,0.07094546352551702,0.09851089361551646
yaw,20.0,25.0,110.0,120.0,normal,0.0,0.06918680699218523,0.07002058533621956
width,20.0,25.0,110.0,120.0,normal,0.0,0.1668629372152345,0.254510684056325
length,20.0,25.0,110.0,120.0,normal,0.0,0.08866010873297092,0.1378653285739658
box_height,20.0,25.0,110.0,120.0,normal,0.0,0.07813257116618422,0.10866848412934724
score,20.0,25.0,110.0,120.0,normal,0.5835556475160358,0.16646858212930885,142
fp_score,20.0,25.0,110.0,120.0,normal,0.0708038349130324,0.08290250339295262,700
fp_rate,20.0,25.0,110.0,120.0,poisson,0.09852216748768473,700,
miss_detection,20.0,25.0,120.0,130.0,constant,0.09049773755656108,,
distal,20.0,25.0,120.0,130.0,normal,0.0,0.10078535377160178,0.11945837722401595
perpendicular,20.0,25.0,120.0,130.0,normal,0.0,0.09271765317843984,0.1052916515125464
height,20.0,25.0,120.0,130.0,normal,0.0,0.07937883206647789,0.12543439687187993
yaw,20.0,25.0,120.0,130.0,normal,0.0,0.04229693587086287,0.04982993358527007
width,20.0,25.0,120.0,130.0,normal,0.0,0.19115409515413467,0.31047538026648375
length,20.0,25.0,120.0,130.0,normal,0.0,0.07086426617472602,0.14618703322624094
box_height,20.0,25.0,120.0,130.0,normal,0.0,0.06338121543490782,0.08672214384695784
score,20.0,25.0,120.0,130.0,normal,0.5776257457869562,0.14366291082261323,221
fp_score,20.0,25.0,120.0,130.0,normal,0.07348878509772376,0.07952024483174105,583
fp_rate,20.0,25.0,120.0,130.0,poisson,0.08205489092188599,583,
miss_detection,20.0,25.0,130.0,140.0,constant,0.2727272727272727,,
distal,20.0,25.0,130.0,140.0,normal,0.0,0.08427810984921144,0.10789149085458576
perpendicular,20.0,25.0,130.0,140.0,normal,0.0,0.09464932692665415,0.12824193633882947
height,20.0,25.0,130.0,140.0,normal,0.0,0.05355507059600221,0.0798577070236206
yaw,20.0,25.0,130.0,140.0,normal,0.0,0.03748695987990968,0.051173045564151295
width,20.0,25.0,130.0,140.0,normal,0.0,0.151750306861872,0.1663638949394226
length,20.0,25.0,130.0,140.0,normal,0.0,0.09576411025174791,0.1276198998093605
box_height,20.0,25.0,130.0,140.0,normal,0.0,0.07366879486725479,0.09674709439277648
score,20.0,25.0,130.0,140.0,normal,0.6958586692810058,0.13001981661118955,110
fp_score,20.0,25.0,130.0,140.0,normal,0.07645058552299507,0.09990976009644288,578
fp_rate,20.0,25.0,130.0,140.0,poisson,0.08135116115411682,578,
miss_detection,20.0,25.0,140.0,150.0,constant,0.07174887892376682,,
distal,20.0,25.0,140.0,150.0,normal,0.0,0.07072066012908575,0.10815447784522315
perpendicular,20.0,25.0,140.0,150.0,normal,0.0,0.05212095951558103,0.06783858642893005
height,20.0,25.0,140.0,150.0,normal,0.0,0.04138168361980647,0.05716446056458109
yaw,20.0,25.0,140.0,150.0,normal,0.0,0.045570551675654776,0.05588710894076236
width,20.0,25.0,140.0,150.0,normal,0.0,0.13765924779089678,0.18558063138510295
length,20.0,25.0,140.0,150.0,normal,0.0,0.08128919937140858,0.10071418538761599
box_height,20.0,25.0,140.0,150.0,normal,0.0,0.08647370195143125,0.1117734310131718
score,20.0,25.0,140.0,150.0,normal,0.6296087820172885,0.10307067103591112,223
fp_score,20.0,25.0,140.0,150.0,normal,0.07286408617897835,0.09626807298136256,574
fp_rate,20.0,25.0,140.0,150.0,poisson,0.08078817733990148,574,
miss_detection,20.0,25.0,150.0,160.0,constant,0.12079207920792079,,
distal,20.0,25.0,150.0,160.0,normal,0.0,0.13796006684620388,0.15445797703957628
perpendicular,20.0,25.0,150.0,160.0,normal,0.0,0.0813783577646295,0.0988007334272582
height,20.0,25.0,150.0,160.0,normal,0.0,0.06436759017380908,0.10657205090329454
yaw,20.0,25.0,150.0,160.0,normal,0.0,0.047317831599416126,0.07809306531525448
width,20.0,25.0,150.0,160.0,normal,0.0,0.21915465122835004,0.3074765248341603
length,20.0,25.0,150.0,160.0,normal,0.0,0.07518544751770212,0.0983203915325371
box_height,20.0,25.0,150.0,160.0,normal,0.0,0.08645221177817411,0.08281075068422265
score,20.0,25.0,150.0,160.0,normal,0.7276055658789905,0.09247642998816508,505
fp_score,20.0,25.0,150.0,160.0,normal,0.08010456219487387,0.0908587420870583,737
fp_rate,20.0,25.0,150.0,160.0,poisson,0.10372976776917664,737,
miss_detection,20.0,25.0,160.0,170.0,constant,0.17391304347826086,,
distal,20.0,25.0,160.0,170.0,normal,0.0,0.1394176737823487,0.15486667881100538
perpendicular,20.0,25.0,160.0,170.0,normal,0.0,0.07995523391443295,0.10816070250901672
height,20.0,25.0,160.0,170.0,normal,0.0,0.048891516642932675,0.06812093822579635
yaw,20.0,25.0,160.0,170.0,normal,0.0,0.03123880672630308,0.04611014100884691
width,20.0,25.0,160.0,170.0,normal,0.0,0.18986233997694404,0.2624191585339998
length,20.0,25.0,160.0,170.0,normal,0.0,0.11202409748841849,0.1489319638202065
box_height,20.0,25.0,160.0,170.0,normal,0.0,0.1402183500011374,0.1426243832236842
score,20.0,25.0,160.0,170.0,normal,0.7655183754469219,0.09258676242892949,230
fp_score,20.0,25.0,160.0,170.0,normal,0.08905305472810393,0.11794712517147557,593
fp_rate,20.0,25.0,160.0,170.0,poisson,0.08346235045742435,593,
miss_detection,20.0,25.0,170.0,180.0,constant,0.08823529411764706,,
distal,20.0,25.0,170.0,180.0,normal,0.0,0.14072207503724557,0.17478235737809394
perpendicular,20.0,25.0,170.0,180.0,normal,0.0,0.06850629844803233,0.08919918257355444
height,20.0,25.0,170.0,180.0,normal,0.0,0.04544499624554264,0.06305623823596586
yaw,20.0,25.0,170.0,180.0,normal,0.0,0.13423476036170096,0.05251613718318832
width,20.0,25.0,170.0,180.0,normal,0.0,0.3614337193622292,0.3268417708816067
length,20.0,25.0,170.0,180.0,normal,0.0,0.35021532182185167,0.1736280793143857
box_height,20.0,25.0,170.0,180.0,normal,0.0,0.09325708837738277,0.1031230995731969
score,20.0,25.0,170.0,180.0,normal,0.7270008307551185,0.10605339792217927,544
fp_score,20.0,25.0,170.0,180.0,normal,0.10784576496232576,0.11177356594844826,771
fp_rate,20.0,25.0,170.0,180.0,poisson,0.10851513019000704,771,
miss_detection,25.0,30.0,-180.0,-170.0,constant,0.015659955257270694,,
distal,25.0,30.0,-180.0,-170.0,normal,0.0,0.1331179124374854,0.1421418283770699
perpendicular,25.0,30.0,-180.0,-170.0,normal,0.0,0.056368989024542605,0.06568699456730127
height,25.0,30.0,-180.0,-170.0,normal,0.0,0.05945431785015411,0.07702284143729643
yaw,25.0,30.0,-180.0,-170.0,normal,0.0,0.03916276828463139,0.04991113969293275
width,25.0,30.0,-180.0,-170.0,normal,0.0,0.2345873906493203,0.2653962839733471
length,25.0,30.0,-180.0,-170.0,normal,0.0,0.08713153018788326,0.12083018936894156
box_height,25.0,30.0,-180.0,-170.0,normal,0.0,0.11109793149734719,0.10160205228762194
score,25.0,30.0,-180.0,-170.0,normal,0.7495119829069484,0.1148814940458942,447
fp_score,25.0,30.0,-180.0,-170.0,normal,0.13522574593197312,0.16956469154665585,338
fp_rate,25.0,30.0,-180.0,-170.0,poisson,0.04757213230119634,338,
miss_detection,25.0,30.0,-170.0,-160.0,constant,0.0958904109589041,,
distal,25.0,30.0,-170.0,-160.0,normal,0.0,0.14652108918278722,0.17874450156888685
perpendicular,25.0,30.0,-170.0,-160.0,normal,0.0,0.07043062004595473,0.09571952763415628
height,25.0,30.0,-170.0,-160.0,normal,0.0,0.06607530453850734,0.0923604251760425
yaw,25.0,30.0,-170.0,-160.0,normal,0.0,0.03104101866516282,0.0411257289215152
width,25.0,30.0,-170.0,-160.0,normal,0.0,0.2674316834481618,0.3423635553229939
length,25.0,30.0,-170.0,-160.0,normal,0.0,0.16065499500377187,0.20422979150757645
box_height,25.0,30.0,-170.0,-160.0,normal,0.0,0.14426884701626744,0.1648707859443896
score,25.0,30.0,-170.0,-160.0,normal,0.692440379185207,0.11634171622393029,292
fp_score,25.0,30.0,-170.0,-160.0,normal,0.07170124875605724,0.08768665875530823,964
fp_rate,25.0,30.0,-170.0,-160.0,poisson,0.13567909922589724,964,
miss_detection,25.0,30.0,-160.0,-150.0,constant,0.1218274111675127,,
distal,25.0,30.0,-160.0,-150.0,normal,0.0,0.12016838222817201,0.14750219089611136
perpendicular,25.0,30.0,-160.0,-150.0,normal,0.0,0.14155284098018273,0.17607794181071004
height,25.0,30.0,-160.0,-150.0,normal,0.0,0.04605420772264854,0.07876074417478088
yaw,25.0,30.0,-160.0,-150.0,normal,0.0,0.04811477700412037,0.053878291208534976
width,25.0,30.0,-160.0,-150.0,normal,0.0,0.17099054604356584,0.26763288547537917
length,25.0,30.0,-160.0,-150.0,normal,0.0,0.12258097764639947,0.2257439904130263
box_height,25.0,30.0,-160.0,-150.0,normal,0.0,0.08365394539608599,0.10396280522980442
score,25.0,30.0,-160.0,-150.0,normal,0.5746330598186207,0.10967487784860748,197
fp_score,25.0,30.0,-160.0,-150.0,normal,0.07115108073971475,0.07774396971300732,1197
fp_rate,25.0,30.0,-160.0,-150.0,poisson,0.1684729064039409,1197,
miss_detection,25.0,30.0,-150.0,-140.0,constant,0.16901408450704225,,
distal,25.0,30.0,-150.0,-140.0,normal,0.0,0.1291975738055545,0.1530870791636404
perpendicular,25.0,30.0,-150.0,-140.0,normal,0.0,0.14056660340127997,0.17351556843253818
height,25.0,30.0,-150.0,-140.0,normal,0.0,0.059735387154736315,0.08966499769081504
yaw,25.0,30.0,-150.0,-140.0,normal,0.0,0.04263317946905194,0.06245375919179527
width,25.0,30.0,-150.0,-140.0,normal,0.0,0.19881439673508128,0.26214869143599173
length,25.0,30.0,-150.0,-140.0,normal,0.0,0.10720511465152215,0.1411961013987913
box_height,25.0,30.0,-150.0,-140.0,normal,0.0,0.11794914340763057,0.12212186142549676
score,25.0,30.0,-150.0,-140.0,normal,0.5315268393290244,0.12634034829495508,71
fp_score,25.0,30.0,-150.0,-140.0,normal,0.0628867657510859,0.052014803821089466,1293
fp_rate,25.0,30.0,-150.0,-140.0,poisson,0.1819845179451091,1293,
miss_detection,25.0,30.0,-140.0,-130.0,constant,0.32,,
distal,25.0,30.0,-140.0,-130.0,normal,0.0,0.13619073296670656,0.16033267694906506
perpendicular,25.0,30.0,-140.0,-130.0,normal,0.0,0.15206826931724046,0.15206341021567504
height,25.0,30.0,-140.0,-130.0,normal,0.0,0.07690347827690107,0.08731213387321024
yaw,25.0,30.0,-140.0,-130.0,normal,0.0,0.047765177327267434,0.05621772983017539
width,25.0,30.0,-140.0,-130.0,normal,0.0,0.18763382241313997,0.28227580762376975
length,25.0,30.0,-140.0,-130.0,normal,0.0,0.1281676986820668,0.158285938057245
box_height,25.0,30.0,-140.0,-130.0,normal,0.0,0.0915803768767786,0.12331184452655268
score,25.0,30.0,-140.0,-130.0,normal,0.5555420649402282,0.14033796514140545,75
fp_score,25.0,30.0,-140.0,-130.0,normal,0.06445452737201071,0.0630003105286655,1529
fp_rate,25.0,30.0,-140.0,-130.0,poisson,0.2152005629838142,1529,
miss_detection,25.0,30.0,-130.0,-120.0,constant,0.2698412698412698,,
distal,25.0,30.0,-130.0,-120.0,normal,0.0,0.12800477965335436,0.18195282851614805
perpendicular,25.0,30.0,-130.0,-120.0,normal,0.0,0.11231834071481357,0.1383253284024969
height,25.0,30.0,-130.0,-120.0,normal,0.0,0.08674788759851383,0.12228313995444257
yaw,25.0,30.0,-130.0,-120.0,normal,0.0,0.04865971487732,0.07435542272689326
width,25.0,30.0,-130.0,-120.0,normal,0.0,0.21670507313074625,0.3278666009073672
length,25.0,30.0,-130.0,-120.0,normal,0.0,0.0820115750551984,0.12153806375420612
box_height,25.0,30.0,-130.0,-120.0,normal,0.0,0.0783307947855576,0.10238801396411398
score,25.0,30.0,-130.0,-120.0,normal,0.5133935028444165,0.17357840563427585,63
fp_score,25.0,30.0,-130.0,-120.0,normal,0.06763377823695844,0.06362877438690497,1666
fp_rate,25.0,30.0,-130.0,-120.0,poisson,0.23448275862068965,1666,
miss_detection,25.0,30.0,-120.0,-110.0,constant,0.2,,
distal,25.0,30.0,-120.0,-110.0,normal,0.0,0.1549084164586294,0.16610184735022923
perpendicular,25.0,30.0,-120.0,-110.0,normal,0.0,0.11064860058710654,0.12922532653827104
height,25.0,30.0,-120.0,-110.0,normal,0.0,0.08365956713636843,0.11548949281374614
yaw,25.0,30.0,-120.0,-110.0,normal,0.0,0.08091705821042708,0.07740118347810772
width,25.0,30.0,-120.0,-110.0,normal,0.0,0.25081772473578173,0.2579002430041631
length,25.0,30.0,-120.0,-110.0,normal,0.0,0.10133129088849487,0.1256838838259379
box_height,25.0,30.0,-120.0,-110.0,normal,0.0,0.08355445912067053,0.1183607925971349
score,25.0,30.0,-120.0,-110.0,normal,0.5245852088555694,0.15765339563164463,60
fp_score,25.0,30.0,-120.0,-110.0,normal,0.06724245598266573,0.05842359718794217,1964
fp_rate,25.0,30.0,-120.0,-110.0,poisson,0.27642505277973256,1964,
miss_detection,25.0,30.0,-110.0,-100.0,constant,0.07650273224043716,,
distal,25.0,30.0,-110.0,-100.0,normal,0.0,0.13110857168866408,0.24219831579146464
perpendicular,25.0,30.0,-110.0,-100.0,normal,0.0,0.08208936273483596,0.0973351105695497
height,25.0,30.0,-110.0,-100.0,normal,0.0,0.0925479102601286,0.09136146836026886
yaw,25.0,30.0,-110.0,-100.0,normal,0.0,0.09201358658190914,0.17189472291584673
width,25.0,30.0,-110.0,-100.0,normal,0.0,0.171613720877066,0.2340444629714334
length,25.0,30.0,-110.0,-100.0,normal,0.0,0.07136715663410097,0.05290753531032765
box_height,25.0,30.0,-110.0,-100.0,normal,0.0,0.06985623290538522,0.13150432194478412
score,25.0,30.0,-110.0,-100.0,normal,0.4719549246440978,0.10215841597617864,183
fp_score,25.0,30.0,-110.0,-100.0,normal,0.062028007918818184,0.05701822791617388,1719
fp_rate,25.0,30.0,-110.0,-100.0,poisson,0.24194229415904292,1719,
miss_detection,25.0,30.0,-100.0,-90.0,constant,0.2857142857142857,,
distal,25.0,30.0,-100.0,-90.0,normal,0.0,0.13192483626669743,0.20820803413572594
perpendicular,25.0,30.0,-100.0,-90.0,normal,0.0,0.09010544456765925,0.1253896072573234
height,25.0,30.0,-100.0,-90.0,normal,0.0,0.0631278579484019,0.10022482701710292
yaw,25.0,30.0,-100.0,-90.0,normal,0.0,0.07630131862860308,0.11185033300670588
width,25.0,30.0,-100.0,-90.0,normal,0.0,0.2187412592204505,0.32089033126831057
length,25.0,30.0,-100.0,-90.0,normal,0.0,0.13812374594364332,0.16306162561689105
box_height,25.0,30.0,-100.0,-90.0,normal,0.0,0.10581460259182394,0.14470610277993337
score,25.0,30.0,-100.0,-90.0,normal,0.47636695546763286,0.1757605640194135,49
fp_score,25.0,30.0,-100.0,-90.0,normal,0.05707189417895392,0.052390631915342975,2064
fp_rate,25.0,30.0,-100.0,-90.0,poisson,0.29049964813511614,2064,
miss_detection,25.0,30.0,-90.0,-80.0,constant,0.3448275862068966,,
distal,25.0,30.0,-90.0,-80.0,normal,0.0,0.15726074912867904,0.23300208078006293
perpendicular,25.0,30.0,-90.0,-80.0,normal,0.0,0.09068969715089367,0.128145871619375
height,25.0,30.0,-90.0,-80.0,normal,0.0,0.06939701833254973,0.09882018126939472
yaw,25.0,30.0,-90.0,-80.0,normal,0.0,0.0805242256677162,0.0941738486289978
width,25.0,30.0,-90.0,-80.0,normal,0.0,0.25420962138412057,0.33472544895975215
length,25.0,30.0,-90.0,-80.0,normal,0.0,0.1730014314662615,0.1970823375802291
box_height,25.0,30.0,-90.0,-80.0,normal,0.0,0.09568108804842859,0.14238005562832481
score,25.0,30.0,-90.0,-80.0,normal,0.5143969658958284,0.15580127306371852,58
fp_score,25.0,30.0,-90.0,-80.0,normal,0.05853727305764555,0.050348567300922444,1844
fp_rate,25.0,30.0,-90.0,-80.0,poisson,0.25953553835327237,1844,
miss_detection,25.0,30.0,-80.0,-70.0,constant,0.30357142857142855,,
distal,25.0,30.0,-80.0,-70.0,normal,0.0,0.14237398897976009,0.20270205797733692
perpendicular,25.0,30.0,-80.0,-70.0,normal,0.0,0.13956586522708458,0.14153355022299094
height,25.0,30.0,-80.0,-70.0,normal,0.0,0.06361012772820221,0.08853296438852946
yaw,25.0,30.0,-80.0,-70.0,normal,0.0,0.0570535643524133,0.07080673647956177
width,25.0,30.0,-80.0,-70.0,normal,0.0,0.22886940930291214,0.33321807934687686
length,25.0,30.0,-80.0,-70.0,normal,0.0,0.14406796273512315,0.16977136868696946
box_height,25.0,30.0,-80.0,-70.0,normal,0.0,0.10148093222341087,0.13334859334505522
score,25.0,30.0,-80.0,-70.0,normal,0.5529136237425681,0.14399470481159987,56
fp_score,25.0,30.0,-80.0,-70.0,normal,0.058635180843212065,0.04853925473967992,1989
fp_rate,25.0,30.0,-80.0,-70.0,poisson,0.27994370161857846,1989,
miss_detection,25.0,30.0,-70.0,-60.0,constant,0.36231884057971014,,
distal,25.0,30.0,-70.0,-60.0,normal,0.0,0.16106654684058017,0.2522667094635108
perpendicular,25.0,30.0,-70.0,-60.0,normal,0.0,0.1420527058223367,0.1926764261955518
height,25.0,30.0,-70.0,-60.0,normal,0.0,0.08571888108506356,0.11618785966526378
yaw,25.0,30.0,-70.0,-60.0,normal,0.0,0.0733509493224508,0.10661980925172333
width,25.0,30.0,-70.0,-60.0,normal,0.0,0.22705390889416155,0.2652207612991333
length,25.0,30.0,-70.0,-60.0,normal,0.0,0.07384129810728164,0.16146657412702387
box_height,25.0,30.0,-70.0,-60.0,normal,0.0,0.05907803547563262,0.11034589464014227
score,25.0,30.0,-70.0,-60.0,normal,0.5174632285806265,0.17822534842220736,69
fp_score,25.0,30.0,-70.0,-60.0,normal,0.06428730114591903,0.059831620167027935,2121
fp_rate,25.0,30.0,-70.0,-60.0,poisson,0.29852216748768473,2121,
miss_detection,25.0,30.0,-60.0,-50.0,constant,0.2845528455284553,,
distal,25.0,30.0,-60.0,-50.0,normal,0.0,0.16544323550081744,0.20362572299973003
perpendicular,25.0,30.0,-60.0,-50.0,normal,0.0,0.1353646995605303,0.16416096716392106
height,25.0,30.0,-60.0,-50.0,normal,0.0,0.07785491431643289,0.11712511832063849
yaw,25.0,30.0,-60.0,-50.0,normal,0.0,0.0827429168976809,0.10470545525559972
width,25.0,30.0,-60.0,-50.0,normal,0.0,0.26101653328427976,0.28434015945954755
length,25.0,30.0,-60.0,-50.0,normal,0.0,0.09846360810656374,0.14973015134984796
box_height,25.0,30.0,-60.0,-50.0,normal,0.0,0.08978943476113042,0.1264016032218933
score,25.0,30.0,-60.0,-50.0,normal,0.4936603537168015,0.19907917718819618,123
fp_score,25.0,30.0,-60.0,-50.0,normal,0.06978405053628974,0.0710919705461823,1979
fp_rate,25.0,30.0,-60.0,-50.0,poisson,0.2785362420830401,1979,
miss_detection,25.0,30.0,-50.0,-40.0,constant,0.23214285714285715,,
distal,25.0,30.0,-50.0,-40.0,normal,0.0,0.15176300332702256,0.2402725496367879
perpendicular,25.0,30.0,-50.0,-40.0,normal,0.0,0.13167014956653883,0.15960234907010412
height,25.0,30.0,-50.0,-40.0,normal,0.0,0.0696835685522948,0.10092007490091545
yaw,25.0,30.0,-50.0,-40.0,normal,0.0,0.05247051259768846,0.07568557749863554
width,25.0,30.0,-50.0,-40.0,normal,0.0,0.1850804147180356,0.31482469758322074
length,25.0,30.0,-50.0,-40.0,normal,0.0,0.11444419217638474,0.19654553990031398
box_height,25.0,30.0,-50.0,-40.0,normal,0.0,0.08441520381553813,0.1511315204376398
score,25.0,30.0,-50.0,-40.0,normal,0.5060196161963219,0.18323174907453274,112
fp_score,25.0,30.0,-50.0,-40.0,normal,0.0669404485173519,0.061165106314470696,1677
fp_rate,25.0,30.0,-50.0,-40.0,poisson,0.23603096410978183,1677,
miss_detection,25.0,30.0,-40.0,-30.0,constant,0.3373493975903614,,
distal,25.0,30.0,-40.0,-30.0,normal,0.0,0.12408306315680721,0.18397783538233672
perpendicular,25.0,30.0,-40.0,-30.0,normal,0.0,0.14676744196126656,0.1775843897586944
height,25.0,30.0,-40.0,-30.0,normal,0.0,0.06517112263525317,0.10314980311827227
yaw,25.0,30.0,-40.0,-30.0,normal,0.0,0.056559871954260335,0.07741974386287538
width,25.0,30.0,-40.0,-30.0,normal,0.0,0.18742707964840902,0.29368856169960716
length,25.0,30.0,-40.0,-30.0,normal,0.0,0.12688575801431362,0.18412258625030517
box_height,25.0,30.0,-40.0,-30.0,normal,0.0,0.09375542423958477,0.11650079597126353
score,25.0,30.0,-40.0,-30.0,normal,0.5882035984234376,0.13580601292917813,83
fp_score,25.0,30.0,-40.0,-30.0,normal,0.07021631826011315,0.09021522553683346,1334
fp_rate,25.0,30.0,-40.0,-30.0,poisson,0.18775510204081633,1334,
miss_detection,25.0,30.0,-30.0,-20.0,constant,0.3917525773195876,,
distal,25.0,30.0,-30.0,-20.0,normal,0.0,0.13340945092934478,0.1709326526896645
perpendicular,25.0,30.0,-30.0,-20.0,normal,0.0,0.11089677148230762,0.11187312192824367
height,25.0,30.0,-30.0,-20.0,normal,0.0,0.055782232830469916,0.08661705558582888
yaw,25.0,30.0,-30.0,-20.0,normal,0.0,0.0765560186109805,0.1053107285312128
width,25.0,30.0,-30.0,-20.0,normal,0.0,0.2950865149688377,0.33180852663719046
length,25.0,30.0,-30.0,-20.0,normal,0.0,0.12097506149725697,0.14128003080012436
box_height,25.0,30.0,-30.0,-20.0,normal,0.0,0.11878016952325626,0.17546909138307734
score,25.0,30.0,-30.0,-20.0,normal,0.36389338389291603,0.22241514957939937,97
fp_score,25.0,30.0,-30.0,-20.0,normal,0.06940668073892368,0.08731268326732987,1328
fp_rate,25.0,30.0,-30.0,-20.0,poisson,0.18691062631949332,1328,
miss_detection,25.0,30.0,-20.0,-10.0,constant,0.08333333333333333,,
distal,25.0,30.0,-20.0,-10.0,normal,0.0,0.15320953139643254,0.21059280990761356
perpendicular,25.0,30.0,-20.0,-10.0,normal,0.0,0.0726619052318711,0.0952755844261399
height,25.0,30.0,-20.0,-10.0,normal,0.0,0.0688897331251832,0.08436352526298677
yaw,25.0,30.0,-20.0,-10.0,normal,0.0,0.041506684830613746,0.06539986955434572
width,25.0,30.0,-20.0,-10.0,normal,0.0,0.26544437600255955,0.33214461923849703
length,25.0,30.0,-20.0,-10.0,normal,0.0,0.14783154193750883,0.17941979205969608
box_height,25.0,30.0,-20.0,-10.0,normal,0.0,0.11050085643627208,0.1361570352255696
score,25.0,30.0,-20.0,-10.0,normal,0.712524648417126,0.10936366159817584,216
fp_score,25.0,30.0,-20.0,-10.0,normal,0.06677667268097694,0.07893336649616683,1015
fp_rate,25.0,30.0,-20.0,-10.0,poisson,0.14285714285714285,1015,
miss_detection,25.0,30.0,-10.0,0.0,constant,0.11851851851851852,,
distal,25.0,30.0,-10.0,0.0,normal,0.0,0.11722867499815848,0.14559887389368034
perpendicular,25.0,30.0,-10.0,0.0,normal,0.0,0.05769721200377854,0.07108867057163724
height,25.0,30.0,-10.0,0.0,normal,0.0,0.06289852784287456,0.08058172163843107
yaw,25.0,30.0,-10.0,0.0,normal,0.0,0.04423253430253862,0.06633659116827552
width,25.0,30.0,-10.0,0.0,normal,0.0,0.19449332763742258,0.24998350203538142
length,25.0,30.0,-10.0,0.0,normal,0.0,0.10432581056801725,0.13980733196274572
box_height,25.0,30.0,-10.0,0.0,normal,0.0,0.08591783309923687,0.08633841386362284
score,25.0,30.0,-10.0,0.0,normal,0.6737014513556697,0.10511823456985224,270
fp_score,25.0,30.0,-10.0,0.0,normal,0.0963126986399683,0.14437734722396123,382
fp_rate,25.0,30.0,-10.0,0.0,poisson,0.0537649542575651,382,
miss_detection,25.0,30.0,0.0,10.0,constant,0.052586206896551725,,
distal,25.0,30.0,0.0,10.0,normal,0.0,0.13560526064953768,0.1462508752241333
perpendicular,25.0,30.0,0.0,10.0,normal,0.0,0.06376798904797046,0.07538838482680685
height,25.0,30.0,0.0,10.0,normal,0.0,0.0711533074355996,0.07928187739751467
yaw,25.0,30.0,0.0,10.0,normal,0.0,0.08559125234474822,0.052129620987717624
width,25.0,30.0,0.0,10.0,normal,0.0,0.3085453258389407,0.23224696470890618
length,25.0,30.0,0.0,10.0,normal,0.0,0.20882142563884862,0.13730458696936346
box_height,25.0,30.0,0.0,10.0,normal,0.0,0.09888101491215531,0.09958694575590042
score,25.0,30.0,0.0,10.0,normal,0.7427125937890963,0.12425047807652337,1160
fp_score,25.0,30.0,0.0,10.0,normal,0.14058638553604158,0.2108673778037913,685
fp_rate,25.0,30.0,0.0,10.0,poisson,0.0964109781843772,685,
miss_detection,25.0,30.0,10.0,20.0,constant,0.0781563126252505,,
distal,25.0,30.0,10.0,20.0,normal,0.0,0.13896286999682295,0.1401053356575158
perpendicular,25.0,30.0,10.0,20.0,normal,0.0,0.07093555784902145,0.0969412789813795
height,25.0,30.0,10.0,20.0,normal,0.0,0.055265335663158215,0.06420707909957223
yaw,25.0,30.0,10.0,20.0,normal,0.0,0.02911823043520163,0.03630716651910421
width,25.0,30.0,10.0,20.0,normal,0.0,0.2622142671052721,0.28605145734289417
length,25.0,30.0,10.0,20.0,normal,0.0,0.1129986893781247,0.13785225800845935
box_height,25.0,30.0,10.0,20.0,normal,0.0,0.1258074441325474,0.14667238567186439
score,25.0,30.0,10.0,20.0,normal,0.6834557689078476,0.12045109332461343,499
fp_score,25.0,30.0,10.0,20.0,normal,0.08115075922347875,0.10081148078370988,826
fp_rate,25.0,30.0,10.0,20.0,poisson,0.11625615763546798,826,
miss_detection,25.0,30.0,20.0,30.0,constant,0.04329004329004329,,
distal,25.0,30.0,20.0,30.0,normal,0.0,0.12929502074487934,0.14852293771260583
perpendicular,25.0,30.0,20.0,30.0,normal,0.0,0.0908479966239879,0.11062998190775941
height,25.0,30.0,20.0,30.0,normal,0.0,0.06303433651725739,0.07821569804152752
yaw,25.0,30.0,20.0,30.0,normal,0.0,0.038552083610779886,0.04794553059754333
width,25.0,30.0,20.0,30.0,normal,0.0,0.20403556650929364,0.26073197002324583
length,25.0,30.0,20.0,30.0,normal,0.0,0.11917172438477178,0.15200627389536725
box_height,25.0,30.0,20.0,30.0,normal,0.0,0.09514648246197967,0.11209204887372876
score,25.0,30.0,20.0,30.0,normal,0.6999301051392275,0.12207884731957723,231
fp_score,25.0,30.0,20.0,30.0,normal,0.07314131786211656,0.0761531865775245,823
fp_rate,25.0,30.0,20.0,30.0,poisson,0.11583391977480648,823,
miss_detection,25.0,30.0,30.0,40.0,constant,0.23214285714285715,,
distal,25.0,30.0,30.0,40.0,normal,0.0,0.13498696962473308,0.1552918799545843
perpendicular,25.0,30.0,30.0,40.0,normal,0.0,0.0970086817597286,0.13187305875792943
height,25.0,30.0,30.0,40.0,normal,0.0,0.062322382476270435,0.08241788453834001
yaw,25.0,30.0,30.0,40.0,normal,0.0,0.05475108231304658,0.05751974939396782
width,25.0,30.0,30.0,40.0,normal,0.0,0.19261000675959833,0.2708911655485168
length,25.0,30.0,30.0,40.0,normal,0.0,0.09282454588992793,0.14087689015292382
box_height,25.0,30.0,30.0,40.0,normal,0.0,0.07737942886780254,0.10434201891108076
score,25.0,30.0,30.0,40.0,normal,0.649115983714429,0.1595815360502252,168
fp_score,25.0,30.0,30.0,40.0,normal,0.07982641221653926,0.10042559946915584,902
fp_rate,25.0,30.0,30.0,40.0,poisson,0.12695285010555946,902,
miss_detection,25.0,30.0,40.0,50.0,constant,0.24786324786324787,,
distal,25.0,30.0,40.0,50.0,normal,0.0,0.14469851782946128,0.16474901297218125
perpendicular,25.0,30.0,40.0,50.0,normal,0.0,0.13798824197588772,0.1686695977391405
height,25.0,30.0,40.0,50.0,normal,0.0,0.07342609963996431,0.10958791558038104
yaw,25.0,30.0,40.0,50.0,normal,0.0,0.04801578720036019,0.06957627821319633
width,25.0,30.0,40.0,50.0,normal,0.0,0.18481738542101456,0.2425799627195705
length,25.0,30.0,40.0,50.0,normal,0.0,0.12029749629081887,0.18151521411809055
box_height,25.0,30.0,40.0,50.0,normal,0.0,0.06898004888403415,0.08548397570848465
score,25.0,30.0,40.0,50.0,normal,0.5960266521962528,0.15082822877110255,234
fp_score,25.0,30.0,40.0,50.0,normal,0.08454107523647607,0.10435050581706076,1167
fp_rate,25.0,30.0,40.0,50.0,poisson,0.16425052779732582,1167,
miss_detection,25.0,30.0,50.0,60.0,constant,0.19680851063829788,,
distal,25.0,30.0,50.0,60.0,normal,0.0,0.14152521595595347,0.18327351344971926
perpendicular,25.0,30.0,50.0,60.0,normal,0.0,0.15230761398231632,0.1774763754843894
height,25.0,30.0,50.0,60.0,normal,0.0,0.06459736050555104,0.0966200658817165
yaw,25.0,30.0,50.0,60.0,normal,0.0,0.07295530906627795,0.08125861708604411
width,25.0,30.0,50.0,60.0,normal,0.0,0.2970427580359311,0.28918511662262164
length,25.0,30.0,50.0,60.0,normal,0.0,0.1173831191479684,0.15240417805728534
box_height,25.0,30.0,50.0,60.0,normal,0.0,0.09003927970617943,0.12039485751398352
score,25.0,30.0,50.0,60.0,normal,0.5996969940745278,0.1612867185676902,188
fp_score,25.0,30.0,50.0,60.0,normal,0.07155875509656162,0.07215680826894834,1197
fp_rate,25.0,30.0,50.0,60.0,poisson,0.1684729064039409,1197,
miss_detection,25.0,30.0,60.0,70.0,constant,0.34513274336283184,,
distal,25.0,30.0,60.0,70.0,normal,0.0,0.1471275991807375,0.19029453711313823
perpendicular,25.0,30.0,60.0,70.0,normal,0.0,0.15841703562102574,0.14489232206989774
height,25.0,30.0,60.0,70.0,normal,0.0,0.08008187354089302,0.11722608675827852
yaw,25.0,30.0,60.0,70.0,normal,0.0,0.050256674395465536,0.058546306186128994
width,25.0,30.0,60.0,70.0,normal,0.0,0.28723989786339366,0.2792589277834506
length,25.0,30.0,60.0,70.0,normal,0.0,0.11112671347351241,0.14171279926557798
box_height,25.0,30.0,60.0,70.0,normal,0.0,0.1106597936535247,0.13562450537810455
score,25.0,30.0,60.0,70.0,normal,0.5308392331306193,0.25816993598032417,113
fp_score,25.0,30.0,60.0,70.0,normal,0.07279614406352679,0.08995521901864395,1081
fp_rate,25.0,30.0,60.0,70.0,poisson,0.152146375791696,1081,
miss_detection,25.0,30.0,70.0,80.0,constant,0.2857142857142857,,
distal,25.0,30.0,70.0,80.0,normal,0.0,0.13029912715088748,0.18060653880972885
perpendicular,25.0,30.0,70.0,80.0,normal,0.0,0.14485153516143542,0.1683482908309535
height,25.0,30.0,70.0,80.0,normal,0.0,0.07445367256297258,0.09310181379318237
yaw,25.0,30.0,70.0,80.0,normal,0.0,0.08569797739251145,0.11415388641433807
width,25.0,30.0,70.0,80.0,normal,0.0,0.2648602896158525,0.30630470991134645
length,25.0,30.0,70.0,80.0,normal,0.0,0.1013844387280441,0.14754005432128905
box_height,25.0,30.0,70.0,80.0,normal,0.0,0.08357383259493041,0.0991843569278717
score,25.0,30.0,70.0,80.0,normal,0.5202171447873115,0.1810135955643241,140
fp_score,25.0,30.0,70.0,80.0,normal,0.06605468837384185,0.07533674495826653,1105
fp_rate,25.0,30.0,70.0,80.0,poisson,0.15552427867698804,1105,
miss_detection,25.0,30.0,80.0,90.0,constant,0.21487603305785125,,
distal,25.0,30.0,80.0,90.0,normal,0.0,0.14274330783846528,0.16962791633196675
perpendicular,25.0,30.0,80.0,90.0,normal,0.0,0.11714565841376245,0.13401282144378313
height,25.0,30.0,80.0,90.0,normal,0.0,0.06633484695741745,0.09344737278787714
yaw,25.0,30.0,80.0,90.0,normal,0.0,0.07226052697441049,0.07367531211697778
width,25.0,30.0,80.0,90.0,normal,0.0,0.20608472755320867,0.2477576029928107
length,25.0,30.0,80.0,90.0,normal,0.0,0.08189451609525603,0.12141848488857872
box_height,25.0,30.0,80.0,90.0,normal,0.0,0.08388329469850804,0.12061751390758314
score,25.0,30.0,80.0,90.0,normal,0.5296440514294725,0.1654490592954538,121
fp_score,25.0,30.0,80.0,90.0,normal,0.06330205127766032,0.06463806796531715,1101
fp_rate,25.0,30.0,80.0,90.0,poisson,0.15496129486277269,1101,
miss_detection,25.0,30.0,90.0,100.0,constant,0.5923566878980892,,
distal,25.0,30.0,90.0,100.0,normal,0.0,0.14834378601676718,0.18856168506180118
perpendicular,25.0,30.0,90.0,100.0,normal,0.0,0.11076326846833835,0.1262651681991131
height,25.0,30.0,90.0,100.0,normal,0.0,0.07086568914397884,0.0861386526376009
yaw,25.0,30.0,90.0,100.0,normal,0.0,0.08339975451322018,0.0836020492614632
width,25.0,30.0,90.0,100.0,normal,0.0,0.2690444081913823,0.2929922863841057
length,25.0,30.0,90.0,100.0,normal,0.0,0.0922599247342421,0.1493379883468151
box_height,25.0,30.0,90.0,100.0,normal,0.0,0.08383231827870945,0.12234817072749138
score,25.0,30.0,90.0,100.0,normal,0.47764519369229674,0.2102192214512684,157
fp_score,25.0,30.0,90.0,100.0,normal,0.0662572561628801,0.06524839973992907,1157
fp_rate,25.0,30.0,90.0,100.0,poisson,0.16284306826178746,1157,
miss_detection,25.0,30.0,100.0,110.0,constant,0.2524271844660194,,
distal,25.0,30.0,100.0,110.0,normal,0.0,0.12510955297116508,0.17122441637023184
perpendicular,25.0,30.0,100.0,110.0,normal,0.0,0.1272968455073654,0.151019759568677
height,25.0,30.0,100.0,110.0,normal,0.0,0.07794534228350716,0.10269643579210554
yaw,25.0,30.0,100.0,110.0,normal,0.0,0.07349664605842923,0.08488314163784114
width,25.0,30.0,100.0,110.0,normal,0.0,0.23840730584915878,0.2753846954989743
length,25.0,30.0,100.0,110.0,normal,0.0,0.10503848319380156,0.1569967625977157
box_height,25.0,30.0,100.0,110.0,normal,0.0,0.08894714860306184,0.11876493305354924
score,25.0,30.0,100.0,110.0,normal,0.5456210127124539,0.19448086602223075,103
fp_score,25.0,30.0,100.0,110.0,normal,0.07709187868881415,0.09063988255042055,884
fp_rate,25.0,30.0,100.0,110.0,poisson,0.12441942294159043,884,
miss_detection,25.0,30.0,110.0,120.0,constant,0.20618556701030927,,
distal,25.0,30.0,110.0,120.0,normal,0.0,0.11527310101738321,0.14681896323877522
perpendicular,25.0,30.0,110.0,120.0,normal,0.0,0.12003441049251966,0.13923245510909746
height,25.0,30.0,110.0,120.0,normal,0.0,0.06922734177542285,0.09945588452475411
yaw,25.0,30.0,110.0,120.0,normal,0.0,0.049605498497464894,0.055695267577909456
width,25.0,30.0,110.0,120.0,normal,0.0,0.21414488507440763,0.2491769790649414
length,25.0,30.0,110.0,120.0,normal,0.0,0.11796322328843499,0.15049765946029067
box_height,25.0,30.0,110.0,120.0,normal,0.0,0.07953015785028245,0.09639488102553727
score,25.0,30.0,110.0,120.0,normal,0.6294671688470748,0.18238798906045176,97
fp_score,25.0,30.0,110.0,120.0,normal,0.06916887722043104,0.08220822380135866,860
fp_rate,25.0,30.0,110.0,120.0,poisson,0.12104152005629838,860,
miss_detection,25.0,30.0,120.0,130.0,constant,0.27350427350427353,,
distal,25.0,30.0,120.0,130.0,normal,0.0,0.10810902539172193,0.1519789235744491
perpendicular,25.0,30.0,120.0,130.0,normal,0.0,0.13574185824829055,0.15869328819894715
height,25.0,30.0,120.0,130.0,normal,0.0,0.08774051872526979,0.11319750827901504
yaw,25.0,30.0,120.0,130.0,normal,0.0,0.06138414741548667,0.06274697404839383
width,25.0,30.0,120.0,130.0,normal,0.0,0.24709491565668204,0.266658494051765
length,25.0,30.0,120.0,130.0,normal,0.0,0.12640820475093412,0.16599691615385168
box_height,25.0,30.0,120.0,130.0,normal,0.0,0.07644131413648285,0.13070821621838738
score,25.0,30.0,120.0,130.0,normal,0.6399219560272553,0.16214685469992446,117
fp_score,25.0,30.0,120.0,130.0,normal,0.08269443692024599,0.08494782891935554,1033
fp_rate,25.0,30.0,120.0,130.0,poisson,0.1453905700211119,1033,
miss_detection,25.0,30.0,130.0,140.0,constant,0.06397306397306397,,
distal,25.0,30.0,130.0,140.0,normal,0.0,0.09415437743554186,0.10815279203800263
perpendicular,25.0,30.0,130.0,140.0,normal,0.0,0.14785113773478525,0.23623851459606246
height,25.0,30.0,130.0,140.0,normal,0.0,0.06376345339152491,0.08543170013016077
yaw,25.0,30.0,130.0,140.0,normal,0.0,0.049898461252711926,0.05613788238793527
width,25.0,30.0,130.0,140.0,normal,0.0,0.14968969323803633,0.24157101473362325
length,25.0,30.0,130.0,140.0,normal,0.0,0.1357127339356534,0.1617017812866101
box_height,25.0,30.0,130.0,140.0,normal,0.0,0.07266212120101113,0.07232112078357944
score,25.0,30.0,130.0,140.0,normal,0.48504055556740694,0.18571638559244555,297
fp_score,25.0,30.0,130.0,140.0,normal,0.0715463182078978,0.07853269886423513,798
fp_rate,25.0,30.0,130.0,140.0,poisson,0.1123152709359606,798,
miss_detection,25.0,30.0,140.0,150.0,constant,0.1072463768115942,,
distal,25.0,30.0,140.0,150.0,normal,0.0,0.0783790248891272,0.12498181870195152
perpendicular,25.0,30.0,140.0,150.0,normal,0.0,0.07563613311699081,0.08945530767052301
height,25.0,30.0,140.0,150.0,normal,0.0,0.05506137211476918,0.07805714262770368
yaw,25.0,30.0,140.0,150.0,normal,0.0,0.04253411415958092,0.054530372474982346
width,25.0,30.0,140.0,150.0,normal,0.0,0.1431005785326674,0.11681686902975107
length,25.0,30.0,140.0,150.0,normal,0.0,0.0810686909468387,0.076075622013637
box_height,25.0,30.0,140.0,150.0,normal,0.0,0.08454764670627107,0.09857206491680888
score,25.0,30.0,140.0,150.0,normal,0.5245441128439331,0.21881574628170042,345
fp_score,25.0,30.0,140.0,150.0,normal,0.07808766138421462,0.10655729519145753,778
fp_rate,25.0,30.0,140.0,150.0,poisson,0.10950035186488388,778,
miss_detection,25.0,30.0,150.0,160.0,constant,0.0636042402826855,,
distal,25.0,30.0,150.0,160.0,normal,0.0,0.1165524307956608,0.11587616825181599
perpendicular,25.0,30.0,150.0,160.0,normal,0.0,0.08658135753602272,0.12716767971942863
height,25.0,30.0,150.0,160.0,normal,0.0,0.06544672514599552,0.10102102913946476
yaw,25.0,30.0,150.0,160.0,normal,0.0,0.046260349537003524,0.0670473182425069
width,25.0,30.0,150.0,160.0,normal,0.0,0.20465605001376097,0.20022654083539854
length,25.0,30.0,150.0,160.0,normal,0.0,0.08623059556827518,0.13246395228044042
box_height,25.0,30.0,150.0,160.0,normal,0.0,0.10293552336620429,0.131370621357324
score,25.0,30.0,150.0,160.0,normal,0.5324689519292903,0.17893128169924336,283
fp_score,25.0,30.0,150.0,160.0,normal,0.06356430750950874,0.06685227968100092,1153
fp_rate,25.0,30.0,150.0,160.0,poisson,0.16228008444757214,1153,
miss_detection,25.0,30.0,160.0,170.0,constant,0.34739454094292804,,
distal,25.0,30.0,160.0,170.0,normal,0.0,0.16224586370900743,0.1777664743115296
perpendicular,25.0,30.0,160.0,170.0,normal,0.0,0.08533177616417283,0.10898137630120786
height,25.0,30.0,160.0,170.0,normal,0.0,0.06936656911037271,0.08466512826005769
yaw,25.0,30.0,160.0,170.0,normal,0.0,0.03323825463557693,0.042640224128962845
width,25.0,30.0,160.0,170.0,normal,0.0,0.2644670443969424,0.281696696698439
length,25.0,30.0,160.0,170.0,normal,0.0,0.1262762844487942,0.15599188423881966
box_height,25.0,30.0,160.0,170.0,normal,0.0,0.133556499144899,0.15503155641229432
score,25.0,30.0,160.0,170.0,normal,0.7355287838231475,0.12333883090603998,403
fp_score,25.0,30.0,160.0,170.0,normal,0.14267188132637076,0.19885137977256306,855
fp_rate,25.0,30.0,160.0,170.0,poisson,0.1203377902885292,855,
miss_detection,25.0,30.0,170.0,180.0,constant,0.022530329289428077,,
distal,25.0,30.0,170.0,180.0,normal,0.0,0.13814712677550287,0.17821273663494236
perpendicular,25.0,30.0,170.0,180.0,normal,0.0,0.053994428079482924,0.07412464485108179
height,25.0,30.0,170.0,180.0,normal,0.0,0.05851630532592636,0.07424931439524847
yaw,25.0,30.0,170.0,180.0,normal,0.0,0.12386015045376307,0.05160741816942638
width,25.0,30.0,170.0,180.0,normal,0.0,0.3530401321490962,0.33798840959021387
length,25.0,30.0,170.0,180.0,normal,0.0,0.3672964643772415,0.16575629787242158
box_height,25.0,30.0,170.0,180.0,normal,0.0,0.10492854293967409,0.11382110131547805
score,25.0,30.0,170.0,180.0,normal,0.7194592200272473,0.11524934624719045,577
fp_score,25.0,30.0,170.0,180.0,normal,0.09081592604490941,0.13984676717170563,552
fp_rate,25.0,30.0,170.0,180.0,poisson,0.0776917663617171,552,
miss_detection,30.0,35.0,-180.0,-170.0,constant,0.07323943661971831,,
distal,30.0,35.0,-180.0,-170.0,normal,0.0,0.15373797271145298,0.1911778303571692
perpendicular,30.0,35.0,-180.0,-170.0,normal,0.0,0.07493828303865771,0.09417998239391703
height,30.0,35.0,-180.0,-170.0,normal,0.0,0.0740089727929508,0.08803295572840335
yaw,30.0,35.0,-180.0,-170.0,normal,0.0,0.04879055741178691,0.061386563661666664
width,30.0,35.0,-180.0,-170.0,normal,0.0,0.2021917434351689,0.28016188260632086
length,30.0,35.0,-180.0,-170.0,normal,0.0,0.11175642717463628,0.15706771412881312
box_height,30.0,35.0,-180.0,-170.0,normal,0.0,0.11634358593998789,0.116228267958099
score,30.0,35.0,-180.0,-170.0,normal,0.7184604017069637,0.10421412509587842,710
fp_score,30.0,35.0,-180.0,-170.0,normal,0.15580347688048804,0.19709335120316313,543
fp_rate,30.0,35.0,-180.0,-170.0,poisson,0.07642505277973258,543,
miss_detection,30.0,35.0,-170.0,-160.0,constant,0.08080808080808081,,
distal,30.0,35.0,-170.0,-160.0,normal,0.0,0.15560449790874728,0.20926128325514154
perpendicular,30.0,35.0,-170.0,-160.0,normal,0.0,0.07996595962018482,0.10683128047068359
height,30.0,35.0,-170.0,-160.0,normal,0.0,0.06637289924756685,0.08419545382370443
yaw,30.0,35.0,-170.0,-160.0,normal,0.0,0.04337515209104107,0.04850742460510799
width,30.0,35.0,-170.0,-160.0,normal,0.0,0.2809722844071397,0.3613879436101669
length,30.0,35.0,-170.0,-160.0,normal,0.0,0.15848824079678683,0.20789640858059838
box_height,30.0,35.0,-170.0,-160.0,normal,0.0,0.14442696122895587,0.18591748358129145
score,30.0,35.0,-170.0,-160.0,normal,0.6883556792587587,0.12317956302949858,297
fp_score,30.0,35.0,-170.0,-160.0,normal,0.07823057315457406,0.09486010141506918,1592
fp_rate,30.0,35.0,-170.0,-160.0,poisson,0.22406755805770584,1592,
miss_detection,30.0,35.0,-160.0,-150.0,constant,0.1956521739130435,,
distal,30.0,35.0,-160.0,-150.0,normal,0.0,0.09771323979815115,0.1284542337090601
perpendicular,30.0,35.0,-160.0,-150.0,normal,0.0,0.16603033322746416,0.20838958298362656
height,30.0,35.0,-160.0,-150.0,normal,0.0,0.05592292728293655,0.10307497833226179
yaw,30.0,35.0,-160.0,-150.0,normal,0.0,0.06615133370680223,0.08268682652243078
width,30.0,35.0,-160.0,-150.0,normal,0.0,0.16758845831157979,0.2770592393101873
length,30.0,35.0,-160.0,-150.0,normal,0.0,0.1045054350041928,0.13783311199497533
box_height,30.0,35.0,-160.0,-150.0,normal,0.0,0.08165896436804773,0.08659040766793329
score,30.0,35.0,-160.0,-150.0,normal,0.4570007851800403,0.14952109589467144,92
fp_score,30.0,35.0,-160.0,-150.0,normal,0.06734414575769467,0.05551401779567231,1951
fp_rate,30.0,35.0,-160.0,-150.0,poisson,0.27459535538353275,1951,
miss_detection,30.0,35.0,-150.0,-140.0,constant,0.14285714285714285,,
distal,30.0,35.0,-150.0,-140.0,normal,0.0,0.11128092527123487,0.1738538933022397
perpendicular,30.0,35.0,-150.0,-140.0,normal,0.0,0.110951617572572,0.10040790310959308
height,30.0,35.0,-150.0,-140.0,normal,0.0,0.0632777874244652,0.08059235457060994
yaw,30.0,35.0,-150.0,-140.0,normal,0.0,0.04220949573038947,0.04156075877583981
width,30.0,35.0,-150.0,-140.0,normal,0.0,0.160350174788119,0.18676169367804044
length,30.0,35.0,-150.0,-140.0,normal,0.0,0.113989233166433,0.19142619423244311
box_height,30.0,35.0,-150.0,-140.0,normal,0.0,0.08394492823626336,0.17202869100847107
score,30.0,35.0,-150.0,-140.0,normal,0.5950454242419505,0.11589728044814218,161
fp_score,30.0,35.0,-150.0,-140.0,normal,0.06722199642079939,0.06264080117784383,2149
fp_rate,30.0,35.0,-150.0,-140.0,poisson,0.3024630541871921,2149,
miss_detection,30.0,35.0,-140.0,-130.0,constant,0.14705882352941177,,
distal,30.0,35.0,-140.0,-130.0,normal,0.0,0.11487149731145452,0.21854474584482125
perpendicular,30.0,35.0,-140.0,-130.0,normal,0.0,0.08621871903105645,0.10907737803961112
height,30.0,35.0,-140.0,-130.0,normal,0.0,0.07756448914955345,0.11452946734839473
yaw,30.0,35.0,-140.0,-130.0,normal,0.0,0.041799424960020336,0.050461112638888014
width,30.0,35.0,-140.0,-130.0,normal,0.0,0.20134718104537508,0.481778621673584
length,30.0,35.0,-140.0,-130.0,normal,0.0,0.13264807729569822,0.26057489781544124
box_height,30.0,35.0,-140.0,-130.0,normal,0.0,0.07153442824413579,0.09603525544035024
score,30.0,35.0,-140.0,-130.0,normal,0.6973824287796843,0.15545897183728544,136
fp_score,30.0,35.0,-140.0,-130.0,normal,0.06702167692919964,0.06218132786796311,2030
fp_rate,30.0,35.0,-140.0,-130.0,poisson,0.2857142857142857,2030,
miss_detection,30.0,35.0,-130.0,-120.0,constant,0.2777777777777778,,
distal,30.0,35.0,-130.0,-120.0,normal,0.0,0.1236356476890297,0.15457175076940147
perpendicular,30.0,35.0,-130.0,-120.0,normal,0.0,0.13249537581163115,0.1750007536300183
height,30.0,35.0,-130.0,-120.0,normal,0.0,0.09717369602134789,0.15959580280841926
yaw,30.0,35.0,-130.0,-120.0,normal,0.0,0.0934915077657536,0.06931402589118016
width,30.0,35.0,-130.0,-120.0,normal,0.0,0.3101609624387481,0.3853015227195544
length,30.0,35.0,-130.0,-120.0,normal,0.0,0.10850640580632417,0.15642220851702568
box_height,30.0,35.0,-130.0,-120.0,normal,0.0,0.08708833904177353,0.11251805073175675
score,30.0,35.0,-130.0,-120.0,normal,0.5430823763211569,0.13015881520059805,54
fp_score,30.0,35.0,-130.0,-120.0,normal,0.05945474687457616,0.05280555394546423,2245
fp_rate,30.0,35.0,-130.0,-120.0,poisson,0.3159746657283603,2245,
miss_detection,30.0,35.0,-120.0,-110.0,constant,0.28846153846153844,,
distal,30.0,35.0,-120.0,-110.0,normal,0.0,0.14438751830901816,0.18549256364547062
perpendicular,30.0,35.0,-120.0,-110.0,normal,0.0,0.13254907368102053,0.17206891175246322
height,30.0,35.0,-120.0,-110.0,normal,0.0,0.09287044073363043,0.10643680192328789
yaw,30.0,35.0,-120.0,-110.0,normal,0.0,0.04936706853699404,0.04989052663002202
width,30.0,35.0,-120.0,-110.0,normal,0.0,0.2777772696709709,0.5649618780290758
length,30.0,35.0,-120.0,-110.0,normal,0.0,0.1815708405442033,0.24518854875822324
box_height,30.0,35.0,-120.0,-110.0,normal,0.0,0.10676248691409523,0.1674694048391806
score,30.0,35.0,-120.0,-110.0,normal,0.577913948007532,0.1407557882738681,52
fp_score,30.0,35.0,-120.0,-110.0,normal,0.06073152728781708,0.06470136013571945,1997
fp_rate,30.0,35.0,-120.0,-110.0,poisson,0.28106966924700916,1997,
miss_detection,30.0,35.0,-110.0,-100.0,constant,0.4375,,
distal,30.0,35.0,-110.0,-100.0,normal,0.0,0.18567228405668318,0.18170408372173966
perpendicular,30.0,35.0,-110.0,-100.0,normal,0.0,0.17458278441513603,0.1578343707687209
height,30.0,35.0,-110.0,-100.0,normal,0.0,0.05813610300232804,0.0909751675747059
yaw,30.0,35.0,-110.0,-100.0,normal,0.0,0.0667018730841205,0.08623193349452933
width,30.0,35.0,-110.0,-100.0,normal,0.0,0.22161930836688307,0.44386583787423595
length,30.0,35.0,-110.0,-100.0,normal,0.0,0.15443121469182744,0.2791085022467154
box_height,30.0,35.0,-110.0,-100.0,normal,0.0,0.07491380956356998,0.1122866604063246
score,30.0,35.0,-110.0,-100.0,normal,0.555147479529734,0.16366231855609148,48
fp_score,30.0,35.0,-110.0,-100.0,normal,0.06527393038394305,0.07256747283707438,2211
fp_rate,30.0,35.0,-110.0,-100.0,poisson,0.3111893033075299,2211,
miss_detection,30.0,35.0,-100.0,-90.0,constant,0.38181818181818183,,
distal,30.0,35.0,-100.0,-90.0,normal,0.0,0.0958804602450155,0.13912673775305906
perpendicular,30.0,35.0,-100.0,-90.0,normal,0.0,0.07353443535376768,0.10534495532340443
height,30.0,35.0,-100.0,-90.0,normal,0.0,0.07285016899527408,0.10573363304138184
yaw,30.0,35.0,-100.0,-90.0,normal,0.0,0.0649980706759794,0.12299929223861697
width,30.0,35.0,-100.0,-90.0,normal,0.0,0.19471838716937775,0.28569598057690787
length,30.0,35.0,-100.0,-90.0,normal,0.0,0.1025059302035339,0.19308177513234756
box_height,30.0,35.0,-100.0,-90.0,normal,0.0,0.06481487182280822,0.13037815865348368
score,30.0,35.0,-100.0,-90.0,normal,0.5032651924035129,0.12449782195032238,55
fp_score,30.0,35.0,-100.0,-90.0,normal,0.07102032371652998,0.07059852804841023,3131
fp_rate,30.0,35.0,-100.0,-90.0,poisson,0.4406755805770584,3131,
miss_detection,30.0,35.0,-90.0,-80.0,constant,0.12962962962962962,,
distal,30.0,35.0,-90.0,-80.0,normal,0.0,0.13332704538598522,0.15110072799379112
perpendicular,30.0,35.0,-90.0,-80.0,normal,0.0,0.09763649287723594,0.11141515628244503
height,30.0,35.0,-90.0,-80.0,normal,0.0,0.06580870612206567,0.06872996370843117
yaw,30.0,35.0,-90.0,-80.0,normal,0.0,0.0607157580190179,0.11395905721785309
width,30.0,35.0,-90.0,-80.0,normal,0.0,0.18242668750868377,0.22434954440340082
length,30.0,35.0,-90.0,-80.0,normal,0.0,0.10151193198188105,0.18077514526691843
box_height,30.0,35.0,-90.0,-80.0,normal,0.0,0.06921440181493414,0.094144991103639
score,30.0,35.0,-90.0,-80.0,normal,0.5786759228782451,0.12579264932535036,108
fp_score,30.0,35.0,-90.0,-80.0,normal,0.06687903197615384,0.07211470174705895,2434
fp_rate,30.0,35.0,-90.0,-80.0,poisson,0.34257565095003517,2434,
miss_detection,30.0,35.0,-80.0,-70.0,constant,0.1452991452991453,,
distal,30.0,35.0,-80.0,-70.0,normal,0.0,0.11745241934507945,0.11306826573803931
perpendicular,30.0,35.0,-80.0,-70.0,normal,0.0,0.14055459268271708,0.1987152662801592
height,30.0,35.0,-80.0,-70.0,normal,0.0,0.06577857628997873,0.13243384420871734
yaw,30.0,35.0,-80.0,-70.0,normal,0.0,0.05128995101313725,0.06521894448884943
width,30.0,35.0,-80.0,-70.0,normal,0.0,0.17178184444213127,0.2657573413848877
length,30.0,35.0,-80.0,-70.0,normal,0.0,0.08235149947207392,0.13432165145874023
box_height,30.0,35.0,-80.0,-70.0,normal,0.0,0.05410507887143515,0.10042779326438904
score,30.0,35.0,-80.0,-70.0,normal,0.37240223985165355,0.1582254997280303,117
fp_score,30.0,35.0,-80.0,-70.0,normal,0.05765658840174218,0.056940326165131706,2464
fp_rate,30.0,35.0,-80.0,-70.0,poisson,0.34679802955665023,2464,
miss_detection,30.0,35.0,-70.0,-60.0,constant,0.24615384615384617,,
distal,30.0,35.0,-70.0,-60.0,normal,0.0,0.17601517232168645,0.2101869766587703
perpendicular,30.0,35.0,-70.0,-60.0,normal,0.0,0.13597389195774545,0.16751869160413463
height,30.0,35.0,-70.0,-60.0,normal,0.0,0.10638302825817011,0.13057271558411268
yaw,30.0,35.0,-70.0,-60.0,normal,0.0,0.058664035143851656,0.06842890087592696
width,30.0,35.0,-70.0,-60.0,normal,0.0,0.21929047407629118,0.36409093895737005
length,30.0,35.0,-70.0,-60.0,normal,0.0,0.13029135248995657,0.19725500320901676
box_height,30.0,35.0,-70.0,-60.0,normal,0.0,0.08692328332343821,0.12238275518222731
score,30.0,35.0,-70.0,-60.0,normal,0.5089151982446106,0.1687482691492073,65
fp_score,30.0,35.0,-70.0,-60.0,normal,0.061209854604025865,0.058965100036478625,2348
fp_rate,30.0,35.0,-70.0,-60.0,poisson,0.33047149894440536,2348,
miss_detection,30.0,35.0,-60.0,-50.0,constant,0.4032258064516129,,
distal,30.0,35.0,-60.0,-50.0,normal,0.0,0.13131927150503017,0.22173975347436747
perpendicular,30.0,35.0,-60.0,-50.0,normal,0.0,0.09410542001462412,0.1389702357043223
height,30.0,35.0,-60.0,-50.0,normal,0.0,0.05549301935102736,0.09025055653340108
yaw,30.0,35.0,-60.0,-50.0,normal,0.0,0.043088831178245995,0.06456359098616345
width,30.0,35.0,-60.0,-50.0,normal,0.0,0.23324317868944758,0.3325828474921149
length,30.0,35.0,-60.0,-50.0,normal,0.0,0.13717283532078353,0.1724028426247674
box_height,30.0,35.0,-60.0,-50.0,normal,0.0,0.08271978094630583,0.11956523560188911
score,30.0,35.0,-60.0,-50.0,normal,0.5281270371901022,0.1642928153464594,62
fp_score,30.0,35.0,-60.0,-50.0,normal,0.07178725003069453,0.06463758693789191,2612
fp_rate,30.0,35.0,-60.0,-50.0,poisson,0.36762843068261786,2612,
miss_detection,30.0,35.0,-50.0,-40.0,constant,0.40625,,
distal,30.0,35.0,-50.0,-40.0,normal,0.0,0.1467450816883208,0.1846170676815878
perpendicular,30.0,35.0,-50.0,-40.0,normal,0.0,0.1298817635991218,0.17155155914325512
height,30.0,35.0,-50.0,-40.0,normal,0.0,0.07284356228811871,0.09410545700474789
yaw,30.0,35.0,-50.0,-40.0,normal,0.0,0.05123285949003966,0.07485565537367468
width,30.0,35.0,-50.0,-40.0,normal,0.0,0.1809769773472532,0.25236179640418605
length,30.0,35.0,-50.0,-40.0,normal,0.0,0.12215775250319705,0.17512311276636625
box_height,30.0,35.0,-50.0,-40.0,normal,0.0,0.09992770703008705,0.1490682426251863
score,30.0,35.0,-50.0,-40.0,normal,0.5535836969747355,0.16844174548675606,128
fp_score,30.0,35.0,-50.0,-40.0,normal,0.07045746401830698,0.08110847033152087,2409
fp_rate,30.0,35.0,-50.0,-40.0,poisson,0.3390570021111893,2409,
miss_detection,30.0,35.0,-40.0,-30.0,constant,0.25961538461538464,,
distal,30.0,35.0,-40.0,-30.0,normal,0.0,0.1352699801966493,0.18020914187151765
perpendicular,30.0,35.0,-40.0,-30.0,normal,0.0,0.12996586921467493,0.1578508954464939
height,30.0,35.0,-40.0,-30.0,normal,0.0,0.08571406873355293,0.1338464400985024
yaw,30.0,35.0,-40.0,-30.0,normal,0.0,0.051423882244246454,0.055133943072610964
width,30.0,35.0,-40.0,-30.0,normal,0.0,0.20324815812419889,0.30453817565719804
length,30.0,35.0,-40.0,-30.0,normal,0.0,0.1021848136832105,0.20121634316134762
box_height,30.0,35.0,-40.0,-30.0,normal,0.0,0.10372080497669765,0.1417374781199864
score,30.0,35.0,-40.0,-30.0,normal,0.46318158662164366,0.17247177241546677,104
fp_score,30.0,35.0,-40.0,-30.0,normal,0.07066489362570384,0.06931183505716557,2190
fp_rate,30.0,35.0,-40.0,-30.0,poisson,0.30823363828289935,2190,
miss_detection,30.0,35.0,-30.0,-20.0,constant,0.4126984126984127,,
distal,30.0,35.0,-30.0,-20.0,normal,0.0,0.10735300073841877,0.1700511264117849
perpendicular,30.0,35.0,-30.0,-20.0,normal,0.0,0.11405567834024623,0.11295103499090564
height,30.0,35.0,-30.0,-20.0,normal,0.0,0.06900196043900977,0.09014855526589058
yaw,30.0,35.0,-30.0,-20.0,normal,0.0,0.05136604258839029,0.0806088773851109
width,30.0,35.0,-30.0,-20.0,normal,0.0,0.21440428987692722,0.312792275402997
length,30.0,35.0,-30.0,-20.0,normal,0.0,0.1478429144440725,0.18576361359776677
box_height,30.0,35.0,-30.0,-20.0,normal,0.0,0.11632376060700542,0.1492094929153855
score,30.0,35.0,-30.0,-20.0,normal,0.532776377893783,0.15847583305773105,63
fp_score,30.0,35.0,-30.0,-20.0,normal,0.06683583373469966,0.06892181087851179,1925
fp_rate,30.0,35.0,-30.0,-20.0,poisson,0.270935960591133,1925,
miss_detection,30.0,35.0,-20.0,-10.0,constant,0.19469026548672566,,
distal,30.0,35.0,-20.0,-10.0,normal,0.0,0.18895049734816463,0.23251891900589486
perpendicular,30.0,35.0,-20.0,-10.0,normal,0.0,0.12818645380144145,0.1278166651247958
height,30.0,35.0,-20.0,-10.0,normal,0.0,0.07295352662420451,0.0893737752358992
yaw,30.0,35.0,-20.0,-10.0,normal,0.0,0.05917996581946343,0.0814100929454309
width,30.0,35.0,-20.0,-10.0,normal,0.0,0.32254166992144384,0.38031917351942796
length,30.0,35.0,-20.0,-10.0,normal,0.0,0.1370693534908457,0.18233773603544132
box_height,30.0,35.0,-20.0,-10.0,normal,0.0,0.0773709532842725,0.12240883151253501
score,30.0,35.0,-20.0,-10.0,normal,0.6062666447116778,0.20586992775949012,113
fp_score,30.0,35.0,-20.0,-10.0,normal,0.06533885256383848,0.06494708560224687,1622
fp_rate,30.0,35.0,-20.0,-10.0,poisson,0.2282899366643209,1622,
miss_detection,30.0,35.0,-10.0,0.0,constant,0.07692307692307693,,
distal,30.0,35.0,-10.0,0.0,normal,0.0,0.1373347483364562,0.19038778073742404
perpendicular,30.0,35.0,-10.0,0.0,normal,0.0,0.07268317685354522,0.08603973541142598
height,30.0,35.0,-10.0,0.0,normal,0.0,0.05612696589884162,0.07250322801647363
yaw,30.0,35.0,-10.0,0.0,normal,0.0,0.04936350561078292,0.07096303650184753
width,30.0,35.0,-10.0,0.0,normal,0.0,0.24244794223469854,0.2758252802822325
length,30.0,35.0,-10.0,0.0,normal,0.0,0.12068827156588408,0.12079927325248718
box_height,30.0,35.0,-10.0,0.0,normal,0.0,0.08152613884412313,0.08498339934481515
score,30.0,35.0,-10.0,0.0,normal,0.6989860377895335,0.12313083312031313,468
fp_score,30.0,35.0,-10.0,0.0,normal,0.08447547516648701,0.1144399565465744,558
fp_rate,30.0,35.0,-10.0,0.0,poisson,0.07853624208304011,558,
miss_detection,30.0,35.0,0.0,10.0,constant,0.13980137509549273,,
distal,30.0,35.0,0.0,10.0,normal,0.0,0.14705921812217138,0.16571138942270333
perpendicular,30.0,35.0,0.0,10.0,normal,0.0,0.0692203068508441,0.0844584269665622
height,30.0,35.0,0.0,10.0,normal,0.0,0.066821191092083,0.07825599470528151
yaw,30.0,35.0,0.0,10.0,normal,0.0,0.09736100075869338,0.053083784118866995
width,30.0,35.0,0.0,10.0,normal,0.0,0.31697510190335293,0.2570874520559294
length,30.0,35.0,0.0,10.0,normal,0.0,0.2074363840478229,0.11365111238367816
box_height,30.0,35.0,0.0,10.0,normal,0.0,0.0988887786491538,0.09032003240094091
score,30.0,35.0,0.0,10.0,normal,0.716522106745315,0.13328512786713453,1309
fp_score,30.0,35.0,0.0,10.0,normal,0.13930956545334897,0.17399837974961507,1520
fp_rate,30.0,35.0,0.0,10.0,poisson,0.2139338494018297,1520,
miss_detection,30.0,35.0,10.0,20.0,constant,0.07591623036649214,,
distal,30.0,35.0,10.0,20.0,normal,0.0,0.13383989449454325,0.1531176146805981
perpendicular,30.0,35.0,10.0,20.0,normal,0.0,0.07567817217878049,0.10201795778624524
height,30.0,35.0,10.0,20.0,normal,0.0,0.06389762929950306,0.08547130809627242
yaw,30.0,35.0,10.0,20.0,normal,0.0,0.03890514590424435,0.04528174302648249
width,30.0,35.0,10.0,20.0,normal,0.0,0.2937343318367229,0.29431687941294554
length,30.0,35.0,10.0,20.0,normal,0.0,0.11503066789789732,0.1355978584829876
box_height,30.0,35.0,10.0,20.0,normal,0.0,0.13737204890166793,0.13723015886528295
score,30.0,35.0,10.0,20.0,normal,0.7068457461619174,0.12341039848150165,382
fp_score,30.0,35.0,10.0,20.0,normal,0.07289071390166074,0.08603640470040506,1129
fp_rate,30.0,35.0,10.0,20.0,poisson,0.1589021815622801,1129,
miss_detection,30.0,35.0,20.0,30.0,constant,0.1871345029239766,,
distal,30.0,35.0,20.0,30.0,normal,0.0,0.14542796951934267,0.1787700631822679
perpendicular,30.0,35.0,20.0,30.0,normal,0.0,0.08293734610670518,0.1235776243105054
height,30.0,35.0,20.0,30.0,normal,0.0,0.06572331492142862,0.0920392377771062
yaw,30.0,35.0,20.0,30.0,normal,0.0,0.0413591798961684,0.06008925097431715
width,30.0,35.0,20.0,30.0,normal,0.0,0.24286275063002583,0.3086041786687837
length,30.0,35.0,20.0,30.0,normal,0.0,0.12380319231792557,0.17110223307026376
box_height,30.0,35.0,20.0,30.0,normal,0.0,0.08965902090222207,0.1055388639299132
score,30.0,35.0,20.0,30.0,normal,0.629635441914308,0.16023284784717656,171
fp_score,30.0,35.0,20.0,30.0,normal,0.0803619512040455,0.09013027275310814,1363
fp_rate,30.0,35.0,20.0,30.0,poisson,0.19183673469387755,1363,
miss_detection,30.0,35.0,30.0,40.0,constant,0.18238993710691823,,
distal,30.0,35.0,30.0,40.0,normal,0.0,0.11018392122651519,0.13494294500864695
perpendicular,30.0,35.0,30.0,40.0,normal,0.0,0.10947323809341103,0.11267373499248606
height,30.0,35.0,30.0,40.0,normal,0.0,0.08238622574005723,0.10752204060554504
yaw,30.0,35.0,30.0,40.0,normal,0.0,0.04665863105186661,0.0510089530632864
width,30.0,35.0,30.0,40.0,normal,0.0,0.18850526638657347,0.24655088094564584
length,30.0,35.0,30.0,40.0,normal,0.0,0.09362479194210054,0.13964780844174898
box_height,30.0,35.0,30.0,40.0,normal,0.0,0.07493856750300176,0.1168551124059237
score,30.0,35.0,30.0,40.0,normal,0.6338824304250571,0.1720859525033322,159
fp_score,30.0,35.0,30.0,40.0,normal,0.08948987885587033,0.11154061604037979,1227
fp_rate,30.0,35.0,30.0,40.0,poisson,0.17269528501055595,1227,
miss_detection,30.0,35.0,40.0,50.0,constant,0.26582278481012656,,
distal,30.0,35.0,40.0,50.0,normal,0.0,0.1399041857897378,0.18095094649977853
perpendicular,30.0,35.0,40.0,50.0,normal,0.0,0.14139856362641076,0.1486949415162814
height,30.0,35.0,40.0,50.0,normal,0.0,0.07268679006319304,0.10463964630817545
yaw,30.0,35.0,40.0,50.0,normal,0.0,0.05660968297835705,0.05902273828893484
width,30.0,35.0,40.0,50.0,normal,0.0,0.2521369541732316,0.29668610877004165
length,30.0,35.0,40.0,50.0,normal,0.0,0.09699559063369813,0.15667143977921585
box_height,30.0,35.0,40.0,50.0,normal,0.0,0.10394764132733983,0.13069700372630152
score,30.0,35.0,40.0,50.0,normal,0.6137558913564888,0.17007033363073776,158
fp_score,30.0,35.0,40.0,50.0,normal,0.07339401354114376,0.09479551892100802,1349
fp_rate,30.0,35.0,40.0,50.0,poisson,0.18986629134412386,1349,
miss_detection,30.0,35.0,50.0,60.0,constant,0.3125,,
distal,30.0,35.0,50.0,60.0,normal,0.0,0.15322372260517264,0.17857881793784783
perpendicular,30.0,35.0,50.0,60.0,normal,0.0,0.12147951743106467,0.17366391888909125
height,30.0,35.0,50.0,60.0,normal,0.0,0.08377674253077641,0.11598206233311366
yaw,30.0,35.0,50.0,60.0,normal,0.0,0.08016318435356928,0.09685628129746425
width,30.0,35.0,50.0,60.0,normal,0.0,0.2131073213478996,0.20740848654633634
length,30.0,35.0,50.0,60.0,normal,0.0,0.10585065195878028,0.1775561546112274
box_height,30.0,35.0,50.0,60.0,normal,0.0,0.10815856564856773,0.11249945713923527
score,30.0,35.0,50.0,60.0,normal,0.4939945820536647,0.17762273752368177,208
fp_score,30.0,35.0,50.0,60.0,normal,0.07307440764330372,0.08430051851852981,1171
fp_rate,30.0,35.0,50.0,60.0,poisson,0.16481351161154117,1171,
miss_detection,30.0,35.0,60.0,70.0,constant,0.3037974683544304,,
distal,30.0,35.0,60.0,70.0,normal,0.0,0.15342504504896284,0.1838171733009077
perpendicular,30.0,35.0,60.0,70.0,normal,0.0,0.10521671458209675,0.15325612968272337
height,30.0,35.0,60.0,70.0,normal,0.0,0.0895640889877271,0.09636410583149303
yaw,30.0,35.0,60.0,70.0,normal,0.0,0.06262730607316216,0.07800584116164173
width,30.0,35.0,60.0,70.0,normal,0.0,0.2848080650435553,0.3016727230765603
length,30.0,35.0,60.0,70.0,normal,0.0,0.09068003188661924,0.12007972543889826
box_height,30.0,35.0,60.0,70.0,normal,0.0,0.10000116459780786,0.13591762672771107
score,30.0,35.0,60.0,70.0,normal,0.4951856894249266,0.23645437014041867,79
fp_score,30.0,35.0,60.0,70.0,normal,0.0675252888184421,0.06679448000006338,1225
fp_rate,30.0,35.0,60.0,70.0,poisson,0.1724137931034483,1225,
miss_detection,30.0,35.0,70.0,80.0,constant,0.29333333333333333,,
distal,30.0,35.0,70.0,80.0,normal,0.0,0.15344741873995624,0.19809293807754969
perpendicular,30.0,35.0,70.0,80.0,normal,0.0,0.0863441159698891,0.12115388435291514
height,30.0,35.0,70.0,80.0,normal,0.0,0.0889363658501621,0.14362327220304957
yaw,30.0,35.0,70.0,80.0,normal,0.0,0.06858379244207996,0.09049792143947727
width,30.0,35.0,70.0,80.0,normal,0.0,0.1863966234945421,0.19941611559885852
length,30.0,35.0,70.0,80.0,normal,0.0,0.13087145141403234,0.1561904358413984
box_height,30.0,35.0,70.0,80.0,normal,0.0,0.1374550114386479,0.19857624566779947
score,30.0,35.0,70.0,80.0,normal,0.5010522030434519,0.14825835880133706,75
fp_score,30.0,35.0,70.0,80.0,normal,0.06535578325981374,0.06118661850570631,1249
fp_rate,30.0,35.0,70.0,80.0,poisson,0.17579169598874034,1249,
miss_detection,30.0,35.0,80.0,90.0,constant,0.25,,
distal,30.0,35.0,80.0,90.0,normal,0.0,0.14462667056278947,0.21115867554510853
perpendicular,30.0,35.0,80.0,90.0,normal,0.0,0.07338920727188257,0.10636781830712928
height,30.0,35.0,80.0,90.0,normal,0.0,0.09008929907137662,0.1297481302861814
yaw,30.0,35.0,80.0,90.0,normal,0.0,0.07157079282771663,0.1020712423882263
width,30.0,35.0,80.0,90.0,normal,0.0,0.2078799084527789,0.2678036954667833
length,30.0,35.0,80.0,90.0,normal,0.0,0.09466591453553688,0.12706765642872564
box_height,30.0,35.0,80.0,90.0,normal,0.0,0.08686956990078369,0.15155158661029958
score,30.0,35.0,80.0,90.0,normal,0.48634515012855883,0.13657862423078196,72
fp_score,30.0,35.0,80.0,90.0,normal,0.06337022636843785,0.060597034771759165,1263
fp_rate,30.0,35.0,80.0,90.0,poisson,0.17776213933849402,1263,
miss_detection,30.0,35.0,90.0,100.0,constant,0.4336283185840708,,
distal,30.0,35.0,90.0,100.0,normal,0.0,0.17781495487023932,0.22940027664667403
perpendicular,30.0,35.0,90.0,100.0,normal,0.0,0.08616579598001589,0.12655146303418113
height,30.0,35.0,90.0,100.0,normal,0.0,0.0919106638416716,0.1256751036271453
yaw,30.0,35.0,90.0,100.0,normal,0.0,0.07421332562807958,0.1030398019027633
width,30.0,35.0,90.0,100.0,normal,0.0,0.19142979219189182,0.2325843945145607
length,30.0,35.0,90.0,100.0,normal,0.0,0.10772373458324426,0.1419345699250698
box_height,30.0,35.0,90.0,100.0,normal,0.0,0.09693696790227496,0.16950205899775028
score,30.0,35.0,90.0,100.0,normal,0.44650886935414746,0.1657770131850347,113
fp_score,30.0,35.0,90.0,100.0,normal,0.0697039316519288,0.07577654835256087,1385
fp_rate,30.0,35.0,90.0,100.0,poisson,0.19493314567206194,1385,
miss_detection,30.0,35.0,100.0,110.0,constant,0.11016949152542373,,
distal,30.0,35.0,100.0,110.0,normal,0.0,0.1603304533033225,0.21685634421153355
perpendicular,30.0,35.0,100.0,110.0,normal,0.0,0.1409153936889579,0.16367933673207052
height,30.0,35.0,100.0,110.0,normal,0.0,0.07274188375431952,0.1122194216364906
yaw,30.0,35.0,100.0,110.0,normal,0.0,0.05854054324899098,0.07672412236131623
width,30.0,35.0,100.0,110.0,normal,0.0,0.20943288544238742,0.27855584280831475
length,30.0,35.0,100.0,110.0,normal,0.0,0.1318144423972499,0.1502112695149013
box_height,30.0,35.0,100.0,110.0,normal,0.0,0.08883940919401824,0.16398490837642124
score,30.0,35.0,100.0,110.0,normal,0.5215303812708173,0.157617917754065,118
fp_score,30.0,35.0,100.0,110.0,normal,0.06875576898567827,0.07259015072682501,996
fp_rate,30.0,35.0,100.0,110.0,poisson,0.14018296973962,996,
miss_detection,30.0,35.0,110.0,120.0,constant,0.11042944785276074,,
distal,30.0,35.0,110.0,120.0,normal,0.0,0.13685071145977365,0.22245595945198826
perpendicular,30.0,35.0,110.0,120.0,normal,0.0,0.10039067921370776,0.17832425952018793
height,30.0,35.0,110.0,120.0,normal,0.0,0.0746140564466013,0.11420122713878236
yaw,30.0,35.0,110.0,120.0,normal,0.0,0.05918841228579097,0.10611222388929334
width,30.0,35.0,110.0,120.0,normal,0.0,0.18120755308579178,0.33309406905338684
length,30.0,35.0,110.0,120.0,normal,0.0,0.07954049817248425,0.114759977110501
box_height,30.0,35.0,110.0,120.0,normal,0.0,0.08077108014387968,0.10780462478769237
score,30.0,35.0,110.0,120.0,normal,0.4950231817261926,0.1268099818121922,163
fp_score,30.0,35.0,110.0,120.0,normal,0.06838669274469923,0.06523960251187501,956
fp_rate,30.0,35.0,110.0,120.0,poisson,0.13455313159746657,956,
miss_detection,30.0,35.0,120.0,130.0,constant,0.29310344827586204,,
distal,30.0,35.0,120.0,130.0,normal,0.0,0.14004633622819057,0.17886603115983396
perpendicular,30.0,35.0,120.0,130.0,normal,0.0,0.1406811241340304,0.16651721281548287
height,30.0,35.0,120.0,130.0,normal,0.0,0.08438160433270982,0.1076646897850967
yaw,30.0,35.0,120.0,130.0,normal,0.0,0.05628579674941768,0.06113365942994541
width,30.0,35.0,120.0,130.0,normal,0.0,0.3031563860387748,0.3729157796720179
length,30.0,35.0,120.0,130.0,normal,0.0,0.12017239981271649,0.14738840882371113
box_height,30.0,35.0,120.0,130.0,normal,0.0,0.13723275183752118,0.15805074063743033
score,30.0,35.0,120.0,130.0,normal,0.5624279334414296,0.1758129374781156,116
fp_score,30.0,35.0,120.0,130.0,normal,0.07852838233113289,0.08892830555014934,875
fp_rate,30.0,35.0,120.0,130.0,poisson,0.12315270935960591,875,
miss_detection,30.0,35.0,130.0,140.0,constant,0.14285714285714285,,
distal,30.0,35.0,130.0,140.0,normal,0.0,0.10601384846129583,0.1412680921764349
perpendicular,30.0,35.0,130.0,140.0,normal,0.0,0.08808050803767109,0.15432681950351104
height,30.0,35.0,130.0,140.0,normal,0.0,0.06963484666343105,0.11517473975817362
yaw,30.0,35.0,130.0,140.0,normal,0.0,0.04217977727802195,0.046639571912660736
width,30.0,35.0,130.0,140.0,normal,0.0,0.23739722569733251,0.4142599185307821
length,30.0,35.0,130.0,140.0,normal,0.0,0.12336335309964483,0.15671576658884684
box_height,30.0,35.0,130.0,140.0,normal,0.0,0.09054706651375478,0.13582447290420532
score,30.0,35.0,130.0,140.0,normal,0.6837895256777604,0.12618236319030615,175
fp_score,30.0,35.0,130.0,140.0,normal,0.0757080828435987,0.08438412578663577,973
fp_rate,30.0,35.0,130.0,140.0,poisson,0.13694581280788176,973,
miss_detection,30.0,35.0,140.0,150.0,constant,0.18181818181818182,,
distal,30.0,35.0,140.0,150.0,normal,0.0,0.11895408325254768,0.16837389182616644
perpendicular,30.0,35.0,140.0,150.0,normal,0.0,0.11124031339104852,0.1114484702190513
height,30.0,35.0,140.0,150.0,normal,0.0,0.09174211066873113,0.15544938347327014
yaw,30.0,35.0,140.0,150.0,normal,0.0,0.06868408739234799,0.08497944792989286
width,30.0,35.0,140.0,150.0,normal,0.0,0.1838841554319831,0.26306604203723727
length,30.0,35.0,140.0,150.0,normal,0.0,0.09718281857454956,0.10505459296009528
box_height,30.0,35.0,140.0,150.0,normal,0.0,0.077453674808054,0.16536832991100492
score,30.0,35.0,140.0,150.0,normal,0.4617601270398135,0.262359833437297,231
fp_score,30.0,35.0,140.0,150.0,normal,0.08266262129012845,0.08155462964162492,1404
fp_rate,30.0,35.0,140.0,150.0,poisson,0.1976073187895848,1404,
miss_detection,30.0,35.0,150.0,160.0,constant,0.1881720430107527,,
distal,30.0,35.0,150.0,160.0,normal,0.0,0.11891235350796607,0.16504210202931469
perpendicular,30.0,35.0,150.0,160.0,normal,0.0,0.10173800745919624,0.13958191776139312
height,30.0,35.0,150.0,160.0,normal,0.0,0.07143762827530613,0.09154741258810688
yaw,30.0,35.0,150.0,160.0,normal,0.0,0.049763937837496615,0.062131952429111695
width,30.0,35.0,150.0,160.0,normal,0.0,0.20114231049354722,0.30844232104471975
length,30.0,35.0,150.0,160.0,normal,0.0,0.10145684084555238,0.1538901115884844
box_height,30.0,35.0,150.0,160.0,normal,0.0,0.1088672277357701,0.16607509385671046
score,30.0,35.0,150.0,160.0,normal,0.613309898222519,0.15321982371050336,186
fp_score,30.0,35.0,150.0,160.0,normal,0.08404637537396335,0.12306753256553592,968
fp_rate,30.0,35.0,150.0,160.0,poisson,0.1362420830401126,968,
miss_detection,30.0,35.0,160.0,170.0,constant,0.15384615384615385,,
distal,30.0,35.0,160.0,170.0,normal,0.0,0.13647196507329898,0.15935024198627826
perpendicular,30.0,35.0,160.0,170.0,normal,0.0,0.07625660217457259,0.1082638875055938
height,30.0,35.0,160.0,170.0,normal,0.0,0.06888126368054624,0.0881235073139141
yaw,30.0,35.0,160.0,170.0,normal,0.0,0.03656027542462966,0.041146409911512506
width,30.0,35.0,160.0,170.0,normal,0.0,0.2526860459351557,0.2280048704766608
length,30.0,35.0,160.0,170.0,normal,0.0,0.10087131968548885,0.11516861791734571
box_height,30.0,35.0,160.0,170.0,normal,0.0,0.10488084722607671,0.1114252403184965
score,30.0,35.0,160.0,170.0,normal,0.7430947065450154,0.12271452623102348,364
fp_score,30.0,35.0,160.0,170.0,normal,0.07564039364927619,0.10757494923012163,1061
fp_rate,30.0,35.0,160.0,170.0,poisson,0.1493314567206193,1061,
miss_detection,30.0,35.0,170.0,180.0,constant,0.043731778425655975,,
distal,30.0,35.0,170.0,180.0,normal,0.0,0.15202815327051356,0.194043991762291
perpendicular,30.0,35.0,170.0,180.0,normal,0.0,0.06980182791473097,0.08337673130696353
height,30.0,35.0,170.0,180.0,normal,0.0,0.06754274895835044,0.09171220242250257
yaw,30.0,35.0,170.0,180.0,normal,0.0,0.10460760585287791,0.050848556719937474
width,30.0,35.0,170.0,180.0,normal,0.0,0.3143612851010146,0.38607974568518194
length,30.0,35.0,170.0,180.0,normal,0.0,0.2744024922070764,0.14812380366209077
box_height,30.0,35.0,170.0,180.0,normal,0.0,0.11246263099352823,0.11874501261769271
score,30.0,35.0,170.0,180.0,normal,0.7054423775478471,0.11788625731750839,686
fp_score,30.0,35.0,170.0,180.0,normal,0.10779643591286127,0.1733976607240023,737
fp_rate,30.0,35.0,170.0,180.0,poisson,0.10372976776917664,737,
miss_detection,35.0,40.0,-180.0,-170.0,constant,0.08356545961002786,,
distal,35.0,40.0,-180.0,-170.0,normal,0.0,0.13340962760061606,0.16297502135197572
perpendicular,35.0,40.0,-180.0,-170.0,normal,0.0,0.07935651987922723,0.10161970369916759
height,35.0,40.0,-180.0,-170.0,normal,0.0,0.07142216420912782,0.0856267519997246
yaw,35.0,40.0,-180.0,-170.0,normal,0.0,0.07357094906094658,0.08395396889175719
width,35.0,40.0,-180.0,-170.0,normal,0.0,0.21173892986727377,0.2517928783654442
length,35.0,40.0,-180.0,-170.0,normal,0.0,0.12471967015337647,0.18495744792886057
box_height,35.0,40.0,-180.0,-170.0,normal,0.0,0.10947120519928592,0.1157691489599396
score,35.0,40.0,-180.0,-170.0,normal,0.6928730902112001,0.11368910306544035,718
fp_score,35.0,40.0,-180.0,-170.0,normal,0.10387108913540581,0.12978541996872842,691
fp_rate,35.0,40.0,-180.0,-170.0,poisson,0.09725545390570021,691,
miss_detection,35.0,40.0,-170.0,-160.0,constant,0.15481171548117154,,
distal,35.0,40.0,-170.0,-160.0,normal,0.0,0.16470876672769494,0.21136598137538806
perpendicular,35.0,40.0,-170.0,-160.0,normal,0.0,0.09047711577489628,0.11608739210040489
height,35.0,40.0,-170.0,-160.0,normal,0.0,0.06369135506572603,0.08932778268757433
yaw,35.0,40.0,-170.0,-160.0,normal,0.0,0.048692625978436384,0.05387342489625058
width,35.0,40.0,-170.0,-160.0,normal,0.0,0.26665757522835093,0.3446252452264918
length,35.0,40.0,-170.0,-160.0,normal,0.0,0.15526249924231766,0.2007694958460213
box_height,35.0,40.0,-170.0,-160.0,normal,0.0,0.144680562382876,0.19076734014076763
score,35.0,40.0,-170.0,-160.0,normal,0.6760449045808008,0.1467332026539815,239
fp_score,35.0,40.0,-170.0,-160.0,normal,0.08235152049305541,0.10993091889298644,2061
fp_rate,35.0,40.0,-170.0,-160.0,poisson,0.2900774102744546,2061,
miss_detection,35.0,40.0,-160.0,-150.0,constant,0.32,,
distal,35.0,40.0,-160.0,-150.0,normal,0.0,0.13829796448531953,0.1822434669412761
perpendicular,35.0,40.0,-160.0,-150.0,normal,0.0,0.16435031491909674,0.23648474199724276
height,35.0,40.0,-160.0,-150.0,normal,0.0,0.057420261403038526,0.09727144007589303
yaw,35.0,40.0,-160.0,-150.0,normal,0.0,0.04956965663880252,0.07295703390042493
width,35.0,40.0,-160.0,-150.0,normal,0.0,0.19028663824183945,0.25244561831156415
length,35.0,40.0,-160.0,-150.0,normal,0.0,0.1449996727536383,0.16475037266226375
box_height,35.0,40.0,-160.0,-150.0,normal,0.0,0.09980162652545171,0.10732023388731714
score,35.0,40.0,-160.0,-150.0,normal,0.4523220348591898,0.18674750563599404,75
fp_score,35.0,40.0,-160.0,-150.0,normal,0.07057173262356066,0.07167061722084372,2246
fp_rate,35.0,40.0,-160.0,-150.0,poisson,0.31611541168191415,2246,
miss_detection,35.0,40.0,-150.0,-140.0,constant,0.4883720930232558,,
distal,35.0,40.0,-150.0,-140.0,normal,0.0,0.18260726422405552,0.17880540826057462
perpendicular,35.0,40.0,-150.0,-140.0,normal,0.0,0.12235557213622196,0.16591242884174792
height,35.0,40.0,-150.0,-140.0,normal,0.0,0.08710041220689818,0.11275982314890082
yaw,35.0,40.0,-150.0,-140.0,normal,0.0,0.10098465636900056,0.11369767859614056
width,35.0,40.0,-150.0,-140.0,normal,0.0,0.31919111323230187,0.35017301819541236
length,35.0,40.0,-150.0,-140.0,normal,0.0,0.1576939837458893,0.20905379273674704
box_height,35.0,40.0,-150.0,-140.0,normal,0.0,0.08137867239359295,0.11766922473907471
score,35.0,40.0,-150.0,-140.0,normal,0.47383986007083545,0.1392714745441436,43
fp_score,35.0,40.0,-150.0,-140.0,normal,0.06617811794394803,0.06236830038261891,2742
fp_rate,35.0,40.0,-150.0,-140.0,poisson,0.38592540464461644,2742,
miss_detection,35.0,40.0,-140.0,-130.0,constant,0.28846153846153844,,
distal,35.0,40.0,-140.0,-130.0,normal,0.0,0.10432843172299122,0.2547574321105729
perpendicular,35.0,40.0,-140.0,-130.0,normal,0.0,0.09246825623138381,0.09838162249130919
height,35.0,40.0,-140.0,-130.0,normal,0.0,0.10461200465929645,0.09501687524554965
yaw,35.0,40.0,-140.0,-130.0,normal,0.0,0.050170333509888816,0.04449333306774528
width,35.0,40.0,-140.0,-130.0,normal,0.0,0.1997360354073781,0.44836448978733373
length,35.0,40.0,-140.0,-130.0,normal,0.0,0.08052842486863411,0.15335021147856842
box_height,35.0,40.0,-140.0,-130.0,normal,0.0,0.095108585429006,0.143054689372982
score,35.0,40.0,-140.0,-130.0,normal,0.6298549588736113,0.1384978190538423,156
fp_score,35.0,40.0,-140.0,-130.0,normal,0.06429923470527668,0.06505868222471321,2719
fp_rate,35.0,40.0,-140.0,-130.0,poisson,0.38268824771287824,2719,
miss_detection,35.0,40.0,-130.0,-120.0,constant,0.25274725274725274,,
distal,35.0,40.0,-130.0,-120.0,normal,0.0,0.14294785054850914,0.2131987400324167
perpendicular,35.0,40.0,-130.0,-120.0,normal,0.0,0.1190977952021545,0.16960510741066248
height,35.0,40.0,-130.0,-120.0,normal,0.0,0.08350722729402299,0.10731910782701828
yaw,35.0,40.0,-130.0,-120.0,normal,0.0,0.061859718710102776,0.0755396336597012
width,35.0,40.0,-130.0,-120.0,normal,0.0,0.2506215551551125,0.4380313894327949
length,35.0,40.0,-130.0,-120.0,normal,0.0,0.18285729627663824,0.194583980476155
box_height,35.0,40.0,-130.0,-120.0,normal,0.0,0.13227965889201998,0.14136537734199972
score,35.0,40.0,-130.0,-120.0,normal,0.5380977085408043,0.12659206787404928,91
fp_score,35.0,40.0,-130.0,-120.0,normal,0.08777701178671429,0.10791628668705235,2623
fp_rate,35.0,40.0,-130.0,-120.0,poisson,0.36917663617171004,2623,
miss_detection,35.0,40.0,-120.0,-110.0,constant,0.5555555555555556,,
distal,35.0,40.0,-120.0,-110.0,normal,0.0,0.17316376514547724,0.24362076008382788
perpendicular,35.0,40.0,-120.0,-110.0,normal,0.0,0.09563478138317838,0.16208086457996854
height,35.0,40.0,-120.0,-110.0,normal,0.0,0.11138025341150748,0.12055361829698086
yaw,35.0,40.0,-120.0,-110.0,normal,0.0,0.06590397573338054,0.07665444965443735
width,35.0,40.0,-120.0,-110.0,normal,0.0,0.23902786819842206,0.36444080621004105
length,35.0,40.0,-120.0,-110.0,normal,0.0,0.1200338138642523,0.157392006367445
box_height,35.0,40.0,-120.0,-110.0,normal,0.0,0.13088707490904572,0.17107363417744637
score,35.0,40.0,-120.0,-110.0,normal,0.51496621966362,0.13465908175262883,72
fp_score,35.0,40.0,-120.0,-110.0,normal,0.06260964516331366,0.07091226833304513,2212
fp_rate,35.0,40.0,-120.0,-110.0,poisson,0.31133004926108376,2212,
miss_detection,35.0,40.0,-110.0,-100.0,constant,0.5432098765432098,,
distal,35.0,40.0,-110.0,-100.0,normal,0.0,0.19732149248133396,0.2425561268212422
perpendicular,35.0,40.0,-110.0,-100.0,normal,0.0,0.1467855660739266,0.19371580601000032
height,35.0,40.0,-110.0,-100.0,normal,0.0,0.08760731468982205,0.13366304217158137
yaw,35.0,40.0,-110.0,-100.0,normal,0.0,0.07404189173559449,0.11015450585244521
width,35.0,40.0,-110.0,-100.0,normal,0.0,0.26442028514365334,0.4085482648901037
length,35.0,40.0,-110.0,-100.0,normal,0.0,0.13629456437283877,0.1931646675676913
box_height,35.0,40.0,-110.0,-100.0,normal,0.0,0.09737131160875805,0.14566706322334907
score,35.0,40.0,-110.0,-100.0,normal,0.4319178329126255,0.12880375407808464,81
fp_score,35.0,40.0,-110.0,-100.0,normal,0.06340605807449894,0.06822020263429027,2171
fp_rate,35.0,40.0,-110.0,-100.0,poisson,0.3055594651653765,2171,
miss_detection,35.0,40.0,-100.0,-90.0,constant,0.6805555555555556,,
distal,35.0,40.0,-100.0,-90.0,normal,0.0,0.16454065673670157,0.2681511744605913
perpendicular,35.0,40.0,-100.0,-90.0,normal,0.0,0.11408109758133657,0.12648680610273183
height,35.0,40.0,-100.0,-90.0,normal,0.0,0.10954543523486723,0.14717120709626572
yaw,35.0,40.0,-100.0,-90.0,normal,0.0,0.05810637222465754,0.07119062440277615
width,35.0,40.0,-100.0,-90.0,normal,0.0,0.24243918244823745,0.4772803679756496
length,35.0,40.0,-100.0,-90.0,normal,0.0,0.09516788769194462,0.12088181143221648
box_height,35.0,40.0,-100.0,-90.0,normal,0.0,0.09079583329051516,0.1547180569690207
score,35.0,40.0,-100.0,-90.0,normal,0.421788949681365,0.15381146442384167,72
fp_score,35.0,40.0,-100.0,-90.0,normal,0.07346286097962776,0.06955104946830028,1817
fp_rate,35.0,40.0,-100.0,-90.0,poisson,0.2557353976073188,1817,
miss_detection,35.0,40.0,-90.0,-80.0,constant,0.5212765957446809,,
distal,35.0,40.0,-90.0,-80.0,normal,0.0,0.10349977452412394,0.13992839279386637
perpendicular,35.0,40.0,-90.0,-80.0,normal,0.0,0.10921175709051696,0.13700083097720428
height,35.0,40.0,-90.0,-80.0,normal,0.0,0.08176469020315653,0.08452068434821235
yaw,35.0,40.0,-90.0,-80.0,normal,0.0,0.0745743787293053,0.09525344963344982
width,35.0,40.0,-90.0,-80.0,normal,0.0,0.20432572339035732,0.32823535601298015
length,35.0,40.0,-90.0,-80.0,normal,0.0,0.08028533202782914,0.15355358918507894
box_height,35.0,40.0,-90.0,-80.0,normal,0.0,0.061436320182094245,0.11625654432508681
score,35.0,40.0,-90.0,-80.0,normal,0.5447678989834256,0.1521781765861997,94
fp_score,35.0,40.0,-90.0,-80.0,normal,0.05267489178482963,0.04725214385555262,1755
fp_rate,35.0,40.0,-90.0,-80.0,poisson,0.247009148486981,1755,
miss_detection,35.0,40.0,-80.0,-70.0,constant,0.36470588235294116,,
distal,35.0,40.0,-80.0,-70.0,normal,0.0,0.1199161488872238,0.16394928858016375
perpendicular,35.0,40.0,-80.0,-70.0,normal,0.0,0.1636165314349415,0.21061900654557705
height,35.0,40.0,-80.0,-70.0,normal,0.0,0.09189487914119424,0.12859004956704598
yaw,35.0,40.0,-80.0,-70.0,normal,0.0,0.08794637771402385,0.08947434374274457
width,35.0,40.0,-80.0,-70.0,normal,0.0,0.24675487477759322,0.3388282502139056
length,35.0,40.0,-80.0,-70.0,normal,0.0,0.16067132961123184,0.19266334507200453
box_height,35.0,40.0,-80.0,-70.0,normal,0.0,0.07223216385021267,0.11568879418902928
score,35.0,40.0,-80.0,-70.0,normal,0.5319680560518194,0.15757990601214028,85
fp_score,35.0,40.0,-80.0,-70.0,normal,0.05956683134806128,0.05962063702716807,2105
fp_rate,35.0,40.0,-80.0,-70.0,poisson,0.2962702322308234,2105,
miss_detection,35.0,40.0,-70.0,-60.0,constant,0.29896907216494845,,
distal,35.0,40.0,-70.0,-60.0,normal,0.0,0.14360576273269776,0.19236689438558846
perpendicular,35.0,40.0,-70.0,-60.0,normal,0.0,0.16761631657473777,0.15077107995056124
height,35.0,40.0,-70.0,-60.0,normal,0.0,0.09117957976727266,0.1471067132318721
yaw,35.0,40.0,-70.0,-60.0,normal,0.0,0.05653259053743485,0.05679271854829338
width,35.0,40.0,-70.0,-60.0,normal,0.0,0.2261704889300956,0.33058034672456627
length,35.0,40.0,-70.0,-60.0,normal,0.0,0.15378778380867106,0.1811255619806402
box_height,35.0,40.0,-70.0,-60.0,normal,0.0,0.09578979501095296,0.14284233661258922
score,35.0,40.0,-70.0,-60.0,normal,0.5812402514959959,0.14802327895808232,97
fp_score,35.0,40.0,-70.0,-60.0,normal,0.06305848163336548,0.06981832955582336,2703
fp_rate,35.0,40.0,-70.0,-60.0,poisson,0.3804363124560169,2703,
miss_detection,35.0,40.0,-60.0,-50.0,constant,0.45454545454545453,,
distal,35.0,40.0,-60.0,-50.0,normal,0.0,0.13937277607650742,0.22448339285880758
perpendicular,35.0,40.0,-60.0,-50.0,normal,0.0,0.10728524503716283,0.13361504151382317
height,35.0,40.0,-60.0,-50.0,normal,0.0,0.09965120841539626,0.13817304301829564
yaw,35.0,40.0,-60.0,-50.0,normal,0.0,0.047385173464819914,0.07013448913761303
width,35.0,40.0,-60.0,-50.0,normal,0.0,0.20743762721872014,0.32629988874707905
length,35.0,40.0,-60.0,-50.0,normal,0.0,0.1394726084256132,0.17612606854665847
box_height,35.0,40.0,-60.0,-50.0,normal,0.0,0.07263013179687511,0.08577481621787661
score,35.0,40.0,-60.0,-50.0,normal,0.5285112151787394,0.15883198599350304,77
fp_score,35.0,40.0,-60.0,-50.0,normal,0.06903022730156132,0.08072709856012683,2829
fp_rate,35.0,40.0,-60.0,-50.0,poisson,0.39817030260380015,2829,
miss_detection,35.0,40.0,-50.0,-40.0,constant,0.37142857142857144,,
distal,35.0,40.0,-50.0,-40.0,normal,0.0,0.15135973965910385,0.23780412420056196
perpendicular,35.0,40.0,-50.0,-40.0,normal,0.0,0.12070926602612826,0.17322236838389368
height,35.0,40.0,-50.0,-40.0,normal,0.0,0.06630441160762614,0.0877118855714798
yaw,35.0,40.0,-50.0,-40.0,normal,0.0,0.05259465095280317,0.08139317640722567
width,35.0,40.0,-50.0,-40.0,normal,0.0,0.20440250171887944,0.3135853247209029
length,35.0,40.0,-50.0,-40.0,normal,0.0,0.148152261986826,0.22143529490991073
box_height,35.0,40.0,-50.0,-40.0,normal,0.0,0.08539311646551748,0.13015194101767105
score,35.0,40.0,-50.0,-40.0,normal,0.5493141080845486,0.1429512122629387,70
fp_score,35.0,40.0,-50.0,-40.0,normal,0.061793785151218854,0.060648809707644614,2839
fp_rate,35.0,40.0,-50.0,-40.0,poisson,0.3995777621393385,2839,
miss_detection,35.0,40.0,-40.0,-30.0,constant,0.2545454545454545,,
distal,35.0,40.0,-40.0,-30.0,normal,0.0,0.14321309353823633,0.21264304290131628
perpendicular,35.0,40.0,-40.0,-30.0,normal,0.0,0.16260909663924974,0.17889460987491476
height,35.0,40.0,-40.0,-30.0,normal,0.0,0.1003503874513741,0.13071499801263575
yaw,35.0,40.0,-40.0,-30.0,normal,0.0,0.04094744882261467,0.05830331642204543
width,35.0,40.0,-40.0,-30.0,normal,0.0,0.17971876628051914,0.2622299397863993
length,35.0,40.0,-40.0,-30.0,normal,0.0,0.0961348569528878,0.17162672920924862
box_height,35.0,40.0,-40.0,-30.0,normal,0.0,0.09927330490047492,0.1594912424320128
score,35.0,40.0,-40.0,-30.0,normal,0.4897141916359343,0.1714400055620905,110
fp_score,35.0,40.0,-40.0,-30.0,normal,0.06619918593465289,0.0656700249936596,2402
fp_rate,35.0,40.0,-40.0,-30.0,poisson,0.3380717804363125,2402,
miss_detection,35.0,40.0,-30.0,-20.0,constant,0.4074074074074074,,
distal,35.0,40.0,-30.0,-20.0,normal,0.0,0.17667373794859093,0.19910774797718372
perpendicular,35.0,40.0,-30.0,-20.0,normal,0.0,0.16962705642892278,0.1973887958908803
height,35.0,40.0,-30.0,-20.0,normal,0.0,0.08552837408308817,0.11970718950033188
yaw,35.0,40.0,-30.0,-20.0,normal,0.0,0.05575951048941962,0.08298887861843185
width,35.0,40.0,-30.0,-20.0,normal,0.0,0.1945597071327981,0.34585776925086975
length,35.0,40.0,-30.0,-20.0,normal,0.0,0.11504661063492463,0.21026575937867165
box_height,35.0,40.0,-30.0,-20.0,normal,0.0,0.08064413469772111,0.116388700902462
score,35.0,40.0,-30.0,-20.0,normal,0.46267716388683766,0.19390089507891728,54
fp_score,35.0,40.0,-30.0,-20.0,normal,0.06589877907739301,0.06665258189440888,2090
fp_rate,35.0,40.0,-30.0,-20.0,poisson,0.2941590429275158,2090,
miss_detection,35.0,40.0,-20.0,-10.0,constant,0.5531914893617021,,
distal,35.0,40.0,-20.0,-10.0,normal,0.0,0.1421828270306283,0.17808290637515956
perpendicular,35.0,40.0,-20.0,-10.0,normal,0.0,0.1821456089535324,0.17764382407664628
height,35.0,40.0,-20.0,-10.0,normal,0.0,0.05124022129021628,0.06946001592136565
yaw,35.0,40.0,-20.0,-10.0,normal,0.0,0.06868580820893799,0.09194745231800122
width,35.0,40.0,-20.0,-10.0,normal,0.0,0.20447626186598103,0.2427754969823928
length,35.0,40.0,-20.0,-10.0,normal,0.0,0.09900751358681868,0.15487373442876906
box_height,35.0,40.0,-20.0,-10.0,normal,0.0,0.05952572026984916,0.10135427826926821
score,35.0,40.0,-20.0,-10.0,normal,0.5279531450498671,0.20183594776694222,94
fp_score,35.0,40.0,-20.0,-10.0,normal,0.06886084191667596,0.0713594844870152,2238
fp_rate,35.0,40.0,-20.0,-10.0,poisson,0.31498944405348345,2238,
miss_detection,35.0,40.0,-10.0,0.0,constant,0.08441558441558442,,
distal,35.0,40.0,-10.0,0.0,normal,0.0,0.16122452920948352,0.223017019455083
perpendicular,35.0,40.0,-10.0,0.0,normal,0.0,0.07572685972169714,0.09532215964237063
height,35.0,40.0,-10.0,0.0,normal,0.0,0.059365521564285983,0.07644944833525529
yaw,35.0,40.0,-10.0,0.0,normal,0.0,0.0508948810442864,0.06121460574573781
width,35.0,40.0,-10.0,0.0,normal,0.0,0.2754195603316162,0.3303756026229678
length,35.0,40.0,-10.0,0.0,normal,0.0,0.11257176041666674,0.13297298247650724
box_height,35.0,40.0,-10.0,0.0,normal,0.0,0.10394001209823985,0.1119266892155857
score,35.0,40.0,-10.0,0.0,normal,0.6374251838976046,0.12857944071593355,462
fp_score,35.0,40.0,-10.0,0.0,normal,0.08771048714982103,0.12841066676948584,947
fp_rate,35.0,40.0,-10.0,0.0,poisson,0.13328641801548205,947,
miss_detection,35.0,40.0,0.0,10.0,constant,0.2308522114347357,,
distal,35.0,40.0,0.0,10.0,normal,0.0,0.16492450244729404,0.21203575546068132
perpendicular,35.0,40.0,0.0,10.0,normal,0.0,0.08510763365965517,0.10487610327827766
height,35.0,40.0,0.0,10.0,normal,0.0,0.06610133735435597,0.08579633638868826
yaw,35.0,40.0,0.0,10.0,normal,0.0,0.11888638676261956,0.058099742035926695
width,35.0,40.0,0.0,10.0,normal,0.0,0.33471258769765005,0.37939555447700146
length,35.0,40.0,0.0,10.0,normal,0.0,0.21623821676642033,0.12916429179915204
box_height,35.0,40.0,0.0,10.0,normal,0.0,0.0994306800050076,0.10874310265416684
score,35.0,40.0,0.0,10.0,normal,0.6645658148706043,0.11651987221182736,927
fp_score,35.0,40.0,0.0,10.0,normal,0.1211297448390751,0.15731119458299173,1864
fp_rate,35.0,40.0,0.0,10.0,poisson,0.26235045742434904,1864,
miss_detection,35.0,40.0,10.0,20.0,constant,0.08333333333333333,,
distal,35.0,40.0,10.0,20.0,normal,0.0,0.15220352629434594,0.16909071048495128
perpendicular,35.0,40.0,10.0,20.0,normal,0.0,0.07961583340789972,0.09868300590527708
height,35.0,40.0,10.0,20.0,normal,0.0,0.08311823788873898,0.10099546674526098
yaw,35.0,40.0,10.0,20.0,normal,0.0,0.035527861603175705,0.04274909430852467
width,35.0,40.0,10.0,20.0,normal,0.0,0.2552953791969608,0.2963186437433416
length,35.0,40.0,10.0,20.0,normal,0.0,0.12250664597633093,0.14574079369053697
box_height,35.0,40.0,10.0,20.0,normal,0.0,0.1377809158716303,0.13160178769718517
score,35.0,40.0,10.0,20.0,normal,0.6618217397368316,0.1327000549964655,360
fp_score,35.0,40.0,10.0,20.0,normal,0.07219051275496838,0.07984483087161649,1931
fp_rate,35.0,40.0,10.0,20.0,poisson,0.271780436312456,1931,
miss_detection,35.0,40.0,20.0,30.0,constant,0.18235294117647058,,
distal,35.0,40.0,20.0,30.0,normal,0.0,0.15066195644195549,0.17683684770208155
perpendicular,35.0,40.0,20.0,30.0,normal,0.0,0.1045771255916232,0.1270330903504338
height,35.0,40.0,20.0,30.0,normal,0.0,0.08175368115707317,0.11536551079304098
yaw,35.0,40.0,20.0,30.0,normal,0.0,0.05274846155842151,0.056320122875239326
width,35.0,40.0,20.0,30.0,normal,0.0,0.21663531750878237,0.27709768315870986
length,35.0,40.0,20.0,30.0,normal,0.0,0.10864322960045016,0.14941682060845465
box_height,35.0,40.0,20.0,30.0,normal,0.0,0.10330991192532055,0.13946728826426774
score,35.0,40.0,20.0,30.0,normal,0.6140301730349768,0.153213706850215,170
fp_score,35.0,40.0,20.0,30.0,normal,0.0716047894441177,0.07510165694862884,1641
fp_rate,35.0,40.0,20.0,30.0,poisson,0.23096410978184378,1641,
miss_detection,35.0,40.0,30.0,40.0,constant,0.32167832167832167,,
distal,35.0,40.0,30.0,40.0,normal,0.0,0.12129802746573962,0.16992627275869746
perpendicular,35.0,40.0,30.0,40.0,normal,0.0,0.12108134707478811,0.136337247511616
height,35.0,40.0,30.0,40.0,normal,0.0,0.08172085157364696,0.11989177010722996
yaw,35.0,40.0,30.0,40.0,normal,0.0,0.04848230416941975,0.047559547885008595
width,35.0,40.0,30.0,40.0,normal,0.0,0.23251289253440305,0.29588112634481845
length,35.0,40.0,30.0,40.0,normal,0.0,0.10751550208227867,0.1339517880960838
box_height,35.0,40.0,30.0,40.0,normal,0.0,0.09495942227027557,0.1373323312739736
score,35.0,40.0,30.0,40.0,normal,0.6192998581940365,0.17886755293660936,143
fp_score,35.0,40.0,30.0,40.0,normal,0.08088563202326399,0.09912260696805507,1530
fp_rate,35.0,40.0,30.0,40.0,poisson,0.21534130893736805,1530,
miss_detection,35.0,40.0,40.0,50.0,constant,0.38011695906432746,,
distal,35.0,40.0,40.0,50.0,normal,0.0,0.1405583001859548,0.19190394745344433
perpendicular,35.0,40.0,40.0,50.0,normal,0.0,0.11661725452728133,0.13243969863679336
height,35.0,40.0,40.0,50.0,normal,0.0,0.07402075198776543,0.0905878133368942
yaw,35.0,40.0,40.0,50.0,normal,0.0,0.053895866614730344,0.06446936163507888
width,35.0,40.0,40.0,50.0,normal,0.0,0.23490861466617383,0.28318265474067544
length,35.0,40.0,40.0,50.0,normal,0.0,0.10559666314118106,0.14417036749281972
box_height,35.0,40.0,40.0,50.0,normal,0.0,0.10494671001507033,0.12250445248945704
score,35.0,40.0,40.0,50.0,normal,0.5774619436980981,0.17602938451467628,171
fp_score,35.0,40.0,40.0,50.0,normal,0.08602807618519093,0.1200117228569292,1645
fp_rate,35.0,40.0,40.0,50.0,poisson,0.2315270935960591,1645,
miss_detection,35.0,40.0,50.0,60.0,constant,0.45614035087719296,,
distal,35.0,40.0,50.0,60.0,normal,0.0,0.12281394561216787,0.17883894707400305
perpendicular,35.0,40.0,50.0,60.0,normal,0.0,0.11095638050804407,0.15272565803009963
height,35.0,40.0,50.0,60.0,normal,0.0,0.08861387378344886,0.11412454468588676
yaw,35.0,40.0,50.0,60.0,normal,0.0,0.08056010002712043,0.08307475312697014
width,35.0,40.0,50.0,60.0,normal,0.0,0.2076201145127271,0.27081081559581144
length,35.0,40.0,50.0,60.0,normal,0.0,0.09225154341342558,0.18367060153715073
box_height,35.0,40.0,50.0,60.0,normal,0.0,0.10321571245782682,0.14748883631921583
score,35.0,40.0,50.0,60.0,normal,0.5110125492417044,0.1941364724006824,114
fp_score,35.0,40.0,50.0,60.0,normal,0.07012832194167683,0.0841741871022373,1419
fp_rate,35.0,40.0,50.0,60.0,poisson,0.19971850809289232,1419,
miss_detection,35.0,40.0,60.0,70.0,constant,0.2222222222222222,,
distal,35.0,40.0,60.0,70.0,normal,0.0,0.1300557667254554,0.16888002545683298
perpendicular,35.0,40.0,60.0,70.0,normal,0.0,0.10960761209437658,0.13478785755705758
height,35.0,40.0,60.0,70.0,normal,0.0,0.09705913209185159,0.1031188957102887
yaw,35.0,40.0,60.0,70.0,normal,0.0,0.06249241791948299,0.06695677432873866
width,35.0,40.0,60.0,70.0,normal,0.0,0.182088772213689,0.2241954927320604
length,35.0,40.0,60.0,70.0,normal,0.0,0.13361827827556716,0.15612221228611933
box_height,35.0,40.0,60.0,70.0,normal,0.0,0.08458035957970175,0.1599490131650652
score,35.0,40.0,60.0,70.0,normal,0.581636509144461,0.1504653273645352,99
fp_score,35.0,40.0,60.0,70.0,normal,0.06405827268906983,0.06427530807129299,1312
fp_rate,35.0,40.0,60.0,70.0,poisson,0.18465869106263194,1312,
miss_detection,35.0,40.0,70.0,80.0,constant,0.6551724137931034,,
distal,35.0,40.0,70.0,80.0,normal,0.0,0.12802560935238763,0.17904965262104314
perpendicular,35.0,40.0,70.0,80.0,normal,0.0,0.07766346968870805,0.10786449249792081
height,35.0,40.0,70.0,80.0,normal,0.0,0.08845649931538917,0.13403424223264057
yaw,35.0,40.0,70.0,80.0,normal,0.0,0.05658696602438657,0.0700520639483025
width,35.0,40.0,70.0,80.0,normal,0.0,0.28617150989658763,0.32978280385335285
length,35.0,40.0,70.0,80.0,normal,0.0,0.11786968149740483,0.24643659989039104
box_height,35.0,40.0,70.0,80.0,normal,0.0,0.16835280639993777,0.21303086678187053
score,35.0,40.0,70.0,80.0,normal,0.43680018112063407,0.2164600051988292,87
fp_score,35.0,40.0,70.0,80.0,normal,0.062368656361329454,0.06181089284233043,803
fp_rate,35.0,40.0,70.0,80.0,poisson,0.11301900070372976,803,
miss_detection,35.0,40.0,80.0,90.0,constant,0.5384615384615384,,
distal,35.0,40.0,80.0,90.0,normal,0.0,0.18780931157742697,0.2939625910563661
perpendicular,35.0,40.0,80.0,90.0,normal,0.0,0.1329862635126796,0.13162777697413577
height,35.0,40.0,80.0,90.0,normal,0.0,0.08905931940319597,0.12593421836694083
yaw,35.0,40.0,80.0,90.0,normal,0.0,0.055403929405634524,0.08831933736834079
width,35.0,40.0,80.0,90.0,normal,0.0,0.24858894733144288,0.4369681676228841
length,35.0,40.0,80.0,90.0,normal,0.0,0.14483498520929755,0.2454143613576889
box_height,35.0,40.0,80.0,90.0,normal,0.0,0.15492998593126425,0.19843978683153787
score,35.0,40.0,80.0,90.0,normal,0.41326459776610136,0.16949766884712397,52
fp_score,35.0,40.0,80.0,90.0,normal,0.06507086612100865,0.0675979719925815,569
fp_rate,35.0,40.0,80.0,90.0,poisson,0.0800844475721323,569,
miss_detection,35.0,40.0,90.0,100.0,constant,0.75,,
distal,35.0,40.0,90.0,100.0,normal,0.0,0.16475200310311447,0.22717091940624884
perpendicular,35.0,40.0,90.0,100.0,normal,0.0,0.11305347321987905,0.11515565050761034
height,35.0,40.0,90.0,100.0,normal,0.0,0.09327058419845989,0.1381926417350769
yaw,35.0,40.0,90.0,100.0,normal,0.0,0.09112949562541026,0.11288686007182243
width,35.0,40.0,90.0,100.0,normal,0.0,0.20553619960369848,0.34316895008087156
length,35.0,40.0,90.0,100.0,normal,0.0,0.1394906558762862,0.17360910773277283
box_height,35.0,40.0,90.0,100.0,normal,0.0,0.12576264998487602,0.20994604825973512
score,35.0,40.0,90.0,100.0,normal,0.3871235094964504,0.0938946646832261,80
fp_score,35.0,40.0,90.0,100.0,normal,0.07107037905609764,0.06800959665980923,609
fp_rate,35.0,40.0,90.0,100.0,poisson,0.08571428571428572,609,
miss_detection,35.0,40.0,100.0,110.0,constant,0.3723404255319149,,
distal,35.0,40.0,100.0,110.0,normal,0.0,0.16400140970289498,0.22405484033266754
perpendicular,35.0,40.0,100.0,110.0,normal,0.0,0.1054640356971784,0.14209337577888487
height,35.0,40.0,100.0,110.0,normal,0.0,0.08099840793148337,0.12406878754244012
yaw,35.0,40.0,100.0,110.0,normal,0.0,0.06899830956688646,0.07976785972208648
width,35.0,40.0,100.0,110.0,normal,0.0,0.1628392539166903,0.2967356180740615
length,35.0,40.0,100.0,110.0,normal,0.0,0.13873827173996275,0.16931619684574967
box_height,35.0,40.0,100.0,110.0,normal,0.0,0.1242175182252067,0.1847716529490584
score,35.0,40.0,100.0,110.0,normal,0.49664970803058756,0.13386380635300948,94
fp_score,35.0,40.0,100.0,110.0,normal,0.08102573680105381,0.09641433100612935,793
fp_rate,35.0,40.0,100.0,110.0,poisson,0.11161154116819141,793,
miss_detection,35.0,40.0,110.0,120.0,constant,0.17328519855595667,,
distal,35.0,40.0,110.0,120.0,normal,0.0,0.1501385204072234,0.14507111205557716
perpendicular,35.0,40.0,110.0,120.0,normal,0.0,0.09531590726411542,0.11447194692246124
height,35.0,40.0,110.0,120.0,normal,0.0,0.07001693346364261,0.07113240340391101
yaw,35.0,40.0,110.0,120.0,normal,0.0,0.06865129990332984,0.058092969289010664
width,35.0,40.0,110.0,120.0,normal,0.0,0.15470329429491644,0.3645416034881725
length,35.0,40.0,110.0,120.0,normal,0.0,0.08391394123289073,0.13840805078698037
box_height,35.0,40.0,110.0,120.0,normal,0.0,0.09717452555395302,0.13166571756637774
score,35.0,40.0,110.0,120.0,normal,0.48170892552647526,0.14084134503104875,277
fp_score,35.0,40.0,110.0,120.0,normal,0.08159729842107241,0.08856860628240204,1047
fp_rate,35.0,40.0,110.0,120.0,poisson,0.1473610133708656,1047,
miss_detection,35.0,40.0,120.0,130.0,constant,0.26704545454545453,,
distal,35.0,40.0,120.0,130.0,normal,0.0,0.10593910282799057,0.1467456802131662
perpendicular,35.0,40.0,120.0,130.0,normal,0.0,0.1644613114410653,0.31014827872370987
height,35.0,40.0,120.0,130.0,normal,0.0,0.07904350736064474,0.08757126331329346
yaw,35.0,40.0,120.0,130.0,normal,0.0,0.06614198509475341,0.12449187554046837
width,35.0,40.0,120.0,130.0,normal,0.0,0.24501144350723947,0.49207013891648876
length,35.0,40.0,120.0,130.0,normal,0.0,0.09404508795777301,0.08190466267193934
box_height,35.0,40.0,120.0,130.0,normal,0.0,0.0717780731707468,0.14321825855462125
score,35.0,40.0,120.0,130.0,normal,0.4793869650872179,0.1178284551437632,176
fp_score,35.0,40.0,120.0,130.0,normal,0.07989434662855383,0.08729483307274831,1157
fp_rate,35.0,40.0,120.0,130.0,poisson,0.16284306826178746,1157,
miss_detection,35.0,40.0,130.0,140.0,constant,0.4925373134328358,,
distal,35.0,40.0,130.0,140.0,normal,0.0,0.12698916030135055,0.16566352321663091
perpendicular,35.0,40.0,130.0,140.0,normal,0.0,0.1417085877367199,0.17575537756624554
height,35.0,40.0,130.0,140.0,normal,0.0,0.09158031911244932,0.11321832677897285
yaw,35.0,40.0,130.0,140.0,normal,0.0,0.055386501956692945,0.07536036927726145
width,35.0,40.0,130.0,140.0,normal,0.0,0.2988160938684097,0.37844021180096793
length,35.0,40.0,130.0,140.0,normal,0.0,0.14614506325215307,0.17849301590639002
box_height,35.0,40.0,130.0,140.0,normal,0.0,0.08994647643811844,0.1233341378324172
score,35.0,40.0,130.0,140.0,normal,0.5600408778032836,0.17567165075281432,134
fp_score,35.0,40.0,130.0,140.0,normal,0.07704446037630293,0.08515199697774264,1122
fp_rate,35.0,40.0,130.0,140.0,poisson,0.15791695988740323,1122,
miss_detection,35.0,40.0,140.0,150.0,constant,0.33557046979865773,,
distal,35.0,40.0,140.0,150.0,normal,0.0,0.1377252506521821,0.16484318507768625
perpendicular,35.0,40.0,140.0,150.0,normal,0.0,0.12087816994102422,0.1486474327308988
height,35.0,40.0,140.0,150.0,normal,0.0,0.09340158279592553,0.12042629357540247
yaw,35.0,40.0,140.0,150.0,normal,0.0,0.0655251499684418,0.06418808351560129
width,35.0,40.0,140.0,150.0,normal,0.0,0.24076100717553053,0.3622069527404477
length,35.0,40.0,140.0,150.0,normal,0.0,0.12405410364870169,0.17239096309199478
box_height,35.0,40.0,140.0,150.0,normal,0.0,0.1189329369047634,0.16411609601492833
score,35.0,40.0,140.0,150.0,normal,0.5879615677727593,0.15979653600243687,149
fp_score,35.0,40.0,140.0,150.0,normal,0.08987404519986922,0.10439934020624003,1295
fp_rate,35.0,40.0,140.0,150.0,poisson,0.18226600985221675,1295,
miss_detection,35.0,40.0,150.0,160.0,constant,0.34134615384615385,,
distal,35.0,40.0,150.0,160.0,normal,0.0,0.12330831423323128,0.15513228513778624
perpendicular,35.0,40.0,150.0,160.0,normal,0.0,0.0955271670477862,0.12884349018504102
height,35.0,40.0,150.0,160.0,normal,0.0,0.07820844224838919,0.10797716013706514
yaw,35.0,40.0,150.0,160.0,normal,0.0,0.06103522171746754,0.05538852111038714
width,35.0,40.0,150.0,160.0,normal,0.0,0.21620992344332057,0.28252209886147156
length,35.0,40.0,150.0,160.0,normal,0.0,0.0999618472533348,0.13319996760709443
box_height,35.0,40.0,150.0,160.0,normal,0.0,0.09401367056628646,0.13121412009218314
score,35.0,40.0,150.0,160.0,normal,0.6320500656092254,0.17276404776943263,208
fp_score,35.0,40.0,150.0,160.0,normal,0.08363755227485468,0.0917217858438576,1374
fp_rate,35.0,40.0,150.0,160.0,poisson,0.19338494018296973,1374,
miss_detection,35.0,40.0,160.0,170.0,constant,0.07939508506616257,,
distal,35.0,40.0,160.0,170.0,normal,0.0,0.12848071477698164,0.15660415074939102
perpendicular,35.0,40.0,160.0,170.0,normal,0.0,0.07644103339327683,0.10615546315684744
height,35.0,40.0,160.0,170.0,normal,0.0,0.06830599514114026,0.09022159840781586
yaw,35.0,40.0,160.0,170.0,normal,0.0,0.04264058350722392,0.04300529055575192
width,35.0,40.0,160.0,170.0,normal,0.0,0.20766219202803554,0.30665624704693867
length,35.0,40.0,160.0,170.0,normal,0.0,0.11885388923528449,0.16219787455682147
box_height,35.0,40.0,160.0,170.0,normal,0.0,0.08957240219932937,0.10012379417184442
score,35.0,40.0,160.0,170.0,normal,0.6701083855982679,0.12494395520506336,529
fp_score,35.0,40.0,160.0,170.0,normal,0.07028888862154596,0.08901888217115933,1506
fp_rate,35.0,40.0,160.0,170.0,poisson,0.211963406052076,1506,
miss_detection,35.0,40.0,170.0,180.0,constant,0.08299866131191433,,
distal,35.0,40.0,170.0,180.0,normal,0.0,0.16314756422000312,0.200645795013198
perpendicular,35.0,40.0,170.0,180.0,normal,0.0,0.07423249161727467,0.09639399718115245
height,35.0,40.0,170.0,180.0,normal,0.0,0.07612999615981281,0.09848531719541898
yaw,35.0,40.0,170.0,180.0,normal,0.0,0.11401789187441375,0.07471278845124327
width,35.0,40.0,170.0,180.0,normal,0.0,0.31835728287135834,0.3895875704549525
length,35.0,40.0,170.0,180.0,normal,0.0,0.28049074365473586,0.14462524730793752
box_height,35.0,40.0,170.0,180.0,normal,0.0,0.13030863399155304,0.15357911812998082
score,35.0,40.0,170.0,180.0,normal,0.689287662527857,0.11950662474107196,747
fp_score,35.0,40.0,170.0,180.0,normal,0.09381000785106533,0.13789352744207597,1437
fp_rate,35.0,40.0,170.0,180.0,poisson,0.20225193525686136,1437,
miss_detection,40.0,45.0,-180.0,-170.0,constant,0.143184421534937,,
distal,40.0,45.0,-180.0,-170.0,normal,0.0,0.19589753552083375,0.2165236121346834
perpendicular,40.0,45.0,-180.0,-170.0,normal,0.0,0.07215251803874978,0.09324198575414543
height,40.0,45.0,-180.0,-170.0,normal,0.0,0.07259885715949044,0.09136989003515499
yaw,40.0,45.0,-180.0,-170.0,normal,0.0,0.050097903420272344,0.06644149334690591
width,40.0,45.0,-180.0,-170.0,normal,0.0,0.32192677215985943,0.3637830752102449
length,40.0,45.0,-180.0,-170.0,normal,0.0,0.13641114164227255,0.18832758148723744
box_height,40.0,45.0,-180.0,-170.0,normal,0.0,0.11661012494425291,0.12999782029957696
score,40.0,45.0,-180.0,-170.0,normal,0.6506579358549042,0.1218170987265946,873
fp_score,40.0,45.0,-180.0,-170.0,normal,0.11118589436479621,0.1371970757200699,1746
fp_rate,40.0,45.0,-180.0,-170.0,poisson,0.24574243490499648,1746,
miss_detection,40.0,45.0,-170.0,-160.0,constant,0.2222222222222222,,
distal,40.0,45.0,-170.0,-160.0,normal,0.0,0.13336827284158506,0.1891500074469926
perpendicular,40.0,45.0,-170.0,-160.0,normal,0.0,0.14502164471137835,0.14259330436352238
height,40.0,45.0,-170.0,-160.0,normal,0.0,0.06696290845082933,0.09723363071680069
yaw,40.0,45.0,-170.0,-160.0,normal,0.0,0.05713857147770138,0.06826044924577358
width,40.0,45.0,-170.0,-160.0,normal,0.0,0.3029218261487391,0.3353595605918339
length,40.0,45.0,-170.0,-160.0,normal,0.0,0.16158720174262328,0.1604610032268933
box_height,40.0,45.0,-170.0,-160.0,normal,0.0,0.14549761531575314,0.15428018144198827
score,40.0,45.0,-170.0,-160.0,normal,0.5233559319749475,0.2012645638870457,144
fp_score,40.0,45.0,-170.0,-160.0,normal,0.07273783951886277,0.07775261985766355,2807
fp_rate,40.0,45.0,-170.0,-160.0,poisson,0.39507389162561574,2807,
miss_detection,40.0,45.0,-160.0,-150.0,constant,0.3492063492063492,,
distal,40.0,45.0,-160.0,-150.0,normal,0.0,0.13616055189519782,0.15922899876814714
perpendicular,40.0,45.0,-160.0,-150.0,normal,0.0,0.22255764100036943,0.20159535021601813
height,40.0,45.0,-160.0,-150.0,normal,0.0,0.057734992722718585,0.07934086787991407
yaw,40.0,45.0,-160.0,-150.0,normal,0.0,0.06659524782049274,0.0863467335625914
width,40.0,45.0,-160.0,-150.0,normal,0.0,0.22218480217841244,0.31176279812324337
length,40.0,45.0,-160.0,-150.0,normal,0.0,0.15908952692761344,0.26805724167242284
box_height,40.0,45.0,-160.0,-150.0,normal,0.0,0.09241155433640537,0.11528275652629573
score,40.0,45.0,-160.0,-150.0,normal,0.5160978381953588,0.17479144005942424,63
fp_score,40.0,45.0,-160.0,-150.0,normal,0.066398702705228,0.05844698588312545,3105
fp_rate,40.0,45.0,-160.0,-150.0,poisson,0.4370161857846587,3105,
miss_detection,40.0,45.0,-150.0,-140.0,constant,0.6,,
distal,40.0,45.0,-150.0,-140.0,normal,0.0,0.11812652723354189,0.21195641140502985
perpendicular,40.0,45.0,-150.0,-140.0,normal,0.0,0.17699758786654632,0.183784672307175
height,40.0,45.0,-150.0,-140.0,normal,0.0,0.07229442856959586,0.18494133278727531
yaw,40.0,45.0,-150.0,-140.0,normal,0.0,0.04204472739354224,0.0716264823441759
width,40.0,45.0,-150.0,-140.0,normal,0.0,0.18924528005284416,0.25616195797920227
length,40.0,45.0,-150.0,-140.0,normal,0.0,0.115114821647127,0.1294492408633232
box_height,40.0,45.0,-150.0,-140.0,normal,0.0,0.12576092858199156,0.19012617319822311
score,40.0,45.0,-150.0,-140.0,normal,0.5084314234554768,0.12793985826551885,40
fp_score,40.0,45.0,-150.0,-140.0,normal,0.06699010551721307,0.06541140118791881,3318
fp_rate,40.0,45.0,-150.0,-140.0,poisson,0.4669950738916256,3318,
miss_detection,40.0,45.0,-140.0,-130.0,constant,0.4727272727272727,,
distal,40.0,45.0,-140.0,-130.0,normal,0.0,0.11354884130875216,0.23074202941501254
perpendicular,40.0,45.0,-140.0,-130.0,normal,0.0,0.10978862051335846,0.1667545468328338
height,40.0,45.0,-140.0,-130.0,normal,0.0,0.10103024033414731,0.15097928047180176
yaw,40.0,45.0,-140.0,-130.0,normal,0.0,0.04737416799220087,0.06364417946486439
width,40.0,45.0,-140.0,-130.0,normal,0.0,0.286569230225091,0.5038404546934983
length,40.0,45.0,-140.0,-130.0,normal,0.0,0.2224810154171022,0.27997520463220005
box_height,40.0,45.0,-140.0,-130.0,normal,0.0,0.10339380695080158,0.14677564029035897
score,40.0,45.0,-140.0,-130.0,normal,0.5687997808744167,0.14990323758824456,55
fp_score,40.0,45.0,-140.0,-130.0,normal,0.06285985945845045,0.06458981595370324,2538
fp_rate,40.0,45.0,-140.0,-130.0,poisson,0.3572132301196341,2538,
miss_detection,40.0,45.0,-130.0,-120.0,constant,0.6764705882352942,,
distal,40.0,45.0,-130.0,-120.0,normal,0.0,0.23796020524206682,0.32648594169141615
perpendicular,40.0,45.0,-130.0,-120.0,normal,0.0,0.17997719187377023,0.2507519582625735
height,40.0,45.0,-130.0,-120.0,normal,0.0,0.10735884052038719,0.11564920165322044
yaw,40.0,45.0,-130.0,-120.0,normal,0.0,0.10278003655152446,0.11632168112439006
width,40.0,45.0,-130.0,-120.0,normal,0.0,0.2510961333976152,0.21285111253911798
length,40.0,45.0,-130.0,-120.0,normal,0.0,0.14300853430748936,0.19745873321186413
box_height,40.0,45.0,-130.0,-120.0,normal,0.0,0.111224051931917,0.13314525105736472
score,40.0,45.0,-130.0,-120.0,normal,0.5356266159902919,0.1612451042755425,68
fp_score,40.0,45.0,-130.0,-120.0,normal,0.05918122750699563,0.06582721463215428,2766
fp_rate,40.0,45.0,-130.0,-120.0,poisson,0.3893033075299085,2766,
miss_detection,40.0,45.0,-120.0,-110.0,constant,0.7636363636363637,,
distal,40.0,45.0,-120.0,-110.0,normal,0.0,0.19123238437199586,0.2809436169239816
perpendicular,40.0,45.0,-120.0,-110.0,normal,0.0,0.1375756313726578,0.16310658316128485
height,40.0,45.0,-120.0,-110.0,normal,0.0,0.11141861467414851,0.15588646210156953
yaw,40.0,45.0,-120.0,-110.0,normal,0.0,0.05336322061006167,0.0735469149113268
width,40.0,45.0,-120.0,-110.0,normal,0.0,0.3251831050820732,0.3644748100867638
length,40.0,45.0,-120.0,-110.0,normal,0.0,0.06805880137277526,0.17273662182000968
box_height,40.0,45.0,-120.0,-110.0,normal,0.0,0.11305855147571416,0.11644772841380192
score,40.0,45.0,-120.0,-110.0,normal,0.461071463731619,0.15587033996140487,110
fp_score,40.0,45.0,-120.0,-110.0,normal,0.05875981746316709,0.06381528112452778,792
fp_rate,40.0,45.0,-120.0,-110.0,poisson,0.11147079521463758,792,
miss_detection,40.0,45.0,-110.0,-100.0,constant,1.0,,
fp_score,40.0,45.0,-110.0,-100.0,normal,0.03989122547209263,0.012792734895060932,15
fp_rate,40.0,45.0,-110.0,-100.0,poisson,0.00211118930330753,15,
miss_detection,40.0,45.0,-100.0,-90.0,constant,1.0,,
fp_rate,40.0,45.0,-100.0,-90.0,poisson,0.0,0,
miss_detection,40.0,45.0,-90.0,-80.0,constant,1.0,,
fp_rate,40.0,45.0,-90.0,-80.0,poisson,0.0,0,
miss_detection,40.0,45.0,-80.0,-70.0,constant,0.9875,,
fp_score,40.0,45.0,-80.0,-70.0,normal,0.0909049076338609,0.09070663687694006,18
fp_rate,40.0,45.0,-80.0,-70.0,poisson,0.002533427163969036,18,
miss_detection,40.0,45.0,-70.0,-60.0,constant,0.9393939393939394,,
distal,40.0,45.0,-70.0,-60.0,normal,0.0,0.03824000994935662,0.09073938894709525
perpendicular,40.0,45.0,-70.0,-60.0,normal,0.0,0.056873003558077354,0.06576962930873137
height,40.0,45.0,-70.0,-60.0,normal,0.0,0.05306031139794398,0.20728503167629242
yaw,40.0,45.0,-70.0,-60.0,normal,0.0,0.044194507167836274,0.09726753036246993
width,40.0,45.0,-70.0,-60.0,normal,0.0,0.3187910982069125,0.4636164903640747
length,40.0,45.0,-70.0,-60.0,normal,0.0,0.1931186325378984,0.23084256052970886
box_height,40.0,45.0,-70.0,-60.0,normal,0.0,0.07858965298082295,0.12602385878562927
score,40.0,45.0,-70.0,-60.0,normal,0.6498377472162247,0.06001947078949582,66
fp_score,40.0,45.0,-70.0,-60.0,normal,0.056569043645969014,0.06639745640137483,865
fp_rate,40.0,45.0,-70.0,-60.0,poisson,0.12174524982406756,865,
miss_detection,40.0,45.0,-60.0,-50.0,constant,0.47058823529411764,,
distal,40.0,45.0,-60.0,-50.0,normal,0.0,0.10892270192610552,0.1460587625041272
perpendicular,40.0,45.0,-60.0,-50.0,normal,0.0,0.12536630992878026,0.17348509269067064
height,40.0,45.0,-60.0,-50.0,normal,0.0,0.09235203550219176,0.11988076070944469
yaw,40.0,45.0,-60.0,-50.0,normal,0.0,0.08700418118617113,0.08624690718687529
width,40.0,45.0,-60.0,-50.0,normal,0.0,0.3122314569564897,0.34329137537214494
length,40.0,45.0,-60.0,-50.0,normal,0.0,0.15772827970229553,0.24394293626149496
box_height,40.0,45.0,-60.0,-50.0,normal,0.0,0.08979434334749826,0.1150444249312083
score,40.0,45.0,-60.0,-50.0,normal,0.5657210068570243,0.1268789305237982,68
fp_score,40.0,45.0,-60.0,-50.0,normal,0.061799374748618234,0.0719330797540604,2896
fp_rate,40.0,45.0,-60.0,-50.0,poisson,0.40760028149190713,2896,
miss_detection,40.0,45.0,-50.0,-40.0,constant,0.38636363636363635,,
distal,40.0,45.0,-50.0,-40.0,normal,0.0,0.15430650412418037,0.29085913745145137
perpendicular,40.0,45.0,-50.0,-40.0,normal,0.0,0.13648693130283773,0.17833443881489547
height,40.0,45.0,-50.0,-40.0,normal,0.0,0.06487026448074788,0.09257113712805289
yaw,40.0,45.0,-50.0,-40.0,normal,0.0,0.06839814392085969,0.09210012900986245
width,40.0,45.0,-50.0,-40.0,normal,0.0,0.1484660712053891,0.2752954871566207
length,40.0,45.0,-50.0,-40.0,normal,0.0,0.10044559153499577,0.20298141020315666
box_height,40.0,45.0,-50.0,-40.0,normal,0.0,0.09868866832704008,0.10414185788896349
score,40.0,45.0,-50.0,-40.0,normal,0.4868850788032567,0.1781560494544702,44
fp_score,40.0,45.0,-50.0,-40.0,normal,0.056893888079052615,0.0517462626634729,3085
fp_rate,40.0,45.0,-50.0,-40.0,poisson,0.434201266713582,3085,
miss_detection,40.0,45.0,-40.0,-30.0,constant,0.5625,,
distal,40.0,45.0,-40.0,-30.0,normal,0.0,0.1121653038426101,0.19215209381313375
perpendicular,40.0,45.0,-40.0,-30.0,normal,0.0,0.1358728148968114,0.1826302689471766
height,40.0,45.0,-40.0,-30.0,normal,0.0,0.07135671020823647,0.07863825559616089
yaw,40.0,45.0,-40.0,-30.0,normal,0.0,0.0635249026449367,0.07759592554500408
width,40.0,45.0,-40.0,-30.0,normal,0.0,0.24816050675210902,0.2792895351137434
length,40.0,45.0,-40.0,-30.0,normal,0.0,0.1270356150325176,0.18521287611552648
box_height,40.0,45.0,-40.0,-30.0,normal,0.0,0.08936907844401615,0.1599433422088623
score,40.0,45.0,-40.0,-30.0,normal,0.4765142894216946,0.14833715318564675,64
fp_score,40.0,45.0,-40.0,-30.0,normal,0.05994827407660622,0.057423611636503405,3262
fp_rate,40.0,45.0,-40.0,-30.0,poisson,0.45911330049261084,3262,
miss_detection,40.0,45.0,-30.0,-20.0,constant,0.5555555555555556,,
distal,40.0,45.0,-30.0,-20.0,normal,0.0,0.13243612413127792,0.17260284230804346
perpendicular,40.0,45.0,-30.0,-20.0,normal,0.0,0.17192013708672235,0.21374502492253306
height,40.0,45.0,-30.0,-20.0,normal,0.0,0.11133048875422817,0.14932507489408767
yaw,40.0,45.0,-30.0,-20.0,normal,0.0,0.038588032703597244,0.0677565844217651
width,40.0,45.0,-30.0,-20.0,normal,0.0,0.1662270287279022,0.2950059771537781
length,40.0,45.0,-30.0,-20.0,normal,0.0,0.11456634735436196,0.22345507144927979
box_height,40.0,45.0,-30.0,-20.0,normal,0.0,0.12434683712353964,0.1480952032974788
score,40.0,45.0,-30.0,-20.0,normal,0.4594909729702132,0.17943458562527195,63
fp_score,40.0,45.0,-30.0,-20.0,normal,0.06388711063156673,0.06414846178845796,2690
fp_rate,40.0,45.0,-30.0,-20.0,poisson,0.378606615059817,2690,
miss_detection,40.0,45.0,-20.0,-10.0,constant,0.6056338028169014,,
distal,40.0,45.0,-20.0,-10.0,normal,0.0,0.12230750844361192,0.2061402441402381
perpendicular,40.0,45.0,-20.0,-10.0,normal,0.0,0.13100989706637955,0.15601491467633316
height,40.0,45.0,-20.0,-10.0,normal,0.0,0.07771492542643699,0.09372591546603612
yaw,40.0,45.0,-20.0,-10.0,normal,0.0,0.03828238053453154,0.06346167598255674
width,40.0,45.0,-20.0,-10.0,normal,0.0,0.21070927608628287,0.26783918482916697
length,40.0,45.0,-20.0,-10.0,normal,0.0,0.10150914207003815,0.1412304171494075
box_height,40.0,45.0,-20.0,-10.0,normal,0.0,0.08357858925587298,0.1191508344241551
score,40.0,45.0,-20.0,-10.0,normal,0.52010377256998,0.17165258882430082,71
fp_score,40.0,45.0,-20.0,-10.0,normal,0.06426801626246585,0.06398048383054739,2760
fp_rate,40.0,45.0,-20.0,-10.0,poisson,0.3884588318085855,2760,
miss_detection,40.0,45.0,-10.0,0.0,constant,0.08158995815899582,,
distal,40.0,45.0,-10.0,0.0,normal,0.0,0.1796041283009865,0.23786366334279246
perpendicular,40.0,45.0,-10.0,0.0,normal,0.0,0.08135937046780277,0.09984743721685618
height,40.0,45.0,-10.0,0.0,normal,0.0,0.07044550701439321,0.08944722636685556
yaw,40.0,45.0,-10.0,0.0,normal,0.0,0.05360301770315345,0.0683991188308478
width,40.0,45.0,-10.0,0.0,normal,0.0,0.35057655567888496,0.37211193582191554
length,40.0,45.0,-10.0,0.0,normal,0.0,0.11609234367084857,0.11901991839832489
box_height,40.0,45.0,-10.0,0.0,normal,0.0,0.10493561366014612,0.11554687631428921
score,40.0,45.0,-10.0,0.0,normal,0.6088003218852849,0.13313600385346525,478
fp_score,40.0,45.0,-10.0,0.0,normal,0.09226109038420882,0.12242046836596172,1671
fp_rate,40.0,45.0,-10.0,0.0,poisson,0.23518648838845882,1671,
miss_detection,40.0,45.0,0.0,10.0,constant,0.1802252816020025,,
distal,40.0,45.0,0.0,10.0,normal,0.0,0.1707469068491439,0.2185904682145397
perpendicular,40.0,45.0,0.0,10.0,normal,0.0,0.07996041391118407,0.09978391135328749
height,40.0,45.0,0.0,10.0,normal,0.0,0.07898598569819666,0.09409765168910718
yaw,40.0,45.0,0.0,10.0,normal,0.0,0.0944178600993976,0.0694996895798288
width,40.0,45.0,0.0,10.0,normal,0.0,0.31403767760803625,0.4099325831609828
length,40.0,45.0,0.0,10.0,normal,0.0,0.1774533751298244,0.13897046951847222
box_height,40.0,45.0,0.0,10.0,normal,0.0,0.11592004711191822,0.13982926488832664
score,40.0,45.0,0.0,10.0,normal,0.6186598751381154,0.13074489628715227,799
fp_score,40.0,45.0,0.0,10.0,normal,0.1102634065111658,0.14798120010250906,2652
fp_rate,40.0,45.0,0.0,10.0,poisson,0.3732582688247713,2652,
miss_detection,40.0,45.0,10.0,20.0,constant,0.13377926421404682,,
distal,40.0,45.0,10.0,20.0,normal,0.0,0.13391420297465917,0.16333007092126992
perpendicular,40.0,45.0,10.0,20.0,normal,0.0,0.07992608127520613,0.10377261070737494
height,40.0,45.0,10.0,20.0,normal,0.0,0.0778113711892951,0.09517122764845153
yaw,40.0,45.0,10.0,20.0,normal,0.0,0.03573763883681597,0.04485685350653828
width,40.0,45.0,10.0,20.0,normal,0.0,0.21998272958644915,0.2808056163051414
length,40.0,45.0,10.0,20.0,normal,0.0,0.13183654524777091,0.1580771424135186
box_height,40.0,45.0,10.0,20.0,normal,0.0,0.12618654531730705,0.13043714536202922
score,40.0,45.0,10.0,20.0,normal,0.622350492647716,0.13428834028317801,299
fp_score,40.0,45.0,10.0,20.0,normal,0.06512475091816358,0.0794399484150131,2624
fp_rate,40.0,45.0,10.0,20.0,poisson,0.3693173821252639,2624,
miss_detection,40.0,45.0,20.0,30.0,constant,0.21243523316062177,,
distal,40.0,45.0,20.0,30.0,normal,0.0,0.1470079974894191,0.20716601691708178
perpendicular,40.0,45.0,20.0,30.0,normal,0.0,0.0961820193652593,0.10610042521322081
height,40.0,45.0,20.0,30.0,normal,0.0,0.07597718654834483,0.11910433439831984
yaw,40.0,45.0,20.0,30.0,normal,0.0,0.05470401727564772,0.06175972645016495
width,40.0,45.0,20.0,30.0,normal,0.0,0.2161435393389808,0.3030094771008742
length,40.0,45.0,20.0,30.0,normal,0.0,0.10593747063421736,0.14249604705132937
box_height,40.0,45.0,20.0,30.0,normal,0.0,0.1130628627402928,0.13784892778647573
score,40.0,45.0,20.0,30.0,normal,0.5999938602020082,0.16010172907350403,193
fp_score,40.0,45.0,20.0,30.0,normal,0.07345259886057771,0.08503293262252291,2123
fp_rate,40.0,45.0,20.0,30.0,poisson,0.2988036593947924,2123,
miss_detection,40.0,45.0,30.0,40.0,constant,0.344,,
distal,40.0,45.0,30.0,40.0,normal,0.0,0.15223353958339364,0.18781675725213504
perpendicular,40.0,45.0,30.0,40.0,normal,0.0,0.10882774497423409,0.1279308497275212
height,40.0,45.0,30.0,40.0,normal,0.0,0.08573738435697734,0.11714730320907221
yaw,40.0,45.0,30.0,40.0,normal,0.0,0.05036736200377646,0.05534418108120498
width,40.0,45.0,30.0,40.0,normal,0.0,0.25266710837664935,0.2743986815941043
length,40.0,45.0,30.0,40.0,normal,0.0,0.1061054386378125,0.13485565127396001
box_height,40.0,45.0,30.0,40.0,normal,0.0,0.11776015481640688,0.15279736751463355
score,40.0,45.0,30.0,40.0,normal,0.6281214988813167,0.1456099189498709,125
fp_score,40.0,45.0,30.0,40.0,normal,0.06437568443004497,0.07391627357828946,2438
fp_rate,40.0,45.0,30.0,40.0,poisson,0.34313863476425055,2438,
miss_detection,40.0,45.0,40.0,50.0,constant,0.38028169014084506,,
distal,40.0,45.0,40.0,50.0,normal,0.0,0.13454561764730646,0.19402917660701274
perpendicular,40.0,45.0,40.0,50.0,normal,0.0,0.1689589751985845,0.18782483054976779
height,40.0,45.0,40.0,50.0,normal,0.0,0.07565739655146746,0.09006231210448525
yaw,40.0,45.0,40.0,50.0,normal,0.0,0.06939031318223877,0.07755959894104893
width,40.0,45.0,40.0,50.0,normal,0.0,0.213304186872625,0.2539733214811845
length,40.0,45.0,40.0,50.0,normal,0.0,0.08085228418909675,0.13589665293693542
box_height,40.0,45.0,40.0,50.0,normal,0.0,0.056200050151059326,0.09084975177591498
score,40.0,45.0,40.0,50.0,normal,0.5688199637965723,0.15228527834851543,71
fp_score,40.0,45.0,40.0,50.0,normal,0.06656184004178545,0.06963868188085823,2453
fp_rate,40.0,45.0,40.0,50.0,poisson,0.34524982406755805,2453,
miss_detection,40.0,45.0,50.0,60.0,constant,0.22916666666666666,,
distal,40.0,45.0,50.0,60.0,normal,0.0,0.0993323645409567,0.20550951154455593
perpendicular,40.0,45.0,50.0,60.0,normal,0.0,0.10087978824519472,0.10998451667081023
height,40.0,45.0,50.0,60.0,normal,0.0,0.09127826682976574,0.0940721566612656
yaw,40.0,45.0,50.0,60.0,normal,0.0,0.06421731063823267,0.08431055001889562
width,40.0,45.0,50.0,60.0,normal,0.0,0.21738527409839278,0.2360564695822226
length,40.0,45.0,50.0,60.0,normal,0.0,0.10290725341230002,0.13284628455703323
box_height,40.0,45.0,50.0,60.0,normal,0.0,0.09962436010357276,0.1129351644902616
score,40.0,45.0,50.0,60.0,normal,0.5517916514261348,0.11379680604577887,96
fp_score,40.0,45.0,50.0,60.0,normal,0.06981379938344237,0.07683259943498925,1295
fp_rate,40.0,45.0,50.0,60.0,poisson,0.18226600985221675,1295,
miss_detection,40.0,45.0,60.0,70.0,constant,0.9044585987261147,,
distal,40.0,45.0,60.0,70.0,normal,0.0,0.1982967894063898,0.34233693762413997
perpendicular,40.0,45.0,60.0,70.0,normal,0.0,0.15994452654519511,0.2058220515798112
height,40.0,45.0,60.0,70.0,normal,0.0,0.06505556265969492,0.08967963059743246
yaw,40.0,45.0,60.0,70.0,normal,0.0,0.10296073310528475,0.09892705334487176
width,40.0,45.0,60.0,70.0,normal,0.0,0.3333724192743706,0.42137180964152016
length,40.0,45.0,60.0,70.0,normal,0.0,0.1757617298820411,0.18328862984975178
box_height,40.0,45.0,60.0,70.0,normal,0.0,0.14166714025644972,0.16252257029215494
score,40.0,45.0,60.0,70.0,normal,0.4205421214302381,0.242063999518615,157
fp_score,40.0,45.0,60.0,70.0,normal,0.05643936556286467,0.04156359345011462,394
fp_rate,40.0,45.0,60.0,70.0,poisson,0.055453905700211116,394,
miss_detection,40.0,45.0,70.0,80.0,constant,1.0,,
fp_score,40.0,45.0,70.0,80.0,normal,0.08985704369843006,0.09687744322523535,11
fp_rate,40.0,45.0,70.0,80.0,poisson,0.0015482054890921886,11,
miss_detection,40.0,45.0,80.0,90.0,constant,1.0,,
fp_rate,40.0,45.0,80.0,90.0,poisson,0.0,0,
miss_detection,40.0,45.0,90.0,100.0,constant,1.0,,
fp_rate,40.0,45.0,90.0,100.0,poisson,0.0,0,
miss_detection,40.0,45.0,100.0,110.0,constant,1.0,,
fp_score,40.0,45.0,100.0,110.0,normal,0.24817692244855258,0.24337279977024562,13
fp_rate,40.0,45.0,100.0,110.0,poisson,0.0018296973961998593,13,
miss_detection,40.0,45.0,110.0,120.0,constant,0.926829268292683,,
distal,40.0,45.0,110.0,120.0,normal,0.0,0.1785997661374429,0.35271681207292344
perpendicular,40.0,45.0,110.0,120.0,normal,0.0,0.09880150019877493,0.1811996277418546
height,40.0,45.0,110.0,120.0,normal,0.0,0.04338484063433972,0.15723255276679993
yaw,40.0,45.0,110.0,120.0,normal,0.0,0.07055984954090877,0.1120352564595315
width,40.0,45.0,110.0,120.0,normal,0.0,0.1566377472123922,0.25295766194661456
length,40.0,45.0,110.0,120.0,normal,0.0,0.09779916998095908,0.18959126869837442
box_height,40.0,45.0,110.0,120.0,normal,0.0,0.15679035984833237,0.2823411822319031
score,40.0,45.0,110.0,120.0,normal,0.4018128452201684,0.2044804432472736,82
fp_score,40.0,45.0,110.0,120.0,normal,0.1017579017931111,0.12751644421055544,373
fp_rate,40.0,45.0,110.0,120.0,poisson,0.05249824067558058,373,
miss_detection,40.0,45.0,120.0,130.0,constant,0.5979381443298969,,
distal,40.0,45.0,120.0,130.0,normal,0.0,0.1508220003575873,0.24711079094756888
perpendicular,40.0,45.0,120.0,130.0,normal,0.0,0.10976938644015384,0.2075260992097899
height,40.0,45.0,120.0,130.0,normal,0.0,0.07833129827894228,0.11215377083191505
yaw,40.0,45.0,120.0,130.0,normal,0.0,0.08588301815614355,0.09901526754403123
width,40.0,45.0,120.0,130.0,normal,0.0,0.20782333033710854,0.245254424902109
length,40.0,45.0,120.0,130.0,normal,0.0,0.13348038475741758,0.21553985583476531
box_height,40.0,45.0,120.0,130.0,normal,0.0,0.14014607031076654,0.19239489237467447
score,40.0,45.0,120.0,130.0,normal,0.47882090031336516,0.16134053733631998,97
fp_score,40.0,45.0,120.0,130.0,normal,0.07151652585014591,0.07618528496405418,1771
fp_rate,40.0,45.0,120.0,130.0,poisson,0.24926108374384237,1771,
miss_detection,40.0,45.0,130.0,140.0,constant,0.6081081081081081,,
distal,40.0,45.0,130.0,140.0,normal,0.0,0.11064041622835143,0.1997640106102367
perpendicular,40.0,45.0,130.0,140.0,normal,0.0,0.09713890309440695,0.19144213460795276
height,40.0,45.0,130.0,140.0,normal,0.0,0.09007311905023095,0.10180677216628502
yaw,40.0,45.0,130.0,140.0,normal,0.0,0.0825444840000464,0.08962203626276684
width,40.0,45.0,130.0,140.0,normal,0.0,0.13976949191080756,0.22380584683911553
length,40.0,45.0,130.0,140.0,normal,0.0,0.08627222921760458,0.12649561207869958
box_height,40.0,45.0,130.0,140.0,normal,0.0,0.10658732683647117,0.16699050212728567
score,40.0,45.0,130.0,140.0,normal,0.5036959195959156,0.16071346029449404,74
fp_score,40.0,45.0,130.0,140.0,normal,0.07903762813308712,0.07915602533468154,1335
fp_rate,40.0,45.0,130.0,140.0,poisson,0.18789584799437017,1335,
miss_detection,40.0,45.0,140.0,150.0,constant,0.38461538461538464,,
distal,40.0,45.0,140.0,150.0,normal,0.0,0.14714166301514223,0.1538223407172198
perpendicular,40.0,45.0,140.0,150.0,normal,0.0,0.1431370789267095,0.16959660393623288
height,40.0,45.0,140.0,150.0,normal,0.0,0.10305393293741233,0.13040849659591913
yaw,40.0,45.0,140.0,150.0,normal,0.0,0.05988350239523206,0.06689430433644877
width,40.0,45.0,140.0,150.0,normal,0.0,0.25332646416957316,0.3171161934733391
length,40.0,45.0,140.0,150.0,normal,0.0,0.13658338907316822,0.18156513199210167
box_height,40.0,45.0,140.0,150.0,normal,0.0,0.09146918884095408,0.15220963396131992
score,40.0,45.0,140.0,150.0,normal,0.5732716151978821,0.15218034052537713,104
fp_score,40.0,45.0,140.0,150.0,normal,0.08081151803689343,0.08007837545142611,1575
fp_rate,40.0,45.0,140.0,150.0,poisson,0.22167487684729065,1575,
miss_detection,40.0,45.0,150.0,160.0,constant,0.49441340782122906,,
distal,40.0,45.0,150.0,160.0,normal,0.0,0.13935395393715885,0.20857739816885554
perpendicular,40.0,45.0,150.0,160.0,normal,0.0,0.17289173555535345,0.2104469389327659
height,40.0,45.0,150.0,160.0,normal,0.0,0.0797402359001268,0.12803921580973252
yaw,40.0,45.0,150.0,160.0,normal,0.0,0.06051164205119386,0.0672222981117718
width,40.0,45.0,150.0,160.0,normal,0.0,0.27437402832375646,0.36156864587773274
length,40.0,45.0,150.0,160.0,normal,0.0,0.09239216711471025,0.1363898081015487
box_height,40.0,45.0,150.0,160.0,normal,0.0,0.16660060511250602,0.25097585383041127
score,40.0,45.0,150.0,160.0,normal,0.5196019565038259,0.19524218266658455,358
fp_score,40.0,45.0,150.0,160.0,normal,0.0971848385210121,0.11477204030509652,1934
fp_rate,40.0,45.0,150.0,160.0,poisson,0.2722026741731175,1934,
miss_detection,40.0,45.0,160.0,170.0,constant,0.17358490566037735,,
distal,40.0,45.0,160.0,170.0,normal,0.0,0.1652166745836936,0.18905371293181147
perpendicular,40.0,45.0,160.0,170.0,normal,0.0,0.0925422558718385,0.11817562799154788
height,40.0,45.0,160.0,170.0,normal,0.0,0.09456940935689696,0.11199174787355884
yaw,40.0,45.0,160.0,170.0,normal,0.0,0.05084062886608779,0.05228454813895944
width,40.0,45.0,160.0,170.0,normal,0.0,0.2707280170681892,0.28817102680467577
length,40.0,45.0,160.0,170.0,normal,0.0,0.09318415662936454,0.12129787440713682
box_height,40.0,45.0,160.0,170.0,normal,0.0,0.1364308581063461,0.17457931444525174
score,40.0,45.0,160.0,170.0,normal,0.6010157396872294,0.14531808377929958,265
fp_score,40.0,45.0,160.0,170.0,normal,0.07193628343259818,0.08879069934456932,2209
fp_rate,40.0,45.0,160.0,170.0,poisson,0.31090781140042223,2209,
miss_detection,40.0,45.0,170.0,180.0,constant,0.08978328173374613,,
distal,40.0,45.0,170.0,180.0,normal,0.0,0.1863578312021744,0.24776117285602348
perpendicular,40.0,45.0,170.0,180.0,normal,0.0,0.08699131903901938,0.10847798678310623
height,40.0,45.0,170.0,180.0,normal,0.0,0.07075167185039849,0.09453758810247694
yaw,40.0,45.0,170.0,180.0,normal,0.0,0.1332456028570536,0.07943519557609346
width,40.0,45.0,170.0,180.0,normal,0.0,0.35079908964117,0.4534486678181862
length,40.0,45.0,170.0,180.0,normal,0.0,0.3228177133221529,0.19543037426714993
box_height,40.0,45.0,170.0,180.0,normal,0.0,0.13089003758763532,0.16813586865152633
score,40.0,45.0,170.0,180.0,normal,0.6402160177374778,0.12338150512964555,646
fp_score,40.0,45.0,170.0,180.0,normal,0.09146202813537857,0.1270226382410795,2164
fp_rate,40.0,45.0,170.0,180.0,poisson,0.30457424349049966,2164,
miss_detection,45.0,50.0,-180.0,-170.0,constant,0.12746113989637306,,
distal,45.0,50.0,-180.0,-170.0,normal,0.0,0.1926640898134329,0.2279982304532287
perpendicular,45.0,50.0,-180.0,-170.0,normal,0.0,0.08287516623895301,0.11341263686267246
height,45.0,50.0,-180.0,-170.0,normal,0.0,0.08118812479130462,0.10233702257523344
yaw,45.0,50.0,-180.0,-170.0,normal,0.0,0.06876747470137982,0.08823154689829683
width,45.0,50.0,-180.0,-170.0,normal,0.0,0.34205411109013434,0.396588433666637
length,45.0,50.0,-180.0,-170.0,normal,0.0,0.14353206779132607,0.17702311716283586
box_height,45.0,50.0,-180.0,-170.0,normal,0.0,0.12635094910279457,0.15662845013543716
score,45.0,50.0,-180.0,-170.0,normal,0.6283071748779604,0.12129769541089622,965
fp_score,45.0,50.0,-180.0,-170.0,normal,0.11168526679581586,0.1432109282328505,2474
fp_rate,45.0,50.0,-180.0,-170.0,poisson,0.3482054890921886,2474,
miss_detection,45.0,50.0,-170.0,-160.0,constant,0.44036697247706424,,
distal,45.0,50.0,-170.0,-160.0,normal,0.0,0.12206093028102145,0.18405130594312075
perpendicular,45.0,50.0,-170.0,-160.0,normal,0.0,0.1948410483235931,0.14425666642752663
height,45.0,50.0,-170.0,-160.0,normal,0.0,0.06832122212587222,0.09216592253231612
yaw,45.0,50.0,-170.0,-160.0,normal,0.0,0.04340241559830881,0.05831003320172072
width,45.0,50.0,-170.0,-160.0,normal,0.0,0.22520848852427042,0.3286317684611336
length,45.0,50.0,-170.0,-160.0,normal,0.0,0.09919382421932746,0.12317276000976562
box_height,45.0,50.0,-170.0,-160.0,normal,0.0,0.09532247062413779,0.12513323103795287
score,45.0,50.0,-170.0,-160.0,normal,0.48540436390970576,0.16188017970310573,109
fp_score,45.0,50.0,-170.0,-160.0,normal,0.06899533981305911,0.06949390003180152,4354
fp_rate,45.0,50.0,-170.0,-160.0,poisson,0.6128078817733991,4354,
miss_detection,45.0,50.0,-160.0,-150.0,constant,0.40425531914893614,,
distal,45.0,50.0,-160.0,-150.0,normal,0.0,0.09897960228698333,0.12638134454036073
perpendicular,45.0,50.0,-160.0,-150.0,normal,0.0,0.15665112483148103,0.21768899590494542
height,45.0,50.0,-160.0,-150.0,normal,0.0,0.09349610691048535,0.15144049056938716
yaw,45.0,50.0,-160.0,-150.0,normal,0.0,0.07017937113192874,0.06685531267069791
width,45.0,50.0,-160.0,-150.0,normal,0.0,0.18661326937749695,0.2648184129170009
length,45.0,50.0,-160.0,-150.0,normal,0.0,0.168630847336227,0.27917313149997164
box_height,45.0,50.0,-160.0,-150.0,normal,0.0,0.08504539304718571,0.097747517483575
score,45.0,50.0,-160.0,-150.0,normal,0.5130958690174988,0.13862009234405467,47
fp_score,45.0,50.0,-160.0,-150.0,normal,0.06603939536034378,0.0632190660699008,3578
fp_rate,45.0,50.0,-160.0,-150.0,poisson,0.5035890218156228,3578,
miss_detection,45.0,50.0,-150.0,-140.0,constant,0.48717948717948717,,
distal,45.0,50.0,-150.0,-140.0,normal,0.0,0.13518326361767458,0.21723389545747404
perpendicular,45.0,50.0,-150.0,-140.0,normal,0.0,0.19967621463221666,0.2339338125382957
height,45.0,50.0,-150.0,-140.0,normal,0.0,0.10648948303645098,0.165819650888443
yaw,45.0,50.0,-150.0,-140.0,normal,0.0,0.04970528461367649,0.1091093424950735
width,45.0,50.0,-150.0,-140.0,normal,0.0,0.22046459562536544,0.3135889172554016
length,45.0,50.0,-150.0,-140.0,normal,0.0,0.16216657091063305,0.17732024192810059
box_height,45.0,50.0,-150.0,-140.0,normal,0.0,0.12312822840879886,0.17784785032272338
score,45.0,50.0,-150.0,-140.0,normal,0.45689737200737,0.12978842945877286,39
fp_score,45.0,50.0,-150.0,-140.0,normal,0.06326303804867188,0.059830876276692105,3437
fp_rate,45.0,50.0,-150.0,-140.0,poisson,0.483743842364532,3437,
miss_detection,45.0,50.0,-140.0,-130.0,constant,0.5263157894736842,,
distal,45.0,50.0,-140.0,-130.0,normal,0.0,0.12762848045406494,0.21266688941060735
perpendicular,45.0,50.0,-140.0,-130.0,normal,0.0,0.14816996665503424,0.21780956271659677
height,45.0,50.0,-140.0,-130.0,normal,0.0,0.11836191623165485,0.17193318958635684
yaw,45.0,50.0,-140.0,-130.0,normal,0.0,0.06587125987764386,0.08420874880578698
width,45.0,50.0,-140.0,-130.0,normal,0.0,0.2340195023599777,0.33453197832460757
length,45.0,50.0,-140.0,-130.0,normal,0.0,0.1744558435507001,0.25445039184005175
box_height,45.0,50.0,-140.0,-130.0,normal,0.0,0.093291991893685,0.138036017064695
score,45.0,50.0,-140.0,-130.0,normal,0.5919835004541609,0.13128775242587423,57
fp_score,45.0,50.0,-140.0,-130.0,normal,0.05887196539157435,0.05780438093569367,2731
fp_rate,45.0,50.0,-140.0,-130.0,poisson,0.38437719915552426,2731,
miss_detection,45.0,50.0,-130.0,-120.0,constant,0.775,,
distal,45.0,50.0,-130.0,-120.0,normal,0.0,0.20118095401527028,0.3639683113382956
perpendicular,45.0,50.0,-130.0,-120.0,normal,0.0,0.138365485500036,0.2907350088253802
height,45.0,50.0,-130.0,-120.0,normal,0.0,0.06694153245371245,0.0887297855483161
yaw,45.0,50.0,-130.0,-120.0,normal,0.0,0.057657599311229074,0.09887819289985503
width,45.0,50.0,-130.0,-120.0,normal,0.0,0.29208631454730655,0.45650821261935765
length,45.0,50.0,-130.0,-120.0,normal,0.0,0.1801974612272289,0.16306462552812365
box_height,45.0,50.0,-130.0,-120.0,normal,0.0,0.12360352405016574,0.1560039652718438
score,45.0,50.0,-130.0,-120.0,normal,0.6298127770423889,0.18006105916214918,40
fp_score,45.0,50.0,-130.0,-120.0,normal,0.05395792838984302,0.05028209333016987,700
fp_rate,45.0,50.0,-130.0,-120.0,poisson,0.09852216748768473,700,
miss_detection,45.0,50.0,-120.0,-110.0,constant,1.0,,
fp_rate,45.0,50.0,-120.0,-110.0,poisson,0.0,0,
miss_detection,45.0,50.0,-110.0,-100.0,constant,1.0,,
fp_rate,45.0,50.0,-110.0,-100.0,poisson,0.0,0,
miss_detection,45.0,50.0,-100.0,-90.0,constant,1.0,,
fp_rate,45.0,50.0,-100.0,-90.0,poisson,0.0,0,
miss_detection,45.0,50.0,-90.0,-80.0,constant,1.0,,
fp_rate,45.0,50.0,-90.0,-80.0,poisson,0.0,0,
miss_detection,45.0,50.0,-80.0,-70.0,constant,1.0,,
fp_rate,45.0,50.0,-80.0,-70.0,poisson,0.0,0,
miss_detection,45.0,50.0,-70.0,-60.0,constant,1.0,,
fp_rate,45.0,50.0,-70.0,-60.0,poisson,0.0,0,
miss_detection,45.0,50.0,-60.0,-50.0,constant,0.8461538461538461,,
distal,45.0,50.0,-60.0,-50.0,normal,0.0,0.0963526655785431,0.12760522154797857
perpendicular,45.0,50.0,-60.0,-50.0,normal,0.0,0.15144938678790604,0.22856153969890305
height,45.0,50.0,-60.0,-50.0,normal,0.0,0.11004051763294724,0.16776748498280844
yaw,45.0,50.0,-60.0,-50.0,normal,0.0,0.03964691142144224,0.09083998203277588
width,45.0,50.0,-60.0,-50.0,normal,0.0,0.15360671298701462,0.7020227114359537
length,45.0,50.0,-60.0,-50.0,normal,0.0,0.15563670704342084,0.21868977944056192
box_height,45.0,50.0,-60.0,-50.0,normal,0.0,0.053434352295871373,0.12606759866078696
score,45.0,50.0,-60.0,-50.0,normal,0.4730489253997803,0.1477574399945416,39
fp_score,45.0,50.0,-60.0,-50.0,normal,0.05411677559285958,0.052675556581692276,898
fp_rate,45.0,50.0,-60.0,-50.0,poisson,0.12638986629134413,898,
miss_detection,45.0,50.0,-50.0,-40.0,constant,0.5142857142857142,,
distal,45.0,50.0,-50.0,-40.0,normal,0.0,0.21722800106249193,0.23422331402358343
perpendicular,45.0,50.0,-50.0,-40.0,normal,0.0,0.1561578410798458,0.23002318101105945
height,45.0,50.0,-50.0,-40.0,normal,0.0,0.0636698365182914,0.13178213554270127
yaw,45.0,50.0,-50.0,-40.0,normal,0.0,0.08192600423536744,0.07697796026989616
width,45.0,50.0,-50.0,-40.0,normal,0.0,0.46237058444984114,0.4876404089086196
length,45.0,50.0,-50.0,-40.0,normal,0.0,0.16601610216676446,0.24037965606240666
box_height,45.0,50.0,-50.0,-40.0,normal,0.0,0.0855990418908271,0.12310578542597153
score,45.0,50.0,-50.0,-40.0,normal,0.5417876199764364,0.16427713269398483,35
fp_score,45.0,50.0,-50.0,-40.0,normal,0.05567634735129923,0.053292466223054114,3298
fp_rate,45.0,50.0,-50.0,-40.0,poisson,0.4641801548205489,3298,
miss_detection,45.0,50.0,-40.0,-30.0,constant,0.7272727272727273,,
distal,45.0,50.0,-40.0,-30.0,normal,0.0,0.09021679171984773,0.13633295930486103
perpendicular,45.0,50.0,-40.0,-30.0,normal,0.0,0.0694725273782017,0.11422690889052228
height,45.0,50.0,-40.0,-30.0,normal,0.0,0.03233056182777442,0.07823999722798665
yaw,45.0,50.0,-40.0,-30.0,normal,0.0,0.042868618796587724,0.05258379092864374
width,45.0,50.0,-40.0,-30.0,normal,0.0,0.28759948914163497,0.40610859129163956
length,45.0,50.0,-40.0,-30.0,normal,0.0,0.1951047703238799,0.27001844512091744
box_height,45.0,50.0,-40.0,-30.0,normal,0.0,0.09293374634260573,0.0867659780714247
score,45.0,50.0,-40.0,-30.0,normal,0.502681146065394,0.20440701934153652,33
fp_score,45.0,50.0,-40.0,-30.0,normal,0.055202588203951845,0.05397956427869737,3273
fp_rate,45.0,50.0,-40.0,-30.0,poisson,0.460661505981703,3273,
miss_detection,45.0,50.0,-30.0,-20.0,constant,0.7358490566037735,,
distal,45.0,50.0,-30.0,-20.0,normal,0.0,0.1344117556639602,0.1746445693661651
perpendicular,45.0,50.0,-30.0,-20.0,normal,0.0,0.11370100570530602,0.19264786442825907
height,45.0,50.0,-30.0,-20.0,normal,0.0,0.11864378749804658,0.21758481860160828
yaw,45.0,50.0,-30.0,-20.0,normal,0.0,0.058599378650084744,0.05897096103715782
width,45.0,50.0,-30.0,-20.0,normal,0.0,0.22069067163433514,0.4008511815752302
length,45.0,50.0,-30.0,-20.0,normal,0.0,0.08564392765243184,0.22550819601331437
box_height,45.0,50.0,-30.0,-20.0,normal,0.0,0.18862263235952972,0.22390162093298777
score,45.0,50.0,-30.0,-20.0,normal,0.41424235488687244,0.16076343079667618,53
fp_score,45.0,50.0,-30.0,-20.0,normal,0.06976409717864526,0.06988747992400922,3502
fp_rate,45.0,50.0,-30.0,-20.0,poisson,0.49289232934553134,3502,
miss_detection,45.0,50.0,-20.0,-10.0,constant,0.7101449275362319,,
distal,45.0,50.0,-20.0,-10.0,normal,0.0,0.1341771442369145,0.22474307209974995
perpendicular,45.0,50.0,-20.0,-10.0,normal,0.0,0.14877692739405154,0.1837740487449567
height,45.0,50.0,-20.0,-10.0,normal,0.0,0.08583522976586998,0.14730075597763062
yaw,45.0,50.0,-20.0,-10.0,normal,0.0,0.05439903345550425,0.07132388075166425
width,45.0,50.0,-20.0,-10.0,normal,0.0,0.22754922204055253,0.2639806032180786
length,45.0,50.0,-20.0,-10.0,normal,0.0,0.1685842235918663,0.1906599998474121
box_height,45.0,50.0,-20.0,-10.0,normal,0.0,0.06842343547920486,0.09853904247283936
score,45.0,50.0,-20.0,-10.0,normal,0.4214870912954211,0.1549593909734438,69
fp_score,45.0,50.0,-20.0,-10.0,normal,0.06456035185613547,0.062113907712763615,3608
fp_rate,45.0,50.0,-20.0,-10.0,poisson,0.5078114004222378,3608,
miss_detection,45.0,50.0,-10.0,0.0,constant,0.20952380952380953,,
distal,45.0,50.0,-10.0,0.0,normal,0.0,0.17040460306895228,0.22299536549633106
perpendicular,45.0,50.0,-10.0,0.0,normal,0.0,0.07665112815483033,0.10630144848578493
height,45.0,50.0,-10.0,0.0,normal,0.0,0.10743379508915347,0.12503675380385065
yaw,45.0,50.0,-10.0,0.0,normal,0.0,0.05737590681578016,0.06966075309165136
width,45.0,50.0,-10.0,0.0,normal,0.0,0.3378078973380419,0.35661376336492207
length,45.0,50.0,-10.0,0.0,normal,0.0,0.13502222891378524,0.15906532318237795
box_height,45.0,50.0,-10.0,0.0,normal,0.0,0.100494803334262,0.141993620309485
score,45.0,50.0,-10.0,0.0,normal,0.5430447666879639,0.12342622656298753,315
fp_score,45.0,50.0,-10.0,0.0,normal,0.08445716579740216,0.11391285380617452,2994
fp_rate,45.0,50.0,-10.0,0.0,poisson,0.42139338494018297,2994,
miss_detection,45.0,50.0,0.0,10.0,constant,0.1235632183908046,,
distal,45.0,50.0,0.0,10.0,normal,0.0,0.15256611456775293,0.17728228152718772
perpendicular,45.0,50.0,0.0,10.0,normal,0.0,0.08071138320394952,0.10434446620039116
height,45.0,50.0,0.0,10.0,normal,0.0,0.09412186003113626,0.12401618455928531
yaw,45.0,50.0,0.0,10.0,normal,0.0,0.05314306878321512,0.06301751115688946
width,45.0,50.0,0.0,10.0,normal,0.0,0.2588360228825619,0.3259294533338703
length,45.0,50.0,0.0,10.0,normal,0.0,0.09491810312705666,0.11582834420959806
box_height,45.0,50.0,0.0,10.0,normal,0.0,0.1143754023838371,0.12303606030719527
score,45.0,50.0,0.0,10.0,normal,0.6015584493595394,0.12316961826587537,1044
fp_score,45.0,50.0,0.0,10.0,normal,0.1012262135214944,0.13577144119599496,4386
fp_rate,45.0,50.0,0.0,10.0,poisson,0.6173117522871218,4386,
miss_detection,45.0,50.0,10.0,20.0,constant,0.12773722627737227,,
distal,45.0,50.0,10.0,20.0,normal,0.0,0.16811445716120024,0.19788038250935783
perpendicular,45.0,50.0,10.0,20.0,normal,0.0,0.09681944914253608,0.12110742278058494
height,45.0,50.0,10.0,20.0,normal,0.0,0.0908422653294439,0.12213780241531308
yaw,45.0,50.0,10.0,20.0,normal,0.0,0.05027095691499139,0.05699659979547997
width,45.0,50.0,10.0,20.0,normal,0.0,0.2724564612745123,0.30615303207142086
length,45.0,50.0,10.0,20.0,normal,0.0,0.12598881407744245,0.1513913829955097
box_height,45.0,50.0,10.0,20.0,normal,0.0,0.11233846799800179,0.1445274003878797
score,45.0,50.0,10.0,20.0,normal,0.5764636454098394,0.14091431214451108,274
fp_score,45.0,50.0,10.0,20.0,normal,0.0694423069139619,0.07809523552044366,3708
fp_rate,45.0,50.0,10.0,20.0,poisson,0.5218859957776214,3708,
miss_detection,45.0,50.0,20.0,30.0,constant,0.29523809523809524,,
distal,45.0,50.0,20.0,30.0,normal,0.0,0.17189581630384024,0.1877503135531937
perpendicular,45.0,50.0,20.0,30.0,normal,0.0,0.0948915229637082,0.12201513790292175
height,45.0,50.0,20.0,30.0,normal,0.0,0.08320170435475155,0.11485780533906575
yaw,45.0,50.0,20.0,30.0,normal,0.0,0.04229691007468509,0.05602618117951174
width,45.0,50.0,20.0,30.0,normal,0.0,0.2395675930633676,0.2941405885928386
length,45.0,50.0,20.0,30.0,normal,0.0,0.11635192099580831,0.14892940746771322
box_height,45.0,50.0,20.0,30.0,normal,0.0,0.13640542283486745,0.1746251349513595
score,45.0,50.0,20.0,30.0,normal,0.6028781373154473,0.15025148008805764,210
fp_score,45.0,50.0,20.0,30.0,normal,0.08692081923701044,0.1112562892277111,2478
fp_rate,45.0,50.0,20.0,30.0,poisson,0.34876847290640395,2478,
miss_detection,45.0,50.0,30.0,40.0,constant,0.4423076923076923,,
distal,45.0,50.0,30.0,40.0,normal,0.0,0.16229062312109174,0.19403978409990758
perpendicular,45.0,50.0,30.0,40.0,normal,0.0,0.1396485341319715,0.16231589762285834
height,45.0,50.0,30.0,40.0,normal,0.0,0.0760350457321022,0.10868501971507895
yaw,45.0,50.0,30.0,40.0,normal,0.0,0.07949858916488593,0.08300499528551745
width,45.0,50.0,30.0,40.0,normal,0.0,0.2591860813436034,0.32741430299035434
length,45.0,50.0,30.0,40.0,normal,0.0,0.12479756034903086,0.20432246347953534
box_height,45.0,50.0,30.0,40.0,normal,0.0,0.10165906802900232,0.14102897356296407
score,45.0,50.0,30.0,40.0,normal,0.5805726773266134,0.1640400306151692,104
fp_score,45.0,50.0,30.0,40.0,normal,0.07448705269994861,0.07877959221830197,3326
fp_rate,45.0,50.0,30.0,40.0,poisson,0.4681210415200563,3326,
miss_detection,45.0,50.0,40.0,50.0,constant,0.43023255813953487,,
distal,45.0,50.0,40.0,50.0,normal,0.0,0.13487302007515484,0.20320150828435327
perpendicular,45.0,50.0,40.0,50.0,normal,0.0,0.10519942481419657,0.10038660378394133
height,45.0,50.0,40.0,50.0,normal,0.0,0.07920430568688183,0.12857286905755802
yaw,45.0,50.0,40.0,50.0,normal,0.0,0.046533937816873996,0.05270768882697346
width,45.0,50.0,40.0,50.0,normal,0.0,0.2430865576402702,0.273827533332669
length,45.0,50.0,40.0,50.0,normal,0.0,0.07485446257936038,0.13426279778383216
box_height,45.0,50.0,40.0,50.0,normal,0.0,0.11624798084151888,0.10542157961397755
score,45.0,50.0,40.0,50.0,normal,0.5757372170990828,0.1231615603618328,86
fp_score,45.0,50.0,40.0,50.0,normal,0.06474941068338834,0.07021823563787855,2066
fp_rate,45.0,50.0,40.0,50.0,poisson,0.2907811400422238,2066,
miss_detection,45.0,50.0,50.0,60.0,constant,0.9473684210526315,,
distal,45.0,50.0,50.0,60.0,normal,0.0,0.06568680815926928,0.3820211458415017
perpendicular,45.0,50.0,50.0,60.0,normal,0.0,0.011719321181145841,0.01712366180151176
height,45.0,50.0,50.0,60.0,normal,0.0,0.003099203109741211,0.020522117614746094
yaw,45.0,50.0,50.0,60.0,normal,0.0,0.011009812355041504,0.08576312859589663
width,45.0,50.0,50.0,60.0,normal,0.0,0.02602219581604004,0.7156827449798584
length,45.0,50.0,50.0,60.0,normal,0.0,0.017372608184814453,0.3187093734741211
box_height,45.0,50.0,50.0,60.0,normal,0.0,0.019551992416381836,0.16814160346984863
score,45.0,50.0,50.0,60.0,normal,0.6664532721042633,0.0005608499050140381,38
fp_score,45.0,50.0,50.0,60.0,normal,0.06630970834933146,0.06596933257178683,396
fp_rate,45.0,50.0,50.0,60.0,poisson,0.05573539760731879,396,
miss_detection,45.0,50.0,60.0,70.0,constant,1.0,,
fp_rate,45.0,50.0,60.0,70.0,poisson,0.0,0,
miss_detection,45.0,50.0,70.0,80.0,constant,1.0,,
fp_rate,45.0,50.0,70.0,80.0,poisson,0.0,0,
miss_detection,45.0,50.0,80.0,90.0,constant,1.0,,
fp_rate,45.0,50.0,80.0,90.0,poisson,0.0,0,
miss_detection,45.0,50.0,90.0,100.0,constant,1.0,,
fp_rate,45.0,50.0,90.0,100.0,poisson,0.0,0,
miss_detection,45.0,50.0,100.0,110.0,constant,1.0,,
fp_rate,45.0,50.0,100.0,110.0,poisson,0.0,0,
miss_detection,45.0,50.0,110.0,120.0,constant,1.0,,
fp_rate,45.0,50.0,110.0,120.0,poisson,0.0,0,
miss_detection,45.0,50.0,120.0,130.0,constant,0.9444444444444444,,
distal,45.0,50.0,120.0,130.0,normal,0.0,0.061702209681674634,0.11107177467793959
perpendicular,45.0,50.0,120.0,130.0,normal,0.0,0.02884916249114453,0.15377930811967458
height,45.0,50.0,120.0,130.0,normal,0.0,0.013381615379137107,0.07771297295888265
yaw,45.0,50.0,120.0,130.0,normal,0.0,0.041512372642335336,0.05449791749318441
width,45.0,50.0,120.0,130.0,normal,0.0,0.08077879565576673,0.2595858573913574
length,45.0,50.0,120.0,130.0,normal,0.0,0.03568002997137934,0.2870877186457316
box_height,45.0,50.0,120.0,130.0,normal,0.0,0.12210334540636972,0.41140127182006836
score,45.0,50.0,120.0,130.0,normal,0.6410373548666636,0.1850624812024935,54
fp_score,45.0,50.0,120.0,130.0,normal,0.07790508398401673,0.09071956900225235,373
fp_rate,45.0,50.0,120.0,130.0,poisson,0.05249824067558058,373,
miss_detection,45.0,50.0,130.0,140.0,constant,0.5818181818181818,,
distal,45.0,50.0,130.0,140.0,normal,0.0,0.1496427505527241,0.15401955273370066
perpendicular,45.0,50.0,130.0,140.0,normal,0.0,0.14410689270623478,0.19159124405850553
height,45.0,50.0,130.0,140.0,normal,0.0,0.06660524859601175,0.09069471255592677
yaw,45.0,50.0,130.0,140.0,normal,0.0,0.05193088447373329,0.07254147974749722
width,45.0,50.0,130.0,140.0,normal,0.0,0.16595102375533902,0.25725753411002783
length,45.0,50.0,130.0,140.0,normal,0.0,0.11510482455812451,0.24501727974933127
box_height,45.0,50.0,130.0,140.0,normal,0.0,0.12938703137856558,0.21088055942369544
score,45.0,50.0,130.0,140.0,normal,0.5678813509319139,0.1202331747835095,55
fp_score,45.0,50.0,130.0,140.0,normal,0.07096921044765965,0.08045675393972597,1399
fp_rate,45.0,50.0,130.0,140.0,poisson,0.19690358902181562,1399,
miss_detection,45.0,50.0,140.0,150.0,constant,0.6,,
distal,45.0,50.0,140.0,150.0,normal,0.0,0.16199148738167563,0.1956279666081249
perpendicular,45.0,50.0,140.0,150.0,normal,0.0,0.1125270963633162,0.1746613987611476
height,45.0,50.0,140.0,150.0,normal,0.0,0.0634576809937218,0.11308540962636471
yaw,45.0,50.0,140.0,150.0,normal,0.0,0.06613278830233643,0.09403193460740955
width,45.0,50.0,140.0,150.0,normal,0.0,0.24010973843637268,0.28029385209083557
length,45.0,50.0,140.0,150.0,normal,0.0,0.11249819291492567,0.16962255164980888
box_height,45.0,50.0,140.0,150.0,normal,0.0,0.10649860853693806,0.14115341380238533
score,45.0,50.0,140.0,150.0,normal,0.48727788450196385,0.16945637863827098,80
fp_score,45.0,50.0,140.0,150.0,normal,0.07253686898914277,0.07772168906245078,1789
fp_rate,45.0,50.0,140.0,150.0,poisson,0.2517945109078114,1789,
miss_detection,45.0,50.0,150.0,160.0,constant,0.2847222222222222,,
distal,45.0,50.0,150.0,160.0,normal,0.0,0.16324317368970512,0.18897168022093566
perpendicular,45.0,50.0,150.0,160.0,normal,0.0,0.14781306238547676,0.17782773639535537
height,45.0,50.0,150.0,160.0,normal,0.0,0.09396228126209381,0.14518729575629374
yaw,45.0,50.0,150.0,160.0,normal,0.0,0.06262769310231195,0.06727113954143367
width,45.0,50.0,150.0,160.0,normal,0.0,0.29945032812916494,0.35084274903084467
length,45.0,50.0,150.0,160.0,normal,0.0,0.10473193517423825,0.14298803366503668
box_height,45.0,50.0,150.0,160.0,normal,0.0,0.11654754996176177,0.1722065823749431
score,45.0,50.0,150.0,160.0,normal,0.5539698299129032,0.16414768115654646,144
fp_score,45.0,50.0,150.0,160.0,normal,0.071970404712559,0.08306769918109597,1968
fp_rate,45.0,50.0,150.0,160.0,poisson,0.27698803659394794,1968,
miss_detection,45.0,50.0,160.0,170.0,constant,0.24758842443729903,,
distal,45.0,50.0,160.0,170.0,normal,0.0,0.15340070765709451,0.19113093534667644
perpendicular,45.0,50.0,160.0,170.0,normal,0.0,0.08869599519800696,0.11906727750422955
height,45.0,50.0,160.0,170.0,normal,0.0,0.07729117754311195,0.09951503180031084
yaw,45.0,50.0,160.0,170.0,normal,0.0,0.0708209063563209,0.06319097800939055
width,45.0,50.0,160.0,170.0,normal,0.0,0.24362012450886417,0.2863199496880556
length,45.0,50.0,160.0,170.0,normal,0.0,0.08099274309999284,0.1162312682877239
box_height,45.0,50.0,160.0,170.0,normal,0.0,0.11355951098924287,0.13660460812413794
score,45.0,50.0,160.0,170.0,normal,0.5455276366227713,0.13953482504770814,311
fp_score,45.0,50.0,160.0,170.0,normal,0.07869950481972733,0.10473932579683577,2953
fp_rate,45.0,50.0,160.0,170.0,poisson,0.4156228008444757,2953,
miss_detection,45.0,50.0,170.0,180.0,constant,0.14638447971781304,,
distal,45.0,50.0,170.0,180.0,normal,0.0,0.1849567579322803,0.24353028233960405
perpendicular,45.0,50.0,170.0,180.0,normal,0.0,0.08405673380727904,0.10619161945542248
height,45.0,50.0,170.0,180.0,normal,0.0,0.0749827647779793,0.10038939574040658
yaw,45.0,50.0,170.0,180.0,normal,0.0,0.1463942189023738,0.09568103560084505
width,45.0,50.0,170.0,180.0,normal,0.0,0.37982400705598884,0.45989738121505613
length,45.0,50.0,170.0,180.0,normal,0.0,0.2835658852617262,0.19383440825564802
box_height,45.0,50.0,170.0,180.0,normal,0.0,0.14228566894142522,0.15908690695920266
score,45.0,50.0,170.0,180.0,normal,0.587844228033315,0.14077356047729975,567
fp_score,45.0,50.0,170.0,180.0,normal,0.09554070330544125,0.12972776980269196,2483
fp_rate,45.0,50.0,170.0,180.0,poisson,0.3494722026741731,2483,
miss_detection,50.0,55.0,-180.0,-170.0,constant,0.23509369676320271,,
distal,50.0,55.0,-180.0,-170.0,normal,0.0,0.16946913363357982,0.23522232349156713
perpendicular,50.0,55.0,-180.0,-170.0,normal,0.0,0.10212816117333068,0.12772763308653978
height,50.0,55.0,-180.0,-170.0,normal,0.0,0.0912364141456608,0.111855522561445
yaw,50.0,55.0,-180.0,-170.0,normal,0.0,0.07524126663371612,0.09254505658229366
width,50.0,55.0,-180.0,-170.0,normal,0.0,0.31532909841573314,0.397588165937394
length,50.0,55.0,-180.0,-170.0,normal,0.0,0.178839189165836,0.18995587809845174
box_height,50.0,55.0,-180.0,-170.0,normal,0.0,0.13355769937144063,0.1778486406882781
score,50.0,55.0,-180.0,-170.0,normal,0.5568466794351427,0.13108992146080103,587
fp_score,50.0,55.0,-180.0,-170.0,normal,0.0983713835321878,0.12807749188330203,4037
fp_rate,50.0,55.0,-180.0,-170.0,poisson,0.5681914144968332,4037,
miss_detection,50.0,55.0,-170.0,-160.0,constant,0.39705882352941174,,
distal,50.0,55.0,-170.0,-160.0,normal,0.0,0.13124625235164963,0.160471092808466
perpendicular,50.0,55.0,-170.0,-160.0,normal,0.0,0.12206147444081548,0.17972608947382449
height,50.0,55.0,-170.0,-160.0,normal,0.0,0.08646486223953712,0.12825317353737065
yaw,50.0,55.0,-170.0,-160.0,normal,0.0,0.04104432433180943,0.05585848818111693
width,50.0,55.0,-170.0,-160.0,normal,0.0,0.2592327749737615,0.33318833606999093
length,50.0,55.0,-170.0,-160.0,normal,0.0,0.1614238536382301,0.17878733030179653
box_height,50.0,55.0,-170.0,-160.0,normal,0.0,0.18375079269077474,0.16905247002113155
score,50.0,55.0,-170.0,-160.0,normal,0.45537744607867264,0.12926106153912684,68
fp_score,50.0,55.0,-170.0,-160.0,normal,0.06670265653835693,0.05673720753344441,5806
fp_rate,50.0,55.0,-170.0,-160.0,poisson,0.8171710063335679,5806,
miss_detection,50.0,55.0,-160.0,-150.0,constant,0.35294117647058826,,
distal,50.0,55.0,-160.0,-150.0,normal,0.0,0.11174010292204473,0.1819513902046996
perpendicular,50.0,55.0,-160.0,-150.0,normal,0.0,0.14411774338275463,0.1922049360344834
height,50.0,55.0,-160.0,-150.0,normal,0.0,0.1200882240799319,0.21034872260960666
yaw,50.0,55.0,-160.0,-150.0,normal,0.0,0.04790478827327339,0.06465961572460154
width,50.0,55.0,-160.0,-150.0,normal,0.0,0.24431517303271139,0.2436742132360285
length,50.0,55.0,-160.0,-150.0,normal,0.0,0.2026629006870272,0.29810134931044147
box_height,50.0,55.0,-160.0,-150.0,normal,0.0,0.09786169313779469,0.14311895045367154
score,50.0,55.0,-160.0,-150.0,normal,0.5261178395964883,0.12530285680903605,34
fp_score,50.0,55.0,-160.0,-150.0,normal,0.06461624231659503,0.0574730731941541,4280
fp_rate,50.0,55.0,-160.0,-150.0,poisson,0.6023926812104152,4280,
miss_detection,50.0,55.0,-150.0,-140.0,constant,0.3888888888888889,,
distal,50.0,55.0,-150.0,-140.0,normal,0.0,0.12003564192613757,0.20450076927453759
perpendicular,50.0,55.0,-150.0,-140.0,normal,0.0,0.24310825158945845,0.33355026707218216
height,50.0,55.0,-150.0,-140.0,normal,0.0,0.13023878577859976,0.17370656403628262
yaw,50.0,55.0,-150.0,-140.0,normal,0.0,0.10937207763490248,0.13626562006102783
width,50.0,55.0,-150.0,-140.0,normal,0.0,0.30713316646180855,0.363278020511974
length,50.0,55.0,-150.0,-140.0,normal,0.0,0.18834363485041333,0.1933427778157321
box_height,50.0,55.0,-150.0,-140.0,normal,0.0,0.08967845848207595,0.13173982230099765
score,50.0,55.0,-150.0,-140.0,normal,0.3728892213918946,0.12471112572248241,36
fp_score,50.0,55.0,-150.0,-140.0,normal,0.06319495332935035,0.06391658234989542,3311
fp_rate,50.0,55.0,-150.0,-140.0,poisson,0.4660098522167488,3311,
miss_detection,50.0,55.0,-140.0,-130.0,constant,0.5957446808510638,,
distal,50.0,55.0,-140.0,-130.0,normal,0.0,0.20765245314511954,0.24548040335601837
perpendicular,50.0,55.0,-140.0,-130.0,normal,0.0,0.14653821366867736,0.17950079189325777
height,50.0,55.0,-140.0,-130.0,normal,0.0,0.12819803941993574,0.17037634786806607
yaw,50.0,55.0,-140.0,-130.0,normal,0.0,0.03885699125722039,0.06259943585357625
width,50.0,55.0,-140.0,-130.0,normal,0.0,0.27550815887163077,0.3051287249514931
length,50.0,55.0,-140.0,-130.0,normal,0.0,0.14165427821105533,0.191085137818989
box_height,50.0,55.0,-140.0,-130.0,normal,0.0,0.07776891393405293,0.1238530246835006
score,50.0,55.0,-140.0,-130.0,normal,0.5419895696012598,0.12450314173511409,47
fp_score,50.0,55.0,-140.0,-130.0,normal,0.06390310106894326,0.06844666725636879,1661
fp_rate,50.0,55.0,-140.0,-130.0,poisson,0.23377902885292048,1661,
miss_detection,50.0,55.0,-130.0,-120.0,constant,1.0,,
fp_rate,50.0,55.0,-130.0,-120.0,poisson,0.0,0,
miss_detection,50.0,55.0,-120.0,-110.0,constant,1.0,,
fp_rate,50.0,55.0,-120.0,-110.0,poisson,0.0,0,
miss_detection,50.0,55.0,-110.0,-100.0,constant,1.0,,
fp_rate,50.0,55.0,-110.0,-100.0,poisson,0.0,0,
miss_detection,50.0,55.0,-100.0,-90.0,constant,1.0,,
fp_rate,50.0,55.0,-100.0,-90.0,poisson,0.0,0,
miss_detection,50.0,55.0,-90.0,-80.0,constant,1.0,,
fp_rate,50.0,55.0,-90.0,-80.0,poisson,0.0,0,
miss_detection,50.0,55.0,-80.0,-70.0,constant,1.0,,
fp_rate,50.0,55.0,-80.0,-70.0,poisson,0.0,0,
miss_detection,50.0,55.0,-70.0,-60.0,constant,1.0,,
fp_rate,50.0,55.0,-70.0,-60.0,poisson,0.0,0,
miss_detection,50.0,55.0,-60.0,-50.0,constant,1.0,,
fp_rate,50.0,55.0,-60.0,-50.0,poisson,0.0,0,
miss_detection,50.0,55.0,-50.0,-40.0,constant,0.8235294117647058,,
distal,50.0,55.0,-50.0,-40.0,normal,0.0,0.15774635403325868,0.3225338452672595
perpendicular,50.0,55.0,-50.0,-40.0,normal,0.0,0.17249027692069907,0.4455226557106614
height,50.0,55.0,-50.0,-40.0,normal,0.0,0.044733813584064856,0.09470420413547093
yaw,50.0,55.0,-50.0,-40.0,normal,0.0,0.08466958523272756,0.11982060803307427
width,50.0,55.0,-50.0,-40.0,normal,0.0,0.13920545024899802,0.7549232376946343
length,50.0,55.0,-50.0,-40.0,normal,0.0,0.10865799481472761,0.22895048724280465
box_height,50.0,55.0,-50.0,-40.0,normal,0.0,0.04370623520147433,0.08857348230150011
score,50.0,55.0,-50.0,-40.0,normal,0.31086064212852055,0.12642676844276038,51
fp_score,50.0,55.0,-50.0,-40.0,normal,0.052432579761107975,0.054873101124610926,2443
fp_rate,50.0,55.0,-50.0,-40.0,poisson,0.3438423645320197,2443,
miss_detection,50.0,55.0,-40.0,-30.0,constant,0.9130434782608695,,
distal,50.0,55.0,-40.0,-30.0,normal,0.0,0.07557086610077564,0.1575106639569691
perpendicular,50.0,55.0,-40.0,-30.0,normal,0.0,0.05699440597986501,0.09305651138570267
height,50.0,55.0,-40.0,-30.0,normal,0.0,0.011602014303207397,0.0584082305431366
yaw,50.0,55.0,-40.0,-30.0,normal,0.0,0.19563357432815032,0.2163197557118277
width,50.0,55.0,-40.0,-30.0,normal,0.0,0.1778731346130371,0.5643601417541504
length,50.0,55.0,-40.0,-30.0,normal,0.0,0.1936887502670288,0.2647538185119629
box_height,50.0,55.0,-40.0,-30.0,normal,0.0,0.132518470287323,0.1673296093940735
score,50.0,55.0,-40.0,-30.0,normal,0.42801816761493683,0.13071028888225555,23
fp_score,50.0,55.0,-40.0,-30.0,normal,0.06389032790475259,0.0643164847762476,3979
fp_rate,50.0,55.0,-40.0,-30.0,poisson,0.5600281491907108,3979,
miss_detection,50.0,55.0,-30.0,-20.0,constant,0.75,,
distal,50.0,55.0,-30.0,-20.0,normal,0.0,0.0842327636361529,0.20412413715498764
perpendicular,50.0,55.0,-30.0,-20.0,normal,0.0,0.1372022333643887,0.16546621420094074
height,50.0,55.0,-30.0,-20.0,normal,0.0,0.11005032864628247,0.15240110669817244
yaw,50.0,55.0,-30.0,-20.0,normal,0.0,0.049645362973707016,0.09815018489284912
width,50.0,55.0,-30.0,-20.0,normal,0.0,0.17665508726625567,0.3153917448861258
length,50.0,55.0,-30.0,-20.0,normal,0.0,0.07889393766856138,0.0874403715133667
box_height,50.0,55.0,-30.0,-20.0,normal,0.0,0.10404008707959225,0.17620056016104563
score,50.0,55.0,-30.0,-20.0,normal,0.43272302193301065,0.25030432307061246,28
fp_score,50.0,55.0,-30.0,-20.0,normal,0.07401073846344741,0.08993560894115149,4599
fp_rate,50.0,55.0,-30.0,-20.0,poisson,0.6472906403940887,4599,
miss_detection,50.0,55.0,-20.0,-10.0,constant,0.7166666666666667,,
distal,50.0,55.0,-20.0,-10.0,normal,0.0,0.0894629710888893,0.14785758605883767
perpendicular,50.0,55.0,-20.0,-10.0,normal,0.0,0.13406473447049622,0.184333371200979
height,50.0,55.0,-20.0,-10.0,normal,0.0,0.09410769446948575,0.19553125255248127
yaw,50.0,55.0,-20.0,-10.0,normal,0.0,0.027925854906984633,0.04687256059225868
width,50.0,55.0,-20.0,-10.0,normal,0.0,0.131875347047225,0.25874583861407113
length,50.0,55.0,-20.0,-10.0,normal,0.0,0.1509954011440621,0.186479694703046
box_height,50.0,55.0,-20.0,-10.0,normal,0.0,0.09354271574895284,0.15514281918020809
score,50.0,55.0,-20.0,-10.0,normal,0.45471186409978304,0.13811559548633887,60
fp_score,50.0,55.0,-20.0,-10.0,normal,0.06476033119923288,0.058425184783092596,4630
fp_rate,50.0,55.0,-20.0,-10.0,poisson,0.6516537649542575,4630,
miss_detection,50.0,55.0,-10.0,0.0,constant,0.21391752577319587,,
distal,50.0,55.0,-10.0,0.0,normal,0.0,0.18412644899727756,0.21676537816661146
perpendicular,50.0,55.0,-10.0,0.0,normal,0.0,0.09386688292462517,0.11159900827703852
height,50.0,55.0,-10.0,0.0,normal,0.0,0.0959705423473959,0.11642258948967105
yaw,50.0,55.0,-10.0,0.0,normal,0.0,0.057036331364654344,0.07378536244540808
width,50.0,55.0,-10.0,0.0,normal,0.0,0.2842983914186845,0.2956592723971508
length,50.0,55.0,-10.0,0.0,normal,0.0,0.13194361105192948,0.14503657935095615
box_height,50.0,55.0,-10.0,0.0,normal,0.0,0.10676857939840853,0.13346320292988761
score,50.0,55.0,-10.0,0.0,normal,0.5419248123149403,0.12172203873687998,388
fp_score,50.0,55.0,-10.0,0.0,normal,0.07818157877690991,0.09581830236564545,5675
fp_rate,50.0,55.0,-10.0,0.0,poisson,0.7987332864180154,5675,
miss_detection,50.0,55.0,0.0,10.0,constant,0.20267417311752287,,
distal,50.0,55.0,0.0,10.0,normal,0.0,0.16028252244569016,0.19057363353856652
perpendicular,50.0,55.0,0.0,10.0,normal,0.0,0.09532577673974361,0.11524044664917307
height,50.0,55.0,0.0,10.0,normal,0.0,0.1009980869078479,0.12903317601304085
yaw,50.0,55.0,0.0,10.0,normal,0.0,0.07160115149182608,0.08500522918761673
width,50.0,55.0,0.0,10.0,normal,0.0,0.24609740581573666,0.28494025539320755
length,50.0,55.0,0.0,10.0,normal,0.0,0.08927747109221543,0.08014260744059497
box_height,50.0,55.0,0.0,10.0,normal,0.0,0.126317336691856,0.1353149342515883
score,50.0,55.0,0.0,10.0,normal,0.5470376056992997,0.13042810653550502,1421
fp_score,50.0,55.0,0.0,10.0,normal,0.11115608644843744,0.14233429779749077,6584
fp_rate,50.0,55.0,0.0,10.0,poisson,0.9266713581984518,6584,
miss_detection,50.0,55.0,10.0,20.0,constant,0.19488817891373802,,
distal,50.0,55.0,10.0,20.0,normal,0.0,0.16993159033097605,0.21437241035690627
perpendicular,50.0,55.0,10.0,20.0,normal,0.0,0.0960694090863376,0.1223150097889617
height,50.0,55.0,10.0,20.0,normal,0.0,0.09158253916444252,0.12734417357142008
yaw,50.0,55.0,10.0,20.0,normal,0.0,0.05704678854015035,0.07052594640936216
width,50.0,55.0,10.0,20.0,normal,0.0,0.2839745782240011,0.3313015661542378
length,50.0,55.0,10.0,20.0,normal,0.0,0.15293641616901296,0.18994558709008352
box_height,50.0,55.0,10.0,20.0,normal,0.0,0.12217933415522363,0.15049185450114902
score,50.0,55.0,10.0,20.0,normal,0.528293216039264,0.14916164835599638,313
fp_score,50.0,55.0,10.0,20.0,normal,0.0695807665410503,0.08267540690917062,4975
fp_rate,50.0,55.0,10.0,20.0,poisson,0.7002111189303307,4975,
miss_detection,50.0,55.0,20.0,30.0,constant,0.3901098901098901,,
distal,50.0,55.0,20.0,30.0,normal,0.0,0.16023100506578933,0.202767290543961
perpendicular,50.0,55.0,20.0,30.0,normal,0.0,0.11112471522058864,0.11887871848921325
height,50.0,55.0,20.0,30.0,normal,0.0,0.08556213843911391,0.11121658161953762
yaw,50.0,55.0,20.0,30.0,normal,0.0,0.05782475358754537,0.07336828017349023
width,50.0,55.0,20.0,30.0,normal,0.0,0.25113549234705385,0.3156814102653985
length,50.0,55.0,20.0,30.0,normal,0.0,0.13732594924544422,0.18574551204303363
box_height,50.0,55.0,20.0,30.0,normal,0.0,0.12809739888463056,0.17795795578140397
score,50.0,55.0,20.0,30.0,normal,0.5319565221801534,0.13610786435205677,182
fp_score,50.0,55.0,20.0,30.0,normal,0.0716207716039154,0.09160630574578521,3143
fp_rate,50.0,55.0,20.0,30.0,poisson,0.44236453201970444,3143,
miss_detection,50.0,55.0,30.0,40.0,constant,0.4573643410852713,,
distal,50.0,55.0,30.0,40.0,normal,0.0,0.13245341394792898,0.18271936620791765
perpendicular,50.0,55.0,30.0,40.0,normal,0.0,0.12219971913703882,0.13423538725552903
height,50.0,55.0,30.0,40.0,normal,0.0,0.10036651211769337,0.11477222102028983
yaw,50.0,55.0,30.0,40.0,normal,0.0,0.06877236517704544,0.08179032384877816
width,50.0,55.0,30.0,40.0,normal,0.0,0.23526395433768554,0.3650041682379586
length,50.0,55.0,30.0,40.0,normal,0.0,0.20345323733147155,0.2830306206430708
box_height,50.0,55.0,30.0,40.0,normal,0.0,0.1353890089091866,0.18610353810446603
score,50.0,55.0,30.0,40.0,normal,0.5327918982931545,0.13243384685650744,129
fp_score,50.0,55.0,30.0,40.0,normal,0.07367171038982093,0.07900155746945658,2830
fp_rate,50.0,55.0,30.0,40.0,poisson,0.398311048557354,2830,
miss_detection,50.0,55.0,40.0,50.0,constant,0.45454545454545453,,
distal,50.0,55.0,40.0,50.0,normal,0.0,0.1310557166991806,0.21828671726226737
perpendicular,50.0,55.0,40.0,50.0,normal,0.0,0.06159004493754873,0.10085672477819045
height,50.0,55.0,40.0,50.0,normal,0.0,0.09804871018185521,0.13964901367823282
yaw,50.0,55.0,40.0,50.0,normal,0.0,0.032108847066900925,0.04699138823079781
width,50.0,55.0,40.0,50.0,normal,0.0,0.2623899843543349,0.4399884144465129
length,50.0,55.0,40.0,50.0,normal,0.0,0.10218715090590136,0.2236578514178594
box_height,50.0,55.0,40.0,50.0,normal,0.0,0.0652535630680075,0.14424163103103638
score,50.0,55.0,40.0,50.0,normal,0.573955316717426,0.15823799631884872,44
fp_score,50.0,55.0,40.0,50.0,normal,0.06296769756667167,0.0633450485879625,1451
fp_rate,50.0,55.0,40.0,50.0,poisson,0.20422237860661507,1451,
miss_detection,50.0,55.0,50.0,60.0,constant,1.0,,
fp_rate,50.0,55.0,50.0,60.0,poisson,0.0,0,
miss_detection,50.0,55.0,60.0,70.0,constant,1.0,,
fp_rate,50.0,55.0,60.0,70.0,poisson,0.0,0,
miss_detection,50.0,55.0,70.0,80.0,constant,1.0,,
fp_rate,50.0,55.0,70.0,80.0,poisson,0.0,0,
miss_detection,50.0,55.0,80.0,90.0,constant,1.0,,
fp_rate,50.0,55.0,80.0,90.0,poisson,0.0,0,
miss_detection,50.0,55.0,90.0,100.0,constant,1.0,,
fp_rate,50.0,55.0,90.0,100.0,poisson,0.0,0,
miss_detection,50.0,55.0,100.0,110.0,constant,1.0,,
fp_rate,50.0,55.0,100.0,110.0,poisson,0.0,0,
miss_detection,50.0,55.0,110.0,120.0,constant,1.0,,
fp_rate,50.0,55.0,110.0,120.0,poisson,0.0,0,
miss_detection,50.0,55.0,120.0,130.0,constant,1.0,,
fp_rate,50.0,55.0,120.0,130.0,poisson,0.0,0,
miss_detection,50.0,55.0,130.0,140.0,constant,0.7692307692307693,,
distal,50.0,55.0,130.0,140.0,normal,0.0,0.06944521094447688,0.15963232571778785
perpendicular,50.0,55.0,130.0,140.0,normal,0.0,0.13256569194161238,0.12529840810676826
height,50.0,55.0,130.0,140.0,normal,0.0,0.04425739062040548,0.10795579353968303
yaw,50.0,55.0,130.0,140.0,normal,0.0,0.09812688875318432,0.1383385750991278
width,50.0,55.0,130.0,140.0,normal,0.0,0.11515146567961745,0.23695500691731772
length,50.0,55.0,130.0,140.0,normal,0.0,0.09682594668285803,0.24480930964152017
box_height,50.0,55.0,130.0,140.0,normal,0.0,0.12164900565942921,0.20776152610778809
score,50.0,55.0,130.0,140.0,normal,0.4585983355840047,0.030703255774791053,26
fp_score,50.0,55.0,130.0,140.0,normal,0.07212497452282693,0.07998803182790203,1067
fp_rate,50.0,55.0,130.0,140.0,poisson,0.1501759324419423,1067,
miss_detection,50.0,55.0,140.0,150.0,constant,0.7333333333333333,,
distal,50.0,55.0,140.0,150.0,normal,0.0,0.1001494942756271,0.13344035016011505
perpendicular,50.0,55.0,140.0,150.0,normal,0.0,0.104740242790851,0.11914676175053691
height,50.0,55.0,140.0,150.0,normal,0.0,0.10032057408439134,0.18587582806746164
yaw,50.0,55.0,140.0,150.0,normal,0.0,0.0836486531923867,0.0981581453639097
width,50.0,55.0,140.0,150.0,normal,0.0,0.15475214904788884,0.344321330388387
length,50.0,55.0,140.0,150.0,normal,0.0,0.0978566818943319,0.18102664748827615
box_height,50.0,55.0,140.0,150.0,normal,0.0,0.10410347184067997,0.1311418910821279
score,50.0,55.0,140.0,150.0,normal,0.45969677716493607,0.15018429878157774,45
fp_score,50.0,55.0,140.0,150.0,normal,0.07036807820378967,0.06324156928647262,2720
fp_rate,50.0,55.0,140.0,150.0,poisson,0.3828289936664321,2720,
miss_detection,50.0,55.0,150.0,160.0,constant,0.328125,,
distal,50.0,55.0,150.0,160.0,normal,0.0,0.14050555731941516,0.1763395426101855
perpendicular,50.0,55.0,150.0,160.0,normal,0.0,0.18344574319680615,0.22141161770673765
height,50.0,55.0,150.0,160.0,normal,0.0,0.09069691812344947,0.1115843910117482
yaw,50.0,55.0,150.0,160.0,normal,0.0,0.07720021296402023,0.0875045070643647
width,50.0,55.0,150.0,160.0,normal,0.0,0.33817433505724026,0.41880605387133224
length,50.0,55.0,150.0,160.0,normal,0.0,0.14110663140112592,0.2176787395809972
box_height,50.0,55.0,150.0,160.0,normal,0.0,0.12336745497839141,0.15361598064733106
score,50.0,55.0,150.0,160.0,normal,0.5099977968737136,0.15001854833119654,128
fp_score,50.0,55.0,150.0,160.0,normal,0.07005885121857933,0.08094905276771511,2798
fp_rate,50.0,55.0,150.0,160.0,poisson,0.39380717804363125,2798,
miss_detection,50.0,55.0,160.0,170.0,constant,0.3497536945812808,,
distal,50.0,55.0,160.0,170.0,normal,0.0,0.15863055274791257,0.21040187297515478
perpendicular,50.0,55.0,160.0,170.0,normal,0.0,0.1105853670459684,0.12838751848072683
height,50.0,55.0,160.0,170.0,normal,0.0,0.0794798192318103,0.1051614171627796
yaw,50.0,55.0,160.0,170.0,normal,0.0,0.0865993816419743,0.08787720030951597
width,50.0,55.0,160.0,170.0,normal,0.0,0.29853263682817316,0.34665170763478137
length,50.0,55.0,160.0,170.0,normal,0.0,0.12877809634112158,0.16845023090189154
box_height,50.0,55.0,160.0,170.0,normal,0.0,0.1283808711831399,0.1655026791673718
score,50.0,55.0,160.0,170.0,normal,0.5652624976002809,0.1469683216227825,203
fp_score,50.0,55.0,160.0,170.0,normal,0.07507971948642744,0.09102367831894129,3663
fp_rate,50.0,55.0,160.0,170.0,poisson,0.5155524278676988,3663,
miss_detection,50.0,55.0,170.0,180.0,constant,0.1512455516014235,,
distal,50.0,55.0,170.0,180.0,normal,0.0,0.19466179859060212,0.24188502331638342
perpendicular,50.0,55.0,170.0,180.0,normal,0.0,0.08628727602725632,0.11814971896350906
height,50.0,55.0,170.0,180.0,normal,0.0,0.0764041259649007,0.09681471313820444
yaw,50.0,55.0,170.0,180.0,normal,0.0,0.14491927744314606,0.10800698653888478
width,50.0,55.0,170.0,180.0,normal,0.0,0.40500691443022746,0.4844818780007352
length,50.0,55.0,170.0,180.0,normal,0.0,0.20882170302939934,0.19639168220496028
box_height,50.0,55.0,170.0,180.0,normal,0.0,0.14556792190993406,0.1535792260799768
score,50.0,55.0,170.0,180.0,normal,0.5447405839116318,0.13489789605061442,562
fp_score,50.0,55.0,170.0,180.0,normal,0.0881549223149181,0.11628408504275664,3926
fp_rate,50.0,55.0,170.0,180.0,poisson,0.5525686136523575,3926,
miss_detection,55.0,60.0,-180.0,-170.0,constant,0.34472934472934474,,
distal,55.0,60.0,-180.0,-170.0,normal,0.0,0.19806485415332994,0.27484503018203754
perpendicular,55.0,60.0,-180.0,-170.0,normal,0.0,0.09606746474135602,0.12719379802878802
height,55.0,60.0,-180.0,-170.0,normal,0.0,0.07724178967788174,0.09752453332361968
yaw,55.0,60.0,-180.0,-170.0,normal,0.0,0.08120118920763358,0.10082598792011951
width,55.0,60.0,-180.0,-170.0,normal,0.0,0.35358256846192676,0.42243811876877496
length,55.0,60.0,-180.0,-170.0,normal,0.0,0.19567754701603032,0.24865427120872166
box_height,55.0,60.0,-180.0,-170.0,normal,0.0,0.12623339335918532,0.17185673454533454
score,55.0,60.0,-180.0,-170.0,normal,0.4938356697559357,0.13048920124317248,351
fp_score,55.0,60.0,-180.0,-170.0,normal,0.08361513088675632,0.10338070846985159,5481
fp_rate,55.0,60.0,-180.0,-170.0,poisson,0.7714285714285715,5481,
miss_detection,55.0,60.0,-170.0,-160.0,constant,0.4262295081967213,,
distal,55.0,60.0,-170.0,-160.0,normal,0.0,0.11691611817258328,0.19239661308931774
perpendicular,55.0,60.0,-170.0,-160.0,normal,0.0,0.12866183729547762,0.16707513743378702
height,55.0,60.0,-170.0,-160.0,normal,0.0,0.07040217040762407,0.11908584151949202
yaw,55.0,60.0,-170.0,-160.0,normal,0.0,0.07036893152116894,0.07546761481970828
width,55.0,60.0,-170.0,-160.0,normal,0.0,0.20985187596755314,0.24699652535574776
length,55.0,60.0,-170.0,-160.0,normal,0.0,0.1782699025969241,0.21161746297563824
box_height,55.0,60.0,-170.0,-160.0,normal,0.0,0.08074116307094602,0.11270417826516288
score,55.0,60.0,-170.0,-160.0,normal,0.4365201205015182,0.16242969662531756,61
fp_score,55.0,60.0,-170.0,-160.0,normal,0.06448958358207035,0.05563158711488083,6436
fp_rate,55.0,60.0,-170.0,-160.0,poisson,0.9058409570724841,6436,
miss_detection,55.0,60.0,-160.0,-150.0,constant,0.6363636363636364,,
distal,55.0,60.0,-160.0,-150.0,normal,0.0,0.10688319385858801,0.17037448114653306
perpendicular,55.0,60.0,-160.0,-150.0,normal,0.0,0.19041987023703252,0.19973641076236687
height,55.0,60.0,-160.0,-150.0,normal,0.0,0.12874717333173358,0.1637341007590294
yaw,55.0,60.0,-160.0,-150.0,normal,0.0,0.045746444549090944,0.08842688941641352
width,55.0,60.0,-160.0,-150.0,normal,0.0,0.2213638051743268,0.26223427057266235
length,55.0,60.0,-160.0,-150.0,normal,0.0,0.1822608219249172,0.25216054916381836
box_height,55.0,60.0,-160.0,-150.0,normal,0.0,0.10844595044586455,0.17265647649765015
score,55.0,60.0,-160.0,-150.0,normal,0.4074808154255152,0.11976390371488224,22
fp_score,55.0,60.0,-160.0,-150.0,normal,0.06085025472970894,0.05446386649786461,4721
fp_rate,55.0,60.0,-160.0,-150.0,poisson,0.6644616467276566,4721,
miss_detection,55.0,60.0,-150.0,-140.0,constant,0.5,,
distal,55.0,60.0,-150.0,-140.0,normal,0.0,0.20030795782242478,0.3061938667622178
perpendicular,55.0,60.0,-150.0,-140.0,normal,0.0,0.1319668881931423,0.3232042570694034
height,55.0,60.0,-150.0,-140.0,normal,0.0,0.14958108562673758,0.1593987097342809
yaw,55.0,60.0,-150.0,-140.0,normal,0.0,0.050292819883124555,0.06764910866816838
width,55.0,60.0,-150.0,-140.0,normal,0.0,0.3669438244072536,0.5343026320139567
length,55.0,60.0,-150.0,-140.0,normal,0.0,0.24764710647090973,0.30838467677434284
box_height,55.0,60.0,-150.0,-140.0,normal,0.0,0.10139748142968871,0.09537240862846375
score,55.0,60.0,-150.0,-140.0,normal,0.3870362089946866,0.14232522318056282,24
fp_score,55.0,60.0,-150.0,-140.0,normal,0.057246531163664766,0.05711064955461247,3304
fp_rate,55.0,60.0,-150.0,-140.0,poisson,0.46502463054187193,3304,
miss_detection,55.0,60.0,-140.0,-130.0,constant,0.9433962264150944,,
distal,55.0,60.0,-140.0,-130.0,normal,0.0,0.15373000446941756,0.2026326202553366
perpendicular,55.0,60.0,-140.0,-130.0,normal,0.0,0.14711514465284317,0.20438349702494696
height,55.0,60.0,-140.0,-130.0,normal,0.0,0.04833824099060662,0.09631155927975972
yaw,55.0,60.0,-140.0,-130.0,normal,0.0,0.05547230151387967,0.062205008501030314
width,55.0,60.0,-140.0,-130.0,normal,0.0,0.18916694321991492,0.3725951512654622
length,55.0,60.0,-140.0,-130.0,normal,0.0,0.15424824297770323,0.33779515822728473
box_height,55.0,60.0,-140.0,-130.0,normal,0.0,0.060567520382550775,0.08740192651748657
score,55.0,60.0,-140.0,-130.0,normal,0.6398015121618906,0.048746477661647365,106
fp_score,55.0,60.0,-140.0,-130.0,normal,0.055349674710305406,0.05941620589741478,320
fp_rate,55.0,60.0,-140.0,-130.0,poisson,0.045038705137227304,320,
miss_detection,55.0,60.0,-130.0,-120.0,constant,1.0,,
fp_rate,55.0,60.0,-130.0,-120.0,poisson,0.0,0,
miss_detection,55.0,60.0,-120.0,-110.0,constant,1.0,,
fp_rate,55.0,60.0,-120.0,-110.0,poisson,0.0,0,
miss_detection,55.0,60.0,-110.0,-100.0,constant,1.0,,
fp_rate,55.0,60.0,-110.0,-100.0,poisson,0.0,0,
miss_detection,55.0,60.0,-100.0,-90.0,constant,1.0,,
fp_rate,55.0,60.0,-100.0,-90.0,poisson,0.0,0,
miss_detection,55.0,60.0,-90.0,-80.0,constant,1.0,,
fp_rate,55.0,60.0,-90.0,-80.0,poisson,0.0,0,
miss_detection,55.0,60.0,-80.0,-70.0,constant,1.0,,
fp_rate,55.0,60.0,-80.0,-70.0,poisson,0.0,0,
miss_detection,55.0,60.0,-70.0,-60.0,constant,1.0,,
fp_rate,55.0,60.0,-70.0,-60.0,poisson,0.0,0,
miss_detection,55.0,60.0,-60.0,-50.0,constant,1.0,,
fp_rate,55.0,60.0,-60.0,-50.0,poisson,0.0,0,
miss_detection,55.0,60.0,-50.0,-40.0,constant,0.9215686274509803,,
distal,55.0,60.0,-50.0,-40.0,normal,0.0,0.1532309658686242,0.3094788252339542
perpendicular,55.0,60.0,-50.0,-40.0,normal,0.0,0.14388077848592631,0.6155781123947972
height,55.0,60.0,-50.0,-40.0,normal,0.0,0.02504586875929379,0.08564813435077667
yaw,55.0,60.0,-50.0,-40.0,normal,0.0,0.05994082391985086,0.09121155738830566
width,55.0,60.0,-50.0,-40.0,normal,0.0,0.07991541221887039,0.8578094244003296
length,55.0,60.0,-50.0,-40.0,normal,0.0,0.028064903434923585,0.21867188811302185
box_height,55.0,60.0,-50.0,-40.0,normal,0.0,0.016318373080558023,0.07916209101676941
score,55.0,60.0,-50.0,-40.0,normal,0.24425607174634933,0.04156829258492179,51
fp_score,55.0,60.0,-50.0,-40.0,normal,0.04430933302361721,0.03952457496445083,459
fp_rate,55.0,60.0,-50.0,-40.0,poisson,0.06460239268121042,459,
miss_detection,55.0,60.0,-40.0,-30.0,constant,0.875,,
distal,55.0,60.0,-40.0,-30.0,normal,0.0,0.07772750832524625,0.3505342806688535
perpendicular,55.0,60.0,-40.0,-30.0,normal,0.0,0.25446732604658556,0.6086187034822075
height,55.0,60.0,-40.0,-30.0,normal,0.0,0.029431164264678955,0.04238611459732056
yaw,55.0,60.0,-40.0,-30.0,normal,0.0,0.0009628097203115975,0.00453229347733064
width,55.0,60.0,-40.0,-30.0,normal,0.0,0.15326428413391113,0.9256026744842529
length,55.0,60.0,-40.0,-30.0,normal,0.0,0.17313164472579956,0.33900851011276245
box_height,55.0,60.0,-40.0,-30.0,normal,0.0,0.04178512096405029,0.08086860179901123
score,55.0,60.0,-40.0,-30.0,normal,0.16916417703032494,0.052100200206041336,16
fp_score,55.0,60.0,-40.0,-30.0,normal,0.05439012482970877,0.05473100251246898,3930
fp_rate,55.0,60.0,-40.0,-30.0,poisson,0.5531315974665728,3930,
miss_detection,55.0,60.0,-30.0,-20.0,constant,0.6666666666666666,,
distal,55.0,60.0,-30.0,-20.0,normal,0.0,0.120773133556313,0.28488512065499294
perpendicular,55.0,60.0,-30.0,-20.0,normal,0.0,0.154395099577434,0.24967210031501474
height,55.0,60.0,-30.0,-20.0,normal,0.0,0.061354111479641045,0.0949028730392456
yaw,55.0,60.0,-30.0,-20.0,normal,0.0,0.020806845234063107,0.0389620900167286
width,55.0,60.0,-30.0,-20.0,normal,0.0,0.17402160097775113,0.21650179227193198
length,55.0,60.0,-30.0,-20.0,normal,0.0,0.1808571192627259,0.22322348753611246
box_height,55.0,60.0,-30.0,-20.0,normal,0.0,0.0841193530195831,0.1363228956858317
score,55.0,60.0,-30.0,-20.0,normal,0.3922920177380244,0.11133365835431575,18
fp_score,55.0,60.0,-30.0,-20.0,normal,0.05977960807028293,0.06100283242909565,4438
fp_rate,55.0,60.0,-30.0,-20.0,poisson,0.6246305418719211,4438,
miss_detection,55.0,60.0,-20.0,-10.0,constant,0.6041666666666666,,
distal,55.0,60.0,-20.0,-10.0,normal,0.0,0.11626614053104331,0.12897382630911036
perpendicular,55.0,60.0,-20.0,-10.0,normal,0.0,0.17140703281034772,0.21801285951155017
height,55.0,60.0,-20.0,-10.0,normal,0.0,0.09495815237701137,0.21121965584002042
yaw,55.0,60.0,-20.0,-10.0,normal,0.0,0.04759765548670278,0.06193470867304154
width,55.0,60.0,-20.0,-10.0,normal,0.0,0.1118679203494551,0.2186435900236431
length,55.0,60.0,-20.0,-10.0,normal,0.0,0.1301796446977545,0.14798628029070401
box_height,55.0,60.0,-20.0,-10.0,normal,0.0,0.12150997883967735,0.19806026157579923
score,55.0,60.0,-20.0,-10.0,normal,0.45966521925047826,0.15247310215034052,48
fp_score,55.0,60.0,-20.0,-10.0,normal,0.062134896251306526,0.05688751474713042,5955
fp_rate,55.0,60.0,-20.0,-10.0,poisson,0.8381421534130894,5955,
miss_detection,55.0,60.0,-10.0,0.0,constant,0.14251781472684086,,
distal,55.0,60.0,-10.0,0.0,normal,0.0,0.17193869609479656,0.21897393551767375
perpendicular,55.0,60.0,-10.0,0.0,normal,0.0,0.10620366747099182,0.13698263260613022
height,55.0,60.0,-10.0,0.0,normal,0.0,0.08321452480040231,0.12608095169727823
yaw,55.0,60.0,-10.0,0.0,normal,0.0,0.05465917193364608,0.07451934310370366
width,55.0,60.0,-10.0,0.0,normal,0.0,0.290329170320609,0.29065343481682016
length,55.0,60.0,-10.0,0.0,normal,0.0,0.14413942833450158,0.1537365629402224
box_height,55.0,60.0,-10.0,0.0,normal,0.0,0.12340337014098345,0.16285555547624414
score,55.0,60.0,-10.0,0.0,normal,0.5711922918825598,0.11584667712221583,421
fp_score,55.0,60.0,-10.0,0.0,normal,0.07380812364860513,0.0854393935523154,6423
fp_rate,55.0,60.0,-10.0,0.0,poisson,0.9040112596762843,6423,
miss_detection,55.0,60.0,0.0,10.0,constant,0.2082670906200318,,
distal,55.0,60.0,0.0,10.0,normal,0.0,0.16000946574639582,0.20516451794092394
perpendicular,55.0,60.0,0.0,10.0,normal,0.0,0.10469509947171587,0.1332963155727481
height,55.0,60.0,0.0,10.0,normal,0.0,0.09049570318862693,0.11400956597672887
yaw,55.0,60.0,0.0,10.0,normal,0.0,0.08860510338042514,0.09742494224705779
width,55.0,60.0,0.0,10.0,normal,0.0,0.26460562457823206,0.29706174973024424
length,55.0,60.0,0.0,10.0,normal,0.0,0.129183881390018,0.11797147271144821
box_height,55.0,60.0,0.0,10.0,normal,0.0,0.11694823591292534,0.12877231501192454
score,55.0,60.0,0.0,10.0,normal,0.5258014986972254,0.1318251450713432,629
fp_score,55.0,60.0,0.0,10.0,normal,0.079137745036211,0.10422188857061028,8072
fp_rate,55.0,60.0,0.0,10.0,poisson,1.1361013370865587,8072,
miss_detection,55.0,60.0,10.0,20.0,constant,0.20304568527918782,,
distal,55.0,60.0,10.0,20.0,normal,0.0,0.14717226168633268,0.1932597870102941
perpendicular,55.0,60.0,10.0,20.0,normal,0.0,0.09512168413928049,0.11884030925999871
height,55.0,60.0,10.0,20.0,normal,0.0,0.09692240217935487,0.12851759202920707
yaw,55.0,60.0,10.0,20.0,normal,0.0,0.06876683636452027,0.07718446246800677
width,55.0,60.0,10.0,20.0,normal,0.0,0.2111988543872557,0.2883853593449684
length,55.0,60.0,10.0,20.0,normal,0.0,0.09680765431957591,0.12889304130699983
box_height,55.0,60.0,10.0,20.0,normal,0.0,0.11753355050319426,0.13632946105519678
score,55.0,60.0,10.0,20.0,normal,0.5426523555900641,0.15293514526427524,197
fp_score,55.0,60.0,10.0,20.0,normal,0.06378406607400083,0.06991139094421184,6099
fp_rate,55.0,60.0,10.0,20.0,poisson,0.8584095707248417,6099,
miss_detection,55.0,60.0,20.0,30.0,constant,0.5851063829787234,,
distal,55.0,60.0,20.0,30.0,normal,0.0,0.18430391062833665,0.2003236230220616
perpendicular,55.0,60.0,20.0,30.0,normal,0.0,0.10842354307329688,0.13357529661797726
height,55.0,60.0,20.0,30.0,normal,0.0,0.07180022522622842,0.11867804099351932
yaw,55.0,60.0,20.0,30.0,normal,0.0,0.05132352840390099,0.06011607731085961
width,55.0,60.0,20.0,30.0,normal,0.0,0.34186253378423753,0.4075922354673728
length,55.0,60.0,20.0,30.0,normal,0.0,0.15077582655019356,0.13104857848240778
box_height,55.0,60.0,20.0,30.0,normal,0.0,0.10962368926827905,0.16143624599163348
score,55.0,60.0,20.0,30.0,normal,0.5637294508707829,0.1863475691213037,94
fp_score,55.0,60.0,20.0,30.0,normal,0.06766208505076013,0.08152535669587684,3757
fp_rate,55.0,60.0,20.0,30.0,poisson,0.5287825475017593,3757,
miss_detection,55.0,60.0,30.0,40.0,constant,0.4827586206896552,,
distal,55.0,60.0,30.0,40.0,normal,0.0,0.154837116016466,0.23616326775703986
perpendicular,55.0,60.0,30.0,40.0,normal,0.0,0.1440271279817825,0.1571446474033958
height,55.0,60.0,30.0,40.0,normal,0.0,0.09126894955117512,0.15698269208272297
yaw,55.0,60.0,30.0,40.0,normal,0.0,0.06419758627452812,0.07568695035805094
width,55.0,60.0,30.0,40.0,normal,0.0,0.23634318674120577,0.3167810281117757
length,55.0,60.0,30.0,40.0,normal,0.0,0.08153503235746386,0.17050495545069377
box_height,55.0,60.0,30.0,40.0,normal,0.0,0.14248482282732527,0.18098660310109457
score,55.0,60.0,30.0,40.0,normal,0.48439431687196094,0.14029434009703978,58
fp_score,55.0,60.0,30.0,40.0,normal,0.06675875737602659,0.06277146423448755,2572
fp_rate,55.0,60.0,30.0,40.0,poisson,0.36199859254046446,2572,
miss_detection,55.0,60.0,40.0,50.0,constant,1.0,,
fp_score,55.0,60.0,40.0,50.0,normal,0.05830333681717034,0.04366253554493211,310
fp_rate,55.0,60.0,40.0,50.0,poisson,0.043631245601688955,310,
miss_detection,55.0,60.0,50.0,60.0,constant,1.0,,
fp_rate,55.0,60.0,50.0,60.0,poisson,0.0,0,
miss_detection,55.0,60.0,60.0,70.0,constant,1.0,,
fp_rate,55.0,60.0,60.0,70.0,poisson,0.0,0,
miss_detection,55.0,60.0,70.0,80.0,constant,1.0,,
fp_rate,55.0,60.0,70.0,80.0,poisson,0.0,0,
miss_detection,55.0,60.0,80.0,90.0,constant,1.0,,
fp_rate,55.0,60.0,80.0,90.0,poisson,0.0,0,
miss_detection,55.0,60.0,90.0,100.0,constant,1.0,,
fp_rate,55.0,60.0,90.0,100.0,poisson,0.0,0,
miss_detection,55.0,60.0,100.0,110.0,constant,1.0,,
fp_rate,55.0,60.0,100.0,110.0,poisson,0.0,0,
miss_detection,55.0,60.0,110.0,120.0,constant,1.0,,
fp_rate,55.0,60.0,110.0,120.0,poisson,0.0,0,
miss_detection,55.0,60.0,120.0,130.0,constant,1.0,,
fp_rate,55.0,60.0,120.0,130.0,poisson,0.0,0,
miss_detection,55.0,60.0,130.0,140.0,constant,1.0,,
fp_score,55.0,60.0,130.0,140.0,normal,0.08414226129325558,0.10078681055936024,206
fp_rate,55.0,60.0,130.0,140.0,poisson,0.028993666432090077,206,
miss_detection,55.0,60.0,140.0,150.0,constant,0.7037037037037037,,
distal,55.0,60.0,140.0,150.0,normal,0.0,0.1970614083727496,0.2645786988954999
perpendicular,55.0,60.0,140.0,150.0,normal,0.0,0.15164147004321407,0.1698438639322753
height,55.0,60.0,140.0,150.0,normal,0.0,0.16145672380787482,0.1578052118420601
yaw,55.0,60.0,140.0,150.0,normal,0.0,0.0290735382480022,0.04097436719230663
width,55.0,60.0,140.0,150.0,normal,0.0,0.1569988029086305,0.47422224283218384
length,55.0,60.0,140.0,150.0,normal,0.0,0.1605536067560412,0.25763051211833954
box_height,55.0,60.0,140.0,150.0,normal,0.0,0.10771813057524551,0.15914921462535858
score,55.0,60.0,140.0,150.0,normal,0.5204219147562981,0.08645684867501459,27
fp_score,55.0,60.0,140.0,150.0,normal,0.06415044179949918,0.06310293540598248,2339
fp_rate,55.0,60.0,140.0,150.0,poisson,0.3292047853624208,2339,
miss_detection,55.0,60.0,150.0,160.0,constant,0.5108695652173914,,
distal,55.0,60.0,150.0,160.0,normal,0.0,0.15775626089649256,0.23738978556228285
perpendicular,55.0,60.0,150.0,160.0,normal,0.0,0.18987670457376177,0.2308242973297375
height,55.0,60.0,150.0,160.0,normal,0.0,0.0932055093729719,0.12528381082746717
yaw,55.0,60.0,150.0,160.0,normal,0.0,0.09146520107303,0.10316396021634597
width,55.0,60.0,150.0,160.0,normal,0.0,0.3161902172690086,0.3759529749552409
length,55.0,60.0,150.0,160.0,normal,0.0,0.12238173087462094,0.1828941265741984
box_height,55.0,60.0,150.0,160.0,normal,0.0,0.1086556838962571,0.13984035915798612
score,55.0,60.0,150.0,160.0,normal,0.5669107798073026,0.137208046767203,92
fp_score,55.0,60.0,150.0,160.0,normal,0.07777292645671068,0.09303973388457602,3049
fp_rate,55.0,60.0,150.0,160.0,poisson,0.4291344123856439,3049,
miss_detection,55.0,60.0,160.0,170.0,constant,0.3149171270718232,,
distal,55.0,60.0,160.0,170.0,normal,0.0,0.13494812679519155,0.20975650148568223
perpendicular,55.0,60.0,160.0,170.0,normal,0.0,0.10257447711296912,0.12235995229709709
height,55.0,60.0,160.0,170.0,normal,0.0,0.09391844877851614,0.13591910610275884
yaw,55.0,60.0,160.0,170.0,normal,0.0,0.07518566113487711,0.08639975097311707
width,55.0,60.0,160.0,170.0,normal,0.0,0.2689590270556288,0.347418196739689
length,55.0,60.0,160.0,170.0,normal,0.0,0.13234983322175436,0.19095553794214803
box_height,55.0,60.0,160.0,170.0,normal,0.0,0.12581834170604012,0.1523761547380878
score,55.0,60.0,160.0,170.0,normal,0.5598169168036792,0.1481313252014613,181
fp_score,55.0,60.0,160.0,170.0,normal,0.0688006333111381,0.0749967666301958,4797
fp_rate,55.0,60.0,160.0,170.0,poisson,0.675158339197748,4797,
miss_detection,55.0,60.0,170.0,180.0,constant,0.48303393213572854,,
distal,55.0,60.0,170.0,180.0,normal,0.0,0.19990443222095952,0.2793024776114627
perpendicular,55.0,60.0,170.0,180.0,normal,0.0,0.09297445824598695,0.1279659621811016
height,55.0,60.0,170.0,180.0,normal,0.0,0.08114366455558648,0.10972387496108714
yaw,55.0,60.0,170.0,180.0,normal,0.0,0.14419796027513604,0.11830076202949792
width,55.0,60.0,170.0,180.0,normal,0.0,0.3868598184920059,0.4765390456873478
length,55.0,60.0,170.0,180.0,normal,0.0,0.19840556725962488,0.17889092281518296
box_height,55.0,60.0,170.0,180.0,normal,0.0,0.1305716504251403,0.17736523676102686
score,55.0,60.0,170.0,180.0,normal,0.5216030805267422,0.12907846867066067,501
fp_score,55.0,60.0,170.0,180.0,normal,0.08125618792851944,0.09967124788329623,6039
fp_rate,55.0,60.0,170.0,180.0,poisson,0.8499648135116116,6039,
miss_detection,60.0,65.0,-180.0,-170.0,constant,0.3760504201680672,,
distal,60.0,65.0,-180.0,-170.0,normal,0.0,0.18853602970000233,0.27352478919233547
perpendicular,60.0,65.0,-180.0,-170.0,normal,0.0,0.12494114512013567,0.16239858344835564
height,60.0,65.0,-180.0,-170.0,normal,0.0,0.11249192791142344,0.12675108050657843
yaw,60.0,65.0,-180.0,-170.0,normal,0.0,0.08838962205341258,0.11985156510594945
width,60.0,65.0,-180.0,-170.0,normal,0.0,0.3522856972445639,0.40979842063955185
length,60.0,65.0,-180.0,-170.0,normal,0.0,0.171507771958361,0.21017193914663912
box_height,60.0,65.0,-180.0,-170.0,normal,0.0,0.1342292812511744,0.17516120355137269
score,60.0,65.0,-180.0,-170.0,normal,0.40400821509887075,0.10539006471795122,476
fp_score,60.0,65.0,-180.0,-170.0,normal,0.08224468050222024,0.09789305622502138,7295
fp_rate,60.0,65.0,-180.0,-170.0,poisson,1.0267417311752287,7295,
miss_detection,60.0,65.0,-170.0,-160.0,constant,0.4523809523809524,,
distal,60.0,65.0,-170.0,-160.0,normal,0.0,0.1421378499505235,0.19491074330741623
perpendicular,60.0,65.0,-170.0,-160.0,normal,0.0,0.2045771109430155,0.2164768980322765
height,60.0,65.0,-170.0,-160.0,normal,0.0,0.06686959142215793,0.09570892738259357
yaw,60.0,65.0,-170.0,-160.0,normal,0.0,0.06405160360271797,0.07098800294799823
width,60.0,65.0,-170.0,-160.0,normal,0.0,0.17733869704512295,0.19920434122500214
length,60.0,65.0,-170.0,-160.0,normal,0.0,0.19229457676132897,0.2554956208104673
box_height,60.0,65.0,-170.0,-160.0,normal,0.0,0.043140580013452376,0.08611230746559474
score,60.0,65.0,-170.0,-160.0,normal,0.4420162641807743,0.1703130119354392,42
fp_score,60.0,65.0,-170.0,-160.0,normal,0.06643294141983516,0.05807141775210803,6617
fp_rate,60.0,65.0,-170.0,-160.0,poisson,0.9313159746657284,6617,
miss_detection,60.0,65.0,-160.0,-150.0,constant,0.2857142857142857,,
distal,60.0,65.0,-160.0,-150.0,normal,0.0,0.23814565323020967,0.23289258716350014
perpendicular,60.0,65.0,-160.0,-150.0,normal,0.0,0.12286838108959088,0.20526294053703306
height,60.0,65.0,-160.0,-150.0,normal,0.0,0.10360803797264304,0.12694818377494813
yaw,60.0,65.0,-160.0,-150.0,normal,0.0,0.08309298618079468,0.09322289048046847
width,60.0,65.0,-160.0,-150.0,normal,0.0,0.3316090412785551,0.4579911231994629
length,60.0,65.0,-160.0,-150.0,normal,0.0,0.26685997092816444,0.21227930784225463
box_height,60.0,65.0,-160.0,-150.0,normal,0.0,0.09006628488126633,0.13887356519699096
score,60.0,65.0,-160.0,-150.0,normal,0.31429908871650697,0.08420130423439456,14
fp_score,60.0,65.0,-160.0,-150.0,normal,0.060915006930592645,0.05414964372571002,4863
fp_rate,60.0,65.0,-160.0,-150.0,poisson,0.6844475721323012,4863,
miss_detection,60.0,65.0,-150.0,-140.0,constant,0.6818181818181818,,
distal,60.0,65.0,-150.0,-140.0,normal,0.0,0.1696922508967885,0.2536737248419072
perpendicular,60.0,65.0,-150.0,-140.0,normal,0.0,0.18637461640787897,0.41534410520607323
height,60.0,65.0,-150.0,-140.0,normal,0.0,0.07881009860541845,0.08461110080991473
yaw,60.0,65.0,-150.0,-140.0,normal,0.0,0.08016063189802265,0.07336613564226571
width,60.0,65.0,-150.0,-140.0,normal,0.0,0.39471425061743154,0.32696240288870676
length,60.0,65.0,-150.0,-140.0,normal,0.0,0.16449977404747693,0.3945238930838449
box_height,60.0,65.0,-150.0,-140.0,normal,0.0,0.10722488866198843,0.06936248711177281
score,60.0,65.0,-150.0,-140.0,normal,0.5544534368174416,0.20336444752961144,22
fp_score,60.0,65.0,-150.0,-140.0,normal,0.055811041212684626,0.05385857793664039,2502
fp_rate,60.0,65.0,-150.0,-140.0,poisson,0.352146375791696,2502,
miss_detection,60.0,65.0,-140.0,-130.0,constant,1.0,,
fp_rate,60.0,65.0,-140.0,-130.0,poisson,0.00014074595355383532,1,
miss_detection,60.0,65.0,-130.0,-120.0,constant,1.0,,
fp_rate,60.0,65.0,-130.0,-120.0,poisson,0.0,0,
miss_detection,60.0,65.0,-120.0,-110.0,constant,1.0,,
fp_rate,60.0,65.0,-120.0,-110.0,poisson,0.0,0,
miss_detection,60.0,65.0,-100.0,-90.0,constant,1.0,,
fp_rate,60.0,65.0,-100.0,-90.0,poisson,0.0,0,
miss_detection,60.0,65.0,-90.0,-80.0,constant,1.0,,
fp_rate,60.0,65.0,-90.0,-80.0,poisson,0.0,0,
miss_detection,60.0,65.0,-80.0,-70.0,constant,1.0,,
fp_rate,60.0,65.0,-80.0,-70.0,poisson,0.0,0,
miss_detection,60.0,65.0,-70.0,-60.0,constant,1.0,,
fp_rate,60.0,65.0,-70.0,-60.0,poisson,0.0,0,
miss_detection,60.0,65.0,-60.0,-50.0,constant,1.0,,
fp_rate,60.0,65.0,-60.0,-50.0,poisson,0.0,0,
miss_detection,60.0,65.0,-50.0,-40.0,constant,1.0,,
fp_rate,60.0,65.0,-50.0,-40.0,poisson,0.0,0,
miss_detection,60.0,65.0,-40.0,-30.0,constant,1.0,,
fp_score,60.0,65.0,-40.0,-30.0,normal,0.05270894484693027,0.049342654935630934,2967
fp_rate,60.0,65.0,-40.0,-30.0,poisson,0.41759324419422944,2967,
miss_detection,60.0,65.0,-30.0,-20.0,constant,0.625,,
distal,60.0,65.0,-30.0,-20.0,normal,0.0,0.08782109603097779,0.2937040344673787
perpendicular,60.0,65.0,-30.0,-20.0,normal,0.0,0.23706553071733566,0.259695083459584
height,60.0,65.0,-30.0,-20.0,normal,0.0,0.011259066991830184,0.10204112529754639
yaw,60.0,65.0,-30.0,-20.0,normal,0.0,0.039021254266952445,0.055408308241980585
width,60.0,65.0,-30.0,-20.0,normal,0.0,0.026114877058076916,0.341680367787679
length,60.0,65.0,-30.0,-20.0,normal,0.0,0.1860063304016301,0.14491844177246094
box_height,60.0,65.0,-30.0,-20.0,normal,0.0,0.03680673214794507,0.08320816357930501
score,60.0,65.0,-30.0,-20.0,normal,0.3881901452938716,0.19658435123138046,8
fp_score,60.0,65.0,-30.0,-20.0,normal,0.05974518160094288,0.05330815020173694,6118
fp_rate,60.0,65.0,-30.0,-20.0,poisson,0.8610837438423645,6118,
miss_detection,60.0,65.0,-20.0,-10.0,constant,0.7804878048780488,,
distal,60.0,65.0,-20.0,-10.0,normal,0.0,0.07832055071987153,0.11702019247662473
perpendicular,60.0,65.0,-20.0,-10.0,normal,0.0,0.08418869685981496,0.09953299753778795
height,60.0,65.0,-20.0,-10.0,normal,0.0,0.1403286635886267,0.22322220934761894
yaw,60.0,65.0,-20.0,-10.0,normal,0.0,0.03330286648525316,0.04353324737813738
width,60.0,65.0,-20.0,-10.0,normal,0.0,0.15253206564173205,0.2609868049621582
length,60.0,65.0,-20.0,-10.0,normal,0.0,0.04683980664465592,0.06556993060641819
box_height,60.0,65.0,-20.0,-10.0,normal,0.0,0.1244846281066741,0.2684505118264092
score,60.0,65.0,-20.0,-10.0,normal,0.4616635176870558,0.12319692870068902,41
fp_score,60.0,65.0,-20.0,-10.0,normal,0.053303029504666526,0.04121929054489678,15048
fp_rate,60.0,65.0,-20.0,-10.0,poisson,2.117945109078114,15048,
miss_detection,60.0,65.0,-10.0,0.0,constant,0.388646288209607,,
distal,60.0,65.0,-10.0,0.0,normal,0.0,0.1688731453733758,0.24469129018525143
perpendicular,60.0,65.0,-10.0,0.0,normal,0.0,0.11029397353091422,0.130622769877897
height,60.0,65.0,-10.0,0.0,normal,0.0,0.09652743197001105,0.13417406465326037
yaw,60.0,65.0,-10.0,0.0,normal,0.0,0.05785020258980432,0.07259559293650267
width,60.0,65.0,-10.0,0.0,normal,0.0,0.31494367460901784,0.40217215163367137
length,60.0,65.0,-10.0,0.0,normal,0.0,0.16369548129791153,0.2188686192035675
box_height,60.0,65.0,-10.0,0.0,normal,0.0,0.15287500957128927,0.18343736699649266
score,60.0,65.0,-10.0,0.0,normal,0.4846312092351062,0.1356796869544139,229
fp_score,60.0,65.0,-10.0,0.0,normal,0.054974402438639984,0.05605871652795205,13710
fp_rate,60.0,65.0,-10.0,0.0,poisson,1.9296270232230823,13710,
miss_detection,60.0,65.0,0.0,10.0,constant,0.3253588516746411,,
distal,60.0,65.0,0.0,10.0,normal,0.0,0.1692195801679765,0.20421461066805294
perpendicular,60.0,65.0,0.0,10.0,normal,0.0,0.10078339245572975,0.11574599354398739
height,60.0,65.0,0.0,10.0,normal,0.0,0.10871295701962519,0.15562585228723838
yaw,60.0,65.0,0.0,10.0,normal,0.0,0.059172462383655915,0.07598425105295119
width,60.0,65.0,0.0,10.0,normal,0.0,0.3156649364682765,0.31415029366811115
length,60.0,65.0,0.0,10.0,normal,0.0,0.12589056750009062,0.146244116286014
box_height,60.0,65.0,0.0,10.0,normal,0.0,0.11977884262429447,0.12849059975739066
score,60.0,65.0,0.0,10.0,normal,0.4963335676501829,0.1287354842944854,418
fp_score,60.0,65.0,0.0,10.0,normal,0.06051497335338347,0.0734374725215265,17349
fp_rate,60.0,65.0,0.0,10.0,poisson,2.441801548205489,17349,
miss_detection,60.0,65.0,10.0,20.0,constant,0.23076923076923078,,
distal,60.0,65.0,10.0,20.0,normal,0.0,0.13771810158564776,0.18172267896569164
perpendicular,60.0,65.0,10.0,20.0,normal,0.0,0.11095783769477244,0.13120311674933313
height,60.0,65.0,10.0,20.0,normal,0.0,0.1049468018617895,0.14472463130950927
yaw,60.0,65.0,10.0,20.0,normal,0.0,0.04714294328552189,0.0636340592861619
width,60.0,65.0,10.0,20.0,normal,0.0,0.18005860406494376,0.28697826703389484
length,60.0,65.0,10.0,20.0,normal,0.0,0.08331309973545574,0.12127468824386596
box_height,60.0,65.0,10.0,20.0,normal,0.0,0.11051336804624491,0.16684914271036783
score,60.0,65.0,10.0,20.0,normal,0.5143839799364408,0.17334279973734432,195
fp_score,60.0,65.0,10.0,20.0,normal,0.05241403240839628,0.05084622950490383,14886
fp_rate,60.0,65.0,10.0,20.0,poisson,2.095144264602393,14886,
miss_detection,60.0,65.0,20.0,30.0,constant,0.5737704918032787,,
distal,60.0,65.0,20.0,30.0,normal,0.0,0.15623326212259078,0.15751620505326477
perpendicular,60.0,65.0,20.0,30.0,normal,0.0,0.09618240563981699,0.10825501820142068
height,60.0,65.0,20.0,30.0,normal,0.0,0.07917010942007961,0.12534454006415147
yaw,60.0,65.0,20.0,30.0,normal,0.0,0.07318031876441808,0.06333386068574622
width,60.0,65.0,20.0,30.0,normal,0.0,0.377056248519307,0.37220998910757214
length,60.0,65.0,20.0,30.0,normal,0.0,0.07029590392310449,0.08940161649997418
box_height,60.0,65.0,20.0,30.0,normal,0.0,0.12163204511003628,0.1400878200164208
score,60.0,65.0,20.0,30.0,normal,0.6108282884726157,0.12444011210040974,61
fp_score,60.0,65.0,20.0,30.0,normal,0.06674228968078998,0.06816790252484622,4807
fp_rate,60.0,65.0,20.0,30.0,poisson,0.6765657987332864,4807,
miss_detection,60.0,65.0,30.0,40.0,constant,0.6666666666666666,,
distal,60.0,65.0,30.0,40.0,normal,0.0,0.1958037054077701,0.2692551110817946
perpendicular,60.0,65.0,30.0,40.0,normal,0.0,0.09787637603002806,0.20583575649492233
height,60.0,65.0,30.0,40.0,normal,0.0,0.088565575802398,0.11092997193336487
yaw,60.0,65.0,30.0,40.0,normal,0.0,0.05914685281270695,0.08473167528761465
width,60.0,65.0,30.0,40.0,normal,0.0,0.3222331233734443,0.24249773025512694
length,60.0,65.0,30.0,40.0,normal,0.0,0.1228500521361147,0.1763288378715515
box_height,60.0,65.0,30.0,40.0,normal,0.0,0.14844597138406257,0.14421857595443727
score,60.0,65.0,30.0,40.0,normal,0.3999835401773453,0.14215541300001494,30
fp_score,60.0,65.0,30.0,40.0,normal,0.06589711306078153,0.06156573504735141,1598
fp_rate,60.0,65.0,30.0,40.0,poisson,0.22491203377902885,1598,
miss_detection,60.0,65.0,40.0,50.0,constant,1.0,,
fp_rate,60.0,65.0,40.0,50.0,poisson,0.00014074595355383532,1,
miss_detection,60.0,65.0,50.0,60.0,constant,1.0,,
fp_rate,60.0,65.0,50.0,60.0,poisson,0.0,0,
miss_detection,60.0,65.0,60.0,70.0,constant,1.0,,
fp_rate,60.0,65.0,60.0,70.0,poisson,0.0,0,
miss_detection,60.0,65.0,70.0,80.0,constant,1.0,,
fp_rate,60.0,65.0,70.0,80.0,poisson,0.0,0,
miss_detection,60.0,65.0,90.0,100.0,constant,1.0,,
fp_rate,60.0,65.0,90.0,100.0,poisson,0.0,0,
miss_detection,60.0,65.0,100.0,110.0,constant,1.0,,
fp_rate,60.0,65.0,100.0,110.0,poisson,0.0,0,
miss_detection,60.0,65.0,110.0,120.0,constant,1.0,,
fp_rate,60.0,65.0,110.0,120.0,poisson,0.0,0,
miss_detection,60.0,65.0,120.0,130.0,constant,1.0,,
fp_rate,60.0,65.0,120.0,130.0,poisson,0.0,0,
miss_detection,60.0,65.0,130.0,140.0,constant,1.0,,
fp_rate,60.0,65.0,130.0,140.0,poisson,0.0,0,
miss_detection,60.0,65.0,140.0,150.0,constant,0.8666666666666667,,
distal,60.0,65.0,140.0,150.0,normal,0.0,0.06796798066315554,0.37154598327162003
perpendicular,60.0,65.0,140.0,150.0,normal,0.0,0.112627808558923,0.24935299929698226
height,60.0,65.0,140.0,150.0,normal,0.0,0.03405557689751318,0.19430416822433472
yaw,60.0,65.0,140.0,150.0,normal,0.0,0.061181479957553506,0.10797350009414153
width,60.0,65.0,140.0,150.0,normal,0.0,0.14502919668080258,0.5446562767028809
length,60.0,65.0,140.0,150.0,normal,0.0,0.13604450030372006,0.3676990270614624
box_height,60.0,65.0,140.0,150.0,normal,0.0,0.09258923612823981,0.21985620260238647
score,60.0,65.0,140.0,150.0,normal,0.4920896589756012,0.09766068307721353,30
fp_score,60.0,65.0,140.0,150.0,normal,0.0662708946451435,0.0607538021993033,2174
fp_rate,60.0,65.0,140.0,150.0,poisson,0.305981703026038,2174,
miss_detection,60.0,65.0,150.0,160.0,constant,0.7553191489361702,,
distal,60.0,65.0,150.0,160.0,normal,0.0,0.1561783321984076,0.19312037832763154
perpendicular,60.0,65.0,150.0,160.0,normal,0.0,0.18854065355365418,0.21872713832997537
height,60.0,65.0,150.0,160.0,normal,0.0,0.07351120658863806,0.10653091772742894
yaw,60.0,65.0,150.0,160.0,normal,0.0,0.06830490346058853,0.11383340238211072
width,60.0,65.0,150.0,160.0,normal,0.0,0.3352110417343304,0.4535732476607613
length,60.0,65.0,150.0,160.0,normal,0.0,0.14016110035496177,0.20305988062982974
box_height,60.0,65.0,150.0,160.0,normal,0.0,0.12684731900592677,0.1582950146301933
score,60.0,65.0,150.0,160.0,normal,0.5328089594841003,0.14986833605159885,94
fp_score,60.0,65.0,150.0,160.0,normal,0.06984269646554078,0.08562940109678126,3365
fp_rate,60.0,65.0,150.0,160.0,poisson,0.4736101337086559,3365,
miss_detection,60.0,65.0,160.0,170.0,constant,0.42962962962962964,,
distal,60.0,65.0,160.0,170.0,normal,0.0,0.1887177030629619,0.24836593464471002
perpendicular,60.0,65.0,160.0,170.0,normal,0.0,0.11661918684726352,0.14223703245706174
height,60.0,65.0,160.0,170.0,normal,0.0,0.08939687765177388,0.12459933138512946
yaw,60.0,65.0,160.0,170.0,normal,0.0,0.07469807968881348,0.09161017981755291
width,60.0,65.0,160.0,170.0,normal,0.0,0.29434394162321503,0.31319671791869325
length,60.0,65.0,160.0,170.0,normal,0.0,0.10726983767350463,0.15304323914763215
box_height,60.0,65.0,160.0,170.0,normal,0.0,0.12201899741470017,0.1575360205266383
score,60.0,65.0,160.0,170.0,normal,0.5200765773460463,0.19848548420757334,135
fp_score,60.0,65.0,160.0,170.0,normal,0.06490035509658845,0.06871930517486716,5565
fp_rate,60.0,65.0,160.0,170.0,poisson,0.7832512315270936,5565,
miss_detection,60.0,65.0,170.0,180.0,constant,0.4282511210762332,,
distal,60.0,65.0,170.0,180.0,normal,0.0,0.1540389637315521,0.1933191143449083
perpendicular,60.0,65.0,170.0,180.0,normal,0.0,0.12140037412084748,0.145152241661659
height,60.0,65.0,170.0,180.0,normal,0.0,0.09671906132554384,0.13258524735768637
yaw,60.0,65.0,170.0,180.0,normal,0.0,0.10016585006557971,0.12572925770163987
width,60.0,65.0,170.0,180.0,normal,0.0,0.29730515191620704,0.36652374267578125
length,60.0,65.0,170.0,180.0,normal,0.0,0.11634502197040773,0.1589524979684867
box_height,60.0,65.0,170.0,180.0,normal,0.0,0.11759502089747685,0.14649206890779384
score,60.0,65.0,170.0,180.0,normal,0.4779449388384819,0.1217707058074285,446
fp_score,60.0,65.0,170.0,180.0,normal,0.08224365994163522,0.10185030438213714,7682
fp_rate,60.0,65.0,170.0,180.0,poisson,1.081210415200563,7682,
miss_detection,65.0,70.0,-180.0,-170.0,constant,0.4897260273972603,,
distal,65.0,70.0,-180.0,-170.0,normal,0.0,0.19420341677801747,0.27446334398177114
perpendicular,65.0,70.0,-180.0,-170.0,normal,0.0,0.13290081440993468,0.1681543137644162
height,65.0,70.0,-180.0,-170.0,normal,0.0,0.09062239365630102,0.12262328799138933
yaw,65.0,70.0,-180.0,-170.0,normal,0.0,0.09231063896503632,0.11948381161768841
width,65.0,70.0,-180.0,-170.0,normal,0.0,0.3551400763529845,0.4335721211145388
length,65.0,70.0,-180.0,-170.0,normal,0.0,0.17058962209935996,0.16803123246903387
box_height,65.0,70.0,-180.0,-170.0,normal,0.0,0.14357995757702385,0.20996112231440192
score,65.0,70.0,-180.0,-170.0,normal,0.3206626238588919,0.11129338640483864,292
fp_score,65.0,70.0,-180.0,-170.0,normal,0.06546196189025505,0.06572199457743713,6524
fp_rate,65.0,70.0,-180.0,-170.0,poisson,0.9182266009852217,6524,
miss_detection,65.0,70.0,-170.0,-160.0,constant,0.41379310344827586,,
distal,65.0,70.0,-170.0,-160.0,normal,0.0,0.09547356808230947,0.1401623499219901
perpendicular,65.0,70.0,-170.0,-160.0,normal,0.0,0.19797811072527027,0.2277727088432935
height,65.0,70.0,-170.0,-160.0,normal,0.0,0.07518408459532655,0.12395662069320679
yaw,65.0,70.0,-170.0,-160.0,normal,0.0,0.04805411708566386,0.06414848355732454
width,65.0,70.0,-170.0,-160.0,normal,0.0,0.19912298551241464,0.3090941204744227
length,65.0,70.0,-170.0,-160.0,normal,0.0,0.20602501370318319,0.26050932968364043
box_height,65.0,70.0,-170.0,-160.0,normal,0.0,0.047149118859989694,0.08213331418878891
score,65.0,70.0,-170.0,-160.0,normal,0.42896277764264273,0.15472835643511645,29
fp_score,65.0,70.0,-170.0,-160.0,normal,0.06352842166299594,0.05022912721963345,7148
fp_rate,65.0,70.0,-170.0,-160.0,poisson,1.0060520760028149,7148,
miss_detection,65.0,70.0,-160.0,-150.0,constant,0.75,,
distal,65.0,70.0,-160.0,-150.0,normal,0.0,0.01785318968213921,0.14976970473823492
perpendicular,65.0,70.0,-160.0,-150.0,normal,0.0,0.11599568835803101,0.12987955495742765
height,65.0,70.0,-160.0,-150.0,normal,0.0,0.005449175834655762,0.30072444677352905
yaw,65.0,70.0,-160.0,-150.0,normal,0.0,0.07124507427215576,0.10261547565460205
width,65.0,70.0,-160.0,-150.0,normal,0.0,0.09958338737487793,0.3054683208465576
length,65.0,70.0,-160.0,-150.0,normal,0.0,0.02423095703125,0.04582691192626953
box_height,65.0,70.0,-160.0,-150.0,normal,0.0,0.012428045272827148,0.27652204036712646
score,65.0,70.0,-160.0,-150.0,normal,0.45636846125125885,0.1568213552236557,8
fp_score,65.0,70.0,-160.0,-150.0,normal,0.06150710660248969,0.053139594992347286,4604
fp_rate,65.0,70.0,-160.0,-150.0,poisson,0.6479943701618578,4604,
miss_detection,65.0,70.0,-150.0,-140.0,constant,0.7777777777777778,,
distal,65.0,70.0,-150.0,-140.0,normal,0.0,0.06738725384763929,0.2070609004417118
perpendicular,65.0,70.0,-150.0,-140.0,normal,0.0,0.17911011594056564,0.3780158708175818
height,65.0,70.0,-150.0,-140.0,normal,0.0,0.07452301475223608,0.1262103021144867
yaw,65.0,70.0,-150.0,-140.0,normal,0.0,0.044354467853104394,0.08632579445838928
width,65.0,70.0,-150.0,-140.0,normal,0.0,0.10224450576688525,0.2193366289138794
length,65.0,70.0,-150.0,-140.0,normal,0.0,0.06432836944476744,0.35813194513320923
box_height,65.0,70.0,-150.0,-140.0,normal,0.0,0.05545216489256654,0.06441694498062134
score,65.0,70.0,-150.0,-140.0,normal,0.5834068059921265,0.07372243923159669,18
fp_score,65.0,70.0,-150.0,-140.0,normal,0.060679917622719654,0.05751989612915247,1564
fp_rate,65.0,70.0,-150.0,-140.0,poisson,0.22012667135819844,1564,
miss_detection,65.0,70.0,-140.0,-130.0,constant,1.0,,
fp_rate,65.0,70.0,-140.0,-130.0,poisson,0.0,0,
miss_detection,65.0,70.0,-130.0,-120.0,constant,1.0,,
fp_rate,65.0,70.0,-130.0,-120.0,poisson,0.0,0,
miss_detection,65.0,70.0,-100.0,-90.0,constant,1.0,,
fp_rate,65.0,70.0,-100.0,-90.0,poisson,0.0,0,
miss_detection,65.0,70.0,-90.0,-80.0,constant,1.0,,
fp_rate,65.0,70.0,-90.0,-80.0,poisson,0.0,0,
miss_detection,65.0,70.0,-80.0,-70.0,constant,1.0,,
fp_rate,65.0,70.0,-80.0,-70.0,poisson,0.0,0,
miss_detection,65.0,70.0,-70.0,-60.0,constant,1.0,,
fp_rate,65.0,70.0,-70.0,-60.0,poisson,0.0,0,
miss_detection,65.0,70.0,-60.0,-50.0,constant,1.0,,
fp_rate,65.0,70.0,-60.0,-50.0,poisson,0.0,0,
miss_detection,65.0,70.0,-50.0,-40.0,constant,1.0,,
fp_rate,65.0,70.0,-50.0,-40.0,poisson,0.0,0,
miss_detection,65.0,70.0,-40.0,-30.0,constant,1.0,,
fp_score,65.0,70.0,-40.0,-30.0,normal,0.05463905087201123,0.04764786408280351,1987
fp_rate,65.0,70.0,-40.0,-30.0,poisson,0.2796622097114708,1987,
miss_detection,65.0,70.0,-30.0,-20.0,constant,0.0,,
distal,65.0,70.0,-30.0,-20.0,normal,0.0,0.02939485910293378,0.3587537928069908
perpendicular,65.0,70.0,-30.0,-20.0,normal,0.0,0.06273468879005581,0.10206055879098878
height,65.0,70.0,-30.0,-20.0,normal,0.0,0.010461211204528809,0.06063485145568848
yaw,65.0,70.0,-30.0,-20.0,normal,0.0,0.019366832571574122,0.046630799770355225
width,65.0,70.0,-30.0,-20.0,normal,0.0,0.08312296867370605,0.14027667045593262
length,65.0,70.0,-30.0,-20.0,normal,0.0,0.010687708854675293,0.49668848514556885
box_height,65.0,70.0,-30.0,-20.0,normal,0.0,0.017337322235107422,0.3837730884552002
score,65.0,70.0,-30.0,-20.0,normal,0.6281565129756927,0.012977749109268188,2
fp_score,65.0,70.0,-30.0,-20.0,normal,0.04832524698170194,0.029559719515665817,19064
fp_rate,65.0,70.0,-30.0,-20.0,poisson,2.6831808585503167,19064,
miss_detection,65.0,70.0,-20.0,-10.0,constant,0.6944444444444444,,
distal,65.0,70.0,-20.0,-10.0,normal,0.0,0.1386083831021607,0.20923731912246077
perpendicular,65.0,70.0,-20.0,-10.0,normal,0.0,0.11939100152713353,0.15689952280188724
height,65.0,70.0,-20.0,-10.0,normal,0.0,0.12787128323714717,0.15774370323527942
yaw,65.0,70.0,-20.0,-10.0,normal,0.0,0.03023744691871303,0.05901511943725491
width,65.0,70.0,-20.0,-10.0,normal,0.0,0.14255959982268723,0.18915081024169922
length,65.0,70.0,-20.0,-10.0,normal,0.0,0.11684600022588262,0.0990532636642456
box_height,65.0,70.0,-20.0,-10.0,normal,0.0,0.1355078936093096,0.23750810189680618
score,65.0,70.0,-20.0,-10.0,normal,0.36934117701920594,0.1383516229646629,36
fp_score,65.0,70.0,-20.0,-10.0,normal,0.05626388627691136,0.05562877467130293,9620
fp_rate,65.0,70.0,-20.0,-10.0,poisson,1.3539760731878958,9620,
miss_detection,65.0,70.0,-10.0,0.0,constant,0.4093567251461988,,
distal,65.0,70.0,-10.0,0.0,normal,0.0,0.2107243227372061,0.2950403009416909
perpendicular,65.0,70.0,-10.0,0.0,normal,0.0,0.10985991604456041,0.148327254530261
height,65.0,70.0,-10.0,0.0,normal,0.0,0.09838272839801494,0.1532277777643487
yaw,65.0,70.0,-10.0,0.0,normal,0.0,0.053985219565787945,0.06665055159867593
width,65.0,70.0,-10.0,0.0,normal,0.0,0.3490238346372536,0.47857808594656465
length,65.0,70.0,-10.0,0.0,normal,0.0,0.16322070514094222,0.20665599331997409
box_height,65.0,70.0,-10.0,0.0,normal,0.0,0.15878777374168832,0.20224249480974557
score,65.0,70.0,-10.0,0.0,normal,0.4499336838132084,0.12238500006590611,171
fp_score,65.0,70.0,-10.0,0.0,normal,0.06753008644296903,0.07126719272217369,8358
fp_rate,65.0,70.0,-10.0,0.0,poisson,1.1763546798029556,8358,
miss_detection,65.0,70.0,0.0,10.0,constant,0.27979274611398963,,
distal,65.0,70.0,0.0,10.0,normal,0.0,0.2026138520127488,0.23051875499142999
perpendicular,65.0,70.0,0.0,10.0,normal,0.0,0.09869566940078252,0.1317958549176531
height,65.0,70.0,0.0,10.0,normal,0.0,0.10925061357168285,0.15118985639201651
yaw,65.0,70.0,0.0,10.0,normal,0.0,0.06572406203646677,0.07913231031810898
width,65.0,70.0,0.0,10.0,normal,0.0,0.38928217315175784,0.33142198590065935
length,65.0,70.0,0.0,10.0,normal,0.0,0.1331366012304116,0.16861711002939897
box_height,65.0,70.0,0.0,10.0,normal,0.0,0.1755155874247931,0.17244025185811435
score,65.0,70.0,0.0,10.0,normal,0.48942032761925414,0.13888557052363443,386
fp_score,65.0,70.0,0.0,10.0,normal,0.0640013041447625,0.07528072112924464,9020
fp_rate,65.0,70.0,0.0,10.0,poisson,1.2695285010555946,9020,
miss_detection,65.0,70.0,10.0,20.0,constant,0.5460122699386503,,
distal,65.0,70.0,10.0,20.0,normal,0.0,0.16685875591229518,0.22374997733407923
perpendicular,65.0,70.0,10.0,20.0,normal,0.0,0.13029561125415298,0.17220093956950464
height,65.0,70.0,10.0,20.0,normal,0.0,0.080758746014345,0.09399979581704011
yaw,65.0,70.0,10.0,20.0,normal,0.0,0.0661836601805893,0.07475405721069223
width,65.0,70.0,10.0,20.0,normal,0.0,0.2174725409705783,0.3543184447932888
length,65.0,70.0,10.0,20.0,normal,0.0,0.07081696949139693,0.09076333045959473
box_height,65.0,70.0,10.0,20.0,normal,0.0,0.1495397264528773,0.21091318935961337
score,65.0,70.0,10.0,20.0,normal,0.4999757459437525,0.1470476695873295,326
fp_score,65.0,70.0,10.0,20.0,normal,0.055405241693211656,0.07203750107565117,11760
fp_rate,65.0,70.0,10.0,20.0,poisson,1.6551724137931034,11760,
miss_detection,65.0,70.0,20.0,30.0,constant,0.5,,
distal,65.0,70.0,20.0,30.0,normal,0.0,0.10454250537513685,0.13653044380910684
perpendicular,65.0,70.0,20.0,30.0,normal,0.0,0.08257033529821589,0.10579888301724452
height,65.0,70.0,20.0,30.0,normal,0.0,0.11039395258283531,0.1317718118429184
yaw,65.0,70.0,20.0,30.0,normal,0.0,0.0425000455925986,0.062444783754298606
width,65.0,70.0,20.0,30.0,normal,0.0,0.35833667171194594,0.42853460311889646
length,65.0,70.0,20.0,30.0,normal,0.0,0.05908741089641384,0.09519566297531128
box_height,65.0,70.0,20.0,30.0,normal,0.0,0.1128910670195295,0.14448168873786926
score,65.0,70.0,20.0,30.0,normal,0.6355585008859634,0.1264134052510152,40
fp_score,65.0,70.0,20.0,30.0,normal,0.0482147214524047,0.0318073039462147,21093
fp_rate,65.0,70.0,20.0,30.0,poisson,2.9687543983110487,21093,
miss_detection,65.0,70.0,30.0,40.0,constant,0.9230769230769231,,
fp_score,65.0,70.0,30.0,40.0,normal,0.05998013284844597,0.05737522682441024,1131
fp_rate,65.0,70.0,30.0,40.0,poisson,0.15918367346938775,1131,
miss_detection,65.0,70.0,40.0,50.0,constant,1.0,,
fp_rate,65.0,70.0,40.0,50.0,poisson,0.0,0,
miss_detection,65.0,70.0,50.0,60.0,constant,1.0,,
fp_rate,65.0,70.0,50.0,60.0,poisson,0.0,0,
miss_detection,65.0,70.0,60.0,70.0,constant,1.0,,
fp_rate,65.0,70.0,60.0,70.0,poisson,0.0,0,
miss_detection,65.0,70.0,70.0,80.0,constant,1.0,,
fp_rate,65.0,70.0,70.0,80.0,poisson,0.0,0,
miss_detection,65.0,70.0,90.0,100.0,constant,1.0,,
fp_rate,65.0,70.0,90.0,100.0,poisson,0.0,0,
miss_detection,65.0,70.0,110.0,120.0,constant,1.0,,
fp_rate,65.0,70.0,110.0,120.0,poisson,0.0,0,
miss_detection,65.0,70.0,120.0,130.0,constant,1.0,,
fp_rate,65.0,70.0,120.0,130.0,poisson,0.0,0,
miss_detection,65.0,70.0,130.0,140.0,constant,1.0,,
fp_rate,65.0,70.0,130.0,140.0,poisson,0.0,0,
miss_detection,65.0,70.0,140.0,150.0,constant,0.10052910052910052,,
distal,65.0,70.0,140.0,150.0,normal,0.0,0.1252363915677287,0.18235736423664545
perpendicular,65.0,70.0,140.0,150.0,normal,0.0,0.11283983771325345,0.14651163406761988
height,65.0,70.0,140.0,150.0,normal,0.0,0.08917507998961875,0.1385064349454992
yaw,65.0,70.0,140.0,150.0,normal,0.0,0.03658088356777461,0.07637517217009544
width,65.0,70.0,140.0,150.0,normal,0.0,0.17191465775058404,0.229313362345976
length,65.0,70.0,140.0,150.0,normal,0.0,0.045575946491094484,0.3562993126757005
box_height,65.0,70.0,140.0,150.0,normal,0.0,0.13990541244857355,0.256396203882554
score,65.0,70.0,140.0,150.0,normal,0.5775372326374054,0.09500341320855717,189
fp_score,65.0,70.0,140.0,150.0,normal,0.06889614933496638,0.08486989937189364,1570
fp_rate,65.0,70.0,140.0,150.0,poisson,0.22097114707952145,1570,
miss_detection,65.0,70.0,150.0,160.0,constant,0.8709677419354839,,
distal,65.0,70.0,150.0,160.0,normal,0.0,0.08904191307904413,0.1429828185324395
perpendicular,65.0,70.0,150.0,160.0,normal,0.0,0.16914151567561558,0.337723445785306
height,65.0,70.0,150.0,160.0,normal,0.0,0.09688511676265474,0.19496490061283112
yaw,65.0,70.0,150.0,160.0,normal,0.0,0.09464223513580286,0.1527763561031903
width,65.0,70.0,150.0,160.0,normal,0.0,0.3492172468124754,0.5507495403289795
length,65.0,70.0,150.0,160.0,normal,0.0,0.13586104625305184,0.25807255506515503
box_height,65.0,70.0,150.0,160.0,normal,0.0,0.14901905362543202,0.18597811460494995
score,65.0,70.0,150.0,160.0,normal,0.45392631366848946,0.12195836818240885,62
fp_score,65.0,70.0,150.0,160.0,normal,0.06874931225307966,0.08355751942068262,3768
fp_rate,65.0,70.0,150.0,160.0,poisson,0.5303307529908515,3768,
miss_detection,65.0,70.0,160.0,170.0,constant,0.5655172413793104,,
distal,65.0,70.0,160.0,170.0,normal,0.0,0.20628254149797484,0.24257471330750344
perpendicular,65.0,70.0,160.0,170.0,normal,0.0,0.14778395707835415,0.202529835584415
height,65.0,70.0,160.0,170.0,normal,0.0,0.07573571968181066,0.09592223829693264
yaw,65.0,70.0,160.0,170.0,normal,0.0,0.10897297165198676,0.13261275843821094
width,65.0,70.0,160.0,170.0,normal,0.0,0.3165730189691788,0.3641586682153127
length,65.0,70.0,160.0,170.0,normal,0.0,0.09126605574559458,0.1612880135339404
box_height,65.0,70.0,160.0,170.0,normal,0.0,0.09545532636097454,0.12941244481101868
score,65.0,70.0,160.0,170.0,normal,0.49004322479641627,0.14667032311402428,145
fp_score,65.0,70.0,160.0,170.0,normal,0.06153731650995614,0.0678618230309091,6501
fp_rate,65.0,70.0,160.0,170.0,poisson,0.9149894440534835,6501,
miss_detection,65.0,70.0,170.0,180.0,constant,0.6843971631205674,,
distal,65.0,70.0,170.0,180.0,normal,0.0,0.18393713277533383,0.23894730456670288
perpendicular,65.0,70.0,170.0,180.0,normal,0.0,0.12408233519870329,0.1759814924322498
height,65.0,70.0,170.0,180.0,normal,0.0,0.08084013279162394,0.09997469253754349
yaw,65.0,70.0,170.0,180.0,normal,0.0,0.14336443528298226,0.1652691270229187
width,65.0,70.0,170.0,180.0,normal,0.0,0.34330670738346375,0.3629823467704687
length,65.0,70.0,170.0,180.0,normal,0.0,0.22626449404553842,0.19871105236953565
box_height,65.0,70.0,170.0,180.0,normal,0.0,0.11087621143862735,0.1400905485903279
score,65.0,70.0,170.0,180.0,normal,0.37922886654399757,0.12780360156383108,564
fp_score,65.0,70.0,170.0,180.0,normal,0.06889036240508814,0.07745789403409137,8164
fp_rate,65.0,70.0,170.0,180.0,poisson,1.1490499648135115,8164,
miss_detection,70.0,75.0,-180.0,-170.0,constant,0.8411764705882353,,
distal,70.0,75.0,-180.0,-170.0,normal,0.0,0.19324484669560413,0.3129430632160731
perpendicular,70.0,75.0,-180.0,-170.0,normal,0.0,0.1147697885987797,0.1805751115641288
height,70.0,75.0,-180.0,-170.0,normal,0.0,0.10669532432363431,0.1138688877776817
yaw,70.0,75.0,-180.0,-170.0,normal,0.0,0.0961187912089126,0.1612641625888133
width,70.0,75.0,-180.0,-170.0,normal,0.0,0.4706518783743485,0.517297523993033
length,70.0,75.0,-180.0,-170.0,normal,0.0,0.15871407300212753,0.19796301700450755
box_height,70.0,75.0,-180.0,-170.0,normal,0.0,0.11642377417188984,0.21125346201437492
score,70.0,75.0,-180.0,-170.0,normal,0.2326261554327276,0.093824043196495,170
fp_score,70.0,75.0,-180.0,-170.0,normal,0.04305521699223928,0.022616526743713762,26823
fp_rate,70.0,75.0,-180.0,-170.0,poisson,3.775228712174525,26823,
miss_detection,70.0,75.0,-170.0,-160.0,constant,0.6666666666666666,,
distal,70.0,75.0,-170.0,-160.0,normal,0.0,0.15900231835331288,0.22369734235375127
perpendicular,70.0,75.0,-170.0,-160.0,normal,0.0,0.12568022306062915,0.36111130024935356
height,70.0,75.0,-170.0,-160.0,normal,0.0,0.05359138090350272,0.12494421750307083
yaw,70.0,75.0,-170.0,-160.0,normal,0.0,0.0519963515144191,0.046779922644955896
width,70.0,75.0,-170.0,-160.0,normal,0.0,0.13675547644577812,0.21092039346694946
length,70.0,75.0,-170.0,-160.0,normal,0.0,0.1990575755563183,0.235870823264122
box_height,70.0,75.0,-170.0,-160.0,normal,0.0,0.03703825464382819,0.08700649440288544
score,70.0,75.0,-170.0,-160.0,normal,0.3312779925763607,0.08592764699213784,24
fp_score,70.0,75.0,-170.0,-160.0,normal,0.049267200678512924,0.03216981962911375,17108
fp_rate,70.0,75.0,-170.0,-160.0,poisson,2.4078817733990148,17108,
miss_detection,70.0,75.0,-160.0,-150.0,constant,0.6,,
distal,70.0,75.0,-160.0,-150.0,normal,0.0,0.13770294410686235,0.29316691016251706
perpendicular,70.0,75.0,-160.0,-150.0,normal,0.0,0.12560443753142672,0.12799517915627343
height,70.0,75.0,-160.0,-150.0,normal,0.0,0.06507366895675659,0.24931466579437256
yaw,70.0,75.0,-160.0,-150.0,normal,0.0,0.07029742002487183,0.11667507886886597
width,70.0,75.0,-160.0,-150.0,normal,0.0,0.04673933982849121,0.39432835578918457
length,70.0,75.0,-160.0,-150.0,normal,0.0,0.01797318458557129,0.04260563850402832
box_height,70.0,75.0,-160.0,-150.0,normal,0.0,0.0031088590621948242,0.21856355667114258
score,70.0,75.0,-160.0,-150.0,normal,0.42265504598617554,0.16198575496673584,5
fp_score,70.0,75.0,-160.0,-150.0,normal,0.05294831732344246,0.04407265082036886,5067
fp_rate,70.0,75.0,-160.0,-150.0,poisson,0.7131597466572837,5067,
miss_detection,70.0,75.0,-150.0,-140.0,constant,0.9,,
fp_score,70.0,75.0,-150.0,-140.0,normal,0.08434686045169489,0.08500843938003,524
fp_rate,70.0,75.0,-150.0,-140.0,poisson,0.07375087966220971,524,
miss_detection,70.0,75.0,-140.0,-130.0,constant,1.0,,
fp_rate,70.0,75.0,-140.0,-130.0,poisson,0.0,0,
miss_detection,70.0,75.0,-80.0,-70.0,constant,1.0,,
fp_rate,70.0,75.0,-80.0,-70.0,poisson,0.0,0,
miss_detection,70.0,75.0,-60.0,-50.0,constant,1.0,,
fp_rate,70.0,75.0,-60.0,-50.0,poisson,0.0,0,
miss_detection,70.0,75.0,-50.0,-40.0,constant,1.0,,
fp_rate,70.0,75.0,-50.0,-40.0,poisson,0.0,0,
miss_detection,70.0,75.0,-40.0,-30.0,constant,0.9777777777777777,,
fp_score,70.0,75.0,-40.0,-30.0,normal,0.047097170019022576,0.03502398505758928,820
fp_rate,70.0,75.0,-40.0,-30.0,poisson,0.11541168191414497,820,
miss_detection,70.0,75.0,-30.0,-20.0,constant,0.20588235294117646,,
distal,70.0,75.0,-30.0,-20.0,normal,0.0,0.12389709776529854,0.16256573171189842
perpendicular,70.0,75.0,-30.0,-20.0,normal,0.0,0.052765050563692094,0.0927704891581235
height,70.0,75.0,-30.0,-20.0,normal,0.0,0.1143632239425665,0.13581403096516928
yaw,70.0,75.0,-30.0,-20.0,normal,0.0,0.03585264990800621,0.04062624625266554
width,70.0,75.0,-30.0,-20.0,normal,0.0,0.16631329849882837,0.20959675753558124
length,70.0,75.0,-30.0,-20.0,normal,0.0,0.16631310192205484,0.1950507473062586
box_height,70.0,75.0,-30.0,-20.0,normal,0.0,0.1851493019278453,0.2757984443947121
score,70.0,75.0,-30.0,-20.0,normal,0.5681793987751007,0.08729860479572599,34
fp_score,70.0,75.0,-30.0,-20.0,normal,0.0422422999216914,0.030263822195001674,12998
fp_rate,70.0,75.0,-30.0,-20.0,poisson,1.8294159042927516,12998,
miss_detection,70.0,75.0,-20.0,-10.0,constant,0.375,,
distal,70.0,75.0,-20.0,-10.0,normal,0.0,0.13294130789207362,0.20128630195045488
perpendicular,70.0,75.0,-20.0,-10.0,normal,0.0,0.11529072409352589,0.14534495796616492
height,70.0,75.0,-20.0,-10.0,normal,0.0,0.06401100695005445,0.080066978931427
yaw,70.0,75.0,-20.0,-10.0,normal,0.0,0.05785437387128056,0.04890802748987468
width,70.0,75.0,-20.0,-10.0,normal,0.0,0.2356012829463349,0.3089561653137207
length,70.0,75.0,-20.0,-10.0,normal,0.0,0.1516366200938107,0.19161441326141357
box_height,70.0,75.0,-20.0,-10.0,normal,0.0,0.15388181402200318,0.26425737857818604
score,70.0,75.0,-20.0,-10.0,normal,0.42056018114089966,0.1019674993040703,40
fp_score,70.0,75.0,-20.0,-10.0,normal,0.04741544503538372,0.029836529210143257,26786
fp_rate,70.0,75.0,-20.0,-10.0,poisson,3.770021111893033,26786,
miss_detection,70.0,75.0,-10.0,0.0,constant,0.8367346938775511,,
distal,70.0,75.0,-10.0,0.0,normal,0.0,0.2184975275797897,0.22984220429938437
perpendicular,70.0,75.0,-10.0,0.0,normal,0.0,0.11496477494080512,0.17666135581440282
height,70.0,75.0,-10.0,0.0,normal,0.0,0.09571565875767098,0.1527769435197115
yaw,70.0,75.0,-10.0,0.0,normal,0.0,0.059466081644694815,0.06936571326134422
width,70.0,75.0,-10.0,0.0,normal,0.0,0.435770795919236,0.3815830647945404
length,70.0,75.0,-10.0,0.0,normal,0.0,0.1885717812675481,0.22989526018500328
box_height,70.0,75.0,-10.0,0.0,normal,0.0,0.17532335028863746,0.20708232000470161
score,70.0,75.0,-10.0,0.0,normal,0.2582766979467124,0.11644105950275088,196
fp_score,70.0,75.0,-10.0,0.0,normal,0.04745013248669287,0.025635751263889985,30057
fp_rate,70.0,75.0,-10.0,0.0,poisson,4.230401125967629,30057,
miss_detection,70.0,75.0,0.0,10.0,constant,0.844,,
distal,70.0,75.0,0.0,10.0,normal,0.0,0.1783845749228643,0.22900273152415182
perpendicular,70.0,75.0,0.0,10.0,normal,0.0,0.1212555380633854,0.16090027910877294
height,70.0,75.0,0.0,10.0,normal,0.0,0.11876841035576269,0.14059234735293266
yaw,70.0,75.0,0.0,10.0,normal,0.0,0.08060226199461706,0.11737856784033696
width,70.0,75.0,0.0,10.0,normal,0.0,0.3294239167437115,0.3769151247464694
length,70.0,75.0,0.0,10.0,normal,0.0,0.14201320802291084,0.17643070832276955
box_height,70.0,75.0,0.0,10.0,normal,0.0,0.13129848951236414,0.20717380902706048
score,70.0,75.0,0.0,10.0,normal,0.3529615302880605,0.10676892569500665,250
fp_score,70.0,75.0,0.0,10.0,normal,0.04770028028214092,0.02728592924361486,33900
fp_rate,70.0,75.0,0.0,10.0,poisson,4.771287825475017,33900,
miss_detection,70.0,75.0,10.0,20.0,constant,0.6559139784946236,,
distal,70.0,75.0,10.0,20.0,normal,0.0,0.12604799748449,0.1691014027859214
perpendicular,70.0,75.0,10.0,20.0,normal,0.0,0.1326514993756352,0.16594457711491548
height,70.0,75.0,10.0,20.0,normal,0.0,0.088954137253039,0.16683434508740902
yaw,70.0,75.0,10.0,20.0,normal,0.0,0.08164937095405597,0.11266428560370723
width,70.0,75.0,10.0,20.0,normal,0.0,0.27218247441612675,0.4291738122701645
length,70.0,75.0,10.0,20.0,normal,0.0,0.06715353280553804,0.11418922245502472
box_height,70.0,75.0,10.0,20.0,normal,0.0,0.094651211394157,0.13365161791443825
score,70.0,75.0,10.0,20.0,normal,0.41953361593186855,0.13463595299431688,93
fp_score,70.0,75.0,10.0,20.0,normal,0.047048478512699055,0.029106344094395612,28095
fp_rate,70.0,75.0,10.0,20.0,poisson,3.9542575650950034,28095,
miss_detection,70.0,75.0,20.0,30.0,constant,0.5652173913043478,,
distal,70.0,75.0,20.0,30.0,normal,0.0,0.17844014530402108,0.22345359589754446
perpendicular,70.0,75.0,20.0,30.0,normal,0.0,0.07545173844397059,0.10988271674057257
height,70.0,75.0,20.0,30.0,normal,0.0,0.12053658513352183,0.17770763337612153
yaw,70.0,75.0,20.0,30.0,normal,0.0,0.0633620094566945,0.08161730478194099
width,70.0,75.0,20.0,30.0,normal,0.0,0.16360362860970606,0.3496419668197632
length,70.0,75.0,20.0,30.0,normal,0.0,0.051676610543071586,0.08578666448593139
box_height,70.0,75.0,20.0,30.0,normal,0.0,0.09393738436840995,0.14194697737693787
score,70.0,75.0,20.0,30.0,normal,0.3280959650874138,0.18559423816299608,46
fp_score,70.0,75.0,20.0,30.0,normal,0.044433148146720836,0.044129961997521415,8041
fp_rate,70.0,75.0,20.0,30.0,poisson,1.13173821252639,8041,
miss_detection,70.0,75.0,30.0,40.0,constant,0.875,,
distal,70.0,75.0,30.0,40.0,normal,0.0,0.11277797827095676,0.14108078367357588
perpendicular,70.0,75.0,30.0,40.0,normal,0.0,0.08646299261996082,0.22258217106691122
height,70.0,75.0,30.0,40.0,normal,0.0,0.030897397172323524,0.07411100467046101
yaw,70.0,75.0,30.0,40.0,normal,0.0,0.04726264628336098,0.06689258482633302
width,70.0,75.0,30.0,40.0,normal,0.0,0.16535014232137296,0.24563026428222656
length,70.0,75.0,30.0,40.0,normal,0.0,0.03594206685297744,0.06519492467244466
box_height,70.0,75.0,30.0,40.0,normal,0.0,0.11858273946139739,0.19350826740264893
score,70.0,75.0,30.0,40.0,normal,0.31233518322308856,0.051947637442501644,24
fp_score,70.0,75.0,30.0,40.0,normal,0.04254169444577571,0.01631183656137084,5235
fp_rate,70.0,75.0,30.0,40.0,poisson,0.7368050668543279,5235,
miss_detection,70.0,75.0,40.0,50.0,constant,1.0,,
fp_rate,70.0,75.0,40.0,50.0,poisson,0.0,0,
miss_detection,70.0,75.0,50.0,60.0,constant,1.0,,
fp_rate,70.0,75.0,50.0,60.0,poisson,0.0,0,
miss_detection,70.0,75.0,60.0,70.0,constant,1.0,,
fp_rate,70.0,75.0,60.0,70.0,poisson,0.0,0,
miss_detection,70.0,75.0,70.0,80.0,constant,1.0,,
fp_rate,70.0,75.0,70.0,80.0,poisson,0.0,0,
miss_detection,70.0,75.0,90.0,100.0,constant,1.0,,
fp_rate,70.0,75.0,90.0,100.0,poisson,0.0,0,
miss_detection,70.0,75.0,110.0,120.0,constant,1.0,,
fp_rate,70.0,75.0,110.0,120.0,poisson,0.0,0,
miss_detection,70.0,75.0,120.0,130.0,constant,1.0,,
fp_rate,70.0,75.0,120.0,130.0,poisson,0.0,0,
miss_detection,70.0,75.0,130.0,140.0,constant,1.0,,
fp_rate,70.0,75.0,130.0,140.0,poisson,0.0,0,
miss_detection,70.0,75.0,140.0,150.0,constant,0.8,,
fp_score,70.0,75.0,140.0,150.0,normal,0.06540755432881955,0.07502046726000378,552
fp_rate,70.0,75.0,140.0,150.0,poisson,0.0776917663617171,552,
miss_detection,70.0,75.0,150.0,160.0,constant,0.8571428571428571,,
distal,70.0,75.0,150.0,160.0,normal,0.0,0.14850027227886442,0.22600432487108235
perpendicular,70.0,75.0,150.0,160.0,normal,0.0,0.10191658075331461,0.3939158574186701
height,70.0,75.0,150.0,160.0,normal,0.0,0.04667628640543167,0.0851220041513443
yaw,70.0,75.0,150.0,160.0,normal,0.0,0.05763329547595638,0.061356937887260266
width,70.0,75.0,150.0,160.0,normal,0.0,0.39743081240021916,0.7638674974441528
length,70.0,75.0,150.0,160.0,normal,0.0,0.16712315011606127,0.33925390243530273
box_height,70.0,75.0,150.0,160.0,normal,0.0,0.12993288091254698,0.1456066071987152
score,70.0,75.0,150.0,160.0,normal,0.41766536980867386,0.06518381386077939,28
fp_score,70.0,75.0,150.0,160.0,normal,0.04996723697633131,0.04274972577358326,4883
fp_rate,70.0,75.0,150.0,160.0,poisson,0.6872624912033779,4883,
miss_detection,70.0,75.0,160.0,170.0,constant,0.8091603053435115,,
distal,70.0,75.0,160.0,170.0,normal,0.0,0.12311734378279506,0.21030089119245152
perpendicular,70.0,75.0,160.0,170.0,normal,0.0,0.13183399601776935,0.21505229270263243
height,70.0,75.0,160.0,170.0,normal,0.0,0.08038035858281357,0.1180693507194519
yaw,70.0,75.0,160.0,170.0,normal,0.0,0.09239128570232961,0.1507452025750669
width,70.0,75.0,160.0,170.0,normal,0.0,0.2268579783252155,0.247181396484375
length,70.0,75.0,160.0,170.0,normal,0.0,0.1146552202336788,0.14774691581726074
box_height,70.0,75.0,160.0,170.0,normal,0.0,0.09576081412802843,0.10062736988067628
score,70.0,75.0,160.0,170.0,normal,0.3302494418621063,0.11558555454991867,131
fp_score,70.0,75.0,160.0,170.0,normal,0.04559720736861248,0.026210979032790963,18297
fp_rate,70.0,75.0,160.0,170.0,poisson,2.575228712174525,18297,
miss_detection,70.0,75.0,170.0,180.0,constant,0.8425531914893617,,
distal,70.0,75.0,170.0,180.0,normal,0.0,0.23457484676108598,0.28643041141452735
perpendicular,70.0,75.0,170.0,180.0,normal,0.0,0.11720382630274943,0.15377660335276774
height,70.0,75.0,170.0,180.0,normal,0.0,0.08034692250156139,0.12341652689753352
yaw,70.0,75.0,170.0,180.0,normal,0.0,0.08225546541872208,0.11693417322643236
width,70.0,75.0,170.0,180.0,normal,0.0,0.39177734630418476,0.37480021811820363
length,70.0,75.0,170.0,180.0,normal,0.0,0.13793017066133725,0.20428971019951073
box_height,70.0,75.0,170.0,180.0,normal,0.0,0.12288078501080835,0.15371621621621623
score,70.0,75.0,170.0,180.0,normal,0.27288063212826447,0.10201954270338619,235
fp_score,70.0,75.0,170.0,180.0,normal,0.0453626132576301,0.027256416345784924,28732
fp_rate,70.0,75.0,170.0,180.0,poisson,4.043912737508797,28732,
miss_detection,75.0,80.0,-180.0,-170.0,constant,1.0,,
fp_score,75.0,80.0,-180.0,-170.0,normal,0.027803673641756177,0.005166520854544672,80
fp_rate,75.0,80.0,-180.0,-170.0,poisson,0.011259676284306826,80,
miss_detection,75.0,80.0,-170.0,-160.0,constant,1.0,,
fp_score,75.0,80.0,-170.0,-160.0,normal,0.03772227948365015,0.008930819227387766,14320
fp_rate,75.0,80.0,-170.0,-160.0,poisson,2.015482054890922,14320,
miss_detection,75.0,80.0,-160.0,-150.0,constant,1.0,,
fp_score,75.0,80.0,-160.0,-150.0,normal,0.04073666563879923,0.014905176342487534,21175
fp_rate,75.0,80.0,-160.0,-150.0,poisson,2.980295566502463,21175,
miss_detection,75.0,80.0,-150.0,-140.0,constant,1.0,,
fp_score,75.0,80.0,-150.0,-140.0,normal,0.08532402522507168,0.12544569392069851,21
fp_rate,75.0,80.0,-150.0,-140.0,poisson,0.002955665024630542,21,
miss_detection,75.0,80.0,-140.0,-130.0,constant,1.0,,
fp_rate,75.0,80.0,-140.0,-130.0,poisson,0.0,0,
miss_detection,75.0,80.0,-100.0,-90.0,constant,1.0,,
fp_rate,75.0,80.0,-100.0,-90.0,poisson,0.0,0,
miss_detection,75.0,80.0,-80.0,-70.0,constant,1.0,,
fp_rate,75.0,80.0,-80.0,-70.0,poisson,0.0,0,
miss_detection,75.0,80.0,-50.0,-40.0,constant,1.0,,
fp_rate,75.0,80.0,-50.0,-40.0,poisson,0.0,0,
miss_detection,75.0,80.0,-40.0,-30.0,constant,1.0,,
fp_score,75.0,80.0,-40.0,-30.0,normal,0.040510510727763176,0.016340887374858896,25
fp_rate,75.0,80.0,-40.0,-30.0,poisson,0.003518648838845883,25,
miss_detection,75.0,80.0,-30.0,-20.0,constant,0.875,,
fp_score,75.0,80.0,-30.0,-20.0,normal,0.043455237077741626,0.014111149256964283,34404
fp_rate,75.0,80.0,-30.0,-20.0,poisson,4.842223786066151,34404,
miss_detection,75.0,80.0,-20.0,-10.0,constant,1.0,,
fp_score,75.0,80.0,-20.0,-10.0,normal,0.04143388789987502,0.008238943555363601,11273
fp_rate,75.0,80.0,-20.0,-10.0,poisson,1.5866291344123857,11273,
miss_detection,75.0,80.0,-10.0,0.0,constant,1.0,,
fp_rate,75.0,80.0,-10.0,0.0,poisson,0.0,0,
miss_detection,75.0,80.0,0.0,10.0,constant,1.0,,
fp_rate,75.0,80.0,0.0,10.0,poisson,0.0,0,
miss_detection,75.0,80.0,10.0,20.0,constant,1.0,,
fp_score,75.0,80.0,10.0,20.0,normal,0.04205652884820042,0.007891576436933721,10512
fp_rate,75.0,80.0,10.0,20.0,poisson,1.479521463757917,10512,
miss_detection,75.0,80.0,20.0,30.0,constant,1.0,,
fp_score,75.0,80.0,20.0,30.0,normal,0.0442835017925048,0.017133408993976678,35221
fp_rate,75.0,80.0,20.0,30.0,poisson,4.957213230119634,35221,
miss_detection,75.0,80.0,30.0,40.0,constant,1.0,,
fp_score,75.0,80.0,30.0,40.0,normal,0.05415123644406381,0.04255164529140966,23
fp_rate,75.0,80.0,30.0,40.0,poisson,0.0032371569317382123,23,
miss_detection,75.0,80.0,40.0,50.0,constant,1.0,,
fp_rate,75.0,80.0,40.0,50.0,poisson,0.0,0,
miss_detection,75.0,80.0,50.0,60.0,constant,1.0,,
fp_rate,75.0,80.0,50.0,60.0,poisson,0.0,0,
miss_detection,75.0,80.0,70.0,80.0,constant,1.0,,
fp_rate,75.0,80.0,70.0,80.0,poisson,0.0,0,
miss_detection,75.0,80.0,90.0,100.0,constant,1.0,,
fp_rate,75.0,80.0,90.0,100.0,poisson,0.0,0,
miss_detection,75.0,80.0,120.0,130.0,constant,1.0,,
fp_rate,75.0,80.0,120.0,130.0,poisson,0.0,0,
miss_detection,75.0,80.0,130.0,140.0,constant,1.0,,
fp_rate,75.0,80.0,130.0,140.0,poisson,0.0,0,
miss_detection,75.0,80.0,140.0,150.0,constant,1.0,,
fp_score,75.0,80.0,140.0,150.0,normal,0.13104115457584462,0.15821036296628185,12
fp_rate,75.0,80.0,140.0,150.0,poisson,0.001688951442646024,12,
miss_detection,75.0,80.0,150.0,160.0,constant,0.8571428571428571,,
distal,75.0,80.0,150.0,160.0,normal,0.0,0.027545968912063713,0.05647867996175834
perpendicular,75.0,80.0,150.0,160.0,normal,0.0,0.022198619017687146,0.09658811680629358
height,75.0,80.0,150.0,160.0,normal,0.0,0.0582646699380629,0.11907446384429932
yaw,75.0,80.0,150.0,160.0,normal,0.0,0.05341168092440743,0.06692879464803407
width,75.0,80.0,150.0,160.0,normal,0.0,0.02070768726904189,0.05366849899291992
length,75.0,80.0,150.0,160.0,normal,0.0,0.018651404466905237,0.06151278813680013
box_height,75.0,80.0,150.0,160.0,normal,0.0,0.017161497768949884,0.05002442995707194
score,75.0,80.0,150.0,160.0,normal,0.3879324992497762,0.04840204748657875,21
fp_score,75.0,80.0,150.0,160.0,normal,0.04084922742336388,0.016126505639689922,23340
fp_rate,75.0,80.0,150.0,160.0,poisson,3.2850105559465166,23340,
miss_detection,75.0,80.0,160.0,170.0,constant,1.0,,
fp_score,75.0,80.0,160.0,170.0,normal,0.03770233977687044,0.008504462239553371,15305
fp_rate,75.0,80.0,160.0,170.0,poisson,2.1541168191414495,15305,
miss_detection,75.0,80.0,170.0,180.0,constant,1.0,,
fp_score,75.0,80.0,170.0,180.0,normal,0.03502402878883812,0.02528031610119536,54
fp_rate,75.0,80.0,170.0,180.0,poisson,0.0076002814919071075,54,
miss_detection,80.0,85.0,-180.0,-170.0,constant,1.0,,
fp_rate,80.0,85.0,-180.0,-170.0,poisson,0.0,0,
miss_detection,80.0,85.0,-170.0,-160.0,constant,1.0,,
fp_rate,80.0,85.0,-170.0,-160.0,poisson,0.00014074595355383532,1,
miss_detection,80.0,85.0,-160.0,-150.0,constant,1.0,,
fp_score,80.0,85.0,-160.0,-150.0,normal,0.033988373620726674,0.005928023243015346,9074
fp_rate,80.0,85.0,-160.0,-150.0,poisson,1.2771287825475017,9074,
miss_detection,80.0,85.0,-150.0,-140.0,constant,1.0,,
fp_rate,80.0,85.0,-150.0,-140.0,poisson,0.0,0,
miss_detection,80.0,85.0,-80.0,-70.0,constant,1.0,,
fp_rate,80.0,85.0,-80.0,-70.0,poisson,0.0,0,
miss_detection,80.0,85.0,-60.0,-50.0,constant,1.0,,
fp_rate,80.0,85.0,-60.0,-50.0,poisson,0.0,0,
miss_detection,80.0,85.0,-50.0,-40.0,constant,1.0,,
fp_rate,80.0,85.0,-50.0,-40.0,poisson,0.0,0,
miss_detection,80.0,85.0,-40.0,-30.0,constant,1.0,,
fp_rate,80.0,85.0,-40.0,-30.0,poisson,0.0,0,
fp_score,80.0,85.0,-30.0,-20.0,normal,0.04062486320879844,0.008164660378786751,10832
fp_rate,80.0,85.0,-30.0,-20.0,poisson,1.5245601688951442,10832,
miss_detection,80.0,85.0,-20.0,-10.0,constant,1.0,,
fp_rate,80.0,85.0,-20.0,-10.0,poisson,0.0,0,
miss_detection,80.0,85.0,-10.0,0.0,constant,1.0,,
fp_rate,80.0,85.0,-10.0,0.0,poisson,0.0,0,
miss_detection,80.0,85.0,0.0,10.0,constant,1.0,,
fp_rate,80.0,85.0,0.0,10.0,poisson,0.0,0,
miss_detection,80.0,85.0,10.0,20.0,constant,1.0,,
fp_rate,80.0,85.0,10.0,20.0,poisson,0.0,0,
miss_detection,80.0,85.0,20.0,30.0,constant,1.0,,
fp_score,80.0,85.0,20.0,30.0,normal,0.03731845055070495,0.005700499251530935,9622
fp_rate,80.0,85.0,20.0,30.0,poisson,1.3542575650950035,9622,
miss_detection,80.0,85.0,40.0,50.0,constant,1.0,,
fp_rate,80.0,85.0,40.0,50.0,poisson,0.0,0,
miss_detection,80.0,85.0,70.0,80.0,constant,1.0,,
fp_rate,80.0,85.0,70.0,80.0,poisson,0.0,0,
miss_detection,80.0,85.0,90.0,100.0,constant,1.0,,
fp_rate,80.0,85.0,90.0,100.0,poisson,0.0,0,
miss_detection,80.0,85.0,120.0,130.0,constant,1.0,,
fp_rate,80.0,85.0,120.0,130.0,poisson,0.0,0,
miss_detection,80.0,85.0,130.0,140.0,constant,1.0,,
fp_rate,80.0,85.0,130.0,140.0,poisson,0.0,0,
miss_detection,80.0,85.0,140.0,150.0,constant,1.0,,
fp_rate,80.0,85.0,140.0,150.0,poisson,0.0,0,
miss_detection,80.0,85.0,150.0,160.0,constant,1.0,,
fp_score,80.0,85.0,150.0,160.0,normal,0.035472708268990724,0.007084494761954729,8201
fp_rate,80.0,85.0,150.0,160.0,poisson,1.1542575650950035,8201,
miss_detection,80.0,85.0,160.0,170.0,constant,1.0,,
fp_rate,80.0,85.0,160.0,170.0,poisson,0.0,0,
miss_detection,80.0,85.0,170.0,180.0,constant,1.0,,
fp_rate,80.0,85.0,170.0,180.0,poisson,0.0,0,
miss_detection,85.0,90.0,-180.0,-170.0,constant,1.0,,
fp_rate,85.0,90.0,-180.0,-170.0,poisson,0.0,0,
miss_detection,85.0,90.0,-170.0,-160.0,constant,1.0,,
fp_rate,85.0,90.0,-170.0,-160.0,poisson,0.0,0,
miss_detection,85.0,90.0,-160.0,-150.0,constant,1.0,,
fp_rate,85.0,90.0,-160.0,-150.0,poisson,0.0,0,
miss_detection,85.0,90.0,-150.0,-140.0,constant,1.0,,
fp_rate,85.0,90.0,-150.0,-140.0,poisson,0.0,0,
miss_detection,85.0,90.0,-80.0,-70.0,constant,1.0,,
fp_rate,85.0,90.0,-80.0,-70.0,poisson,0.0,0,
miss_detection,85.0,90.0,-60.0,-50.0,constant,1.0,,
fp_rate,85.0,90.0,-60.0,-50.0,poisson,0.0,0,
miss_detection,85.0,90.0,-40.0,-30.0,constant,1.0,,
fp_rate,85.0,90.0,-40.0,-30.0,poisson,0.0,0,
miss_detection,85.0,90.0,-20.0,-10.0,constant,1.0,,
fp_rate,85.0,90.0,-20.0,-10.0,poisson,0.0,0,
miss_detection,85.0,90.0,-10.0,0.0,constant,1.0,,
fp_rate,85.0,90.0,-10.0,0.0,poisson,0.0,0,
miss_detection,85.0,90.0,0.0,10.0,constant,1.0,,
fp_rate,85.0,90.0,0.0,10.0,poisson,0.0,0,
miss_detection,85.0,90.0,10.0,20.0,constant,1.0,,
fp_rate,85.0,90.0,10.0,20.0,poisson,0.0,0,
miss_detection,85.0,90.0,20.0,30.0,constant,1.0,,
fp_rate,85.0,90.0,20.0,30.0,poisson,0.0,0,
miss_detection,85.0,90.0,40.0,50.0,constant,1.0,,
fp_rate,85.0,90.0,40.0,50.0,poisson,0.0,0,
miss_detection,85.0,90.0,90.0,100.0,constant,1.0,,
fp_rate,85.0,90.0,90.0,100.0,poisson,0.0,0,
miss_detection,85.0,90.0,130.0,140.0,constant,1.0,,
fp_rate,85.0,90.0,130.0,140.0,poisson,0.0,0,
miss_detection,85.0,90.0,140.0,150.0,constant,1.0,,
fp_rate,85.0,90.0,140.0,150.0,poisson,0.0,0,
miss_detection,85.0,90.0,150.0,160.0,constant,1.0,,
fp_rate,85.0,90.0,150.0,160.0,poisson,0.0,0,
miss_detection,85.0,90.0,160.0,170.0,constant,1.0,,
fp_rate,85.0,90.0,160.0,170.0,poisson,0.0,0,
miss_detection,85.0,90.0,170.0,180.0,constant,1.0,,
fp_rate,85.0,90.0,170.0,180.0,poisson,0.0,0,
miss_detection,90.0,95.0,-180.0,-170.0,constant,1.0,,
fp_rate,90.0,95.0,-180.0,-170.0,poisson,0.0,0,
miss_detection,90.0,95.0,-150.0,-140.0,constant,1.0,,
fp_rate,90.0,95.0,-150.0,-140.0,poisson,0.0,0,
miss_detection,90.0,95.0,-80.0,-70.0,constant,1.0,,
fp_rate,90.0,95.0,-80.0,-70.0,poisson,0.0,0,
miss_detection,90.0,95.0,-60.0,-50.0,constant,1.0,,
fp_rate,90.0,95.0,-60.0,-50.0,poisson,0.0,0,
miss_detection,90.0,95.0,-40.0,-30.0,constant,1.0,,
fp_rate,90.0,95.0,-40.0,-30.0,poisson,0.0,0,
miss_detection,90.0,95.0,-20.0,-10.0,constant,1.0,,
fp_rate,90.0,95.0,-20.0,-10.0,poisson,0.0,0,
miss_detection,90.0,95.0,-10.0,0.0,constant,1.0,,
fp_rate,90.0,95.0,-10.0,0.0,poisson,0.0,0,
miss_detection,90.0,95.0,0.0,10.0,constant,1.0,,
fp_rate,90.0,95.0,0.0,10.0,poisson,0.0,0,
miss_detection,90.0,95.0,10.0,20.0,constant,1.0,,
fp_rate,90.0,95.0,10.0,20.0,poisson,0.0,0,
miss_detection,90.0,95.0,20.0,30.0,constant,1.0,,
fp_rate,90.0,95.0,20.0,30.0,poisson,0.0,0,
miss_detection,90.0,95.0,50.0,60.0,constant,1.0,,
fp_rate,90.0,95.0,50.0,60.0,poisson,0.0,0,
miss_detection,90.0,95.0,140.0,150.0,constant,1.0,,
fp_rate,90.0,95.0,140.0,150.0,poisson,0.0,0,
miss_detection,90.0,95.0,150.0,160.0,constant,1.0,,
fp_rate,90.0,95.0,150.0,160.0,poisson,0.0,0,
miss_detection,90.0,95.0,160.0,170.0,constant,1.0,,
fp_rate,90.0,95.0,160.0,170.0,poisson,0.0,0,
miss_detection,90.0,95.0,170.0,180.0,constant,1.0,,
fp_rate,90.0,95.0,170.0,180.0,poisson,0.0,0,
miss_detection,95.0,100.0,-180.0,-170.0,constant,1.0,,
fp_rate,95.0,100.0,-180.0,-170.0,poisson,0.0,0,
miss_detection,95.0,100.0,-160.0,-150.0,constant,1.0,,
fp_rate,95.0,100.0,-160.0,-150.0,poisson,0.0,0,
miss_detection,95.0,100.0,-150.0,-140.0,constant,1.0,,
fp_rate,95.0,100.0,-150.0,-140.0,poisson,0.0,0,
miss_detection,95.0,100.0,-80.0,-70.0,constant,1.0,,
fp_rate,95.0,100.0,-80.0,-70.0,poisson,0.0,0,
miss_detection,95.0,100.0,-40.0,-30.0,constant,1.0,,
fp_rate,95.0,100.0,-40.0,-30.0,poisson,0.0,0,
miss_detection,95.0,100.0,-20.0,-10.0,constant,1.0,,
fp_rate,95.0,100.0,-20.0,-10.0,poisson,0.0,0,
miss_detection,95.0,100.0,-10.0,0.0,constant,1.0,,
fp_rate,95.0,100.0,-10.0,0.0,poisson,0.0,0,
miss_detection,95.0,100.0,0.0,10.0,constant,1.0,,
fp_rate,95.0,100.0,0.0,10.0,poisson,0.0,0,
miss_detection,95.0,100.0,10.0,20.0,constant,1.0,,
fp_rate,95.0,100.0,10.0,20.0,poisson,0.0,0,
miss_detection,95.0,100.0,20.0,30.0,constant,1.0,,
fp_rate,95.0,100.0,20.0,30.0,poisson,0.0,0,
miss_detection,95.0,100.0,50.0,60.0,constant,1.0,,
fp_rate,95.0,100.0,50.0,60.0,poisson,0.0,0,
miss_detection,95.0,100.0,150.0,160.0,constant,1.0,,
fp_rate,95.0,100.0,150.0,160.0,poisson,0.0,0,
miss_detection,95.0,100.0,160.0,170.0,constant,1.0,,
fp_rate,95.0,100.0,160.0,170.0,poisson,0.0,0,
miss_detection,95.0,100.0,170.0,180.0,constant,1.0,,
fp_rate,95.0,100.0,170.0,180.0,poisson,0.0,0,
miss_detection,100.0,105.0,-180.0,-170.0,constant,1.0,,
fp_rate,100.0,105.0,-180.0,-170.0,poisson,0.0,0,
miss_detection,100.0,105.0,-80.0,-70.0,constant,1.0,,
fp_rate,100.0,105.0,-80.0,-70.0,poisson,0.0,0,
miss_detection,100.0,105.0,-40.0,-30.0,constant,1.0,,
fp_rate,100.0,105.0,-40.0,-30.0,poisson,0.0,0,
miss_detection,100.0,105.0,-10.0,0.0,constant,1.0,,
fp_rate,100.0,105.0,-10.0,0.0,poisson,0.0,0,
miss_detection,100.0,105.0,0.0,10.0,constant,1.0,,
fp_rate,100.0,105.0,0.0,10.0,poisson,0.0,0,
miss_detection,100.0,105.0,10.0,20.0,constant,1.0,,
fp_rate,100.0,105.0,10.0,20.0,poisson,0.0,0,
miss_detection,100.0,105.0,20.0,30.0,constant,1.0,,
fp_rate,100.0,105.0,20.0,30.0,poisson,0.0,0,
miss_detection,100.0,105.0,50.0,60.0,constant,1.0,,
fp_rate,100.0,105.0,50.0,60.0,poisson,0.0,0,
miss_detection,100.0,105.0,150.0,160.0,constant,1.0,,
fp_rate,100.0,105.0,150.0,160.0,poisson,0.0,0,
miss_detection,100.0,105.0,160.0,170.0,constant,1.0,,
fp_rate,100.0,105.0,160.0,170.0,poisson,0.0,0,
miss_detection,100.0,105.0,170.0,180.0,constant,1.0,,
fp_rate,100.0,105.0,170.0,180.0,poisson,0.0,0,
