# PointPillar V2V4Real, tesla ego, train+val - Polar binned error distributions (angle+distance)
# normal: param1=mu (0), param2=std, param3=mae (for GPEM covariance)
# constant for miss_detection: param1=miss_rate

error_type,dist_min,dist_max,angle_min,angle_max,distribution,param1,param2,param3
miss_detection,0.0,5.0,-150.0,-140.0,constant,0.0,,
distal,0.0,5.0,-150.0,-140.0,normal,0.0,0.08741495860088638,0.1340795420420808
perpendicular,0.0,5.0,-150.0,-140.0,normal,0.0,0.024200184130916996,0.0813277609696766
height,0.0,5.0,-150.0,-140.0,normal,0.0,0.035794242431954504,0.08642754952112834
yaw,0.0,5.0,-150.0,-140.0,normal,0.0,0.027901713581010006,0.06014665588736534
width,0.0,5.0,-150.0,-140.0,normal,0.0,0.2013777921423263,0.27189938227335614
length,0.0,5.0,-150.0,-140.0,normal,0.0,0.02428686761318646,0.06895788510640462
box_height,0.0,5.0,-150.0,-140.0,normal,0.0,0.1252671916995925,0.17770294348398843
miss_detection,0.0,5.0,-140.0,-130.0,constant,0.0,,
distal,0.0,5.0,-140.0,-130.0,normal,0.0,0.10636905878136015,0.12677239463442572
perpendicular,0.0,5.0,-140.0,-130.0,normal,0.0,0.07545407658801272,0.10605408241340583
height,0.0,5.0,-140.0,-130.0,normal,0.0,0.058897943833295295,0.060131577812895486
yaw,0.0,5.0,-140.0,-130.0,normal,0.0,0.02770459500921904,0.035627948077471584
width,0.0,5.0,-140.0,-130.0,normal,0.0,0.28547223572084285,0.3130056030896245
length,0.0,5.0,-140.0,-130.0,normal,0.0,0.13325890427117176,0.16135506240689024
box_height,0.0,5.0,-140.0,-130.0,normal,0.0,0.08450006829779098,0.09649542643099415
miss_detection,0.0,5.0,-130.0,-120.0,constant,0.009523809523809525,,
distal,0.0,5.0,-130.0,-120.0,normal,0.0,0.06783673142501002,0.12187226720504021
perpendicular,0.0,5.0,-130.0,-120.0,normal,0.0,0.08854112209745855,0.08874739255899043
height,0.0,5.0,-130.0,-120.0,normal,0.0,0.053743968114093245,0.06327593211944287
yaw,0.0,5.0,-130.0,-120.0,normal,0.0,0.033555707707459755,0.04642380922730528
width,0.0,5.0,-130.0,-120.0,normal,0.0,0.23835221463928563,0.24620585716687715
length,0.0,5.0,-130.0,-120.0,normal,0.0,0.09217226155874013,0.213362835920774
box_height,0.0,5.0,-130.0,-120.0,normal,0.0,0.07524496920657057,0.15941087557719305
miss_detection,0.0,5.0,-120.0,-110.0,constant,0.020833333333333332,,
distal,0.0,5.0,-120.0,-110.0,normal,0.0,0.11658652566429223,0.11191350047528617
perpendicular,0.0,5.0,-120.0,-110.0,normal,0.0,0.12485173460723074,0.1421101572274702
height,0.0,5.0,-120.0,-110.0,normal,0.0,0.05898847506485882,0.05885181528456668
yaw,0.0,5.0,-120.0,-110.0,normal,0.0,0.040789834641160545,0.054340582678900747
width,0.0,5.0,-120.0,-110.0,normal,0.0,0.24766066045146723,0.34745187962308843
length,0.0,5.0,-120.0,-110.0,normal,0.0,0.11458422761824084,0.16889489711599148
box_height,0.0,5.0,-120.0,-110.0,normal,0.0,0.0755796754400308,0.08033703743143285
miss_detection,0.0,5.0,-110.0,-100.0,constant,0.0,,
distal,0.0,5.0,-110.0,-100.0,normal,0.0,0.09842137575127763,0.12210436958405745
perpendicular,0.0,5.0,-110.0,-100.0,normal,0.0,0.15273727144622415,0.1544819055374711
height,0.0,5.0,-110.0,-100.0,normal,0.0,0.05732229762190553,0.07868877357366133
yaw,0.0,5.0,-110.0,-100.0,normal,0.0,0.038170032810668594,0.05225092666318678
width,0.0,5.0,-110.0,-100.0,normal,0.0,0.3271737343893081,0.37350259508405415
length,0.0,5.0,-110.0,-100.0,normal,0.0,0.13130576734568014,0.1858663558959961
box_height,0.0,5.0,-110.0,-100.0,normal,0.0,0.09158593389316115,0.11555653445574703
miss_detection,0.0,5.0,-100.0,-90.0,constant,0.05,,
distal,0.0,5.0,-100.0,-90.0,normal,0.0,0.10782075839099643,0.14488504359910895
perpendicular,0.0,5.0,-100.0,-90.0,normal,0.0,0.1521208247349226,0.19208130127952042
height,0.0,5.0,-100.0,-90.0,normal,0.0,0.04459608115012995,0.05626228451728821
yaw,0.0,5.0,-100.0,-90.0,normal,0.0,0.03637110121703306,0.048447941236908695
width,0.0,5.0,-100.0,-90.0,normal,0.0,0.23655558964791712,0.365921465974105
length,0.0,5.0,-100.0,-90.0,normal,0.0,0.12042313949506211,0.18013256788253784
box_height,0.0,5.0,-100.0,-90.0,normal,0.0,0.06716475746092636,0.09323382063915855
miss_detection,0.0,5.0,-90.0,-80.0,constant,0.030303030303030304,,
distal,0.0,5.0,-90.0,-80.0,normal,0.0,0.1023923163482362,0.12346712646632506
perpendicular,0.0,5.0,-90.0,-80.0,normal,0.0,0.11921331183029883,0.12498907979061787
height,0.0,5.0,-90.0,-80.0,normal,0.0,0.057629517058962854,0.059001022949814796
yaw,0.0,5.0,-90.0,-80.0,normal,0.0,0.03470233621015694,0.047712597421195824
width,0.0,5.0,-90.0,-80.0,normal,0.0,0.2147319415035358,0.3461878150701523
length,0.0,5.0,-90.0,-80.0,normal,0.0,0.10993465596857374,0.17293816059827805
box_height,0.0,5.0,-90.0,-80.0,normal,0.0,0.05964034299193549,0.0981610007584095
miss_detection,0.0,5.0,-80.0,-70.0,constant,0.0,,
distal,0.0,5.0,-80.0,-70.0,normal,0.0,0.1105302700174292,0.11030571367764593
perpendicular,0.0,5.0,-80.0,-70.0,normal,0.0,0.136547988252894,0.144737922791912
height,0.0,5.0,-80.0,-70.0,normal,0.0,0.06670241632145088,0.07209769981663401
yaw,0.0,5.0,-80.0,-70.0,normal,0.0,0.02768839852336003,0.03929576863784615
width,0.0,5.0,-80.0,-70.0,normal,0.0,0.29782801341676374,0.4010157817747535
length,0.0,5.0,-80.0,-70.0,normal,0.0,0.12480325185943188,0.19699549674987793
box_height,0.0,5.0,-80.0,-70.0,normal,0.0,0.08834357867953577,0.11387718596109529
miss_detection,0.0,5.0,-70.0,-60.0,constant,0.037037037037037035,,
distal,0.0,5.0,-70.0,-60.0,normal,0.0,0.1189585386799106,0.14943843010796434
perpendicular,0.0,5.0,-70.0,-60.0,normal,0.0,0.132346477847896,0.18474891775132046
height,0.0,5.0,-70.0,-60.0,normal,0.0,0.057833728566277345,0.07729376967136677
yaw,0.0,5.0,-70.0,-60.0,normal,0.0,0.044997645896096096,0.04707610103203198
width,0.0,5.0,-70.0,-60.0,normal,0.0,0.2505548281844888,0.3981249286578252
length,0.0,5.0,-70.0,-60.0,normal,0.0,0.1005516811009767,0.18067408754275396
box_height,0.0,5.0,-70.0,-60.0,normal,0.0,0.05088911563151112,0.07762609995328464
miss_detection,0.0,5.0,-60.0,-50.0,constant,0.018867924528301886,,
distal,0.0,5.0,-60.0,-50.0,normal,0.0,0.14722666853700234,0.18566792384665967
perpendicular,0.0,5.0,-60.0,-50.0,normal,0.0,0.1431788185620316,0.16449546271164964
height,0.0,5.0,-60.0,-50.0,normal,0.0,0.051874413172350614,0.06810699632534614
yaw,0.0,5.0,-60.0,-50.0,normal,0.0,0.03364238451959451,0.045393620940068595
width,0.0,5.0,-60.0,-50.0,normal,0.0,0.3241031188565819,0.47543240968997663
length,0.0,5.0,-60.0,-50.0,normal,0.0,0.14641316005910332,0.20359521875014672
box_height,0.0,5.0,-60.0,-50.0,normal,0.0,0.11301268979234344,0.10664471066915072
miss_detection,0.0,5.0,-50.0,-40.0,constant,0.0425531914893617,,
distal,0.0,5.0,-50.0,-40.0,normal,0.0,0.13184273000895647,0.1875704724532198
perpendicular,0.0,5.0,-50.0,-40.0,normal,0.0,0.1374107635423497,0.17119719867055158
height,0.0,5.0,-50.0,-40.0,normal,0.0,0.05744002228842476,0.06450665526919895
yaw,0.0,5.0,-50.0,-40.0,normal,0.0,0.0391091686541359,0.04975931266671978
width,0.0,5.0,-50.0,-40.0,normal,0.0,0.34615163477796446,0.4715252187516954
length,0.0,5.0,-50.0,-40.0,normal,0.0,0.13859141296279953,0.17609406842125785
box_height,0.0,5.0,-50.0,-40.0,normal,0.0,0.09798337098045744,0.0835480425092909
miss_detection,0.0,5.0,-40.0,-30.0,constant,0.0,,
distal,0.0,5.0,-40.0,-30.0,normal,0.0,0.05026195012053787,0.24408858541545492
perpendicular,0.0,5.0,-40.0,-30.0,normal,0.0,0.0746419817284317,0.13141381046938344
height,0.0,5.0,-40.0,-30.0,normal,0.0,0.055985843957782784,0.0693964958190918
yaw,0.0,5.0,-40.0,-30.0,normal,0.0,0.02378111314610488,0.047054865793325004
width,0.0,5.0,-40.0,-30.0,normal,0.0,0.23221065741018757,0.40648612976074217
length,0.0,5.0,-40.0,-30.0,normal,0.0,0.09486798150160507,0.1570378065109253
box_height,0.0,5.0,-40.0,-30.0,normal,0.0,0.07481883770126044,0.07592806816101075
miss_detection,0.0,5.0,30.0,40.0,constant,0.0,,
miss_detection,0.0,5.0,40.0,50.0,constant,0.0,,
distal,0.0,5.0,40.0,50.0,normal,0.0,0.1826862021581441,0.252338323802245
perpendicular,0.0,5.0,40.0,50.0,normal,0.0,0.12179380399677882,0.1766277780221298
height,0.0,5.0,40.0,50.0,normal,0.0,0.04503125075641278,0.0656032661596934
yaw,0.0,5.0,40.0,50.0,normal,0.0,0.03848651836474834,0.03929956461333998
width,0.0,5.0,40.0,50.0,normal,0.0,0.3115751611699479,0.41966962814331055
length,0.0,5.0,40.0,50.0,normal,0.0,0.10337369657948636,0.18193535010019937
box_height,0.0,5.0,40.0,50.0,normal,0.0,0.05873324106993932,0.07246436675389607
miss_detection,0.0,5.0,50.0,60.0,constant,0.014925373134328358,,
distal,0.0,5.0,50.0,60.0,normal,0.0,0.11896883450535319,0.15649862789205166
perpendicular,0.0,5.0,50.0,60.0,normal,0.0,0.08739249095790265,0.11519096320583165
height,0.0,5.0,50.0,60.0,normal,0.0,0.03282736810371299,0.03636347976597873
yaw,0.0,5.0,50.0,60.0,normal,0.0,0.033799539271355115,0.04127982134187149
width,0.0,5.0,50.0,60.0,normal,0.0,0.18122207931057877,0.22985151319792776
length,0.0,5.0,50.0,60.0,normal,0.0,0.107060081525529,0.13788487694480203
box_height,0.0,5.0,50.0,60.0,normal,0.0,0.04915573158667074,0.05616204124508482
miss_detection,0.0,5.0,60.0,70.0,constant,0.0,,
distal,0.0,5.0,60.0,70.0,normal,0.0,0.09636586890411258,0.13393159328764326
perpendicular,0.0,5.0,60.0,70.0,normal,0.0,0.10353912290373136,0.13972719523952704
height,0.0,5.0,60.0,70.0,normal,0.0,0.029126432685536677,0.031396264379674736
yaw,0.0,5.0,60.0,70.0,normal,0.0,0.03420618910855083,0.045766691664763014
width,0.0,5.0,60.0,70.0,normal,0.0,0.23057121169997044,0.21077979694713245
length,0.0,5.0,60.0,70.0,normal,0.0,0.10396154926522026,0.13478528505021875
box_height,0.0,5.0,60.0,70.0,normal,0.0,0.04900330125961486,0.060752015222202645
miss_detection,0.0,5.0,70.0,80.0,constant,0.0,,
distal,0.0,5.0,70.0,80.0,normal,0.0,0.07809783208459557,0.12085282831508856
perpendicular,0.0,5.0,70.0,80.0,normal,0.0,0.1118223771088954,0.1605323749513132
height,0.0,5.0,70.0,80.0,normal,0.0,0.035043397954321064,0.045260410755872726
yaw,0.0,5.0,70.0,80.0,normal,0.0,0.03409777372146047,0.05258278307254666
width,0.0,5.0,70.0,80.0,normal,0.0,0.17149976418240823,0.21464228630065918
length,0.0,5.0,70.0,80.0,normal,0.0,0.08859898363828111,0.1407348234206438
box_height,0.0,5.0,70.0,80.0,normal,0.0,0.054958043978829633,0.05320021137595177
miss_detection,0.0,5.0,80.0,90.0,constant,0.0,,
distal,0.0,5.0,80.0,90.0,normal,0.0,0.06808935766391934,0.05831655804762051
perpendicular,0.0,5.0,80.0,90.0,normal,0.0,0.10142241576198732,0.10238606482992813
height,0.0,5.0,80.0,90.0,normal,0.0,0.02789396598013476,0.025813183812207954
yaw,0.0,5.0,80.0,90.0,normal,0.0,0.02315799695957526,0.051886580896699244
width,0.0,5.0,80.0,90.0,normal,0.0,0.16017146754575123,0.3467399242312409
length,0.0,5.0,80.0,90.0,normal,0.0,0.06506284535164863,0.11622255486111309
box_height,0.0,5.0,80.0,90.0,normal,0.0,0.0352710998163124,0.03180859671082607
miss_detection,0.0,5.0,90.0,100.0,constant,0.06779661016949153,,
distal,0.0,5.0,90.0,100.0,normal,0.0,0.0736408301203887,0.23684440527650033
perpendicular,0.0,5.0,90.0,100.0,normal,0.0,0.1445547824060581,0.17338156819635017
height,0.0,5.0,90.0,100.0,normal,0.0,0.04813233826378293,0.03383997396989302
yaw,0.0,5.0,90.0,100.0,normal,0.0,0.04863210064612296,0.039342068501494146
width,0.0,5.0,90.0,100.0,normal,0.0,0.5239117761465064,0.5232651641152122
length,0.0,5.0,90.0,100.0,normal,0.0,0.1409081224762207,0.28920254187150435
box_height,0.0,5.0,90.0,100.0,normal,0.0,0.04854376631353503,0.040833263397216796
miss_detection,0.0,5.0,100.0,110.0,constant,0.031578947368421054,,
distal,0.0,5.0,100.0,110.0,normal,0.0,0.08834036959838792,0.14968500188630812
perpendicular,0.0,5.0,100.0,110.0,normal,0.0,0.2558181425976048,0.30142825716209115
height,0.0,5.0,100.0,110.0,normal,0.0,0.034858392671398564,0.04225607993810073
yaw,0.0,5.0,100.0,110.0,normal,0.0,0.049049433367394826,0.0683363458621265
width,0.0,5.0,100.0,110.0,normal,0.0,0.5578470590768785,0.6294964603755785
length,0.0,5.0,100.0,110.0,normal,0.0,0.20639744613237368,0.23439253672309543
box_height,0.0,5.0,100.0,110.0,normal,0.0,0.05556995200515668,0.07459677691045015
miss_detection,0.0,5.0,110.0,120.0,constant,0.045454545454545456,,
distal,0.0,5.0,110.0,120.0,normal,0.0,0.14843217819555996,0.19057105342792366
perpendicular,0.0,5.0,110.0,120.0,normal,0.0,0.17802486750075666,0.20113574883132637
height,0.0,5.0,110.0,120.0,normal,0.0,0.03777133226236301,0.043124098626394124
yaw,0.0,5.0,110.0,120.0,normal,0.0,0.035930630002748064,0.05787436680642829
width,0.0,5.0,110.0,120.0,normal,0.0,0.49893835425171656,0.4577185615660652
length,0.0,5.0,110.0,120.0,normal,0.0,0.20276485890882837,0.17008381987374926
box_height,0.0,5.0,110.0,120.0,normal,0.0,0.06174064253684077,0.07700648383488731
miss_detection,0.0,5.0,120.0,130.0,constant,0.0,,
distal,0.0,5.0,120.0,130.0,normal,0.0,0.21079967793371818,0.23161181729639382
perpendicular,0.0,5.0,120.0,130.0,normal,0.0,0.1695945284675696,0.20021126391740895
height,0.0,5.0,120.0,130.0,normal,0.0,0.03605390213974469,0.037972464973543896
yaw,0.0,5.0,120.0,130.0,normal,0.0,0.04404734846968904,0.04130080121684894
width,0.0,5.0,120.0,130.0,normal,0.0,0.5741579177274547,0.49576783474580743
length,0.0,5.0,120.0,130.0,normal,0.0,0.2313280696914535,0.22834294813650627
box_height,0.0,5.0,120.0,130.0,normal,0.0,0.06483106274950717,0.0687687102659249
miss_detection,0.0,5.0,130.0,140.0,constant,0.022222222222222223,,
distal,0.0,5.0,130.0,140.0,normal,0.0,0.21835543336465257,0.2253690367227272
perpendicular,0.0,5.0,130.0,140.0,normal,0.0,0.1148319109700107,0.13180389429500686
height,0.0,5.0,130.0,140.0,normal,0.0,0.044471646411466496,0.04949387095191262
yaw,0.0,5.0,130.0,140.0,normal,0.0,0.03503618209919597,0.04169459252828849
width,0.0,5.0,130.0,140.0,normal,0.0,0.6109545647743974,0.5637843717228282
length,0.0,5.0,130.0,140.0,normal,0.0,0.2056087158366352,0.2393586283380335
box_height,0.0,5.0,130.0,140.0,normal,0.0,0.052753877957575794,0.07674575393850153
miss_detection,0.0,5.0,140.0,150.0,constant,0.0,,
distal,0.0,5.0,140.0,150.0,normal,0.0,0.09961412992728302,0.12103216978825355
perpendicular,0.0,5.0,140.0,150.0,normal,0.0,0.0623715174968707,0.0805579758908865
height,0.0,5.0,140.0,150.0,normal,0.0,0.017438867208396814,0.05936861038208008
yaw,0.0,5.0,140.0,150.0,normal,0.0,0.02561853525453549,0.03998875766992569
width,0.0,5.0,140.0,150.0,normal,0.0,0.16967403035759654,0.4044443130493164
length,0.0,5.0,140.0,150.0,normal,0.0,0.06039865778493696,0.07653985023498536
box_height,0.0,5.0,140.0,150.0,normal,0.0,0.05424418376350494,0.07545127868652343
miss_detection,5.0,10.0,-180.0,-170.0,constant,0.0,,
distal,5.0,10.0,-180.0,-170.0,normal,0.0,0.1317753232652163,0.17487244482350217
perpendicular,5.0,10.0,-180.0,-170.0,normal,0.0,0.04316227408145233,0.05658768345107968
height,5.0,10.0,-180.0,-170.0,normal,0.0,0.077274294216007,0.08298505329981032
yaw,5.0,10.0,-180.0,-170.0,normal,0.0,0.043402370472203154,0.07237299755879216
width,5.0,10.0,-180.0,-170.0,normal,0.0,0.36163324888224246,0.3084144585303646
length,5.0,10.0,-180.0,-170.0,normal,0.0,0.10281724583345904,0.10044303610593648
box_height,5.0,10.0,-180.0,-170.0,normal,0.0,0.13592854178065975,0.11348637410522729
miss_detection,5.0,10.0,-170.0,-160.0,constant,0.0,,
distal,5.0,10.0,-170.0,-160.0,normal,0.0,0.052087233077399125,0.11092403770238606
perpendicular,5.0,10.0,-170.0,-160.0,normal,0.0,0.046968868221211504,0.06619150974826192
height,5.0,10.0,-170.0,-160.0,normal,0.0,0.08482481263686684,0.09789785742759705
yaw,5.0,10.0,-170.0,-160.0,normal,0.0,0.032031349369667825,0.04997112019918859
width,5.0,10.0,-170.0,-160.0,normal,0.0,0.31560572951538257,0.6060819029808044
length,5.0,10.0,-170.0,-160.0,normal,0.0,0.07455948928655197,0.15005090832710266
box_height,5.0,10.0,-170.0,-160.0,normal,0.0,0.09356849717502395,0.14754348993301392
miss_detection,5.0,10.0,-160.0,-150.0,constant,0.0,,
distal,5.0,10.0,-160.0,-150.0,normal,0.0,0.146207717368395,0.15520045232990579
perpendicular,5.0,10.0,-160.0,-150.0,normal,0.0,0.06944190842746154,0.08252681825886528
height,5.0,10.0,-160.0,-150.0,normal,0.0,0.058158373470419036,0.06758219232926002
yaw,5.0,10.0,-160.0,-150.0,normal,0.0,0.02921450475405519,0.03892937313975091
width,5.0,10.0,-160.0,-150.0,normal,0.0,0.29243670392654797,0.349539781664754
length,5.0,10.0,-160.0,-150.0,normal,0.0,0.09944820716577878,0.13564298572121086
box_height,5.0,10.0,-160.0,-150.0,normal,0.0,0.07780588298220743,0.09054172628528469
miss_detection,5.0,10.0,-150.0,-140.0,constant,0.0,,
distal,5.0,10.0,-150.0,-140.0,normal,0.0,0.12011596624539242,0.13398014436688296
perpendicular,5.0,10.0,-150.0,-140.0,normal,0.0,0.0647529480100025,0.08514782528493933
height,5.0,10.0,-150.0,-140.0,normal,0.0,0.046000257256384756,0.05882070505100748
yaw,5.0,10.0,-150.0,-140.0,normal,0.0,0.029640067837595912,0.04031123307557183
width,5.0,10.0,-150.0,-140.0,normal,0.0,0.23675641645898463,0.3042959890503814
length,5.0,10.0,-150.0,-140.0,normal,0.0,0.10121706711210884,0.15945005935171377
box_height,5.0,10.0,-150.0,-140.0,normal,0.0,0.06229555749737667,0.07752470607342928
miss_detection,5.0,10.0,-140.0,-130.0,constant,0.01282051282051282,,
distal,5.0,10.0,-140.0,-130.0,normal,0.0,0.10438041576732517,0.1298655032553158
perpendicular,5.0,10.0,-140.0,-130.0,normal,0.0,0.0911901259818625,0.09545325821245677
height,5.0,10.0,-140.0,-130.0,normal,0.0,0.04946422284411267,0.06599299241970112
yaw,5.0,10.0,-140.0,-130.0,normal,0.0,0.029928663191542942,0.037537085777668754
width,5.0,10.0,-140.0,-130.0,normal,0.0,0.20671030962204848,0.24866603256820083
length,5.0,10.0,-140.0,-130.0,normal,0.0,0.10433275212425286,0.14523466531332438
box_height,5.0,10.0,-140.0,-130.0,normal,0.0,0.06765964619008846,0.08332076475217745
miss_detection,5.0,10.0,-130.0,-120.0,constant,0.0,,
distal,5.0,10.0,-130.0,-120.0,normal,0.0,0.06606879485272663,0.09457994526512029
perpendicular,5.0,10.0,-130.0,-120.0,normal,0.0,0.10895376008106676,0.17023442115063556
height,5.0,10.0,-130.0,-120.0,normal,0.0,0.04799240577179784,0.05833723726151865
yaw,5.0,10.0,-130.0,-120.0,normal,0.0,0.051228333869450166,0.049166261240592396
width,5.0,10.0,-130.0,-120.0,normal,0.0,0.11663876156543827,0.23068025745923007
length,5.0,10.0,-130.0,-120.0,normal,0.0,0.10018171571585173,0.1030748569512669
box_height,5.0,10.0,-130.0,-120.0,normal,0.0,0.06503475162834803,0.06752088100095338
miss_detection,5.0,10.0,-120.0,-110.0,constant,0.008771929824561403,,
distal,5.0,10.0,-120.0,-110.0,normal,0.0,0.05551499605269685,0.08193734766083038
perpendicular,5.0,10.0,-120.0,-110.0,normal,0.0,0.08773947795437775,0.20578972995405298
height,5.0,10.0,-120.0,-110.0,normal,0.0,0.0545453468008189,0.08955201058261163
yaw,5.0,10.0,-120.0,-110.0,normal,0.0,0.03197573492159765,0.04303976740233373
width,5.0,10.0,-120.0,-110.0,normal,0.0,0.11296443527475108,0.2795838423534832
length,5.0,10.0,-120.0,-110.0,normal,0.0,0.08197287683996819,0.05594665497805165
box_height,5.0,10.0,-120.0,-110.0,normal,0.0,0.06140575919931061,0.07079226253306971
miss_detection,5.0,10.0,-110.0,-100.0,constant,0.0,,
distal,5.0,10.0,-110.0,-100.0,normal,0.0,0.05412239409420189,0.07568317991560747
perpendicular,5.0,10.0,-110.0,-100.0,normal,0.0,0.10013924902655107,0.14466261560762322
height,5.0,10.0,-110.0,-100.0,normal,0.0,0.062090230966271705,0.05806617021560669
yaw,5.0,10.0,-110.0,-100.0,normal,0.0,0.0647914457839593,0.07056065420620143
width,5.0,10.0,-110.0,-100.0,normal,0.0,0.17066098197389115,0.23907349586486817
length,5.0,10.0,-110.0,-100.0,normal,0.0,0.15486722396463487,0.14296651363372803
box_height,5.0,10.0,-110.0,-100.0,normal,0.0,0.088611292209487,0.13079917430877686
miss_detection,5.0,10.0,-100.0,-90.0,constant,0.0,,
distal,5.0,10.0,-100.0,-90.0,normal,0.0,0.08328911368658129,0.11508058325694369
perpendicular,5.0,10.0,-100.0,-90.0,normal,0.0,0.20070951550718605,0.21192079475841777
height,5.0,10.0,-100.0,-90.0,normal,0.0,0.06488262270638656,0.06984402515270093
yaw,5.0,10.0,-100.0,-90.0,normal,0.0,0.06830021798638602,0.07961734657208591
width,5.0,10.0,-100.0,-90.0,normal,0.0,0.1814109541089684,0.2497240878917553
length,5.0,10.0,-100.0,-90.0,normal,0.0,0.09518844607603175,0.11837348673078749
box_height,5.0,10.0,-100.0,-90.0,normal,0.0,0.09516568615454848,0.12365339420459888
miss_detection,5.0,10.0,-90.0,-80.0,constant,0.0,,
distal,5.0,10.0,-90.0,-80.0,normal,0.0,0.056847057843285156,0.07111637025178864
perpendicular,5.0,10.0,-90.0,-80.0,normal,0.0,0.09508692204915675,0.1459511621102457
height,5.0,10.0,-90.0,-80.0,normal,0.0,0.037840782107126755,0.04958382248878479
yaw,5.0,10.0,-90.0,-80.0,normal,0.0,0.043180756684882124,0.06660286839784628
width,5.0,10.0,-90.0,-80.0,normal,0.0,0.21070668406757392,0.2589884201685588
length,5.0,10.0,-90.0,-80.0,normal,0.0,0.09190710084215026,0.1396747330824534
box_height,5.0,10.0,-90.0,-80.0,normal,0.0,0.09402456809445037,0.1301247775554657
miss_detection,5.0,10.0,-80.0,-70.0,constant,0.0,,
distal,5.0,10.0,-80.0,-70.0,normal,0.0,0.061850723595765114,0.09207194929087298
perpendicular,5.0,10.0,-80.0,-70.0,normal,0.0,0.0738411865690156,0.11017762203211562
height,5.0,10.0,-80.0,-70.0,normal,0.0,0.04422533693797426,0.047984850406646726
yaw,5.0,10.0,-80.0,-70.0,normal,0.0,0.044372130269366,0.05034567594062537
width,5.0,10.0,-80.0,-70.0,normal,0.0,0.19880473431235215,0.2586701011657715
length,5.0,10.0,-80.0,-70.0,normal,0.0,0.09489507912719157,0.15059311866760253
box_height,5.0,10.0,-80.0,-70.0,normal,0.0,0.0896010187180974,0.11548946857452393
miss_detection,5.0,10.0,-70.0,-60.0,constant,0.0,,
distal,5.0,10.0,-70.0,-60.0,normal,0.0,0.05551411216371642,0.07547135556182484
perpendicular,5.0,10.0,-70.0,-60.0,normal,0.0,0.08779214331791732,0.13155375234947175
height,5.0,10.0,-70.0,-60.0,normal,0.0,0.04767446634174157,0.0518413205300608
yaw,5.0,10.0,-70.0,-60.0,normal,0.0,0.047720556113177263,0.06428420721689974
width,5.0,10.0,-70.0,-60.0,normal,0.0,0.19450075071223083,0.29248303751791677
length,5.0,10.0,-70.0,-60.0,normal,0.0,0.08311733160459236,0.1330042500649729
box_height,5.0,10.0,-70.0,-60.0,normal,0.0,0.0823717439428467,0.1352787325459142
miss_detection,5.0,10.0,-60.0,-50.0,constant,0.0,,
distal,5.0,10.0,-60.0,-50.0,normal,0.0,0.07161438948010733,0.10027170620578872
perpendicular,5.0,10.0,-60.0,-50.0,normal,0.0,0.10653398023131183,0.14718814582217615
height,5.0,10.0,-60.0,-50.0,normal,0.0,0.06228488985930375,0.05660606880445738
yaw,5.0,10.0,-60.0,-50.0,normal,0.0,0.03773249540957843,0.05458197398502643
width,5.0,10.0,-60.0,-50.0,normal,0.0,0.17111699130326977,0.3088739820428797
length,5.0,10.0,-60.0,-50.0,normal,0.0,0.102122352983273,0.15391084632358035
box_height,5.0,10.0,-60.0,-50.0,normal,0.0,0.08902703618536507,0.11747093780620678
miss_detection,5.0,10.0,-50.0,-40.0,constant,0.041666666666666664,,
distal,5.0,10.0,-50.0,-40.0,normal,0.0,0.08760780452881534,0.11953891551292252
perpendicular,5.0,10.0,-50.0,-40.0,normal,0.0,0.08969580990454672,0.13519129670911473
height,5.0,10.0,-50.0,-40.0,normal,0.0,0.04670706139653481,0.06806730360224628
yaw,5.0,10.0,-50.0,-40.0,normal,0.0,0.028564217795737323,0.04591430470927794
width,5.0,10.0,-50.0,-40.0,normal,0.0,0.16953545547274332,0.3389129362244537
length,5.0,10.0,-50.0,-40.0,normal,0.0,0.09854526494030007,0.16377163278883783
box_height,5.0,10.0,-50.0,-40.0,normal,0.0,0.09132723375694105,0.10401830120363097
miss_detection,5.0,10.0,-40.0,-30.0,constant,0.0136986301369863,,
distal,5.0,10.0,-40.0,-30.0,normal,0.0,0.16594992646323883,0.2007319297182233
perpendicular,5.0,10.0,-40.0,-30.0,normal,0.0,0.11137836034667287,0.1421104299883851
height,5.0,10.0,-40.0,-30.0,normal,0.0,0.05043456731255811,0.0735296139286624
yaw,5.0,10.0,-40.0,-30.0,normal,0.0,0.03715990232130196,0.055411704431511076
width,5.0,10.0,-40.0,-30.0,normal,0.0,0.26197380987191876,0.42340166204505497
length,5.0,10.0,-40.0,-30.0,normal,0.0,0.11956632346609848,0.18400203850534227
box_height,5.0,10.0,-40.0,-30.0,normal,0.0,0.09937113546222133,0.08459123389588462
miss_detection,5.0,10.0,-30.0,-20.0,constant,0.04591836734693878,,
distal,5.0,10.0,-30.0,-20.0,normal,0.0,0.1513488821210674,0.19341965280540288
perpendicular,5.0,10.0,-30.0,-20.0,normal,0.0,0.08978904637397923,0.11178602787057938
height,5.0,10.0,-30.0,-20.0,normal,0.0,0.05821704730739342,0.07398440589241803
yaw,5.0,10.0,-30.0,-20.0,normal,0.0,0.04420407517659286,0.06711429428373947
width,5.0,10.0,-30.0,-20.0,normal,0.0,0.2633488161253833,0.4088410617195986
length,5.0,10.0,-30.0,-20.0,normal,0.0,0.11228344387200007,0.17407139036107191
box_height,5.0,10.0,-30.0,-20.0,normal,0.0,0.07747177851126848,0.08473814681252057
miss_detection,5.0,10.0,-20.0,-10.0,constant,0.0,,
distal,5.0,10.0,-20.0,-10.0,normal,0.0,0.15220423066416133,0.18406209523403097
perpendicular,5.0,10.0,-20.0,-10.0,normal,0.0,0.06923459300206665,0.10162929099624485
height,5.0,10.0,-20.0,-10.0,normal,0.0,0.056554221262586524,0.06585206323199802
yaw,5.0,10.0,-20.0,-10.0,normal,0.0,0.028289876471500112,0.05756521709263325
width,5.0,10.0,-20.0,-10.0,normal,0.0,0.29010967837521,0.3756476243336995
length,5.0,10.0,-20.0,-10.0,normal,0.0,0.11142384939537125,0.1417915423711141
box_height,5.0,10.0,-20.0,-10.0,normal,0.0,0.057383683584943834,0.07987856600019667
miss_detection,5.0,10.0,0.0,10.0,constant,0.0,,
distal,5.0,10.0,0.0,10.0,normal,0.0,0.14269649469920104,0.20357227776945325
perpendicular,5.0,10.0,0.0,10.0,normal,0.0,0.05048925362615793,0.057485289491097075
height,5.0,10.0,0.0,10.0,normal,0.0,0.038683115921154046,0.04463969778131555
yaw,5.0,10.0,0.0,10.0,normal,0.0,0.06790840692781104,0.10691487074277743
width,5.0,10.0,0.0,10.0,normal,0.0,0.0958173836412214,0.22458579805162218
length,5.0,10.0,0.0,10.0,normal,0.0,0.03695392404802956,0.17963993549346924
box_height,5.0,10.0,0.0,10.0,normal,0.0,0.04662322987939343,0.08677182374177156
miss_detection,5.0,10.0,10.0,20.0,constant,0.0,,
distal,5.0,10.0,10.0,20.0,normal,0.0,0.14871093568705243,0.15015261958126927
perpendicular,5.0,10.0,10.0,20.0,normal,0.0,0.042665194796552335,0.06370851794509408
height,5.0,10.0,10.0,20.0,normal,0.0,0.040651883020211284,0.061430636793375015
yaw,5.0,10.0,10.0,20.0,normal,0.0,0.017137518891913197,0.024523053013041363
width,5.0,10.0,10.0,20.0,normal,0.0,0.11863629031042995,0.2693423926830292
length,5.0,10.0,10.0,20.0,normal,0.0,0.05928193182701797,0.19428651034832
box_height,5.0,10.0,10.0,20.0,normal,0.0,0.044665964400948305,0.0773465558886528
miss_detection,5.0,10.0,20.0,30.0,constant,0.0,,
distal,5.0,10.0,20.0,30.0,normal,0.0,0.14008126070339308,0.16747387714041154
perpendicular,5.0,10.0,20.0,30.0,normal,0.0,0.06455735775599969,0.11165425856101602
height,5.0,10.0,20.0,30.0,normal,0.0,0.05082319065672371,0.07448960525888793
yaw,5.0,10.0,20.0,30.0,normal,0.0,0.02506259294024482,0.04216694798762568
width,5.0,10.0,20.0,30.0,normal,0.0,0.21545023544151773,0.3768048152117662
length,5.0,10.0,20.0,30.0,normal,0.0,0.08160684818105315,0.1308759950416189
box_height,5.0,10.0,20.0,30.0,normal,0.0,0.09150238218152397,0.13831233474570262
miss_detection,5.0,10.0,30.0,40.0,constant,0.0,,
distal,5.0,10.0,30.0,40.0,normal,0.0,0.1401114319990765,0.16736671063546557
perpendicular,5.0,10.0,30.0,40.0,normal,0.0,0.06600569616981948,0.0866641584793071
height,5.0,10.0,30.0,40.0,normal,0.0,0.035140241359906656,0.04748934817451962
yaw,5.0,10.0,30.0,40.0,normal,0.0,0.027563369157256407,0.033217513914965656
width,5.0,10.0,30.0,40.0,normal,0.0,0.23216402240163697,0.2564047692139025
length,5.0,10.0,30.0,40.0,normal,0.0,0.1099526333506344,0.15248647590593106
box_height,5.0,10.0,30.0,40.0,normal,0.0,0.04879971208005495,0.05652536270935411
miss_detection,5.0,10.0,40.0,50.0,constant,0.01048951048951049,,
distal,5.0,10.0,40.0,50.0,normal,0.0,0.11477965600723711,0.12083587784334064
perpendicular,5.0,10.0,40.0,50.0,normal,0.0,0.09458843677303165,0.1047359267421441
height,5.0,10.0,40.0,50.0,normal,0.0,0.04894836258935364,0.04858004625610244
yaw,5.0,10.0,40.0,50.0,normal,0.0,0.024620883488717417,0.03331418963503847
width,5.0,10.0,40.0,50.0,normal,0.0,0.29961789704905367,0.2667580442799275
length,5.0,10.0,40.0,50.0,normal,0.0,0.1000851796178156,0.14512979436678938
box_height,5.0,10.0,40.0,50.0,normal,0.0,0.08366984077468968,0.0808156968848023
miss_detection,5.0,10.0,50.0,60.0,constant,0.01675977653631285,,
distal,5.0,10.0,50.0,60.0,normal,0.0,0.10812273949354487,0.12118121414814423
perpendicular,5.0,10.0,50.0,60.0,normal,0.0,0.12040909129587567,0.13430624636008695
height,5.0,10.0,50.0,60.0,normal,0.0,0.0481252633902041,0.054788886484774674
yaw,5.0,10.0,50.0,60.0,normal,0.0,0.02971608750313343,0.04071019513046226
width,5.0,10.0,50.0,60.0,normal,0.0,0.3358325870720565,0.31952793218872766
length,5.0,10.0,50.0,60.0,normal,0.0,0.11062550732488283,0.14889542148871857
box_height,5.0,10.0,50.0,60.0,normal,0.0,0.09681763933678966,0.10801238566637039
miss_detection,5.0,10.0,60.0,70.0,constant,0.014492753623188406,,
distal,5.0,10.0,60.0,70.0,normal,0.0,0.09766634182404622,0.14154448220377225
perpendicular,5.0,10.0,60.0,70.0,normal,0.0,0.15526981395825837,0.18599702557392245
height,5.0,10.0,60.0,70.0,normal,0.0,0.05292173460304371,0.057554151643725
yaw,5.0,10.0,60.0,70.0,normal,0.0,0.032576867119141935,0.045003555047760574
width,5.0,10.0,60.0,70.0,normal,0.0,0.34168475972088064,0.3931294083595276
length,5.0,10.0,60.0,70.0,normal,0.0,0.1350130667475773,0.16464293266043944
box_height,5.0,10.0,60.0,70.0,normal,0.0,0.09651100665699548,0.10917310241390676
miss_detection,5.0,10.0,70.0,80.0,constant,0.044444444444444446,,
distal,5.0,10.0,70.0,80.0,normal,0.0,0.10004181331680599,0.13137009971124008
perpendicular,5.0,10.0,70.0,80.0,normal,0.0,0.17179397510592231,0.18226804672861416
height,5.0,10.0,70.0,80.0,normal,0.0,0.05311137684118281,0.06991945680721785
yaw,5.0,10.0,70.0,80.0,normal,0.0,0.033010261340892307,0.044082614400992946
width,5.0,10.0,70.0,80.0,normal,0.0,0.3714038964047493,0.4278035515038542
length,5.0,10.0,70.0,80.0,normal,0.0,0.14331906174592676,0.16766565991926563
box_height,5.0,10.0,70.0,80.0,normal,0.0,0.08180360228908767,0.10280067606489787
miss_detection,5.0,10.0,80.0,90.0,constant,0.01,,
distal,5.0,10.0,80.0,90.0,normal,0.0,0.08333302544480174,0.09993660862048809
perpendicular,5.0,10.0,80.0,90.0,normal,0.0,0.16613777302429608,0.2127387157126037
height,5.0,10.0,80.0,90.0,normal,0.0,0.05493266851890041,0.056367747109345716
yaw,5.0,10.0,80.0,90.0,normal,0.0,0.03611206824956873,0.041873342665950546
width,5.0,10.0,80.0,90.0,normal,0.0,0.27816902939184984,0.3235961776791197
length,5.0,10.0,80.0,90.0,normal,0.0,0.11938495668528262,0.16126873517277265
box_height,5.0,10.0,80.0,90.0,normal,0.0,0.07375056670683604,0.11533663369188404
miss_detection,5.0,10.0,90.0,100.0,constant,0.02702702702702703,,
distal,5.0,10.0,90.0,100.0,normal,0.0,0.08689530711065699,0.10260726494661611
perpendicular,5.0,10.0,90.0,100.0,normal,0.0,0.16336651294411522,0.198397738190254
height,5.0,10.0,90.0,100.0,normal,0.0,0.064512936176441,0.06581513947910733
yaw,5.0,10.0,90.0,100.0,normal,0.0,0.042321715283305514,0.044690026313356154
width,5.0,10.0,90.0,100.0,normal,0.0,0.3048951365140282,0.3029114471541511
length,5.0,10.0,90.0,100.0,normal,0.0,0.12218108663706302,0.15140915777948166
box_height,5.0,10.0,90.0,100.0,normal,0.0,0.07554887365488387,0.11211600171195137
miss_detection,5.0,10.0,100.0,110.0,constant,0.04861111111111111,,
distal,5.0,10.0,100.0,110.0,normal,0.0,0.09265221890770134,0.1281841543978398
perpendicular,5.0,10.0,100.0,110.0,normal,0.0,0.16196971063929413,0.16422706102692505
height,5.0,10.0,100.0,110.0,normal,0.0,0.0605126864234617,0.07649370701643672
yaw,5.0,10.0,100.0,110.0,normal,0.0,0.028809211763267048,0.03893939335664419
width,5.0,10.0,100.0,110.0,normal,0.0,0.3197481453668241,0.3694000505182865
length,5.0,10.0,100.0,110.0,normal,0.0,0.1462624754933353,0.17335324826901846
box_height,5.0,10.0,100.0,110.0,normal,0.0,0.07374679753162812,0.10808846898322558
miss_detection,5.0,10.0,110.0,120.0,constant,0.02857142857142857,,
distal,5.0,10.0,110.0,120.0,normal,0.0,0.10045172801008953,0.13125252644934016
perpendicular,5.0,10.0,110.0,120.0,normal,0.0,0.15908857498206516,0.14235287538104907
height,5.0,10.0,110.0,120.0,normal,0.0,0.05153785767087118,0.06108613619033028
yaw,5.0,10.0,110.0,120.0,normal,0.0,0.030637032955943794,0.040193783968386444
width,5.0,10.0,110.0,120.0,normal,0.0,0.2683788401746664,0.3307226212585674
length,5.0,10.0,110.0,120.0,normal,0.0,0.1382025155397476,0.15959601630182826
box_height,5.0,10.0,110.0,120.0,normal,0.0,0.08102529605788641,0.10242248720982496
miss_detection,5.0,10.0,120.0,130.0,constant,0.024242424242424242,,
distal,5.0,10.0,120.0,130.0,normal,0.0,0.10914970817013799,0.12204912627263685
perpendicular,5.0,10.0,120.0,130.0,normal,0.0,0.14993855111426493,0.13747626658816706
height,5.0,10.0,120.0,130.0,normal,0.0,0.0478302978032311,0.05604950611635765
yaw,5.0,10.0,120.0,130.0,normal,0.0,0.029525486488120888,0.03941165849629506
width,5.0,10.0,120.0,130.0,normal,0.0,0.2925205513068924,0.34271580536172996
length,5.0,10.0,120.0,130.0,normal,0.0,0.14380491615217472,0.1529622951649731
box_height,5.0,10.0,120.0,130.0,normal,0.0,0.07621728745883466,0.09898870479986534
miss_detection,5.0,10.0,130.0,140.0,constant,0.0045871559633027525,,
distal,5.0,10.0,130.0,140.0,normal,0.0,0.10274341355107307,0.11663771763432797
perpendicular,5.0,10.0,130.0,140.0,normal,0.0,0.11380169496680106,0.13028735901986643
height,5.0,10.0,130.0,140.0,normal,0.0,0.04791929178499284,0.04888658781754806
yaw,5.0,10.0,130.0,140.0,normal,0.0,0.02743149800307671,0.03611004049012254
width,5.0,10.0,130.0,140.0,normal,0.0,0.2656695515093483,0.2908659607584026
length,5.0,10.0,130.0,140.0,normal,0.0,0.13259816976805464,0.1325108213908112
box_height,5.0,10.0,130.0,140.0,normal,0.0,0.07751056431494471,0.08657726659203455
miss_detection,5.0,10.0,140.0,150.0,constant,0.0,,
distal,5.0,10.0,140.0,150.0,normal,0.0,0.11728701457865072,0.14792908263526025
perpendicular,5.0,10.0,140.0,150.0,normal,0.0,0.08076220152055555,0.11132158194030783
height,5.0,10.0,140.0,150.0,normal,0.0,0.031811505894729475,0.03849238885473882
yaw,5.0,10.0,140.0,150.0,normal,0.0,0.024645403385669243,0.03176548003738663
width,5.0,10.0,140.0,150.0,normal,0.0,0.19676283149905766,0.25896913865033316
length,5.0,10.0,140.0,150.0,normal,0.0,0.12491066366742887,0.10139016921703632
box_height,5.0,10.0,140.0,150.0,normal,0.0,0.06466363157589278,0.06175687518055083
miss_detection,5.0,10.0,150.0,160.0,constant,0.0,,
distal,5.0,10.0,150.0,160.0,normal,0.0,0.11384183997154841,0.17502041109440963
perpendicular,5.0,10.0,150.0,160.0,normal,0.0,0.07068326667784118,0.09300121395248714
height,5.0,10.0,150.0,160.0,normal,0.0,0.051132334716075,0.051641590405847426
yaw,5.0,10.0,150.0,160.0,normal,0.0,0.03583097255994828,0.0403854073952409
width,5.0,10.0,150.0,160.0,normal,0.0,0.1703531691882866,0.23836830731864286
length,5.0,10.0,150.0,160.0,normal,0.0,0.10137290632028778,0.07102238296348358
box_height,5.0,10.0,150.0,160.0,normal,0.0,0.04880048303751673,0.06338905508273115
miss_detection,5.0,10.0,160.0,170.0,constant,0.0,,
distal,5.0,10.0,160.0,170.0,normal,0.0,0.10033942660141913,0.15352789222617633
perpendicular,5.0,10.0,160.0,170.0,normal,0.0,0.0666359921575398,0.07799189772301048
height,5.0,10.0,160.0,170.0,normal,0.0,0.11745738684050461,0.08975660173516524
yaw,5.0,10.0,160.0,170.0,normal,0.0,0.025603655271077417,0.04527500847106973
width,5.0,10.0,160.0,170.0,normal,0.0,0.2771980736353193,0.35183555201480265
length,5.0,10.0,160.0,170.0,normal,0.0,0.07629645593906352,0.09501991146489193
box_height,5.0,10.0,160.0,170.0,normal,0.0,0.09278124070112896,0.11936826454965692
miss_detection,5.0,10.0,170.0,180.0,constant,0.0,,
distal,5.0,10.0,170.0,180.0,normal,0.0,0.11726917907303139,0.1469011068883044
perpendicular,5.0,10.0,170.0,180.0,normal,0.0,0.0967498420222829,0.09554531742485892
height,5.0,10.0,170.0,180.0,normal,0.0,0.09897280980125622,0.23749996377871588
yaw,5.0,10.0,170.0,180.0,normal,0.0,0.06387298989999021,0.11560153024486051
width,5.0,10.0,170.0,180.0,normal,0.0,0.18485278522190576,0.15765282282462487
length,5.0,10.0,170.0,180.0,normal,0.0,0.06716116186243204,0.12321084967026344
box_height,5.0,10.0,170.0,180.0,normal,0.0,0.11390946183773933,0.3016796089135684
miss_detection,10.0,15.0,-180.0,-170.0,constant,0.03361344537815126,,
distal,10.0,15.0,-180.0,-170.0,normal,0.0,0.09951401500079891,0.1191994971520801
perpendicular,10.0,15.0,-180.0,-170.0,normal,0.0,0.04242722102165762,0.05459201734987082
height,10.0,15.0,-180.0,-170.0,normal,0.0,0.06369493120303073,0.07547683854033982
yaw,10.0,15.0,-180.0,-170.0,normal,0.0,0.03576322977135195,0.05063104702284613
width,10.0,15.0,-180.0,-170.0,normal,0.0,0.2558380490126723,0.2566792529562245
length,10.0,15.0,-180.0,-170.0,normal,0.0,0.09403618016652532,0.0906413423842278
box_height,10.0,15.0,-180.0,-170.0,normal,0.0,0.14948088156140696,0.11083294343257295
miss_detection,10.0,15.0,-170.0,-160.0,constant,0.006097560975609756,,
distal,10.0,15.0,-170.0,-160.0,normal,0.0,0.14564135944880802,0.16731747859856197
perpendicular,10.0,15.0,-170.0,-160.0,normal,0.0,0.05871799815534013,0.07646065806850988
height,10.0,15.0,-170.0,-160.0,normal,0.0,0.0786491208635692,0.07737400414753545
yaw,10.0,15.0,-170.0,-160.0,normal,0.0,0.036978912093969946,0.04505538306691548
width,10.0,15.0,-170.0,-160.0,normal,0.0,0.27475250406857515,0.37559268006517843
length,10.0,15.0,-170.0,-160.0,normal,0.0,0.11381224617465746,0.14776334367646762
box_height,10.0,15.0,-170.0,-160.0,normal,0.0,0.1413603558050691,0.14645704681887947
miss_detection,10.0,15.0,-160.0,-150.0,constant,0.008547008547008548,,
distal,10.0,15.0,-160.0,-150.0,normal,0.0,0.10604820287666207,0.13171032435104887
perpendicular,10.0,15.0,-160.0,-150.0,normal,0.0,0.06368417980538396,0.07608264247231998
height,10.0,15.0,-160.0,-150.0,normal,0.0,0.04654225870257788,0.06136639724517691
yaw,10.0,15.0,-160.0,-150.0,normal,0.0,0.03278076684768927,0.04007494114670533
width,10.0,15.0,-160.0,-150.0,normal,0.0,0.20635247117559072,0.3021610379219055
length,10.0,15.0,-160.0,-150.0,normal,0.0,0.09902452730300142,0.17135250465623264
box_height,10.0,15.0,-160.0,-150.0,normal,0.0,0.05913515865951108,0.06786515075584938
miss_detection,10.0,15.0,-150.0,-140.0,constant,0.013513513513513514,,
distal,10.0,15.0,-150.0,-140.0,normal,0.0,0.11104988347480543,0.14661659432787905
perpendicular,10.0,15.0,-150.0,-140.0,normal,0.0,0.08573000860420418,0.11993510021756648
height,10.0,15.0,-150.0,-140.0,normal,0.0,0.062073693087698285,0.06079170638567781
yaw,10.0,15.0,-150.0,-140.0,normal,0.0,0.04421805330459466,0.05971711532430965
width,10.0,15.0,-150.0,-140.0,normal,0.0,0.21914294208672971,0.2254593013084098
length,10.0,15.0,-150.0,-140.0,normal,0.0,0.10408190649376695,0.12472677230834961
box_height,10.0,15.0,-150.0,-140.0,normal,0.0,0.08459557012868167,0.0921893642373281
miss_detection,10.0,15.0,-140.0,-130.0,constant,0.0,,
distal,10.0,15.0,-140.0,-130.0,normal,0.0,0.0904723115440185,0.10839060333437273
perpendicular,10.0,15.0,-140.0,-130.0,normal,0.0,0.10046951586151752,0.1182998032209072
height,10.0,15.0,-140.0,-130.0,normal,0.0,0.037536897918256956,0.0481067145312274
yaw,10.0,15.0,-140.0,-130.0,normal,0.0,0.030212618574926776,0.03916720980452389
width,10.0,15.0,-140.0,-130.0,normal,0.0,0.2005621974350393,0.25077069247210465
length,10.0,15.0,-140.0,-130.0,normal,0.0,0.10459161139343,0.11879681216345893
box_height,10.0,15.0,-140.0,-130.0,normal,0.0,0.09293677917179574,0.13097709196585197
miss_detection,10.0,15.0,-130.0,-120.0,constant,0.05555555555555555,,
distal,10.0,15.0,-130.0,-120.0,normal,0.0,0.09611247622052049,0.14893199570866467
perpendicular,10.0,15.0,-130.0,-120.0,normal,0.0,0.11654336299969704,0.1871531386261676
height,10.0,15.0,-130.0,-120.0,normal,0.0,0.04731509162203001,0.06317497000974767
yaw,10.0,15.0,-130.0,-120.0,normal,0.0,0.0720173427020468,0.07946506141257871
width,10.0,15.0,-130.0,-120.0,normal,0.0,0.24783732503418043,0.2959616043988396
length,10.0,15.0,-130.0,-120.0,normal,0.0,0.07995249588577173,0.09026116132736206
box_height,10.0,15.0,-130.0,-120.0,normal,0.0,0.13524482605712246,0.13459866888382854
miss_detection,10.0,15.0,-120.0,-110.0,constant,0.1,,
distal,10.0,15.0,-120.0,-110.0,normal,0.0,0.11426844521012514,0.172255771074395
perpendicular,10.0,15.0,-120.0,-110.0,normal,0.0,0.11539839447308664,0.15575568801826892
height,10.0,15.0,-120.0,-110.0,normal,0.0,0.060826521300030224,0.08306966887580024
yaw,10.0,15.0,-120.0,-110.0,normal,0.0,0.055734837554148195,0.08732465827941066
width,10.0,15.0,-120.0,-110.0,normal,0.0,0.26090957980536406,0.3888625171449449
length,10.0,15.0,-120.0,-110.0,normal,0.0,0.11641314030234447,0.11733657121658325
box_height,10.0,15.0,-120.0,-110.0,normal,0.0,0.1277251516415929,0.1487041579352485
miss_detection,10.0,15.0,-110.0,-100.0,constant,0.05263157894736842,,
distal,10.0,15.0,-110.0,-100.0,normal,0.0,0.13086325458616424,0.24671631097681296
perpendicular,10.0,15.0,-110.0,-100.0,normal,0.0,0.12202430200309182,0.15521584864946356
height,10.0,15.0,-110.0,-100.0,normal,0.0,0.04797021003725305,0.05291795399453905
yaw,10.0,15.0,-110.0,-100.0,normal,0.0,0.05314479537625393,0.08047671936191077
width,10.0,15.0,-110.0,-100.0,normal,0.0,0.2826160113770646,0.3923060761557685
length,10.0,15.0,-110.0,-100.0,normal,0.0,0.0800405915918647,0.08991796440548366
box_height,10.0,15.0,-110.0,-100.0,normal,0.0,0.14677099341765884,0.14545907576878866
miss_detection,10.0,15.0,-100.0,-90.0,constant,0.47058823529411764,,
distal,10.0,15.0,-100.0,-90.0,normal,0.0,0.1683294529607455,0.23242227129518675
perpendicular,10.0,15.0,-100.0,-90.0,normal,0.0,0.09248453516482628,0.12138172710873735
height,10.0,15.0,-100.0,-90.0,normal,0.0,0.06790186091298006,0.08069943719440037
yaw,10.0,15.0,-100.0,-90.0,normal,0.0,0.05086065172956085,0.09947922847859816
width,10.0,15.0,-100.0,-90.0,normal,0.0,0.3124864014714577,0.3749815887875027
length,10.0,15.0,-100.0,-90.0,normal,0.0,0.10289078761086123,0.11267810397677952
box_height,10.0,15.0,-100.0,-90.0,normal,0.0,0.1412481307616596,0.1503574980629815
miss_detection,10.0,15.0,-90.0,-80.0,constant,0.38095238095238093,,
distal,10.0,15.0,-90.0,-80.0,normal,0.0,0.18965179665009113,0.3094658066333621
perpendicular,10.0,15.0,-90.0,-80.0,normal,0.0,0.06774203561502878,0.08298333517977384
height,10.0,15.0,-90.0,-80.0,normal,0.0,0.059604098267510154,0.10386923184761634
yaw,10.0,15.0,-90.0,-80.0,normal,0.0,0.0740415450010614,0.12631980333491719
width,10.0,15.0,-90.0,-80.0,normal,0.0,0.25320188965092466,0.28954718663142276
length,10.0,15.0,-90.0,-80.0,normal,0.0,0.07227660296400645,0.12129713938786434
box_height,10.0,15.0,-90.0,-80.0,normal,0.0,0.1413799439848198,0.1732704914533175
miss_detection,10.0,15.0,-80.0,-70.0,constant,0.25,,
distal,10.0,15.0,-80.0,-70.0,normal,0.0,0.13666240958920597,0.26204356554000063
perpendicular,10.0,15.0,-80.0,-70.0,normal,0.0,0.05879186900383266,0.08058508103676347
height,10.0,15.0,-80.0,-70.0,normal,0.0,0.06010339051501394,0.07305292288462321
yaw,10.0,15.0,-80.0,-70.0,normal,0.0,0.07443465744889498,0.13088891969698935
width,10.0,15.0,-80.0,-70.0,normal,0.0,0.3585351594391259,0.3527818520863851
length,10.0,15.0,-80.0,-70.0,normal,0.0,0.05821325144994789,0.10309251149495442
box_height,10.0,15.0,-80.0,-70.0,normal,0.0,0.1079138672062116,0.13260002930959067
miss_detection,10.0,15.0,-70.0,-60.0,constant,0.4,,
distal,10.0,15.0,-70.0,-60.0,normal,0.0,0.10518295820638779,0.20980345479089557
perpendicular,10.0,15.0,-70.0,-60.0,normal,0.0,0.07241656074675308,0.10284648944214214
height,10.0,15.0,-70.0,-60.0,normal,0.0,0.07172987925592957,0.06737581888834636
yaw,10.0,15.0,-70.0,-60.0,normal,0.0,0.07441612002790307,0.11516526407577861
width,10.0,15.0,-70.0,-60.0,normal,0.0,0.30038992005811427,0.332167108853658
length,10.0,15.0,-70.0,-60.0,normal,0.0,0.07936206522729654,0.10173011819521587
box_height,10.0,15.0,-70.0,-60.0,normal,0.0,0.08607853691148873,0.11392507950464885
miss_detection,10.0,15.0,-60.0,-50.0,constant,0.27586206896551724,,
distal,10.0,15.0,-60.0,-50.0,normal,0.0,0.11898060851245133,0.1491183592844714
perpendicular,10.0,15.0,-60.0,-50.0,normal,0.0,0.06666157290143354,0.10216727346272345
height,10.0,15.0,-60.0,-50.0,normal,0.0,0.055614723581360694,0.06733415524164836
yaw,10.0,15.0,-60.0,-50.0,normal,0.0,0.04220971913683923,0.10950960113145956
width,10.0,15.0,-60.0,-50.0,normal,0.0,0.1765204654412485,0.26257996332077754
length,10.0,15.0,-60.0,-50.0,normal,0.0,0.05878055351637953,0.0831306605111985
box_height,10.0,15.0,-60.0,-50.0,normal,0.0,0.08462514697473088,0.12993990239642916
miss_detection,10.0,15.0,-50.0,-40.0,constant,0.0,,
distal,10.0,15.0,-50.0,-40.0,normal,0.0,0.09928519676643005,0.128343924173415
perpendicular,10.0,15.0,-50.0,-40.0,normal,0.0,0.07065609273639235,0.07759951892326009
height,10.0,15.0,-50.0,-40.0,normal,0.0,0.04557112116358267,0.05071443760836566
yaw,10.0,15.0,-50.0,-40.0,normal,0.0,0.05207686598104889,0.08390483781905808
width,10.0,15.0,-50.0,-40.0,normal,0.0,0.20677509050528528,0.24746866579409
length,10.0,15.0,-50.0,-40.0,normal,0.0,0.09749516927396812,0.14272405483104564
box_height,10.0,15.0,-50.0,-40.0,normal,0.0,0.10909562882936262,0.1395662581479108
miss_detection,10.0,15.0,-40.0,-30.0,constant,0.0,,
distal,10.0,15.0,-40.0,-30.0,normal,0.0,0.1039202996140219,0.11999206179085867
perpendicular,10.0,15.0,-40.0,-30.0,normal,0.0,0.0984068113516154,0.1193593088389381
height,10.0,15.0,-40.0,-30.0,normal,0.0,0.0589402583133846,0.0641725570408266
yaw,10.0,15.0,-40.0,-30.0,normal,0.0,0.029334546893846073,0.06360726869583087
width,10.0,15.0,-40.0,-30.0,normal,0.0,0.20259719003015655,0.34701386494423025
length,10.0,15.0,-40.0,-30.0,normal,0.0,0.08700620950628218,0.11224999534549998
box_height,10.0,15.0,-40.0,-30.0,normal,0.0,0.07710396678271783,0.12362265053080089
miss_detection,10.0,15.0,-30.0,-20.0,constant,0.0,,
distal,10.0,15.0,-30.0,-20.0,normal,0.0,0.11010998991845458,0.17008083937210589
perpendicular,10.0,15.0,-30.0,-20.0,normal,0.0,0.10293490974184222,0.11846897356158394
height,10.0,15.0,-30.0,-20.0,normal,0.0,0.044057819668836526,0.060566395794579744
yaw,10.0,15.0,-30.0,-20.0,normal,0.0,0.04533231354167436,0.06724197865714678
width,10.0,15.0,-30.0,-20.0,normal,0.0,0.20751999803368595,0.3333109693789701
length,10.0,15.0,-30.0,-20.0,normal,0.0,0.07437692613287329,0.15901939147109284
box_height,10.0,15.0,-30.0,-20.0,normal,0.0,0.08341228854980415,0.07580892317885653
miss_detection,10.0,15.0,-20.0,-10.0,constant,0.011111111111111112,,
distal,10.0,15.0,-20.0,-10.0,normal,0.0,0.1535432632690406,0.21012745806093913
perpendicular,10.0,15.0,-20.0,-10.0,normal,0.0,0.07522860138245613,0.10035524556595594
height,10.0,15.0,-20.0,-10.0,normal,0.0,0.0629833814625363,0.08218314088462444
yaw,10.0,15.0,-20.0,-10.0,normal,0.0,0.043849198713831486,0.06533614943705349
width,10.0,15.0,-20.0,-10.0,normal,0.0,0.27867174712078746,0.40777268905318187
length,10.0,15.0,-20.0,-10.0,normal,0.0,0.11944644763151369,0.17211144224981242
box_height,10.0,15.0,-20.0,-10.0,normal,0.0,0.07021095952676952,0.08215925231408537
miss_detection,10.0,15.0,-10.0,0.0,constant,0.0,,
distal,10.0,15.0,-10.0,0.0,normal,0.0,0.08060554237019173,0.11707999181128541
perpendicular,10.0,15.0,-10.0,0.0,normal,0.0,0.07898248541443564,0.08420266350957521
height,10.0,15.0,-10.0,0.0,normal,0.0,0.05537355029475985,0.088459050655365
yaw,10.0,15.0,-10.0,0.0,normal,0.0,0.02369127012322707,0.04344730377197266
width,10.0,15.0,-10.0,0.0,normal,0.0,0.07963327457591755,0.1973409652709961
length,10.0,15.0,-10.0,0.0,normal,0.0,0.044872506424697985,0.06147565841674805
box_height,10.0,15.0,-10.0,0.0,normal,0.0,0.011516753333594327,0.025853800773620605
miss_detection,10.0,15.0,0.0,10.0,constant,0.0,,
distal,10.0,15.0,0.0,10.0,normal,0.0,0.09240856624868395,0.13277320291645336
perpendicular,10.0,15.0,0.0,10.0,normal,0.0,0.05662797191674417,0.08788380052262994
height,10.0,15.0,0.0,10.0,normal,0.0,0.04010699544501399,0.046958698467774826
yaw,10.0,15.0,0.0,10.0,normal,0.0,0.027438842618726426,0.044172875186337134
width,10.0,15.0,0.0,10.0,normal,0.0,0.09766526452009401,0.09668550527457034
length,10.0,15.0,0.0,10.0,normal,0.0,0.06334132432796592,0.10714831361264894
box_height,10.0,15.0,0.0,10.0,normal,0.0,0.04523870878367075,0.057313081893053924
miss_detection,10.0,15.0,10.0,20.0,constant,0.0,,
distal,10.0,15.0,10.0,20.0,normal,0.0,0.1540999211788886,0.17462700256967598
perpendicular,10.0,15.0,10.0,20.0,normal,0.0,0.06986824556645832,0.09568592909530269
height,10.0,15.0,10.0,20.0,normal,0.0,0.05059690057597817,0.06206608570216338
yaw,10.0,15.0,10.0,20.0,normal,0.0,0.031240866420271164,0.039608755259110305
width,10.0,15.0,10.0,20.0,normal,0.0,0.2278009116688267,0.3248293071198673
length,10.0,15.0,10.0,20.0,normal,0.0,0.10321839226313256,0.12808189538916534
box_height,10.0,15.0,10.0,20.0,normal,0.0,0.06975571236569217,0.09604443308195411
miss_detection,10.0,15.0,20.0,30.0,constant,0.013513513513513514,,
distal,10.0,15.0,20.0,30.0,normal,0.0,0.12577914255045453,0.15809599678443217
perpendicular,10.0,15.0,20.0,30.0,normal,0.0,0.07238866102504522,0.08847713262676465
height,10.0,15.0,20.0,30.0,normal,0.0,0.0529489452896334,0.062314225059666044
yaw,10.0,15.0,20.0,30.0,normal,0.0,0.03157848261731434,0.03821560927345578
width,10.0,15.0,20.0,30.0,normal,0.0,0.25131956093903624,0.32071527128350247
length,10.0,15.0,20.0,30.0,normal,0.0,0.10413434500647592,0.1155701124504821
box_height,10.0,15.0,20.0,30.0,normal,0.0,0.09356351601817933,0.11132366004055494
miss_detection,10.0,15.0,30.0,40.0,constant,0.02857142857142857,,
distal,10.0,15.0,30.0,40.0,normal,0.0,0.13725909273083875,0.1550017434637969
perpendicular,10.0,15.0,30.0,40.0,normal,0.0,0.0952601741162943,0.10934242299249598
height,10.0,15.0,30.0,40.0,normal,0.0,0.054488631918794446,0.0725037083516713
yaw,10.0,15.0,30.0,40.0,normal,0.0,0.027758587021775007,0.03673182783692283
width,10.0,15.0,30.0,40.0,normal,0.0,0.33052356934694505,0.3028462525286706
length,10.0,15.0,30.0,40.0,normal,0.0,0.10347156401234772,0.11822399360681671
box_height,10.0,15.0,30.0,40.0,normal,0.0,0.1076044342675238,0.12403526298360887
miss_detection,10.0,15.0,40.0,50.0,constant,0.01639344262295082,,
distal,10.0,15.0,40.0,50.0,normal,0.0,0.13133225439537494,0.16330367493220702
perpendicular,10.0,15.0,40.0,50.0,normal,0.0,0.1131251829924902,0.13986020105382083
height,10.0,15.0,40.0,50.0,normal,0.0,0.05492494839653344,0.07461285491784414
yaw,10.0,15.0,40.0,50.0,normal,0.0,0.03824336542866594,0.04345929311863499
width,10.0,15.0,40.0,50.0,normal,0.0,0.2139536033078194,0.2732599443859524
length,10.0,15.0,40.0,50.0,normal,0.0,0.11184203078338424,0.15666024618678623
box_height,10.0,15.0,40.0,50.0,normal,0.0,0.07957961553239778,0.10752348701159159
miss_detection,10.0,15.0,50.0,60.0,constant,0.01775147928994083,,
distal,10.0,15.0,50.0,60.0,normal,0.0,0.10967837123683852,0.16218547924071705
perpendicular,10.0,15.0,50.0,60.0,normal,0.0,0.12332734352496404,0.12636056208246738
height,10.0,15.0,50.0,60.0,normal,0.0,0.052950580238618684,0.06381072732339423
yaw,10.0,15.0,50.0,60.0,normal,0.0,0.042704892243542854,0.04230263708254819
width,10.0,15.0,50.0,60.0,normal,0.0,0.21624048591480619,0.29671127106769973
length,10.0,15.0,50.0,60.0,normal,0.0,0.11901104926153366,0.12958790810711412
box_height,10.0,15.0,50.0,60.0,normal,0.0,0.08950016519949583,0.12222432587520186
miss_detection,10.0,15.0,60.0,70.0,constant,0.08,,
distal,10.0,15.0,60.0,70.0,normal,0.0,0.08220919691596876,0.1127086744255402
perpendicular,10.0,15.0,60.0,70.0,normal,0.0,0.14197258171358226,0.16696265147226858
height,10.0,15.0,60.0,70.0,normal,0.0,0.05095036850791712,0.06747025614199431
yaw,10.0,15.0,60.0,70.0,normal,0.0,0.03029806688754068,0.03713036442412964
width,10.0,15.0,60.0,70.0,normal,0.0,0.30333073233955227,0.30083610285883366
length,10.0,15.0,60.0,70.0,normal,0.0,0.1045232668253872,0.13096466997395392
box_height,10.0,15.0,60.0,70.0,normal,0.0,0.1205724067801636,0.13259898061337677
miss_detection,10.0,15.0,70.0,80.0,constant,0.10588235294117647,,
distal,10.0,15.0,70.0,80.0,normal,0.0,0.06891035706775342,0.07685241806419237
perpendicular,10.0,15.0,70.0,80.0,normal,0.0,0.16243384505152783,0.16242235045869027
height,10.0,15.0,70.0,80.0,normal,0.0,0.04766140541964461,0.06928331600992303
yaw,10.0,15.0,70.0,80.0,normal,0.0,0.02695873601330644,0.03692941845028224
width,10.0,15.0,70.0,80.0,normal,0.0,0.20212174232010083,0.22343307733535767
length,10.0,15.0,70.0,80.0,normal,0.0,0.07878638545458641,0.12634643441752383
box_height,10.0,15.0,70.0,80.0,normal,0.0,0.11179957886579463,0.14556146295447098
miss_detection,10.0,15.0,80.0,90.0,constant,0.11475409836065574,,
distal,10.0,15.0,80.0,90.0,normal,0.0,0.08940008438978578,0.09591109092268262
perpendicular,10.0,15.0,80.0,90.0,normal,0.0,0.16422254406299958,0.15143382745582398
height,10.0,15.0,80.0,90.0,normal,0.0,0.05500288960166485,0.0771575426613843
yaw,10.0,15.0,80.0,90.0,normal,0.0,0.027917045873876205,0.04786579901010913
width,10.0,15.0,80.0,90.0,normal,0.0,0.1607917238351262,0.2361762170438413
length,10.0,15.0,80.0,90.0,normal,0.0,0.0927919120324149,0.14790205823050606
box_height,10.0,15.0,80.0,90.0,normal,0.0,0.13885049101311028,0.17285692029529148
miss_detection,10.0,15.0,90.0,100.0,constant,0.13043478260869565,,
distal,10.0,15.0,90.0,100.0,normal,0.0,0.06752208051684394,0.10854610155022162
perpendicular,10.0,15.0,90.0,100.0,normal,0.0,0.14598756979654343,0.1468243632009979
height,10.0,15.0,90.0,100.0,normal,0.0,0.05400231694382139,0.06868491768836975
yaw,10.0,15.0,90.0,100.0,normal,0.0,0.03568116285867244,0.0409862980104745
width,10.0,15.0,90.0,100.0,normal,0.0,0.1531733639504529,0.20222618182500204
length,10.0,15.0,90.0,100.0,normal,0.0,0.0995523322698656,0.15076672037442526
box_height,10.0,15.0,90.0,100.0,normal,0.0,0.11086590833943083,0.15329807996749878
miss_detection,10.0,15.0,100.0,110.0,constant,0.1095890410958904,,
distal,10.0,15.0,100.0,110.0,normal,0.0,0.06741721131788353,0.09590999308222155
perpendicular,10.0,15.0,100.0,110.0,normal,0.0,0.15960964921056206,0.16808615286370474
height,10.0,15.0,100.0,110.0,normal,0.0,0.04536745581825664,0.057156730615175684
yaw,10.0,15.0,100.0,110.0,normal,0.0,0.033243644985566236,0.04308514033161937
width,10.0,15.0,100.0,110.0,normal,0.0,0.25455097097918816,0.24274032666133
length,10.0,15.0,100.0,110.0,normal,0.0,0.08929215242407687,0.17337869314047005
box_height,10.0,15.0,100.0,110.0,normal,0.0,0.12315461019862703,0.1694378320987408
miss_detection,10.0,15.0,110.0,120.0,constant,0.07547169811320754,,
distal,10.0,15.0,110.0,120.0,normal,0.0,0.10814357954086003,0.10260147915994912
perpendicular,10.0,15.0,110.0,120.0,normal,0.0,0.19189117102805178,0.1679804633954201
height,10.0,15.0,110.0,120.0,normal,0.0,0.04805421650355474,0.0564935493225954
yaw,10.0,15.0,110.0,120.0,normal,0.0,0.03443509659454376,0.038338489126622605
width,10.0,15.0,110.0,120.0,normal,0.0,0.26117930759941943,0.288994516645159
length,10.0,15.0,110.0,120.0,normal,0.0,0.09616947482847854,0.14973415039023574
box_height,10.0,15.0,110.0,120.0,normal,0.0,0.10031214313789484,0.13440320321491786
miss_detection,10.0,15.0,120.0,130.0,constant,0.031496062992125984,,
distal,10.0,15.0,120.0,130.0,normal,0.0,0.11365205395176567,0.13044666036327154
perpendicular,10.0,15.0,120.0,130.0,normal,0.0,0.16024202303238258,0.15254188899544963
height,10.0,15.0,120.0,130.0,normal,0.0,0.04299833079161383,0.06364482738138215
yaw,10.0,15.0,120.0,130.0,normal,0.0,0.03471392941764688,0.043552304004515284
width,10.0,15.0,120.0,130.0,normal,0.0,0.26124835942675095,0.27120917405539413
length,10.0,15.0,120.0,130.0,normal,0.0,0.11015681264376051,0.14555105058158316
box_height,10.0,15.0,120.0,130.0,normal,0.0,0.1061136766174392,0.12639545715921294
miss_detection,10.0,15.0,130.0,140.0,constant,0.028169014084507043,,
distal,10.0,15.0,130.0,140.0,normal,0.0,0.13011265305767286,0.1426951518658176
perpendicular,10.0,15.0,130.0,140.0,normal,0.0,0.13447580153034125,0.1394618191332586
height,10.0,15.0,130.0,140.0,normal,0.0,0.05042437951708923,0.060286254986472755
yaw,10.0,15.0,130.0,140.0,normal,0.0,0.03511646551543416,0.03994133792362241
width,10.0,15.0,130.0,140.0,normal,0.0,0.30594709403424775,0.3300495856050132
length,10.0,15.0,130.0,140.0,normal,0.0,0.14963171535790024,0.16559848232545715
box_height,10.0,15.0,130.0,140.0,normal,0.0,0.08030576599148857,0.11096272606780563
miss_detection,10.0,15.0,140.0,150.0,constant,0.03861003861003861,,
distal,10.0,15.0,140.0,150.0,normal,0.0,0.12922019307877797,0.13721369306212944
perpendicular,10.0,15.0,140.0,150.0,normal,0.0,0.09407435230841256,0.10815111098376338
height,10.0,15.0,140.0,150.0,normal,0.0,0.05026131004755521,0.058142437034821415
yaw,10.0,15.0,140.0,150.0,normal,0.0,0.02712713406909962,0.03637371323931841
width,10.0,15.0,140.0,150.0,normal,0.0,0.27795659599241807,0.3209531747672453
length,10.0,15.0,140.0,150.0,normal,0.0,0.13797948617384626,0.1523738472337225
box_height,10.0,15.0,140.0,150.0,normal,0.0,0.07299583014050727,0.09426028757210238
miss_detection,10.0,15.0,150.0,160.0,constant,0.009836065573770493,,
distal,10.0,15.0,150.0,160.0,normal,0.0,0.09241232786234944,0.12645935406030978
perpendicular,10.0,15.0,150.0,160.0,normal,0.0,0.07615455902847063,0.09458180621095541
height,10.0,15.0,150.0,160.0,normal,0.0,0.055951082914094244,0.056235319731251295
yaw,10.0,15.0,150.0,160.0,normal,0.0,0.02983334591346961,0.03969832742399685
width,10.0,15.0,150.0,160.0,normal,0.0,0.2542521662447899,0.2914460218505354
length,10.0,15.0,150.0,160.0,normal,0.0,0.11320781142639276,0.1263341283956111
box_height,10.0,15.0,150.0,160.0,normal,0.0,0.07139146289226463,0.09396343041729453
miss_detection,10.0,15.0,160.0,170.0,constant,0.0,,
distal,10.0,15.0,160.0,170.0,normal,0.0,0.08917949386319002,0.11595857088120144
perpendicular,10.0,15.0,160.0,170.0,normal,0.0,0.0658880531195971,0.09152028888116095
height,10.0,15.0,160.0,170.0,normal,0.0,0.04752536521340237,0.06259553419782761
yaw,10.0,15.0,160.0,170.0,normal,0.0,0.027560977679153248,0.03782451823544943
width,10.0,15.0,160.0,170.0,normal,0.0,0.18210053724257588,0.23206214152329357
length,10.0,15.0,160.0,170.0,normal,0.0,0.10474690212958114,0.08676122752487236
box_height,10.0,15.0,160.0,170.0,normal,0.0,0.051407329305277465,0.08181940790609266
miss_detection,10.0,15.0,170.0,180.0,constant,0.0,,
distal,10.0,15.0,170.0,180.0,normal,0.0,0.09391826909513772,0.11893119497072926
perpendicular,10.0,15.0,170.0,180.0,normal,0.0,0.05653254757390959,0.07926456115794225
height,10.0,15.0,170.0,180.0,normal,0.0,0.04516968870735114,0.07421237955222258
yaw,10.0,15.0,170.0,180.0,normal,0.0,0.03302987327022005,0.05419144177859699
width,10.0,15.0,170.0,180.0,normal,0.0,0.15282903930926203,0.23210573196411133
length,10.0,15.0,170.0,180.0,normal,0.0,0.07109969071812909,0.08255826299254959
box_height,10.0,15.0,170.0,180.0,normal,0.0,0.0854162974102988,0.13466475622074023
miss_detection,15.0,20.0,-180.0,-170.0,constant,0.027128157156220765,,
distal,15.0,20.0,-180.0,-170.0,normal,0.0,0.13335663423765434,0.14609338238951874
perpendicular,15.0,20.0,-180.0,-170.0,normal,0.0,0.044263522468246955,0.05428491899123554
height,15.0,20.0,-180.0,-170.0,normal,0.0,0.07300551401926053,0.07611923653345842
yaw,15.0,20.0,-180.0,-170.0,normal,0.0,0.03295187626071119,0.04100124255116428
width,15.0,20.0,-180.0,-170.0,normal,0.0,0.3124311511388278,0.27307150616095616
length,15.0,20.0,-180.0,-170.0,normal,0.0,0.109500786236961,0.12262571557210042
box_height,15.0,20.0,-180.0,-170.0,normal,0.0,0.13599389596988004,0.12326036049769475
miss_detection,15.0,20.0,-170.0,-160.0,constant,0.0017094017094017094,,
distal,15.0,20.0,-170.0,-160.0,normal,0.0,0.1327175866325915,0.15210788555596733
perpendicular,15.0,20.0,-170.0,-160.0,normal,0.0,0.05527243473644638,0.0735863426129838
height,15.0,20.0,-170.0,-160.0,normal,0.0,0.04386606559581212,0.06228377323036324
yaw,15.0,20.0,-170.0,-160.0,normal,0.0,0.03353051568012412,0.04656024225708541
width,15.0,20.0,-170.0,-160.0,normal,0.0,0.23883015567821886,0.2692038825113479
length,15.0,20.0,-170.0,-160.0,normal,0.0,0.10198317763364408,0.1376601077922403
box_height,15.0,20.0,-170.0,-160.0,normal,0.0,0.07615575300161069,0.07220869052083526
miss_detection,15.0,20.0,-160.0,-150.0,constant,0.011494252873563218,,
distal,15.0,20.0,-160.0,-150.0,normal,0.0,0.0989365492220684,0.12390770552257674
perpendicular,15.0,20.0,-160.0,-150.0,normal,0.0,0.08449995748413668,0.12339621367230555
height,15.0,20.0,-160.0,-150.0,normal,0.0,0.06979832097683472,0.07996495795804401
yaw,15.0,20.0,-160.0,-150.0,normal,0.0,0.037234001688835006,0.0597973365681084
width,15.0,20.0,-160.0,-150.0,normal,0.0,0.2135548046214505,0.2442413901173791
length,15.0,20.0,-160.0,-150.0,normal,0.0,0.08489895204393606,0.13276176535805992
box_height,15.0,20.0,-160.0,-150.0,normal,0.0,0.09182389653889222,0.11702248939248018
miss_detection,15.0,20.0,-150.0,-140.0,constant,0.09803921568627451,,
distal,15.0,20.0,-150.0,-140.0,normal,0.0,0.09199177145770149,0.11229834751890334
perpendicular,15.0,20.0,-150.0,-140.0,normal,0.0,0.13558444590310223,0.12973601997564976
height,15.0,20.0,-150.0,-140.0,normal,0.0,0.06798304061795409,0.0815806622090547
yaw,15.0,20.0,-150.0,-140.0,normal,0.0,0.08145708346022909,0.08123884199514163
width,15.0,20.0,-150.0,-140.0,normal,0.0,0.21972108102741797,0.2981200425521187
length,15.0,20.0,-150.0,-140.0,normal,0.0,0.07466747668392758,0.09495576827422432
box_height,15.0,20.0,-150.0,-140.0,normal,0.0,0.11016641802724128,0.13442513735398
miss_detection,15.0,20.0,-140.0,-130.0,constant,0.045454545454545456,,
distal,15.0,20.0,-140.0,-130.0,normal,0.0,0.12498810808504712,0.16915249998651513
perpendicular,15.0,20.0,-140.0,-130.0,normal,0.0,0.15092579762499117,0.18958551934836654
height,15.0,20.0,-140.0,-130.0,normal,0.0,0.05893799609700551,0.08146170917011443
yaw,15.0,20.0,-140.0,-130.0,normal,0.0,0.0707736673015611,0.12126958437599937
width,15.0,20.0,-140.0,-130.0,normal,0.0,0.2674517588077308,0.33079780851091656
length,15.0,20.0,-140.0,-130.0,normal,0.0,0.08558727708943756,0.12040422360102336
box_height,15.0,20.0,-140.0,-130.0,normal,0.0,0.13196017468048019,0.1461931722504752
miss_detection,15.0,20.0,-130.0,-120.0,constant,0.0,,
distal,15.0,20.0,-130.0,-120.0,normal,0.0,0.14607309115208492,0.17112853706033732
perpendicular,15.0,20.0,-130.0,-120.0,normal,0.0,0.15052219407724418,0.1952610394790784
height,15.0,20.0,-130.0,-120.0,normal,0.0,0.048330442058249753,0.07780373990535736
yaw,15.0,20.0,-130.0,-120.0,normal,0.0,0.06269160405024962,0.09874280887332301
width,15.0,20.0,-130.0,-120.0,normal,0.0,0.25740574710141545,0.2855823278427124
length,15.0,20.0,-130.0,-120.0,normal,0.0,0.07454707040938237,0.09795731902122498
box_height,15.0,20.0,-130.0,-120.0,normal,0.0,0.1293269276864644,0.1592244803905487
miss_detection,15.0,20.0,-120.0,-110.0,constant,0.038461538461538464,,
distal,15.0,20.0,-120.0,-110.0,normal,0.0,0.1027446790125477,0.1434934780339506
perpendicular,15.0,20.0,-120.0,-110.0,normal,0.0,0.09141931548753564,0.11986405921208018
height,15.0,20.0,-120.0,-110.0,normal,0.0,0.05446189046866923,0.10326273918151856
yaw,15.0,20.0,-120.0,-110.0,normal,0.0,0.060247295104103996,0.08302528867984207
width,15.0,20.0,-120.0,-110.0,normal,0.0,0.25139620607491636,0.24812311172485352
length,15.0,20.0,-120.0,-110.0,normal,0.0,0.07369696537710702,0.11069615840911866
box_height,15.0,20.0,-120.0,-110.0,normal,0.0,0.07223375448576067,0.11941655158996582
miss_detection,15.0,20.0,-110.0,-100.0,constant,0.07894736842105263,,
distal,15.0,20.0,-110.0,-100.0,normal,0.0,0.13984066187398592,0.15389992521014675
perpendicular,15.0,20.0,-110.0,-100.0,normal,0.0,0.11661057940861726,0.16061649096569836
height,15.0,20.0,-110.0,-100.0,normal,0.0,0.053953742529423136,0.0852297169821603
yaw,15.0,20.0,-110.0,-100.0,normal,0.0,0.05638470373768033,0.08583009638216928
width,15.0,20.0,-110.0,-100.0,normal,0.0,0.20936514323964664,0.2399240493774414
length,15.0,20.0,-110.0,-100.0,normal,0.0,0.07821920003668938,0.1355755703789847
box_height,15.0,20.0,-110.0,-100.0,normal,0.0,0.0930823665581067,0.11711851528712681
miss_detection,15.0,20.0,-100.0,-90.0,constant,0.19444444444444445,,
distal,15.0,20.0,-100.0,-90.0,normal,0.0,0.1267453333078761,0.16295688668993707
perpendicular,15.0,20.0,-100.0,-90.0,normal,0.0,0.12629501575945243,0.12381851302171527
height,15.0,20.0,-100.0,-90.0,normal,0.0,0.045409693709937915,0.08374588242892561
yaw,15.0,20.0,-100.0,-90.0,normal,0.0,0.08756884025590084,0.08134470839120862
width,15.0,20.0,-100.0,-90.0,normal,0.0,0.1691562037629592,0.23142519490472202
length,15.0,20.0,-100.0,-90.0,normal,0.0,0.07314957347676045,0.14399008504275618
box_height,15.0,20.0,-100.0,-90.0,normal,0.0,0.0952282647545496,0.1137358073530526
miss_detection,15.0,20.0,-90.0,-80.0,constant,0.1794871794871795,,
distal,15.0,20.0,-90.0,-80.0,normal,0.0,0.14107911729024,0.19379122878208482
perpendicular,15.0,20.0,-90.0,-80.0,normal,0.0,0.09809065379286616,0.10433270290363643
height,15.0,20.0,-90.0,-80.0,normal,0.0,0.0898646361194817,0.11047616228461266
yaw,15.0,20.0,-90.0,-80.0,normal,0.0,0.053734470737937856,0.08369725500993108
width,15.0,20.0,-90.0,-80.0,normal,0.0,0.1868657394340449,0.22138094902038574
length,15.0,20.0,-90.0,-80.0,normal,0.0,0.08923074743003762,0.12999248504638672
box_height,15.0,20.0,-90.0,-80.0,normal,0.0,0.11027445854308107,0.12317520380020142
miss_detection,15.0,20.0,-80.0,-70.0,constant,0.20588235294117646,,
distal,15.0,20.0,-80.0,-70.0,normal,0.0,0.11188785301321008,0.1396652348629272
perpendicular,15.0,20.0,-80.0,-70.0,normal,0.0,0.11488798092895458,0.1498587617014636
height,15.0,20.0,-80.0,-70.0,normal,0.0,0.07269670792424707,0.09135441206119678
yaw,15.0,20.0,-80.0,-70.0,normal,0.0,0.05123051007356383,0.10532327274074496
width,15.0,20.0,-80.0,-70.0,normal,0.0,0.12674087449819127,0.23655004854555484
length,15.0,20.0,-80.0,-70.0,normal,0.0,0.07986055750478052,0.11752678288353814
box_height,15.0,20.0,-80.0,-70.0,normal,0.0,0.08881262970576845,0.13083157274458143
miss_detection,15.0,20.0,-70.0,-60.0,constant,0.2413793103448276,,
distal,15.0,20.0,-70.0,-60.0,normal,0.0,0.10952358493195219,0.17241394809544594
perpendicular,15.0,20.0,-70.0,-60.0,normal,0.0,0.09087488868128724,0.14377658455422349
height,15.0,20.0,-70.0,-60.0,normal,0.0,0.06297435629013735,0.07282209667292508
yaw,15.0,20.0,-70.0,-60.0,normal,0.0,0.05094183854134429,0.10333280978732905
width,15.0,20.0,-70.0,-60.0,normal,0.0,0.20226779689320046,0.24693055586381393
length,15.0,20.0,-70.0,-60.0,normal,0.0,0.08751874039260243,0.13378877531398425
box_height,15.0,20.0,-70.0,-60.0,normal,0.0,0.07447261698516398,0.09863722866231744
miss_detection,15.0,20.0,-60.0,-50.0,constant,0.2413793103448276,,
distal,15.0,20.0,-60.0,-50.0,normal,0.0,0.12534495210670377,0.2031229228062612
perpendicular,15.0,20.0,-60.0,-50.0,normal,0.0,0.08768665119321951,0.12019500607510515
height,15.0,20.0,-60.0,-50.0,normal,0.0,0.0434347417597824,0.06958339431069115
yaw,15.0,20.0,-60.0,-50.0,normal,0.0,0.04706428676888556,0.0813884953655391
width,15.0,20.0,-60.0,-50.0,normal,0.0,0.2217818357928418,0.2527091069654985
length,15.0,20.0,-60.0,-50.0,normal,0.0,0.1008745350763609,0.13768800822171298
box_height,15.0,20.0,-60.0,-50.0,normal,0.0,0.06527682569191376,0.11163140426982533
miss_detection,15.0,20.0,-50.0,-40.0,constant,0.16326530612244897,,
distal,15.0,20.0,-50.0,-40.0,normal,0.0,0.10360487924219756,0.15257237041663352
perpendicular,15.0,20.0,-50.0,-40.0,normal,0.0,0.08370918387788821,0.10915490461107155
height,15.0,20.0,-50.0,-40.0,normal,0.0,0.06933833873825997,0.06752915207932635
yaw,15.0,20.0,-50.0,-40.0,normal,0.0,0.05348581155214585,0.08470194924856804
width,15.0,20.0,-50.0,-40.0,normal,0.0,0.21350090966683524,0.24351610788484898
length,15.0,20.0,-50.0,-40.0,normal,0.0,0.12042366680593028,0.1579076545994456
box_height,15.0,20.0,-50.0,-40.0,normal,0.0,0.09413256649186709,0.09881357448857005
miss_detection,15.0,20.0,-40.0,-30.0,constant,0.18055555555555555,,
distal,15.0,20.0,-40.0,-30.0,normal,0.0,0.0913398320069397,0.11877988417915906
perpendicular,15.0,20.0,-40.0,-30.0,normal,0.0,0.08302731717139904,0.1435704663001598
height,15.0,20.0,-40.0,-30.0,normal,0.0,0.03825639350167247,0.050932307364576955
yaw,15.0,20.0,-40.0,-30.0,normal,0.0,0.03132967204602199,0.06184936662961526
width,15.0,20.0,-40.0,-30.0,normal,0.0,0.26784440033991175,0.25447976387153237
length,15.0,20.0,-40.0,-30.0,normal,0.0,0.08666353903787635,0.16527476149090267
box_height,15.0,20.0,-40.0,-30.0,normal,0.0,0.08342462330866598,0.09878006425954527
miss_detection,15.0,20.0,-30.0,-20.0,constant,0.038461538461538464,,
distal,15.0,20.0,-30.0,-20.0,normal,0.0,0.15824895009525328,0.1655058309272439
perpendicular,15.0,20.0,-30.0,-20.0,normal,0.0,0.10574755305862095,0.12319126202136443
height,15.0,20.0,-30.0,-20.0,normal,0.0,0.06379277076249568,0.08098808765411376
yaw,15.0,20.0,-30.0,-20.0,normal,0.0,0.044342291811995796,0.06907639469567756
width,15.0,20.0,-30.0,-20.0,normal,0.0,0.23803886691394674,0.2905462455749512
length,15.0,20.0,-30.0,-20.0,normal,0.0,0.12309452513775436,0.15351472854614256
box_height,15.0,20.0,-30.0,-20.0,normal,0.0,0.1310996669152478,0.1594017219543457
miss_detection,15.0,20.0,-20.0,-10.0,constant,0.02617801047120419,,
distal,15.0,20.0,-20.0,-10.0,normal,0.0,0.16110598431114162,0.21930093938813708
perpendicular,15.0,20.0,-20.0,-10.0,normal,0.0,0.08896309768690891,0.09719725486731394
height,15.0,20.0,-20.0,-10.0,normal,0.0,0.05815293509473347,0.07120592459555596
yaw,15.0,20.0,-20.0,-10.0,normal,0.0,0.04478699993145197,0.06717253432254273
width,15.0,20.0,-20.0,-10.0,normal,0.0,0.260684891753587,0.3912329519948652
length,15.0,20.0,-20.0,-10.0,normal,0.0,0.11661597628213734,0.18421499447156026
box_height,15.0,20.0,-20.0,-10.0,normal,0.0,0.0944161382908982,0.10207058857846003
miss_detection,15.0,20.0,-10.0,0.0,constant,0.021052631578947368,,
distal,15.0,20.0,-10.0,0.0,normal,0.0,0.1680460184719146,0.20910282460294838
perpendicular,15.0,20.0,-10.0,0.0,normal,0.0,0.07745914024594847,0.09890368784552764
height,15.0,20.0,-10.0,0.0,normal,0.0,0.06653371930875815,0.08737584275584068
yaw,15.0,20.0,-10.0,0.0,normal,0.0,0.043573274630603315,0.06221566633255325
width,15.0,20.0,-10.0,0.0,normal,0.0,0.298120515918709,0.41152186932102325
length,15.0,20.0,-10.0,0.0,normal,0.0,0.11675243673776628,0.15412548857350503
box_height,15.0,20.0,-10.0,0.0,normal,0.0,0.08052876253030697,0.11608828652289606
miss_detection,15.0,20.0,0.0,10.0,constant,0.008438818565400843,,
distal,15.0,20.0,0.0,10.0,normal,0.0,0.09382413148186908,0.11431449933211967
perpendicular,15.0,20.0,0.0,10.0,normal,0.0,0.06341559916409721,0.07924712243719133
height,15.0,20.0,0.0,10.0,normal,0.0,0.061802117052992635,0.0632124697908442
yaw,15.0,20.0,0.0,10.0,normal,0.0,0.033952023830545026,0.04424196609044949
width,15.0,20.0,0.0,10.0,normal,0.0,0.17402484790208916,0.18695415334498627
length,15.0,20.0,0.0,10.0,normal,0.0,0.06043258365624852,0.15814339607319933
box_height,15.0,20.0,0.0,10.0,normal,0.0,0.08399412430248615,0.12360136965487865
miss_detection,15.0,20.0,10.0,20.0,constant,0.009523809523809525,,
distal,15.0,20.0,10.0,20.0,normal,0.0,0.15483691843058622,0.1766731904768635
perpendicular,15.0,20.0,10.0,20.0,normal,0.0,0.07540148227507673,0.12087895357748171
height,15.0,20.0,10.0,20.0,normal,0.0,0.062220306960177794,0.08180565110001808
yaw,15.0,20.0,10.0,20.0,normal,0.0,0.03479212617485475,0.035893043043830807
width,15.0,20.0,10.0,20.0,normal,0.0,0.24654674149003852,0.330046520783351
length,15.0,20.0,10.0,20.0,normal,0.0,0.09317775471233197,0.13154232979584962
box_height,15.0,20.0,10.0,20.0,normal,0.0,0.09768981321130964,0.11090610061700527
miss_detection,15.0,20.0,20.0,30.0,constant,0.037825059101654845,,
distal,15.0,20.0,20.0,30.0,normal,0.0,0.14115177922132643,0.16155305208272583
perpendicular,15.0,20.0,20.0,30.0,normal,0.0,0.08563775466204705,0.10331093898602778
height,15.0,20.0,20.0,30.0,normal,0.0,0.06450771540435807,0.08089914515211775
yaw,15.0,20.0,20.0,30.0,normal,0.0,0.03701197516338761,0.04245772052484212
width,15.0,20.0,20.0,30.0,normal,0.0,0.2807045381537668,0.2664847034201282
length,15.0,20.0,20.0,30.0,normal,0.0,0.10613434187382363,0.12929135927111277
box_height,15.0,20.0,20.0,30.0,normal,0.0,0.1095110836694181,0.1306761699460941
miss_detection,15.0,20.0,30.0,40.0,constant,0.040892193308550186,,
distal,15.0,20.0,30.0,40.0,normal,0.0,0.11619134760943045,0.1617964059384122
perpendicular,15.0,20.0,30.0,40.0,normal,0.0,0.09586887323889427,0.12370045851906007
height,15.0,20.0,30.0,40.0,normal,0.0,0.06646845337970411,0.08062237177708352
yaw,15.0,20.0,30.0,40.0,normal,0.0,0.05096669302797022,0.04867331871066227
width,15.0,20.0,30.0,40.0,normal,0.0,0.19093921866623761,0.24203903545704922
length,15.0,20.0,30.0,40.0,normal,0.0,0.10632456974478088,0.14303682894669761
box_height,15.0,20.0,30.0,40.0,normal,0.0,0.09094637919314198,0.12550171678380448
miss_detection,15.0,20.0,40.0,50.0,constant,0.03496503496503497,,
distal,15.0,20.0,40.0,50.0,normal,0.0,0.14477583345913905,0.1740864706185348
perpendicular,15.0,20.0,40.0,50.0,normal,0.0,0.13728599969870134,0.15070921730967668
height,15.0,20.0,40.0,50.0,normal,0.0,0.05682968953524939,0.07072731334230174
yaw,15.0,20.0,40.0,50.0,normal,0.0,0.04683243919345542,0.0505311506921722
width,15.0,20.0,40.0,50.0,normal,0.0,0.30619387155461475,0.31841949103535083
length,15.0,20.0,40.0,50.0,normal,0.0,0.12002496054025781,0.15458790374838788
box_height,15.0,20.0,40.0,50.0,normal,0.0,0.13283759041157203,0.15331373784853064
miss_detection,15.0,20.0,50.0,60.0,constant,0.049019607843137254,,
distal,15.0,20.0,50.0,60.0,normal,0.0,0.13114914666476132,0.14409968225381287
perpendicular,15.0,20.0,50.0,60.0,normal,0.0,0.12302684975793908,0.15148553729056466
height,15.0,20.0,50.0,60.0,normal,0.0,0.04869035568186379,0.06407817983135734
yaw,15.0,20.0,50.0,60.0,normal,0.0,0.04681460933407987,0.04905020332989294
width,15.0,20.0,50.0,60.0,normal,0.0,0.3684126722873102,0.2837541275417682
length,15.0,20.0,50.0,60.0,normal,0.0,0.1325681065815147,0.16342083203423882
box_height,15.0,20.0,50.0,60.0,normal,0.0,0.1614971560154225,0.1697163950536669
miss_detection,15.0,20.0,60.0,70.0,constant,0.058823529411764705,,
distal,15.0,20.0,60.0,70.0,normal,0.0,0.10363774664378977,0.12221342946553705
perpendicular,15.0,20.0,60.0,70.0,normal,0.0,0.1379690539623298,0.1419025282160595
height,15.0,20.0,60.0,70.0,normal,0.0,0.05733226841817016,0.07131159864366055
yaw,15.0,20.0,60.0,70.0,normal,0.0,0.038616287981096425,0.046601947239614895
width,15.0,20.0,60.0,70.0,normal,0.0,0.27638234446008875,0.24752377470334372
length,15.0,20.0,60.0,70.0,normal,0.0,0.11261369392428149,0.15655221045017242
box_height,15.0,20.0,60.0,70.0,normal,0.0,0.09339658817895809,0.11656638110677402
miss_detection,15.0,20.0,70.0,80.0,constant,0.019417475728155338,,
distal,15.0,20.0,70.0,80.0,normal,0.0,0.0951662355771588,0.13024261669714052
perpendicular,15.0,20.0,70.0,80.0,normal,0.0,0.1489412268339656,0.15351047338051374
height,15.0,20.0,70.0,80.0,normal,0.0,0.05554369028762004,0.06904035039467386
yaw,15.0,20.0,70.0,80.0,normal,0.0,0.03089330866660067,0.04351549983297505
width,15.0,20.0,70.0,80.0,normal,0.0,0.2876769304204094,0.2639426240826597
length,15.0,20.0,70.0,80.0,normal,0.0,0.11148511626969056,0.15900556167753616
box_height,15.0,20.0,70.0,80.0,normal,0.0,0.09218660911493186,0.1157232393132578
miss_detection,15.0,20.0,80.0,90.0,constant,0.049019607843137254,,
distal,15.0,20.0,80.0,90.0,normal,0.0,0.12404917971728655,0.15228364099159067
perpendicular,15.0,20.0,80.0,90.0,normal,0.0,0.1960999668909892,0.15819841018402278
height,15.0,20.0,80.0,90.0,normal,0.0,0.06358488319430278,0.07579958561769466
yaw,15.0,20.0,80.0,90.0,normal,0.0,0.0444078659393577,0.05391489646559299
width,15.0,20.0,80.0,90.0,normal,0.0,0.2533365073834028,0.28229637490105386
length,15.0,20.0,80.0,90.0,normal,0.0,0.10305188589884887,0.13979055955237948
box_height,15.0,20.0,80.0,90.0,normal,0.0,0.0956337692382723,0.11042417447591565
miss_detection,15.0,20.0,90.0,100.0,constant,0.05405405405405406,,
distal,15.0,20.0,90.0,100.0,normal,0.0,0.1180975341464515,0.15197074492776175
perpendicular,15.0,20.0,90.0,100.0,normal,0.0,0.17770532805848369,0.1476956687609557
height,15.0,20.0,90.0,100.0,normal,0.0,0.06143529671746809,0.07476836613246372
yaw,15.0,20.0,90.0,100.0,normal,0.0,0.044444532704316524,0.047820265888386344
width,15.0,20.0,90.0,100.0,normal,0.0,0.2861661092327802,0.2539716357276553
length,15.0,20.0,90.0,100.0,normal,0.0,0.10522689559293746,0.15001014868418375
box_height,15.0,20.0,90.0,100.0,normal,0.0,0.11540476018632981,0.12199709756033761
miss_detection,15.0,20.0,100.0,110.0,constant,0.07142857142857142,,
distal,15.0,20.0,100.0,110.0,normal,0.0,0.08965851207639611,0.1256299445507965
perpendicular,15.0,20.0,100.0,110.0,normal,0.0,0.20027279396311223,0.19211800199861337
height,15.0,20.0,100.0,110.0,normal,0.0,0.05561125769262085,0.08744965092493938
yaw,15.0,20.0,100.0,110.0,normal,0.0,0.0366961866219469,0.05346435917778603
width,15.0,20.0,100.0,110.0,normal,0.0,0.30174639236881234,0.26762916720830476
length,15.0,20.0,100.0,110.0,normal,0.0,0.11377914181040005,0.15567496075079992
box_height,15.0,20.0,100.0,110.0,normal,0.0,0.09717059617181892,0.09829560266091274
miss_detection,15.0,20.0,110.0,120.0,constant,0.019417475728155338,,
distal,15.0,20.0,110.0,120.0,normal,0.0,0.0965548509629271,0.11268879998824102
perpendicular,15.0,20.0,110.0,120.0,normal,0.0,0.17657864709970042,0.15969995782492025
height,15.0,20.0,110.0,120.0,normal,0.0,0.05789607240987049,0.08021251399918358
yaw,15.0,20.0,110.0,120.0,normal,0.0,0.04906220947010176,0.0501545573506986
width,15.0,20.0,110.0,120.0,normal,0.0,0.2943035483795271,0.24823616282774671
length,15.0,20.0,110.0,120.0,normal,0.0,0.10524088933260053,0.15838128387337863
box_height,15.0,20.0,110.0,120.0,normal,0.0,0.10716284344140066,0.10382684622660722
miss_detection,15.0,20.0,120.0,130.0,constant,0.10869565217391304,,
distal,15.0,20.0,120.0,130.0,normal,0.0,0.07833015698064988,0.09992568033921996
perpendicular,15.0,20.0,120.0,130.0,normal,0.0,0.1030382585623601,0.1134324967222316
height,15.0,20.0,120.0,130.0,normal,0.0,0.0591757003949265,0.07946170757456524
yaw,15.0,20.0,120.0,130.0,normal,0.0,0.048951586037372104,0.05313053445308443
width,15.0,20.0,120.0,130.0,normal,0.0,0.14696046044031869,0.1841795967846382
length,15.0,20.0,120.0,130.0,normal,0.0,0.10386551127815856,0.15554788054489507
box_height,15.0,20.0,120.0,130.0,normal,0.0,0.11073040497875879,0.10608353992787803
miss_detection,15.0,20.0,130.0,140.0,constant,0.09523809523809523,,
distal,15.0,20.0,130.0,140.0,normal,0.0,0.08007262931326309,0.10390388129399007
perpendicular,15.0,20.0,130.0,140.0,normal,0.0,0.10761920807883002,0.10406229628756489
height,15.0,20.0,130.0,140.0,normal,0.0,0.05163053674087702,0.07411925478985434
yaw,15.0,20.0,130.0,140.0,normal,0.0,0.030042269370085306,0.04087660911211492
width,15.0,20.0,130.0,140.0,normal,0.0,0.20124570013896184,0.22253626773231908
length,15.0,20.0,130.0,140.0,normal,0.0,0.1017716448950428,0.15112088730460718
box_height,15.0,20.0,130.0,140.0,normal,0.0,0.12164818726886419,0.12944732088791697
miss_detection,15.0,20.0,140.0,150.0,constant,0.0,,
distal,15.0,20.0,140.0,150.0,normal,0.0,0.09778802609808525,0.11466620672909912
perpendicular,15.0,20.0,140.0,150.0,normal,0.0,0.08809591899143308,0.10421870559104109
height,15.0,20.0,140.0,150.0,normal,0.0,0.05719606347933561,0.0753706415275951
yaw,15.0,20.0,140.0,150.0,normal,0.0,0.04932790099016899,0.04914939799008485
width,15.0,20.0,140.0,150.0,normal,0.0,0.2502400992330847,0.2952129303754031
length,15.0,20.0,140.0,150.0,normal,0.0,0.11014625904336064,0.1448700297009814
box_height,15.0,20.0,140.0,150.0,normal,0.0,0.08762861955641323,0.11071858497766349
miss_detection,15.0,20.0,150.0,160.0,constant,0.0084985835694051,,
distal,15.0,20.0,150.0,160.0,normal,0.0,0.1174635052319521,0.14061709425028301
perpendicular,15.0,20.0,150.0,160.0,normal,0.0,0.07818549369566057,0.09417390334724764
height,15.0,20.0,150.0,160.0,normal,0.0,0.0710783804539271,0.08055725302015032
yaw,15.0,20.0,150.0,160.0,normal,0.0,0.03297937602069539,0.041456283768424446
width,15.0,20.0,150.0,160.0,normal,0.0,0.2562616731465509,0.2767663608278547
length,15.0,20.0,150.0,160.0,normal,0.0,0.11458782128967543,0.13675742932728358
box_height,15.0,20.0,150.0,160.0,normal,0.0,0.09830046994299717,0.12463188375745501
miss_detection,15.0,20.0,160.0,170.0,constant,0.0,,
distal,15.0,20.0,160.0,170.0,normal,0.0,0.09887396647969225,0.13988969566984574
perpendicular,15.0,20.0,160.0,170.0,normal,0.0,0.07089273761234562,0.0989302615866222
height,15.0,20.0,160.0,170.0,normal,0.0,0.049416539525897495,0.05964809359897439
yaw,15.0,20.0,160.0,170.0,normal,0.0,0.0322414740919467,0.0436956883312756
width,15.0,20.0,160.0,170.0,normal,0.0,0.17746425529405133,0.2726056300859091
length,15.0,20.0,160.0,170.0,normal,0.0,0.09341506804886053,0.12226928868303243
box_height,15.0,20.0,160.0,170.0,normal,0.0,0.0737835105223749,0.0836099355405652
miss_detection,15.0,20.0,170.0,180.0,constant,0.0,,
distal,15.0,20.0,170.0,180.0,normal,0.0,0.11006692711119373,0.13055677978558616
perpendicular,15.0,20.0,170.0,180.0,normal,0.0,0.04983966764612305,0.06667843277209409
height,15.0,20.0,170.0,180.0,normal,0.0,0.05952367426551133,0.06941868165279726
yaw,15.0,20.0,170.0,180.0,normal,0.0,0.031388739275856725,0.048217087717875674
width,15.0,20.0,170.0,180.0,normal,0.0,0.1671410261976477,0.20509788657185699
length,15.0,20.0,170.0,180.0,normal,0.0,0.10249102074252994,0.09642424270977662
box_height,15.0,20.0,170.0,180.0,normal,0.0,0.1416722441057715,0.1239363760010809
miss_detection,20.0,25.0,-180.0,-170.0,constant,0.01906158357771261,,
distal,20.0,25.0,-180.0,-170.0,normal,0.0,0.13700708429825917,0.12629907767292303
perpendicular,20.0,25.0,-180.0,-170.0,normal,0.0,0.050841037470239756,0.0631911399077291
height,20.0,25.0,-180.0,-170.0,normal,0.0,0.053064660129865146,0.06364830998740033
yaw,20.0,25.0,-180.0,-170.0,normal,0.0,0.03354548649972332,0.042657120763674054
width,20.0,25.0,-180.0,-170.0,normal,0.0,0.2562189042429528,0.2346844015634648
length,20.0,25.0,-180.0,-170.0,normal,0.0,0.12633901941815234,0.0943924434516462
box_height,20.0,25.0,-180.0,-170.0,normal,0.0,0.12143745291561142,0.10445964060200348
miss_detection,20.0,25.0,-170.0,-160.0,constant,0.05473684210526316,,
distal,20.0,25.0,-170.0,-160.0,normal,0.0,0.1752620603054131,0.17465309698769774
perpendicular,20.0,25.0,-170.0,-160.0,normal,0.0,0.07756307017872478,0.08652116178954451
height,20.0,25.0,-170.0,-160.0,normal,0.0,0.07078345622360847,0.08194372608826261
yaw,20.0,25.0,-170.0,-160.0,normal,0.0,0.04266651029256,0.043754975190657915
width,20.0,25.0,-170.0,-160.0,normal,0.0,0.3326131347720926,0.3199279515408726
length,20.0,25.0,-170.0,-160.0,normal,0.0,0.12207175645277646,0.13075853854351427
box_height,20.0,25.0,-170.0,-160.0,normal,0.0,0.08973782618219439,0.10223070205187214
miss_detection,20.0,25.0,-160.0,-150.0,constant,0.03409090909090909,,
distal,20.0,25.0,-160.0,-150.0,normal,0.0,0.11866531280489435,0.150788182427064
perpendicular,20.0,25.0,-160.0,-150.0,normal,0.0,0.1153916546797007,0.12519148643874872
height,20.0,25.0,-160.0,-150.0,normal,0.0,0.08152939673082464,0.10664334156933952
yaw,20.0,25.0,-160.0,-150.0,normal,0.0,0.05847324227809955,0.056034500673868136
width,20.0,25.0,-160.0,-150.0,normal,0.0,0.2611622787360093,0.3160251813776353
length,20.0,25.0,-160.0,-150.0,normal,0.0,0.09402784991283032,0.10583739981931799
box_height,20.0,25.0,-160.0,-150.0,normal,0.0,0.0824172020374412,0.11002425025491154
miss_detection,20.0,25.0,-150.0,-140.0,constant,0.15492957746478872,,
distal,20.0,25.0,-150.0,-140.0,normal,0.0,0.12770221514718608,0.1808914951599685
perpendicular,20.0,25.0,-150.0,-140.0,normal,0.0,0.15083492647147095,0.14189247992983353
height,20.0,25.0,-150.0,-140.0,normal,0.0,0.07750686590429239,0.11095287005106608
yaw,20.0,25.0,-150.0,-140.0,normal,0.0,0.09471960091115574,0.11042438733891302
width,20.0,25.0,-150.0,-140.0,normal,0.0,0.2717357345980545,0.3174106399218241
length,20.0,25.0,-150.0,-140.0,normal,0.0,0.0893535023405042,0.13220006227493286
box_height,20.0,25.0,-150.0,-140.0,normal,0.0,0.11133423912249833,0.1230378786722819
miss_detection,20.0,25.0,-140.0,-130.0,constant,0.024291497975708502,,
distal,20.0,25.0,-140.0,-130.0,normal,0.0,0.047193068876290975,0.040863070787574174
perpendicular,20.0,25.0,-140.0,-130.0,normal,0.0,0.04396323267684087,0.15247178189232446
height,20.0,25.0,-140.0,-130.0,normal,0.0,0.06106024357313802,0.11992864391121132
yaw,20.0,25.0,-140.0,-130.0,normal,0.0,0.02579725560359586,0.059657534320110256
width,20.0,25.0,-140.0,-130.0,normal,0.0,0.07740433576291832,0.198837953979049
length,20.0,25.0,-140.0,-130.0,normal,0.0,0.028739994105649487,0.0900599451975209
box_height,20.0,25.0,-140.0,-130.0,normal,0.0,0.02854169492538199,0.092143459438783
miss_detection,20.0,25.0,-130.0,-120.0,constant,0.20930232558139536,,
distal,20.0,25.0,-130.0,-120.0,normal,0.0,0.11605545364691697,0.15980548222213375
perpendicular,20.0,25.0,-130.0,-120.0,normal,0.0,0.12744851460968926,0.11464350489368119
height,20.0,25.0,-130.0,-120.0,normal,0.0,0.08489219742201481,0.08505746371605817
yaw,20.0,25.0,-130.0,-120.0,normal,0.0,0.08664925685065687,0.08010596257475638
width,20.0,25.0,-130.0,-120.0,normal,0.0,0.17478113351453767,0.2909414207234102
length,20.0,25.0,-130.0,-120.0,normal,0.0,0.06698481418155205,0.17069025600657745
box_height,20.0,25.0,-130.0,-120.0,normal,0.0,0.0773205945485847,0.12667189275517182
miss_detection,20.0,25.0,-120.0,-110.0,constant,0.21428571428571427,,
distal,20.0,25.0,-120.0,-110.0,normal,0.0,0.11304526063717013,0.20989270261768664
perpendicular,20.0,25.0,-120.0,-110.0,normal,0.0,0.10261568659275717,0.13070191806955087
height,20.0,25.0,-120.0,-110.0,normal,0.0,0.09851568206940929,0.11800029241677487
yaw,20.0,25.0,-120.0,-110.0,normal,0.0,0.07389637357064092,0.06973873643629322
width,20.0,25.0,-120.0,-110.0,normal,0.0,0.24036660359781578,0.336189197771477
length,20.0,25.0,-120.0,-110.0,normal,0.0,0.11982018872800052,0.15178376978093927
box_height,20.0,25.0,-120.0,-110.0,normal,0.0,0.1216450871393753,0.156535470124447
miss_detection,20.0,25.0,-110.0,-100.0,constant,0.29310344827586204,,
distal,20.0,25.0,-110.0,-100.0,normal,0.0,0.15501352779873692,0.17162498537876272
perpendicular,20.0,25.0,-110.0,-100.0,normal,0.0,0.12557527196807025,0.1698666658259906
height,20.0,25.0,-110.0,-100.0,normal,0.0,0.08748889671222285,0.12028703166217339
yaw,20.0,25.0,-110.0,-100.0,normal,0.0,0.06310626199317726,0.08066565391025012
width,20.0,25.0,-110.0,-100.0,normal,0.0,0.3056116284580457,0.312746524810791
length,20.0,25.0,-110.0,-100.0,normal,0.0,0.1129141159966844,0.13407907253358423
box_height,20.0,25.0,-110.0,-100.0,normal,0.0,0.07143430017660149,0.11473158510719858
miss_detection,20.0,25.0,-100.0,-90.0,constant,0.2807017543859649,,
distal,20.0,25.0,-100.0,-90.0,normal,0.0,0.15293610908853586,0.20858798503651776
perpendicular,20.0,25.0,-100.0,-90.0,normal,0.0,0.10819715895467684,0.13493904269873283
height,20.0,25.0,-100.0,-90.0,normal,0.0,0.06954585956269242,0.1160177181406719
yaw,20.0,25.0,-100.0,-90.0,normal,0.0,0.08200154513204376,0.09340007986858696
width,20.0,25.0,-100.0,-90.0,normal,0.0,0.2495439021144432,0.3463655332239663
length,20.0,25.0,-100.0,-90.0,normal,0.0,0.0925801358539919,0.11326794217272503
box_height,20.0,25.0,-100.0,-90.0,normal,0.0,0.0707057820591166,0.10456411722229748
miss_detection,20.0,25.0,-90.0,-80.0,constant,0.2692307692307692,,
distal,20.0,25.0,-90.0,-80.0,normal,0.0,0.15557366717647722,0.186561978455118
perpendicular,20.0,25.0,-90.0,-80.0,normal,0.0,0.10899508175614132,0.1545416409760793
height,20.0,25.0,-90.0,-80.0,normal,0.0,0.06095354994982795,0.09794036024495174
yaw,20.0,25.0,-90.0,-80.0,normal,0.0,0.09786161068855376,0.12824585448495998
width,20.0,25.0,-90.0,-80.0,normal,0.0,0.244352258908881,0.34061406160655777
length,20.0,25.0,-90.0,-80.0,normal,0.0,0.09493599598138072,0.10230553463885658
box_height,20.0,25.0,-90.0,-80.0,normal,0.0,0.09324891155381927,0.11046653358559859
miss_detection,20.0,25.0,-80.0,-70.0,constant,0.19298245614035087,,
distal,20.0,25.0,-80.0,-70.0,normal,0.0,0.15327743560067925,0.17570119869251674
perpendicular,20.0,25.0,-80.0,-70.0,normal,0.0,0.12166854016550614,0.14472959534137872
height,20.0,25.0,-80.0,-70.0,normal,0.0,0.09255295935320608,0.10489900345387666
yaw,20.0,25.0,-80.0,-70.0,normal,0.0,0.10443124429747241,0.11554067847469865
width,20.0,25.0,-80.0,-70.0,normal,0.0,0.16414236739747348,0.2535992912624193
length,20.0,25.0,-80.0,-70.0,normal,0.0,0.13718609863292958,0.13189886445584503
box_height,20.0,25.0,-80.0,-70.0,normal,0.0,0.08618166286791439,0.1227862342544224
miss_detection,20.0,25.0,-70.0,-60.0,constant,0.2923076923076923,,
distal,20.0,25.0,-70.0,-60.0,normal,0.0,0.13418989151017166,0.1734789620867111
perpendicular,20.0,25.0,-70.0,-60.0,normal,0.0,0.10538224821689403,0.11407954597667355
height,20.0,25.0,-70.0,-60.0,normal,0.0,0.08664028412806236,0.12407799129900725
yaw,20.0,25.0,-70.0,-60.0,normal,0.0,0.06902854281670658,0.10236221582089292
width,20.0,25.0,-70.0,-60.0,normal,0.0,0.16432947102084772,0.28519608145174774
length,20.0,25.0,-70.0,-60.0,normal,0.0,0.08497181798522856,0.12146878501643306
box_height,20.0,25.0,-70.0,-60.0,normal,0.0,0.07617083714542165,0.14094373454218326
miss_detection,20.0,25.0,-60.0,-50.0,constant,0.31666666666666665,,
distal,20.0,25.0,-60.0,-50.0,normal,0.0,0.11640782592951741,0.17391998349576637
perpendicular,20.0,25.0,-60.0,-50.0,normal,0.0,0.09532763586311066,0.14467790600834146
height,20.0,25.0,-60.0,-50.0,normal,0.0,0.08857486548053622,0.12277745909807158
yaw,20.0,25.0,-60.0,-50.0,normal,0.0,0.05698106582007476,0.08002017766696147
width,20.0,25.0,-60.0,-50.0,normal,0.0,0.17332670950889656,0.2897188721633539
length,20.0,25.0,-60.0,-50.0,normal,0.0,0.08555836109215946,0.15816371033831342
box_height,20.0,25.0,-60.0,-50.0,normal,0.0,0.0810264703248809,0.11355979268143816
miss_detection,20.0,25.0,-50.0,-40.0,constant,0.20754716981132076,,
distal,20.0,25.0,-50.0,-40.0,normal,0.0,0.13178211570360154,0.16909610908362935
perpendicular,20.0,25.0,-50.0,-40.0,normal,0.0,0.14494176848832652,0.16574282196751738
height,20.0,25.0,-50.0,-40.0,normal,0.0,0.04990328174741503,0.07119469415573847
yaw,20.0,25.0,-50.0,-40.0,normal,0.0,0.04446189306685275,0.08151976918073268
width,20.0,25.0,-50.0,-40.0,normal,0.0,0.17080759785015726,0.27773297400701613
length,20.0,25.0,-50.0,-40.0,normal,0.0,0.12887129494504945,0.15829674686704362
box_height,20.0,25.0,-50.0,-40.0,normal,0.0,0.06807667257023955,0.07826463949112665
miss_detection,20.0,25.0,-40.0,-30.0,constant,0.3018867924528302,,
distal,20.0,25.0,-40.0,-30.0,normal,0.0,0.16151031644641914,0.16787644990362374
perpendicular,20.0,25.0,-40.0,-30.0,normal,0.0,0.09326908655237533,0.16212449238498763
height,20.0,25.0,-40.0,-30.0,normal,0.0,0.08795007173576101,0.09216894491298779
yaw,20.0,25.0,-40.0,-30.0,normal,0.0,0.04747815389474955,0.06358706383921918
width,20.0,25.0,-40.0,-30.0,normal,0.0,0.2522100384823258,0.3306240133337072
length,20.0,25.0,-40.0,-30.0,normal,0.0,0.14873423410091735,0.23760473405992663
box_height,20.0,25.0,-40.0,-30.0,normal,0.0,0.061918339578953485,0.09612383391406085
miss_detection,20.0,25.0,-30.0,-20.0,constant,0.22330097087378642,,
distal,20.0,25.0,-30.0,-20.0,normal,0.0,0.13048903580289928,0.15495866911548964
perpendicular,20.0,25.0,-30.0,-20.0,normal,0.0,0.12045562866740722,0.15313144152382288
height,20.0,25.0,-30.0,-20.0,normal,0.0,0.07754573169703828,0.07949537262320519
yaw,20.0,25.0,-30.0,-20.0,normal,0.0,0.043534613310842525,0.07537572033337794
width,20.0,25.0,-30.0,-20.0,normal,0.0,0.30549280710789783,0.3409149020910263
length,20.0,25.0,-30.0,-20.0,normal,0.0,0.09976856965741095,0.23229638934135438
box_height,20.0,25.0,-30.0,-20.0,normal,0.0,0.08354753159743868,0.15539283007383348
miss_detection,20.0,25.0,-20.0,-10.0,constant,0.043478260869565216,,
distal,20.0,25.0,-20.0,-10.0,normal,0.0,0.128216439367987,0.18551395182215677
perpendicular,20.0,25.0,-20.0,-10.0,normal,0.0,0.10824636406294721,0.13910913823046941
height,20.0,25.0,-20.0,-10.0,normal,0.0,0.055753629783417066,0.06910804997790944
yaw,20.0,25.0,-20.0,-10.0,normal,0.0,0.0424733194338077,0.05094197011034886
width,20.0,25.0,-20.0,-10.0,normal,0.0,0.21835283199778618,0.35035215543978143
length,20.0,25.0,-20.0,-10.0,normal,0.0,0.08085406415174641,0.15366264274626068
box_height,20.0,25.0,-20.0,-10.0,normal,0.0,0.09616882299577922,0.11392113656708688
miss_detection,20.0,25.0,-10.0,0.0,constant,0.055232558139534885,,
distal,20.0,25.0,-10.0,0.0,normal,0.0,0.1822386659833332,0.2346386448924601
perpendicular,20.0,25.0,-10.0,0.0,normal,0.0,0.09476762798064427,0.12145385156620443
height,20.0,25.0,-10.0,0.0,normal,0.0,0.07328343271711817,0.08985396018395057
yaw,20.0,25.0,-10.0,0.0,normal,0.0,0.049632404801021275,0.0675400080719362
width,20.0,25.0,-10.0,0.0,normal,0.0,0.2882759430117556,0.3859397668104905
length,20.0,25.0,-10.0,0.0,normal,0.0,0.10612497030211197,0.16497042692624606
box_height,20.0,25.0,-10.0,0.0,normal,0.0,0.10511813821474351,0.1573917220189021
miss_detection,20.0,25.0,0.0,10.0,constant,0.06361323155216285,,
distal,20.0,25.0,0.0,10.0,normal,0.0,0.14434706935363126,0.19978137606909405
perpendicular,20.0,25.0,0.0,10.0,normal,0.0,0.10339441111574324,0.1061524507832706
height,20.0,25.0,0.0,10.0,normal,0.0,0.08845482157496219,0.10118553641697635
yaw,20.0,25.0,0.0,10.0,normal,0.0,0.048837319831271694,0.0534945084878319
width,20.0,25.0,0.0,10.0,normal,0.0,0.3049556035409157,0.4710566628238429
length,20.0,25.0,0.0,10.0,normal,0.0,0.11012009952376596,0.18880117911359537
box_height,20.0,25.0,0.0,10.0,normal,0.0,0.11801148435120613,0.17095600100963013
miss_detection,20.0,25.0,10.0,20.0,constant,0.04230118443316413,,
distal,20.0,25.0,10.0,20.0,normal,0.0,0.14535595092555195,0.18967829522911012
perpendicular,20.0,25.0,10.0,20.0,normal,0.0,0.08261293590708611,0.10626740365188123
height,20.0,25.0,10.0,20.0,normal,0.0,0.06513222526333147,0.08266362842738417
yaw,20.0,25.0,10.0,20.0,normal,0.0,0.042718278245827974,0.05017640070924043
width,20.0,25.0,10.0,20.0,normal,0.0,0.24075566924792932,0.31992466036927997
length,20.0,25.0,10.0,20.0,normal,0.0,0.09283529126948958,0.12480162415824593
box_height,20.0,25.0,10.0,20.0,normal,0.0,0.10315097693166893,0.15325699025245101
miss_detection,20.0,25.0,20.0,30.0,constant,0.06306306306306306,,
distal,20.0,25.0,20.0,30.0,normal,0.0,0.12906075379253842,0.15269555813953425
perpendicular,20.0,25.0,20.0,30.0,normal,0.0,0.08786707541757928,0.11954655548020733
height,20.0,25.0,20.0,30.0,normal,0.0,0.07529322444026917,0.09649262176110195
yaw,20.0,25.0,20.0,30.0,normal,0.0,0.047350424246412344,0.052545876492825154
width,20.0,25.0,20.0,30.0,normal,0.0,0.24583928584641226,0.3091686333601291
length,20.0,25.0,20.0,30.0,normal,0.0,0.13680505234065482,0.1555293213862639
box_height,20.0,25.0,20.0,30.0,normal,0.0,0.10078733654602284,0.11698979024703686
miss_detection,20.0,25.0,30.0,40.0,constant,0.05921052631578947,,
distal,20.0,25.0,30.0,40.0,normal,0.0,0.13169700003911744,0.19196245855794405
perpendicular,20.0,25.0,30.0,40.0,normal,0.0,0.1090904038881442,0.14919477386033803
height,20.0,25.0,30.0,40.0,normal,0.0,0.06233793398029537,0.07433119186988243
yaw,20.0,25.0,30.0,40.0,normal,0.0,0.04384894467896113,0.044519223666739376
width,20.0,25.0,30.0,40.0,normal,0.0,0.252743038124711,0.3349993679073307
length,20.0,25.0,30.0,40.0,normal,0.0,0.10551816694459071,0.19142683069189112
box_height,20.0,25.0,30.0,40.0,normal,0.0,0.14203452506671577,0.1389714321056446
miss_detection,20.0,25.0,40.0,50.0,constant,0.08771929824561403,,
distal,20.0,25.0,40.0,50.0,normal,0.0,0.13499579466543835,0.1508068790940332
perpendicular,20.0,25.0,40.0,50.0,normal,0.0,0.1416071726911879,0.16523345887883403
height,20.0,25.0,40.0,50.0,normal,0.0,0.07814198619783713,0.08247507038788918
yaw,20.0,25.0,40.0,50.0,normal,0.0,0.06606672316701438,0.07366551704141483
width,20.0,25.0,40.0,50.0,normal,0.0,0.20228316930170737,0.27842268576988805
length,20.0,25.0,40.0,50.0,normal,0.0,0.09603611660986029,0.14377133204386786
box_height,20.0,25.0,40.0,50.0,normal,0.0,0.11089330672466209,0.11640613430585617
miss_detection,20.0,25.0,50.0,60.0,constant,0.08280254777070063,,
distal,20.0,25.0,50.0,60.0,normal,0.0,0.11639241935676621,0.16180286060262697
perpendicular,20.0,25.0,50.0,60.0,normal,0.0,0.1333096897190977,0.16684954057171744
height,20.0,25.0,50.0,60.0,normal,0.0,0.06595010042483962,0.08173015134202109
yaw,20.0,25.0,50.0,60.0,normal,0.0,0.05569893966708342,0.06444785556241289
width,20.0,25.0,50.0,60.0,normal,0.0,0.23789371471725096,0.25587989224327934
length,20.0,25.0,50.0,60.0,normal,0.0,0.10157578792360723,0.14707826409074995
box_height,20.0,25.0,50.0,60.0,normal,0.0,0.09434724919313017,0.11548190977838305
miss_detection,20.0,25.0,60.0,70.0,constant,0.0660377358490566,,
distal,20.0,25.0,60.0,70.0,normal,0.0,0.1679408915412182,0.1867697661562188
perpendicular,20.0,25.0,60.0,70.0,normal,0.0,0.1748226353627923,0.154145336288929
height,20.0,25.0,60.0,70.0,normal,0.0,0.07045331894861948,0.09614568406885321
yaw,20.0,25.0,60.0,70.0,normal,0.0,0.05678272435546851,0.054493175398694915
width,20.0,25.0,60.0,70.0,normal,0.0,0.29277332773594694,0.30909421227195044
length,20.0,25.0,60.0,70.0,normal,0.0,0.12131164591831627,0.1613065546209162
box_height,20.0,25.0,60.0,70.0,normal,0.0,0.09218532698434499,0.11703224615617232
miss_detection,20.0,25.0,70.0,80.0,constant,0.04938271604938271,,
distal,20.0,25.0,70.0,80.0,normal,0.0,0.154227852363823,0.15779618106645274
perpendicular,20.0,25.0,70.0,80.0,normal,0.0,0.14961377747815244,0.15772180086930965
height,20.0,25.0,70.0,80.0,normal,0.0,0.07347074122253473,0.08740046891299161
yaw,20.0,25.0,70.0,80.0,normal,0.0,0.04873484222010306,0.057756080554301564
width,20.0,25.0,70.0,80.0,normal,0.0,0.2604232123850635,0.3295449622265704
length,20.0,25.0,70.0,80.0,normal,0.0,0.10083181604790759,0.15311050105404544
box_height,20.0,25.0,70.0,80.0,normal,0.0,0.0872563987213715,0.09927079275056913
miss_detection,20.0,25.0,80.0,90.0,constant,0.0673076923076923,,
distal,20.0,25.0,80.0,90.0,normal,0.0,0.1602894825152855,0.14884159625776106
perpendicular,20.0,25.0,80.0,90.0,normal,0.0,0.1752638776273648,0.14717073415223494
height,20.0,25.0,80.0,90.0,normal,0.0,0.07430877299984312,0.09073560815496542
yaw,20.0,25.0,80.0,90.0,normal,0.0,0.04285977371267641,0.05995604612177139
width,20.0,25.0,80.0,90.0,normal,0.0,0.24956272700143337,0.2731081382515504
length,20.0,25.0,80.0,90.0,normal,0.0,0.08074557629862375,0.1277495573476418
box_height,20.0,25.0,80.0,90.0,normal,0.0,0.08408453460747205,0.1090101962237014
miss_detection,20.0,25.0,90.0,100.0,constant,0.14130434782608695,,
distal,20.0,25.0,90.0,100.0,normal,0.0,0.13749304817110267,0.16047405671974072
perpendicular,20.0,25.0,90.0,100.0,normal,0.0,0.17678755156399584,0.1787446375485305
height,20.0,25.0,90.0,100.0,normal,0.0,0.07429203937457116,0.09851438410674469
yaw,20.0,25.0,90.0,100.0,normal,0.0,0.0531588313997451,0.0598112500635032
width,20.0,25.0,90.0,100.0,normal,0.0,0.29629125828799097,0.32683910599237753
length,20.0,25.0,90.0,100.0,normal,0.0,0.09708510209834126,0.1421280510817902
box_height,20.0,25.0,90.0,100.0,normal,0.0,0.08744372683052129,0.10378091093860095
miss_detection,20.0,25.0,100.0,110.0,constant,0.17391304347826086,,
distal,20.0,25.0,100.0,110.0,normal,0.0,0.11221676987318072,0.13629567038763107
perpendicular,20.0,25.0,100.0,110.0,normal,0.0,0.21724546398313235,0.19315843138597047
height,20.0,25.0,100.0,110.0,normal,0.0,0.0645867783666627,0.07731510855649647
yaw,20.0,25.0,100.0,110.0,normal,0.0,0.06257587825357626,0.06671428006100753
width,20.0,25.0,100.0,110.0,normal,0.0,0.321155979812067,0.35260755764810664
length,20.0,25.0,100.0,110.0,normal,0.0,0.0826131877720974,0.12254745866122999
box_height,20.0,25.0,100.0,110.0,normal,0.0,0.07679706975953667,0.10800969130114506
miss_detection,20.0,25.0,110.0,120.0,constant,0.06140350877192982,,
distal,20.0,25.0,110.0,120.0,normal,0.0,0.12026571773027604,0.1539301273599701
perpendicular,20.0,25.0,110.0,120.0,normal,0.0,0.13741631399946055,0.16314351655092305
height,20.0,25.0,110.0,120.0,normal,0.0,0.062219654363725146,0.07512711141711083
yaw,20.0,25.0,110.0,120.0,normal,0.0,0.06312739750789127,0.06205516430964518
width,20.0,25.0,110.0,120.0,normal,0.0,0.2689002015901541,0.33868303254385973
length,20.0,25.0,110.0,120.0,normal,0.0,0.10580693701030923,0.13333231266413895
box_height,20.0,25.0,110.0,120.0,normal,0.0,0.07290436909102249,0.11178450940925384
miss_detection,20.0,25.0,120.0,130.0,constant,0.11475409836065574,,
distal,20.0,25.0,120.0,130.0,normal,0.0,0.13430557413519487,0.14189034872365347
perpendicular,20.0,25.0,120.0,130.0,normal,0.0,0.1431124269225038,0.17578009017553203
height,20.0,25.0,120.0,130.0,normal,0.0,0.05543480136376948,0.07308437868400856
yaw,20.0,25.0,120.0,130.0,normal,0.0,0.07909136511786015,0.08088247468175468
width,20.0,25.0,120.0,130.0,normal,0.0,0.2629819487601468,0.3075580729378594
length,20.0,25.0,120.0,130.0,normal,0.0,0.10882811451521511,0.1520972627180594
box_height,20.0,25.0,120.0,130.0,normal,0.0,0.07244236540892976,0.11497201301433423
miss_detection,20.0,25.0,130.0,140.0,constant,0.39035087719298245,,
distal,20.0,25.0,130.0,140.0,normal,0.0,0.12900424283051398,0.149734145979379
perpendicular,20.0,25.0,130.0,140.0,normal,0.0,0.12996587752360764,0.13822968514474612
height,20.0,25.0,130.0,140.0,normal,0.0,0.05385879368469749,0.07302186514833849
yaw,20.0,25.0,130.0,140.0,normal,0.0,0.06320238022120427,0.056440914190644335
width,20.0,25.0,130.0,140.0,normal,0.0,0.18283174529927984,0.19834003002523518
length,20.0,25.0,130.0,140.0,normal,0.0,0.0946840464146751,0.15251666521854537
box_height,20.0,25.0,130.0,140.0,normal,0.0,0.0826838025880993,0.07807734801614885
miss_detection,20.0,25.0,140.0,150.0,constant,0.09917355371900827,,
distal,20.0,25.0,140.0,150.0,normal,0.0,0.09409571815697933,0.1206431268952542
perpendicular,20.0,25.0,140.0,150.0,normal,0.0,0.10589259491497588,0.11535676733568215
height,20.0,25.0,140.0,150.0,normal,0.0,0.07039034716262965,0.10239660083700758
yaw,20.0,25.0,140.0,150.0,normal,0.0,0.04932292011767546,0.053447062633575355
width,20.0,25.0,140.0,150.0,normal,0.0,0.1832981097486056,0.2077908231577742
length,20.0,25.0,140.0,150.0,normal,0.0,0.10174909718380847,0.1774569388923295
box_height,20.0,25.0,140.0,150.0,normal,0.0,0.1263187619403977,0.13628434478689772
miss_detection,20.0,25.0,150.0,160.0,constant,0.01276595744680851,,
distal,20.0,25.0,150.0,160.0,normal,0.0,0.11397596583861618,0.12497583018875974
perpendicular,20.0,25.0,150.0,160.0,normal,0.0,0.08005082625353993,0.10258356749768477
height,20.0,25.0,150.0,160.0,normal,0.0,0.09212789784118182,0.09025008025868185
yaw,20.0,25.0,150.0,160.0,normal,0.0,0.029690509666767128,0.04003559352332587
width,20.0,25.0,150.0,160.0,normal,0.0,0.26905907842237026,0.3010030799898608
length,20.0,25.0,150.0,160.0,normal,0.0,0.10713975624790933,0.14965234080265308
box_height,20.0,25.0,150.0,160.0,normal,0.0,0.10837111387476353,0.11736609452757342
miss_detection,20.0,25.0,160.0,170.0,constant,0.006160164271047228,,
distal,20.0,25.0,160.0,170.0,normal,0.0,0.11876090332572482,0.14332716313963464
perpendicular,20.0,25.0,160.0,170.0,normal,0.0,0.08076218747942512,0.09197555669241965
height,20.0,25.0,160.0,170.0,normal,0.0,0.07407876474566877,0.08916511245010313
yaw,20.0,25.0,160.0,170.0,normal,0.0,0.03545519350982061,0.0467034190729214
width,20.0,25.0,160.0,170.0,normal,0.0,0.22361249894958257,0.2613224771397173
length,20.0,25.0,160.0,170.0,normal,0.0,0.10659420168000712,0.1352418902491735
box_height,20.0,25.0,160.0,170.0,normal,0.0,0.10494329452402512,0.12305974418466742
miss_detection,20.0,25.0,170.0,180.0,constant,0.0,,
distal,20.0,25.0,170.0,180.0,normal,0.0,0.10240656009539138,0.14237195796481103
perpendicular,20.0,25.0,170.0,180.0,normal,0.0,0.06122040861409296,0.08617116355493497
height,20.0,25.0,170.0,180.0,normal,0.0,0.06120147482923934,0.0889909247786445
yaw,20.0,25.0,170.0,180.0,normal,0.0,0.02691087807533338,0.04174579147212172
width,20.0,25.0,170.0,180.0,normal,0.0,0.2247302042311407,0.2835280694914414
length,20.0,25.0,170.0,180.0,normal,0.0,0.11466550601482954,0.1409694091884858
box_height,20.0,25.0,170.0,180.0,normal,0.0,0.08944062045481438,0.10757454223255741
miss_detection,25.0,30.0,-180.0,-170.0,constant,0.028293545534924844,,
distal,25.0,30.0,-180.0,-170.0,normal,0.0,0.14703249317480077,0.15550362002689358
perpendicular,25.0,30.0,-180.0,-170.0,normal,0.0,0.06606197254655459,0.08005329547830231
height,25.0,30.0,-180.0,-170.0,normal,0.0,0.07622065152973108,0.09523991799766741
yaw,25.0,30.0,-180.0,-170.0,normal,0.0,0.038856207832555854,0.04906220005947668
width,25.0,30.0,-180.0,-170.0,normal,0.0,0.28784029869117783,0.27155550574041476
length,25.0,30.0,-180.0,-170.0,normal,0.0,0.10790271045208807,0.10532529545003876
box_height,25.0,30.0,-180.0,-170.0,normal,0.0,0.12011836577446379,0.10615961057039908
miss_detection,25.0,30.0,-170.0,-160.0,constant,0.09814323607427056,,
distal,25.0,30.0,-170.0,-160.0,normal,0.0,0.14679718229397243,0.19658591895826835
perpendicular,25.0,30.0,-170.0,-160.0,normal,0.0,0.07816360780145994,0.0942577437458327
height,25.0,30.0,-170.0,-160.0,normal,0.0,0.07593644348383917,0.10807361392413868
yaw,25.0,30.0,-170.0,-160.0,normal,0.0,0.05380954915074497,0.053828449804900064
width,25.0,30.0,-170.0,-160.0,normal,0.0,0.3405166430486657,0.31632414004381965
length,25.0,30.0,-170.0,-160.0,normal,0.0,0.1402421614789397,0.15107301087940442
box_height,25.0,30.0,-170.0,-160.0,normal,0.0,0.09662393510887914,0.12965554349562702
miss_detection,25.0,30.0,-160.0,-150.0,constant,0.2222222222222222,,
distal,25.0,30.0,-160.0,-150.0,normal,0.0,0.1134009803047867,0.17074733633604652
perpendicular,25.0,30.0,-160.0,-150.0,normal,0.0,0.12350651613178708,0.14779927837784404
height,25.0,30.0,-160.0,-150.0,normal,0.0,0.06712530676062001,0.112007077638205
yaw,25.0,30.0,-160.0,-150.0,normal,0.0,0.09169470340511669,0.09029930065907307
width,25.0,30.0,-160.0,-150.0,normal,0.0,0.2728860182204034,0.2585186586751566
length,25.0,30.0,-160.0,-150.0,normal,0.0,0.11547097560511742,0.13317351062576493
box_height,25.0,30.0,-160.0,-150.0,normal,0.0,0.09611663132327171,0.13209600882096725
miss_detection,25.0,30.0,-150.0,-140.0,constant,0.2765957446808511,,
distal,25.0,30.0,-150.0,-140.0,normal,0.0,0.10945563643625975,0.1298923925045632
perpendicular,25.0,30.0,-150.0,-140.0,normal,0.0,0.1133624155140792,0.13386452413102304
height,25.0,30.0,-150.0,-140.0,normal,0.0,0.09288953800077143,0.13976167054737315
yaw,25.0,30.0,-150.0,-140.0,normal,0.0,0.05692935847727755,0.066853491969338
width,25.0,30.0,-150.0,-140.0,normal,0.0,0.20302415128178566,0.2742728205288158
length,25.0,30.0,-150.0,-140.0,normal,0.0,0.09771705021715191,0.12925716358072617
box_height,25.0,30.0,-150.0,-140.0,normal,0.0,0.09389466473519371,0.11629971686531515
miss_detection,25.0,30.0,-140.0,-130.0,constant,0.23333333333333334,,
distal,25.0,30.0,-140.0,-130.0,normal,0.0,0.16163056940151252,0.17728992356788
perpendicular,25.0,30.0,-140.0,-130.0,normal,0.0,0.1624591938060398,0.1962950430978281
height,25.0,30.0,-140.0,-130.0,normal,0.0,0.11139632213925663,0.17146394952483798
yaw,25.0,30.0,-140.0,-130.0,normal,0.0,0.051442131404320045,0.05808192811156209
width,25.0,30.0,-140.0,-130.0,normal,0.0,0.33274728688987737,0.4293891761613929
length,25.0,30.0,-140.0,-130.0,normal,0.0,0.07595491503341316,0.1269315144290095
box_height,25.0,30.0,-140.0,-130.0,normal,0.0,0.11472406059444433,0.15425652265548706
miss_detection,25.0,30.0,-130.0,-120.0,constant,0.2,,
distal,25.0,30.0,-130.0,-120.0,normal,0.0,0.13881372318993745,0.19155533066069738
perpendicular,25.0,30.0,-130.0,-120.0,normal,0.0,0.11340043424373941,0.18105514109104096
height,25.0,30.0,-130.0,-120.0,normal,0.0,0.07362798135661039,0.09970885274871703
yaw,25.0,30.0,-130.0,-120.0,normal,0.0,0.06537696994559047,0.08703656067947901
width,25.0,30.0,-130.0,-120.0,normal,0.0,0.19943928148692494,0.3280947631405246
length,25.0,30.0,-130.0,-120.0,normal,0.0,0.07524259847970752,0.17816718835984507
box_height,25.0,30.0,-130.0,-120.0,normal,0.0,0.057359638751050386,0.12202200774223573
miss_detection,25.0,30.0,-120.0,-110.0,constant,0.2833333333333333,,
distal,25.0,30.0,-120.0,-110.0,normal,0.0,0.16261293758944836,0.20846698676898512
perpendicular,25.0,30.0,-120.0,-110.0,normal,0.0,0.142472972115798,0.16320105234803126
height,25.0,30.0,-120.0,-110.0,normal,0.0,0.08369442553785,0.09828872458879338
yaw,25.0,30.0,-120.0,-110.0,normal,0.0,0.23145476029635512,0.11628891498743887
width,25.0,30.0,-120.0,-110.0,normal,0.0,0.38994988665937697,0.42273706059123195
length,25.0,30.0,-120.0,-110.0,normal,0.0,0.43014594152343005,0.19281494340231253
box_height,25.0,30.0,-120.0,-110.0,normal,0.0,0.10119480553036139,0.13312481447707775
miss_detection,25.0,30.0,-110.0,-100.0,constant,0.1956521739130435,,
distal,25.0,30.0,-110.0,-100.0,normal,0.0,0.2588909707493098,0.30170857958653147
perpendicular,25.0,30.0,-110.0,-100.0,normal,0.0,0.11794253547025829,0.17156605931283125
height,25.0,30.0,-110.0,-100.0,normal,0.0,0.0886399289829735,0.09905712830053794
yaw,25.0,30.0,-110.0,-100.0,normal,0.0,0.04202537226752226,0.05340864089208045
width,25.0,30.0,-110.0,-100.0,normal,0.0,0.3702751863414011,0.44734414848121434
length,25.0,30.0,-110.0,-100.0,normal,0.0,0.18543643548143582,0.16028124577290304
box_height,25.0,30.0,-110.0,-100.0,normal,0.0,0.07246200680581674,0.11369764804840088
miss_detection,25.0,30.0,-100.0,-90.0,constant,0.27450980392156865,,
distal,25.0,30.0,-100.0,-90.0,normal,0.0,0.2200492726420556,0.3098752066647606
perpendicular,25.0,30.0,-100.0,-90.0,normal,0.0,0.10614957148975027,0.1548513415352423
height,25.0,30.0,-100.0,-90.0,normal,0.0,0.06386317328376684,0.09207058919442666
yaw,25.0,30.0,-100.0,-90.0,normal,0.0,0.06268496122805127,0.07898895396849732
width,25.0,30.0,-100.0,-90.0,normal,0.0,0.3456946182775294,0.41366187301841945
length,25.0,30.0,-100.0,-90.0,normal,0.0,0.11838181754412061,0.14267095037408778
box_height,25.0,30.0,-100.0,-90.0,normal,0.0,0.07156327656387347,0.08507564905527476
miss_detection,25.0,30.0,-90.0,-80.0,constant,0.20833333333333334,,
distal,25.0,30.0,-90.0,-80.0,normal,0.0,0.17395659263256205,0.252086768242145
perpendicular,25.0,30.0,-90.0,-80.0,normal,0.0,0.0595153796010314,0.09440698929307788
height,25.0,30.0,-90.0,-80.0,normal,0.0,0.06307039006885287,0.10917820899110091
yaw,25.0,30.0,-90.0,-80.0,normal,0.0,0.08673723059391494,0.06888385064734545
width,25.0,30.0,-90.0,-80.0,normal,0.0,0.23045369039215247,0.3390137584585893
length,25.0,30.0,-90.0,-80.0,normal,0.0,0.14571790694838824,0.16134226322174072
box_height,25.0,30.0,-90.0,-80.0,normal,0.0,0.06794233168466039,0.09467664204145733
miss_detection,25.0,30.0,-80.0,-70.0,constant,0.1111111111111111,,
distal,25.0,30.0,-80.0,-70.0,normal,0.0,0.18095576813352698,0.22501544836220772
perpendicular,25.0,30.0,-80.0,-70.0,normal,0.0,0.08306225458428203,0.13208073186767796
height,25.0,30.0,-80.0,-70.0,normal,0.0,0.06976895094440698,0.0993474468588829
yaw,25.0,30.0,-80.0,-70.0,normal,0.0,0.05796363680051502,0.08610826186816008
width,25.0,30.0,-80.0,-70.0,normal,0.0,0.18626034911617667,0.2689394772052765
length,25.0,30.0,-80.0,-70.0,normal,0.0,0.09195165284545077,0.11925309300422668
box_height,25.0,30.0,-80.0,-70.0,normal,0.0,0.08825088215637275,0.09778862297534943
miss_detection,25.0,30.0,-70.0,-60.0,constant,0.24444444444444444,,
distal,25.0,30.0,-70.0,-60.0,normal,0.0,0.15398236398719525,0.1967039389435339
perpendicular,25.0,30.0,-70.0,-60.0,normal,0.0,0.10223249219838933,0.14911917688858733
height,25.0,30.0,-70.0,-60.0,normal,0.0,0.09171798079619237,0.1373040009947384
yaw,25.0,30.0,-70.0,-60.0,normal,0.0,0.055287467501752764,0.08726515536152804
width,25.0,30.0,-70.0,-60.0,normal,0.0,0.24539373781827967,0.26969113069422107
length,25.0,30.0,-70.0,-60.0,normal,0.0,0.08861321332193836,0.15416434231926412
box_height,25.0,30.0,-70.0,-60.0,normal,0.0,0.08716741296355178,0.14084907840279973
miss_detection,25.0,30.0,-60.0,-50.0,constant,0.2692307692307692,,
distal,25.0,30.0,-60.0,-50.0,normal,0.0,0.15312269075751309,0.18079734114484305
perpendicular,25.0,30.0,-60.0,-50.0,normal,0.0,0.12451972020825869,0.17063155361222657
height,25.0,30.0,-60.0,-50.0,normal,0.0,0.09086224140402212,0.13521485265932584
yaw,25.0,30.0,-60.0,-50.0,normal,0.0,0.049233521110863224,0.0807511659879297
width,25.0,30.0,-60.0,-50.0,normal,0.0,0.23479086919795647,0.36641004211024236
length,25.0,30.0,-60.0,-50.0,normal,0.0,0.09258784833978179,0.12332736504705329
box_height,25.0,30.0,-60.0,-50.0,normal,0.0,0.07046475609234872,0.11963163394677012
miss_detection,25.0,30.0,-50.0,-40.0,constant,0.4342105263157895,,
distal,25.0,30.0,-50.0,-40.0,normal,0.0,0.13872160065496714,0.20003195134671908
perpendicular,25.0,30.0,-50.0,-40.0,normal,0.0,0.1417964343169146,0.1849794087217367
height,25.0,30.0,-50.0,-40.0,normal,0.0,0.08520644913768359,0.10933762372926224
yaw,25.0,30.0,-50.0,-40.0,normal,0.0,0.05798868926275307,0.10142137234229161
width,25.0,30.0,-50.0,-40.0,normal,0.0,0.27076074733253636,0.42852519279302553
length,25.0,30.0,-50.0,-40.0,normal,0.0,0.1157478784199218,0.19561618705128514
box_height,25.0,30.0,-50.0,-40.0,normal,0.0,0.09531640291375888,0.10630013776379962
miss_detection,25.0,30.0,-40.0,-30.0,constant,0.25882352941176473,,
distal,25.0,30.0,-40.0,-30.0,normal,0.0,0.11609709301310933,0.16878214624357596
perpendicular,25.0,30.0,-40.0,-30.0,normal,0.0,0.14686595086323218,0.17175754564067847
height,25.0,30.0,-40.0,-30.0,normal,0.0,0.0824236887523601,0.09264525534614684
yaw,25.0,30.0,-40.0,-30.0,normal,0.0,0.05340929053372668,0.07070269859013804
width,25.0,30.0,-40.0,-30.0,normal,0.0,0.28031534268468034,0.3460303336854965
length,25.0,30.0,-40.0,-30.0,normal,0.0,0.12324018467027921,0.22961145355587914
box_height,25.0,30.0,-40.0,-30.0,normal,0.0,0.11454599068709503,0.14687541174510169
miss_detection,25.0,30.0,-30.0,-20.0,constant,0.5517241379310345,,
distal,25.0,30.0,-30.0,-20.0,normal,0.0,0.11207268385915159,0.17269780763643303
perpendicular,25.0,30.0,-30.0,-20.0,normal,0.0,0.11933816122734613,0.1233649452953847
height,25.0,30.0,-30.0,-20.0,normal,0.0,0.08212621661652161,0.11862266827852298
yaw,25.0,30.0,-30.0,-20.0,normal,0.0,0.05399087999866853,0.07414878152079278
width,25.0,30.0,-30.0,-20.0,normal,0.0,0.21063148368704124,0.31971101271800506
length,25.0,30.0,-30.0,-20.0,normal,0.0,0.09857070870162932,0.18938223520914713
box_height,25.0,30.0,-30.0,-20.0,normal,0.0,0.13008987590208596,0.23840688742124116
miss_detection,25.0,30.0,-20.0,-10.0,constant,0.189873417721519,,
distal,25.0,30.0,-20.0,-10.0,normal,0.0,0.1289648250066551,0.1912906873763905
perpendicular,25.0,30.0,-20.0,-10.0,normal,0.0,0.1353398487527759,0.14504655265994462
height,25.0,30.0,-20.0,-10.0,normal,0.0,0.08338736408750648,0.11207735072821379
yaw,25.0,30.0,-20.0,-10.0,normal,0.0,0.06295751086722497,0.07799018618813008
width,25.0,30.0,-20.0,-10.0,normal,0.0,0.2123270834253882,0.23340849205851555
length,25.0,30.0,-20.0,-10.0,normal,0.0,0.10284841478932916,0.14297709427773952
box_height,25.0,30.0,-20.0,-10.0,normal,0.0,0.1386114526418236,0.2032127920538187
miss_detection,25.0,30.0,-10.0,0.0,constant,0.13089005235602094,,
distal,25.0,30.0,-10.0,0.0,normal,0.0,0.17016170888023954,0.23522238366431433
perpendicular,25.0,30.0,-10.0,0.0,normal,0.0,0.1089925207116983,0.1368763984079096
height,25.0,30.0,-10.0,0.0,normal,0.0,0.07564783015536948,0.08553819807179003
yaw,25.0,30.0,-10.0,0.0,normal,0.0,0.0533276636054288,0.07075759458796303
width,25.0,30.0,-10.0,0.0,normal,0.0,0.25846081769626955,0.38550148527306244
length,25.0,30.0,-10.0,0.0,normal,0.0,0.10824380712476094,0.14904211084526706
box_height,25.0,30.0,-10.0,0.0,normal,0.0,0.10425519157772366,0.1562932823077742
miss_detection,25.0,30.0,0.0,10.0,constant,0.037209302325581395,,
distal,25.0,30.0,0.0,10.0,normal,0.0,0.15688764047884962,0.2333293935814011
perpendicular,25.0,30.0,0.0,10.0,normal,0.0,0.10768897531520626,0.15595872847954345
height,25.0,30.0,0.0,10.0,normal,0.0,0.07523188341786986,0.10912300970243372
yaw,25.0,30.0,0.0,10.0,normal,0.0,0.05840894664833716,0.06637729571402598
width,25.0,30.0,0.0,10.0,normal,0.0,0.3187453949210034,0.5537787313046663
length,25.0,30.0,0.0,10.0,normal,0.0,0.11078827860941365,0.15333397693680104
box_height,25.0,30.0,0.0,10.0,normal,0.0,0.13576503294015882,0.19454920752612864
miss_detection,25.0,30.0,10.0,20.0,constant,0.07027027027027027,,
distal,25.0,30.0,10.0,20.0,normal,0.0,0.1528016497346725,0.18379375221969566
perpendicular,25.0,30.0,10.0,20.0,normal,0.0,0.09587105905811712,0.1315728776211297
height,25.0,30.0,10.0,20.0,normal,0.0,0.07338773707330229,0.09013251041950182
yaw,25.0,30.0,10.0,20.0,normal,0.0,0.05687070591762846,0.0675257696528583
width,25.0,30.0,10.0,20.0,normal,0.0,0.23887940790602044,0.29931247165036756
length,25.0,30.0,10.0,20.0,normal,0.0,0.11428325056899336,0.13568925476351448
box_height,25.0,30.0,10.0,20.0,normal,0.0,0.10953851536599858,0.1351519653270411
miss_detection,25.0,30.0,20.0,30.0,constant,0.18617021276595744,,
distal,25.0,30.0,20.0,30.0,normal,0.0,0.1398013914737753,0.17885276142596912
perpendicular,25.0,30.0,20.0,30.0,normal,0.0,0.10326480644769068,0.1411530902270173
height,25.0,30.0,20.0,30.0,normal,0.0,0.067856172646661,0.09395571393904344
yaw,25.0,30.0,20.0,30.0,normal,0.0,0.04868179014241511,0.05348921404653458
width,25.0,30.0,20.0,30.0,normal,0.0,0.26684353253656307,0.3668394431569218
length,25.0,30.0,20.0,30.0,normal,0.0,0.13421226451457124,0.18370387289259169
box_height,25.0,30.0,20.0,30.0,normal,0.0,0.10226739068218138,0.14487525372723348
miss_detection,25.0,30.0,30.0,40.0,constant,0.2653061224489796,,
distal,25.0,30.0,30.0,40.0,normal,0.0,0.14965715384931053,0.17485106318183383
perpendicular,25.0,30.0,30.0,40.0,normal,0.0,0.12557211506240276,0.17014334522906036
height,25.0,30.0,30.0,40.0,normal,0.0,0.08884015866780032,0.1061137561444883
yaw,25.0,30.0,30.0,40.0,normal,0.0,0.06010692840726822,0.06683698267960013
width,25.0,30.0,30.0,40.0,normal,0.0,0.210787159136129,0.2788635381945857
length,25.0,30.0,30.0,40.0,normal,0.0,0.0909822074868531,0.14945207260273122
box_height,25.0,30.0,30.0,40.0,normal,0.0,0.1082638867346957,0.14451977720967046
miss_detection,25.0,30.0,40.0,50.0,constant,0.25862068965517243,,
distal,25.0,30.0,40.0,50.0,normal,0.0,0.1420163009144969,0.16663952660624368
perpendicular,25.0,30.0,40.0,50.0,normal,0.0,0.11761568205897041,0.1355408826987964
height,25.0,30.0,40.0,50.0,normal,0.0,0.06902207823548132,0.08967069692389909
yaw,25.0,30.0,40.0,50.0,normal,0.0,0.05751142834893257,0.0585090293990312
width,25.0,30.0,40.0,50.0,normal,0.0,0.27713469589984585,0.3021696168322896
length,25.0,30.0,40.0,50.0,normal,0.0,0.10359596236846991,0.14674292054287222
box_height,25.0,30.0,40.0,50.0,normal,0.0,0.10630778652098233,0.11388810845308525
miss_detection,25.0,30.0,50.0,60.0,constant,0.1411042944785276,,
distal,25.0,30.0,50.0,60.0,normal,0.0,0.1392770688965957,0.1575892476813971
perpendicular,25.0,30.0,50.0,60.0,normal,0.0,0.1335998164597668,0.1486614201097057
height,25.0,30.0,50.0,60.0,normal,0.0,0.06390104557074192,0.08400655857154302
yaw,25.0,30.0,50.0,60.0,normal,0.0,0.050794460391919816,0.06970148735098373
width,25.0,30.0,50.0,60.0,normal,0.0,0.24173844073509915,0.25760014738355363
length,25.0,30.0,50.0,60.0,normal,0.0,0.0931334801040948,0.11395188059125627
box_height,25.0,30.0,50.0,60.0,normal,0.0,0.0812336420510904,0.09142211590494428
miss_detection,25.0,30.0,60.0,70.0,constant,0.10576923076923077,,
distal,25.0,30.0,60.0,70.0,normal,0.0,0.16521449949833475,0.16466293931629777
perpendicular,25.0,30.0,60.0,70.0,normal,0.0,0.09922251994817194,0.14136194080259812
height,25.0,30.0,60.0,70.0,normal,0.0,0.0684161740122722,0.09527812914181781
yaw,25.0,30.0,60.0,70.0,normal,0.0,0.06976756065279222,0.0691061164558399
width,25.0,30.0,60.0,70.0,normal,0.0,0.1923571789931897,0.22184218642532186
length,25.0,30.0,60.0,70.0,normal,0.0,0.11288980002711851,0.1411754354353874
box_height,25.0,30.0,60.0,70.0,normal,0.0,0.0879912558345483,0.11328756040142428
miss_detection,25.0,30.0,70.0,80.0,constant,0.08602150537634409,,
distal,25.0,30.0,70.0,80.0,normal,0.0,0.12438601338618234,0.15746866422124023
perpendicular,25.0,30.0,70.0,80.0,normal,0.0,0.10493911979029028,0.1489840859813469
height,25.0,30.0,70.0,80.0,normal,0.0,0.05347126892626898,0.0803596952382256
yaw,25.0,30.0,70.0,80.0,normal,0.0,0.06299052926673303,0.06375501393811718
width,25.0,30.0,70.0,80.0,normal,0.0,0.22484564859435507,0.23719613692339728
length,25.0,30.0,70.0,80.0,normal,0.0,0.10835948917740984,0.14399648273692411
box_height,25.0,30.0,70.0,80.0,normal,0.0,0.08752988634681175,0.13329800297232236
miss_detection,25.0,30.0,80.0,90.0,constant,0.08080808080808081,,
distal,25.0,30.0,80.0,90.0,normal,0.0,0.15413053851761022,0.1665507831878526
perpendicular,25.0,30.0,80.0,90.0,normal,0.0,0.15464824032249705,0.15716535634657625
height,25.0,30.0,80.0,90.0,normal,0.0,0.06767822318332477,0.09168671055154486
yaw,25.0,30.0,80.0,90.0,normal,0.0,0.04869439395264544,0.06754624342503451
width,25.0,30.0,80.0,90.0,normal,0.0,0.23813985584938213,0.32789051139747705
length,25.0,30.0,80.0,90.0,normal,0.0,0.12344876553390725,0.16002555207891778
box_height,25.0,30.0,80.0,90.0,normal,0.0,0.09032456936001641,0.14190470124339008
miss_detection,25.0,30.0,90.0,100.0,constant,0.08247422680412371,,
distal,25.0,30.0,90.0,100.0,normal,0.0,0.19291416164918343,0.16934924824195655
perpendicular,25.0,30.0,90.0,100.0,normal,0.0,0.11540404657112907,0.14426810722195285
height,25.0,30.0,90.0,100.0,normal,0.0,0.07556841269159704,0.10181652428059096
yaw,25.0,30.0,90.0,100.0,normal,0.0,0.07469269539265948,0.08269380927884859
width,25.0,30.0,90.0,100.0,normal,0.0,0.2382943194065806,0.3187245170721847
length,25.0,30.0,90.0,100.0,normal,0.0,0.11824885024235754,0.1508542634128185
box_height,25.0,30.0,90.0,100.0,normal,0.0,0.08925616237650419,0.13668867979156837
miss_detection,25.0,30.0,100.0,110.0,constant,0.15730337078651685,,
distal,25.0,30.0,100.0,110.0,normal,0.0,0.13731829135004167,0.13859116290321177
perpendicular,25.0,30.0,100.0,110.0,normal,0.0,0.09263294772896366,0.1340097660431422
height,25.0,30.0,100.0,110.0,normal,0.0,0.07281379231373075,0.09552306652069092
yaw,25.0,30.0,100.0,110.0,normal,0.0,0.05778551844563679,0.06549463505694637
width,25.0,30.0,100.0,110.0,normal,0.0,0.19381823693595085,0.26070950826009115
length,25.0,30.0,100.0,110.0,normal,0.0,0.12332503759765615,0.14878769556681315
box_height,25.0,30.0,100.0,110.0,normal,0.0,0.09013237804166611,0.12797546068827312
miss_detection,25.0,30.0,110.0,120.0,constant,0.18947368421052632,,
distal,25.0,30.0,110.0,120.0,normal,0.0,0.10189851699563034,0.10195336409613744
perpendicular,25.0,30.0,110.0,120.0,normal,0.0,0.11016682042062993,0.12472768195120407
height,25.0,30.0,110.0,120.0,normal,0.0,0.07523335165688157,0.10368643255976888
yaw,25.0,30.0,110.0,120.0,normal,0.0,0.055688328571766046,0.05855643178570485
width,25.0,30.0,110.0,120.0,normal,0.0,0.2140928693628429,0.23705983781195306
length,25.0,30.0,110.0,120.0,normal,0.0,0.13148016367791301,0.16227757466303838
box_height,25.0,30.0,110.0,120.0,normal,0.0,0.09550310297053902,0.13934532543281455
miss_detection,25.0,30.0,120.0,130.0,constant,0.17796610169491525,,
distal,25.0,30.0,120.0,130.0,normal,0.0,0.09930754437287581,0.15959518005361328
perpendicular,25.0,30.0,120.0,130.0,normal,0.0,0.1413240906144019,0.1345883757034547
height,25.0,30.0,120.0,130.0,normal,0.0,0.08475545851107023,0.09448341549057321
yaw,25.0,30.0,120.0,130.0,normal,0.0,0.05603388960452268,0.05907327227232477
width,25.0,30.0,120.0,130.0,normal,0.0,0.24868043993497932,0.2956499733875707
length,25.0,30.0,120.0,130.0,normal,0.0,0.08762659789072262,0.12535317042439253
box_height,25.0,30.0,120.0,130.0,normal,0.0,0.09094303818392528,0.1192842697359852
miss_detection,25.0,30.0,130.0,140.0,constant,0.15625,,
distal,25.0,30.0,130.0,140.0,normal,0.0,0.10595949358677036,0.13005486617681128
perpendicular,25.0,30.0,130.0,140.0,normal,0.0,0.10625403863966468,0.12985081003965993
height,25.0,30.0,130.0,140.0,normal,0.0,0.07163843726668308,0.08908202637124944
yaw,25.0,30.0,130.0,140.0,normal,0.0,0.05427028036128484,0.05841378848589734
width,25.0,30.0,130.0,140.0,normal,0.0,0.21067881264794053,0.2634204692310757
length,25.0,30.0,130.0,140.0,normal,0.0,0.08948280067925903,0.1300887608969653
box_height,25.0,30.0,130.0,140.0,normal,0.0,0.06489446030249131,0.09038164328645777
miss_detection,25.0,30.0,140.0,150.0,constant,0.03571428571428571,,
distal,25.0,30.0,140.0,150.0,normal,0.0,0.12565859977335844,0.1533030476052055
perpendicular,25.0,30.0,140.0,150.0,normal,0.0,0.1192267596076643,0.15427188931096203
height,25.0,30.0,140.0,150.0,normal,0.0,0.08235244598736224,0.13104900747838646
yaw,25.0,30.0,140.0,150.0,normal,0.0,0.06567954531824768,0.07702506419703906
width,25.0,30.0,140.0,150.0,normal,0.0,0.20167866850789126,0.31905272271898055
length,25.0,30.0,140.0,150.0,normal,0.0,0.09621068349598055,0.14272197448846066
box_height,25.0,30.0,140.0,150.0,normal,0.0,0.09535709218239376,0.12571863534073235
miss_detection,25.0,30.0,150.0,160.0,constant,0.3793103448275862,,
distal,25.0,30.0,150.0,160.0,normal,0.0,0.12717141931498865,0.12405192796818322
perpendicular,25.0,30.0,150.0,160.0,normal,0.0,0.09706738333194405,0.1132921282977346
height,25.0,30.0,150.0,160.0,normal,0.0,0.08429905112644472,0.11978127517633969
yaw,25.0,30.0,150.0,160.0,normal,0.0,0.045335154440229154,0.04849960901666031
width,25.0,30.0,150.0,160.0,normal,0.0,0.28033316689308246,0.2642453412214915
length,25.0,30.0,150.0,160.0,normal,0.0,0.1257843815348897,0.15692697134282854
box_height,25.0,30.0,150.0,160.0,normal,0.0,0.115632571369851,0.12043178578217824
miss_detection,25.0,30.0,160.0,170.0,constant,0.025193798449612403,,
distal,25.0,30.0,160.0,170.0,normal,0.0,0.13499961153950346,0.16720475370779944
perpendicular,25.0,30.0,160.0,170.0,normal,0.0,0.07239699180879548,0.09374342696028082
height,25.0,30.0,160.0,170.0,normal,0.0,0.06794716003670641,0.09081464046038405
yaw,25.0,30.0,160.0,170.0,normal,0.0,0.03644384393433525,0.05311563603843678
width,25.0,30.0,160.0,170.0,normal,0.0,0.27190141976033705,0.3130881544609904
length,25.0,30.0,160.0,170.0,normal,0.0,0.1148105091873219,0.13676205307067507
box_height,25.0,30.0,160.0,170.0,normal,0.0,0.08672162590735594,0.10977513226078708
miss_detection,25.0,30.0,170.0,180.0,constant,0.008431703204047217,,
distal,25.0,30.0,170.0,180.0,normal,0.0,0.11730763515890072,0.13964198136344677
perpendicular,25.0,30.0,170.0,180.0,normal,0.0,0.06452449651718475,0.09066457347174142
height,25.0,30.0,170.0,180.0,normal,0.0,0.07501791627947262,0.09746430206055544
yaw,25.0,30.0,170.0,180.0,normal,0.0,0.03158123936696918,0.04086240428354168
width,25.0,30.0,170.0,180.0,normal,0.0,0.20055556063576577,0.24382317268929513
length,25.0,30.0,170.0,180.0,normal,0.0,0.10430580138602576,0.13609708308362636
box_height,25.0,30.0,170.0,180.0,normal,0.0,0.0792879825423841,0.09055321861286553
miss_detection,30.0,35.0,-180.0,-170.0,constant,0.08928571428571429,,
distal,30.0,35.0,-180.0,-170.0,normal,0.0,0.19979086314701033,0.22561167268724658
perpendicular,30.0,35.0,-180.0,-170.0,normal,0.0,0.0705675995200967,0.08925300487199865
height,30.0,35.0,-180.0,-170.0,normal,0.0,0.09809119399403521,0.12656046296743786
yaw,30.0,35.0,-180.0,-170.0,normal,0.0,0.0483895171466051,0.05844092702543816
width,30.0,35.0,-180.0,-170.0,normal,0.0,0.382621566565012,0.4668434057749954
length,30.0,35.0,-180.0,-170.0,normal,0.0,0.11296806631522169,0.15361226905210346
box_height,30.0,35.0,-180.0,-170.0,normal,0.0,0.13966339873569625,0.15979203304239348
miss_detection,30.0,35.0,-170.0,-160.0,constant,0.08280254777070063,,
distal,30.0,35.0,-170.0,-160.0,normal,0.0,0.13759125175164183,0.15976585768447019
perpendicular,30.0,35.0,-170.0,-160.0,normal,0.0,0.097021002784705,0.10479291718780691
height,30.0,35.0,-170.0,-160.0,normal,0.0,0.08536066654480473,0.10135460934705204
yaw,30.0,35.0,-170.0,-160.0,normal,0.0,0.04697617321945439,0.05578799070247791
width,30.0,35.0,-170.0,-160.0,normal,0.0,0.20602704954341544,0.2509901722272237
length,30.0,35.0,-170.0,-160.0,normal,0.0,0.08777692203891678,0.1167425165573756
box_height,30.0,35.0,-170.0,-160.0,normal,0.0,0.09878895264970905,0.1342253941628668
miss_detection,30.0,35.0,-160.0,-150.0,constant,0.1984126984126984,,
distal,30.0,35.0,-160.0,-150.0,normal,0.0,0.1523489156758495,0.20449582111178413
perpendicular,30.0,35.0,-160.0,-150.0,normal,0.0,0.168268809419722,0.19041763021635205
height,30.0,35.0,-160.0,-150.0,normal,0.0,0.09702199801204935,0.16797335726199764
yaw,30.0,35.0,-160.0,-150.0,normal,0.0,0.07579089619139608,0.0867343699821036
width,30.0,35.0,-160.0,-150.0,normal,0.0,0.2838389189752501,0.32440414995250133
length,30.0,35.0,-160.0,-150.0,normal,0.0,0.10082886885283378,0.1505903135431875
box_height,30.0,35.0,-160.0,-150.0,normal,0.0,0.10555423321462218,0.13060325089067515
miss_detection,30.0,35.0,-150.0,-140.0,constant,0.16304347826086957,,
distal,30.0,35.0,-150.0,-140.0,normal,0.0,0.1566610488272683,0.17078875647287423
perpendicular,30.0,35.0,-150.0,-140.0,normal,0.0,0.1566378749363542,0.17165649156471588
height,30.0,35.0,-150.0,-140.0,normal,0.0,0.1000710191601004,0.15865485312102676
yaw,30.0,35.0,-150.0,-140.0,normal,0.0,0.043009216356179915,0.05762806812323027
width,30.0,35.0,-150.0,-140.0,normal,0.0,0.32121665411227474,0.3405467504030698
length,30.0,35.0,-150.0,-140.0,normal,0.0,0.11662957245476596,0.14566826975190794
box_height,30.0,35.0,-150.0,-140.0,normal,0.0,0.1411615542193075,0.13840702447024258
miss_detection,30.0,35.0,-140.0,-130.0,constant,0.36904761904761907,,
distal,30.0,35.0,-140.0,-130.0,normal,0.0,0.16685146234915396,0.18462065063836117
perpendicular,30.0,35.0,-140.0,-130.0,normal,0.0,0.10940443366300909,0.1398065848309053
height,30.0,35.0,-140.0,-130.0,normal,0.0,0.10073511801659166,0.16042029182865936
yaw,30.0,35.0,-140.0,-130.0,normal,0.0,0.05382896360447298,0.05931315010596342
width,30.0,35.0,-140.0,-130.0,normal,0.0,0.2843923487275382,0.33435683880212175
length,30.0,35.0,-140.0,-130.0,normal,0.0,0.158491134777924,0.1613346203318182
box_height,30.0,35.0,-140.0,-130.0,normal,0.0,0.105970295486407,0.19004715163752717
miss_detection,30.0,35.0,-130.0,-120.0,constant,0.35555555555555557,,
distal,30.0,35.0,-130.0,-120.0,normal,0.0,0.1693824844240632,0.1848270058268592
perpendicular,30.0,35.0,-130.0,-120.0,normal,0.0,0.1410402872726368,0.17621513691057017
height,30.0,35.0,-130.0,-120.0,normal,0.0,0.09230274960129221,0.11383317462329207
yaw,30.0,35.0,-130.0,-120.0,normal,0.0,0.08836143069984394,0.09942412197400428
width,30.0,35.0,-130.0,-120.0,normal,0.0,0.24994594418950541,0.2947158320196744
length,30.0,35.0,-130.0,-120.0,normal,0.0,0.13508984074169622,0.13116033734946414
box_height,30.0,35.0,-130.0,-120.0,normal,0.0,0.07303617170474551,0.11326998677747004
miss_detection,30.0,35.0,-120.0,-110.0,constant,0.21818181818181817,,
distal,30.0,35.0,-120.0,-110.0,normal,0.0,0.2123538273135941,0.27827898669135437
perpendicular,30.0,35.0,-120.0,-110.0,normal,0.0,0.12823058546348987,0.16426587575693377
height,30.0,35.0,-120.0,-110.0,normal,0.0,0.08684495327397272,0.10553794683412064
yaw,30.0,35.0,-120.0,-110.0,normal,0.0,0.07104675599710811,0.0726472663498202
width,30.0,35.0,-120.0,-110.0,normal,0.0,0.22222240799102722,0.32763858174168786
length,30.0,35.0,-120.0,-110.0,normal,0.0,0.12363164273736976,0.13531010649925054
box_height,30.0,35.0,-120.0,-110.0,normal,0.0,0.08364086714244004,0.09863955475563227
miss_detection,30.0,35.0,-110.0,-100.0,constant,0.30434782608695654,,
distal,30.0,35.0,-110.0,-100.0,normal,0.0,0.17634372707567225,0.26526633319097903
perpendicular,30.0,35.0,-110.0,-100.0,normal,0.0,0.11906459074887898,0.15468978318971438
height,30.0,35.0,-110.0,-100.0,normal,0.0,0.06888911072699705,0.10650178603827953
yaw,30.0,35.0,-110.0,-100.0,normal,0.0,0.09734951845926679,0.0975415133175116
width,30.0,35.0,-110.0,-100.0,normal,0.0,0.20921570682493681,0.2552947327494621
length,30.0,35.0,-110.0,-100.0,normal,0.0,0.068360747477701,0.12320872023701668
box_height,30.0,35.0,-110.0,-100.0,normal,0.0,0.07662520541533568,0.08459128066897392
miss_detection,30.0,35.0,-100.0,-90.0,constant,0.1875,,
distal,30.0,35.0,-100.0,-90.0,normal,0.0,0.08778378218150333,0.11297727541168857
perpendicular,30.0,35.0,-100.0,-90.0,normal,0.0,0.09637464012014066,0.12162017250324339
height,30.0,35.0,-100.0,-90.0,normal,0.0,0.06822976127016592,0.07782970636318891
yaw,30.0,35.0,-100.0,-90.0,normal,0.0,0.07189602122570324,0.11850903385582921
width,30.0,35.0,-100.0,-90.0,normal,0.0,0.16325415403570842,0.2551899812160394
length,30.0,35.0,-100.0,-90.0,normal,0.0,0.08114890019736229,0.10345970972990379
box_height,30.0,35.0,-100.0,-90.0,normal,0.0,0.07648303798767442,0.09883977510990241
miss_detection,30.0,35.0,-90.0,-80.0,constant,0.0821917808219178,,
distal,30.0,35.0,-90.0,-80.0,normal,0.0,0.0901003539796651,0.11589368060296788
perpendicular,30.0,35.0,-90.0,-80.0,normal,0.0,0.08042176600754282,0.11852443221901271
height,30.0,35.0,-90.0,-80.0,normal,0.0,0.06273564150153442,0.07385533781193976
yaw,30.0,35.0,-90.0,-80.0,normal,0.0,0.05605056883483991,0.120651043416087
width,30.0,35.0,-90.0,-80.0,normal,0.0,0.17731947695179176,0.21399538552583153
length,30.0,35.0,-90.0,-80.0,normal,0.0,0.07335074198398028,0.12316183723620515
box_height,30.0,35.0,-90.0,-80.0,normal,0.0,0.07185314324676362,0.08241600598861921
miss_detection,30.0,35.0,-80.0,-70.0,constant,0.47619047619047616,,
distal,30.0,35.0,-80.0,-70.0,normal,0.0,0.16450569317383684,0.22394406484886697
perpendicular,30.0,35.0,-80.0,-70.0,normal,0.0,0.059545690147249815,0.14844827213626322
height,30.0,35.0,-80.0,-70.0,normal,0.0,0.0452774063978035,0.05581233176318082
yaw,30.0,35.0,-80.0,-70.0,normal,0.0,0.02938658250227902,0.0666120018471371
width,30.0,35.0,-80.0,-70.0,normal,0.0,0.2621927159270419,0.4185316562652588
length,30.0,35.0,-80.0,-70.0,normal,0.0,0.0955385094142253,0.14590853994542902
box_height,30.0,35.0,-80.0,-70.0,normal,0.0,0.07682007183718127,0.10189582001079213
miss_detection,30.0,35.0,-70.0,-60.0,constant,0.43478260869565216,,
distal,30.0,35.0,-70.0,-60.0,normal,0.0,0.2029243154977312,0.21910087174316406
perpendicular,30.0,35.0,-70.0,-60.0,normal,0.0,0.11347645169542118,0.1461011473746509
height,30.0,35.0,-70.0,-60.0,normal,0.0,0.10179733616172698,0.11026294185565068
yaw,30.0,35.0,-70.0,-60.0,normal,0.0,0.06084684537586943,0.07079588014315505
width,30.0,35.0,-70.0,-60.0,normal,0.0,0.22494055553870032,0.3936045261529776
length,30.0,35.0,-70.0,-60.0,normal,0.0,0.07719211640629418,0.09950743271754338
box_height,30.0,35.0,-70.0,-60.0,normal,0.0,0.07244473066105137,0.10601569597537701
miss_detection,30.0,35.0,-60.0,-50.0,constant,0.21052631578947367,,
distal,30.0,35.0,-60.0,-50.0,normal,0.0,0.1788930988427753,0.21878768812806723
perpendicular,30.0,35.0,-60.0,-50.0,normal,0.0,0.1393756640796717,0.18102921667216182
height,30.0,35.0,-60.0,-50.0,normal,0.0,0.0979450475354932,0.16714324951171874
yaw,30.0,35.0,-60.0,-50.0,normal,0.0,0.04535127373117292,0.07168468489597393
width,30.0,35.0,-60.0,-50.0,normal,0.0,0.2067675152591112,0.3382677925957574
length,30.0,35.0,-60.0,-50.0,normal,0.0,0.10181691588308675,0.13553451432122124
box_height,30.0,35.0,-60.0,-50.0,normal,0.0,0.104687970156694,0.11299817297193739
miss_detection,30.0,35.0,-50.0,-40.0,constant,0.6376811594202898,,
distal,30.0,35.0,-50.0,-40.0,normal,0.0,0.13448922596231508,0.1715813884511988
perpendicular,30.0,35.0,-50.0,-40.0,normal,0.0,0.1225934478545809,0.14928881992553245
height,30.0,35.0,-50.0,-40.0,normal,0.0,0.10695228704676968,0.16867705821990966
yaw,30.0,35.0,-50.0,-40.0,normal,0.0,0.05843528511265159,0.07894434444120137
width,30.0,35.0,-50.0,-40.0,normal,0.0,0.3808839854198601,0.4692526340484619
length,30.0,35.0,-50.0,-40.0,normal,0.0,0.10420139190664525,0.15391084671020508
box_height,30.0,35.0,-50.0,-40.0,normal,0.0,0.14042069780516614,0.16886139869689942
miss_detection,30.0,35.0,-40.0,-30.0,constant,0.4375,,
distal,30.0,35.0,-40.0,-30.0,normal,0.0,0.09652819787905961,0.13036098917799402
perpendicular,30.0,35.0,-40.0,-30.0,normal,0.0,0.10523191768510744,0.16826703013813007
height,30.0,35.0,-40.0,-30.0,normal,0.0,0.07530935256072753,0.1468125879764557
yaw,30.0,35.0,-40.0,-30.0,normal,0.0,0.04194931576881392,0.05889011138222284
width,30.0,35.0,-40.0,-30.0,normal,0.0,0.20946625824068899,0.19666425387064615
length,30.0,35.0,-40.0,-30.0,normal,0.0,0.08908408278400068,0.12074071168899536
box_height,30.0,35.0,-40.0,-30.0,normal,0.0,0.16393478129888958,0.15354102187686497
miss_detection,30.0,35.0,-30.0,-20.0,constant,0.375,,
distal,30.0,35.0,-30.0,-20.0,normal,0.0,0.13566506778745396,0.18890098950303863
perpendicular,30.0,35.0,-30.0,-20.0,normal,0.0,0.1388782106832931,0.14024944006650703
height,30.0,35.0,-30.0,-20.0,normal,0.0,0.07891824113552422,0.1245485246181488
yaw,30.0,35.0,-30.0,-20.0,normal,0.0,0.046672975749456606,0.07256017949810929
width,30.0,35.0,-30.0,-20.0,normal,0.0,0.2072925573651036,0.24011435508728027
length,30.0,35.0,-30.0,-20.0,normal,0.0,0.12054640161189015,0.15338706970214844
box_height,30.0,35.0,-30.0,-20.0,normal,0.0,0.13903816674142186,0.16293272574742634
miss_detection,30.0,35.0,-20.0,-10.0,constant,0.5576923076923077,,
distal,30.0,35.0,-20.0,-10.0,normal,0.0,0.1791951550546569,0.2744185641964077
perpendicular,30.0,35.0,-20.0,-10.0,normal,0.0,0.12828552889034808,0.1443616098337987
height,30.0,35.0,-20.0,-10.0,normal,0.0,0.08568943356121628,0.12246421368225761
yaw,30.0,35.0,-20.0,-10.0,normal,0.0,0.0454925933784994,0.07927175093045452
width,30.0,35.0,-20.0,-10.0,normal,0.0,0.32205946693051757,0.483280378839244
length,30.0,35.0,-20.0,-10.0,normal,0.0,0.15177359764256146,0.221993581108425
box_height,30.0,35.0,-20.0,-10.0,normal,0.0,0.10035500160143995,0.15882574475329855
miss_detection,30.0,35.0,-10.0,0.0,constant,0.21787709497206703,,
distal,30.0,35.0,-10.0,0.0,normal,0.0,0.18141706624425963,0.264074329814209
perpendicular,30.0,35.0,-10.0,0.0,normal,0.0,0.12225709962072104,0.15009101451871265
height,30.0,35.0,-10.0,0.0,normal,0.0,0.06663940373481787,0.09442233613559178
yaw,30.0,35.0,-10.0,0.0,normal,0.0,0.06184387697675701,0.0745968695149195
width,30.0,35.0,-10.0,0.0,normal,0.0,0.325762356947991,0.4827578595706395
length,30.0,35.0,-10.0,0.0,normal,0.0,0.1426447572197601,0.16576798558235167
box_height,30.0,35.0,-10.0,0.0,normal,0.0,0.1016333668978875,0.17054684162139894
miss_detection,30.0,35.0,0.0,10.0,constant,0.13537117903930132,,
distal,30.0,35.0,0.0,10.0,normal,0.0,0.20027582358882584,0.2922575515522712
perpendicular,30.0,35.0,0.0,10.0,normal,0.0,0.10592718261525495,0.15292200486068455
height,30.0,35.0,0.0,10.0,normal,0.0,0.07461223973349278,0.09280996942760969
yaw,30.0,35.0,0.0,10.0,normal,0.0,0.053640378304299685,0.06964937318136304
width,30.0,35.0,0.0,10.0,normal,0.0,0.36299204442377564,0.5758877691596446
length,30.0,35.0,0.0,10.0,normal,0.0,0.08860599361909326,0.09970762573107324
box_height,30.0,35.0,0.0,10.0,normal,0.0,0.1681935573845287,0.21479709521688597
miss_detection,30.0,35.0,10.0,20.0,constant,0.16326530612244897,,
distal,30.0,35.0,10.0,20.0,normal,0.0,0.1504844106474167,0.1857402687798406
perpendicular,30.0,35.0,10.0,20.0,normal,0.0,0.09154986825133167,0.128048581200209
height,30.0,35.0,10.0,20.0,normal,0.0,0.08244674589098339,0.11090737394339531
yaw,30.0,35.0,10.0,20.0,normal,0.0,0.05884943230124228,0.0748459373927155
width,30.0,35.0,10.0,20.0,normal,0.0,0.2686473956824168,0.311001098114439
length,30.0,35.0,10.0,20.0,normal,0.0,0.1041846639222673,0.12981819815751983
box_height,30.0,35.0,10.0,20.0,normal,0.0,0.10721861589771568,0.13786182669397015
miss_detection,30.0,35.0,20.0,30.0,constant,0.35185185185185186,,
distal,30.0,35.0,20.0,30.0,normal,0.0,0.17028319877896453,0.2283863398193739
perpendicular,30.0,35.0,20.0,30.0,normal,0.0,0.0997397021137934,0.1307414585041099
height,30.0,35.0,20.0,30.0,normal,0.0,0.0850497940850529,0.13744898183005197
yaw,30.0,35.0,20.0,30.0,normal,0.0,0.05858989628680797,0.06734875634874109
width,30.0,35.0,20.0,30.0,normal,0.0,0.3209361357508559,0.413287843976702
length,30.0,35.0,20.0,30.0,normal,0.0,0.13477417934110666,0.23615717887878418
box_height,30.0,35.0,20.0,30.0,normal,0.0,0.11764159116622051,0.21117935521262032
miss_detection,30.0,35.0,30.0,40.0,constant,0.3387096774193548,,
distal,30.0,35.0,30.0,40.0,normal,0.0,0.15229218597141594,0.20611740682470703
perpendicular,30.0,35.0,30.0,40.0,normal,0.0,0.09318907118833471,0.1371561412065391
height,30.0,35.0,30.0,40.0,normal,0.0,0.09399202267341843,0.10989974402799839
yaw,30.0,35.0,30.0,40.0,normal,0.0,0.05165214369928839,0.06005559390271729
width,30.0,35.0,30.0,40.0,normal,0.0,0.24352632061532778,0.3320118363310651
length,30.0,35.0,30.0,40.0,normal,0.0,0.0887566606383142,0.1316744757861626
box_height,30.0,35.0,30.0,40.0,normal,0.0,0.14139444694256156,0.159402930155033
miss_detection,30.0,35.0,40.0,50.0,constant,0.05,,
distal,30.0,35.0,40.0,50.0,normal,0.0,0.15257048475308385,0.1932954879055701
perpendicular,30.0,35.0,40.0,50.0,normal,0.0,0.11376102135776087,0.14973586170200098
height,30.0,35.0,40.0,50.0,normal,0.0,0.07318057948922654,0.09383878425547951
yaw,30.0,35.0,40.0,50.0,normal,0.0,0.06846107150660762,0.06724512476132782
width,30.0,35.0,40.0,50.0,normal,0.0,0.17452376047972876,0.29310072095770584
length,30.0,35.0,40.0,50.0,normal,0.0,0.09724714468671185,0.13744361777054637
box_height,30.0,35.0,40.0,50.0,normal,0.0,0.09179939701075439,0.1379340698844508
miss_detection,30.0,35.0,50.0,60.0,constant,0.18421052631578946,,
distal,30.0,35.0,50.0,60.0,normal,0.0,0.1833642682103998,0.18026217751195395
perpendicular,30.0,35.0,50.0,60.0,normal,0.0,0.1363157455923677,0.21636298929728598
height,30.0,35.0,50.0,60.0,normal,0.0,0.0679708232653969,0.07446390115720336
yaw,30.0,35.0,50.0,60.0,normal,0.0,0.09929251369228682,0.12543597933749265
width,30.0,35.0,50.0,60.0,normal,0.0,0.1460908079050105,0.1844060629743585
length,30.0,35.0,50.0,60.0,normal,0.0,0.1055113380004426,0.19515036602723435
box_height,30.0,35.0,50.0,60.0,normal,0.0,0.0882953442290433,0.11686509820173413
miss_detection,30.0,35.0,60.0,70.0,constant,0.15483870967741936,,
distal,30.0,35.0,60.0,70.0,normal,0.0,0.13520785303239288,0.17380136730982185
perpendicular,30.0,35.0,60.0,70.0,normal,0.0,0.11117954879110632,0.1342726383633058
height,30.0,35.0,60.0,70.0,normal,0.0,0.07640139146088566,0.12027100388330357
yaw,30.0,35.0,60.0,70.0,normal,0.0,0.07117295829732515,0.07848404201789191
width,30.0,35.0,60.0,70.0,normal,0.0,0.21556097701280721,0.28778861861192545
length,30.0,35.0,60.0,70.0,normal,0.0,0.10637385189673237,0.14504957745093425
box_height,30.0,35.0,60.0,70.0,normal,0.0,0.08852947687484644,0.11856307874199089
miss_detection,30.0,35.0,70.0,80.0,constant,0.2743362831858407,,
distal,30.0,35.0,70.0,80.0,normal,0.0,0.13277706475196144,0.16865118561703807
perpendicular,30.0,35.0,70.0,80.0,normal,0.0,0.08804052839972605,0.11638122631008882
height,30.0,35.0,70.0,80.0,normal,0.0,0.07009106194820233,0.11279802060708767
yaw,30.0,35.0,70.0,80.0,normal,0.0,0.05937308254645274,0.06030589555393618
width,30.0,35.0,70.0,80.0,normal,0.0,0.21820436525624015,0.26005504480222374
length,30.0,35.0,70.0,80.0,normal,0.0,0.09529265227715253,0.1339964779411874
box_height,30.0,35.0,70.0,80.0,normal,0.0,0.11704964532834056,0.13361320844510707
miss_detection,30.0,35.0,80.0,90.0,constant,0.3333333333333333,,
distal,30.0,35.0,80.0,90.0,normal,0.0,0.11057302519173541,0.14188152000601287
perpendicular,30.0,35.0,80.0,90.0,normal,0.0,0.07459258590013847,0.11654774257181968
height,30.0,35.0,80.0,90.0,normal,0.0,0.09031665174497416,0.11973802000284195
yaw,30.0,35.0,80.0,90.0,normal,0.0,0.06246590570322062,0.06899330574552726
width,30.0,35.0,80.0,90.0,normal,0.0,0.1582792395656369,0.21490244939923286
length,30.0,35.0,80.0,90.0,normal,0.0,0.12088532629076776,0.1704783197492361
box_height,30.0,35.0,80.0,90.0,normal,0.0,0.09990917597859249,0.12238774448633194
miss_detection,30.0,35.0,90.0,100.0,constant,0.3333333333333333,,
distal,30.0,35.0,90.0,100.0,normal,0.0,0.11726583691601988,0.15142829422655316
perpendicular,30.0,35.0,90.0,100.0,normal,0.0,0.1516576553267738,0.15662193068062147
height,30.0,35.0,90.0,100.0,normal,0.0,0.08043268877203559,0.09871679130527708
yaw,30.0,35.0,90.0,100.0,normal,0.0,0.08708201990778291,0.09365028682072715
width,30.0,35.0,90.0,100.0,normal,0.0,0.17844491379637445,0.23992833495140076
length,30.0,35.0,90.0,100.0,normal,0.0,0.17022049736972772,0.17383053402105966
box_height,30.0,35.0,90.0,100.0,normal,0.0,0.09381566370267169,0.10931732753912608
miss_detection,30.0,35.0,100.0,110.0,constant,0.20491803278688525,,
distal,30.0,35.0,100.0,110.0,normal,0.0,0.1366149157174242,0.16880246743849225
perpendicular,30.0,35.0,100.0,110.0,normal,0.0,0.1659596097880332,0.19848025383331644
height,30.0,35.0,100.0,110.0,normal,0.0,0.07508570055696101,0.09913587201501906
yaw,30.0,35.0,100.0,110.0,normal,0.0,0.08230579017584891,0.09238398723460799
width,30.0,35.0,100.0,110.0,normal,0.0,0.23037830834256104,0.27501611119693087
length,30.0,35.0,100.0,110.0,normal,0.0,0.1725771106534885,0.18148175097003424
box_height,30.0,35.0,100.0,110.0,normal,0.0,0.08702933442621606,0.10733633680441945
miss_detection,30.0,35.0,110.0,120.0,constant,0.10526315789473684,,
distal,30.0,35.0,110.0,120.0,normal,0.0,0.13009112854041932,0.13344230412639457
perpendicular,30.0,35.0,110.0,120.0,normal,0.0,0.1221296899251962,0.12175445572215671
height,30.0,35.0,110.0,120.0,normal,0.0,0.05380240722626822,0.09356135831159704
yaw,30.0,35.0,110.0,120.0,normal,0.0,0.0513207999357057,0.052906521622975704
width,30.0,35.0,110.0,120.0,normal,0.0,0.17949553569223306,0.23660554477875245
length,30.0,35.0,110.0,120.0,normal,0.0,0.09504624507892095,0.14695532245431991
box_height,30.0,35.0,110.0,120.0,normal,0.0,0.0926256712315521,0.13306030806373148
miss_detection,30.0,35.0,120.0,130.0,constant,0.062146892655367235,,
distal,30.0,35.0,120.0,130.0,normal,0.0,0.10026506820864263,0.1857132778397632
perpendicular,30.0,35.0,120.0,130.0,normal,0.0,0.10640971832781791,0.1311582970603006
height,30.0,35.0,120.0,130.0,normal,0.0,0.07234369892097314,0.13701026231409555
yaw,30.0,35.0,120.0,130.0,normal,0.0,0.05461285860871177,0.0833519445384058
width,30.0,35.0,120.0,130.0,normal,0.0,0.18856599397058585,0.2197507921471653
length,30.0,35.0,120.0,130.0,normal,0.0,0.10317368580808212,0.09726636955536992
box_height,30.0,35.0,120.0,130.0,normal,0.0,0.08860455093398036,0.08029823920812952
miss_detection,30.0,35.0,130.0,140.0,constant,0.045454545454545456,,
distal,30.0,35.0,130.0,140.0,normal,0.0,0.15853730670683364,0.18138725281630932
perpendicular,30.0,35.0,130.0,140.0,normal,0.0,0.13755869865441486,0.13952133335667716
height,30.0,35.0,130.0,140.0,normal,0.0,0.0864279149697376,0.10579614071618942
yaw,30.0,35.0,130.0,140.0,normal,0.0,0.07160922839949724,0.06992234865662143
width,30.0,35.0,130.0,140.0,normal,0.0,0.259628684059286,0.26761653536841984
length,30.0,35.0,130.0,140.0,normal,0.0,0.1003536584404954,0.13523879391806468
box_height,30.0,35.0,130.0,140.0,normal,0.0,0.09738322340148893,0.11578198160443987
miss_detection,30.0,35.0,140.0,150.0,constant,0.11949685534591195,,
distal,30.0,35.0,140.0,150.0,normal,0.0,0.14660111174863194,0.15490329168257885
perpendicular,30.0,35.0,140.0,150.0,normal,0.0,0.11375043440841776,0.1342369967372999
height,30.0,35.0,140.0,150.0,normal,0.0,0.08068956322692694,0.10519486452851977
yaw,30.0,35.0,140.0,150.0,normal,0.0,0.07155468549482508,0.06680885540436893
width,30.0,35.0,140.0,150.0,normal,0.0,0.2546227553747534,0.2979763848440988
length,30.0,35.0,140.0,150.0,normal,0.0,0.1169547192273772,0.1510272536958967
box_height,30.0,35.0,140.0,150.0,normal,0.0,0.07933811814677207,0.09258412378174918
miss_detection,30.0,35.0,150.0,160.0,constant,0.13297872340425532,,
distal,30.0,35.0,150.0,160.0,normal,0.0,0.14147864767227356,0.1408979244441239
perpendicular,30.0,35.0,150.0,160.0,normal,0.0,0.0882425703231863,0.11146517284945782
height,30.0,35.0,150.0,160.0,normal,0.0,0.0928718756044431,0.11154312553581285
yaw,30.0,35.0,150.0,160.0,normal,0.0,0.048977358599230456,0.05182273232940793
width,30.0,35.0,150.0,160.0,normal,0.0,0.27265403623556167,0.22118810641984998
length,30.0,35.0,150.0,160.0,normal,0.0,0.134822587296108,0.1894980508125633
box_height,30.0,35.0,150.0,160.0,normal,0.0,0.12851749692739417,0.1379702785995109
miss_detection,30.0,35.0,160.0,170.0,constant,0.03713527851458886,,
distal,30.0,35.0,160.0,170.0,normal,0.0,0.15046904693971305,0.16475529067917358
perpendicular,30.0,35.0,160.0,170.0,normal,0.0,0.08120221453941832,0.09829895177075655
height,30.0,35.0,160.0,170.0,normal,0.0,0.08197360675324188,0.12394353065937347
yaw,30.0,35.0,160.0,170.0,normal,0.0,0.03875890159812918,0.046096049060023715
width,30.0,35.0,160.0,170.0,normal,0.0,0.27474836153510357,0.31590629543483095
length,30.0,35.0,160.0,170.0,normal,0.0,0.12461315583647106,0.14474378407165694
box_height,30.0,35.0,160.0,170.0,normal,0.0,0.09244786926156733,0.11007555687066281
miss_detection,30.0,35.0,170.0,180.0,constant,0.020491803278688523,,
distal,30.0,35.0,170.0,180.0,normal,0.0,0.13246924103525345,0.19276095152134268
perpendicular,30.0,35.0,170.0,180.0,normal,0.0,0.06563265993237168,0.08515445517626387
height,30.0,35.0,170.0,180.0,normal,0.0,0.07141794922769494,0.10394032887667626
yaw,30.0,35.0,170.0,180.0,normal,0.0,0.034483806707204905,0.04462031577579375
width,30.0,35.0,170.0,180.0,normal,0.0,0.23522137394343084,0.3389729818373378
length,30.0,35.0,170.0,180.0,normal,0.0,0.09382203726755402,0.12952209699436545
box_height,30.0,35.0,170.0,180.0,normal,0.0,0.0807492488579481,0.10444305947302442
miss_detection,35.0,40.0,-180.0,-170.0,constant,0.09869203329369798,,
distal,35.0,40.0,-180.0,-170.0,normal,0.0,0.17402913426746613,0.21264543079515708
perpendicular,35.0,40.0,-180.0,-170.0,normal,0.0,0.07811094663184343,0.10089751334951698
height,35.0,40.0,-180.0,-170.0,normal,0.0,0.11001392077783566,0.14825483904979475
yaw,35.0,40.0,-180.0,-170.0,normal,0.0,0.053359501989808725,0.06624019967413512
width,35.0,40.0,-180.0,-170.0,normal,0.0,0.337359514917115,0.4263269388581329
length,35.0,40.0,-180.0,-170.0,normal,0.0,0.10738808740625379,0.14861652420189891
box_height,35.0,40.0,-180.0,-170.0,normal,0.0,0.16308547112465174,0.17973836289232198
miss_detection,35.0,40.0,-170.0,-160.0,constant,0.21755725190839695,,
distal,35.0,40.0,-170.0,-160.0,normal,0.0,0.146516216131781,0.22367183860674805
perpendicular,35.0,40.0,-170.0,-160.0,normal,0.0,0.08272582711564717,0.13040821368748182
height,35.0,40.0,-170.0,-160.0,normal,0.0,0.0733193911345386,0.08458553494476691
yaw,35.0,40.0,-170.0,-160.0,normal,0.0,0.03848327052976809,0.048458260114342594
width,35.0,40.0,-170.0,-160.0,normal,0.0,0.23872515256936205,0.30898996097285575
length,35.0,40.0,-170.0,-160.0,normal,0.0,0.08875778592891867,0.12231575047097555
box_height,35.0,40.0,-170.0,-160.0,normal,0.0,0.08164478382593816,0.08558527841800596
miss_detection,35.0,40.0,-160.0,-150.0,constant,0.16666666666666666,,
distal,35.0,40.0,-160.0,-150.0,normal,0.0,0.1375855502315768,0.16280327195499159
perpendicular,35.0,40.0,-160.0,-150.0,normal,0.0,0.11888465553037696,0.13455455281064999
height,35.0,40.0,-160.0,-150.0,normal,0.0,0.08564334729467606,0.1787160739302635
yaw,35.0,40.0,-160.0,-150.0,normal,0.0,0.06648360355383595,0.07247685817597112
width,35.0,40.0,-160.0,-150.0,normal,0.0,0.2655886938635725,0.29330228865146635
length,35.0,40.0,-160.0,-150.0,normal,0.0,0.08990482936368309,0.16694634705781936
box_height,35.0,40.0,-160.0,-150.0,normal,0.0,0.08448675025740365,0.10209834277629852
miss_detection,35.0,40.0,-150.0,-140.0,constant,0.36160714285714285,,
distal,35.0,40.0,-150.0,-140.0,normal,0.0,0.14427307945383752,0.1911112536339427
perpendicular,35.0,40.0,-150.0,-140.0,normal,0.0,0.12356387391588927,0.19850175113396992
height,35.0,40.0,-150.0,-140.0,normal,0.0,0.11156839295815237,0.19572936071382535
yaw,35.0,40.0,-150.0,-140.0,normal,0.0,0.06573135335793696,0.10647262553163991
width,35.0,40.0,-150.0,-140.0,normal,0.0,0.24071979406729435,0.2219018302597366
length,35.0,40.0,-150.0,-140.0,normal,0.0,0.10591321778160344,0.22266711471797704
box_height,35.0,40.0,-150.0,-140.0,normal,0.0,0.13490723211026556,0.2660447125668292
miss_detection,35.0,40.0,-140.0,-130.0,constant,0.34375,,
distal,35.0,40.0,-140.0,-130.0,normal,0.0,0.17336671282558083,0.19317639709910064
perpendicular,35.0,40.0,-140.0,-130.0,normal,0.0,0.14292198831888261,0.19397125846471233
height,35.0,40.0,-140.0,-130.0,normal,0.0,0.07884449094295348,0.11817500826452865
yaw,35.0,40.0,-140.0,-130.0,normal,0.0,0.06749561834683744,0.09914670995291765
width,35.0,40.0,-140.0,-130.0,normal,0.0,0.2131527629075055,0.44228384608314153
length,35.0,40.0,-140.0,-130.0,normal,0.0,0.12499523255365173,0.2112420910880679
box_height,35.0,40.0,-140.0,-130.0,normal,0.0,0.15901456727238972,0.33092149828566986
miss_detection,35.0,40.0,-130.0,-120.0,constant,0.4142857142857143,,
distal,35.0,40.0,-130.0,-120.0,normal,0.0,0.16021619478445112,0.23265682299881355
perpendicular,35.0,40.0,-130.0,-120.0,normal,0.0,0.12553783167998878,0.1509817450678766
height,35.0,40.0,-130.0,-120.0,normal,0.0,0.10063134555801707,0.1331465854877379
yaw,35.0,40.0,-130.0,-120.0,normal,0.0,0.09323468723767031,0.10317612232882228
width,35.0,40.0,-130.0,-120.0,normal,0.0,0.21911117102947605,0.3652917699116032
length,35.0,40.0,-130.0,-120.0,normal,0.0,0.10366080217477577,0.13858472428670743
box_height,35.0,40.0,-130.0,-120.0,normal,0.0,0.17393018222690418,0.1506639689933963
miss_detection,35.0,40.0,-120.0,-110.0,constant,0.3333333333333333,,
distal,35.0,40.0,-120.0,-110.0,normal,0.0,0.23034463689625376,0.29349288512985894
perpendicular,35.0,40.0,-120.0,-110.0,normal,0.0,0.14205039819596935,0.21083189443100747
height,35.0,40.0,-120.0,-110.0,normal,0.0,0.061420431626861664,0.09757679949204127
yaw,35.0,40.0,-120.0,-110.0,normal,0.0,0.07983290405422167,0.09816366748754198
width,35.0,40.0,-120.0,-110.0,normal,0.0,0.1969469711186437,0.31577135125796
length,35.0,40.0,-120.0,-110.0,normal,0.0,0.09087346638224496,0.11126121878623962
box_height,35.0,40.0,-120.0,-110.0,normal,0.0,0.08560488115952299,0.12785877287387848
miss_detection,35.0,40.0,-110.0,-100.0,constant,0.3958333333333333,,
distal,35.0,40.0,-110.0,-100.0,normal,0.0,0.22819411190003966,0.21855796318632065
perpendicular,35.0,40.0,-110.0,-100.0,normal,0.0,0.11911888993995098,0.1684513301969473
height,35.0,40.0,-110.0,-100.0,normal,0.0,0.08701571910238674,0.10624531219745505
yaw,35.0,40.0,-110.0,-100.0,normal,0.0,0.046080263519288546,0.06637161545387986
width,35.0,40.0,-110.0,-100.0,normal,0.0,0.20239325719585574,0.3353739771349677
length,35.0,40.0,-110.0,-100.0,normal,0.0,0.08180444249234851,0.08561545815961115
box_height,35.0,40.0,-110.0,-100.0,normal,0.0,0.08489494786933476,0.11334273732941726
miss_detection,35.0,40.0,-100.0,-90.0,constant,0.7454545454545455,,
distal,35.0,40.0,-100.0,-90.0,normal,0.0,0.12003707052978164,0.15086128268365764
perpendicular,35.0,40.0,-100.0,-90.0,normal,0.0,0.07903974187489267,0.1643288444046067
height,35.0,40.0,-100.0,-90.0,normal,0.0,0.07749556195194701,0.16060407246862138
yaw,35.0,40.0,-100.0,-90.0,normal,0.0,0.08195186236756653,0.12773516234765708
width,35.0,40.0,-100.0,-90.0,normal,0.0,0.10989952474277931,0.2592177561351231
length,35.0,40.0,-100.0,-90.0,normal,0.0,0.11313772947509013,0.07815086841583252
box_height,35.0,40.0,-100.0,-90.0,normal,0.0,0.08217568355052622,0.0998848591532026
miss_detection,35.0,40.0,-90.0,-80.0,constant,0.7777777777777778,,
distal,35.0,40.0,-90.0,-80.0,normal,0.0,0.15551934587538194,0.3010480043725491
perpendicular,35.0,40.0,-90.0,-80.0,normal,0.0,0.06306944267633031,0.10286113204630516
height,35.0,40.0,-90.0,-80.0,normal,0.0,0.09595851501813384,0.11822503805160522
yaw,35.0,40.0,-90.0,-80.0,normal,0.0,0.049349305269905996,0.13105314493021253
width,35.0,40.0,-90.0,-80.0,normal,0.0,0.07960049232555994,0.3338011741638184
length,35.0,40.0,-90.0,-80.0,normal,0.0,0.03584452277173806,0.04825223684310913
box_height,35.0,40.0,-90.0,-80.0,normal,0.0,0.03322956464590335,0.05950949192047119
miss_detection,35.0,40.0,-80.0,-70.0,constant,0.3191489361702128,,
distal,35.0,40.0,-80.0,-70.0,normal,0.0,0.14561089221570372,0.20253546008566015
perpendicular,35.0,40.0,-80.0,-70.0,normal,0.0,0.08686127132820659,0.1494569144949713
height,35.0,40.0,-80.0,-70.0,normal,0.0,0.0667707460964452,0.11680242046713829
yaw,35.0,40.0,-80.0,-70.0,normal,0.0,0.06549455889041353,0.08864958832578984
width,35.0,40.0,-80.0,-70.0,normal,0.0,0.28178811724265823,0.4151056855916977
length,35.0,40.0,-80.0,-70.0,normal,0.0,0.10692991320507808,0.1309817060828209
box_height,35.0,40.0,-80.0,-70.0,normal,0.0,0.08083620823265822,0.11500358581542969
miss_detection,35.0,40.0,-70.0,-60.0,constant,0.13432835820895522,,
distal,35.0,40.0,-70.0,-60.0,normal,0.0,0.13471447407094506,0.24324729284358335
perpendicular,35.0,40.0,-70.0,-60.0,normal,0.0,0.10608221665321581,0.1647610033240012
height,35.0,40.0,-70.0,-60.0,normal,0.0,0.0968356677496361,0.14015748685803905
yaw,35.0,40.0,-70.0,-60.0,normal,0.0,0.05623548580225773,0.07225159660116667
width,35.0,40.0,-70.0,-60.0,normal,0.0,0.33480267948731135,0.5467474049535291
length,35.0,40.0,-70.0,-60.0,normal,0.0,0.06569289521123836,0.12758889280516525
box_height,35.0,40.0,-70.0,-60.0,normal,0.0,0.08229410727377057,0.1375205784008421
miss_detection,35.0,40.0,-60.0,-50.0,constant,0.3283582089552239,,
distal,35.0,40.0,-60.0,-50.0,normal,0.0,0.17305182966394037,0.2914161595045946
perpendicular,35.0,40.0,-60.0,-50.0,normal,0.0,0.12354065522124093,0.15768534329223244
height,35.0,40.0,-60.0,-50.0,normal,0.0,0.09913255829309471,0.1446144700050354
yaw,35.0,40.0,-60.0,-50.0,normal,0.0,0.05555738834952737,0.082188050658556
width,35.0,40.0,-60.0,-50.0,normal,0.0,0.2754910140505558,0.4521358278062608
length,35.0,40.0,-60.0,-50.0,normal,0.0,0.06869882271505173,0.1305799749162462
box_height,35.0,40.0,-60.0,-50.0,normal,0.0,0.10784669285059353,0.14562902715471054
miss_detection,35.0,40.0,-50.0,-40.0,constant,0.5714285714285714,,
distal,35.0,40.0,-50.0,-40.0,normal,0.0,0.2521109510858261,0.3058996079705695
perpendicular,35.0,40.0,-50.0,-40.0,normal,0.0,0.1488791427624581,0.195956405964428
height,35.0,40.0,-50.0,-40.0,normal,0.0,0.09416995396148821,0.12005598545074463
yaw,35.0,40.0,-50.0,-40.0,normal,0.0,0.03879222892010892,0.06945250829060873
width,35.0,40.0,-50.0,-40.0,normal,0.0,0.36204646660587825,0.4300797939300537
length,35.0,40.0,-50.0,-40.0,normal,0.0,0.08199533498774529,0.09303144613901775
box_height,35.0,40.0,-50.0,-40.0,normal,0.0,0.0938467275379269,0.10472357273101807
miss_detection,35.0,40.0,-40.0,-30.0,constant,0.7555555555555555,,
distal,35.0,40.0,-40.0,-30.0,normal,0.0,0.0922585972637166,0.1539785332983502
perpendicular,35.0,40.0,-40.0,-30.0,normal,0.0,0.1419786032148255,0.1869451051803125
height,35.0,40.0,-40.0,-30.0,normal,0.0,0.10783251535495164,0.22237183830954813
yaw,35.0,40.0,-40.0,-30.0,normal,0.0,0.04745912007198026,0.062342150644822555
width,35.0,40.0,-40.0,-30.0,normal,0.0,0.41518315698047303,0.5885426347905939
length,35.0,40.0,-40.0,-30.0,normal,0.0,0.127388608941708,0.19891647859053177
box_height,35.0,40.0,-40.0,-30.0,normal,0.0,0.11796384209290234,0.18713907762007279
miss_detection,35.0,40.0,-30.0,-20.0,constant,0.3333333333333333,,
distal,35.0,40.0,-30.0,-20.0,normal,0.0,0.13049752988318974,0.18446506933170434
perpendicular,35.0,40.0,-30.0,-20.0,normal,0.0,0.12242538397417571,0.1336546244071493
height,35.0,40.0,-30.0,-20.0,normal,0.0,0.06232458274281626,0.09331897894541423
yaw,35.0,40.0,-30.0,-20.0,normal,0.0,0.05707534624728152,0.07706040871029608
width,35.0,40.0,-30.0,-20.0,normal,0.0,0.432988382959601,0.42660699950324166
length,35.0,40.0,-30.0,-20.0,normal,0.0,0.18452582349891528,0.22979066107008192
box_height,35.0,40.0,-30.0,-20.0,normal,0.0,0.07145760805272439,0.10013789600796169
miss_detection,35.0,40.0,-20.0,-10.0,constant,0.7083333333333334,,
distal,35.0,40.0,-20.0,-10.0,normal,0.0,0.1691964384081252,0.2622215868889836
perpendicular,35.0,40.0,-20.0,-10.0,normal,0.0,0.2401696979496569,0.30022844770795315
height,35.0,40.0,-20.0,-10.0,normal,0.0,0.05199628427296565,0.09239620396069118
yaw,35.0,40.0,-20.0,-10.0,normal,0.0,0.051054332537168,0.06099358115708066
width,35.0,40.0,-20.0,-10.0,normal,0.0,0.5495875195552968,0.7749523094722203
length,35.0,40.0,-20.0,-10.0,normal,0.0,0.1721930533600934,0.32254489830562044
box_height,35.0,40.0,-20.0,-10.0,normal,0.0,0.08804869957059391,0.1429474949836731
miss_detection,35.0,40.0,-10.0,0.0,constant,0.24867724867724866,,
distal,35.0,40.0,-10.0,0.0,normal,0.0,0.1701756769189192,0.21573823794722477
perpendicular,35.0,40.0,-10.0,0.0,normal,0.0,0.1165604206202402,0.13886699828171495
height,35.0,40.0,-10.0,0.0,normal,0.0,0.09059377825807514,0.11724990060631658
yaw,35.0,40.0,-10.0,0.0,normal,0.0,0.06099050195260132,0.07998060799059524
width,35.0,40.0,-10.0,0.0,normal,0.0,0.3019558902733555,0.3707534544904467
length,35.0,40.0,-10.0,0.0,normal,0.0,0.12279588256556888,0.14890219963772197
box_height,35.0,40.0,-10.0,0.0,normal,0.0,0.08959190780438768,0.15658409242898647
miss_detection,35.0,40.0,0.0,10.0,constant,0.10967741935483871,,
distal,35.0,40.0,0.0,10.0,normal,0.0,0.18312524995540094,0.2721655862083668
perpendicular,35.0,40.0,0.0,10.0,normal,0.0,0.11974182517087695,0.1710711236749086
height,35.0,40.0,0.0,10.0,normal,0.0,0.08929334301409582,0.09394968463026959
yaw,35.0,40.0,0.0,10.0,normal,0.0,0.06793822783742691,0.08713325469735071
width,35.0,40.0,0.0,10.0,normal,0.0,0.3474819169383756,0.5766282461691594
length,35.0,40.0,0.0,10.0,normal,0.0,0.07105305509991236,0.10167109447976817
box_height,35.0,40.0,0.0,10.0,normal,0.0,0.1951161112999587,0.21989021007565485
miss_detection,35.0,40.0,10.0,20.0,constant,0.24372759856630824,,
distal,35.0,40.0,10.0,20.0,normal,0.0,0.16678210129981666,0.2110235291244951
perpendicular,35.0,40.0,10.0,20.0,normal,0.0,0.11634654755404449,0.13758797091586575
height,35.0,40.0,10.0,20.0,normal,0.0,0.09113210649431178,0.12424753684003206
yaw,35.0,40.0,10.0,20.0,normal,0.0,0.06692243974383465,0.0769333301333866
width,35.0,40.0,10.0,20.0,normal,0.0,0.28087705311611294,0.34812064532420084
length,35.0,40.0,10.0,20.0,normal,0.0,0.12282603309607283,0.15329270848730728
box_height,35.0,40.0,10.0,20.0,normal,0.0,0.11344467550688536,0.16938078572964782
miss_detection,35.0,40.0,20.0,30.0,constant,0.344,,
distal,35.0,40.0,20.0,30.0,normal,0.0,0.10610830081881698,0.18336707564501784
perpendicular,35.0,40.0,20.0,30.0,normal,0.0,0.08754207911359661,0.10178201844361451
height,35.0,40.0,20.0,30.0,normal,0.0,0.08413125500810703,0.13161998769132102
yaw,35.0,40.0,20.0,30.0,normal,0.0,0.03387673598639934,0.04084281075757961
width,35.0,40.0,20.0,30.0,normal,0.0,0.19257679035079117,0.2512800984266328
length,35.0,40.0,20.0,30.0,normal,0.0,0.2035894140033694,0.35230092013754494
box_height,35.0,40.0,20.0,30.0,normal,0.0,0.1368646497778415,0.28595035686725523
miss_detection,35.0,40.0,30.0,40.0,constant,0.21311475409836064,,
distal,35.0,40.0,30.0,40.0,normal,0.0,0.16727245512284464,0.2307759235432765
perpendicular,35.0,40.0,30.0,40.0,normal,0.0,0.09107855626030076,0.11304102053207965
height,35.0,40.0,30.0,40.0,normal,0.0,0.07410912544916028,0.10785780971248944
yaw,35.0,40.0,30.0,40.0,normal,0.0,0.058907671151512124,0.07571007398573311
width,35.0,40.0,30.0,40.0,normal,0.0,0.28572099822542013,0.38852059841156006
length,35.0,40.0,30.0,40.0,normal,0.0,0.13544034538432287,0.16443774849176407
box_height,35.0,40.0,30.0,40.0,normal,0.0,0.15183651663950928,0.20540554573138556
miss_detection,35.0,40.0,40.0,50.0,constant,0.2,,
distal,35.0,40.0,40.0,50.0,normal,0.0,0.17540875542025708,0.21112483478076433
perpendicular,35.0,40.0,40.0,50.0,normal,0.0,0.12903497798382838,0.17101535562077078
height,35.0,40.0,40.0,50.0,normal,0.0,0.08363279434608936,0.11064347712432637
yaw,35.0,40.0,40.0,50.0,normal,0.0,0.07051730506339293,0.08422859730346305
width,35.0,40.0,40.0,50.0,normal,0.0,0.19185269751983464,0.26988844310536103
length,35.0,40.0,40.0,50.0,normal,0.0,0.12255195241371644,0.2167629178832559
box_height,35.0,40.0,40.0,50.0,normal,0.0,0.12075423511422065,0.15844190646620357
miss_detection,35.0,40.0,50.0,60.0,constant,0.2900763358778626,,
distal,35.0,40.0,50.0,60.0,normal,0.0,0.18332435911394215,0.20843149797074537
perpendicular,35.0,40.0,50.0,60.0,normal,0.0,0.1587374184554845,0.17008821376858016
height,35.0,40.0,50.0,60.0,normal,0.0,0.06509594236614463,0.07965015467777047
yaw,35.0,40.0,50.0,60.0,normal,0.0,0.04400058399723241,0.05238807049898352
width,35.0,40.0,50.0,60.0,normal,0.0,0.2835394674470651,0.24694848573336037
length,35.0,40.0,50.0,60.0,normal,0.0,0.08615426481130967,0.14050622012025565
box_height,35.0,40.0,50.0,60.0,normal,0.0,0.09415025130614713,0.11165879106008879
miss_detection,35.0,40.0,60.0,70.0,constant,0.21875,,
distal,35.0,40.0,60.0,70.0,normal,0.0,0.14841246079560577,0.20576891740101189
perpendicular,35.0,40.0,60.0,70.0,normal,0.0,0.13885927816424967,0.15286403571777935
height,35.0,40.0,60.0,70.0,normal,0.0,0.08773266510270412,0.11408157467842102
yaw,35.0,40.0,60.0,70.0,normal,0.0,0.0512074353068645,0.06020994057878852
width,35.0,40.0,60.0,70.0,normal,0.0,0.23016685492204517,0.23666916847229003
length,35.0,40.0,60.0,70.0,normal,0.0,0.10383863318405277,0.15457261562347413
box_height,35.0,40.0,60.0,70.0,normal,0.0,0.08969297985300136,0.10873227119445801
miss_detection,35.0,40.0,70.0,80.0,constant,0.4340659340659341,,
distal,35.0,40.0,70.0,80.0,normal,0.0,0.11016965172348345,0.15123307286985643
perpendicular,35.0,40.0,70.0,80.0,normal,0.0,0.08822531873626635,0.14129337070525835
height,35.0,40.0,70.0,80.0,normal,0.0,0.07412499712559259,0.14563383118620196
yaw,35.0,40.0,70.0,80.0,normal,0.0,0.04055299745388574,0.06168061623514572
width,35.0,40.0,70.0,80.0,normal,0.0,0.17255908960147723,0.2118491594073842
length,35.0,40.0,70.0,80.0,normal,0.0,0.06065440341107694,0.11574864156037859
box_height,35.0,40.0,70.0,80.0,normal,0.0,0.11921370069130106,0.2987082039268271
miss_detection,35.0,40.0,80.0,90.0,constant,0.6376811594202898,,
distal,35.0,40.0,80.0,90.0,normal,0.0,0.1329983748553898,0.2533480665242138
perpendicular,35.0,40.0,80.0,90.0,normal,0.0,0.09051093714890902,0.1130724933245281
height,35.0,40.0,80.0,90.0,normal,0.0,0.0939573734469243,0.1291869330406189
yaw,35.0,40.0,80.0,90.0,normal,0.0,0.05219463731143906,0.07761521561961587
width,35.0,40.0,80.0,90.0,normal,0.0,0.22132463687590415,0.24696023941040038
length,35.0,40.0,80.0,90.0,normal,0.0,0.09164922578249397,0.11493011951446533
box_height,35.0,40.0,80.0,90.0,normal,0.0,0.17818465366623543,0.22007715702056885
miss_detection,35.0,40.0,90.0,100.0,constant,0.6666666666666666,,
distal,35.0,40.0,90.0,100.0,normal,0.0,0.1458752874246807,0.1942727271244429
perpendicular,35.0,40.0,90.0,100.0,normal,0.0,0.08969375986158493,0.13042066001021635
height,35.0,40.0,90.0,100.0,normal,0.0,0.07803915597727414,0.11216328631747853
yaw,35.0,40.0,90.0,100.0,normal,0.0,0.09045182179108044,0.08908382491596017
width,35.0,40.0,90.0,100.0,normal,0.0,0.19077903108988142,0.26598936861211603
length,35.0,40.0,90.0,100.0,normal,0.0,0.13293871485942516,0.12605443325909702
box_height,35.0,40.0,90.0,100.0,normal,0.0,0.1664216213247384,0.1825828172943809
miss_detection,35.0,40.0,100.0,110.0,constant,0.4189189189189189,,
distal,35.0,40.0,100.0,110.0,normal,0.0,0.10701700410491345,0.16721365785428702
perpendicular,35.0,40.0,100.0,110.0,normal,0.0,0.12639320253613748,0.15880353623399934
height,35.0,40.0,100.0,110.0,normal,0.0,0.07382440096849911,0.08275721516720085
yaw,35.0,40.0,100.0,110.0,normal,0.0,0.05296170704004334,0.06606349550260214
width,35.0,40.0,100.0,110.0,normal,0.0,0.22155967937304102,0.30794038329013557
length,35.0,40.0,100.0,110.0,normal,0.0,0.12292801522721222,0.13437199869821237
box_height,35.0,40.0,100.0,110.0,normal,0.0,0.09306653569768565,0.17353519728017408
miss_detection,35.0,40.0,110.0,120.0,constant,0.21739130434782608,,
distal,35.0,40.0,110.0,120.0,normal,0.0,0.1640542983579355,0.16888181734325178
perpendicular,35.0,40.0,110.0,120.0,normal,0.0,0.1079944032960791,0.1605764663296229
height,35.0,40.0,110.0,120.0,normal,0.0,0.07731215630073097,0.11332851896683376
yaw,35.0,40.0,110.0,120.0,normal,0.0,0.0603321351928646,0.06781290477540855
width,35.0,40.0,110.0,120.0,normal,0.0,0.20185701183117224,0.280201534430186
length,35.0,40.0,110.0,120.0,normal,0.0,0.14755076305088813,0.15289650526311663
box_height,35.0,40.0,110.0,120.0,normal,0.0,0.15439065121558898,0.16183164550198448
miss_detection,35.0,40.0,120.0,130.0,constant,0.3853820598006645,,
distal,35.0,40.0,120.0,130.0,normal,0.0,0.13288202473264105,0.2368407840819239
perpendicular,35.0,40.0,120.0,130.0,normal,0.0,0.10873217414088823,0.18151309132451313
height,35.0,40.0,120.0,130.0,normal,0.0,0.07230707334892814,0.10724776048918028
yaw,35.0,40.0,120.0,130.0,normal,0.0,0.07115333318946829,0.1063342007236304
width,35.0,40.0,120.0,130.0,normal,0.0,0.16205475976518838,0.15131572646063726
length,35.0,40.0,120.0,130.0,normal,0.0,0.10225674411199817,0.14307861070375186
box_height,35.0,40.0,120.0,130.0,normal,0.0,0.11414104503421464,0.17494756273321202
miss_detection,35.0,40.0,130.0,140.0,constant,0.5808080808080808,,
distal,35.0,40.0,130.0,140.0,normal,0.0,0.10561848048995047,0.14224190359116418
perpendicular,35.0,40.0,130.0,140.0,normal,0.0,0.10695243847288335,0.13425584220905296
height,35.0,40.0,130.0,140.0,normal,0.0,0.09102296341859512,0.13871170957404447
yaw,35.0,40.0,130.0,140.0,normal,0.0,0.0655689512103674,0.0729000858963488
width,35.0,40.0,130.0,140.0,normal,0.0,0.1971976958629882,0.22589652509574432
length,35.0,40.0,130.0,140.0,normal,0.0,0.12029104539072587,0.17394092427678856
box_height,35.0,40.0,130.0,140.0,normal,0.0,0.1000183736044941,0.15841499868645725
miss_detection,35.0,40.0,140.0,150.0,constant,0.17261904761904762,,
distal,35.0,40.0,140.0,150.0,normal,0.0,0.158787645920345,0.183685046871434
perpendicular,35.0,40.0,140.0,150.0,normal,0.0,0.12275875085453093,0.14444140739889658
height,35.0,40.0,140.0,150.0,normal,0.0,0.10549081388567982,0.1172657163023091
yaw,35.0,40.0,140.0,150.0,normal,0.0,0.07993226432785645,0.07623410592651274
width,35.0,40.0,140.0,150.0,normal,0.0,0.22513030319535285,0.28036938982901816
length,35.0,40.0,140.0,150.0,normal,0.0,0.07705078768771854,0.10789349525094889
box_height,35.0,40.0,140.0,150.0,normal,0.0,0.08091969986110181,0.09836935396674726
miss_detection,35.0,40.0,150.0,160.0,constant,0.14204545454545456,,
distal,35.0,40.0,150.0,160.0,normal,0.0,0.12877339343672023,0.15030632265736146
perpendicular,35.0,40.0,150.0,160.0,normal,0.0,0.10040664320051867,0.11717014031583473
height,35.0,40.0,150.0,160.0,normal,0.0,0.08564956921940921,0.11386728128850065
yaw,35.0,40.0,150.0,160.0,normal,0.0,0.06900729539900298,0.06623353498982114
width,35.0,40.0,150.0,160.0,normal,0.0,0.27411218236076124,0.24972267340350623
length,35.0,40.0,150.0,160.0,normal,0.0,0.11179006377340847,0.1669943987928479
box_height,35.0,40.0,150.0,160.0,normal,0.0,0.10361371674663784,0.12088522847914537
miss_detection,35.0,40.0,160.0,170.0,constant,0.0975609756097561,,
distal,35.0,40.0,160.0,170.0,normal,0.0,0.1414389371389963,0.14385938937427156
perpendicular,35.0,40.0,160.0,170.0,normal,0.0,0.07764028864751547,0.10050726824872941
height,35.0,40.0,160.0,170.0,normal,0.0,0.09882816186185076,0.1335524058825261
yaw,35.0,40.0,160.0,170.0,normal,0.0,0.04241804246528076,0.0485115855721628
width,35.0,40.0,160.0,170.0,normal,0.0,0.2585471335513482,0.2721317789039096
length,35.0,40.0,160.0,170.0,normal,0.0,0.12027452585126494,0.13598407804965973
box_height,35.0,40.0,160.0,170.0,normal,0.0,0.10606836291126155,0.11409542045077763
miss_detection,35.0,40.0,170.0,180.0,constant,0.042432814710042434,,
distal,35.0,40.0,170.0,180.0,normal,0.0,0.1442508697045116,0.18143043298651934
perpendicular,35.0,40.0,170.0,180.0,normal,0.0,0.06981090854448344,0.09064777990764868
height,35.0,40.0,170.0,180.0,normal,0.0,0.0830587620980246,0.1220411927696521
yaw,35.0,40.0,170.0,180.0,normal,0.0,0.04685667213749932,0.05139632360846708
width,35.0,40.0,170.0,180.0,normal,0.0,0.27292261615779523,0.3190965846158905
length,35.0,40.0,170.0,180.0,normal,0.0,0.11728018451560619,0.12831785337259358
box_height,35.0,40.0,170.0,180.0,normal,0.0,0.09031698231242628,0.11339364463856864
miss_detection,40.0,45.0,-180.0,-170.0,constant,0.21037181996086105,,
distal,40.0,45.0,-180.0,-170.0,normal,0.0,0.17674539576268336,0.23100287876262798
perpendicular,40.0,45.0,-180.0,-170.0,normal,0.0,0.09001632053982712,0.10807517610541889
height,40.0,45.0,-180.0,-170.0,normal,0.0,0.12781761772925357,0.17149752843778815
yaw,40.0,45.0,-180.0,-170.0,normal,0.0,0.06956180342942456,0.08037462607412348
width,40.0,45.0,-180.0,-170.0,normal,0.0,0.2961191027359597,0.3930761441865375
length,40.0,45.0,-180.0,-170.0,normal,0.0,0.09367945198728996,0.13427519532384483
box_height,40.0,45.0,-180.0,-170.0,normal,0.0,0.17083683340908123,0.192057005682547
miss_detection,40.0,45.0,-170.0,-160.0,constant,0.33516483516483514,,
distal,40.0,45.0,-170.0,-160.0,normal,0.0,0.1483440867442143,0.1855064275943612
perpendicular,40.0,45.0,-170.0,-160.0,normal,0.0,0.09047499562341972,0.11559800374204814
height,40.0,45.0,-170.0,-160.0,normal,0.0,0.0983240268123142,0.1286445979244453
yaw,40.0,45.0,-170.0,-160.0,normal,0.0,0.04726733844379969,0.05645188104151538
width,40.0,45.0,-170.0,-160.0,normal,0.0,0.21774083361079088,0.2627286733674609
length,40.0,45.0,-170.0,-160.0,normal,0.0,0.08431172281371864,0.12416976936592543
box_height,40.0,45.0,-170.0,-160.0,normal,0.0,0.10403770076439339,0.14415184623938948
miss_detection,40.0,45.0,-160.0,-150.0,constant,0.21052631578947367,,
distal,40.0,45.0,-160.0,-150.0,normal,0.0,0.09356320451324576,0.12944253750287868
perpendicular,40.0,45.0,-160.0,-150.0,normal,0.0,0.10930070816235166,0.1403846002747357
height,40.0,45.0,-160.0,-150.0,normal,0.0,0.08412170251366421,0.21637224753697712
yaw,40.0,45.0,-160.0,-150.0,normal,0.0,0.05957186571153193,0.0641153344553817
width,40.0,45.0,-160.0,-150.0,normal,0.0,0.2774032135101574,0.3027779738108317
length,40.0,45.0,-160.0,-150.0,normal,0.0,0.09295511240953466,0.17937873800595602
box_height,40.0,45.0,-160.0,-150.0,normal,0.0,0.1006478683026327,0.11295002301534017
miss_detection,40.0,45.0,-150.0,-140.0,constant,0.5272727272727272,,
distal,40.0,45.0,-150.0,-140.0,normal,0.0,0.11105105301976106,0.11293311166107826
perpendicular,40.0,45.0,-150.0,-140.0,normal,0.0,0.10197436819602593,0.13178076031428257
height,40.0,45.0,-150.0,-140.0,normal,0.0,0.12184950372325133,0.16707660601689264
yaw,40.0,45.0,-150.0,-140.0,normal,0.0,0.06353993756348565,0.10074971524538306
width,40.0,45.0,-150.0,-140.0,normal,0.0,0.2906960176175461,0.3002739136035626
length,40.0,45.0,-150.0,-140.0,normal,0.0,0.08273630806731558,0.13060052119768584
box_height,40.0,45.0,-150.0,-140.0,normal,0.0,0.07827246406223094,0.17279720306396484
miss_detection,40.0,45.0,-140.0,-130.0,constant,0.48,,
distal,40.0,45.0,-140.0,-130.0,normal,0.0,0.13785419847396777,0.24734069638285242
perpendicular,40.0,45.0,-140.0,-130.0,normal,0.0,0.10947947400694766,0.18558164545387315
height,40.0,45.0,-140.0,-130.0,normal,0.0,0.12256743739581272,0.19247383567003104
yaw,40.0,45.0,-140.0,-130.0,normal,0.0,0.0733916995479574,0.08133681355368434
width,40.0,45.0,-140.0,-130.0,normal,0.0,0.23123832949167927,0.31099785291231596
length,40.0,45.0,-140.0,-130.0,normal,0.0,0.05067399171500278,0.09415852106534518
box_height,40.0,45.0,-140.0,-130.0,normal,0.0,0.06727265132755639,0.0903498438688425
miss_detection,40.0,45.0,-130.0,-120.0,constant,0.7355371900826446,,
distal,40.0,45.0,-130.0,-120.0,normal,0.0,0.14661065698384204,0.20807983931163646
perpendicular,40.0,45.0,-130.0,-120.0,normal,0.0,0.1400653980056287,0.23899967332205438
height,40.0,45.0,-130.0,-120.0,normal,0.0,0.10731140735234757,0.20191039517521858
yaw,40.0,45.0,-130.0,-120.0,normal,0.0,0.0827339130737734,0.12024955047956543
width,40.0,45.0,-130.0,-120.0,normal,0.0,0.24836567485675634,0.3436000198125839
length,40.0,45.0,-130.0,-120.0,normal,0.0,0.08155095497568425,0.11448198929429054
box_height,40.0,45.0,-130.0,-120.0,normal,0.0,0.11024854578617227,0.17623867094516754
miss_detection,40.0,45.0,-120.0,-110.0,constant,0.803921568627451,,
distal,40.0,45.0,-120.0,-110.0,normal,0.0,0.1650559612843712,0.24645953534250534
perpendicular,40.0,45.0,-120.0,-110.0,normal,0.0,0.13894506678552862,0.22828360241433274
height,40.0,45.0,-120.0,-110.0,normal,0.0,0.09754267838322715,0.1279713213443756
yaw,40.0,45.0,-120.0,-110.0,normal,0.0,0.04749262925931443,0.0655149364479339
width,40.0,45.0,-120.0,-110.0,normal,0.0,0.294299009054555,0.47362051010131834
length,40.0,45.0,-120.0,-110.0,normal,0.0,0.15234342613253826,0.11197221279144287
box_height,40.0,45.0,-120.0,-110.0,normal,0.0,0.15459236129408013,0.15495349168777467
miss_detection,40.0,45.0,-110.0,-100.0,constant,1.0,,
miss_detection,40.0,45.0,-100.0,-90.0,constant,1.0,,
miss_detection,40.0,45.0,-90.0,-80.0,constant,1.0,,
miss_detection,40.0,45.0,-80.0,-70.0,constant,1.0,,
miss_detection,40.0,45.0,-70.0,-60.0,constant,0.9473684210526315,,
distal,40.0,45.0,-70.0,-60.0,normal,0.0,0.15006500341957293,0.3008261802293452
perpendicular,40.0,45.0,-70.0,-60.0,normal,0.0,0.10360303422948922,0.15713130380892507
height,40.0,45.0,-70.0,-60.0,normal,0.0,0.0486697897752433,0.2616166869799296
yaw,40.0,45.0,-70.0,-60.0,normal,0.0,0.04566376939946621,0.04986647764841715
width,40.0,45.0,-70.0,-60.0,normal,0.0,0.22447303800515558,0.5546944936116537
length,40.0,45.0,-70.0,-60.0,normal,0.0,0.070690469323406,0.07103192806243896
box_height,40.0,45.0,-70.0,-60.0,normal,0.0,0.025609338912990387,0.02877541383107503
miss_detection,40.0,45.0,-60.0,-50.0,constant,0.35714285714285715,,
distal,40.0,45.0,-60.0,-50.0,normal,0.0,0.15353659301509961,0.2042509138806505
perpendicular,40.0,45.0,-60.0,-50.0,normal,0.0,0.09669434285322347,0.1327077369385269
height,40.0,45.0,-60.0,-50.0,normal,0.0,0.09066849137972458,0.1837898713571054
yaw,40.0,45.0,-60.0,-50.0,normal,0.0,0.08068800213161137,0.09291485492394404
width,40.0,45.0,-60.0,-50.0,normal,0.0,0.19996888299162546,0.3980960757644088
length,40.0,45.0,-60.0,-50.0,normal,0.0,0.10645749340422292,0.19971449066091468
box_height,40.0,45.0,-60.0,-50.0,normal,0.0,0.12398991453363069,0.22476847966512045
miss_detection,40.0,45.0,-50.0,-40.0,constant,0.7272727272727273,,
distal,40.0,45.0,-50.0,-40.0,normal,0.0,0.14347024905886274,0.18864995675097104
perpendicular,40.0,45.0,-50.0,-40.0,normal,0.0,0.13854665303558553,0.18146488176891648
height,40.0,45.0,-50.0,-40.0,normal,0.0,0.11439290531588797,0.1470398853222529
yaw,40.0,45.0,-50.0,-40.0,normal,0.0,0.0549466037406401,0.0981550787683414
width,40.0,45.0,-50.0,-40.0,normal,0.0,0.15767227762737795,0.4002276261647542
length,40.0,45.0,-50.0,-40.0,normal,0.0,0.07622913654936928,0.10845511158307393
box_height,40.0,45.0,-50.0,-40.0,normal,0.0,0.10453879366765734,0.12640505035718283
miss_detection,40.0,45.0,-40.0,-30.0,constant,0.7272727272727273,,
distal,40.0,45.0,-40.0,-30.0,normal,0.0,0.16763653812697965,0.2962138995548925
perpendicular,40.0,45.0,-40.0,-30.0,normal,0.0,0.25283250617061387,0.3042666434842031
height,40.0,45.0,-40.0,-30.0,normal,0.0,0.07319259697796271,0.09345832963784535
yaw,40.0,45.0,-40.0,-30.0,normal,0.0,0.055225029344620445,0.08250786331008737
width,40.0,45.0,-40.0,-30.0,normal,0.0,0.33130747387732656,0.6391331354777018
length,40.0,45.0,-40.0,-30.0,normal,0.0,0.10266510470629292,0.10900557041168213
box_height,40.0,45.0,-40.0,-30.0,normal,0.0,0.06291805117519435,0.06493776043256123
miss_detection,40.0,45.0,-30.0,-20.0,constant,0.6153846153846154,,
distal,40.0,45.0,-30.0,-20.0,normal,0.0,0.11982906962481014,0.1358033410062978
perpendicular,40.0,45.0,-30.0,-20.0,normal,0.0,0.16229891255716722,0.20962427499774686
height,40.0,45.0,-30.0,-20.0,normal,0.0,0.07237013877282863,0.10946304400761922
yaw,40.0,45.0,-30.0,-20.0,normal,0.0,0.03060758586125737,0.05750365548540728
width,40.0,45.0,-30.0,-20.0,normal,0.0,0.5297808580821967,0.6653030395507813
length,40.0,45.0,-30.0,-20.0,normal,0.0,0.13751550197032464,0.21992317835489908
box_height,40.0,45.0,-30.0,-20.0,normal,0.0,0.11286443523518404,0.09539290269215901
miss_detection,40.0,45.0,-20.0,-10.0,constant,0.6666666666666666,,
distal,40.0,45.0,-20.0,-10.0,normal,0.0,0.1995557103716387,0.27673134859561965
perpendicular,40.0,45.0,-20.0,-10.0,normal,0.0,0.22663541210585225,0.20767063448458947
height,40.0,45.0,-20.0,-10.0,normal,0.0,0.07054713979615841,0.1175394437529824
yaw,40.0,45.0,-20.0,-10.0,normal,0.0,0.03721405817029774,0.061713701971764644
width,40.0,45.0,-20.0,-10.0,normal,0.0,0.47847555594120195,0.49503911625255237
length,40.0,45.0,-20.0,-10.0,normal,0.0,0.13802201705834893,0.1665570302443071
box_height,40.0,45.0,-20.0,-10.0,normal,0.0,0.1113995873671603,0.11183130741119385
miss_detection,40.0,45.0,-10.0,0.0,constant,0.3541666666666667,,
distal,40.0,45.0,-10.0,0.0,normal,0.0,0.18282616151989967,0.26394170978062187
perpendicular,40.0,45.0,-10.0,0.0,normal,0.0,0.10092353315374836,0.14824119444331096
height,40.0,45.0,-10.0,0.0,normal,0.0,0.09778498710613222,0.11475500945122011
yaw,40.0,45.0,-10.0,0.0,normal,0.0,0.06352286348369901,0.07926519419647433
width,40.0,45.0,-10.0,0.0,normal,0.0,0.3299100971864236,0.4546735107257802
length,40.0,45.0,-10.0,0.0,normal,0.0,0.13688281740422487,0.15569846219913933
box_height,40.0,45.0,-10.0,0.0,normal,0.0,0.12339779105641907,0.19233432251919982
miss_detection,40.0,45.0,0.0,10.0,constant,0.24257425742574257,,
distal,40.0,45.0,0.0,10.0,normal,0.0,0.15941184569935044,0.22791400930334668
perpendicular,40.0,45.0,0.0,10.0,normal,0.0,0.12791973746032778,0.1767904036311185
height,40.0,45.0,0.0,10.0,normal,0.0,0.07492011000752041,0.10873451497819689
yaw,40.0,45.0,0.0,10.0,normal,0.0,0.06253851347600739,0.10401582294139931
width,40.0,45.0,0.0,10.0,normal,0.0,0.31497419011126454,0.5390497001947141
length,40.0,45.0,0.0,10.0,normal,0.0,0.07365662124980697,0.08793340711032643
box_height,40.0,45.0,0.0,10.0,normal,0.0,0.15418078657915313,0.15208301980511035
miss_detection,40.0,45.0,10.0,20.0,constant,0.29292929292929293,,
distal,40.0,45.0,10.0,20.0,normal,0.0,0.16968015572161876,0.19849978255474593
perpendicular,40.0,45.0,10.0,20.0,normal,0.0,0.1135540727611389,0.1437774950569009
height,40.0,45.0,10.0,20.0,normal,0.0,0.12009541193584153,0.17216695845127106
yaw,40.0,45.0,10.0,20.0,normal,0.0,0.0764442275198763,0.08066296761908236
width,40.0,45.0,10.0,20.0,normal,0.0,0.332685610693358,0.37479787043162754
length,40.0,45.0,10.0,20.0,normal,0.0,0.10869786637950613,0.16336592435836791
box_height,40.0,45.0,10.0,20.0,normal,0.0,0.13599653006359136,0.18274346675191608
miss_detection,40.0,45.0,20.0,30.0,constant,0.18478260869565216,,
distal,40.0,45.0,20.0,30.0,normal,0.0,0.13348898073944993,0.18726243712504578
perpendicular,40.0,45.0,20.0,30.0,normal,0.0,0.12163132485062657,0.13470673621064067
height,40.0,45.0,20.0,30.0,normal,0.0,0.11670085488278542,0.17488954861958822
yaw,40.0,45.0,20.0,30.0,normal,0.0,0.03883915385146396,0.05962957353643584
width,40.0,45.0,20.0,30.0,normal,0.0,0.24204496990379765,0.2844453048706055
length,40.0,45.0,20.0,30.0,normal,0.0,0.1621371624057282,0.2065079180399577
box_height,40.0,45.0,20.0,30.0,normal,0.0,0.143526730594545,0.2056980005900065
miss_detection,40.0,45.0,30.0,40.0,constant,0.2236842105263158,,
distal,40.0,45.0,30.0,40.0,normal,0.0,0.13441156982441588,0.18099736064477492
perpendicular,40.0,45.0,30.0,40.0,normal,0.0,0.1343111998030814,0.1667872102478001
height,40.0,45.0,30.0,40.0,normal,0.0,0.10436957836227093,0.14708734568903
yaw,40.0,45.0,30.0,40.0,normal,0.0,0.05444224886185429,0.08205255556014508
width,40.0,45.0,30.0,40.0,normal,0.0,0.1956704365626284,0.23454094337204756
length,40.0,45.0,30.0,40.0,normal,0.0,0.16226438499885795,0.20312317751221737
box_height,40.0,45.0,30.0,40.0,normal,0.0,0.11481640661841956,0.1810914985204147
miss_detection,40.0,45.0,40.0,50.0,constant,0.34523809523809523,,
distal,40.0,45.0,40.0,50.0,normal,0.0,0.1331488134315276,0.17246496300728079
perpendicular,40.0,45.0,40.0,50.0,normal,0.0,0.13805277950486997,0.17143260918308909
height,40.0,45.0,40.0,50.0,normal,0.0,0.060756545690170485,0.08453398401086981
yaw,40.0,45.0,40.0,50.0,normal,0.0,0.09654288562151236,0.08927877265611218
width,40.0,45.0,40.0,50.0,normal,0.0,0.25585610578631657,0.34072388735684483
length,40.0,45.0,40.0,50.0,normal,0.0,0.15072189782976503,0.18223097541115502
box_height,40.0,45.0,40.0,50.0,normal,0.0,0.09208744003801243,0.1323358102278276
miss_detection,40.0,45.0,50.0,60.0,constant,0.4020618556701031,,
distal,40.0,45.0,50.0,60.0,normal,0.0,0.14905164435578178,0.24106151516258195
perpendicular,40.0,45.0,50.0,60.0,normal,0.0,0.11536348616952448,0.15136765868417437
height,40.0,45.0,50.0,60.0,normal,0.0,0.08888368533180796,0.12850753603310422
yaw,40.0,45.0,50.0,60.0,normal,0.0,0.07027783428044336,0.08172985058937005
width,40.0,45.0,50.0,60.0,normal,0.0,0.19873264924151715,0.3229120270959262
length,40.0,45.0,50.0,60.0,normal,0.0,0.09776893082709211,0.1607037145515968
box_height,40.0,45.0,50.0,60.0,normal,0.0,0.11652334656604457,0.16035349615688982
miss_detection,40.0,45.0,60.0,70.0,constant,0.5705128205128205,,
distal,40.0,45.0,60.0,70.0,normal,0.0,0.10119504610062076,0.25772790271889096
perpendicular,40.0,45.0,60.0,70.0,normal,0.0,0.07143111297436769,0.09517551615106881
height,40.0,45.0,60.0,70.0,normal,0.0,0.053641894345818356,0.06401227036518838
yaw,40.0,45.0,60.0,70.0,normal,0.0,0.07215585879840132,0.1269020291406717
width,40.0,45.0,60.0,70.0,normal,0.0,0.16758578865347443,0.32077707461456756
length,40.0,45.0,60.0,70.0,normal,0.0,0.07803232215231082,0.3159016281811159
box_height,40.0,45.0,60.0,70.0,normal,0.0,0.05486827155846981,0.2096912060210954
miss_detection,40.0,45.0,70.0,80.0,constant,1.0,,
miss_detection,40.0,45.0,80.0,90.0,constant,1.0,,
miss_detection,40.0,45.0,90.0,100.0,constant,1.0,,
miss_detection,40.0,45.0,100.0,110.0,constant,0.9583333333333334,,
distal,40.0,45.0,100.0,110.0,normal,0.0,0.0470016599568977,0.07616341950804927
perpendicular,40.0,45.0,100.0,110.0,normal,0.0,0.10165678892158186,0.5816304056642937
height,40.0,45.0,100.0,110.0,normal,0.0,0.019930124282836914,0.033383727073669434
yaw,40.0,45.0,100.0,110.0,normal,0.0,0.0005589616484940052,0.03994908521930185
width,40.0,45.0,100.0,110.0,normal,0.0,0.06405973434448242,0.4924130439758301
length,40.0,45.0,100.0,110.0,normal,0.0,0.009136378765106201,0.05416983366012573
box_height,40.0,45.0,100.0,110.0,normal,0.0,0.0005321502685546875,0.11833643913269043
miss_detection,40.0,45.0,110.0,120.0,constant,0.7121212121212122,,
distal,40.0,45.0,110.0,120.0,normal,0.0,0.062565679902068,0.07437027880686427
perpendicular,40.0,45.0,110.0,120.0,normal,0.0,0.11933287843709135,0.20435597468262265
height,40.0,45.0,110.0,120.0,normal,0.0,0.10934805392920485,0.1328027938541613
yaw,40.0,45.0,110.0,120.0,normal,0.0,0.06686873113782105,0.07082124594258363
width,40.0,45.0,110.0,120.0,normal,0.0,0.12773762562453145,0.21822146365517064
length,40.0,45.0,110.0,120.0,normal,0.0,0.13041125585143118,0.1351274565646523
box_height,40.0,45.0,110.0,120.0,normal,0.0,0.11252458686539993,0.170709911145662
miss_detection,40.0,45.0,120.0,130.0,constant,0.29411764705882354,,
distal,40.0,45.0,120.0,130.0,normal,0.0,0.10094057163887128,0.10130885172548099
perpendicular,40.0,45.0,120.0,130.0,normal,0.0,0.12021487277368856,0.15260288146197873
height,40.0,45.0,120.0,130.0,normal,0.0,0.08677865640475867,0.10285231471061707
yaw,40.0,45.0,120.0,130.0,normal,0.0,0.08078240550698201,0.09024120961565225
width,40.0,45.0,120.0,130.0,normal,0.0,0.19020254509192516,0.2710627516110738
length,40.0,45.0,120.0,130.0,normal,0.0,0.14463571704409184,0.21208516508340836
box_height,40.0,45.0,120.0,130.0,normal,0.0,0.11999765813651032,0.13914724191029867
miss_detection,40.0,45.0,130.0,140.0,constant,0.41379310344827586,,
distal,40.0,45.0,130.0,140.0,normal,0.0,0.09960012758672365,0.12095629711400478
perpendicular,40.0,45.0,130.0,140.0,normal,0.0,0.13786725108689143,0.16627225070527757
height,40.0,45.0,130.0,140.0,normal,0.0,0.07429838342939087,0.11863659059300143
yaw,40.0,45.0,130.0,140.0,normal,0.0,0.06266739719925776,0.06997854897529814
width,40.0,45.0,130.0,140.0,normal,0.0,0.14286128335754747,0.22776647876290715
length,40.0,45.0,130.0,140.0,normal,0.0,0.16005190637089714,0.2031297280507929
box_height,40.0,45.0,130.0,140.0,normal,0.0,0.12354466225700012,0.13793179217506857
miss_detection,40.0,45.0,140.0,150.0,constant,0.3284671532846715,,
distal,40.0,45.0,140.0,150.0,normal,0.0,0.12260568152579852,0.15012691771642536
perpendicular,40.0,45.0,140.0,150.0,normal,0.0,0.12141413876348531,0.14265709346434619
height,40.0,45.0,140.0,150.0,normal,0.0,0.09650671010502143,0.136164753333382
yaw,40.0,45.0,140.0,150.0,normal,0.0,0.0701402627307824,0.06975498841556195
width,40.0,45.0,140.0,150.0,normal,0.0,0.1883563502425978,0.2465596561846526
length,40.0,45.0,140.0,150.0,normal,0.0,0.09027234632418457,0.15269312262535095
box_height,40.0,45.0,140.0,150.0,normal,0.0,0.12628289098790357,0.15320735910664435
miss_detection,40.0,45.0,150.0,160.0,constant,0.24503311258278146,,
distal,40.0,45.0,150.0,160.0,normal,0.0,0.15621462918364587,0.1619022090133143
perpendicular,40.0,45.0,150.0,160.0,normal,0.0,0.10386719082961259,0.12369082738617104
height,40.0,45.0,150.0,160.0,normal,0.0,0.10465251538034624,0.13797629611533985
yaw,40.0,45.0,150.0,160.0,normal,0.0,0.0903007549513958,0.08986154992918138
width,40.0,45.0,150.0,160.0,normal,0.0,0.23763478298849564,0.25836179130955744
length,40.0,45.0,150.0,160.0,normal,0.0,0.10824441606726927,0.14144306120119596
box_height,40.0,45.0,150.0,160.0,normal,0.0,0.10411539432520424,0.1304628430751332
miss_detection,40.0,45.0,160.0,170.0,constant,0.11466666666666667,,
distal,40.0,45.0,160.0,170.0,normal,0.0,0.11581674245736379,0.1623610652426935
perpendicular,40.0,45.0,160.0,170.0,normal,0.0,0.08190740370040639,0.11629444508743465
height,40.0,45.0,160.0,170.0,normal,0.0,0.09504705034172611,0.13160615154059538
yaw,40.0,45.0,160.0,170.0,normal,0.0,0.05278270010748514,0.04931421494883425
width,40.0,45.0,160.0,170.0,normal,0.0,0.23127705352615038,0.2238894937986351
length,40.0,45.0,160.0,170.0,normal,0.0,0.12414984670001593,0.14835054292736283
box_height,40.0,45.0,160.0,170.0,normal,0.0,0.11093402331325036,0.14168189878923348
miss_detection,40.0,45.0,170.0,180.0,constant,0.06306306306306306,,
distal,40.0,45.0,170.0,180.0,normal,0.0,0.14688232463190323,0.18315617494754718
perpendicular,40.0,45.0,170.0,180.0,normal,0.0,0.07215537020297462,0.09873760420408684
height,40.0,45.0,170.0,180.0,normal,0.0,0.10021219110987808,0.14041385570397744
yaw,40.0,45.0,170.0,180.0,normal,0.0,0.0504693958300569,0.06260005898565385
width,40.0,45.0,170.0,180.0,normal,0.0,0.2575631392071387,0.2933122268089881
length,40.0,45.0,170.0,180.0,normal,0.0,0.10296580066020601,0.1185977938083502
box_height,40.0,45.0,170.0,180.0,normal,0.0,0.11715783541580253,0.13959995301870198
miss_detection,45.0,50.0,-180.0,-170.0,constant,0.14729370008873113,,
distal,45.0,50.0,-180.0,-170.0,normal,0.0,0.15255133167072774,0.2077053631678794
perpendicular,45.0,50.0,-180.0,-170.0,normal,0.0,0.08149231737546445,0.10052614458559589
height,45.0,50.0,-180.0,-170.0,normal,0.0,0.10859674768731951,0.1531666206519636
yaw,45.0,50.0,-180.0,-170.0,normal,0.0,0.0644655031401937,0.07378805587405096
width,45.0,50.0,-180.0,-170.0,normal,0.0,0.2691322199600199,0.3413593262961206
length,45.0,50.0,-180.0,-170.0,normal,0.0,0.08907206467536513,0.10151368112891572
box_height,45.0,50.0,-180.0,-170.0,normal,0.0,0.13029916144851705,0.1779966087668793
miss_detection,45.0,50.0,-170.0,-160.0,constant,0.4147727272727273,,
distal,45.0,50.0,-170.0,-160.0,normal,0.0,0.12315546168244028,0.17245747654847304
perpendicular,45.0,50.0,-170.0,-160.0,normal,0.0,0.08142926282211937,0.12428083855220208
height,45.0,50.0,-170.0,-160.0,normal,0.0,0.10217588881311138,0.14549393561279889
yaw,45.0,50.0,-170.0,-160.0,normal,0.0,0.04148271338595177,0.05109884346935907
width,45.0,50.0,-170.0,-160.0,normal,0.0,0.2175973159448926,0.23913005949224084
length,45.0,50.0,-170.0,-160.0,normal,0.0,0.08864287673072803,0.0979705053625755
box_height,45.0,50.0,-170.0,-160.0,normal,0.0,0.09616451573739006,0.15388071884229346
miss_detection,45.0,50.0,-160.0,-150.0,constant,0.4696969696969697,,
distal,45.0,50.0,-160.0,-150.0,normal,0.0,0.11809325806258977,0.15152250764610145
perpendicular,45.0,50.0,-160.0,-150.0,normal,0.0,0.16096942017103538,0.16492990020597095
height,45.0,50.0,-160.0,-150.0,normal,0.0,0.11171205680765844,0.22105238607951572
yaw,45.0,50.0,-160.0,-150.0,normal,0.0,0.04534624534271764,0.055839679263505304
width,45.0,50.0,-160.0,-150.0,normal,0.0,0.13249605882304802,0.23503219059535435
length,45.0,50.0,-160.0,-150.0,normal,0.0,0.1346995892098753,0.15815233503069195
box_height,45.0,50.0,-160.0,-150.0,normal,0.0,0.08313277858364461,0.11260222026279994
miss_detection,45.0,50.0,-150.0,-140.0,constant,0.4489795918367347,,
distal,45.0,50.0,-150.0,-140.0,normal,0.0,0.1361552560683713,0.2264713060509463
perpendicular,45.0,50.0,-150.0,-140.0,normal,0.0,0.13744202610989925,0.19678699767920518
height,45.0,50.0,-150.0,-140.0,normal,0.0,0.10031737896344599,0.24470954912680168
yaw,45.0,50.0,-150.0,-140.0,normal,0.0,0.05317089122333756,0.06695130150975623
width,45.0,50.0,-150.0,-140.0,normal,0.0,0.1853412453809214,0.3036216011753789
length,45.0,50.0,-150.0,-140.0,normal,0.0,0.17414813580092678,0.165477748270388
box_height,45.0,50.0,-150.0,-140.0,normal,0.0,0.0714491794952603,0.09103330859431515
miss_detection,45.0,50.0,-140.0,-130.0,constant,0.4,,
distal,45.0,50.0,-140.0,-130.0,normal,0.0,0.24733600726305763,0.29352764347698806
perpendicular,45.0,50.0,-140.0,-130.0,normal,0.0,0.15035767357905866,0.28754463351334253
height,45.0,50.0,-140.0,-130.0,normal,0.0,0.08507700820351252,0.11630669567320082
yaw,45.0,50.0,-140.0,-130.0,normal,0.0,0.07437822261379808,0.09685053030737636
width,45.0,50.0,-140.0,-130.0,normal,0.0,0.2335468109972982,0.31873059272766113
length,45.0,50.0,-140.0,-130.0,normal,0.0,0.04516458612079452,0.07828621069590251
box_height,45.0,50.0,-140.0,-130.0,normal,0.0,0.06628868081920732,0.09490399890475804
miss_detection,45.0,50.0,-130.0,-120.0,constant,0.7,,
distal,45.0,50.0,-130.0,-120.0,normal,0.0,0.20179098686384309,0.3060611875963275
perpendicular,45.0,50.0,-130.0,-120.0,normal,0.0,0.12509786555449937,0.33908449002923335
height,45.0,50.0,-130.0,-120.0,normal,0.0,0.08128531535071876,0.1412364443143209
yaw,45.0,50.0,-130.0,-120.0,normal,0.0,0.033404386117426674,0.060676509804634904
width,45.0,50.0,-130.0,-120.0,normal,0.0,0.25282799939573464,0.30017141501108807
length,45.0,50.0,-130.0,-120.0,normal,0.0,0.032098672148670945,0.04296666383743286
box_height,45.0,50.0,-130.0,-120.0,normal,0.0,0.03986206119345724,0.11940578619639079
miss_detection,45.0,50.0,-120.0,-110.0,constant,1.0,,
miss_detection,45.0,50.0,-110.0,-100.0,constant,1.0,,
miss_detection,45.0,50.0,-100.0,-90.0,constant,1.0,,
miss_detection,45.0,50.0,-90.0,-80.0,constant,1.0,,
miss_detection,45.0,50.0,-80.0,-70.0,constant,1.0,,
miss_detection,45.0,50.0,-70.0,-60.0,constant,1.0,,
miss_detection,45.0,50.0,-60.0,-50.0,constant,0.9622641509433962,,
distal,45.0,50.0,-60.0,-50.0,normal,0.0,0.004954849097519705,0.03534168386710786
perpendicular,45.0,50.0,-60.0,-50.0,normal,0.0,0.005427222781410529,0.04757534183528785
height,45.0,50.0,-60.0,-50.0,normal,0.0,0.06510770320892334,0.20806849002838135
yaw,45.0,50.0,-60.0,-50.0,normal,0.0,0.04177546501159668,0.19029879570007324
width,45.0,50.0,-60.0,-50.0,normal,0.0,0.07875776290893555,0.301727294921875
length,45.0,50.0,-60.0,-50.0,normal,0.0,0.011042237281799316,0.028434395790100098
box_height,45.0,50.0,-60.0,-50.0,normal,0.0,0.02158522605895996,0.03513169288635254
miss_detection,45.0,50.0,-50.0,-40.0,constant,0.5789473684210527,,
distal,45.0,50.0,-50.0,-40.0,normal,0.0,0.18955179662885024,0.406661759416743
perpendicular,45.0,50.0,-50.0,-40.0,normal,0.0,0.13410598788870723,0.23432949095234973
height,45.0,50.0,-50.0,-40.0,normal,0.0,0.03838245801456339,0.10305442661046982
yaw,45.0,50.0,-50.0,-40.0,normal,0.0,0.04096503091403722,0.0433630645275116
width,45.0,50.0,-50.0,-40.0,normal,0.0,0.1977703050289312,0.21460962295532227
length,45.0,50.0,-50.0,-40.0,normal,0.0,0.03912897425885536,0.03515364229679108
box_height,45.0,50.0,-50.0,-40.0,normal,0.0,0.04411275267807853,0.1503380388021469
miss_detection,45.0,50.0,-40.0,-30.0,constant,0.5,,
distal,45.0,50.0,-40.0,-30.0,normal,0.0,0.07457887629705542,0.26437889667485215
perpendicular,45.0,50.0,-40.0,-30.0,normal,0.0,0.13186627625268657,0.14092594345648965
height,45.0,50.0,-40.0,-30.0,normal,0.0,0.10716082083975265,0.2099528710047404
yaw,45.0,50.0,-40.0,-30.0,normal,0.0,0.03272165018562649,0.054925194381350316
width,45.0,50.0,-40.0,-30.0,normal,0.0,0.33809810913715116,0.654420534769694
length,45.0,50.0,-40.0,-30.0,normal,0.0,0.06430736586346573,0.1157091458638509
box_height,45.0,50.0,-40.0,-30.0,normal,0.0,0.0740981728176325,0.14329771200815836
miss_detection,45.0,50.0,-30.0,-20.0,constant,0.7096774193548387,,
distal,45.0,50.0,-30.0,-20.0,normal,0.0,0.09403279829195141,0.13988103846756117
perpendicular,45.0,50.0,-30.0,-20.0,normal,0.0,0.09159338446235431,0.23856437792475738
height,45.0,50.0,-30.0,-20.0,normal,0.0,0.12280448214784764,0.17096004221174452
yaw,45.0,50.0,-30.0,-20.0,normal,0.0,0.0802356026780216,0.09936719636122386
width,45.0,50.0,-30.0,-20.0,normal,0.0,0.3465719715880575,0.36362261242336696
length,45.0,50.0,-30.0,-20.0,normal,0.0,0.10519141129219094,0.1308402485317654
box_height,45.0,50.0,-30.0,-20.0,normal,0.0,0.05490296268603232,0.13541950119866264
miss_detection,45.0,50.0,-20.0,-10.0,constant,0.6571428571428571,,
distal,45.0,50.0,-20.0,-10.0,normal,0.0,0.045490940245378426,0.08993738033980525
perpendicular,45.0,50.0,-20.0,-10.0,normal,0.0,0.07530892791415288,0.16505809211486397
height,45.0,50.0,-20.0,-10.0,normal,0.0,0.08032820061277561,0.11017834643522899
yaw,45.0,50.0,-20.0,-10.0,normal,0.0,0.04531860608915679,0.06024298974165454
width,45.0,50.0,-20.0,-10.0,normal,0.0,0.13393015586645488,0.2836707830429077
length,45.0,50.0,-20.0,-10.0,normal,0.0,0.124917927843424,0.14690270026524863
box_height,45.0,50.0,-20.0,-10.0,normal,0.0,0.08546283297695638,0.1105983555316925
miss_detection,45.0,50.0,-10.0,0.0,constant,0.45454545454545453,,
distal,45.0,50.0,-10.0,0.0,normal,0.0,0.20854479950589228,0.3326828952640706
perpendicular,45.0,50.0,-10.0,0.0,normal,0.0,0.0910591304537175,0.13520616656422466
height,45.0,50.0,-10.0,0.0,normal,0.0,0.08495645704346799,0.13730905092123782
yaw,45.0,50.0,-10.0,0.0,normal,0.0,0.07567809478192318,0.1016245679252968
width,45.0,50.0,-10.0,0.0,normal,0.0,0.3556631178303229,0.5739604776555841
length,45.0,50.0,-10.0,0.0,normal,0.0,0.15215388390360468,0.2110522064295682
box_height,45.0,50.0,-10.0,0.0,normal,0.0,0.1307914741480867,0.23481171781366522
miss_detection,45.0,50.0,0.0,10.0,constant,0.34523809523809523,,
distal,45.0,50.0,0.0,10.0,normal,0.0,0.14678910791327912,0.23118139582981018
perpendicular,45.0,50.0,0.0,10.0,normal,0.0,0.09706615641616857,0.11699032139349647
height,45.0,50.0,0.0,10.0,normal,0.0,0.10234724261554537,0.19603144309737466
yaw,45.0,50.0,0.0,10.0,normal,0.0,0.06285896860594949,0.09183787121923055
width,45.0,50.0,0.0,10.0,normal,0.0,0.318540173219551,0.5375267830761996
length,45.0,50.0,0.0,10.0,normal,0.0,0.07977749378482464,0.09439272338693792
box_height,45.0,50.0,0.0,10.0,normal,0.0,0.1631121550995516,0.1642585114999251
miss_detection,45.0,50.0,10.0,20.0,constant,0.323943661971831,,
distal,45.0,50.0,10.0,20.0,normal,0.0,0.2060174302545145,0.2277838591049377
perpendicular,45.0,50.0,10.0,20.0,normal,0.0,0.08667879308704894,0.12933227369689373
height,45.0,50.0,10.0,20.0,normal,0.0,0.12074887500796251,0.2024066336452961
yaw,45.0,50.0,10.0,20.0,normal,0.0,0.0578427090424422,0.07483365993835271
width,45.0,50.0,10.0,20.0,normal,0.0,0.4338156618697104,0.3889891803264618
length,45.0,50.0,10.0,20.0,normal,0.0,0.10679419283860522,0.16589720298846564
box_height,45.0,50.0,10.0,20.0,normal,0.0,0.16033188904467566,0.2543055887023608
miss_detection,45.0,50.0,20.0,30.0,constant,0.42105263157894735,,
distal,45.0,50.0,20.0,30.0,normal,0.0,0.162813390253933,0.25149706460803894
perpendicular,45.0,50.0,20.0,30.0,normal,0.0,0.12186613702319324,0.16736172493318033
height,45.0,50.0,20.0,30.0,normal,0.0,0.08853877690644513,0.12277003580873663
yaw,45.0,50.0,20.0,30.0,normal,0.0,0.050189277466428546,0.055363829242128855
width,45.0,50.0,20.0,30.0,normal,0.0,0.3048462265382139,0.4053810076280074
length,45.0,50.0,20.0,30.0,normal,0.0,0.11667665500589772,0.1595217910679904
box_height,45.0,50.0,20.0,30.0,normal,0.0,0.133356531829694,0.19041087952527133
miss_detection,45.0,50.0,30.0,40.0,constant,0.25925925925925924,,
distal,45.0,50.0,30.0,40.0,normal,0.0,0.12281812893463244,0.18152990083212378
perpendicular,45.0,50.0,30.0,40.0,normal,0.0,0.1414976308890963,0.16425180626668104
height,45.0,50.0,30.0,40.0,normal,0.0,0.08583340598678368,0.15383370816707612
yaw,45.0,50.0,30.0,40.0,normal,0.0,0.06461972828333946,0.06345333960009825
width,45.0,50.0,30.0,40.0,normal,0.0,0.2064062821663515,0.30333995819091797
length,45.0,50.0,30.0,40.0,normal,0.0,0.12187273176545305,0.18531253337860107
box_height,45.0,50.0,30.0,40.0,normal,0.0,0.11404310007911198,0.2067537248134613
miss_detection,45.0,50.0,40.0,50.0,constant,0.2153846153846154,,
distal,45.0,50.0,40.0,50.0,normal,0.0,0.11526578233354488,0.17928698365759635
perpendicular,45.0,50.0,40.0,50.0,normal,0.0,0.13567430799711927,0.17372588645029483
height,45.0,50.0,40.0,50.0,normal,0.0,0.08743474362637055,0.1162525590728311
yaw,45.0,50.0,40.0,50.0,normal,0.0,0.05972442726526975,0.10772920840002753
width,45.0,50.0,40.0,50.0,normal,0.0,0.27561323411617905,0.39348209605497475
length,45.0,50.0,40.0,50.0,normal,0.0,0.1805137554616518,0.2509624256807215
box_height,45.0,50.0,40.0,50.0,normal,0.0,0.09952082702068205,0.17246479847851923
miss_detection,45.0,50.0,50.0,60.0,constant,0.9320388349514563,,
distal,45.0,50.0,50.0,60.0,normal,0.0,0.20644130192705254,0.2258770792510834
perpendicular,45.0,50.0,50.0,60.0,normal,0.0,0.10660973363627194,0.19344389817568652
height,45.0,50.0,50.0,60.0,normal,0.0,0.05584289017292827,0.09824860947472709
yaw,45.0,50.0,50.0,60.0,normal,0.0,0.04752869895953816,0.07836831552528827
width,45.0,50.0,50.0,60.0,normal,0.0,0.15406089476504672,0.2425835473196847
length,45.0,50.0,50.0,60.0,normal,0.0,0.10904752753641708,0.1814626966203962
box_height,45.0,50.0,50.0,60.0,normal,0.0,0.04560107090788956,0.16514503955841064
miss_detection,45.0,50.0,60.0,70.0,constant,1.0,,
miss_detection,45.0,50.0,70.0,80.0,constant,1.0,,
miss_detection,45.0,50.0,80.0,90.0,constant,1.0,,
miss_detection,45.0,50.0,90.0,100.0,constant,1.0,,
miss_detection,45.0,50.0,100.0,110.0,constant,1.0,,
miss_detection,45.0,50.0,110.0,120.0,constant,1.0,,
miss_detection,45.0,50.0,120.0,130.0,constant,0.7407407407407407,,
distal,45.0,50.0,120.0,130.0,normal,0.0,0.11544249086913728,0.13159247321363934
perpendicular,45.0,50.0,120.0,130.0,normal,0.0,0.11545155042481542,0.15925267977964216
height,45.0,50.0,120.0,130.0,normal,0.0,0.0669757402035887,0.0974820043359484
yaw,45.0,50.0,120.0,130.0,normal,0.0,0.04685631530666828,0.07652305791833161
width,45.0,50.0,120.0,130.0,normal,0.0,0.18600578365824016,0.22915291786193848
length,45.0,50.0,120.0,130.0,normal,0.0,0.15118344837117656,0.16338816710880824
box_height,45.0,50.0,120.0,130.0,normal,0.0,0.11558250356579759,0.14087567159107753
miss_detection,45.0,50.0,130.0,140.0,constant,0.25925925925925924,,
distal,45.0,50.0,130.0,140.0,normal,0.0,0.11403571105699854,0.15167225074963564
perpendicular,45.0,50.0,130.0,140.0,normal,0.0,0.1160727081514269,0.16392143276177765
height,45.0,50.0,130.0,140.0,normal,0.0,0.10510697891994399,0.1436143174767494
yaw,45.0,50.0,130.0,140.0,normal,0.0,0.05697182322865342,0.06566601361996609
width,45.0,50.0,130.0,140.0,normal,0.0,0.15529538284842662,0.21749475002288818
length,45.0,50.0,130.0,140.0,normal,0.0,0.13449140540940185,0.21593062877655028
box_height,45.0,50.0,130.0,140.0,normal,0.0,0.10113789190489861,0.1740477591753006
miss_detection,45.0,50.0,140.0,150.0,constant,0.30337078651685395,,
distal,45.0,50.0,140.0,150.0,normal,0.0,0.12800664750687082,0.14403710796039362
perpendicular,45.0,50.0,140.0,150.0,normal,0.0,0.10284714919885378,0.12512797046592924
height,45.0,50.0,140.0,150.0,normal,0.0,0.09691590304815094,0.17744439648043725
yaw,45.0,50.0,140.0,150.0,normal,0.0,0.071246251974875,0.07308597243140162
width,45.0,50.0,140.0,150.0,normal,0.0,0.1930999661874388,0.26654371138541927
length,45.0,50.0,140.0,150.0,normal,0.0,0.15163593885081406,0.17499950432008313
box_height,45.0,50.0,140.0,150.0,normal,0.0,0.09107645290024301,0.1373728552172261
miss_detection,45.0,50.0,150.0,160.0,constant,0.39855072463768115,,
distal,45.0,50.0,150.0,160.0,normal,0.0,0.12812485236329152,0.1511884488924218
perpendicular,45.0,50.0,150.0,160.0,normal,0.0,0.15582303134385583,0.16082034100167825
height,45.0,50.0,150.0,160.0,normal,0.0,0.12124678432916275,0.15485361182546042
yaw,45.0,50.0,150.0,160.0,normal,0.0,0.09211828451127496,0.09868659371267925
width,45.0,50.0,150.0,160.0,normal,0.0,0.15474945575307059,0.21057238061744046
length,45.0,50.0,150.0,160.0,normal,0.0,0.08727318416390312,0.121321468468172
box_height,45.0,50.0,150.0,160.0,normal,0.0,0.09016744409889994,0.13175231433776488
miss_detection,45.0,50.0,160.0,170.0,constant,0.17406143344709898,,
distal,45.0,50.0,160.0,170.0,normal,0.0,0.13068051420145835,0.13763358037015158
perpendicular,45.0,50.0,160.0,170.0,normal,0.0,0.09625752019645593,0.1265709812087492
height,45.0,50.0,160.0,170.0,normal,0.0,0.09330033119248268,0.116326745876596
yaw,45.0,50.0,160.0,170.0,normal,0.0,0.063615968685758,0.059406079933582295
width,45.0,50.0,160.0,170.0,normal,0.0,0.2635336575141523,0.2470441938431795
length,45.0,50.0,160.0,170.0,normal,0.0,0.1305031874797808,0.18784489070088412
box_height,45.0,50.0,160.0,170.0,normal,0.0,0.1131130401360844,0.1608120735026588
miss_detection,45.0,50.0,170.0,180.0,constant,0.23605150214592274,,
distal,45.0,50.0,170.0,180.0,normal,0.0,0.16206089413326358,0.20079123182555672
perpendicular,45.0,50.0,170.0,180.0,normal,0.0,0.08409436292818469,0.1023858408867005
height,45.0,50.0,170.0,180.0,normal,0.0,0.10408018696226792,0.14810412653376548
yaw,45.0,50.0,170.0,180.0,normal,0.0,0.05786244155652476,0.0667772917902975
width,45.0,50.0,170.0,180.0,normal,0.0,0.2875307997991747,0.3085957734325852
length,45.0,50.0,170.0,180.0,normal,0.0,0.10134349338049614,0.1260408078240098
box_height,45.0,50.0,170.0,180.0,normal,0.0,0.11050519124381226,0.1508533168821299
miss_detection,50.0,55.0,-180.0,-170.0,constant,0.23051681706316654,,
distal,50.0,55.0,-180.0,-170.0,normal,0.0,0.15368300733962992,0.19952604966287282
perpendicular,50.0,55.0,-180.0,-170.0,normal,0.0,0.08827732927967344,0.10475491068046933
height,50.0,55.0,-180.0,-170.0,normal,0.0,0.12870173207368701,0.18396864968068055
yaw,50.0,55.0,-180.0,-170.0,normal,0.0,0.06986379512742948,0.08067455934422897
width,50.0,55.0,-180.0,-170.0,normal,0.0,0.2801950057314882,0.3270559155864756
length,50.0,55.0,-180.0,-170.0,normal,0.0,0.07695922141995039,0.0987618720607717
box_height,50.0,55.0,-180.0,-170.0,normal,0.0,0.14519395160644488,0.1916753670045816
miss_detection,50.0,55.0,-170.0,-160.0,constant,0.5486725663716814,,
distal,50.0,55.0,-170.0,-160.0,normal,0.0,0.10866822931144274,0.16368536875171288
perpendicular,50.0,55.0,-170.0,-160.0,normal,0.0,0.12061738004031537,0.14823767527069817
height,50.0,55.0,-170.0,-160.0,normal,0.0,0.10417938834740226,0.2087878093999975
yaw,50.0,55.0,-170.0,-160.0,normal,0.0,0.049626688022633425,0.06261248051894445
width,50.0,55.0,-170.0,-160.0,normal,0.0,0.25350097834465685,0.29478174097397747
length,50.0,55.0,-170.0,-160.0,normal,0.0,0.1061515380013721,0.14582506348105037
box_height,50.0,55.0,-170.0,-160.0,normal,0.0,0.19317713659867172,0.20672342590257234
miss_detection,50.0,55.0,-160.0,-150.0,constant,0.723404255319149,,
distal,50.0,55.0,-160.0,-150.0,normal,0.0,0.12073774250163034,0.18670572526444176
perpendicular,50.0,55.0,-160.0,-150.0,normal,0.0,0.12281712818684416,0.1700474458131781
height,50.0,55.0,-160.0,-150.0,normal,0.0,0.10294213720762414,0.14160440059808585
yaw,50.0,55.0,-160.0,-150.0,normal,0.0,0.03527400192432236,0.043102262245741554
width,50.0,55.0,-160.0,-150.0,normal,0.0,0.15675224707528945,0.38447123307448167
length,50.0,55.0,-160.0,-150.0,normal,0.0,0.18554696854501115,0.3400714947627141
box_height,50.0,55.0,-160.0,-150.0,normal,0.0,0.08470969472394115,0.11462120826427753
miss_detection,50.0,55.0,-150.0,-140.0,constant,0.7741935483870968,,
distal,50.0,55.0,-150.0,-140.0,normal,0.0,0.12055547578697233,0.19604442719498433
perpendicular,50.0,55.0,-150.0,-140.0,normal,0.0,0.11120616971367098,0.15242925600175875
height,50.0,55.0,-150.0,-140.0,normal,0.0,0.11741182272604526,0.14098531007766724
yaw,50.0,55.0,-150.0,-140.0,normal,0.0,0.09841534607441504,0.11799132823944092
width,50.0,55.0,-150.0,-140.0,normal,0.0,0.11143370932624834,0.42043951579502653
length,50.0,55.0,-150.0,-140.0,normal,0.0,0.06463084356183871,0.1409998791558402
box_height,50.0,55.0,-150.0,-140.0,normal,0.0,0.045033422812092154,0.07602666105542864
miss_detection,50.0,55.0,-140.0,-130.0,constant,0.6428571428571429,,
distal,50.0,55.0,-140.0,-130.0,normal,0.0,0.22477655906217014,0.22780676841583522
perpendicular,50.0,55.0,-140.0,-130.0,normal,0.0,0.09906500296488456,0.24331456096031495
height,50.0,55.0,-140.0,-130.0,normal,0.0,0.1139437521816651,0.18002707362174988
yaw,50.0,55.0,-140.0,-130.0,normal,0.0,0.04991033793315378,0.06938148498456123
width,50.0,55.0,-140.0,-130.0,normal,0.0,0.19714386467357667,0.29466345310211184
length,50.0,55.0,-140.0,-130.0,normal,0.0,0.05102742232318549,0.08563739061355591
box_height,50.0,55.0,-140.0,-130.0,normal,0.0,0.10650750686785804,0.16312042474746705
miss_detection,50.0,55.0,-130.0,-120.0,constant,1.0,,
miss_detection,50.0,55.0,-120.0,-110.0,constant,1.0,,
miss_detection,50.0,55.0,-110.0,-100.0,constant,1.0,,
miss_detection,50.0,55.0,-100.0,-90.0,constant,1.0,,
miss_detection,50.0,55.0,-90.0,-80.0,constant,1.0,,
miss_detection,50.0,55.0,-80.0,-70.0,constant,1.0,,
miss_detection,50.0,55.0,-70.0,-60.0,constant,1.0,,
miss_detection,50.0,55.0,-60.0,-50.0,constant,1.0,,
miss_detection,50.0,55.0,-50.0,-40.0,constant,0.7142857142857143,,
distal,50.0,55.0,-50.0,-40.0,normal,0.0,0.09823839100557374,0.3239205073159936
perpendicular,50.0,55.0,-50.0,-40.0,normal,0.0,0.18947607588313722,0.36480190763132614
height,50.0,55.0,-50.0,-40.0,normal,0.0,0.10864800156098678,0.18641231954097748
yaw,50.0,55.0,-50.0,-40.0,normal,0.0,0.01181024940265093,0.054791390895843506
width,50.0,55.0,-50.0,-40.0,normal,0.0,0.12543868389136612,0.2721625566482544
length,50.0,55.0,-50.0,-40.0,normal,0.0,0.027482594902742623,0.057474225759506226
box_height,50.0,55.0,-50.0,-40.0,normal,0.0,0.08308665583873423,0.14228752255439758
miss_detection,50.0,55.0,-40.0,-30.0,constant,0.4444444444444444,,
distal,50.0,55.0,-40.0,-30.0,normal,0.0,0.13870192034037068,0.25400192805254923
perpendicular,50.0,55.0,-40.0,-30.0,normal,0.0,0.1598222269366718,0.18929491493532286
height,50.0,55.0,-40.0,-30.0,normal,0.0,0.09896800646725618,0.1701873540878296
yaw,50.0,55.0,-40.0,-30.0,normal,0.0,0.04477182043239742,0.10512134432792664
width,50.0,55.0,-40.0,-30.0,normal,0.0,0.41306704138269645,0.40379838943481444
length,50.0,55.0,-40.0,-30.0,normal,0.0,0.0629850955869646,0.084468674659729
box_height,50.0,55.0,-40.0,-30.0,normal,0.0,0.05125058757317373,0.2023292064666748
miss_detection,50.0,55.0,-30.0,-20.0,constant,1.0,,
miss_detection,50.0,55.0,-20.0,-10.0,constant,0.8076923076923077,,
distal,50.0,55.0,-20.0,-10.0,normal,0.0,0.08169519063759091,0.09709129452519531
perpendicular,50.0,55.0,-20.0,-10.0,normal,0.0,0.2358576231651622,0.40699262561700794
height,50.0,55.0,-20.0,-10.0,normal,0.0,0.09762752763113838,0.10610369443893433
yaw,50.0,55.0,-20.0,-10.0,normal,0.0,0.07176763285514948,0.11194777488708496
width,50.0,55.0,-20.0,-10.0,normal,0.0,0.05012226673471462,0.2574312210083008
length,50.0,55.0,-20.0,-10.0,normal,0.0,0.0739436619895504,0.16262538433074952
box_height,50.0,55.0,-20.0,-10.0,normal,0.0,0.09869279097352636,0.16141831874847412
miss_detection,50.0,55.0,-10.0,0.0,constant,0.646551724137931,,
distal,50.0,55.0,-10.0,0.0,normal,0.0,0.11531766324982604,0.20859992742419686
perpendicular,50.0,55.0,-10.0,0.0,normal,0.0,0.09894911495164399,0.17324763888441827
height,50.0,55.0,-10.0,0.0,normal,0.0,0.09037092203567385,0.15599731410421977
yaw,50.0,55.0,-10.0,0.0,normal,0.0,0.0664623305708664,0.12970868595762225
width,50.0,55.0,-10.0,0.0,normal,0.0,0.12144057458018517,0.4632341047612632
length,50.0,55.0,-10.0,0.0,normal,0.0,0.07134300053497614,0.3243824127243786
box_height,50.0,55.0,-10.0,0.0,normal,0.0,0.0592853561497914,0.15399881688559927
miss_detection,50.0,55.0,0.0,10.0,constant,0.445859872611465,,
distal,50.0,55.0,0.0,10.0,normal,0.0,0.16431110574341173,0.20432248741724857
perpendicular,50.0,55.0,0.0,10.0,normal,0.0,0.09103825892872408,0.12330370423610504
height,50.0,55.0,0.0,10.0,normal,0.0,0.10534543365575946,0.19081582009107217
yaw,50.0,55.0,0.0,10.0,normal,0.0,0.07448989825125325,0.09071858959587217
width,50.0,55.0,0.0,10.0,normal,0.0,0.3451482297398864,0.370733058315584
length,50.0,55.0,0.0,10.0,normal,0.0,0.09039688970398602,0.1431044257920364
box_height,50.0,55.0,0.0,10.0,normal,0.0,0.19262758780608438,0.2783833207755253
miss_detection,50.0,55.0,10.0,20.0,constant,0.43333333333333335,,
distal,50.0,55.0,10.0,20.0,normal,0.0,0.2226662341517598,0.3411958545029621
perpendicular,50.0,55.0,10.0,20.0,normal,0.0,0.10677141016998123,0.1154882227083924
height,50.0,55.0,10.0,20.0,normal,0.0,0.10485852617496903,0.15089508014566758
yaw,50.0,55.0,10.0,20.0,normal,0.0,0.03425978622674571,0.05585168690308356
width,50.0,55.0,10.0,20.0,normal,0.0,0.5198573088598654,0.6984357272877413
length,50.0,55.0,10.0,20.0,normal,0.0,0.07007535195605881,0.13256987403420842
box_height,50.0,55.0,10.0,20.0,normal,0.0,0.1573605119919116,0.23292397751527674
miss_detection,50.0,55.0,20.0,30.0,constant,0.4166666666666667,,
distal,50.0,55.0,20.0,30.0,normal,0.0,0.13543106763086246,0.26889159400915397
perpendicular,50.0,55.0,20.0,30.0,normal,0.0,0.03816422164264222,0.07593063898822937
height,50.0,55.0,20.0,30.0,normal,0.0,0.07908655407560126,0.1374839288847787
yaw,50.0,55.0,20.0,30.0,normal,0.0,0.028978614781555112,0.04832719840249108
width,50.0,55.0,20.0,30.0,normal,0.0,0.12889465910213294,0.2721202714102609
length,50.0,55.0,20.0,30.0,normal,0.0,0.08706204488308979,0.1689694438661848
box_height,50.0,55.0,20.0,30.0,normal,0.0,0.1457728455711252,0.1512968029294695
miss_detection,50.0,55.0,30.0,40.0,constant,0.6190476190476191,,
distal,50.0,55.0,30.0,40.0,normal,0.0,0.10358526808557766,0.18727635555454464
perpendicular,50.0,55.0,30.0,40.0,normal,0.0,0.08488119034636,0.1360845557033901
height,50.0,55.0,30.0,40.0,normal,0.0,0.11178827343396598,0.20294266939163208
yaw,50.0,55.0,30.0,40.0,normal,0.0,0.03614312237344746,0.0529915576031188
width,50.0,55.0,30.0,40.0,normal,0.0,0.23751256862184394,0.22324174642562866
length,50.0,55.0,30.0,40.0,normal,0.0,0.19233791759338167,0.22508390247821808
box_height,50.0,55.0,30.0,40.0,normal,0.0,0.14278154270772014,0.22242191433906555
miss_detection,50.0,55.0,40.0,50.0,constant,0.84,,
distal,50.0,55.0,40.0,50.0,normal,0.0,0.10324295571325973,0.1614487209463512
perpendicular,50.0,55.0,40.0,50.0,normal,0.0,0.04450313364943802,0.12608388881529262
height,50.0,55.0,40.0,50.0,normal,0.0,0.09382638523802052,0.1460687220096588
yaw,50.0,55.0,40.0,50.0,normal,0.0,0.033470099556356166,0.05739197333390322
width,50.0,55.0,40.0,50.0,normal,0.0,0.17588166246951384,0.33802902698516846
length,50.0,55.0,40.0,50.0,normal,0.0,0.09554041500148988,0.10167568922042847
box_height,50.0,55.0,40.0,50.0,normal,0.0,0.04926728279199148,0.20557403564453125
miss_detection,50.0,55.0,50.0,60.0,constant,1.0,,
miss_detection,50.0,55.0,60.0,70.0,constant,1.0,,
miss_detection,50.0,55.0,70.0,80.0,constant,1.0,,
miss_detection,50.0,55.0,80.0,90.0,constant,1.0,,
miss_detection,50.0,55.0,90.0,100.0,constant,1.0,,
miss_detection,50.0,55.0,100.0,110.0,constant,1.0,,
miss_detection,50.0,55.0,110.0,120.0,constant,1.0,,
miss_detection,50.0,55.0,120.0,130.0,constant,1.0,,
miss_detection,50.0,55.0,130.0,140.0,constant,0.5625,,
distal,50.0,55.0,130.0,140.0,normal,0.0,0.10188097318985374,0.18151607663453806
perpendicular,50.0,55.0,130.0,140.0,normal,0.0,0.09761664488052606,0.16307636725819177
height,50.0,55.0,130.0,140.0,normal,0.0,0.09259747227936432,0.1379022811140333
yaw,50.0,55.0,130.0,140.0,normal,0.0,0.0968586629147676,0.08847697277882638
width,50.0,55.0,130.0,140.0,normal,0.0,0.20355184030376683,0.37670717920575825
length,50.0,55.0,130.0,140.0,normal,0.0,0.14410867450599432,0.30220662696020945
box_height,50.0,55.0,130.0,140.0,normal,0.0,0.1307510749839907,0.23671738590512956
miss_detection,50.0,55.0,140.0,150.0,constant,0.37142857142857144,,
distal,50.0,55.0,140.0,150.0,normal,0.0,0.10902806302567065,0.15418251061065602
perpendicular,50.0,55.0,140.0,150.0,normal,0.0,0.11841616956140623,0.12754940495180855
height,50.0,55.0,140.0,150.0,normal,0.0,0.10334006655955258,0.18771060082045468
yaw,50.0,55.0,140.0,150.0,normal,0.0,0.09893436136027775,0.09551166754638775
width,50.0,55.0,140.0,150.0,normal,0.0,0.27271587523184215,0.3070774403485385
length,50.0,55.0,140.0,150.0,normal,0.0,0.2385301300576365,0.2329774038358168
box_height,50.0,55.0,140.0,150.0,normal,0.0,0.12618574168754754,0.17535473270849747
miss_detection,50.0,55.0,150.0,160.0,constant,0.3805309734513274,,
distal,50.0,55.0,150.0,160.0,normal,0.0,0.14315334794042214,0.17515687976439487
perpendicular,50.0,55.0,150.0,160.0,normal,0.0,0.1544420832822624,0.14204854696594782
height,50.0,55.0,150.0,160.0,normal,0.0,0.10387368470285914,0.1546380741255624
yaw,50.0,55.0,150.0,160.0,normal,0.0,0.08408628955934595,0.08557142255730556
width,50.0,55.0,150.0,160.0,normal,0.0,0.21319918150607617,0.2826291697365897
length,50.0,55.0,150.0,160.0,normal,0.0,0.09551574033415508,0.11288741145815168
box_height,50.0,55.0,150.0,160.0,normal,0.0,0.091214635654499,0.13740874699183872
miss_detection,50.0,55.0,160.0,170.0,constant,0.23255813953488372,,
distal,50.0,55.0,160.0,170.0,normal,0.0,0.1310074188006749,0.16771443620520965
perpendicular,50.0,55.0,160.0,170.0,normal,0.0,0.11941187844812007,0.14402598330601643
height,50.0,55.0,160.0,170.0,normal,0.0,0.09654361738671705,0.15191756279179544
yaw,50.0,55.0,160.0,170.0,normal,0.0,0.07528419571652399,0.08633369425453231
width,50.0,55.0,160.0,170.0,normal,0.0,0.25424249603254084,0.3095781080650561
length,50.0,55.0,160.0,170.0,normal,0.0,0.1399151925010848,0.19317671385678378
box_height,50.0,55.0,160.0,170.0,normal,0.0,0.14317380653540063,0.16428674080155112
miss_detection,50.0,55.0,170.0,180.0,constant,0.21476510067114093,,
distal,50.0,55.0,170.0,180.0,normal,0.0,0.15832673634243202,0.20514501543429484
perpendicular,50.0,55.0,170.0,180.0,normal,0.0,0.09514345929684642,0.11475158868014615
height,50.0,55.0,170.0,180.0,normal,0.0,0.10302162533418663,0.1600759140191934
yaw,50.0,55.0,170.0,180.0,normal,0.0,0.06909498060439385,0.07871405574207997
width,50.0,55.0,170.0,180.0,normal,0.0,0.2734432886712812,0.3334881495206784
length,50.0,55.0,170.0,180.0,normal,0.0,0.10329669774865076,0.10852856411893144
box_height,50.0,55.0,170.0,180.0,normal,0.0,0.11894087420695171,0.1598372889889611
miss_detection,55.0,60.0,-180.0,-170.0,constant,0.26295336787564766,,
distal,55.0,60.0,-180.0,-170.0,normal,0.0,0.16961741302852482,0.23519475912183394
perpendicular,55.0,60.0,-180.0,-170.0,normal,0.0,0.08644946120595663,0.10186726804815281
height,55.0,60.0,-180.0,-170.0,normal,0.0,0.13478618716493762,0.1615990906272915
yaw,55.0,60.0,-180.0,-170.0,normal,0.0,0.06601480283266344,0.07681889946020891
width,55.0,60.0,-180.0,-170.0,normal,0.0,0.28857644205906285,0.4601538675740649
length,55.0,60.0,-180.0,-170.0,normal,0.0,0.09292876482842703,0.11729709293385591
box_height,55.0,60.0,-180.0,-170.0,normal,0.0,0.17481463826790572,0.1911147405476897
miss_detection,55.0,60.0,-170.0,-160.0,constant,0.6363636363636364,,
distal,55.0,60.0,-170.0,-160.0,normal,0.0,0.07929610757178075,0.14743390335022608
perpendicular,55.0,60.0,-170.0,-160.0,normal,0.0,0.1567235754171912,0.1707054365426018
height,55.0,60.0,-170.0,-160.0,normal,0.0,0.09125854332110868,0.26194627086321515
yaw,55.0,60.0,-170.0,-160.0,normal,0.0,0.09459384330014935,0.09299605524089809
width,55.0,60.0,-170.0,-160.0,normal,0.0,0.21796368103854297,0.264124592145284
length,55.0,60.0,-170.0,-160.0,normal,0.0,0.10801300954992829,0.1842501014471054
box_height,55.0,60.0,-170.0,-160.0,normal,0.0,0.11822005020731512,0.15725881854693094
miss_detection,55.0,60.0,-160.0,-150.0,constant,0.7608695652173914,,
distal,55.0,60.0,-160.0,-150.0,normal,0.0,0.1253666996218605,0.22955029171607774
perpendicular,55.0,60.0,-160.0,-150.0,normal,0.0,0.13612815364570832,0.2626828425524478
height,55.0,60.0,-160.0,-150.0,normal,0.0,0.1032637519512689,0.11587275158275258
yaw,55.0,60.0,-160.0,-150.0,normal,0.0,0.07014794790542266,0.09639264796695457
width,55.0,60.0,-160.0,-150.0,normal,0.0,0.1690859857290923,0.3041950139132413
length,55.0,60.0,-160.0,-150.0,normal,0.0,0.1894590577380942,0.31142050569707697
box_height,55.0,60.0,-160.0,-150.0,normal,0.0,0.3087549663242512,0.381011811169711
miss_detection,55.0,60.0,-150.0,-140.0,constant,0.5238095238095238,,
distal,55.0,60.0,-150.0,-140.0,normal,0.0,0.1811928600140395,0.27245986909804343
perpendicular,55.0,60.0,-150.0,-140.0,normal,0.0,0.07670832726654461,0.19435947237263104
height,55.0,60.0,-150.0,-140.0,normal,0.0,0.07591478572909138,0.15892550349235535
yaw,55.0,60.0,-150.0,-140.0,normal,0.0,0.09512966609334843,0.10715585152176424
width,55.0,60.0,-150.0,-140.0,normal,0.0,0.2562607688865165,0.3486322402954102
length,55.0,60.0,-150.0,-140.0,normal,0.0,0.2072097736932355,0.2850975513458252
box_height,55.0,60.0,-150.0,-140.0,normal,0.0,0.22794444921672788,0.22399379014968873
miss_detection,55.0,60.0,-140.0,-130.0,constant,0.9411764705882353,,
distal,55.0,60.0,-140.0,-130.0,normal,0.0,0.03430771956186834,0.1939325860188968
perpendicular,55.0,60.0,-140.0,-130.0,normal,0.0,0.07220512979273618,0.31355978637953574
height,55.0,60.0,-140.0,-130.0,normal,0.0,0.12275576591491699,0.1517493724822998
yaw,55.0,60.0,-140.0,-130.0,normal,0.0,0.02325242757797256,0.21542963584000674
width,55.0,60.0,-140.0,-130.0,normal,0.0,0.03339576721191406,0.35783982276916504
length,55.0,60.0,-140.0,-130.0,normal,0.0,0.010427355766296387,0.12088191509246826
box_height,55.0,60.0,-140.0,-130.0,normal,0.0,0.023517131805419922,0.2630472183227539
miss_detection,55.0,60.0,-130.0,-120.0,constant,1.0,,
miss_detection,55.0,60.0,-120.0,-110.0,constant,1.0,,
miss_detection,55.0,60.0,-110.0,-100.0,constant,1.0,,
miss_detection,55.0,60.0,-100.0,-90.0,constant,1.0,,
miss_detection,55.0,60.0,-90.0,-80.0,constant,1.0,,
miss_detection,55.0,60.0,-80.0,-70.0,constant,1.0,,
miss_detection,55.0,60.0,-70.0,-60.0,constant,1.0,,
miss_detection,55.0,60.0,-60.0,-50.0,constant,1.0,,
miss_detection,55.0,60.0,-50.0,-40.0,constant,0.8888888888888888,,
miss_detection,55.0,60.0,-40.0,-30.0,constant,0.75,,
miss_detection,55.0,60.0,-30.0,-20.0,constant,1.0,,
miss_detection,55.0,60.0,-20.0,-10.0,constant,0.8846153846153846,,
distal,55.0,60.0,-20.0,-10.0,normal,0.0,0.12588249965306308,0.20569961097922795
perpendicular,55.0,60.0,-20.0,-10.0,normal,0.0,0.17247552808711988,0.3544685587746534
height,55.0,60.0,-20.0,-10.0,normal,0.0,0.018861548653976656,0.21763980388641357
yaw,55.0,60.0,-20.0,-10.0,normal,0.0,0.016489631718011898,0.01706230640411377
width,55.0,60.0,-20.0,-10.0,normal,0.0,0.03222098084581156,0.4529584248860677
length,55.0,60.0,-20.0,-10.0,normal,0.0,0.024241321524729558,0.2139955759048462
box_height,55.0,60.0,-20.0,-10.0,normal,0.0,0.01067407231332509,0.12803912162780762
miss_detection,55.0,60.0,-10.0,0.0,constant,1.0,,
miss_detection,55.0,60.0,0.0,10.0,constant,0.575,,
distal,55.0,60.0,0.0,10.0,normal,0.0,0.20703821629094873,0.2778818625831554
perpendicular,55.0,60.0,0.0,10.0,normal,0.0,0.07811420318475033,0.09763089850572759
height,55.0,60.0,0.0,10.0,normal,0.0,0.09513230285151424,0.24305707450006522
yaw,55.0,60.0,0.0,10.0,normal,0.0,0.03821854393179937,0.0527217764971484
width,55.0,60.0,0.0,10.0,normal,0.0,0.45511561018084246,0.5343069749719956
length,55.0,60.0,0.0,10.0,normal,0.0,0.055737259341640324,0.09665845889671176
box_height,55.0,60.0,0.0,10.0,normal,0.0,0.23590431339837994,0.35411332401574824
miss_detection,55.0,60.0,10.0,20.0,constant,0.3888888888888889,,
distal,55.0,60.0,10.0,20.0,normal,0.0,0.27105450275737086,0.3324362489678231
perpendicular,55.0,60.0,10.0,20.0,normal,0.0,0.07250411579850409,0.15179991816592137
height,55.0,60.0,10.0,20.0,normal,0.0,0.09191822026914927,0.19704792716286398
yaw,55.0,60.0,10.0,20.0,normal,0.0,0.028957159325406507,0.05536631416724382
width,55.0,60.0,10.0,20.0,normal,0.0,0.5340996369195891,0.6207197796214711
length,55.0,60.0,10.0,20.0,normal,0.0,0.05166467775420683,0.14030113003470682
box_height,55.0,60.0,10.0,20.0,normal,0.0,0.09465571295086801,0.17152697389776056
miss_detection,55.0,60.0,20.0,30.0,constant,0.0,,
distal,55.0,60.0,20.0,30.0,normal,0.0,0.07501791248935993,0.310997620995913
perpendicular,55.0,60.0,20.0,30.0,normal,0.0,0.03255568463240297,0.0395008141970511
height,55.0,60.0,20.0,30.0,normal,0.0,0.06494708170955955,0.07541780173778534
yaw,55.0,60.0,20.0,30.0,normal,0.0,0.04912013463129416,0.07212457602401479
width,55.0,60.0,20.0,30.0,normal,0.0,0.359097479118217,0.5715864896774292
length,55.0,60.0,20.0,30.0,normal,0.0,0.1967981837730853,0.3206867277622223
box_height,55.0,60.0,20.0,30.0,normal,0.0,0.12031904399969537,0.27423444390296936
miss_detection,55.0,60.0,30.0,40.0,constant,0.6666666666666666,,
distal,55.0,60.0,30.0,40.0,normal,0.0,0.10937532760503976,0.2761714789688544
perpendicular,55.0,60.0,30.0,40.0,normal,0.0,0.07327384553109273,0.09802193185932623
height,55.0,60.0,30.0,40.0,normal,0.0,0.05600307683362109,0.06737421751022339
yaw,55.0,60.0,30.0,40.0,normal,0.0,0.03517837358543578,0.03550171653693113
width,55.0,60.0,30.0,40.0,normal,0.0,0.3834613157068267,0.44476900100708006
length,55.0,60.0,30.0,40.0,normal,0.0,0.20642509799992279,0.29603354930877684
box_height,55.0,60.0,30.0,40.0,normal,0.0,0.1928198252493288,0.18876898288726807
miss_detection,55.0,60.0,40.0,50.0,constant,1.0,,
miss_detection,55.0,60.0,50.0,60.0,constant,1.0,,
miss_detection,55.0,60.0,60.0,70.0,constant,1.0,,
miss_detection,55.0,60.0,70.0,80.0,constant,1.0,,
miss_detection,55.0,60.0,80.0,90.0,constant,1.0,,
miss_detection,55.0,60.0,90.0,100.0,constant,1.0,,
miss_detection,55.0,60.0,100.0,110.0,constant,1.0,,
miss_detection,55.0,60.0,110.0,120.0,constant,1.0,,
miss_detection,55.0,60.0,120.0,130.0,constant,1.0,,
miss_detection,55.0,60.0,130.0,140.0,constant,0.7916666666666666,,
distal,55.0,60.0,130.0,140.0,normal,0.0,0.12755673835207165,0.16750165513316595
perpendicular,55.0,60.0,130.0,140.0,normal,0.0,0.15835085050451253,0.19740816912723513
height,55.0,60.0,130.0,140.0,normal,0.0,0.06684407160844004,0.11159602403640748
yaw,55.0,60.0,130.0,140.0,normal,0.0,0.06393330352587366,0.11729650934748008
width,55.0,60.0,130.0,140.0,normal,0.0,0.10998813308847039,0.11916770935058593
length,55.0,60.0,130.0,140.0,normal,0.0,0.05005216674196096,0.11403863430023194
box_height,55.0,60.0,130.0,140.0,normal,0.0,0.11060891495783706,0.1489760160446167
miss_detection,55.0,60.0,140.0,150.0,constant,0.425,,
distal,55.0,60.0,140.0,150.0,normal,0.0,0.1099651826530559,0.14668341366774496
perpendicular,55.0,60.0,140.0,150.0,normal,0.0,0.07157604428375126,0.08911007576897637
height,55.0,60.0,140.0,150.0,normal,0.0,0.07454320051100281,0.19521256115125574
yaw,55.0,60.0,140.0,150.0,normal,0.0,0.04722520424248072,0.0801472764097802
width,55.0,60.0,140.0,150.0,normal,0.0,0.19904931291865122,0.2619044262429942
length,55.0,60.0,140.0,150.0,normal,0.0,0.17910207505567377,0.21740446401678998
box_height,55.0,60.0,140.0,150.0,normal,0.0,0.1529851032428431,0.1952023817145306
miss_detection,55.0,60.0,150.0,160.0,constant,0.37362637362637363,,
distal,55.0,60.0,150.0,160.0,normal,0.0,0.13720268148963896,0.18369878123323014
perpendicular,55.0,60.0,150.0,160.0,normal,0.0,0.16056005458742892,0.18450797375307626
height,55.0,60.0,150.0,160.0,normal,0.0,0.11941454695987018,0.1751390026326765
yaw,55.0,60.0,150.0,160.0,normal,0.0,0.0962606130143515,0.1136819194973237
width,55.0,60.0,150.0,160.0,normal,0.0,0.29754170025171023,0.34081347365128367
length,55.0,60.0,150.0,160.0,normal,0.0,0.10425038828854774,0.1325446513661167
box_height,55.0,60.0,150.0,160.0,normal,0.0,0.10204061280389329,0.189857378340604
miss_detection,55.0,60.0,160.0,170.0,constant,0.21428571428571427,,
distal,55.0,60.0,160.0,170.0,normal,0.0,0.10670022838686563,0.1158604753973087
perpendicular,55.0,60.0,160.0,170.0,normal,0.0,0.1678657964900346,0.24330667333277328
height,55.0,60.0,160.0,170.0,normal,0.0,0.0861029312493859,0.12163853137330576
yaw,55.0,60.0,160.0,170.0,normal,0.0,0.08242555003714672,0.1066495558773048
width,55.0,60.0,160.0,170.0,normal,0.0,0.13516719264170093,0.27415196191180835
length,55.0,60.0,160.0,170.0,normal,0.0,0.12871985399149288,0.24226843565702438
box_height,55.0,60.0,160.0,170.0,normal,0.0,0.10613055569578696,0.11642693863673644
miss_detection,55.0,60.0,170.0,180.0,constant,0.27565392354124746,,
distal,55.0,60.0,170.0,180.0,normal,0.0,0.1644806864018718,0.22966954167574677
perpendicular,55.0,60.0,170.0,180.0,normal,0.0,0.11258403992185267,0.13779349197842308
height,55.0,60.0,170.0,180.0,normal,0.0,0.11000186636160204,0.14813919282621807
yaw,55.0,60.0,170.0,180.0,normal,0.0,0.08682495646478246,0.09201721340090481
width,55.0,60.0,170.0,180.0,normal,0.0,0.28338801340767333,0.37210975355572173
length,55.0,60.0,170.0,180.0,normal,0.0,0.1145269275113525,0.14029279152552288
box_height,55.0,60.0,170.0,180.0,normal,0.0,0.11811403893244962,0.17990284396542444
miss_detection,60.0,65.0,-180.0,-170.0,constant,0.3442622950819672,,
distal,60.0,65.0,-180.0,-170.0,normal,0.0,0.15105076699047906,0.1713760711467559
perpendicular,60.0,65.0,-180.0,-170.0,normal,0.0,0.10516117933295813,0.1264312360495777
height,60.0,65.0,-180.0,-170.0,normal,0.0,0.10891883486546056,0.14641224533319475
yaw,60.0,65.0,-180.0,-170.0,normal,0.0,0.0631365268897911,0.08888414826239341
width,60.0,65.0,-180.0,-170.0,normal,0.0,0.2517790392579986,0.3244484341144562
length,60.0,65.0,-180.0,-170.0,normal,0.0,0.062236397605995,0.12012480437755585
box_height,60.0,65.0,-180.0,-170.0,normal,0.0,0.11781360214258099,0.14671450436115266
miss_detection,60.0,65.0,-170.0,-160.0,constant,0.7213114754098361,,
distal,60.0,65.0,-170.0,-160.0,normal,0.0,0.13228801070971669,0.12900250831246604
perpendicular,60.0,65.0,-170.0,-160.0,normal,0.0,0.11576516276390042,0.13195411305870097
height,60.0,65.0,-170.0,-160.0,normal,0.0,0.10629312018767921,0.30787784211775837
yaw,60.0,65.0,-170.0,-160.0,normal,0.0,0.07187514177453165,0.08428686494936265
width,60.0,65.0,-170.0,-160.0,normal,0.0,0.21892637745423948,0.22264494615442612
length,60.0,65.0,-170.0,-160.0,normal,0.0,0.09587439712298568,0.15967385909136603
box_height,60.0,65.0,-170.0,-160.0,normal,0.0,0.09375737955868475,0.1563271213980282
miss_detection,60.0,65.0,-160.0,-150.0,constant,0.8275862068965517,,
distal,60.0,65.0,-160.0,-150.0,normal,0.0,0.11565092261961911,0.1258858099761396
perpendicular,60.0,65.0,-160.0,-150.0,normal,0.0,0.16494204173362098,0.2584975476085135
height,60.0,65.0,-160.0,-150.0,normal,0.0,0.1083021974245559,0.18597971200942992
yaw,60.0,65.0,-160.0,-150.0,normal,0.0,0.04589161086967263,0.0728921800851822
width,60.0,65.0,-160.0,-150.0,normal,0.0,0.1848161947564434,0.25407934188842773
length,60.0,65.0,-160.0,-150.0,normal,0.0,0.12496460181343416,0.16590700149536133
box_height,60.0,65.0,-160.0,-150.0,normal,0.0,0.12054765100582633,0.2500518083572388
miss_detection,60.0,65.0,-150.0,-140.0,constant,0.9166666666666666,,
distal,60.0,65.0,-150.0,-140.0,normal,0.0,0.0077939002099608,0.11525323588414113
perpendicular,60.0,65.0,-150.0,-140.0,normal,0.0,0.08291255579430624,0.1857852366656237
height,60.0,65.0,-150.0,-140.0,normal,0.0,0.0011408329010009766,0.42414283752441406
yaw,60.0,65.0,-150.0,-140.0,normal,0.0,0.006671130657196045,0.08698564767837524
width,60.0,65.0,-150.0,-140.0,normal,0.0,0.1361083984375,0.14992380142211914
length,60.0,65.0,-150.0,-140.0,normal,0.0,0.005956292152404785,0.12078559398651123
box_height,60.0,65.0,-150.0,-140.0,normal,0.0,0.0041882991790771484,0.04326891899108887
miss_detection,60.0,65.0,-140.0,-130.0,constant,1.0,,
miss_detection,60.0,65.0,-130.0,-120.0,constant,1.0,,
miss_detection,60.0,65.0,-120.0,-110.0,constant,1.0,,
miss_detection,60.0,65.0,-110.0,-100.0,constant,1.0,,
miss_detection,60.0,65.0,-100.0,-90.0,constant,1.0,,
miss_detection,60.0,65.0,-90.0,-80.0,constant,1.0,,
miss_detection,60.0,65.0,-80.0,-70.0,constant,1.0,,
miss_detection,60.0,65.0,-70.0,-60.0,constant,1.0,,
miss_detection,60.0,65.0,-60.0,-50.0,constant,1.0,,
miss_detection,60.0,65.0,-50.0,-40.0,constant,1.0,,
miss_detection,60.0,65.0,-40.0,-30.0,constant,1.0,,
miss_detection,60.0,65.0,-30.0,-20.0,constant,1.0,,
miss_detection,60.0,65.0,-20.0,-10.0,constant,0.9629629629629629,,
miss_detection,60.0,65.0,-10.0,0.0,constant,1.0,,
miss_detection,60.0,65.0,0.0,10.0,constant,0.7,,
distal,60.0,65.0,0.0,10.0,normal,0.0,0.14897236821723245,0.2033824109189736
perpendicular,60.0,65.0,0.0,10.0,normal,0.0,0.06866167125776391,0.10718770251186284
height,60.0,65.0,0.0,10.0,normal,0.0,0.11303367036365142,0.274307969543669
yaw,60.0,65.0,0.0,10.0,normal,0.0,0.032738445278839685,0.058297089404529996
width,60.0,65.0,0.0,10.0,normal,0.0,0.2772495008978343,0.3901982174979316
length,60.0,65.0,0.0,10.0,normal,0.0,0.07518288961487622,0.12879148456785414
box_height,60.0,65.0,0.0,10.0,normal,0.0,0.26123348665717455,0.26425497399436104
miss_detection,60.0,65.0,10.0,20.0,constant,0.9090909090909091,,
miss_detection,60.0,65.0,20.0,30.0,constant,0.75,,
distal,60.0,65.0,20.0,30.0,normal,0.0,0.04292281930823415,0.23131176230323705
perpendicular,60.0,65.0,20.0,30.0,normal,0.0,0.05656237766100194,0.10556670343052267
height,60.0,65.0,20.0,30.0,normal,0.0,0.09160494804382324,0.13279825448989868
yaw,60.0,65.0,20.0,30.0,normal,0.0,0.01820673188194632,0.08210394590208736
width,60.0,65.0,20.0,30.0,normal,0.0,0.2637007236480713,0.5035569667816162
length,60.0,65.0,20.0,30.0,normal,0.0,0.14973938465118408,0.34098756313323975
box_height,60.0,65.0,20.0,30.0,normal,0.0,0.1520158052444458,0.17803740501403809
miss_detection,60.0,65.0,30.0,40.0,constant,0.8,,
miss_detection,60.0,65.0,40.0,50.0,constant,1.0,,
miss_detection,60.0,65.0,50.0,60.0,constant,1.0,,
miss_detection,60.0,65.0,60.0,70.0,constant,1.0,,
miss_detection,60.0,65.0,70.0,80.0,constant,1.0,,
miss_detection,60.0,65.0,80.0,90.0,constant,1.0,,
miss_detection,60.0,65.0,90.0,100.0,constant,1.0,,
miss_detection,60.0,65.0,100.0,110.0,constant,1.0,,
miss_detection,60.0,65.0,110.0,120.0,constant,1.0,,
miss_detection,60.0,65.0,120.0,130.0,constant,1.0,,
miss_detection,60.0,65.0,130.0,140.0,constant,1.0,,
miss_detection,60.0,65.0,140.0,150.0,constant,0.6086956521739131,,
distal,60.0,65.0,140.0,150.0,normal,0.0,0.15802395397829466,0.16667309242126638
perpendicular,60.0,65.0,140.0,150.0,normal,0.0,0.09403646160655826,0.16463042539278236
height,60.0,65.0,140.0,150.0,normal,0.0,0.1019495981569393,0.1643561455938551
yaw,60.0,65.0,140.0,150.0,normal,0.0,0.05579691954144182,0.062126675735381554
width,60.0,65.0,140.0,150.0,normal,0.0,0.208270878896378,0.3179134792751736
length,60.0,65.0,140.0,150.0,normal,0.0,0.13799188583261782,0.1690276993645562
box_height,60.0,65.0,140.0,150.0,normal,0.0,0.11430626468643394,0.19120650821261936
miss_detection,60.0,65.0,150.0,160.0,constant,0.4606741573033708,,
distal,60.0,65.0,150.0,160.0,normal,0.0,0.11383604893633435,0.15707165360598643
perpendicular,60.0,65.0,150.0,160.0,normal,0.0,0.10812760736840236,0.14627584880032116
height,60.0,65.0,150.0,160.0,normal,0.0,0.09216700150800992,0.1472202055156231
yaw,60.0,65.0,150.0,160.0,normal,0.0,0.09169809777259008,0.10360248436885551
width,60.0,65.0,150.0,160.0,normal,0.0,0.2674917708194388,0.3437650998433431
length,60.0,65.0,150.0,160.0,normal,0.0,0.17499376092716135,0.18674949556589127
box_height,60.0,65.0,150.0,160.0,normal,0.0,0.08350310210464472,0.1862877532839775
miss_detection,60.0,65.0,160.0,170.0,constant,0.39285714285714285,,
distal,60.0,65.0,160.0,170.0,normal,0.0,0.16834951607928852,0.22596607186991693
perpendicular,60.0,65.0,160.0,170.0,normal,0.0,0.08916077423356561,0.11985253752364408
height,60.0,65.0,160.0,170.0,normal,0.0,0.12068991368733924,0.17541015060508952
yaw,60.0,65.0,160.0,170.0,normal,0.0,0.10523685200581133,0.10662371530246251
width,60.0,65.0,160.0,170.0,normal,0.0,0.2137109641781247,0.2880808325374828
length,60.0,65.0,160.0,170.0,normal,0.0,0.14695968323822234,0.13945226809557745
box_height,60.0,65.0,160.0,170.0,normal,0.0,0.12309867605494496,0.1607369131901685
miss_detection,60.0,65.0,170.0,180.0,constant,0.309375,,
distal,60.0,65.0,170.0,180.0,normal,0.0,0.1537693245466397,0.20581173698841718
perpendicular,60.0,65.0,170.0,180.0,normal,0.0,0.11119426215107014,0.15334068607205792
height,60.0,65.0,170.0,180.0,normal,0.0,0.14584279269351194,0.19157641236059267
yaw,60.0,65.0,170.0,180.0,normal,0.0,0.0850550506311031,0.11257081309870764
width,60.0,65.0,170.0,180.0,normal,0.0,0.2759253427716534,0.36251287115105674
length,60.0,65.0,170.0,180.0,normal,0.0,0.1188229920289009,0.13337006396297954
box_height,60.0,65.0,170.0,180.0,normal,0.0,0.15044036108348938,0.20737891283509957
miss_detection,65.0,70.0,-180.0,-170.0,constant,0.4107883817427386,,
distal,65.0,70.0,-180.0,-170.0,normal,0.0,0.1976103331896695,0.22490017525568348
perpendicular,65.0,70.0,-180.0,-170.0,normal,0.0,0.10301622557007041,0.12854038452443842
height,65.0,70.0,-180.0,-170.0,normal,0.0,0.12190054473654824,0.1684778928756714
yaw,65.0,70.0,-180.0,-170.0,normal,0.0,0.07224486413388953,0.10280367836001998
width,65.0,70.0,-180.0,-170.0,normal,0.0,0.2441812546861269,0.36340131726063474
length,65.0,70.0,-180.0,-170.0,normal,0.0,0.07121687789176889,0.10757630475809876
box_height,65.0,70.0,-180.0,-170.0,normal,0.0,0.13798131135586714,0.15778737672617738
miss_detection,65.0,70.0,-170.0,-160.0,constant,0.5714285714285714,,
distal,65.0,70.0,-170.0,-160.0,normal,0.0,0.10089707622989014,0.1449038850447268
perpendicular,65.0,70.0,-170.0,-160.0,normal,0.0,0.10339611093738542,0.10712203344459323
height,65.0,70.0,-170.0,-160.0,normal,0.0,0.07471847427599802,0.19864243865013123
yaw,65.0,70.0,-170.0,-160.0,normal,0.0,0.05575163537352215,0.0665179862910725
width,65.0,70.0,-170.0,-160.0,normal,0.0,0.1278925764941922,0.24244672457377117
length,65.0,70.0,-170.0,-160.0,normal,0.0,0.06291887250399847,0.1097129225730896
box_height,65.0,70.0,-170.0,-160.0,normal,0.0,0.07534669079327279,0.10480753978093466
miss_detection,65.0,70.0,-160.0,-150.0,constant,0.7692307692307693,,
distal,65.0,70.0,-160.0,-150.0,normal,0.0,0.0926202406591949,0.14027965616635207
perpendicular,65.0,70.0,-160.0,-150.0,normal,0.0,0.17860260184344956,0.14712454187459967
height,65.0,70.0,-160.0,-150.0,normal,0.0,0.09269750222439838,0.27424095074335736
yaw,65.0,70.0,-160.0,-150.0,normal,0.0,0.004748963764350749,0.010989756053470265
width,65.0,70.0,-160.0,-150.0,normal,0.0,0.0861372906720857,0.3251323699951172
length,65.0,70.0,-160.0,-150.0,normal,0.0,0.010330576482367888,0.1348827282587687
box_height,65.0,70.0,-160.0,-150.0,normal,0.0,0.009706290481752576,0.01607366402943929
miss_detection,65.0,70.0,-150.0,-140.0,constant,0.875,,
distal,65.0,70.0,-150.0,-140.0,normal,0.0,0.08615629822942429,0.25332842879033723
perpendicular,65.0,70.0,-150.0,-140.0,normal,0.0,0.01908368947892581,0.280473786569958
height,65.0,70.0,-150.0,-140.0,normal,0.0,0.0373634397983551,0.39067843556404114
yaw,65.0,70.0,-150.0,-140.0,normal,0.0,0.033538758754730225,0.04198580980300903
width,65.0,70.0,-150.0,-140.0,normal,0.0,0.025496482849121094,0.1133880615234375
length,65.0,70.0,-150.0,-140.0,normal,0.0,0.035495638847351074,0.1360090970993042
box_height,65.0,70.0,-150.0,-140.0,normal,0.0,0.0284540057182312,0.08107572793960571
miss_detection,65.0,70.0,-140.0,-130.0,constant,1.0,,
miss_detection,65.0,70.0,-130.0,-120.0,constant,1.0,,
miss_detection,65.0,70.0,-120.0,-110.0,constant,1.0,,
miss_detection,65.0,70.0,-110.0,-100.0,constant,1.0,,
miss_detection,65.0,70.0,-80.0,-70.0,constant,1.0,,
miss_detection,65.0,70.0,-70.0,-60.0,constant,1.0,,
miss_detection,65.0,70.0,-60.0,-50.0,constant,1.0,,
miss_detection,65.0,70.0,-50.0,-40.0,constant,1.0,,
miss_detection,65.0,70.0,-40.0,-30.0,constant,1.0,,
miss_detection,65.0,70.0,-30.0,-20.0,constant,1.0,,
miss_detection,65.0,70.0,-20.0,-10.0,constant,0.9090909090909091,,
miss_detection,65.0,70.0,-10.0,0.0,constant,1.0,,
miss_detection,65.0,70.0,0.0,10.0,constant,0.8,,
distal,65.0,70.0,0.0,10.0,normal,0.0,0.11300975767409312,0.1435572614748102
perpendicular,65.0,70.0,0.0,10.0,normal,0.0,0.14092749036561414,0.14175467534682662
height,65.0,70.0,0.0,10.0,normal,0.0,0.14762175814264028,0.31792177937247534
yaw,65.0,70.0,0.0,10.0,normal,0.0,0.022328015449632137,0.03262724880848757
width,65.0,70.0,0.0,10.0,normal,0.0,0.10367047639851064,0.1554991982199929
length,65.0,70.0,0.0,10.0,normal,0.0,0.05083229382201673,0.11288378455422142
box_height,65.0,70.0,0.0,10.0,normal,0.0,0.24267155212734126,0.2711272456429221
miss_detection,65.0,70.0,10.0,20.0,constant,1.0,,
miss_detection,65.0,70.0,20.0,30.0,constant,0.875,,
miss_detection,65.0,70.0,30.0,40.0,constant,1.0,,
miss_detection,65.0,70.0,40.0,50.0,constant,1.0,,
miss_detection,65.0,70.0,50.0,60.0,constant,1.0,,
miss_detection,65.0,70.0,60.0,70.0,constant,1.0,,
miss_detection,65.0,70.0,70.0,80.0,constant,1.0,,
miss_detection,65.0,70.0,100.0,110.0,constant,1.0,,
miss_detection,65.0,70.0,110.0,120.0,constant,1.0,,
miss_detection,65.0,70.0,120.0,130.0,constant,1.0,,
miss_detection,65.0,70.0,130.0,140.0,constant,1.0,,
miss_detection,65.0,70.0,140.0,150.0,constant,0.9,,
distal,65.0,70.0,140.0,150.0,normal,0.0,0.15597569961461602,0.3242501323166754
perpendicular,65.0,70.0,140.0,150.0,normal,0.0,0.06421380053408735,0.07596017962628711
height,65.0,70.0,140.0,150.0,normal,0.0,0.0467677116394043,0.17412501573562622
yaw,65.0,70.0,140.0,150.0,normal,0.0,0.016759563237428665,0.11422411526506338
width,65.0,70.0,140.0,150.0,normal,0.0,0.10566592216491699,0.13915705680847168
length,65.0,70.0,140.0,150.0,normal,0.0,0.12259358167648315,0.1375332474708557
box_height,65.0,70.0,140.0,150.0,normal,0.0,0.11893534660339355,0.12408626079559326
miss_detection,65.0,70.0,150.0,160.0,constant,0.6078431372549019,,
distal,65.0,70.0,150.0,160.0,normal,0.0,0.14825058274942285,0.14656629499157692
perpendicular,65.0,70.0,150.0,160.0,normal,0.0,0.1344415042754985,0.15990521675816544
height,65.0,70.0,150.0,160.0,normal,0.0,0.10238069168438414,0.1451853781938553
yaw,65.0,70.0,150.0,160.0,normal,0.0,0.09955090204910406,0.08629662398880118
width,65.0,70.0,150.0,160.0,normal,0.0,0.27118527098450795,0.39489309787750243
length,65.0,70.0,150.0,160.0,normal,0.0,0.21997816754692487,0.29284725785255433
box_height,65.0,70.0,150.0,160.0,normal,0.0,0.07933779918733365,0.16281121373176574
miss_detection,65.0,70.0,160.0,170.0,constant,0.4264705882352941,,
distal,65.0,70.0,160.0,170.0,normal,0.0,0.1234347726050428,0.14777446120209087
perpendicular,65.0,70.0,160.0,170.0,normal,0.0,0.10915103498600305,0.14144268793592776
height,65.0,70.0,160.0,170.0,normal,0.0,0.09542020569388715,0.12868372599283853
yaw,65.0,70.0,160.0,170.0,normal,0.0,0.09629036957999307,0.1255713278550352
width,65.0,70.0,160.0,170.0,normal,0.0,0.22902722941083076,0.29027845920660555
length,65.0,70.0,160.0,170.0,normal,0.0,0.10821922811661032,0.12444869982890594
box_height,65.0,70.0,160.0,170.0,normal,0.0,0.1101991119738444,0.1488198867210975
miss_detection,65.0,70.0,170.0,180.0,constant,0.42424242424242425,,
distal,65.0,70.0,170.0,180.0,normal,0.0,0.12498222912428446,0.17688194226152326
perpendicular,65.0,70.0,170.0,180.0,normal,0.0,0.10859537348291884,0.14744753319983464
height,65.0,70.0,170.0,180.0,normal,0.0,0.1173807074857457,0.16885494370209544
yaw,65.0,70.0,170.0,180.0,normal,0.0,0.08558348683058925,0.12767946816751494
width,65.0,70.0,170.0,180.0,normal,0.0,0.2479645860251712,0.32295930762039987
length,65.0,70.0,170.0,180.0,normal,0.0,0.08951757166379037,0.12114692612698204
box_height,65.0,70.0,170.0,180.0,normal,0.0,0.16046465788509384,0.19598151382647064
miss_detection,70.0,75.0,-180.0,-170.0,constant,0.8441558441558441,,
distal,70.0,75.0,-180.0,-170.0,normal,0.0,0.15236288860433705,0.2913927330317678
perpendicular,70.0,75.0,-180.0,-170.0,normal,0.0,0.0911501429667807,0.140033895737966
height,70.0,75.0,-180.0,-170.0,normal,0.0,0.09610263998941063,0.17832720031340918
yaw,70.0,75.0,-180.0,-170.0,normal,0.0,0.0618027614825714,0.0942265978070888
width,70.0,75.0,-180.0,-170.0,normal,0.0,0.1914791532954195,0.3268558382987976
length,70.0,75.0,-180.0,-170.0,normal,0.0,0.03731900228148398,0.0921130081017812
box_height,70.0,75.0,-180.0,-170.0,normal,0.0,0.07160866163904799,0.07592611014842987
miss_detection,70.0,75.0,-170.0,-160.0,constant,0.6530612244897959,,
distal,70.0,75.0,-170.0,-160.0,normal,0.0,0.08577086566916561,0.12554682792114014
perpendicular,70.0,75.0,-170.0,-160.0,normal,0.0,0.08137406314059878,0.2277372016737575
height,70.0,75.0,-170.0,-160.0,normal,0.0,0.07570013711020858,0.13176807235268986
yaw,70.0,75.0,-170.0,-160.0,normal,0.0,0.07138159242856625,0.1487245000898838
width,70.0,75.0,-170.0,-160.0,normal,0.0,0.1811464814355397,0.17131467426524444
length,70.0,75.0,-170.0,-160.0,normal,0.0,0.07933000542208124,0.1427846726249246
box_height,70.0,75.0,-170.0,-160.0,normal,0.0,0.1459191332363145,0.10092646234175738
miss_detection,70.0,75.0,-160.0,-150.0,constant,0.8,,
distal,70.0,75.0,-160.0,-150.0,normal,0.0,0.00888930039460826,0.1607656048257906
perpendicular,70.0,75.0,-160.0,-150.0,normal,0.0,0.0037153479513521927,0.11405796442391722
height,70.0,75.0,-160.0,-150.0,normal,0.0,0.08954551815986633,0.25511059165000916
yaw,70.0,75.0,-160.0,-150.0,normal,0.0,0.022577615576334868,0.12180644273757935
width,70.0,75.0,-160.0,-150.0,normal,0.0,0.10661029815673828,0.40297889709472656
length,70.0,75.0,-160.0,-150.0,normal,0.0,0.02201235294342041,0.12665855884552002
box_height,70.0,75.0,-160.0,-150.0,normal,0.0,0.007287442684173584,0.032949984073638916
miss_detection,70.0,75.0,-150.0,-140.0,constant,1.0,,
miss_detection,70.0,75.0,-140.0,-130.0,constant,1.0,,
miss_detection,70.0,75.0,-130.0,-120.0,constant,1.0,,
miss_detection,70.0,75.0,-120.0,-110.0,constant,1.0,,
miss_detection,70.0,75.0,-110.0,-100.0,constant,1.0,,
miss_detection,70.0,75.0,-100.0,-90.0,constant,1.0,,
miss_detection,70.0,75.0,-90.0,-80.0,constant,1.0,,
miss_detection,70.0,75.0,-80.0,-70.0,constant,1.0,,
miss_detection,70.0,75.0,-70.0,-60.0,constant,1.0,,
miss_detection,70.0,75.0,-60.0,-50.0,constant,1.0,,
miss_detection,70.0,75.0,-30.0,-20.0,constant,1.0,,
miss_detection,70.0,75.0,-20.0,-10.0,constant,0.9090909090909091,,
miss_detection,70.0,75.0,-10.0,0.0,constant,1.0,,
miss_detection,70.0,75.0,0.0,10.0,constant,1.0,,
miss_detection,70.0,75.0,10.0,20.0,constant,1.0,,
miss_detection,70.0,75.0,20.0,30.0,constant,0.7,,
distal,70.0,75.0,20.0,30.0,normal,0.0,0.14706863875006893,0.1268818380941042
perpendicular,70.0,75.0,20.0,30.0,normal,0.0,0.05745213171285255,0.09872468830653075
height,70.0,75.0,20.0,30.0,normal,0.0,0.09778035545901484,0.17040743430455527
yaw,70.0,75.0,20.0,30.0,normal,0.0,0.03319433695522765,0.04133232434590658
width,70.0,75.0,20.0,30.0,normal,0.0,0.007300031743665164,0.27006737391153973
length,70.0,75.0,20.0,30.0,normal,0.0,0.06977686608746447,0.25645577907562256
box_height,70.0,75.0,20.0,30.0,normal,0.0,0.04615319351586056,0.6038904587427775
miss_detection,70.0,75.0,30.0,40.0,constant,1.0,,
miss_detection,70.0,75.0,40.0,50.0,constant,1.0,,
miss_detection,70.0,75.0,50.0,60.0,constant,1.0,,
miss_detection,70.0,75.0,60.0,70.0,constant,1.0,,
miss_detection,70.0,75.0,70.0,80.0,constant,1.0,,
miss_detection,70.0,75.0,100.0,110.0,constant,1.0,,
miss_detection,70.0,75.0,110.0,120.0,constant,1.0,,
miss_detection,70.0,75.0,120.0,130.0,constant,1.0,,
miss_detection,70.0,75.0,130.0,140.0,constant,1.0,,
miss_detection,70.0,75.0,140.0,150.0,constant,0.8636363636363636,,
distal,70.0,75.0,140.0,150.0,normal,0.0,0.04354880116845838,0.1856614229781701
perpendicular,70.0,75.0,140.0,150.0,normal,0.0,0.02374452435174179,0.05991043173815882
height,70.0,75.0,140.0,150.0,normal,0.0,0.02036024464739319,0.0719692309697469
yaw,70.0,75.0,140.0,150.0,normal,0.0,0.022065047371147468,0.02333119461670326
width,70.0,75.0,140.0,150.0,normal,0.0,0.1037936945069588,0.08749755223592122
length,70.0,75.0,140.0,150.0,normal,0.0,0.0328121407106935,0.07364002863566081
box_height,70.0,75.0,140.0,150.0,normal,0.0,0.04431202490893024,0.10453120867411296
miss_detection,70.0,75.0,150.0,160.0,constant,0.825,,
distal,70.0,75.0,150.0,160.0,normal,0.0,0.16612489553799384,0.2312217416351259
perpendicular,70.0,75.0,150.0,160.0,normal,0.0,0.12954025181841616,0.1786956821937365
height,70.0,75.0,150.0,160.0,normal,0.0,0.0754992070472006,0.08126892362322126
yaw,70.0,75.0,150.0,160.0,normal,0.0,0.07923044515232522,0.1377107447349231
width,70.0,75.0,150.0,160.0,normal,0.0,0.25271227275032876,0.5213949339730399
length,70.0,75.0,150.0,160.0,normal,0.0,0.27410731865767723,0.4092904840196882
box_height,70.0,75.0,150.0,160.0,normal,0.0,0.055677224879155086,0.09535568101065499
miss_detection,70.0,75.0,160.0,170.0,constant,0.609375,,
distal,70.0,75.0,160.0,170.0,normal,0.0,0.19383580790524557,0.22234727215944808
perpendicular,70.0,75.0,160.0,170.0,normal,0.0,0.11404858640700619,0.14660750645609869
height,70.0,75.0,160.0,170.0,normal,0.0,0.09160556643846697,0.12018460750579835
yaw,70.0,75.0,160.0,170.0,normal,0.0,0.07393971545788068,0.11224842437179845
width,70.0,75.0,160.0,170.0,normal,0.0,0.25412088482154876,0.32985883712768554
length,70.0,75.0,160.0,170.0,normal,0.0,0.11866179778241444,0.1425394344329834
box_height,70.0,75.0,160.0,170.0,normal,0.0,0.10520806058606867,0.1415744686126709
miss_detection,70.0,75.0,170.0,180.0,constant,0.801980198019802,,
distal,70.0,75.0,170.0,180.0,normal,0.0,0.1477163198659127,0.20036715272556993
perpendicular,70.0,75.0,170.0,180.0,normal,0.0,0.12506728450619703,0.14095311364610552
height,70.0,75.0,170.0,180.0,normal,0.0,0.09662416902073677,0.18055123686790467
yaw,70.0,75.0,170.0,180.0,normal,0.0,0.08328892951948053,0.09411594752608927
width,70.0,75.0,170.0,180.0,normal,0.0,0.2916022728929953,0.44137189388275144
length,70.0,75.0,170.0,180.0,normal,0.0,0.1265344561752308,0.15019213557243347
box_height,70.0,75.0,170.0,180.0,normal,0.0,0.14332051696348566,0.2097528576850891
miss_detection,75.0,80.0,-180.0,-170.0,constant,1.0,,
miss_detection,75.0,80.0,-170.0,-160.0,constant,1.0,,
miss_detection,75.0,80.0,-160.0,-150.0,constant,1.0,,
miss_detection,75.0,80.0,-150.0,-140.0,constant,1.0,,
miss_detection,75.0,80.0,-140.0,-130.0,constant,1.0,,
miss_detection,75.0,80.0,-130.0,-120.0,constant,1.0,,
miss_detection,75.0,80.0,-120.0,-110.0,constant,1.0,,
miss_detection,75.0,80.0,-110.0,-100.0,constant,1.0,,
miss_detection,75.0,80.0,-70.0,-60.0,constant,1.0,,
miss_detection,75.0,80.0,-30.0,-20.0,constant,1.0,,
miss_detection,75.0,80.0,-20.0,-10.0,constant,1.0,,
miss_detection,75.0,80.0,-10.0,0.0,constant,1.0,,
miss_detection,75.0,80.0,0.0,10.0,constant,1.0,,
miss_detection,75.0,80.0,20.0,30.0,constant,1.0,,
miss_detection,75.0,80.0,40.0,50.0,constant,1.0,,
miss_detection,75.0,80.0,70.0,80.0,constant,1.0,,
miss_detection,75.0,80.0,100.0,110.0,constant,1.0,,
miss_detection,75.0,80.0,110.0,120.0,constant,1.0,,
miss_detection,75.0,80.0,130.0,140.0,constant,1.0,,
miss_detection,75.0,80.0,140.0,150.0,constant,1.0,,
miss_detection,75.0,80.0,150.0,160.0,constant,0.8275862068965517,,
distal,75.0,80.0,150.0,160.0,normal,0.0,0.14191131873439727,0.1413958728109731
perpendicular,75.0,80.0,150.0,160.0,normal,0.0,0.06577116638054353,0.21990175287335306
height,75.0,80.0,150.0,160.0,normal,0.0,0.07404368365486011,0.10084455013275147
yaw,75.0,80.0,150.0,160.0,normal,0.0,0.0865841242578538,0.11669248634064999
width,75.0,80.0,150.0,160.0,normal,0.0,0.1518188078553355,0.18011856079101562
length,75.0,80.0,150.0,160.0,normal,0.0,0.16545479038861174,0.20263898372650146
box_height,75.0,80.0,150.0,160.0,normal,0.0,0.0470485016478042,0.12570009231567383
miss_detection,75.0,80.0,160.0,170.0,constant,1.0,,
miss_detection,75.0,80.0,170.0,180.0,constant,1.0,,
miss_detection,80.0,85.0,-180.0,-170.0,constant,1.0,,
miss_detection,80.0,85.0,-170.0,-160.0,constant,1.0,,
miss_detection,80.0,85.0,-160.0,-150.0,constant,1.0,,
miss_detection,80.0,85.0,-150.0,-140.0,constant,1.0,,
miss_detection,80.0,85.0,-130.0,-120.0,constant,1.0,,
miss_detection,80.0,85.0,-120.0,-110.0,constant,1.0,,
miss_detection,80.0,85.0,-110.0,-100.0,constant,1.0,,
miss_detection,80.0,85.0,-30.0,-20.0,constant,1.0,,
miss_detection,80.0,85.0,-20.0,-10.0,constant,1.0,,
miss_detection,80.0,85.0,-10.0,0.0,constant,1.0,,
miss_detection,80.0,85.0,0.0,10.0,constant,1.0,,
miss_detection,80.0,85.0,20.0,30.0,constant,1.0,,
miss_detection,80.0,85.0,40.0,50.0,constant,1.0,,
miss_detection,80.0,85.0,70.0,80.0,constant,1.0,,
miss_detection,80.0,85.0,80.0,90.0,constant,1.0,,
miss_detection,80.0,85.0,100.0,110.0,constant,1.0,,
miss_detection,80.0,85.0,110.0,120.0,constant,1.0,,
miss_detection,80.0,85.0,130.0,140.0,constant,1.0,,
miss_detection,80.0,85.0,140.0,150.0,constant,1.0,,
miss_detection,80.0,85.0,150.0,160.0,constant,1.0,,
miss_detection,80.0,85.0,160.0,170.0,constant,1.0,,
miss_detection,80.0,85.0,170.0,180.0,constant,1.0,,
miss_detection,85.0,90.0,-180.0,-170.0,constant,1.0,,
miss_detection,85.0,90.0,-170.0,-160.0,constant,1.0,,
miss_detection,85.0,90.0,-160.0,-150.0,constant,1.0,,
miss_detection,85.0,90.0,-150.0,-140.0,constant,1.0,,
miss_detection,85.0,90.0,-130.0,-120.0,constant,1.0,,
miss_detection,85.0,90.0,-110.0,-100.0,constant,1.0,,
miss_detection,85.0,90.0,-100.0,-90.0,constant,1.0,,
miss_detection,85.0,90.0,-90.0,-80.0,constant,1.0,,
miss_detection,85.0,90.0,-80.0,-70.0,constant,1.0,,
miss_detection,85.0,90.0,-30.0,-20.0,constant,1.0,,
miss_detection,85.0,90.0,-20.0,-10.0,constant,1.0,,
miss_detection,85.0,90.0,-10.0,0.0,constant,1.0,,
miss_detection,85.0,90.0,0.0,10.0,constant,1.0,,
miss_detection,85.0,90.0,30.0,40.0,constant,1.0,,
miss_detection,85.0,90.0,40.0,50.0,constant,1.0,,
miss_detection,85.0,90.0,80.0,90.0,constant,1.0,,
miss_detection,85.0,90.0,130.0,140.0,constant,1.0,,
miss_detection,85.0,90.0,140.0,150.0,constant,1.0,,
miss_detection,85.0,90.0,150.0,160.0,constant,1.0,,
miss_detection,85.0,90.0,160.0,170.0,constant,1.0,,
miss_detection,85.0,90.0,170.0,180.0,constant,1.0,,
miss_detection,90.0,95.0,-180.0,-170.0,constant,1.0,,
miss_detection,90.0,95.0,-170.0,-160.0,constant,1.0,,
miss_detection,90.0,95.0,-160.0,-150.0,constant,1.0,,
miss_detection,90.0,95.0,-140.0,-130.0,constant,1.0,,
miss_detection,90.0,95.0,-130.0,-120.0,constant,1.0,,
miss_detection,90.0,95.0,-120.0,-110.0,constant,1.0,,
miss_detection,90.0,95.0,-110.0,-100.0,constant,1.0,,
miss_detection,90.0,95.0,-80.0,-70.0,constant,1.0,,
miss_detection,90.0,95.0,-70.0,-60.0,constant,1.0,,
miss_detection,90.0,95.0,-30.0,-20.0,constant,1.0,,
miss_detection,90.0,95.0,-10.0,0.0,constant,1.0,,
miss_detection,90.0,95.0,0.0,10.0,constant,1.0,,
miss_detection,90.0,95.0,30.0,40.0,constant,1.0,,
miss_detection,90.0,95.0,90.0,100.0,constant,1.0,,
miss_detection,90.0,95.0,150.0,160.0,constant,1.0,,
miss_detection,90.0,95.0,160.0,170.0,constant,1.0,,
miss_detection,90.0,95.0,170.0,180.0,constant,1.0,,
miss_detection,95.0,100.0,-180.0,-170.0,constant,1.0,,
miss_detection,95.0,100.0,-170.0,-160.0,constant,1.0,,
miss_detection,95.0,100.0,-140.0,-130.0,constant,1.0,,
miss_detection,95.0,100.0,-120.0,-110.0,constant,1.0,,
miss_detection,95.0,100.0,-110.0,-100.0,constant,1.0,,
miss_detection,95.0,100.0,-70.0,-60.0,constant,1.0,,
miss_detection,95.0,100.0,-30.0,-20.0,constant,1.0,,
miss_detection,95.0,100.0,30.0,40.0,constant,1.0,,
miss_detection,95.0,100.0,90.0,100.0,constant,1.0,,
miss_detection,95.0,100.0,160.0,170.0,constant,1.0,,
miss_detection,95.0,100.0,170.0,180.0,constant,1.0,,
miss_detection,100.0,105.0,-180.0,-170.0,constant,1.0,,
miss_detection,100.0,105.0,-170.0,-160.0,constant,1.0,,
miss_detection,100.0,105.0,-120.0,-110.0,constant,1.0,,
miss_detection,100.0,105.0,160.0,170.0,constant,1.0,,
miss_detection,100.0,105.0,170.0,180.0,constant,1.0,,
