# normal: param1=mu (0), param2=std, param3=mae (for GPEM covariance)
# constant for miss_detection: param1=miss_rate
# score: P(score | TP, cell) — param1=mean, param2=std, param3=n_matched
# fp_score: P(score | FP, cell) — param1=mean, param2=std, param3=n_fp
# fp_rate: poisson — param1=lambda (FPs/ego-frame in cell), param2=n_fp

error_type,dist_min,dist_max,angle_min,angle_max,distribution,param1,param2,param3
distal,0.0,5.0,-180.0,-170.0,normal,0.0,0.12887674724744627,0.1703739505295345
perpendicular,0.0,5.0,-180.0,-170.0,normal,0.0,0.15218667847280187,0.16461336556738224
height,0.0,5.0,-180.0,-170.0,normal,0.0,0.04878598672309973,0.046694851420563614
yaw,0.0,5.0,-180.0,-170.0,normal,0.0,0.040267023066803326,0.046949653127275885
width,0.0,5.0,-180.0,-170.0,normal,0.0,0.4191002181444943,0.41600957383667586
length,0.0,5.0,-180.0,-170.0,normal,0.0,0.15491109755308533,0.19772291905142267
box_height,0.0,5.0,-180.0,-170.0,normal,0.0,0.07456204683910583,0.07345914751603108
fp_score,0.0,5.0,-180.0,-170.0,normal,0.04045087322592735,0.006027381346046054,5
fp_rate,0.0,5.0,-180.0,-170.0,poisson,0.0007037297677691766,5,
distal,0.0,5.0,-170.0,-160.0,normal,0.0,0.12887674724744627,0.1703739505295345
perpendicular,0.0,5.0,-170.0,-160.0,normal,0.0,0.15218667847280187,0.16461336556738224
height,0.0,5.0,-170.0,-160.0,normal,0.0,0.04878598672309973,0.046694851420563614
yaw,0.0,5.0,-170.0,-160.0,normal,0.0,0.040267023066803326,0.046949653127275885
width,0.0,5.0,-170.0,-160.0,normal,0.0,0.4191002181444943,0.41600957383667586
length,0.0,5.0,-170.0,-160.0,normal,0.0,0.15491109755308533,0.19772291905142267
box_height,0.0,5.0,-170.0,-160.0,normal,0.0,0.07456204683910583,0.07345914751603108
fp_score,0.0,5.0,-170.0,-160.0,normal,0.043743301182985306,0.005217705929812944,49
fp_rate,0.0,5.0,-170.0,-160.0,poisson,0.006896551724137931,49,
distal,0.0,5.0,-160.0,-150.0,normal,0.0,0.12887674724744627,0.1703739505295345
perpendicular,0.0,5.0,-160.0,-150.0,normal,0.0,0.15218667847280187,0.16461336556738224
height,0.0,5.0,-160.0,-150.0,normal,0.0,0.04878598672309973,0.046694851420563614
yaw,0.0,5.0,-160.0,-150.0,normal,0.0,0.040267023066803326,0.046949653127275885
width,0.0,5.0,-160.0,-150.0,normal,0.0,0.4191002181444943,0.41600957383667586
length,0.0,5.0,-160.0,-150.0,normal,0.0,0.15491109755308533,0.19772291905142267
box_height,0.0,5.0,-160.0,-150.0,normal,0.0,0.07456204683910583,0.07345914751603108
fp_score,0.0,5.0,-160.0,-150.0,normal,0.03924877910564343,0.007043112097759198,12
fp_rate,0.0,5.0,-160.0,-150.0,poisson,0.001688951442646024,12,
miss_detection,0.0,5.0,-150.0,-140.0,constant,0.0,,
distal,0.0,5.0,-150.0,-140.0,normal,0.0,0.08730364403678567,0.13387149420024114
perpendicular,0.0,5.0,-150.0,-140.0,normal,0.0,0.022126383474446298,0.08142275205629265
height,0.0,5.0,-150.0,-140.0,normal,0.0,0.03608976933317933,0.08653408288955688
yaw,0.0,5.0,-150.0,-140.0,normal,0.0,0.027402160362842612,0.06032405731578668
width,0.0,5.0,-150.0,-140.0,normal,0.0,0.20315056772342902,0.27190256118774414
length,0.0,5.0,-150.0,-140.0,normal,0.0,0.02451932232544378,0.06905901432037354
box_height,0.0,5.0,-150.0,-140.0,normal,0.0,0.12454676064571424,0.17764619986216226
score,0.0,5.0,-150.0,-140.0,normal,0.7301219701766968,0.03401384768900443,3
fp_score,0.0,5.0,-150.0,-140.0,normal,0.0766974575817585,0.06285997451922241,11
fp_rate,0.0,5.0,-150.0,-140.0,poisson,0.0015482054890921886,11,
miss_detection,0.0,5.0,-140.0,-130.0,constant,0.0392156862745098,,
distal,0.0,5.0,-140.0,-130.0,normal,0.0,0.10630692569199669,0.1271048436959032
perpendicular,0.0,5.0,-140.0,-130.0,normal,0.0,0.07518197660629904,0.10609381953341337
height,0.0,5.0,-140.0,-130.0,normal,0.0,0.058377908621979564,0.060046500089217206
yaw,0.0,5.0,-140.0,-130.0,normal,0.0,0.02793118638486658,0.0357388545668741
width,0.0,5.0,-140.0,-130.0,normal,0.0,0.28652521109137635,0.31237245092586596
length,0.0,5.0,-140.0,-130.0,normal,0.0,0.13344057599909262,0.161474203576847
box_height,0.0,5.0,-140.0,-130.0,normal,0.0,0.08381750922152743,0.09628349907544194
score,0.0,5.0,-140.0,-130.0,normal,0.5850672478578529,0.09510904706018856,51
fp_score,0.0,5.0,-140.0,-130.0,normal,0.10264963511791494,0.11404715967930315,18
fp_rate,0.0,5.0,-140.0,-130.0,poisson,0.002533427163969036,18,
miss_detection,0.0,5.0,-130.0,-120.0,constant,0.08108108108108109,,
distal,0.0,5.0,-130.0,-120.0,normal,0.0,0.061996097217084184,0.12330450492784971
perpendicular,0.0,5.0,-130.0,-120.0,normal,0.0,0.09328996645013066,0.09045775363529093
height,0.0,5.0,-130.0,-120.0,normal,0.0,0.05416911024321735,0.06249611108910804
yaw,0.0,5.0,-130.0,-120.0,normal,0.0,0.03306659128744875,0.04733756942190595
width,0.0,5.0,-130.0,-120.0,normal,0.0,0.23573332654269527,0.2486263957678103
length,0.0,5.0,-130.0,-120.0,normal,0.0,0.09169539291614859,0.2111311402975344
box_height,0.0,5.0,-130.0,-120.0,normal,0.0,0.07527001844301486,0.16081277646270453
score,0.0,5.0,-130.0,-120.0,normal,0.6527397132971707,0.06801389627717778,111
fp_score,0.0,5.0,-130.0,-120.0,normal,0.19127489884312338,0.20387054463432616,39
fp_rate,0.0,5.0,-130.0,-120.0,poisson,0.005489092188599578,39,
miss_detection,0.0,5.0,-120.0,-110.0,constant,0.125,,
distal,0.0,5.0,-120.0,-110.0,normal,0.0,0.11863077755387844,0.12225543684703939
perpendicular,0.0,5.0,-120.0,-110.0,normal,0.0,0.1286196708234782,0.1522188776720584
height,0.0,5.0,-120.0,-110.0,normal,0.0,0.060606562849133974,0.057895617825644355
yaw,0.0,5.0,-120.0,-110.0,normal,0.0,0.04002601773007032,0.057247289224809116
width,0.0,5.0,-120.0,-110.0,normal,0.0,0.24452930425171893,0.3769507862272717
length,0.0,5.0,-120.0,-110.0,normal,0.0,0.11440142436284581,0.15646269491740636
box_height,0.0,5.0,-120.0,-110.0,normal,0.0,0.08021195886328993,0.07986372993105934
score,0.0,5.0,-120.0,-110.0,normal,0.5884412484509605,0.09831869589263825,48
fp_score,0.0,5.0,-120.0,-110.0,normal,0.10065443317095439,0.1308786377473376,33
fp_rate,0.0,5.0,-120.0,-110.0,poisson,0.004644616467276565,33,
miss_detection,0.0,5.0,-110.0,-100.0,constant,0.14285714285714285,,
distal,0.0,5.0,-110.0,-100.0,normal,0.0,0.10555313342750167,0.1429690347107881
perpendicular,0.0,5.0,-110.0,-100.0,normal,0.0,0.17006203285105376,0.17048135861814306
height,0.0,5.0,-110.0,-100.0,normal,0.0,0.06253397382174129,0.07192271451155345
yaw,0.0,5.0,-110.0,-100.0,normal,0.0,0.03879743622919133,0.05443767470488739
width,0.0,5.0,-110.0,-100.0,normal,0.0,0.34776996075156824,0.45186646779378253
length,0.0,5.0,-110.0,-100.0,normal,0.0,0.1493416797325843,0.1693981256749895
box_height,0.0,5.0,-110.0,-100.0,normal,0.0,0.10526099942083324,0.12540793087747362
score,0.0,5.0,-110.0,-100.0,normal,0.6153727438714769,0.09687550345758734,42
fp_score,0.0,5.0,-110.0,-100.0,normal,0.16025799486253942,0.18096609282562195,21
fp_rate,0.0,5.0,-110.0,-100.0,poisson,0.002955665024630542,21,
miss_detection,0.0,5.0,-100.0,-90.0,constant,0.14705882352941177,,
distal,0.0,5.0,-100.0,-90.0,normal,0.0,0.11508983395567894,0.163631871889607
perpendicular,0.0,5.0,-100.0,-90.0,normal,0.0,0.15223132185764487,0.2278224075210711
height,0.0,5.0,-100.0,-90.0,normal,0.0,0.04294295272650838,0.04610496553881415
yaw,0.0,5.0,-100.0,-90.0,normal,0.0,0.031659096977794066,0.04534931661529017
width,0.0,5.0,-100.0,-90.0,normal,0.0,0.26139283987156087,0.38722713240261736
length,0.0,5.0,-100.0,-90.0,normal,0.0,0.12566243760089268,0.1544053102361745
box_height,0.0,5.0,-100.0,-90.0,normal,0.0,0.07547204027408257,0.08477437907251818
score,0.0,5.0,-100.0,-90.0,normal,0.5204401180661958,0.09599932482695724,34
fp_score,0.0,5.0,-100.0,-90.0,normal,0.10023850670387578,0.0730118986340602,43
fp_rate,0.0,5.0,-100.0,-90.0,poisson,0.006052076002814919,43,
miss_detection,0.0,5.0,-90.0,-80.0,constant,0.5818181818181818,,
distal,0.0,5.0,-90.0,-80.0,normal,0.0,0.11603105110261704,0.13495988922402963
perpendicular,0.0,5.0,-90.0,-80.0,normal,0.0,0.13156360215872512,0.14522085262429157
height,0.0,5.0,-90.0,-80.0,normal,0.0,0.0657793952631146,0.06326378946718962
yaw,0.0,5.0,-90.0,-80.0,normal,0.0,0.03789479573233994,0.0520225166262168
width,0.0,5.0,-90.0,-80.0,normal,0.0,0.2477843382572959,0.3605649367622707
length,0.0,5.0,-90.0,-80.0,normal,0.0,0.10200613448582804,0.13347444326981253
box_height,0.0,5.0,-90.0,-80.0,normal,0.0,0.06263261871435903,0.08123526365860649
score,0.0,5.0,-90.0,-80.0,normal,0.5822225200093311,0.09816762008402037,55
fp_score,0.0,5.0,-90.0,-80.0,normal,0.14238624086772853,0.12116515203357889,110
fp_rate,0.0,5.0,-90.0,-80.0,poisson,0.015482054890921885,110,
miss_detection,0.0,5.0,-80.0,-70.0,constant,0.15384615384615385,,
distal,0.0,5.0,-80.0,-70.0,normal,0.0,0.11712979027684554,0.1264725811424321
perpendicular,0.0,5.0,-80.0,-70.0,normal,0.0,0.1436096906835627,0.16098454758265965
height,0.0,5.0,-80.0,-70.0,normal,0.0,0.07235218945266911,0.07731790976090865
yaw,0.0,5.0,-80.0,-70.0,normal,0.0,0.025777760748280087,0.03756838433345723
width,0.0,5.0,-80.0,-70.0,normal,0.0,0.3146662682704768,0.44721653244712134
length,0.0,5.0,-80.0,-70.0,normal,0.0,0.13430826519786004,0.1874996026357015
box_height,0.0,5.0,-80.0,-70.0,normal,0.0,0.09827630099028294,0.11594912500092477
score,0.0,5.0,-80.0,-70.0,normal,0.6376258026469838,0.11830568351941717,39
fp_score,0.0,5.0,-80.0,-70.0,normal,0.320337132550776,0.22639664821710595,40
fp_rate,0.0,5.0,-80.0,-70.0,poisson,0.005629838142153413,40,
miss_detection,0.0,5.0,-70.0,-60.0,constant,0.2222222222222222,,
distal,0.0,5.0,-70.0,-60.0,normal,0.0,0.12743106634402432,0.1665121498189355
perpendicular,0.0,5.0,-70.0,-60.0,normal,0.0,0.1358497154531188,0.20458857778199846
height,0.0,5.0,-70.0,-60.0,normal,0.0,0.06222860433234737,0.07918317261196318
yaw,0.0,5.0,-70.0,-60.0,normal,0.0,0.047800597624043435,0.047725705562957695
width,0.0,5.0,-70.0,-60.0,normal,0.0,0.2655093846876963,0.43211682069869267
length,0.0,5.0,-70.0,-60.0,normal,0.0,0.09311765966702193,0.15940992888950167
box_height,0.0,5.0,-70.0,-60.0,normal,0.0,0.048720305590430744,0.0665239209220523
score,0.0,5.0,-70.0,-60.0,normal,0.5743771273465383,0.12221079259853442,54
fp_score,0.0,5.0,-70.0,-60.0,normal,0.11672072400423614,0.14440031873258893,22
fp_rate,0.0,5.0,-70.0,-60.0,poisson,0.003096410978184377,22,
miss_detection,0.0,5.0,-60.0,-50.0,constant,0.21428571428571427,,
distal,0.0,5.0,-60.0,-50.0,normal,0.0,0.14779308837918478,0.20979670084162538
perpendicular,0.0,5.0,-60.0,-50.0,normal,0.0,0.14763635108919418,0.17583471386338206
height,0.0,5.0,-60.0,-50.0,normal,0.0,0.05340184867307949,0.06734072484753349
yaw,0.0,5.0,-60.0,-50.0,normal,0.0,0.033906839457747424,0.046000831072557376
width,0.0,5.0,-60.0,-50.0,normal,0.0,0.32710638858270763,0.519833115014163
length,0.0,5.0,-60.0,-50.0,normal,0.0,0.15233308055079145,0.19321029836481268
box_height,0.0,5.0,-60.0,-50.0,normal,0.0,0.12293526528457545,0.10357219251719388
score,0.0,5.0,-60.0,-50.0,normal,0.6329096467657522,0.10751753850379134,56
fp_score,0.0,5.0,-60.0,-50.0,normal,0.21269098957153884,0.20559945371906985,44
fp_rate,0.0,5.0,-60.0,-50.0,poisson,0.006192821956368754,44,
miss_detection,0.0,5.0,-50.0,-40.0,constant,0.12,,
distal,0.0,5.0,-50.0,-40.0,normal,0.0,0.1290014620070518,0.17980273142612893
perpendicular,0.0,5.0,-50.0,-40.0,normal,0.0,0.14042266201434234,0.1741720617808455
height,0.0,5.0,-50.0,-40.0,normal,0.0,0.05818104522818414,0.0658854219046506
yaw,0.0,5.0,-50.0,-40.0,normal,0.0,0.03996611520850285,0.051022933215294455
width,0.0,5.0,-50.0,-40.0,normal,0.0,0.34520550807710987,0.4826899604363875
length,0.0,5.0,-50.0,-40.0,normal,0.0,0.13785860832378347,0.17348714037375015
box_height,0.0,5.0,-50.0,-40.0,normal,0.0,0.09912212327253729,0.08296241001649336
score,0.0,5.0,-50.0,-40.0,normal,0.5924207283691927,0.10598391077419951,50
fp_score,0.0,5.0,-50.0,-40.0,normal,0.11616597401684728,0.14747772428633305,29
fp_rate,0.0,5.0,-50.0,-40.0,poisson,0.004081632653061225,29,
miss_detection,0.0,5.0,-40.0,-30.0,constant,0.0,,
distal,0.0,5.0,-40.0,-30.0,normal,0.0,0.048981315490605616,0.24305466958393024
perpendicular,0.0,5.0,-40.0,-30.0,normal,0.0,0.07465803821374703,0.13123525529375818
height,0.0,5.0,-40.0,-30.0,normal,0.0,0.056082887127295165,0.06906653642654419
yaw,0.0,5.0,-40.0,-30.0,normal,0.0,0.02422336710112251,0.04701552225742489
width,0.0,5.0,-40.0,-30.0,normal,0.0,0.2315321457750351,0.40564870834350586
length,0.0,5.0,-40.0,-30.0,normal,0.0,0.09459645443779487,0.15689940452575685
box_height,0.0,5.0,-40.0,-30.0,normal,0.0,0.07494007900500982,0.07622568607330323
score,0.0,5.0,-40.0,-30.0,normal,0.593222439289093,0.18121224899859875,5
fp_score,0.0,5.0,-40.0,-30.0,normal,0.0633214522153139,0.04174762098209499,30
fp_rate,0.0,5.0,-40.0,-30.0,poisson,0.00422237860661506,30,
distal,0.0,5.0,-30.0,-20.0,normal,0.0,0.12887674724744627,0.1703739505295345
perpendicular,0.0,5.0,-30.0,-20.0,normal,0.0,0.15218667847280187,0.16461336556738224
height,0.0,5.0,-30.0,-20.0,normal,0.0,0.04878598672309973,0.046694851420563614
yaw,0.0,5.0,-30.0,-20.0,normal,0.0,0.040267023066803326,0.046949653127275885
width,0.0,5.0,-30.0,-20.0,normal,0.0,0.4191002181444943,0.41600957383667586
length,0.0,5.0,-30.0,-20.0,normal,0.0,0.15491109755308533,0.19772291905142267
box_height,0.0,5.0,-30.0,-20.0,normal,0.0,0.07456204683910583,0.07345914751603108
fp_score,0.0,5.0,-30.0,-20.0,normal,0.04423033933226879,0.007794951458574047,39
fp_rate,0.0,5.0,-30.0,-20.0,poisson,0.005489092188599578,39,
distal,0.0,5.0,-20.0,-10.0,normal,0.0,0.12887674724744627,0.1703739505295345
perpendicular,0.0,5.0,-20.0,-10.0,normal,0.0,0.15218667847280187,0.16461336556738224
height,0.0,5.0,-20.0,-10.0,normal,0.0,0.04878598672309973,0.046694851420563614
yaw,0.0,5.0,-20.0,-10.0,normal,0.0,0.040267023066803326,0.046949653127275885
width,0.0,5.0,-20.0,-10.0,normal,0.0,0.4191002181444943,0.41600957383667586
length,0.0,5.0,-20.0,-10.0,normal,0.0,0.15491109755308533,0.19772291905142267
box_height,0.0,5.0,-20.0,-10.0,normal,0.0,0.07456204683910583,0.07345914751603108
fp_score,0.0,5.0,-20.0,-10.0,normal,0.040387395303696394,0.006943568540446837,24
fp_rate,0.0,5.0,-20.0,-10.0,poisson,0.003377902885292048,24,
distal,0.0,5.0,-10.0,0.0,normal,0.0,0.12887674724744627,0.1703739505295345
perpendicular,0.0,5.0,-10.0,0.0,normal,0.0,0.15218667847280187,0.16461336556738224
height,0.0,5.0,-10.0,0.0,normal,0.0,0.04878598672309973,0.046694851420563614
yaw,0.0,5.0,-10.0,0.0,normal,0.0,0.040267023066803326,0.046949653127275885
width,0.0,5.0,-10.0,0.0,normal,0.0,0.4191002181444943,0.41600957383667586
length,0.0,5.0,-10.0,0.0,normal,0.0,0.15491109755308533,0.19772291905142267
box_height,0.0,5.0,-10.0,0.0,normal,0.0,0.07456204683910583,0.07345914751603108
fp_score,0.0,5.0,-10.0,0.0,normal,0.035255370661616325,0.002628607675433159,2
fp_rate,0.0,5.0,-10.0,0.0,poisson,0.00028149190710767064,2,
distal,0.0,5.0,20.0,30.0,normal,0.0,0.12887674724744627,0.1703739505295345
perpendicular,0.0,5.0,20.0,30.0,normal,0.0,0.15218667847280187,0.16461336556738224
height,0.0,5.0,20.0,30.0,normal,0.0,0.04878598672309973,0.046694851420563614
yaw,0.0,5.0,20.0,30.0,normal,0.0,0.040267023066803326,0.046949653127275885
width,0.0,5.0,20.0,30.0,normal,0.0,0.4191002181444943,0.41600957383667586
length,0.0,5.0,20.0,30.0,normal,0.0,0.15491109755308533,0.19772291905142267
box_height,0.0,5.0,20.0,30.0,normal,0.0,0.07456204683910583,0.07345914751603108
fp_score,0.0,5.0,20.0,30.0,normal,0.04392637684941292,0.006819224806629879,4
fp_rate,0.0,5.0,20.0,30.0,poisson,0.0005629838142153413,4,
miss_detection,0.0,5.0,30.0,40.0,constant,0.0,,
fp_score,0.0,5.0,30.0,40.0,normal,0.0687442800650994,0.04456688128235271,6
fp_rate,0.0,5.0,30.0,40.0,poisson,0.000844475721323012,6,
miss_detection,0.0,5.0,40.0,50.0,constant,0.0,,
distal,0.0,5.0,40.0,50.0,normal,0.0,0.18196372452069312,0.25202773638697634
perpendicular,0.0,5.0,40.0,50.0,normal,0.0,0.1231420099602334,0.17437207157707024
height,0.0,5.0,40.0,50.0,normal,0.0,0.04484333580219026,0.06369021038214366
yaw,0.0,5.0,40.0,50.0,normal,0.0,0.03910895464460478,0.040607353553758184
width,0.0,5.0,40.0,50.0,normal,0.0,0.31335472496974287,0.41582320133845013
length,0.0,5.0,40.0,50.0,normal,0.0,0.10234931740597963,0.18113666772842407
box_height,0.0,5.0,40.0,50.0,normal,0.0,0.059659046742147295,0.07177708546320598
score,0.0,5.0,40.0,50.0,normal,0.643223394950231,0.09215711343793412,24
fp_rate,0.0,5.0,40.0,50.0,poisson,0.0,0,
miss_detection,0.0,5.0,50.0,60.0,constant,0.029411764705882353,,
distal,0.0,5.0,50.0,60.0,normal,0.0,0.11863398498690528,0.15635512423115083
perpendicular,0.0,5.0,50.0,60.0,normal,0.0,0.08748777698723263,0.11592356693229754
height,0.0,5.0,50.0,60.0,normal,0.0,0.03361029458122492,0.03633309855605617
yaw,0.0,5.0,50.0,60.0,normal,0.0,0.034509078108113746,0.041280033694883644
width,0.0,5.0,50.0,60.0,normal,0.0,0.18008433637775853,0.22997510794437293
length,0.0,5.0,50.0,60.0,normal,0.0,0.10761057122044246,0.1378265836022117
box_height,0.0,5.0,50.0,60.0,normal,0.0,0.04904805200583856,0.05694041468880393
score,0.0,5.0,50.0,60.0,normal,0.7536229409954764,0.07984422412967802,68
fp_score,0.0,5.0,50.0,60.0,normal,0.0389544315636158,0.007661289082658284,5
fp_rate,0.0,5.0,50.0,60.0,poisson,0.0007037297677691766,5,
miss_detection,0.0,5.0,60.0,70.0,constant,0.011235955056179775,,
distal,0.0,5.0,60.0,70.0,normal,0.0,0.09510424333074143,0.13403143702531828
perpendicular,0.0,5.0,60.0,70.0,normal,0.0,0.10437070599188189,0.1392344568004276
height,0.0,5.0,60.0,70.0,normal,0.0,0.029826896135454153,0.03157260133461519
yaw,0.0,5.0,60.0,70.0,normal,0.0,0.03401404792881187,0.04594899748791204
width,0.0,5.0,60.0,70.0,normal,0.0,0.2312494946825896,0.20985486832532016
length,0.0,5.0,60.0,70.0,normal,0.0,0.10380955435033867,0.13442412289706143
box_height,0.0,5.0,60.0,70.0,normal,0.0,0.04893141099676414,0.060543847354975616
score,0.0,5.0,60.0,70.0,normal,0.7185935334048488,0.08479521165723672,89
fp_score,0.0,5.0,60.0,70.0,normal,0.14787806490702288,0.18042479716760262,7
fp_rate,0.0,5.0,60.0,70.0,poisson,0.0009852216748768472,7,
miss_detection,0.0,5.0,70.0,80.0,constant,0.0,,
distal,0.0,5.0,70.0,80.0,normal,0.0,0.07885020920526374,0.12047550821864364
perpendicular,0.0,5.0,70.0,80.0,normal,0.0,0.11177950135808494,0.15961741225738266
height,0.0,5.0,70.0,80.0,normal,0.0,0.035352035257965805,0.045803158544003963
yaw,0.0,5.0,70.0,80.0,normal,0.0,0.034441862811788924,0.05194688343116577
width,0.0,5.0,70.0,80.0,normal,0.0,0.17045166408991266,0.21570581942796707
length,0.0,5.0,70.0,80.0,normal,0.0,0.08817463707915398,0.14135156944394112
box_height,0.0,5.0,70.0,80.0,normal,0.0,0.05545379730468359,0.05407930724322796
score,0.0,5.0,70.0,80.0,normal,0.7445344254374504,0.059857169320854095,64
fp_score,0.0,5.0,70.0,80.0,normal,0.03989957393530537,0.010212609549751521,17
fp_rate,0.0,5.0,70.0,80.0,poisson,0.0023926812104152007,17,
miss_detection,0.0,5.0,80.0,90.0,constant,0.011494252873563218,,
distal,0.0,5.0,80.0,90.0,normal,0.0,0.06804450750487542,0.05875606106040538
perpendicular,0.0,5.0,80.0,90.0,normal,0.0,0.10164902591415087,0.10293627673707816
height,0.0,5.0,80.0,90.0,normal,0.0,0.027679015467731813,0.025559938924257144
yaw,0.0,5.0,80.0,90.0,normal,0.0,0.022848397052217126,0.051877255527210626
width,0.0,5.0,80.0,90.0,normal,0.0,0.15977675866598662,0.345662044924359
length,0.0,5.0,80.0,90.0,normal,0.0,0.06523240877421345,0.11682000132494194
box_height,0.0,5.0,80.0,90.0,normal,0.0,0.035139924314880305,0.031707085842309995
score,0.0,5.0,80.0,90.0,normal,0.7589796168166537,0.061011065998871516,87
fp_score,0.0,5.0,80.0,90.0,normal,0.10672769085927443,0.14212003816163613,11
fp_rate,0.0,5.0,80.0,90.0,poisson,0.0015482054890921886,11,
miss_detection,0.0,5.0,90.0,100.0,constant,0.0711864406779661,,
distal,0.0,5.0,90.0,100.0,normal,0.0,0.07520221491102232,0.23920781787574394
perpendicular,0.0,5.0,90.0,100.0,normal,0.0,0.14502106451785063,0.17304519347717048
height,0.0,5.0,90.0,100.0,normal,0.0,0.045153674378754546,0.032868292209875846
yaw,0.0,5.0,90.0,100.0,normal,0.0,0.048526236832316196,0.03874678661121416
width,0.0,5.0,90.0,100.0,normal,0.0,0.5244937502995756,0.5220314098970733
length,0.0,5.0,90.0,100.0,normal,0.0,0.1404454706368321,0.28852404991205594
box_height,0.0,5.0,90.0,100.0,normal,0.0,0.0492602159074815,0.04121537017126153
score,0.0,5.0,90.0,100.0,normal,0.48620670674926175,0.08343527332768834,295
fp_score,0.0,5.0,90.0,100.0,normal,0.3894237163834847,0.1704298795783288,26
fp_rate,0.0,5.0,90.0,100.0,poisson,0.0036593947923997186,26,
miss_detection,0.0,5.0,100.0,110.0,constant,0.03225806451612903,,
distal,0.0,5.0,100.0,110.0,normal,0.0,0.0894626842009483,0.14916972148296181
perpendicular,0.0,5.0,100.0,110.0,normal,0.0,0.256679138705667,0.30479890842183993
height,0.0,5.0,100.0,110.0,normal,0.0,0.03461337906669739,0.042394069168302746
yaw,0.0,5.0,100.0,110.0,normal,0.0,0.04923474603459034,0.06938675187411718
width,0.0,5.0,100.0,110.0,normal,0.0,0.5599491494513932,0.6408757951524523
length,0.0,5.0,100.0,110.0,normal,0.0,0.2079468339346963,0.23603835105895996
box_height,0.0,5.0,100.0,110.0,normal,0.0,0.05397643128946373,0.07239200406604343
score,0.0,5.0,100.0,110.0,normal,0.6288727250364091,0.1538211622871081,93
fp_score,0.0,5.0,100.0,110.0,normal,0.13893177527934314,0.17790203623726492,10
fp_rate,0.0,5.0,100.0,110.0,poisson,0.0014074595355383533,10,
miss_detection,0.0,5.0,110.0,120.0,constant,0.05970149253731343,,
distal,0.0,5.0,110.0,120.0,normal,0.0,0.14798178971412218,0.19027841084176192
perpendicular,0.0,5.0,110.0,120.0,normal,0.0,0.1782332309507047,0.20089225024468244
height,0.0,5.0,110.0,120.0,normal,0.0,0.03819849688661693,0.04296706877057514
yaw,0.0,5.0,110.0,120.0,normal,0.0,0.034727600566606086,0.058115273413787936
width,0.0,5.0,110.0,120.0,normal,0.0,0.49799714325278677,0.45668785912649973
length,0.0,5.0,110.0,120.0,normal,0.0,0.20285366924387668,0.17062993276686894
box_height,0.0,5.0,110.0,120.0,normal,0.0,0.06130538873240069,0.07751887752896264
score,0.0,5.0,110.0,120.0,normal,0.6635270629610334,0.10998401040923834,67
fp_score,0.0,5.0,110.0,120.0,normal,0.2031623017974198,0.23026888463919154,8
fp_rate,0.0,5.0,110.0,120.0,poisson,0.0011259676284306826,8,
miss_detection,0.0,5.0,120.0,130.0,constant,0.012195121951219513,,
distal,0.0,5.0,120.0,130.0,normal,0.0,0.2111858127259455,0.23091801401718023
perpendicular,0.0,5.0,120.0,130.0,normal,0.0,0.1692344660770824,0.20053873222645238
height,0.0,5.0,120.0,130.0,normal,0.0,0.03591199694307456,0.037576662169562444
yaw,0.0,5.0,120.0,130.0,normal,0.0,0.04401383394431071,0.04142002986583657
width,0.0,5.0,120.0,130.0,normal,0.0,0.5749353488936697,0.49709317124920127
length,0.0,5.0,120.0,130.0,normal,0.0,0.23175512148181043,0.22789710539358635
box_height,0.0,5.0,120.0,130.0,normal,0.0,0.06493498275289057,0.06889141047442401
score,0.0,5.0,120.0,130.0,normal,0.6799995557025627,0.11868796218097954,82
fp_score,0.0,5.0,120.0,130.0,normal,0.3098416268825531,0.22070225039551228,5
fp_rate,0.0,5.0,120.0,130.0,poisson,0.0007037297677691766,5,
miss_detection,0.0,5.0,130.0,140.0,constant,0.022222222222222223,,
distal,0.0,5.0,130.0,140.0,normal,0.0,0.21892140551050937,0.22514611674808033
perpendicular,0.0,5.0,130.0,140.0,normal,0.0,0.11466531614438429,0.13140787254720057
height,0.0,5.0,130.0,140.0,normal,0.0,0.049300694395570326,0.050713904879309914
yaw,0.0,5.0,130.0,140.0,normal,0.0,0.03482879837406841,0.04146069776392744
width,0.0,5.0,130.0,140.0,normal,0.0,0.610211048420785,0.5636932199651544
length,0.0,5.0,130.0,140.0,normal,0.0,0.20634138849860936,0.2384579208764163
box_height,0.0,5.0,130.0,140.0,normal,0.0,0.06396405439331866,0.07893197644840587
score,0.0,5.0,130.0,140.0,normal,0.6081872656941414,0.09531571918948815,45
fp_rate,0.0,5.0,130.0,140.0,poisson,0.00014074595355383532,1,
miss_detection,0.0,5.0,140.0,150.0,constant,0.0,,
distal,0.0,5.0,140.0,150.0,normal,0.0,0.0996901536960422,0.12051463899836912
perpendicular,0.0,5.0,140.0,150.0,normal,0.0,0.06254414712876934,0.07844379623917384
height,0.0,5.0,140.0,150.0,normal,0.0,0.017193855594431914,0.059314918518066403
yaw,0.0,5.0,140.0,150.0,normal,0.0,0.02431842922455697,0.039147321879863736
width,0.0,5.0,140.0,150.0,normal,0.0,0.1702005125726469,0.4049098014831543
length,0.0,5.0,140.0,150.0,normal,0.0,0.060190122647891954,0.07632293701171874
box_height,0.0,5.0,140.0,150.0,normal,0.0,0.055086106405013865,0.07518391609191895
score,0.0,5.0,140.0,150.0,normal,0.6952101349830627,0.037145032028385476,5
fp_rate,0.0,5.0,140.0,150.0,poisson,0.0,0,
distal,0.0,5.0,150.0,160.0,normal,0.0,0.12887674724744627,0.1703739505295345
perpendicular,0.0,5.0,150.0,160.0,normal,0.0,0.15218667847280187,0.16461336556738224
height,0.0,5.0,150.0,160.0,normal,0.0,0.04878598672309973,0.046694851420563614
yaw,0.0,5.0,150.0,160.0,normal,0.0,0.040267023066803326,0.046949653127275885
width,0.0,5.0,150.0,160.0,normal,0.0,0.4191002181444943,0.41600957383667586
length,0.0,5.0,150.0,160.0,normal,0.0,0.15491109755308533,0.19772291905142267
box_height,0.0,5.0,150.0,160.0,normal,0.0,0.07456204683910583,0.07345914751603108
fp_score,0.0,5.0,150.0,160.0,normal,0.03315933793783188,0.0012857578694820404,2
fp_rate,0.0,5.0,150.0,160.0,poisson,0.00028149190710767064,2,
distal,0.0,5.0,160.0,170.0,normal,0.0,0.12887674724744627,0.1703739505295345
perpendicular,0.0,5.0,160.0,170.0,normal,0.0,0.15218667847280187,0.16461336556738224
height,0.0,5.0,160.0,170.0,normal,0.0,0.04878598672309973,0.046694851420563614
yaw,0.0,5.0,160.0,170.0,normal,0.0,0.040267023066803326,0.046949653127275885
width,0.0,5.0,160.0,170.0,normal,0.0,0.4191002181444943,0.41600957383667586
length,0.0,5.0,160.0,170.0,normal,0.0,0.15491109755308533,0.19772291905142267
box_height,0.0,5.0,160.0,170.0,normal,0.0,0.07456204683910583,0.07345914751603108
fp_rate,0.0,5.0,160.0,170.0,poisson,0.00014074595355383532,1,
miss_detection,5.0,10.0,-180.0,-170.0,constant,0.0,,
distal,5.0,10.0,-180.0,-170.0,normal,0.0,0.13189141829726586,0.17477329262514468
perpendicular,5.0,10.0,-180.0,-170.0,normal,0.0,0.04387519986849058,0.05692881029601354
height,5.0,10.0,-180.0,-170.0,normal,0.0,0.07721218999196934,0.08302836135400686
yaw,5.0,10.0,-180.0,-170.0,normal,0.0,0.04339886869807137,0.07233656829097097
width,5.0,10.0,-180.0,-170.0,normal,0.0,0.3617239730668247,0.3084070211273685
length,5.0,10.0,-180.0,-170.0,normal,0.0,0.1027856024146179,0.1005882314497695
box_height,5.0,10.0,-180.0,-170.0,normal,0.0,0.13615219178188773,0.11357983174470647
score,5.0,10.0,-180.0,-170.0,normal,0.6634688493447981,0.1121827304963038,683
fp_score,5.0,10.0,-180.0,-170.0,normal,0.03974565254016356,0.012808980149197355,22
fp_rate,5.0,10.0,-180.0,-170.0,poisson,0.003096410978184377,22,
miss_detection,5.0,10.0,-170.0,-160.0,constant,0.0,,
distal,5.0,10.0,-170.0,-160.0,normal,0.0,0.04765580898328725,0.09220859319554393
perpendicular,5.0,10.0,-170.0,-160.0,normal,0.0,0.0601181461216418,0.07436796948238841
height,5.0,10.0,-170.0,-160.0,normal,0.0,0.08495310770077204,0.0988747701048851
yaw,5.0,10.0,-170.0,-160.0,normal,0.0,0.033604193137646836,0.041885208105668426
width,5.0,10.0,-170.0,-160.0,normal,0.0,0.30456733957772697,0.5916315317153931
length,5.0,10.0,-170.0,-160.0,normal,0.0,0.0764579746075941,0.15411633253097534
box_height,5.0,10.0,-170.0,-160.0,normal,0.0,0.0918522435096094,0.14906282722949982
score,5.0,10.0,-170.0,-160.0,normal,0.6155343614518642,0.1717938131087295,8
fp_score,5.0,10.0,-170.0,-160.0,normal,0.0815099235624075,0.05113867932125371,11
fp_rate,5.0,10.0,-170.0,-160.0,poisson,0.0015482054890921886,11,
miss_detection,5.0,10.0,-160.0,-150.0,constant,0.13756613756613756,,
distal,5.0,10.0,-160.0,-150.0,normal,0.0,0.14874395441498564,0.16817305184870124
perpendicular,5.0,10.0,-160.0,-150.0,normal,0.0,0.07149929097195752,0.08595126643737482
height,5.0,10.0,-160.0,-150.0,normal,0.0,0.06103542039492649,0.06786342888522001
yaw,5.0,10.0,-160.0,-150.0,normal,0.0,0.02995019382355659,0.040255122236690366
width,5.0,10.0,-160.0,-150.0,normal,0.0,0.3054224553018565,0.3637655337164007
length,5.0,10.0,-160.0,-150.0,normal,0.0,0.09496673919314226,0.12281784250692356
box_height,5.0,10.0,-160.0,-150.0,normal,0.0,0.08070529033805976,0.09501087226750661
score,5.0,10.0,-160.0,-150.0,normal,0.6709365557673519,0.10220631307373092,189
fp_score,5.0,10.0,-160.0,-150.0,normal,0.3256991781385207,0.25780330922559347,41
fp_rate,5.0,10.0,-160.0,-150.0,poisson,0.005770584095707248,41,
miss_detection,5.0,10.0,-150.0,-140.0,constant,0.08620689655172414,,
distal,5.0,10.0,-150.0,-140.0,normal,0.0,0.12508696468364533,0.15933576420063286
perpendicular,5.0,10.0,-150.0,-140.0,normal,0.0,0.06826815866612244,0.0931692326334808
height,5.0,10.0,-150.0,-140.0,normal,0.0,0.05088157465361886,0.05821287800680916
yaw,5.0,10.0,-150.0,-140.0,normal,0.0,0.029937172793966602,0.04306393546241177
width,5.0,10.0,-150.0,-140.0,normal,0.0,0.2533239384914822,0.34348893615434756
length,5.0,10.0,-150.0,-140.0,normal,0.0,0.10276845697344586,0.140008585632972
box_height,5.0,10.0,-150.0,-140.0,normal,0.0,0.0684900554647918,0.08561882320440041
score,5.0,10.0,-150.0,-140.0,normal,0.6821377327981984,0.11095389717488145,116
fp_score,5.0,10.0,-150.0,-140.0,normal,0.08585756221735799,0.12617683409054864,74
fp_rate,5.0,10.0,-150.0,-140.0,poisson,0.010415200562983814,74,
miss_detection,5.0,10.0,-140.0,-130.0,constant,0.46296296296296297,,
distal,5.0,10.0,-140.0,-130.0,normal,0.0,0.10899065485361567,0.14885532604376409
perpendicular,5.0,10.0,-140.0,-130.0,normal,0.0,0.0984055548190426,0.11004052944669325
height,5.0,10.0,-140.0,-130.0,normal,0.0,0.05625701416432973,0.06503958126594281
yaw,5.0,10.0,-140.0,-130.0,normal,0.0,0.02891651443912482,0.04007421388773352
width,5.0,10.0,-140.0,-130.0,normal,0.0,0.23377719501635186,0.24489754643933526
length,5.0,10.0,-140.0,-130.0,normal,0.0,0.10158707572311242,0.1165969495115609
box_height,5.0,10.0,-140.0,-130.0,normal,0.0,0.07441702161361058,0.09333197001753182
score,5.0,10.0,-140.0,-130.0,normal,0.6908693257076987,0.1021255061880457,108
fp_score,5.0,10.0,-140.0,-130.0,normal,0.19861418723508165,0.2042288961308311,135
fp_rate,5.0,10.0,-140.0,-130.0,poisson,0.019000703729767768,135,
miss_detection,5.0,10.0,-130.0,-120.0,constant,0.07042253521126761,,
distal,5.0,10.0,-130.0,-120.0,normal,0.0,0.06710131314783224,0.0879940497302458
perpendicular,5.0,10.0,-130.0,-120.0,normal,0.0,0.10903031445504813,0.18868598724813038
height,5.0,10.0,-130.0,-120.0,normal,0.0,0.05021118570841086,0.05301585793495178
yaw,5.0,10.0,-130.0,-120.0,normal,0.0,0.05447769162080428,0.05448406628530586
width,5.0,10.0,-130.0,-120.0,normal,0.0,0.11961329187506652,0.23904188112779098
length,5.0,10.0,-130.0,-120.0,normal,0.0,0.08649105790176631,0.07691916371836807
box_height,5.0,10.0,-130.0,-120.0,normal,0.0,0.0707226220201379,0.06325764547694813
score,5.0,10.0,-130.0,-120.0,normal,0.7373723776051493,0.12490318734084165,71
fp_score,5.0,10.0,-130.0,-120.0,normal,0.0712871650813216,0.0578209890396117,299
fp_rate,5.0,10.0,-130.0,-120.0,poisson,0.04208304011259676,299,
miss_detection,5.0,10.0,-120.0,-110.0,constant,0.037383177570093455,,
distal,5.0,10.0,-120.0,-110.0,normal,0.0,0.05416690410423239,0.08521240391494794
perpendicular,5.0,10.0,-120.0,-110.0,normal,0.0,0.0832714518333719,0.2170081947257854
height,5.0,10.0,-120.0,-110.0,normal,0.0,0.05648197077259512,0.0880063060417916
yaw,5.0,10.0,-120.0,-110.0,normal,0.0,0.031753246747227945,0.04149441506600713
width,5.0,10.0,-120.0,-110.0,normal,0.0,0.10816031668896628,0.2927167994304768
length,5.0,10.0,-120.0,-110.0,normal,0.0,0.06552539195777092,0.0394033760700411
box_height,5.0,10.0,-120.0,-110.0,normal,0.0,0.06305668071864941,0.06680732907600773
score,5.0,10.0,-120.0,-110.0,normal,0.7709890285741936,0.10252940446350774,107
fp_score,5.0,10.0,-120.0,-110.0,normal,0.058285508361564674,0.06586309426108339,197
fp_rate,5.0,10.0,-120.0,-110.0,poisson,0.027726952850105558,197,
miss_detection,5.0,10.0,-110.0,-100.0,constant,0.07407407407407407,,
distal,5.0,10.0,-110.0,-100.0,normal,0.0,0.054904390941504434,0.07512064806774041
perpendicular,5.0,10.0,-110.0,-100.0,normal,0.0,0.09972977975558137,0.1434284862089607
height,5.0,10.0,-110.0,-100.0,normal,0.0,0.06132289886749358,0.05828577518463135
yaw,5.0,10.0,-110.0,-100.0,normal,0.0,0.06309829052254196,0.07034614349715412
width,5.0,10.0,-110.0,-100.0,normal,0.0,0.1742377320348212,0.24074881553649902
length,5.0,10.0,-110.0,-100.0,normal,0.0,0.15458676900125862,0.14349892616271973
box_height,5.0,10.0,-110.0,-100.0,normal,0.0,0.08812954239959837,0.13111016273498535
score,5.0,10.0,-110.0,-100.0,normal,0.6270862412452698,0.13018564098094976,27
fp_score,5.0,10.0,-110.0,-100.0,normal,0.0588483973744918,0.03981808235964959,220
fp_rate,5.0,10.0,-110.0,-100.0,poisson,0.03096410978184377,220,
miss_detection,5.0,10.0,-100.0,-90.0,constant,0.06896551724137931,,
distal,5.0,10.0,-100.0,-90.0,normal,0.0,0.08299101876646801,0.1160399992308182
perpendicular,5.0,10.0,-100.0,-90.0,normal,0.0,0.2008729645954809,0.21328788239323995
height,5.0,10.0,-100.0,-90.0,normal,0.0,0.06533703463793451,0.0707182420624627
yaw,5.0,10.0,-100.0,-90.0,normal,0.0,0.06919723139848508,0.07992757005270347
width,5.0,10.0,-100.0,-90.0,normal,0.0,0.17992666811828836,0.24835739312348543
length,5.0,10.0,-100.0,-90.0,normal,0.0,0.0950774575909805,0.11812889575958252
box_height,5.0,10.0,-100.0,-90.0,normal,0.0,0.09548302315785792,0.12340403927697076
score,5.0,10.0,-100.0,-90.0,normal,0.6397495192510111,0.12494282304842755,29
fp_score,5.0,10.0,-100.0,-90.0,normal,0.0580504773267868,0.030936586735231444,291
fp_rate,5.0,10.0,-100.0,-90.0,poisson,0.04095707248416608,291,
miss_detection,5.0,10.0,-90.0,-80.0,constant,0.07692307692307693,,
distal,5.0,10.0,-90.0,-80.0,normal,0.0,0.05641581241326077,0.07172265568405017
perpendicular,5.0,10.0,-90.0,-80.0,normal,0.0,0.09589274471616495,0.1466484282122576
height,5.0,10.0,-90.0,-80.0,normal,0.0,0.03603013070762139,0.049492232501506805
yaw,5.0,10.0,-90.0,-80.0,normal,0.0,0.0429381556721052,0.06586790061677068
width,5.0,10.0,-90.0,-80.0,normal,0.0,0.2108047496674972,0.2601757049560547
length,5.0,10.0,-90.0,-80.0,normal,0.0,0.09363525263153838,0.14137743413448334
box_height,5.0,10.0,-90.0,-80.0,normal,0.0,0.09547570067693098,0.1325505127509435
score,5.0,10.0,-90.0,-80.0,normal,0.6684991692503294,0.09777992199808558,26
fp_score,5.0,10.0,-90.0,-80.0,normal,0.06828621014331777,0.037413951004474526,264
fp_rate,5.0,10.0,-90.0,-80.0,poisson,0.03715693173821252,264,
miss_detection,5.0,10.0,-80.0,-70.0,constant,0.10714285714285714,,
distal,5.0,10.0,-80.0,-70.0,normal,0.0,0.06421468944408988,0.09116467000973044
perpendicular,5.0,10.0,-80.0,-70.0,normal,0.0,0.07148610178702627,0.10687922892417415
height,5.0,10.0,-80.0,-70.0,normal,0.0,0.04362569934307353,0.046278395652771
yaw,5.0,10.0,-80.0,-70.0,normal,0.0,0.04574814547045745,0.05214935836847871
width,5.0,10.0,-80.0,-70.0,normal,0.0,0.20400391819169145,0.262691650390625
length,5.0,10.0,-80.0,-70.0,normal,0.0,0.09634090702181053,0.1520211362838745
box_height,5.0,10.0,-80.0,-70.0,normal,0.0,0.08879451115908073,0.11978039741516114
score,5.0,10.0,-80.0,-70.0,normal,0.6502570533752441,0.10355439634735003,28
fp_score,5.0,10.0,-80.0,-70.0,normal,0.08290824964328596,0.05366595023489415,356
fp_rate,5.0,10.0,-80.0,-70.0,poisson,0.05010555946516538,356,
miss_detection,5.0,10.0,-70.0,-60.0,constant,0.0,,
distal,5.0,10.0,-70.0,-60.0,normal,0.0,0.056474047220830166,0.07673547265967345
perpendicular,5.0,10.0,-70.0,-60.0,normal,0.0,0.0898637422581764,0.1332168321892883
height,5.0,10.0,-70.0,-60.0,normal,0.0,0.04861545203957706,0.052362111306959586
yaw,5.0,10.0,-70.0,-60.0,normal,0.0,0.04666487057741602,0.06447268271790231
width,5.0,10.0,-70.0,-60.0,normal,0.0,0.1948325800073189,0.29287195205688477
length,5.0,10.0,-70.0,-60.0,normal,0.0,0.08392201674703754,0.13375196918364493
box_height,5.0,10.0,-70.0,-60.0,normal,0.0,0.08311230539365426,0.13581598958661478
score,5.0,10.0,-70.0,-60.0,normal,0.6645328719769755,0.11883853672815041,31
fp_score,5.0,10.0,-70.0,-60.0,normal,0.058997684824919586,0.04537824895061072,204
fp_rate,5.0,10.0,-70.0,-60.0,poisson,0.02871217452498241,204,
miss_detection,5.0,10.0,-60.0,-50.0,constant,0.029411764705882353,,
distal,5.0,10.0,-60.0,-50.0,normal,0.0,0.07301535243172416,0.10779120974126219
perpendicular,5.0,10.0,-60.0,-50.0,normal,0.0,0.10567160891763523,0.15942759646586613
height,5.0,10.0,-60.0,-50.0,normal,0.0,0.06481888656275683,0.05105259924223929
yaw,5.0,10.0,-60.0,-50.0,normal,0.0,0.03692009982238758,0.052469649200595936
width,5.0,10.0,-60.0,-50.0,normal,0.0,0.17559507871799715,0.3268035758625377
length,5.0,10.0,-60.0,-50.0,normal,0.0,0.10492505667467857,0.14926609848484848
box_height,5.0,10.0,-60.0,-50.0,normal,0.0,0.09317800366462718,0.11978970151959044
score,5.0,10.0,-60.0,-50.0,normal,0.6781241126132734,0.116780778482376,34
fp_score,5.0,10.0,-60.0,-50.0,normal,0.06456786072647511,0.09318776798269628,197
fp_rate,5.0,10.0,-60.0,-50.0,poisson,0.027726952850105558,197,
miss_detection,5.0,10.0,-50.0,-40.0,constant,0.203125,,
distal,5.0,10.0,-50.0,-40.0,normal,0.0,0.09263404843807363,0.12068541176939929
perpendicular,5.0,10.0,-50.0,-40.0,normal,0.0,0.09444762302986559,0.1307326185429425
height,5.0,10.0,-50.0,-40.0,normal,0.0,0.04007829775322935,0.05361329106723561
yaw,5.0,10.0,-50.0,-40.0,normal,0.0,0.02575426190541365,0.05282906963325599
width,5.0,10.0,-50.0,-40.0,normal,0.0,0.1861539330984372,0.34810436940660666
length,5.0,10.0,-50.0,-40.0,normal,0.0,0.0943869013777594,0.1339409117605172
box_height,5.0,10.0,-50.0,-40.0,normal,0.0,0.10426732976109813,0.10614667686761595
score,5.0,10.0,-50.0,-40.0,normal,0.6918485269827002,0.11106894547955816,64
fp_score,5.0,10.0,-50.0,-40.0,normal,0.08746320324803679,0.13090673971676295,121
fp_rate,5.0,10.0,-50.0,-40.0,poisson,0.017030260380014074,121,
miss_detection,5.0,10.0,-40.0,-30.0,constant,0.15671641791044777,,
distal,5.0,10.0,-40.0,-30.0,normal,0.0,0.17473808700200033,0.2143563864680194
perpendicular,5.0,10.0,-40.0,-30.0,normal,0.0,0.11028302881570577,0.13120193756598406
height,5.0,10.0,-40.0,-30.0,normal,0.0,0.05344549967444953,0.07527007729606291
yaw,5.0,10.0,-40.0,-30.0,normal,0.0,0.03148408443985213,0.0501789129400972
width,5.0,10.0,-40.0,-30.0,normal,0.0,0.283949860489403,0.4442287314254626
length,5.0,10.0,-40.0,-30.0,normal,0.0,0.12577673570630987,0.1666264744986475
box_height,5.0,10.0,-40.0,-30.0,normal,0.0,0.10861229337282423,0.09047453065889072
score,5.0,10.0,-40.0,-30.0,normal,0.6616560785116348,0.1073227665258636,134
fp_score,5.0,10.0,-40.0,-30.0,normal,0.13182276122979003,0.18824114971952657,137
fp_rate,5.0,10.0,-40.0,-30.0,poisson,0.01928219563687544,137,
miss_detection,5.0,10.0,-30.0,-20.0,constant,0.18357487922705315,,
distal,5.0,10.0,-30.0,-20.0,normal,0.0,0.15186820627393163,0.19914202391308675
perpendicular,5.0,10.0,-30.0,-20.0,normal,0.0,0.08488526632578552,0.11101451156123777
height,5.0,10.0,-30.0,-20.0,normal,0.0,0.060247164001960306,0.07529138037438929
yaw,5.0,10.0,-30.0,-20.0,normal,0.0,0.04449049667444274,0.06623417158892168
width,5.0,10.0,-30.0,-20.0,normal,0.0,0.26945894482171245,0.4167658422120224
length,5.0,10.0,-30.0,-20.0,normal,0.0,0.10744747987077476,0.16220020330869234
box_height,5.0,10.0,-30.0,-20.0,normal,0.0,0.07981254163002534,0.0848095967219426
score,5.0,10.0,-30.0,-20.0,normal,0.6863234483984095,0.09376429465349281,207
fp_score,5.0,10.0,-30.0,-20.0,normal,0.1909153990830495,0.20393451432891843,107
fp_rate,5.0,10.0,-30.0,-20.0,poisson,0.01505981703026038,107,
miss_detection,5.0,10.0,-20.0,-10.0,constant,0.0425531914893617,,
distal,5.0,10.0,-20.0,-10.0,normal,0.0,0.15230321614502837,0.18408143027683616
perpendicular,5.0,10.0,-20.0,-10.0,normal,0.0,0.0691013068855879,0.10169612194047456
height,5.0,10.0,-20.0,-10.0,normal,0.0,0.05642045404871978,0.0659954932000902
yaw,5.0,10.0,-20.0,-10.0,normal,0.0,0.02827369225608787,0.0577900357130501
width,5.0,10.0,-20.0,-10.0,normal,0.0,0.28985825101655077,0.37568990389506024
length,5.0,10.0,-20.0,-10.0,normal,0.0,0.1114175091509966,0.14177098804050023
box_height,5.0,10.0,-20.0,-10.0,normal,0.0,0.0572796030237594,0.0801636192533705
score,5.0,10.0,-20.0,-10.0,normal,0.7285474671257867,0.06189812167810118,47
fp_score,5.0,10.0,-20.0,-10.0,normal,0.12581711344850752,0.15597909837689075,52
fp_rate,5.0,10.0,-20.0,-10.0,poisson,0.007318789584799437,52,
miss_detection,5.0,10.0,-10.0,0.0,constant,1.0,,
fp_score,5.0,10.0,-10.0,0.0,normal,0.04823821157010065,0.0493061675490632,36
fp_rate,5.0,10.0,-10.0,0.0,poisson,0.005066854327938072,36,
miss_detection,5.0,10.0,0.0,10.0,constant,0.01818181818181818,,
distal,5.0,10.0,0.0,10.0,normal,0.0,0.14203053759799222,0.20267609203810683
perpendicular,5.0,10.0,0.0,10.0,normal,0.0,0.050334843825621034,0.058714952819176554
height,5.0,10.0,0.0,10.0,normal,0.0,0.038344500950768336,0.044629948006735906
yaw,5.0,10.0,0.0,10.0,normal,0.0,0.06823780405484042,0.10687891658636983
width,5.0,10.0,0.0,10.0,normal,0.0,0.09535323818238874,0.22445576279251664
length,5.0,10.0,0.0,10.0,normal,0.0,0.03689050140269578,0.1796611083878411
box_height,5.0,10.0,0.0,10.0,normal,0.0,0.04605193249385444,0.08705574715578998
score,5.0,10.0,0.0,10.0,normal,0.4592616304203316,0.061395670485838064,55
fp_score,5.0,10.0,0.0,10.0,normal,0.04288298264145851,0.002049250516818023,3
fp_rate,5.0,10.0,0.0,10.0,poisson,0.000422237860661506,3,
miss_detection,5.0,10.0,10.0,20.0,constant,0.0,,
distal,5.0,10.0,10.0,20.0,normal,0.0,0.14808425526276536,0.151561509736721
perpendicular,5.0,10.0,10.0,20.0,normal,0.0,0.04198555387654287,0.06357786093332123
height,5.0,10.0,10.0,20.0,normal,0.0,0.04053315984223658,0.06139819324016571
yaw,5.0,10.0,10.0,20.0,normal,0.0,0.01708147866605693,0.024444735321225153
width,5.0,10.0,10.0,20.0,normal,0.0,0.12162068335706921,0.27070847153663635
length,5.0,10.0,10.0,20.0,normal,0.0,0.05899885295347792,0.19424793124198914
box_height,5.0,10.0,10.0,20.0,normal,0.0,0.045749826081074876,0.07788912951946259
score,5.0,10.0,10.0,20.0,normal,0.7625320367515087,0.05016975572525141,16
fp_score,5.0,10.0,10.0,20.0,normal,0.08799162196616332,0.10855999138225267,6
fp_rate,5.0,10.0,10.0,20.0,poisson,0.000844475721323012,6,
miss_detection,5.0,10.0,20.0,30.0,constant,0.0035211267605633804,,
distal,5.0,10.0,20.0,30.0,normal,0.0,0.14041716251964198,0.1677306315646856
perpendicular,5.0,10.0,20.0,30.0,normal,0.0,0.06461802742647631,0.11184492696795921
height,5.0,10.0,20.0,30.0,normal,0.0,0.050827848975875826,0.07470274603408976
yaw,5.0,10.0,20.0,30.0,normal,0.0,0.025111834426089826,0.04226953892667525
width,5.0,10.0,20.0,30.0,normal,0.0,0.2155879476751817,0.3762911772980707
length,5.0,10.0,20.0,30.0,normal,0.0,0.08030637690567549,0.12997138205349656
box_height,5.0,10.0,20.0,30.0,normal,0.0,0.0915432703293321,0.13860041513881077
score,5.0,10.0,20.0,30.0,normal,0.7537834828607607,0.07393180157201718,284
fp_score,5.0,10.0,20.0,30.0,normal,0.17847384065389632,0.17321252880854465,5
fp_rate,5.0,10.0,20.0,30.0,poisson,0.0007037297677691766,5,
miss_detection,5.0,10.0,30.0,40.0,constant,0.023391812865497075,,
distal,5.0,10.0,30.0,40.0,normal,0.0,0.1415771348272617,0.16743321186684662
perpendicular,5.0,10.0,30.0,40.0,normal,0.0,0.06611028131303735,0.08740386393681962
height,5.0,10.0,30.0,40.0,normal,0.0,0.03545632236788195,0.04645889604876855
yaw,5.0,10.0,30.0,40.0,normal,0.0,0.027959577630114925,0.0337474634658579
width,5.0,10.0,30.0,40.0,normal,0.0,0.22841293989981926,0.2473810261595035
length,5.0,10.0,30.0,40.0,normal,0.0,0.10359822046526948,0.14480417931151246
box_height,5.0,10.0,30.0,40.0,normal,0.0,0.047515600571503135,0.05409870176258201
score,5.0,10.0,30.0,40.0,normal,0.7251931957142081,0.09244720993224517,171
fp_score,5.0,10.0,30.0,40.0,normal,0.07664249885466791,0.08284778477849848,62
fp_rate,5.0,10.0,30.0,40.0,poisson,0.00872624912033779,62,
miss_detection,5.0,10.0,40.0,50.0,constant,0.03484320557491289,,
distal,5.0,10.0,40.0,50.0,normal,0.0,0.11532316372225099,0.12175150571523458
perpendicular,5.0,10.0,40.0,50.0,normal,0.0,0.09528486273129161,0.10348083939411604
height,5.0,10.0,40.0,50.0,normal,0.0,0.049377104988028324,0.04904105366352233
yaw,5.0,10.0,40.0,50.0,normal,0.0,0.024647134434744464,0.03323052517154036
width,5.0,10.0,40.0,50.0,normal,0.0,0.3026117849502398,0.2668376149683653
length,5.0,10.0,40.0,50.0,normal,0.0,0.09802019805606234,0.14126554120748913
box_height,5.0,10.0,40.0,50.0,normal,0.0,0.08452598332076272,0.08109353122298038
score,5.0,10.0,40.0,50.0,normal,0.702943150747554,0.09511680442250119,287
fp_score,5.0,10.0,40.0,50.0,normal,0.1344262987807177,0.1800312688450881,69
fp_rate,5.0,10.0,40.0,50.0,poisson,0.009711470795214637,69,
miss_detection,5.0,10.0,50.0,60.0,constant,0.05813953488372093,,
distal,5.0,10.0,50.0,60.0,normal,0.0,0.11004389191419153,0.1263346664753175
perpendicular,5.0,10.0,50.0,60.0,normal,0.0,0.12327173705697154,0.13345467919669277
height,5.0,10.0,50.0,60.0,normal,0.0,0.04924793260524262,0.05484677207322768
yaw,5.0,10.0,50.0,60.0,normal,0.0,0.030163106312890806,0.041899888871548795
width,5.0,10.0,50.0,60.0,normal,0.0,0.3469739791565831,0.31978992621103924
length,5.0,10.0,50.0,60.0,normal,0.0,0.10352349334268654,0.13644171276210268
box_height,5.0,10.0,50.0,60.0,normal,0.0,0.09742093828620108,0.10452562717743862
score,5.0,10.0,50.0,60.0,normal,0.6741498453013691,0.11354101308166546,172
fp_score,5.0,10.0,50.0,60.0,normal,0.10372970953077368,0.14531725366819112,103
fp_rate,5.0,10.0,50.0,60.0,poisson,0.014496833216045038,103,
miss_detection,5.0,10.0,60.0,70.0,constant,0.07518796992481203,,
distal,5.0,10.0,60.0,70.0,normal,0.0,0.09880972369349057,0.14822436559264296
perpendicular,5.0,10.0,60.0,70.0,normal,0.0,0.15978377357200357,0.1955398762877311
height,5.0,10.0,60.0,70.0,normal,0.0,0.05394702849365151,0.05997663590966201
yaw,5.0,10.0,60.0,70.0,normal,0.0,0.032577516610360846,0.04589289106010085
width,5.0,10.0,60.0,70.0,normal,0.0,0.3515449753749188,0.3970706036420372
length,5.0,10.0,60.0,70.0,normal,0.0,0.11972442608017152,0.14695317280001757
box_height,5.0,10.0,60.0,70.0,normal,0.0,0.09820604766266215,0.10359414030865925
score,5.0,10.0,60.0,70.0,normal,0.6354034465502917,0.13078948701636142,133
fp_score,5.0,10.0,60.0,70.0,normal,0.08395659544526837,0.11308609830657801,172
fp_rate,5.0,10.0,60.0,70.0,poisson,0.024208304011259677,172,
miss_detection,5.0,10.0,70.0,80.0,constant,0.088,,
distal,5.0,10.0,70.0,80.0,normal,0.0,0.09402718033161299,0.1268586803036979
perpendicular,5.0,10.0,70.0,80.0,normal,0.0,0.176675704523965,0.18991935645072636
height,5.0,10.0,70.0,80.0,normal,0.0,0.05480730144933062,0.07245117112209923
yaw,5.0,10.0,70.0,80.0,normal,0.0,0.03409192054801186,0.04429662064880091
width,5.0,10.0,70.0,80.0,normal,0.0,0.3825871856371867,0.4193049125504075
length,5.0,10.0,70.0,80.0,normal,0.0,0.12260690922549757,0.14619616771999158
box_height,5.0,10.0,70.0,80.0,normal,0.0,0.08115793814925781,0.09534107593067906
score,5.0,10.0,70.0,80.0,normal,0.6328862126459155,0.12836898131926794,125
fp_score,5.0,10.0,70.0,80.0,normal,0.09330632502434553,0.12366112565376505,143
fp_rate,5.0,10.0,70.0,80.0,poisson,0.020126671358198452,143,
miss_detection,5.0,10.0,80.0,90.0,constant,0.041666666666666664,,
distal,5.0,10.0,80.0,90.0,normal,0.0,0.08275589238390257,0.09692182653245507
perpendicular,5.0,10.0,80.0,90.0,normal,0.0,0.16869977722297932,0.2200323459254137
height,5.0,10.0,80.0,90.0,normal,0.0,0.05668396504998813,0.056663828699485115
yaw,5.0,10.0,80.0,90.0,normal,0.0,0.03664713697728147,0.042861708583689186
width,5.0,10.0,80.0,90.0,normal,0.0,0.2749472462871247,0.31012102443238965
length,5.0,10.0,80.0,90.0,normal,0.0,0.0946506362424284,0.14375555580076965
box_height,5.0,10.0,80.0,90.0,normal,0.0,0.07366443146150321,0.11355090918748276
score,5.0,10.0,80.0,90.0,normal,0.6686088863922202,0.11504313846450055,192
fp_score,5.0,10.0,80.0,90.0,normal,0.09346546856196303,0.1282656158551087,190
fp_rate,5.0,10.0,80.0,90.0,poisson,0.02674173117522871,190,
miss_detection,5.0,10.0,90.0,100.0,constant,0.06741573033707865,,
distal,5.0,10.0,90.0,100.0,normal,0.0,0.08609748445846861,0.09974526763547727
perpendicular,5.0,10.0,90.0,100.0,normal,0.0,0.16701908000343427,0.20375667166149336
height,5.0,10.0,90.0,100.0,normal,0.0,0.06672852153052578,0.06631985127207744
yaw,5.0,10.0,90.0,100.0,normal,0.0,0.04289875310435392,0.04468599767477182
width,5.0,10.0,90.0,100.0,normal,0.0,0.3032346883446429,0.29270176140658827
length,5.0,10.0,90.0,100.0,normal,0.0,0.10171565273934471,0.13402328649199152
box_height,5.0,10.0,90.0,100.0,normal,0.0,0.07641600241123406,0.10887552313057773
score,5.0,10.0,90.0,100.0,normal,0.6409123841538487,0.11874904666854944,178
fp_score,5.0,10.0,90.0,100.0,normal,0.07158617786038987,0.110424263368622,291
fp_rate,5.0,10.0,90.0,100.0,poisson,0.04095707248416608,291,
miss_detection,5.0,10.0,100.0,110.0,constant,0.08088235294117647,,
distal,5.0,10.0,100.0,110.0,normal,0.0,0.09535138352961064,0.12972997068973965
perpendicular,5.0,10.0,100.0,110.0,normal,0.0,0.1667509903260072,0.1689372812869589
height,5.0,10.0,100.0,110.0,normal,0.0,0.06060471972005409,0.07943672466278076
yaw,5.0,10.0,100.0,110.0,normal,0.0,0.028305785287949428,0.039837063538856424
width,5.0,10.0,100.0,110.0,normal,0.0,0.32804547703514647,0.3543395080566406
length,5.0,10.0,100.0,110.0,normal,0.0,0.11964993681211195,0.14904088497161866
box_height,5.0,10.0,100.0,110.0,normal,0.0,0.07264881583623715,0.10303770446777344
score,5.0,10.0,100.0,110.0,normal,0.6478078598976136,0.11567583876217363,136
fp_score,5.0,10.0,100.0,110.0,normal,0.10092719490639865,0.13404675166080496,120
fp_rate,5.0,10.0,100.0,110.0,poisson,0.01688951442646024,120,
miss_detection,5.0,10.0,110.0,120.0,constant,0.08333333333333333,,
distal,5.0,10.0,110.0,120.0,normal,0.0,0.10288864586032373,0.13467368527259846
perpendicular,5.0,10.0,110.0,120.0,normal,0.0,0.16707376069374733,0.1460306434088066
height,5.0,10.0,110.0,120.0,normal,0.0,0.05210696205489193,0.06395671929209686
yaw,5.0,10.0,110.0,120.0,normal,0.0,0.03199855840032929,0.04161414417156403
width,5.0,10.0,110.0,120.0,normal,0.0,0.28282678403028805,0.33009693051172684
length,5.0,10.0,110.0,120.0,normal,0.0,0.106590151018491,0.13318591965131524
box_height,5.0,10.0,110.0,120.0,normal,0.0,0.0821062354880639,0.09772502587846488
score,5.0,10.0,110.0,120.0,normal,0.6578153068861685,0.10853580772415754,132
fp_score,5.0,10.0,110.0,120.0,normal,0.09332656568580575,0.12151695403405846,143
fp_rate,5.0,10.0,110.0,120.0,poisson,0.020126671358198452,143,
miss_detection,5.0,10.0,120.0,130.0,constant,0.08496732026143791,,
distal,5.0,10.0,120.0,130.0,normal,0.0,0.11349240974581101,0.12850696195248
perpendicular,5.0,10.0,120.0,130.0,normal,0.0,0.16107225521805654,0.14092731508434878
height,5.0,10.0,120.0,130.0,normal,0.0,0.050589512911601076,0.05816931298800877
yaw,5.0,10.0,120.0,130.0,normal,0.0,0.03024064737637153,0.041380691911793985
width,5.0,10.0,120.0,130.0,normal,0.0,0.3119557486919687,0.3539657882281712
length,5.0,10.0,120.0,130.0,normal,0.0,0.10511286846539007,0.11964224917548043
box_height,5.0,10.0,120.0,130.0,normal,0.0,0.07969600240867487,0.1019282409123012
score,5.0,10.0,120.0,130.0,normal,0.6772182758365358,0.11077586589522528,153
fp_score,5.0,10.0,120.0,130.0,normal,0.09670537601647189,0.121962687011096,139
fp_rate,5.0,10.0,120.0,130.0,poisson,0.019563687543983112,139,
miss_detection,5.0,10.0,130.0,140.0,constant,0.04716981132075472,,
distal,5.0,10.0,130.0,140.0,normal,0.0,0.10369729578624218,0.12058226456160794
perpendicular,5.0,10.0,130.0,140.0,normal,0.0,0.1160698733326015,0.13204065837038484
height,5.0,10.0,130.0,140.0,normal,0.0,0.04925701207426378,0.05007266939276516
yaw,5.0,10.0,130.0,140.0,normal,0.0,0.02712339973029677,0.03584121318853062
width,5.0,10.0,130.0,140.0,normal,0.0,0.27257822475768356,0.2981957976180728
length,5.0,10.0,130.0,140.0,normal,0.0,0.12370260130494419,0.11916568373689557
box_height,5.0,10.0,130.0,140.0,normal,0.0,0.07907492936815858,0.08744902539961409
score,5.0,10.0,130.0,140.0,normal,0.7412956416016758,0.09012140151289745,212
fp_score,5.0,10.0,130.0,140.0,normal,0.11680607806721871,0.15719005806449823,88
fp_rate,5.0,10.0,130.0,140.0,poisson,0.012385643912737509,88,
miss_detection,5.0,10.0,140.0,150.0,constant,0.013888888888888888,,
distal,5.0,10.0,140.0,150.0,normal,0.0,0.11650461303891183,0.15351952154141515
perpendicular,5.0,10.0,140.0,150.0,normal,0.0,0.08166178645334957,0.11194088027032757
height,5.0,10.0,140.0,150.0,normal,0.0,0.032212771368202664,0.039200364144195414
yaw,5.0,10.0,140.0,150.0,normal,0.0,0.02495033914959168,0.032002057296487293
width,5.0,10.0,140.0,150.0,normal,0.0,0.19803580623999958,0.2639077515669272
length,5.0,10.0,140.0,150.0,normal,0.0,0.12527081089248754,0.09726804298973979
box_height,5.0,10.0,140.0,150.0,normal,0.0,0.06353858749974209,0.05956203389055852
score,5.0,10.0,140.0,150.0,normal,0.7600469635406011,0.08650996376516615,216
fp_score,5.0,10.0,140.0,150.0,normal,0.07099042486434227,0.09263662169532327,107
fp_rate,5.0,10.0,140.0,150.0,poisson,0.01505981703026038,107,
miss_detection,5.0,10.0,150.0,160.0,constant,0.004728132387706856,,
distal,5.0,10.0,150.0,160.0,normal,0.0,0.11342415123660035,0.1770339851681265
perpendicular,5.0,10.0,150.0,160.0,normal,0.0,0.07116460891881356,0.09310186549034856
height,5.0,10.0,150.0,160.0,normal,0.0,0.05135631296126669,0.05145660488735752
yaw,5.0,10.0,150.0,160.0,normal,0.0,0.03566131650901214,0.04006092513928129
width,5.0,10.0,150.0,160.0,normal,0.0,0.17006705151618134,0.24064866607376062
length,5.0,10.0,150.0,160.0,normal,0.0,0.10065856130243608,0.06902405655015958
box_height,5.0,10.0,150.0,160.0,normal,0.0,0.04807914919884359,0.06211421098958285
score,5.0,10.0,150.0,160.0,normal,0.7694373338211178,0.09214371878880019,423
fp_score,5.0,10.0,150.0,160.0,normal,0.09409430560966332,0.09541995979985318,12
fp_rate,5.0,10.0,150.0,160.0,poisson,0.001688951442646024,12,
miss_detection,5.0,10.0,160.0,170.0,constant,0.0,,
distal,5.0,10.0,160.0,170.0,normal,0.0,0.09632606943936257,0.1497318294639173
perpendicular,5.0,10.0,160.0,170.0,normal,0.0,0.06683605291043045,0.07653263152488143
height,5.0,10.0,160.0,170.0,normal,0.0,0.11528873312432165,0.0879505637444948
yaw,5.0,10.0,160.0,170.0,normal,0.0,0.02475961564903495,0.045171520911426497
width,5.0,10.0,160.0,170.0,normal,0.0,0.27724578015355233,0.3400559801804392
length,5.0,10.0,160.0,170.0,normal,0.0,0.07649400801492273,0.09461114594810888
box_height,5.0,10.0,160.0,170.0,normal,0.0,0.08711335633230746,0.11560581546080739
score,5.0,10.0,160.0,170.0,normal,0.6895571060870823,0.1182255340128395,38
fp_rate,5.0,10.0,160.0,170.0,poisson,0.0,0,
miss_detection,5.0,10.0,170.0,180.0,constant,0.0,,
distal,5.0,10.0,170.0,180.0,normal,0.0,0.1171328668091444,0.14809858089277605
perpendicular,5.0,10.0,170.0,180.0,normal,0.0,0.09834402653789512,0.09642559592092327
height,5.0,10.0,170.0,180.0,normal,0.0,0.09902086033206091,0.23768769376553023
yaw,5.0,10.0,170.0,180.0,normal,0.0,0.0644487282108529,0.11561204823822034
width,5.0,10.0,170.0,180.0,normal,0.0,0.1858872616204654,0.1565005504167997
length,5.0,10.0,170.0,180.0,normal,0.0,0.06769364778726623,0.12208996483912835
box_height,5.0,10.0,170.0,180.0,normal,0.0,0.11546517041156747,0.3009330893938358
score,5.0,10.0,170.0,180.0,normal,0.6246877559102498,0.10255365028357487,104
fp_rate,5.0,10.0,170.0,180.0,poisson,0.0,0,
miss_detection,10.0,15.0,-180.0,-170.0,constant,0.037037037037037035,,
distal,10.0,15.0,-180.0,-170.0,normal,0.0,0.10217578321278886,0.12180773068307282
perpendicular,10.0,15.0,-180.0,-170.0,normal,0.0,0.04267469894236849,0.055679346765983996
height,10.0,15.0,-180.0,-170.0,normal,0.0,0.059852163489502286,0.06779694710022365
yaw,10.0,15.0,-180.0,-170.0,normal,0.0,0.03598751041572206,0.052766324586161484
width,10.0,15.0,-180.0,-170.0,normal,0.0,0.26695356030836376,0.2639092023556049
length,10.0,15.0,-180.0,-170.0,normal,0.0,0.09530364346002183,0.08360247008311443
box_height,10.0,15.0,-180.0,-170.0,normal,0.0,0.13252897707156472,0.08561680026543446
score,10.0,15.0,-180.0,-170.0,normal,0.7194369476384077,0.11636792323417693,324
fp_score,10.0,15.0,-180.0,-170.0,normal,0.2946070139296353,0.34619723774929073,24
fp_rate,10.0,15.0,-180.0,-170.0,poisson,0.003377902885292048,24,
miss_detection,10.0,15.0,-170.0,-160.0,constant,0.2826666666666667,,
distal,10.0,15.0,-170.0,-160.0,normal,0.0,0.15122487041496288,0.18479790600059154
perpendicular,10.0,15.0,-170.0,-160.0,normal,0.0,0.05934038535947413,0.07907381509375384
height,10.0,15.0,-170.0,-160.0,normal,0.0,0.06147698177778707,0.05813389263188529
yaw,10.0,15.0,-170.0,-160.0,normal,0.0,0.03922478963490133,0.04658096076128226
width,10.0,15.0,-170.0,-160.0,normal,0.0,0.29564031036484884,0.3945278651652283
length,10.0,15.0,-170.0,-160.0,normal,0.0,0.11428984994114964,0.1319109232452279
box_height,10.0,15.0,-170.0,-160.0,normal,0.0,0.0810538715709526,0.10599418244840488
score,10.0,15.0,-170.0,-160.0,normal,0.6933111518510655,0.11834021352438506,375
fp_score,10.0,15.0,-170.0,-160.0,normal,0.43642986347075813,0.30563747610403313,172
fp_rate,10.0,15.0,-170.0,-160.0,poisson,0.024208304011259677,172,
miss_detection,10.0,15.0,-160.0,-150.0,constant,0.15053763440860216,,
distal,10.0,15.0,-160.0,-150.0,normal,0.0,0.1169801421798688,0.14998712529852376
perpendicular,10.0,15.0,-160.0,-150.0,normal,0.0,0.06937750731596949,0.08608114901123709
height,10.0,15.0,-160.0,-150.0,normal,0.0,0.050438224868060065,0.05631985920893995
yaw,10.0,15.0,-160.0,-150.0,normal,0.0,0.035776505163449226,0.04684120400578868
width,10.0,15.0,-160.0,-150.0,normal,0.0,0.2406474347833037,0.30947301055811627
length,10.0,15.0,-160.0,-150.0,normal,0.0,0.0941760926917232,0.136600695078886
box_height,10.0,15.0,-160.0,-150.0,normal,0.0,0.06666472888617747,0.07354821283606035
score,10.0,15.0,-160.0,-150.0,normal,0.7303496904765503,0.12482264693548714,93
fp_score,10.0,15.0,-160.0,-150.0,normal,0.06820397865559373,0.08713560443702513,175
fp_rate,10.0,15.0,-160.0,-150.0,poisson,0.024630541871921183,175,
miss_detection,10.0,15.0,-150.0,-140.0,constant,0.0641025641025641,,
distal,10.0,15.0,-150.0,-140.0,normal,0.0,0.11117290925805529,0.14644848588621345
perpendicular,10.0,15.0,-150.0,-140.0,normal,0.0,0.0863432605015472,0.12048313579635783
height,10.0,15.0,-150.0,-140.0,normal,0.0,0.061971955885061096,0.06095583389883172
yaw,10.0,15.0,-150.0,-140.0,normal,0.0,0.04588238364152973,0.06018720950294706
width,10.0,15.0,-150.0,-140.0,normal,0.0,0.220472484589545,0.22550475107480403
length,10.0,15.0,-150.0,-140.0,normal,0.0,0.10418489837944951,0.12496683532244539
box_height,10.0,15.0,-150.0,-140.0,normal,0.0,0.08433913589584574,0.09205915666606328
score,10.0,15.0,-150.0,-140.0,normal,0.721795188237543,0.12501877485408341,78
fp_score,10.0,15.0,-150.0,-140.0,normal,0.06283989281533144,0.06229365273779603,327
fp_rate,10.0,15.0,-150.0,-140.0,poisson,0.046023926812104154,327,
miss_detection,10.0,15.0,-140.0,-130.0,constant,0.0,,
distal,10.0,15.0,-140.0,-130.0,normal,0.0,0.09021260521870954,0.10821548681831324
perpendicular,10.0,15.0,-140.0,-130.0,normal,0.0,0.10344466927446463,0.11935612340814392
height,10.0,15.0,-140.0,-130.0,normal,0.0,0.03744649913038039,0.0480930694827327
yaw,10.0,15.0,-140.0,-130.0,normal,0.0,0.030188502689485287,0.03926612580153693
width,10.0,15.0,-140.0,-130.0,normal,0.0,0.19912980219700485,0.2506445248921712
length,10.0,15.0,-140.0,-130.0,normal,0.0,0.10421502118007024,0.1184216163776539
box_height,10.0,15.0,-140.0,-130.0,normal,0.0,0.09289009836448127,0.13067386326966463
score,10.0,15.0,-140.0,-130.0,normal,0.7324656237054754,0.10567907765192412,27
fp_score,10.0,15.0,-140.0,-130.0,normal,0.07021261758843445,0.049998300084055924,259
fp_rate,10.0,15.0,-140.0,-130.0,poisson,0.03645320197044335,259,
miss_detection,10.0,15.0,-130.0,-120.0,constant,0.07692307692307693,,
distal,10.0,15.0,-130.0,-120.0,normal,0.0,0.12351368014821967,0.1686353158280985
perpendicular,10.0,15.0,-130.0,-120.0,normal,0.0,0.13969450472026534,0.2043393485234396
height,10.0,15.0,-130.0,-120.0,normal,0.0,0.046766582655491586,0.06135834091239505
yaw,10.0,15.0,-130.0,-120.0,normal,0.0,0.07100872755156151,0.0792986952250881
width,10.0,15.0,-130.0,-120.0,normal,0.0,0.2934573211296856,0.3311048414972093
length,10.0,15.0,-130.0,-120.0,normal,0.0,0.0782537667557948,0.08989315893914965
box_height,10.0,15.0,-130.0,-120.0,normal,0.0,0.13256301823164873,0.134368853436576
score,10.0,15.0,-130.0,-120.0,normal,0.5293921791017056,0.2435060303567225,39
fp_score,10.0,15.0,-130.0,-120.0,normal,0.062384912241878136,0.05204120521463558,267
fp_rate,10.0,15.0,-130.0,-120.0,poisson,0.03757916959887403,267,
miss_detection,10.0,15.0,-120.0,-110.0,constant,0.23076923076923078,,
distal,10.0,15.0,-120.0,-110.0,normal,0.0,0.1421047439249007,0.1970978151624299
perpendicular,10.0,15.0,-120.0,-110.0,normal,0.0,0.12448259617513996,0.171535314505385
height,10.0,15.0,-120.0,-110.0,normal,0.0,0.0586341624554252,0.0874621480703354
yaw,10.0,15.0,-120.0,-110.0,normal,0.0,0.058225740880246256,0.08091358141973615
width,10.0,15.0,-120.0,-110.0,normal,0.0,0.2582979745398999,0.3634189248085022
length,10.0,15.0,-120.0,-110.0,normal,0.0,0.11135465915486766,0.11921647787094117
box_height,10.0,15.0,-120.0,-110.0,normal,0.0,0.12147774487942826,0.14203315377235412
score,10.0,15.0,-120.0,-110.0,normal,0.36438255161046984,0.15465219596174,26
fp_score,10.0,15.0,-120.0,-110.0,normal,0.06260649952183076,0.061104310841513666,218
fp_rate,10.0,15.0,-120.0,-110.0,poisson,0.030682617874736102,218,
miss_detection,10.0,15.0,-110.0,-100.0,constant,0.20833333333333334,,
distal,10.0,15.0,-110.0,-100.0,normal,0.0,0.12821334655438354,0.2527950942439576
perpendicular,10.0,15.0,-110.0,-100.0,normal,0.0,0.12219762925384128,0.14298428704490077
height,10.0,15.0,-110.0,-100.0,normal,0.0,0.047670546912235955,0.05495618832738776
yaw,10.0,15.0,-110.0,-100.0,normal,0.0,0.05442618028175064,0.07757377457214301
width,10.0,15.0,-110.0,-100.0,normal,0.0,0.27486606562334964,0.389339384279753
length,10.0,15.0,-110.0,-100.0,normal,0.0,0.08096942615132996,0.09576995121805291
box_height,10.0,15.0,-110.0,-100.0,normal,0.0,0.14185522493686584,0.1415603851017199
score,10.0,15.0,-110.0,-100.0,normal,0.34162672962013046,0.1266022821044542,24
fp_score,10.0,15.0,-110.0,-100.0,normal,0.06115334404974568,0.06612884150213101,294
fp_rate,10.0,15.0,-110.0,-100.0,poisson,0.041379310344827586,294,
miss_detection,10.0,15.0,-100.0,-90.0,constant,0.30434782608695654,,
distal,10.0,15.0,-100.0,-90.0,normal,0.0,0.16203355996950577,0.21630343305674055
perpendicular,10.0,15.0,-100.0,-90.0,normal,0.0,0.12517363185507885,0.13262666482197139
height,10.0,15.0,-100.0,-90.0,normal,0.0,0.05587700277528085,0.0772048607468605
yaw,10.0,15.0,-100.0,-90.0,normal,0.0,0.0483774388058222,0.09878196020904606
width,10.0,15.0,-100.0,-90.0,normal,0.0,0.32033575158846955,0.41553813219070435
length,10.0,15.0,-100.0,-90.0,normal,0.0,0.08945476230268545,0.09239213168621063
box_height,10.0,15.0,-100.0,-90.0,normal,0.0,0.16357373916530457,0.17813214659690857
score,10.0,15.0,-100.0,-90.0,normal,0.2745394390076399,0.1364374749036574,23
fp_score,10.0,15.0,-100.0,-90.0,normal,0.058911546553554,0.05758103591162216,419
fp_rate,10.0,15.0,-100.0,-90.0,poisson,0.058972554539057004,419,
miss_detection,10.0,15.0,-90.0,-80.0,constant,0.19230769230769232,,
distal,10.0,15.0,-90.0,-80.0,normal,0.0,0.19550345317800158,0.32992864427759927
perpendicular,10.0,15.0,-90.0,-80.0,normal,0.0,0.07475592810908753,0.10392293269865475
height,10.0,15.0,-90.0,-80.0,normal,0.0,0.056927053640581184,0.08426558971405029
yaw,10.0,15.0,-90.0,-80.0,normal,0.0,0.09187939807182191,0.11933543909088432
width,10.0,15.0,-90.0,-80.0,normal,0.0,0.33534874863251485,0.383850029536656
length,10.0,15.0,-90.0,-80.0,normal,0.0,0.0689448065966296,0.10704204582032703
box_height,10.0,15.0,-90.0,-80.0,normal,0.0,0.11994353177746804,0.1614985466003418
score,10.0,15.0,-90.0,-80.0,normal,0.28800957472551436,0.15527316271962374,26
fp_score,10.0,15.0,-90.0,-80.0,normal,0.059209516124748895,0.060142564701392995,329
fp_rate,10.0,15.0,-90.0,-80.0,poisson,0.04630541871921182,329,
miss_detection,10.0,15.0,-80.0,-70.0,constant,0.2857142857142857,,
distal,10.0,15.0,-80.0,-70.0,normal,0.0,0.13599865904690436,0.2629227440908705
perpendicular,10.0,15.0,-80.0,-70.0,normal,0.0,0.054042535991127925,0.07889988593677918
height,10.0,15.0,-80.0,-70.0,normal,0.0,0.058647788604935885,0.06651339928309123
yaw,10.0,15.0,-80.0,-70.0,normal,0.0,0.06876021934138356,0.12816735161605095
width,10.0,15.0,-80.0,-70.0,normal,0.0,0.35004233228598686,0.42397109667460126
length,10.0,15.0,-80.0,-70.0,normal,0.0,0.06915186206508128,0.11062580744425456
box_height,10.0,15.0,-80.0,-70.0,normal,0.0,0.1630294228523074,0.17078238328297932
score,10.0,15.0,-80.0,-70.0,normal,0.3406771312157313,0.1408973426252324,21
fp_score,10.0,15.0,-80.0,-70.0,normal,0.08480522828825171,0.07745823436774382,359
fp_rate,10.0,15.0,-80.0,-70.0,poisson,0.050527797325826886,359,
miss_detection,10.0,15.0,-70.0,-60.0,constant,0.3076923076923077,,
distal,10.0,15.0,-70.0,-60.0,normal,0.0,0.1521240979977017,0.24298648150285165
perpendicular,10.0,15.0,-70.0,-60.0,normal,0.0,0.07575179823392725,0.10250920240448079
height,10.0,15.0,-70.0,-60.0,normal,0.0,0.062258702438068685,0.05347328715854221
yaw,10.0,15.0,-70.0,-60.0,normal,0.0,0.08156150993548729,0.11064605138846792
width,10.0,15.0,-70.0,-60.0,normal,0.0,0.3457186115864387,0.3660602437125312
length,10.0,15.0,-70.0,-60.0,normal,0.0,0.07069000912748401,0.09704141484366523
box_height,10.0,15.0,-70.0,-60.0,normal,0.0,0.08996011153228155,0.12292736106448704
score,10.0,15.0,-70.0,-60.0,normal,0.2890578918159008,0.1509185946008595,26
fp_score,10.0,15.0,-70.0,-60.0,normal,0.08835506305870493,0.06072337088107496,637
fp_rate,10.0,15.0,-70.0,-60.0,poisson,0.0896551724137931,637,
miss_detection,10.0,15.0,-60.0,-50.0,constant,0.125,,
distal,10.0,15.0,-60.0,-50.0,normal,0.0,0.2064185527300421,0.20156501148313385
perpendicular,10.0,15.0,-60.0,-50.0,normal,0.0,0.10716219028860795,0.1330397066787567
height,10.0,15.0,-60.0,-50.0,normal,0.0,0.05527749648367094,0.0699239798954555
yaw,10.0,15.0,-60.0,-50.0,normal,0.0,0.04370082245234176,0.11811798778204656
width,10.0,15.0,-60.0,-50.0,normal,0.0,0.26458164036584453,0.3235588925225394
length,10.0,15.0,-60.0,-50.0,normal,0.0,0.07057789732326201,0.09064632228442601
box_height,10.0,15.0,-60.0,-50.0,normal,0.0,0.11748374186131695,0.155085631779262
score,10.0,15.0,-60.0,-50.0,normal,0.4311412612774542,0.2373397058576565,32
fp_score,10.0,15.0,-60.0,-50.0,normal,0.05826171596123967,0.053274420801693124,465
fp_rate,10.0,15.0,-60.0,-50.0,poisson,0.06544686840253343,465,
miss_detection,10.0,15.0,-50.0,-40.0,constant,0.03571428571428571,,
distal,10.0,15.0,-50.0,-40.0,normal,0.0,0.09955245600315653,0.13039269048865473
perpendicular,10.0,15.0,-50.0,-40.0,normal,0.0,0.0711408379944859,0.07825574748568791
height,10.0,15.0,-50.0,-40.0,normal,0.0,0.04514130581813607,0.05051491657892863
yaw,10.0,15.0,-50.0,-40.0,normal,0.0,0.052417674445074176,0.08417750368174197
width,10.0,15.0,-50.0,-40.0,normal,0.0,0.21008224999902636,0.24890051947699654
length,10.0,15.0,-50.0,-40.0,normal,0.0,0.09837384407850469,0.14333477726689092
box_height,10.0,15.0,-50.0,-40.0,normal,0.0,0.11035992872228279,0.14004308647579616
score,10.0,15.0,-50.0,-40.0,normal,0.6263784297086574,0.19421396081821946,28
fp_score,10.0,15.0,-50.0,-40.0,normal,0.06534124524402085,0.058297511794199126,335
fp_rate,10.0,15.0,-50.0,-40.0,poisson,0.047149894440534836,335,
miss_detection,10.0,15.0,-40.0,-30.0,constant,0.04285714285714286,,
distal,10.0,15.0,-40.0,-30.0,normal,0.0,0.10346116930931434,0.12080042772437262
perpendicular,10.0,15.0,-40.0,-30.0,normal,0.0,0.09839155023027214,0.11940576538541493
height,10.0,15.0,-40.0,-30.0,normal,0.0,0.05892324379997359,0.06376855142080962
yaw,10.0,15.0,-40.0,-30.0,normal,0.0,0.029258788551975033,0.06367119697090808
width,10.0,15.0,-40.0,-30.0,normal,0.0,0.20270510548323195,0.3473606892486117
length,10.0,15.0,-40.0,-30.0,normal,0.0,0.08646552263316254,0.11241424083709717
box_height,10.0,15.0,-40.0,-30.0,normal,0.0,0.07746949901876281,0.12356916648238453
score,10.0,15.0,-40.0,-30.0,normal,0.6896744005715669,0.13647378472435862,70
fp_score,10.0,15.0,-40.0,-30.0,normal,0.060831701458000494,0.06661132426587447,298
fp_rate,10.0,15.0,-40.0,-30.0,poisson,0.04194229415904293,298,
miss_detection,10.0,15.0,-30.0,-20.0,constant,0.12658227848101267,,
distal,10.0,15.0,-30.0,-20.0,normal,0.0,0.11943429781519767,0.17333124001434289
perpendicular,10.0,15.0,-30.0,-20.0,normal,0.0,0.10687844080771815,0.1187974945807429
height,10.0,15.0,-30.0,-20.0,normal,0.0,0.04811825030897818,0.06667957962423131
yaw,10.0,15.0,-30.0,-20.0,normal,0.0,0.03812943069899498,0.06093442236440114
width,10.0,15.0,-30.0,-20.0,normal,0.0,0.2193880806861745,0.33645370732183044
length,10.0,15.0,-30.0,-20.0,normal,0.0,0.08354431137582495,0.14249082924663156
box_height,10.0,15.0,-30.0,-20.0,normal,0.0,0.0953408956917227,0.10028080318285071
score,10.0,15.0,-30.0,-20.0,normal,0.6753907186397607,0.12459954632703113,79
fp_score,10.0,15.0,-30.0,-20.0,normal,0.0913548826993931,0.14341796500652632,231
fp_rate,10.0,15.0,-30.0,-20.0,poisson,0.03251231527093596,231,
miss_detection,10.0,15.0,-20.0,-10.0,constant,0.12947658402203857,,
distal,10.0,15.0,-20.0,-10.0,normal,0.0,0.1556928455601234,0.21873320930284096
perpendicular,10.0,15.0,-20.0,-10.0,normal,0.0,0.06904901270889809,0.09542045814542788
height,10.0,15.0,-20.0,-10.0,normal,0.0,0.06404136396672402,0.08377810445012926
yaw,10.0,15.0,-20.0,-10.0,normal,0.0,0.041289212032703,0.06596534039062019
width,10.0,15.0,-20.0,-10.0,normal,0.0,0.28260979804384734,0.4197458141966711
length,10.0,15.0,-20.0,-10.0,normal,0.0,0.11592799878444872,0.16168828968760335
box_height,10.0,15.0,-20.0,-10.0,normal,0.0,0.07009818862215131,0.08175062755995159
score,10.0,15.0,-20.0,-10.0,normal,0.6866063867000085,0.10658233744483407,363
fp_score,10.0,15.0,-20.0,-10.0,normal,0.16390792929411474,0.2082477953543701,221
fp_rate,10.0,15.0,-20.0,-10.0,poisson,0.031104855735397608,221,
miss_detection,10.0,15.0,-10.0,0.0,constant,0.0,,
distal,10.0,15.0,-10.0,0.0,normal,0.0,0.0849863780670385,0.11370969135559195
perpendicular,10.0,15.0,-10.0,0.0,normal,0.0,0.07768806210906841,0.0857872522138188
height,10.0,15.0,-10.0,0.0,normal,0.0,0.05531688385280009,0.08722000122070313
yaw,10.0,15.0,-10.0,0.0,normal,0.0,0.02365810113948865,0.04219965934753418
width,10.0,15.0,-10.0,0.0,normal,0.0,0.07976476018258702,0.19462223052978517
length,10.0,15.0,-10.0,0.0,normal,0.0,0.04466457304236191,0.0618433952331543
box_height,10.0,15.0,-10.0,0.0,normal,0.0,0.014835626404127045,0.029263639450073244
score,10.0,15.0,-10.0,0.0,normal,0.5765799283981323,0.12487048625585885,5
fp_score,10.0,15.0,-10.0,0.0,normal,0.04528486530218169,0.026651735141105967,107
fp_rate,10.0,15.0,-10.0,0.0,poisson,0.01505981703026038,107,
miss_detection,10.0,15.0,0.0,10.0,constant,0.0,,
distal,10.0,15.0,0.0,10.0,normal,0.0,0.09218930980756301,0.13268620405592077
perpendicular,10.0,15.0,0.0,10.0,normal,0.0,0.05693730029058288,0.08792246256125262
height,10.0,15.0,0.0,10.0,normal,0.0,0.04001116202687393,0.04703989444356976
yaw,10.0,15.0,0.0,10.0,normal,0.0,0.027594999169351733,0.04384539343463696
width,10.0,15.0,0.0,10.0,normal,0.0,0.0976865188779066,0.09672507553389578
length,10.0,15.0,0.0,10.0,normal,0.0,0.06327309355114813,0.10710635510357944
box_height,10.0,15.0,0.0,10.0,normal,0.0,0.04528183331824117,0.05723625873074387
score,10.0,15.0,0.0,10.0,normal,0.5556551777955258,0.06950658022157047,264
fp_score,10.0,15.0,0.0,10.0,normal,0.042476246374900696,0.017242072931092027,108
fp_rate,10.0,15.0,0.0,10.0,poisson,0.015200562983814215,108,
miss_detection,10.0,15.0,10.0,20.0,constant,0.00625,,
distal,10.0,15.0,10.0,20.0,normal,0.0,0.15591511656609208,0.18137059120123972
perpendicular,10.0,15.0,10.0,20.0,normal,0.0,0.06987858075319762,0.09640013627952264
height,10.0,15.0,10.0,20.0,normal,0.0,0.05160269652654038,0.06264313418160444
yaw,10.0,15.0,10.0,20.0,normal,0.0,0.031645336971260055,0.0406467153859078
width,10.0,15.0,10.0,20.0,normal,0.0,0.23227043286747215,0.3175048055888722
length,10.0,15.0,10.0,20.0,normal,0.0,0.0942161913974636,0.11857503989957413
box_height,10.0,15.0,10.0,20.0,normal,0.0,0.07023488412111528,0.09581594834537627
score,10.0,15.0,10.0,20.0,normal,0.7170420454920463,0.08914527279409692,320
fp_score,10.0,15.0,10.0,20.0,normal,0.08263610589357329,0.13365346116838053,71
fp_rate,10.0,15.0,10.0,20.0,poisson,0.009992962702322309,71,
miss_detection,10.0,15.0,20.0,30.0,constant,0.0273972602739726,,
distal,10.0,15.0,20.0,30.0,normal,0.0,0.12709851264379263,0.159490567637534
perpendicular,10.0,15.0,20.0,30.0,normal,0.0,0.0721385270150912,0.08679427183765788
height,10.0,15.0,20.0,30.0,normal,0.0,0.05352562382957323,0.061827842450477705
yaw,10.0,15.0,20.0,30.0,normal,0.0,0.03147389137436272,0.03828489133222387
width,10.0,15.0,20.0,30.0,normal,0.0,0.24872114052535932,0.31342699091199416
length,10.0,15.0,20.0,30.0,normal,0.0,0.09755585590016948,0.10980034613273514
box_height,10.0,15.0,20.0,30.0,normal,0.0,0.09410701291318792,0.1095333498968205
score,10.0,15.0,20.0,30.0,normal,0.7077101393484734,0.09902750331087948,365
fp_score,10.0,15.0,20.0,30.0,normal,0.10468616506651691,0.1494536417183066,115
fp_rate,10.0,15.0,20.0,30.0,poisson,0.01618578465869106,115,
miss_detection,10.0,15.0,30.0,40.0,constant,0.06109324758842444,,
distal,10.0,15.0,30.0,40.0,normal,0.0,0.13987270839301047,0.16046021923379963
perpendicular,10.0,15.0,30.0,40.0,normal,0.0,0.09761171643921689,0.11227368115878558
height,10.0,15.0,30.0,40.0,normal,0.0,0.05438097885551631,0.07073471358377639
yaw,10.0,15.0,30.0,40.0,normal,0.0,0.026892759195477987,0.03601568610700842
width,10.0,15.0,30.0,40.0,normal,0.0,0.3313471485127054,0.2982349689692667
length,10.0,15.0,30.0,40.0,normal,0.0,0.10406930656237146,0.11502671894961841
box_height,10.0,15.0,30.0,40.0,normal,0.0,0.10778196575153585,0.11933794821778389
score,10.0,15.0,30.0,40.0,normal,0.6624232149389508,0.1296940673650253,311
fp_score,10.0,15.0,30.0,40.0,normal,0.09423745842238443,0.13567569758146844,226
fp_rate,10.0,15.0,30.0,40.0,poisson,0.031808585503166786,226,
miss_detection,10.0,15.0,40.0,50.0,constant,0.049689440993788817,,
distal,10.0,15.0,40.0,50.0,normal,0.0,0.13409978204803483,0.18060456128963995
perpendicular,10.0,15.0,40.0,50.0,normal,0.0,0.11770183970190948,0.1434147434175764
height,10.0,15.0,40.0,50.0,normal,0.0,0.055163601025367034,0.07084590352438634
yaw,10.0,15.0,40.0,50.0,normal,0.0,0.03947732446775577,0.043218346035729896
width,10.0,15.0,40.0,50.0,normal,0.0,0.21180138734893303,0.2559336618660322
length,10.0,15.0,40.0,50.0,normal,0.0,0.10733538521481846,0.13708343614939772
box_height,10.0,15.0,40.0,50.0,normal,0.0,0.07829543274076432,0.09676437206517637
score,10.0,15.0,40.0,50.0,normal,0.6858212699492773,0.14655821496781662,161
fp_score,10.0,15.0,40.0,50.0,normal,0.09308241987783535,0.14083134703847186,255
fp_rate,10.0,15.0,40.0,50.0,poisson,0.03589021815622801,255,
miss_detection,10.0,15.0,50.0,60.0,constant,0.04938271604938271,,
distal,10.0,15.0,50.0,60.0,normal,0.0,0.11151377112581312,0.1657409898171728
perpendicular,10.0,15.0,50.0,60.0,normal,0.0,0.1188010368840301,0.12336972017197909
height,10.0,15.0,50.0,60.0,normal,0.0,0.05374135599358013,0.06545517313015925
yaw,10.0,15.0,50.0,60.0,normal,0.0,0.028411236943265965,0.03606849508402056
width,10.0,15.0,50.0,60.0,normal,0.0,0.20048083699616015,0.279747800393538
length,10.0,15.0,50.0,60.0,normal,0.0,0.11244134816163348,0.11640682158532081
box_height,10.0,15.0,50.0,60.0,normal,0.0,0.0882750831329329,0.1180706929850888
score,10.0,15.0,50.0,60.0,normal,0.6946628827166248,0.10728812575214865,162
fp_score,10.0,15.0,50.0,60.0,normal,0.08089394713270254,0.09150424188777062,290
fp_rate,10.0,15.0,50.0,60.0,poisson,0.04081632653061224,290,
miss_detection,10.0,15.0,60.0,70.0,constant,0.05309734513274336,,
distal,10.0,15.0,60.0,70.0,normal,0.0,0.07052056493144455,0.10609890434215619
perpendicular,10.0,15.0,60.0,70.0,normal,0.0,0.1330418343118623,0.161933507889689
height,10.0,15.0,60.0,70.0,normal,0.0,0.05062392577473417,0.06885327245587501
yaw,10.0,15.0,60.0,70.0,normal,0.0,0.025607696863175683,0.03348954706045188
width,10.0,15.0,60.0,70.0,normal,0.0,0.22100407147951365,0.2683700490220685
length,10.0,15.0,60.0,70.0,normal,0.0,0.07825946050127254,0.11433504117983524
box_height,10.0,15.0,60.0,70.0,normal,0.0,0.12204750153392645,0.12734573132523866
score,10.0,15.0,60.0,70.0,normal,0.7038484714298605,0.09648278609766163,113
fp_score,10.0,15.0,60.0,70.0,normal,0.08392041329849766,0.06901005860149596,322
fp_rate,10.0,15.0,60.0,70.0,poisson,0.04532019704433497,322,
miss_detection,10.0,15.0,70.0,80.0,constant,0.05,,
distal,10.0,15.0,70.0,80.0,normal,0.0,0.06905243741594509,0.0766525226112963
perpendicular,10.0,15.0,70.0,80.0,normal,0.0,0.16292015684727093,0.16287312030411003
height,10.0,15.0,70.0,80.0,normal,0.0,0.047277163473980685,0.06910287079058196
yaw,10.0,15.0,70.0,80.0,normal,0.0,0.0270014627153299,0.03703941139844078
width,10.0,15.0,70.0,80.0,normal,0.0,0.20162910144030458,0.2229892423278407
length,10.0,15.0,70.0,80.0,normal,0.0,0.07892712263674906,0.1259109268062993
box_height,10.0,15.0,70.0,80.0,normal,0.0,0.11193451146720557,0.14581809232109472
score,10.0,15.0,70.0,80.0,normal,0.6823133936053828,0.1180640706541894,80
fp_score,10.0,15.0,70.0,80.0,normal,0.05988595609960612,0.04509521911175486,256
fp_rate,10.0,15.0,70.0,80.0,poisson,0.03603096410978184,256,
miss_detection,10.0,15.0,80.0,90.0,constant,0.05454545454545454,,
distal,10.0,15.0,80.0,90.0,normal,0.0,0.09047264544382236,0.09324701651825501
perpendicular,10.0,15.0,80.0,90.0,normal,0.0,0.12137194436876277,0.13045339565247424
height,10.0,15.0,80.0,90.0,normal,0.0,0.055336957514997974,0.07542185829235958
yaw,10.0,15.0,80.0,90.0,normal,0.0,0.026530191226250485,0.04600108407546904
width,10.0,15.0,80.0,90.0,normal,0.0,0.16150138397292704,0.23127044164217436
length,10.0,15.0,80.0,90.0,normal,0.0,0.0885782256794113,0.14184570770997268
box_height,10.0,15.0,80.0,90.0,normal,0.0,0.14135159249369933,0.1734824776649475
score,10.0,15.0,80.0,90.0,normal,0.6596009009159528,0.11928923524443336,55
fp_score,10.0,15.0,80.0,90.0,normal,0.08028549350643714,0.08560538425846068,193
fp_rate,10.0,15.0,80.0,90.0,poisson,0.027163969035890217,193,
miss_detection,10.0,15.0,90.0,100.0,constant,0.05454545454545454,,
distal,10.0,15.0,90.0,100.0,normal,0.0,0.06764601783664949,0.10724370788233097
perpendicular,10.0,15.0,90.0,100.0,normal,0.0,0.09053346160344919,0.12606401000766493
height,10.0,15.0,90.0,100.0,normal,0.0,0.053969302768608333,0.06813798615565667
yaw,10.0,15.0,90.0,100.0,normal,0.0,0.02910302304364601,0.037460971699283904
width,10.0,15.0,90.0,100.0,normal,0.0,0.15599360660069547,0.21535272323168242
length,10.0,15.0,90.0,100.0,normal,0.0,0.10227705320218711,0.13938638797173133
box_height,10.0,15.0,90.0,100.0,normal,0.0,0.10007905894557549,0.1354123606131627
score,10.0,15.0,90.0,100.0,normal,0.636743389070034,0.12208713771923702,55
fp_score,10.0,15.0,90.0,100.0,normal,0.09292183249679387,0.08918840574689921,234
fp_rate,10.0,15.0,90.0,100.0,poisson,0.03293455313159747,234,
miss_detection,10.0,15.0,100.0,110.0,constant,0.05555555555555555,,
distal,10.0,15.0,100.0,110.0,normal,0.0,0.07142998928627028,0.10149052086674741
perpendicular,10.0,15.0,100.0,110.0,normal,0.0,0.15516927196007146,0.17393952670533072
height,10.0,15.0,100.0,110.0,normal,0.0,0.046583921194618176,0.06005459088905185
yaw,10.0,15.0,100.0,110.0,normal,0.0,0.028464297865654634,0.043175990763932894
width,10.0,15.0,100.0,110.0,normal,0.0,0.27541369294155577,0.2742606939054003
length,10.0,15.0,100.0,110.0,normal,0.0,0.09415086249230772,0.15705354073468378
box_height,10.0,15.0,100.0,110.0,normal,0.0,0.10150896213394847,0.13967795699250465
score,10.0,15.0,100.0,110.0,normal,0.6330854197343191,0.11734045372363554,54
fp_score,10.0,15.0,100.0,110.0,normal,0.07986076824856081,0.07944612692449758,259
fp_rate,10.0,15.0,100.0,110.0,poisson,0.03645320197044335,259,
miss_detection,10.0,15.0,110.0,120.0,constant,0.06493506493506493,,
distal,10.0,15.0,110.0,120.0,normal,0.0,0.1166142433652023,0.10694164481987913
perpendicular,10.0,15.0,110.0,120.0,normal,0.0,0.2068561439098916,0.17861123004066481
height,10.0,15.0,110.0,120.0,normal,0.0,0.05290862921158664,0.06289231363270018
yaw,10.0,15.0,110.0,120.0,normal,0.0,0.024785338833867177,0.03453079434119428
width,10.0,15.0,110.0,120.0,normal,0.0,0.2705546839692493,0.29042879078123307
length,10.0,15.0,110.0,120.0,normal,0.0,0.09881332791957398,0.13634921279218462
box_height,10.0,15.0,110.0,120.0,normal,0.0,0.10754674716380333,0.14032920036051008
score,10.0,15.0,110.0,120.0,normal,0.6586155175334878,0.11612828010842022,77
fp_score,10.0,15.0,110.0,120.0,normal,0.06578612022663224,0.08008701508782255,292
fp_rate,10.0,15.0,110.0,120.0,poisson,0.04109781843771992,292,
miss_detection,10.0,15.0,120.0,130.0,constant,0.04672897196261682,,
distal,10.0,15.0,120.0,130.0,normal,0.0,0.14111055244399248,0.13899727216759292
perpendicular,10.0,15.0,120.0,130.0,normal,0.0,0.17157950125564303,0.16161391794193078
height,10.0,15.0,120.0,130.0,normal,0.0,0.043425176342755244,0.06348585147483676
yaw,10.0,15.0,120.0,130.0,normal,0.0,0.030472549500681043,0.0430337347075585
width,10.0,15.0,120.0,130.0,normal,0.0,0.24774923992586162,0.2598910845962225
length,10.0,15.0,120.0,130.0,normal,0.0,0.10978428295946747,0.13318983129426545
box_height,10.0,15.0,120.0,130.0,normal,0.0,0.11174552235278795,0.12329592424280503
score,10.0,15.0,120.0,130.0,normal,0.6750903947680604,0.12451681095892916,107
fp_score,10.0,15.0,120.0,130.0,normal,0.07266570922325957,0.08395709363556648,330
fp_rate,10.0,15.0,120.0,130.0,poisson,0.04644616467276566,330,
miss_detection,10.0,15.0,130.0,140.0,constant,0.09302325581395349,,
distal,10.0,15.0,130.0,140.0,normal,0.0,0.13580686815956225,0.14840216308879436
perpendicular,10.0,15.0,130.0,140.0,normal,0.0,0.14153612480259287,0.14231027519767758
height,10.0,15.0,130.0,140.0,normal,0.0,0.04991832290460604,0.059193916809864536
yaw,10.0,15.0,130.0,140.0,normal,0.0,0.0331470266062519,0.03882069852815231
width,10.0,15.0,130.0,140.0,normal,0.0,0.2900038091536042,0.30426414400084406
length,10.0,15.0,130.0,140.0,normal,0.0,0.10636394223874504,0.12215108749194023
box_height,10.0,15.0,130.0,140.0,normal,0.0,0.07700891617292697,0.10268880770756648
score,10.0,15.0,130.0,140.0,normal,0.7150337112765027,0.10925594021186137,129
fp_score,10.0,15.0,130.0,140.0,normal,0.08261401319487703,0.10505656055986577,278
fp_rate,10.0,15.0,130.0,140.0,poisson,0.039127375087966224,278,
miss_detection,10.0,15.0,140.0,150.0,constant,0.0933852140077821,,
distal,10.0,15.0,140.0,150.0,normal,0.0,0.131740956385078,0.1381165558694992
perpendicular,10.0,15.0,140.0,150.0,normal,0.0,0.09499028319254071,0.10679096534186898
height,10.0,15.0,140.0,150.0,normal,0.0,0.04958082762380495,0.05755452894857513
yaw,10.0,15.0,140.0,150.0,normal,0.0,0.02593012756845878,0.03539938572342538
width,10.0,15.0,140.0,150.0,normal,0.0,0.27691382543694726,0.31010514267524425
length,10.0,15.0,140.0,150.0,normal,0.0,0.11517998414207763,0.13287598278389467
box_height,10.0,15.0,140.0,150.0,normal,0.0,0.07251799970887822,0.09261660002843505
score,10.0,15.0,140.0,150.0,normal,0.7361382596482535,0.09472973550842498,257
fp_score,10.0,15.0,140.0,150.0,normal,0.11510727531844522,0.1560947166422079,246
fp_rate,10.0,15.0,140.0,150.0,poisson,0.03462350457424349,246,
miss_detection,10.0,15.0,150.0,160.0,constant,0.05345911949685535,,
distal,10.0,15.0,150.0,160.0,normal,0.0,0.09270708915697357,0.12633913159922205
perpendicular,10.0,15.0,150.0,160.0,normal,0.0,0.07673810457533259,0.09489139840212518
height,10.0,15.0,150.0,160.0,normal,0.0,0.055691680400151655,0.05576247650127474
yaw,10.0,15.0,150.0,160.0,normal,0.0,0.029890524816824027,0.03977531286084431
width,10.0,15.0,150.0,160.0,normal,0.0,0.25377681175655276,0.2926092797339557
length,10.0,15.0,150.0,160.0,normal,0.0,0.1131384383392533,0.12606211278921742
box_height,10.0,15.0,150.0,160.0,normal,0.0,0.07166558953186727,0.09403556723927342
score,10.0,15.0,150.0,160.0,normal,0.7567606006448847,0.11970347765988058,318
fp_score,10.0,15.0,150.0,160.0,normal,0.11766310323281844,0.16194677305727925,133
fp_rate,10.0,15.0,150.0,160.0,poisson,0.0187192118226601,133,
miss_detection,10.0,15.0,160.0,170.0,constant,0.012567324955116697,,
distal,10.0,15.0,160.0,170.0,normal,0.0,0.08950319149271678,0.11719094415784569
perpendicular,10.0,15.0,160.0,170.0,normal,0.0,0.0662716157389135,0.09207386998665765
height,10.0,15.0,160.0,170.0,normal,0.0,0.04696614088893826,0.061215501156720246
yaw,10.0,15.0,160.0,170.0,normal,0.0,0.02754160276115138,0.03797874396675603
width,10.0,15.0,160.0,170.0,normal,0.0,0.18327583805733794,0.23412929664958607
length,10.0,15.0,160.0,170.0,normal,0.0,0.10437161350381388,0.084013259194114
box_height,10.0,15.0,160.0,170.0,normal,0.0,0.05009081644853541,0.07962489713322032
score,10.0,15.0,160.0,170.0,normal,0.7068343122980811,0.11987053648543614,557
fp_score,10.0,15.0,160.0,170.0,normal,0.12722407412739137,0.15040532064126125,78
fp_rate,10.0,15.0,160.0,170.0,poisson,0.010978184377199156,78,
miss_detection,10.0,15.0,170.0,180.0,constant,0.0,,
distal,10.0,15.0,170.0,180.0,normal,0.0,0.09324286161207612,0.12058662359198198
perpendicular,10.0,15.0,170.0,180.0,normal,0.0,0.055744717677164234,0.07823840315148271
height,10.0,15.0,170.0,180.0,normal,0.0,0.04748786744543079,0.07636000095187007
yaw,10.0,15.0,170.0,180.0,normal,0.0,0.032711242840245625,0.05441484364328553
width,10.0,15.0,170.0,180.0,normal,0.0,0.15202210002536284,0.23205090535653605
length,10.0,15.0,170.0,180.0,normal,0.0,0.07135290890686069,0.08216608376116366
box_height,10.0,15.0,170.0,180.0,normal,0.0,0.08554177306349392,0.13491356211739616
score,10.0,15.0,170.0,180.0,normal,0.5453917472749144,0.13224198747270433,74
fp_score,10.0,15.0,170.0,180.0,normal,0.06232833596212523,0.02009409304128146,7
fp_rate,10.0,15.0,170.0,180.0,poisson,0.0009852216748768472,7,
miss_detection,15.0,20.0,-180.0,-170.0,constant,0.029175050301810865,,
distal,15.0,20.0,-180.0,-170.0,normal,0.0,0.1363661258514243,0.14892923488169796
perpendicular,15.0,20.0,-180.0,-170.0,normal,0.0,0.04002353056218138,0.05190734700498322
height,15.0,20.0,-180.0,-170.0,normal,0.0,0.07192556614349992,0.07126584195102435
yaw,15.0,20.0,-180.0,-170.0,normal,0.0,0.03245499499947727,0.04052900890319836
width,15.0,20.0,-180.0,-170.0,normal,0.0,0.3219749837016769,0.2808325846578173
length,15.0,20.0,-180.0,-170.0,normal,0.0,0.11271206897384996,0.12277815094883578
box_height,15.0,20.0,-180.0,-170.0,normal,0.0,0.1321861554080235,0.11561043534254163
score,15.0,20.0,-180.0,-170.0,normal,0.7302452224832743,0.10606315632979771,994
fp_score,15.0,20.0,-180.0,-170.0,normal,0.4105021089627714,0.2935862471061014,167
fp_rate,15.0,20.0,-180.0,-170.0,poisson,0.0235045742434905,167,
miss_detection,15.0,20.0,-170.0,-160.0,constant,0.043795620437956206,,
distal,15.0,20.0,-170.0,-160.0,normal,0.0,0.1363398368487446,0.15740589786531944
perpendicular,15.0,20.0,-170.0,-160.0,normal,0.0,0.05676247502144011,0.0761090229609205
height,15.0,20.0,-170.0,-160.0,normal,0.0,0.04230624545096475,0.058112409619884633
yaw,15.0,20.0,-170.0,-160.0,normal,0.0,0.034300277510997436,0.047437566908270855
width,15.0,20.0,-170.0,-160.0,normal,0.0,0.24853848005988505,0.2606110213367084
length,15.0,20.0,-170.0,-160.0,normal,0.0,0.09386727715318414,0.12219434771828978
box_height,15.0,20.0,-170.0,-160.0,normal,0.0,0.0793783283494691,0.07255653911874495
score,15.0,20.0,-170.0,-160.0,normal,0.6887752064539276,0.09937292873884765,548
fp_score,15.0,20.0,-170.0,-160.0,normal,0.09080029799503536,0.13483659856353944,253
fp_rate,15.0,20.0,-170.0,-160.0,poisson,0.035608726249120336,253,
miss_detection,15.0,20.0,-160.0,-150.0,constant,0.04878048780487805,,
distal,15.0,20.0,-160.0,-150.0,normal,0.0,0.099935134878843,0.1272865918641175
perpendicular,15.0,20.0,-160.0,-150.0,normal,0.0,0.08575398653578216,0.12216985326860896
height,15.0,20.0,-160.0,-150.0,normal,0.0,0.06013412584270387,0.06875387521890494
yaw,15.0,20.0,-160.0,-150.0,normal,0.0,0.03815931701679049,0.06139183412640934
width,15.0,20.0,-160.0,-150.0,normal,0.0,0.19590370828555007,0.22856520689450777
length,15.0,20.0,-160.0,-150.0,normal,0.0,0.08553766239387635,0.13814997367369822
box_height,15.0,20.0,-160.0,-150.0,normal,0.0,0.09526386554864094,0.11829070861522968
score,15.0,20.0,-160.0,-150.0,normal,0.7343812581056204,0.11547160371668065,82
fp_score,15.0,20.0,-160.0,-150.0,normal,0.05943112826437242,0.045592940114522015,431
fp_rate,15.0,20.0,-160.0,-150.0,poisson,0.06066150598170303,431,
miss_detection,15.0,20.0,-150.0,-140.0,constant,0.11363636363636363,,
distal,15.0,20.0,-150.0,-140.0,normal,0.0,0.09190714784062225,0.118183004087713
perpendicular,15.0,20.0,-150.0,-140.0,normal,0.0,0.16000841290434928,0.15373098858636902
height,15.0,20.0,-150.0,-140.0,normal,0.0,0.06209628557336227,0.06614859593220246
yaw,15.0,20.0,-150.0,-140.0,normal,0.0,0.08541484731025116,0.09521721463226648
width,15.0,20.0,-150.0,-140.0,normal,0.0,0.2470082560634556,0.3240781808510805
length,15.0,20.0,-150.0,-140.0,normal,0.0,0.08335734044086421,0.10226343228266789
box_height,15.0,20.0,-150.0,-140.0,normal,0.0,0.11658888173850042,0.13913471270830202
score,15.0,20.0,-150.0,-140.0,normal,0.627004963465226,0.25343325301266645,44
fp_score,15.0,20.0,-150.0,-140.0,normal,0.06594320398026327,0.05661055416777905,442
fp_rate,15.0,20.0,-150.0,-140.0,poisson,0.062209711470795216,442,
miss_detection,15.0,20.0,-140.0,-130.0,constant,0.2978723404255319,,
distal,15.0,20.0,-140.0,-130.0,normal,0.0,0.14107176333393567,0.16748365939229498
perpendicular,15.0,20.0,-140.0,-130.0,normal,0.0,0.14247994852665372,0.22657048174487748
height,15.0,20.0,-140.0,-130.0,normal,0.0,0.06471113657593829,0.08051110397685658
yaw,15.0,20.0,-140.0,-130.0,normal,0.0,0.07428234452780676,0.13061661455334414
width,15.0,20.0,-140.0,-130.0,normal,0.0,0.27717965578320547,0.38493948271780304
length,15.0,20.0,-140.0,-130.0,normal,0.0,0.08615449026391875,0.09984943722233627
box_height,15.0,20.0,-140.0,-130.0,normal,0.0,0.1432837951078694,0.1612681836792917
score,15.0,20.0,-140.0,-130.0,normal,0.4186069206757979,0.11055065016673676,47
fp_score,15.0,20.0,-140.0,-130.0,normal,0.08396891102137911,0.08378769037880848,393
fp_rate,15.0,20.0,-140.0,-130.0,poisson,0.055313159746657285,393,
miss_detection,15.0,20.0,-130.0,-120.0,constant,0.44,,
distal,15.0,20.0,-130.0,-120.0,normal,0.0,0.1566366570946471,0.19713262687335992
perpendicular,15.0,20.0,-130.0,-120.0,normal,0.0,0.15268867358277666,0.24525573074529522
height,15.0,20.0,-130.0,-120.0,normal,0.0,0.050147125842016416,0.06749416249138969
yaw,15.0,20.0,-130.0,-120.0,normal,0.0,0.07137720596852283,0.10600277955314574
width,15.0,20.0,-130.0,-120.0,normal,0.0,0.25733980237810383,0.37275545937674387
length,15.0,20.0,-130.0,-120.0,normal,0.0,0.07992967979085432,0.07887613773345947
box_height,15.0,20.0,-130.0,-120.0,normal,0.0,0.15007421614043412,0.17611336708068848
score,15.0,20.0,-130.0,-120.0,normal,0.44050448494298117,0.12963735993063238,25
fp_score,15.0,20.0,-130.0,-120.0,normal,0.06290430236537878,0.058748126303806186,746
fp_rate,15.0,20.0,-130.0,-120.0,poisson,0.10499648135116116,746,
miss_detection,15.0,20.0,-120.0,-110.0,constant,0.25925925925925924,,
distal,15.0,20.0,-120.0,-110.0,normal,0.0,0.1124142383526884,0.15233742759552768
perpendicular,15.0,20.0,-120.0,-110.0,normal,0.0,0.09272560261015769,0.13560889722276892
height,15.0,20.0,-120.0,-110.0,normal,0.0,0.05925674267997511,0.09917822182178497
yaw,15.0,20.0,-120.0,-110.0,normal,0.0,0.06588241797327297,0.0833190985317577
width,15.0,20.0,-120.0,-110.0,normal,0.0,0.261390474521613,0.29380480051040647
length,15.0,20.0,-120.0,-110.0,normal,0.0,0.08000415186143107,0.10387135148048401
box_height,15.0,20.0,-120.0,-110.0,normal,0.0,0.07824583521923376,0.12304033637046814
score,15.0,20.0,-120.0,-110.0,normal,0.5507820241153241,0.1444152498759093,27
fp_score,15.0,20.0,-120.0,-110.0,normal,0.05828758859533375,0.05149511690901444,885
fp_rate,15.0,20.0,-120.0,-110.0,poisson,0.12456016889514426,885,
miss_detection,15.0,20.0,-110.0,-100.0,constant,0.3023255813953488,,
distal,15.0,20.0,-110.0,-100.0,normal,0.0,0.14941629940091763,0.1610342728977699
perpendicular,15.0,20.0,-110.0,-100.0,normal,0.0,0.11636847779999207,0.17959194802964742
height,15.0,20.0,-110.0,-100.0,normal,0.0,0.054925563822579876,0.07832646171251932
yaw,15.0,20.0,-110.0,-100.0,normal,0.0,0.05896073918676111,0.08879561934998938
width,15.0,20.0,-110.0,-100.0,normal,0.0,0.21363799856418603,0.2687768618265788
length,15.0,20.0,-110.0,-100.0,normal,0.0,0.08313299262138277,0.13406121333440144
box_height,15.0,20.0,-110.0,-100.0,normal,0.0,0.0960505760187862,0.10684045553207397
score,15.0,20.0,-110.0,-100.0,normal,0.5141616945465406,0.1309726858016952,43
fp_score,15.0,20.0,-110.0,-100.0,normal,0.06011577608881804,0.06511305131643826,567
fp_rate,15.0,20.0,-110.0,-100.0,poisson,0.07980295566502463,567,
miss_detection,15.0,20.0,-100.0,-90.0,constant,0.35294117647058826,,
distal,15.0,20.0,-100.0,-90.0,normal,0.0,0.13928385640793955,0.18136543588557713
perpendicular,15.0,20.0,-100.0,-90.0,normal,0.0,0.13466492378074263,0.1455219352802628
height,15.0,20.0,-100.0,-90.0,normal,0.0,0.04892003596923737,0.07806511900641701
yaw,15.0,20.0,-100.0,-90.0,normal,0.0,0.09689002881692474,0.08494937687693203
width,15.0,20.0,-100.0,-90.0,normal,0.0,0.17368134021212533,0.2743101011623036
length,15.0,20.0,-100.0,-90.0,normal,0.0,0.07800518979575716,0.14596461166035046
box_height,15.0,20.0,-100.0,-90.0,normal,0.0,0.10736082556307393,0.10587846149097789
score,15.0,20.0,-100.0,-90.0,normal,0.5117687447504564,0.13881068164240773,34
fp_score,15.0,20.0,-100.0,-90.0,normal,0.057435610050257914,0.049278104484212416,576
fp_rate,15.0,20.0,-100.0,-90.0,poisson,0.08106966924700915,576,
miss_detection,15.0,20.0,-90.0,-80.0,constant,0.3902439024390244,,
distal,15.0,20.0,-90.0,-80.0,normal,0.0,0.14430030580007402,0.2349807975556415
perpendicular,15.0,20.0,-90.0,-80.0,normal,0.0,0.09402486534606229,0.11810715458671477
height,15.0,20.0,-90.0,-80.0,normal,0.0,0.047744274892940766,0.07677792310714722
yaw,15.0,20.0,-90.0,-80.0,normal,0.0,0.07183469446196371,0.09518614851424488
width,15.0,20.0,-90.0,-80.0,normal,0.0,0.18246686911438598,0.25801424980163573
length,15.0,20.0,-90.0,-80.0,normal,0.0,0.08027525694326924,0.1296064329147339
box_height,15.0,20.0,-90.0,-80.0,normal,0.0,0.0818089946636072,0.09865512371063233
score,15.0,20.0,-90.0,-80.0,normal,0.45641849473118784,0.1671715771261041,41
fp_score,15.0,20.0,-90.0,-80.0,normal,0.06008682127646876,0.05351678980007694,528
fp_rate,15.0,20.0,-90.0,-80.0,poisson,0.07431386347642505,528,
miss_detection,15.0,20.0,-80.0,-70.0,constant,0.3783783783783784,,
distal,15.0,20.0,-80.0,-70.0,normal,0.0,0.12609813790826221,0.17119474446292351
perpendicular,15.0,20.0,-80.0,-70.0,normal,0.0,0.1130516766005283,0.12542298305698465
height,15.0,20.0,-80.0,-70.0,normal,0.0,0.0485117344555919,0.061768993087436844
yaw,15.0,20.0,-80.0,-70.0,normal,0.0,0.0539700105330057,0.10321988183689257
width,15.0,20.0,-80.0,-70.0,normal,0.0,0.12373521659910353,0.26191939478335174
length,15.0,20.0,-80.0,-70.0,normal,0.0,0.08439847270255214,0.13287893585536792
box_height,15.0,20.0,-80.0,-70.0,normal,0.0,0.07246278657606434,0.11777320115462593
score,15.0,20.0,-80.0,-70.0,normal,0.5263584282087244,0.15501769937908627,37
fp_score,15.0,20.0,-80.0,-70.0,normal,0.06484137776458891,0.05307568029466283,721
fp_rate,15.0,20.0,-80.0,-70.0,poisson,0.10147783251231528,721,
miss_detection,15.0,20.0,-70.0,-60.0,constant,0.38461538461538464,,
distal,15.0,20.0,-70.0,-60.0,normal,0.0,0.11965159195515317,0.17632445757085236
perpendicular,15.0,20.0,-70.0,-60.0,normal,0.0,0.08825135201718412,0.1412667373555743
height,15.0,20.0,-70.0,-60.0,normal,0.0,0.06377390459706427,0.07566059132417043
yaw,15.0,20.0,-70.0,-60.0,normal,0.0,0.04955776497213438,0.1003941538224078
width,15.0,20.0,-70.0,-60.0,normal,0.0,0.2113803701255974,0.26832326253255206
length,15.0,20.0,-70.0,-60.0,normal,0.0,0.10345333149615547,0.1520837595065435
box_height,15.0,20.0,-70.0,-60.0,normal,0.0,0.0761922610784119,0.10214467843373616
score,15.0,20.0,-70.0,-60.0,normal,0.5528467980523905,0.1516994657274026,39
fp_score,15.0,20.0,-70.0,-60.0,normal,0.06496402759790851,0.05961446980474476,831
fp_rate,15.0,20.0,-70.0,-60.0,poisson,0.11695988740323715,831,
miss_detection,15.0,20.0,-60.0,-50.0,constant,0.41025641025641024,,
distal,15.0,20.0,-60.0,-50.0,normal,0.0,0.12591734552028908,0.2094681295978115
perpendicular,15.0,20.0,-60.0,-50.0,normal,0.0,0.11465781464339822,0.13674346746917787
height,15.0,20.0,-60.0,-50.0,normal,0.0,0.04243708792222058,0.07043439668157826
yaw,15.0,20.0,-60.0,-50.0,normal,0.0,0.045955446979660586,0.08292795443425559
width,15.0,20.0,-60.0,-50.0,normal,0.0,0.2219417782222252,0.2604902516240659
length,15.0,20.0,-60.0,-50.0,normal,0.0,0.10330539959789145,0.13314610460530157
box_height,15.0,20.0,-60.0,-50.0,normal,0.0,0.06777988555532774,0.11692452949026357
score,15.0,20.0,-60.0,-50.0,normal,0.6197981348504191,0.16237050888056662,39
fp_score,15.0,20.0,-60.0,-50.0,normal,0.06846155886035851,0.06963175782531932,721
fp_rate,15.0,20.0,-60.0,-50.0,poisson,0.10147783251231528,721,
miss_detection,15.0,20.0,-50.0,-40.0,constant,0.14814814814814814,,
distal,15.0,20.0,-50.0,-40.0,normal,0.0,0.10343001469604739,0.15757851960290986
perpendicular,15.0,20.0,-50.0,-40.0,normal,0.0,0.08615277730087897,0.11546256768448297
height,15.0,20.0,-50.0,-40.0,normal,0.0,0.07361032345085515,0.07176229746445366
yaw,15.0,20.0,-50.0,-40.0,normal,0.0,0.05471499709891952,0.08390595518768344
width,15.0,20.0,-50.0,-40.0,normal,0.0,0.2093109075217832,0.24106410275334897
length,15.0,20.0,-50.0,-40.0,normal,0.0,0.12267515149015855,0.15582693141439688
box_height,15.0,20.0,-50.0,-40.0,normal,0.0,0.10060955595790999,0.10509963657545007
score,15.0,20.0,-50.0,-40.0,normal,0.5059730407336483,0.2409976669482284,54
fp_score,15.0,20.0,-50.0,-40.0,normal,0.062404802786665596,0.06733846746595412,719
fp_rate,15.0,20.0,-50.0,-40.0,poisson,0.1011963406052076,719,
miss_detection,15.0,20.0,-40.0,-30.0,constant,0.1951219512195122,,
distal,15.0,20.0,-40.0,-30.0,normal,0.0,0.09820949756273206,0.12576459877802496
perpendicular,15.0,20.0,-40.0,-30.0,normal,0.0,0.09050627242282427,0.15292804233879254
height,15.0,20.0,-40.0,-30.0,normal,0.0,0.03728182106822195,0.0494308995478081
yaw,15.0,20.0,-40.0,-30.0,normal,0.0,0.0323948056878718,0.062073630320452246
width,15.0,20.0,-40.0,-30.0,normal,0.0,0.2589457505854034,0.260389916824572
length,15.0,20.0,-40.0,-30.0,normal,0.0,0.0880182188200627,0.15545634789900345
box_height,15.0,20.0,-40.0,-30.0,normal,0.0,0.0872865649120365,0.10319874142155502
score,15.0,20.0,-40.0,-30.0,normal,0.5826517339005615,0.25080435548944363,82
fp_score,15.0,20.0,-40.0,-30.0,normal,0.0781502341991058,0.0948479875943175,601
fp_rate,15.0,20.0,-40.0,-30.0,poisson,0.08458831808585503,601,
miss_detection,15.0,20.0,-30.0,-20.0,constant,0.23076923076923078,,
distal,15.0,20.0,-30.0,-20.0,normal,0.0,0.15829247242028271,0.16532559616868187
perpendicular,15.0,20.0,-30.0,-20.0,normal,0.0,0.10562122273719766,0.12295150050159456
height,15.0,20.0,-30.0,-20.0,normal,0.0,0.06355368504761216,0.08091925978660583
yaw,15.0,20.0,-30.0,-20.0,normal,0.0,0.04414791972681843,0.06938621732700667
width,15.0,20.0,-30.0,-20.0,normal,0.0,0.23799762447617367,0.2907035970687866
length,15.0,20.0,-30.0,-20.0,normal,0.0,0.12299368157381244,0.15353081226348878
box_height,15.0,20.0,-30.0,-20.0,normal,0.0,0.13088791765911387,0.1592409062385559
score,15.0,20.0,-30.0,-20.0,normal,0.5884042578935623,0.14741829348034263,65
fp_score,15.0,20.0,-30.0,-20.0,normal,0.07856330028664393,0.10083958221186191,461
fp_rate,15.0,20.0,-30.0,-20.0,poisson,0.06488388458831809,461,
miss_detection,15.0,20.0,-20.0,-10.0,constant,0.2689075630252101,,
distal,15.0,20.0,-20.0,-10.0,normal,0.0,0.16249650766131124,0.2244608008801728
perpendicular,15.0,20.0,-20.0,-10.0,normal,0.0,0.09021346106596605,0.0985169070025734
height,15.0,20.0,-20.0,-10.0,normal,0.0,0.059066060373779775,0.07171415392009692
yaw,15.0,20.0,-20.0,-10.0,normal,0.0,0.044927434049029144,0.06831563251099733
width,15.0,20.0,-20.0,-10.0,normal,0.0,0.26568411915087764,0.392676654903368
length,15.0,20.0,-20.0,-10.0,normal,0.0,0.11182695342144841,0.17318488606091204
box_height,15.0,20.0,-20.0,-10.0,normal,0.0,0.09601970024575636,0.1009005732919978
score,15.0,20.0,-20.0,-10.0,normal,0.6724114755446884,0.10094741706236993,238
fp_score,15.0,20.0,-20.0,-10.0,normal,0.14794829227956455,0.20237486358434084,362
fp_rate,15.0,20.0,-20.0,-10.0,poisson,0.05095003518648839,362,
miss_detection,15.0,20.0,-10.0,0.0,constant,0.06315789473684211,,
distal,15.0,20.0,-10.0,0.0,normal,0.0,0.16956559982889285,0.21205547896134602
perpendicular,15.0,20.0,-10.0,0.0,normal,0.0,0.07753737141882912,0.09645448549640442
height,15.0,20.0,-10.0,0.0,normal,0.0,0.06697107836271185,0.08917008491044634
yaw,15.0,20.0,-10.0,0.0,normal,0.0,0.04312592761727792,0.0608834215085222
width,15.0,20.0,-10.0,0.0,normal,0.0,0.2996055691143881,0.417516540945246
length,15.0,20.0,-10.0,0.0,normal,0.0,0.11456842475254889,0.14921020189028109
box_height,15.0,20.0,-10.0,0.0,normal,0.0,0.0818253883938235,0.11617007282342803
score,15.0,20.0,-10.0,0.0,normal,0.6770468206887834,0.1190046561954282,190
fp_score,15.0,20.0,-10.0,0.0,normal,0.14626626851563546,0.20027228583015547,184
fp_rate,15.0,20.0,-10.0,0.0,poisson,0.0258972554539057,184,
miss_detection,15.0,20.0,0.0,10.0,constant,0.021367521367521368,,
distal,15.0,20.0,0.0,10.0,normal,0.0,0.09346408874478424,0.11208383102754406
perpendicular,15.0,20.0,0.0,10.0,normal,0.0,0.0626307123187063,0.07783548307731386
height,15.0,20.0,0.0,10.0,normal,0.0,0.06230405820681228,0.06350509074057034
yaw,15.0,20.0,0.0,10.0,normal,0.0,0.03410477053784204,0.044580286050505645
width,15.0,20.0,0.0,10.0,normal,0.0,0.17451544432619887,0.18805093223871622
length,15.0,20.0,0.0,10.0,normal,0.0,0.05970756216240006,0.1602579912243972
box_height,15.0,20.0,0.0,10.0,normal,0.0,0.08413908756833617,0.12524472209563942
score,15.0,20.0,0.0,10.0,normal,0.5884534021652421,0.0955764061088295,234
fp_score,15.0,20.0,0.0,10.0,normal,0.0563667029222975,0.06808916491929747,416
fp_rate,15.0,20.0,0.0,10.0,poisson,0.0585503166783955,416,
miss_detection,15.0,20.0,10.0,20.0,constant,0.016722408026755852,,
distal,15.0,20.0,10.0,20.0,normal,0.0,0.15730553442243916,0.18004330488595502
perpendicular,15.0,20.0,10.0,20.0,normal,0.0,0.07421434979958336,0.11934923513339128
height,15.0,20.0,10.0,20.0,normal,0.0,0.06303632943540001,0.0824777648157003
yaw,15.0,20.0,10.0,20.0,normal,0.0,0.035402867935817615,0.036450440288287526
width,15.0,20.0,10.0,20.0,normal,0.0,0.24749551033538394,0.32077844816000284
length,15.0,20.0,10.0,20.0,normal,0.0,0.08341708606440117,0.12184340207755161
box_height,15.0,20.0,10.0,20.0,normal,0.0,0.09831646155496088,0.10865401856753291
score,15.0,20.0,10.0,20.0,normal,0.691993927266322,0.11078467481079063,598
fp_score,15.0,20.0,10.0,20.0,normal,0.08525291264885002,0.12891549115583,225
fp_rate,15.0,20.0,10.0,20.0,poisson,0.03166783954961295,225,
miss_detection,15.0,20.0,20.0,30.0,constant,0.07304785894206549,,
distal,15.0,20.0,20.0,30.0,normal,0.0,0.1445455091595696,0.16655018263362056
perpendicular,15.0,20.0,20.0,30.0,normal,0.0,0.08642535303747928,0.10683074336330722
height,15.0,20.0,20.0,30.0,normal,0.0,0.0626975736106455,0.0763861371771149
yaw,15.0,20.0,20.0,30.0,normal,0.0,0.03726987832036158,0.042255143696513245
width,15.0,20.0,20.0,30.0,normal,0.0,0.28509873124294355,0.2776581748672154
length,15.0,20.0,20.0,30.0,normal,0.0,0.10950013200152005,0.12808534924102866
box_height,15.0,20.0,20.0,30.0,normal,0.0,0.11095286677835785,0.12485570622527081
score,15.0,20.0,20.0,30.0,normal,0.6674819195886021,0.11462087731767731,397
fp_score,15.0,20.0,20.0,30.0,normal,0.1080399121157825,0.1554260225482038,480
fp_rate,15.0,20.0,20.0,30.0,poisson,0.06755805770584096,480,
miss_detection,15.0,20.0,30.0,40.0,constant,0.08333333333333333,,
distal,15.0,20.0,30.0,40.0,normal,0.0,0.11776733542495836,0.16853336468854832
perpendicular,15.0,20.0,30.0,40.0,normal,0.0,0.09770499361311795,0.12311289956044705
height,15.0,20.0,30.0,40.0,normal,0.0,0.06691942035742343,0.08077095674745964
yaw,15.0,20.0,30.0,40.0,normal,0.0,0.051426683554451645,0.04954129659183002
width,15.0,20.0,30.0,40.0,normal,0.0,0.18303238207640027,0.23405932038377375
length,15.0,20.0,30.0,40.0,normal,0.0,0.09516254912190483,0.12445008703124472
box_height,15.0,20.0,30.0,40.0,normal,0.0,0.09266725983218488,0.11951828260958453
score,15.0,20.0,30.0,40.0,normal,0.657325452540344,0.1536109495403761,252
fp_score,15.0,20.0,30.0,40.0,normal,0.10822665600503967,0.16187707354386308,412
fp_rate,15.0,20.0,30.0,40.0,poisson,0.057987332864180154,412,
miss_detection,15.0,20.0,40.0,50.0,constant,0.03787878787878788,,
distal,15.0,20.0,40.0,50.0,normal,0.0,0.12366587584405382,0.16003138809472808
perpendicular,15.0,20.0,40.0,50.0,normal,0.0,0.12469907213136439,0.13282900178716303
height,15.0,20.0,40.0,50.0,normal,0.0,0.05697423193655463,0.07486586448714488
yaw,15.0,20.0,40.0,50.0,normal,0.0,0.04050330434710808,0.045641887952294194
width,15.0,20.0,40.0,50.0,normal,0.0,0.18000644201789076,0.25451892191969505
length,15.0,20.0,40.0,50.0,normal,0.0,0.08756873210246241,0.13355703428974303
box_height,15.0,20.0,40.0,50.0,normal,0.0,0.13560302251846174,0.1567226103910311
score,15.0,20.0,40.0,50.0,normal,0.6346796490545348,0.15695691011717772,132
fp_score,15.0,20.0,40.0,50.0,normal,0.0644994582442275,0.06991569694903567,415
fp_rate,15.0,20.0,40.0,50.0,poisson,0.05840957072484166,415,
miss_detection,15.0,20.0,50.0,60.0,constant,0.052083333333333336,,
distal,15.0,20.0,50.0,60.0,normal,0.0,0.11815607480271755,0.13230134064907423
perpendicular,15.0,20.0,50.0,60.0,normal,0.0,0.10508078372066336,0.13876152747824835
height,15.0,20.0,50.0,60.0,normal,0.0,0.04858623479882415,0.064763863663097
yaw,15.0,20.0,50.0,60.0,normal,0.0,0.046434950713364447,0.04709278897556302
width,15.0,20.0,50.0,60.0,normal,0.0,0.18206457975381934,0.21389642652574475
length,15.0,20.0,50.0,60.0,normal,0.0,0.09942171717640914,0.14287369591849192
box_height,15.0,20.0,50.0,60.0,normal,0.0,0.16517993281932772,0.17154482039776478
score,15.0,20.0,50.0,60.0,normal,0.6709148510471805,0.16341158133073921,96
fp_score,15.0,20.0,50.0,60.0,normal,0.06900483609380059,0.07890320246999417,381
fp_rate,15.0,20.0,50.0,60.0,poisson,0.05362420830401126,381,
miss_detection,15.0,20.0,60.0,70.0,constant,0.11538461538461539,,
distal,15.0,20.0,60.0,70.0,normal,0.0,0.10575517073828648,0.12467675162143518
perpendicular,15.0,20.0,60.0,70.0,normal,0.0,0.14059623859431647,0.14373884974797974
height,15.0,20.0,60.0,70.0,normal,0.0,0.05835760129777101,0.07263815467772276
yaw,15.0,20.0,60.0,70.0,normal,0.0,0.03936644720026416,0.04699994386027511
width,15.0,20.0,60.0,70.0,normal,0.0,0.28132750562633296,0.2517906427383423
length,15.0,20.0,60.0,70.0,normal,0.0,0.11220980676934028,0.15976613500843878
box_height,15.0,20.0,60.0,70.0,normal,0.0,0.09348110359348373,0.1204394685185474
score,15.0,20.0,60.0,70.0,normal,0.6225215352099874,0.18961621657812755,104
fp_score,15.0,20.0,60.0,70.0,normal,0.06609167883117847,0.07811975871606643,408
fp_rate,15.0,20.0,60.0,70.0,poisson,0.05742434904996482,408,
miss_detection,15.0,20.0,70.0,80.0,constant,0.13636363636363635,,
distal,15.0,20.0,70.0,80.0,normal,0.0,0.09509702348258417,0.13440896957058998
perpendicular,15.0,20.0,70.0,80.0,normal,0.0,0.15091982011193883,0.15492908430641208
height,15.0,20.0,70.0,80.0,normal,0.0,0.05629948779595619,0.07162325758683054
yaw,15.0,20.0,70.0,80.0,normal,0.0,0.0311134589087862,0.04415576517958336
width,15.0,20.0,70.0,80.0,normal,0.0,0.2953448404447703,0.26285941726283024
length,15.0,20.0,70.0,80.0,normal,0.0,0.11312130492110122,0.16091494058307848
box_height,15.0,20.0,70.0,80.0,normal,0.0,0.09265485452928066,0.11785503939578408
score,15.0,20.0,70.0,80.0,normal,0.6133764803409576,0.17297193308720765,110
fp_score,15.0,20.0,70.0,80.0,normal,0.079688061586567,0.09883863675344645,394
fp_rate,15.0,20.0,70.0,80.0,poisson,0.055453905700211116,394,
miss_detection,15.0,20.0,80.0,90.0,constant,0.18018018018018017,,
distal,15.0,20.0,80.0,90.0,normal,0.0,0.12584513860956742,0.15725125300075718
perpendicular,15.0,20.0,80.0,90.0,normal,0.0,0.19523350947956813,0.15082996834321524
height,15.0,20.0,80.0,90.0,normal,0.0,0.06533623761347768,0.07707185666639726
yaw,15.0,20.0,80.0,90.0,normal,0.0,0.04365125079695825,0.052888153265378705
width,15.0,20.0,80.0,90.0,normal,0.0,0.25784405670738564,0.28352779608506423
length,15.0,20.0,80.0,90.0,normal,0.0,0.1055744595465583,0.1396139178957258
box_height,15.0,20.0,80.0,90.0,normal,0.0,0.09755065389145925,0.1122314772763095
score,15.0,20.0,80.0,90.0,normal,0.605033835539451,0.17346090880873474,111
fp_score,15.0,20.0,80.0,90.0,normal,0.08085443716833499,0.09738044589366614,486
fp_rate,15.0,20.0,80.0,90.0,poisson,0.06840253342716397,486,
miss_detection,15.0,20.0,90.0,100.0,constant,0.3835616438356164,,
distal,15.0,20.0,90.0,100.0,normal,0.0,0.12317263330146108,0.16110515117699611
perpendicular,15.0,20.0,90.0,100.0,normal,0.0,0.18195725007782884,0.15570446182297648
height,15.0,20.0,90.0,100.0,normal,0.0,0.06317876456924712,0.0780207355817159
yaw,15.0,20.0,90.0,100.0,normal,0.0,0.04653926561999178,0.05003954532780285
width,15.0,20.0,90.0,100.0,normal,0.0,0.30175794207556356,0.2729966719945272
length,15.0,20.0,90.0,100.0,normal,0.0,0.10997153185204774,0.14313087066014607
box_height,15.0,20.0,90.0,100.0,normal,0.0,0.0977327528872599,0.09663876427544488
score,15.0,20.0,90.0,100.0,normal,0.606128088136514,0.16051407598060033,146
fp_score,15.0,20.0,90.0,100.0,normal,0.1073562547436281,0.12600871358379262,552
fp_rate,15.0,20.0,90.0,100.0,poisson,0.0776917663617171,552,
miss_detection,15.0,20.0,100.0,110.0,constant,0.49238578680203043,,
distal,15.0,20.0,100.0,110.0,normal,0.0,0.08909109267994483,0.1303975909159892
perpendicular,15.0,20.0,100.0,110.0,normal,0.0,0.18372945258047516,0.1777109036722733
height,15.0,20.0,100.0,110.0,normal,0.0,0.05576498273226252,0.08871422290802002
yaw,15.0,20.0,100.0,110.0,normal,0.0,0.03680261668001842,0.053296765954290316
width,15.0,20.0,100.0,110.0,normal,0.0,0.3051929791812712,0.2646114253997803
length,15.0,20.0,100.0,110.0,normal,0.0,0.11503647172436801,0.15338265895843506
box_height,15.0,20.0,100.0,110.0,normal,0.0,0.09849241443683472,0.09967738628387451
score,15.0,20.0,100.0,110.0,normal,0.6272210264205933,0.14171221404620168,197
fp_score,15.0,20.0,100.0,110.0,normal,0.11852403507145937,0.1339528619466787,512
fp_rate,15.0,20.0,100.0,110.0,poisson,0.07206192821956368,512,
miss_detection,15.0,20.0,110.0,120.0,constant,0.18181818181818182,,
distal,15.0,20.0,110.0,120.0,normal,0.0,0.09871699009067336,0.11844936407220669
perpendicular,15.0,20.0,110.0,120.0,normal,0.0,0.15371592571266288,0.14585642311103061
height,15.0,20.0,110.0,120.0,normal,0.0,0.059604196536255774,0.08418592876858182
yaw,15.0,20.0,110.0,120.0,normal,0.0,0.04090082464689011,0.04486355179946485
width,15.0,20.0,110.0,120.0,normal,0.0,0.3013524733573731,0.2434279892179701
length,15.0,20.0,110.0,120.0,normal,0.0,0.10871494340099727,0.15783634980519612
box_height,15.0,20.0,110.0,120.0,normal,0.0,0.11276666261215527,0.10613375769721137
score,15.0,20.0,110.0,120.0,normal,0.6389100634389453,0.14659610968065018,110
fp_score,15.0,20.0,110.0,120.0,normal,0.09112030705914666,0.10902664573246144,468
fp_rate,15.0,20.0,110.0,120.0,poisson,0.06586910626319493,468,
miss_detection,15.0,20.0,120.0,130.0,constant,0.11235955056179775,,
distal,15.0,20.0,120.0,130.0,normal,0.0,0.07889554664085097,0.10364797228463951
perpendicular,15.0,20.0,120.0,130.0,normal,0.0,0.08593855696534237,0.10553459063462199
height,15.0,20.0,120.0,130.0,normal,0.0,0.05473540761387976,0.07688406222983252
yaw,15.0,20.0,120.0,130.0,normal,0.0,0.047678093476643986,0.05269545061709434
width,15.0,20.0,120.0,130.0,normal,0.0,0.14411791082761172,0.17901230461989778
length,15.0,20.0,120.0,130.0,normal,0.0,0.10335598804088691,0.157572506349298
box_height,15.0,20.0,120.0,130.0,normal,0.0,0.11175298899246516,0.1072910873195793
score,15.0,20.0,120.0,130.0,normal,0.6635726565801645,0.13149537407137085,89
fp_score,15.0,20.0,120.0,130.0,normal,0.07649284314333236,0.0863538429387772,361
fp_rate,15.0,20.0,120.0,130.0,poisson,0.050809289232934554,361,
miss_detection,15.0,20.0,130.0,140.0,constant,0.05405405405405406,,
distal,15.0,20.0,130.0,140.0,normal,0.0,0.08075522239092832,0.09972764677534662
perpendicular,15.0,20.0,130.0,140.0,normal,0.0,0.07608885183143378,0.09398762233382073
height,15.0,20.0,130.0,140.0,normal,0.0,0.054234501392533795,0.07356582965169634
yaw,15.0,20.0,130.0,140.0,normal,0.0,0.027946675600052092,0.04149081967854664
width,15.0,20.0,130.0,140.0,normal,0.0,0.18788213952876387,0.21944586549486433
length,15.0,20.0,130.0,140.0,normal,0.0,0.1121294597038225,0.16243683099746703
box_height,15.0,20.0,130.0,140.0,normal,0.0,0.1356383609227432,0.13734553371156966
score,15.0,20.0,130.0,140.0,normal,0.6727284069572176,0.1153323668933838,74
fp_score,15.0,20.0,130.0,140.0,normal,0.07020905232717327,0.08612014185429973,409
fp_rate,15.0,20.0,130.0,140.0,poisson,0.05756509500351865,409,
miss_detection,15.0,20.0,140.0,150.0,constant,0.05357142857142857,,
distal,15.0,20.0,140.0,150.0,normal,0.0,0.09724231229759968,0.10839870449615238
perpendicular,15.0,20.0,140.0,150.0,normal,0.0,0.08151704754781108,0.09782464817350128
height,15.0,20.0,140.0,150.0,normal,0.0,0.053884315120076264,0.066422682513231
yaw,15.0,20.0,140.0,150.0,normal,0.0,0.04701039487053974,0.045857826269131624
width,15.0,20.0,140.0,150.0,normal,0.0,0.22704112408718802,0.2723342127769998
length,15.0,20.0,140.0,150.0,normal,0.0,0.10546914691737012,0.1382387396674486
box_height,15.0,20.0,140.0,150.0,normal,0.0,0.08956442027123428,0.10804913853699306
score,15.0,20.0,140.0,150.0,normal,0.7086607440837525,0.11556526177199525,168
fp_score,15.0,20.0,140.0,150.0,normal,0.0812952166300607,0.10051770139792109,471
fp_rate,15.0,20.0,140.0,150.0,poisson,0.06629134412385644,471,
miss_detection,15.0,20.0,150.0,160.0,constant,0.05555555555555555,,
distal,15.0,20.0,150.0,160.0,normal,0.0,0.11844707015542953,0.14035109369669127
perpendicular,15.0,20.0,150.0,160.0,normal,0.0,0.07864423725990673,0.09403123117056847
height,15.0,20.0,150.0,160.0,normal,0.0,0.06947278611153108,0.07770429095801185
yaw,15.0,20.0,150.0,160.0,normal,0.0,0.03128096791237771,0.03989389690406025
width,15.0,20.0,150.0,160.0,normal,0.0,0.24304954081625327,0.2631276852944318
length,15.0,20.0,150.0,160.0,normal,0.0,0.11314056603737108,0.13246816151282367
box_height,15.0,20.0,150.0,160.0,normal,0.0,0.09787980862742912,0.12215827948906842
score,15.0,20.0,150.0,160.0,normal,0.7125196379773757,0.14797193457885446,360
fp_score,15.0,20.0,150.0,160.0,normal,0.09100032793311634,0.12034109193088353,402
fp_rate,15.0,20.0,150.0,160.0,poisson,0.056579873328641804,402,
miss_detection,15.0,20.0,160.0,170.0,constant,0.038834951456310676,,
distal,15.0,20.0,160.0,170.0,normal,0.0,0.09885320273745572,0.14137225793591185
perpendicular,15.0,20.0,160.0,170.0,normal,0.0,0.07084024021637295,0.10002878119288586
height,15.0,20.0,160.0,170.0,normal,0.0,0.049704457289187626,0.05935557285944621
yaw,15.0,20.0,160.0,170.0,normal,0.0,0.03236654652394403,0.04400780832174868
width,15.0,20.0,160.0,170.0,normal,0.0,0.17762652579014926,0.27530812109359587
length,15.0,20.0,160.0,170.0,normal,0.0,0.09406332561250344,0.1219236043968586
box_height,15.0,20.0,160.0,170.0,normal,0.0,0.07363644603652436,0.08231268579309636
score,15.0,20.0,160.0,170.0,normal,0.7471859742896726,0.11979641330436326,515
fp_score,15.0,20.0,160.0,170.0,normal,0.11053135420563591,0.14035917175396503,238
fp_rate,15.0,20.0,160.0,170.0,poisson,0.033497536945812804,238,
miss_detection,15.0,20.0,170.0,180.0,constant,0.03977272727272727,,
distal,15.0,20.0,170.0,180.0,normal,0.0,0.11128699038002865,0.13285253986625406
perpendicular,15.0,20.0,170.0,180.0,normal,0.0,0.04921085074962651,0.06600484734999607
height,15.0,20.0,170.0,180.0,normal,0.0,0.05890510276097352,0.0672391951084137
yaw,15.0,20.0,170.0,180.0,normal,0.0,0.03139824851929888,0.04845944682765382
width,15.0,20.0,170.0,180.0,normal,0.0,0.16936389709372968,0.20578837817942602
length,15.0,20.0,170.0,180.0,normal,0.0,0.10257185959166021,0.09335222187832262
box_height,15.0,20.0,170.0,180.0,normal,0.0,0.1335552909280744,0.11423325503366233
score,15.0,20.0,170.0,180.0,normal,0.7129857612432108,0.11627692398304224,352
fp_score,15.0,20.0,170.0,180.0,normal,0.14101041715231635,0.25034331387460146,62
fp_rate,15.0,20.0,170.0,180.0,poisson,0.00872624912033779,62,
miss_detection,20.0,25.0,-180.0,-170.0,constant,0.02384500745156483,,
distal,20.0,25.0,-180.0,-170.0,normal,0.0,0.1378742498515951,0.12616373186106922
perpendicular,20.0,25.0,-180.0,-170.0,normal,0.0,0.05096354441364622,0.06358254288629989
height,20.0,25.0,-180.0,-170.0,normal,0.0,0.051538059716511216,0.06212939205970473
yaw,20.0,25.0,-180.0,-170.0,normal,0.0,0.03370975369910975,0.04284729338968261
width,20.0,25.0,-180.0,-170.0,normal,0.0,0.25695778058590235,0.2321021591434042
length,20.0,25.0,-180.0,-170.0,normal,0.0,0.12665802449302604,0.09219780532458356
box_height,20.0,25.0,-180.0,-170.0,normal,0.0,0.12198110312094275,0.1050886454473015
score,20.0,25.0,-180.0,-170.0,normal,0.7707596569457127,0.11544347400098498,1342
fp_score,20.0,25.0,-180.0,-170.0,normal,0.3170255555612721,0.2898951775806258,417
fp_rate,20.0,25.0,-180.0,-170.0,poisson,0.05869106263194933,417,
miss_detection,20.0,25.0,-170.0,-160.0,constant,0.0819277108433735,,
distal,20.0,25.0,-170.0,-160.0,normal,0.0,0.17740130617738906,0.17603247864888663
perpendicular,20.0,25.0,-170.0,-160.0,normal,0.0,0.0807526091075582,0.0916271339008447
height,20.0,25.0,-170.0,-160.0,normal,0.0,0.06410243027890895,0.06899329480223769
yaw,20.0,25.0,-170.0,-160.0,normal,0.0,0.04484944755956013,0.046279120824437886
width,20.0,25.0,-170.0,-160.0,normal,0.0,0.2734304388367001,0.2586572770997295
length,20.0,25.0,-170.0,-160.0,normal,0.0,0.07849651089024942,0.09708604787591249
box_height,20.0,25.0,-170.0,-160.0,normal,0.0,0.07237132007145397,0.08514645312401879
score,20.0,25.0,-170.0,-160.0,normal,0.703726713425844,0.12024285727200279,415
fp_score,20.0,25.0,-170.0,-160.0,normal,0.07264085045485308,0.10938055612861977,367
fp_rate,20.0,25.0,-170.0,-160.0,poisson,0.05165376495425757,367,
miss_detection,20.0,25.0,-160.0,-150.0,constant,0.06944444444444445,,
distal,20.0,25.0,-160.0,-150.0,normal,0.0,0.11241118441266537,0.13932838752249585
perpendicular,20.0,25.0,-160.0,-150.0,normal,0.0,0.14255572915390996,0.14674459301903894
height,20.0,25.0,-160.0,-150.0,normal,0.0,0.07328370204265487,0.08390376105237363
yaw,20.0,25.0,-160.0,-150.0,normal,0.0,0.06444926573792724,0.06137496871722235
width,20.0,25.0,-160.0,-150.0,normal,0.0,0.24303412942281216,0.2696719810144225
length,20.0,25.0,-160.0,-150.0,normal,0.0,0.10108928370539735,0.1140780502290868
box_height,20.0,25.0,-160.0,-150.0,normal,0.0,0.08081648742242718,0.09521488645183507
score,20.0,25.0,-160.0,-150.0,normal,0.6942718792984734,0.19185642320516985,72
fp_score,20.0,25.0,-160.0,-150.0,normal,0.06460788250275551,0.0514002206616022,852
fp_rate,20.0,25.0,-160.0,-150.0,poisson,0.1199155524278677,852,
miss_detection,20.0,25.0,-150.0,-140.0,constant,0.3333333333333333,,
distal,20.0,25.0,-150.0,-140.0,normal,0.0,0.13871358061819364,0.19268489636707584
perpendicular,20.0,25.0,-150.0,-140.0,normal,0.0,0.17658373824665863,0.194418836347869
height,20.0,25.0,-150.0,-140.0,normal,0.0,0.0740962705384782,0.09017766941161383
yaw,20.0,25.0,-150.0,-140.0,normal,0.0,0.10336605972360002,0.12998533778676524
width,20.0,25.0,-150.0,-140.0,normal,0.0,0.25791500917084015,0.34519736539749873
length,20.0,25.0,-150.0,-140.0,normal,0.0,0.09978458944122623,0.13127844958078294
box_height,20.0,25.0,-150.0,-140.0,normal,0.0,0.11556741303900622,0.13676121689024426
score,20.0,25.0,-150.0,-140.0,normal,0.39425921794914065,0.12785360971260765,63
fp_score,20.0,25.0,-150.0,-140.0,normal,0.07353349774624363,0.06956785790134801,825
fp_rate,20.0,25.0,-150.0,-140.0,poisson,0.11611541168191415,825,
miss_detection,20.0,25.0,-140.0,-130.0,constant,0.035856573705179286,,
distal,20.0,25.0,-140.0,-130.0,normal,0.0,0.05851318357516623,0.043092937169444755
perpendicular,20.0,25.0,-140.0,-130.0,normal,0.0,0.0444576981950191,0.15290331672883306
height,20.0,25.0,-140.0,-130.0,normal,0.0,0.06085171259027715,0.12004706214282139
yaw,20.0,25.0,-140.0,-130.0,normal,0.0,0.02597110341763764,0.05943874651338507
width,20.0,25.0,-140.0,-130.0,normal,0.0,0.07946405149191099,0.1999202217937501
length,20.0,25.0,-140.0,-130.0,normal,0.0,0.029506881564746294,0.0897913397836291
box_height,20.0,25.0,-140.0,-130.0,normal,0.0,0.029024098776783348,0.09217897476243579
score,20.0,25.0,-140.0,-130.0,normal,0.5897357230467245,0.0508745551448495,251
fp_score,20.0,25.0,-140.0,-130.0,normal,0.06471329952518527,0.060283378652408855,936
fp_rate,20.0,25.0,-140.0,-130.0,poisson,0.13173821252638987,936,
miss_detection,20.0,25.0,-130.0,-120.0,constant,0.2558139534883721,,
distal,20.0,25.0,-130.0,-120.0,normal,0.0,0.11740314832958638,0.163952313536183
perpendicular,20.0,25.0,-130.0,-120.0,normal,0.0,0.13045184961339726,0.11763428852595675
height,20.0,25.0,-130.0,-120.0,normal,0.0,0.0859966277528962,0.08875478617846966
yaw,20.0,25.0,-130.0,-120.0,normal,0.0,0.08807699926667317,0.08248386149416964
width,20.0,25.0,-130.0,-120.0,normal,0.0,0.16648795795099774,0.3073045164346695
length,20.0,25.0,-130.0,-120.0,normal,0.0,0.06740227572496679,0.1742917224764824
box_height,20.0,25.0,-130.0,-120.0,normal,0.0,0.0729415557377394,0.11903232708573341
score,20.0,25.0,-130.0,-120.0,normal,0.5855203391984105,0.16140089938814517,43
fp_score,20.0,25.0,-130.0,-120.0,normal,0.05889478658382111,0.04752901800493342,1211
fp_rate,20.0,25.0,-130.0,-120.0,poisson,0.17044334975369457,1211,
miss_detection,20.0,25.0,-120.0,-110.0,constant,0.25,,
distal,20.0,25.0,-120.0,-110.0,normal,0.0,0.11662436754567226,0.21145588334853707
perpendicular,20.0,25.0,-120.0,-110.0,normal,0.0,0.10674022841680282,0.13301416876994743
height,20.0,25.0,-120.0,-110.0,normal,0.0,0.10073991419108712,0.12389787435531616
yaw,20.0,25.0,-120.0,-110.0,normal,0.0,0.07684790519969947,0.07271047824777988
width,20.0,25.0,-120.0,-110.0,normal,0.0,0.23475708292435957,0.36346144676208497
length,20.0,25.0,-120.0,-110.0,normal,0.0,0.1250334346618886,0.15544837713241577
box_height,20.0,25.0,-120.0,-110.0,normal,0.0,0.12576402670044728,0.15044968525568644
score,20.0,25.0,-120.0,-110.0,normal,0.45529136111338936,0.1735562407114205,40
fp_score,20.0,25.0,-120.0,-110.0,normal,0.07043523940124682,0.048428154381743235,1218
fp_rate,20.0,25.0,-120.0,-110.0,poisson,0.17142857142857143,1218,
miss_detection,20.0,25.0,-110.0,-100.0,constant,0.288135593220339,,
distal,20.0,25.0,-110.0,-100.0,normal,0.0,0.15459193753136838,0.19324293300039727
perpendicular,20.0,25.0,-110.0,-100.0,normal,0.0,0.12305039070704793,0.1867004553650641
height,20.0,25.0,-110.0,-100.0,normal,0.0,0.08870670683322782,0.12069790561993916
yaw,20.0,25.0,-110.0,-100.0,normal,0.0,0.07849088050383828,0.09358176861854263
width,20.0,25.0,-110.0,-100.0,normal,0.0,0.30207319292933765,0.3513514654976981
length,20.0,25.0,-110.0,-100.0,normal,0.0,0.1120473532609323,0.1364018434569949
box_height,20.0,25.0,-110.0,-100.0,normal,0.0,0.06968237609327117,0.10973642837433588
score,20.0,25.0,-110.0,-100.0,normal,0.4332523824913161,0.16613181520682813,59
fp_score,20.0,25.0,-110.0,-100.0,normal,0.06357703818439908,0.051754644854122865,1463
fp_rate,20.0,25.0,-110.0,-100.0,poisson,0.20591133004926107,1463,
miss_detection,20.0,25.0,-100.0,-90.0,constant,0.288135593220339,,
distal,20.0,25.0,-100.0,-90.0,normal,0.0,0.14943200358454103,0.21125970231103383
perpendicular,20.0,25.0,-100.0,-90.0,normal,0.0,0.10977176829761738,0.1400375412397111
height,20.0,25.0,-100.0,-90.0,normal,0.0,0.07093761431669149,0.11668324044772557
yaw,20.0,25.0,-100.0,-90.0,normal,0.0,0.08009713825712962,0.09715268293427884
width,20.0,25.0,-100.0,-90.0,normal,0.0,0.24626742956159695,0.34311446689424063
length,20.0,25.0,-100.0,-90.0,normal,0.0,0.0934469319583699,0.1066226391565232
box_height,20.0,25.0,-100.0,-90.0,normal,0.0,0.06926741293980383,0.10373080060595558
score,20.0,25.0,-100.0,-90.0,normal,0.43406512144775616,0.1394812456753661,59
fp_score,20.0,25.0,-100.0,-90.0,normal,0.0635175321514822,0.05656781116552134,1427
fp_rate,20.0,25.0,-100.0,-90.0,poisson,0.20084447572132302,1427,
miss_detection,20.0,25.0,-90.0,-80.0,constant,0.3090909090909091,,
distal,20.0,25.0,-90.0,-80.0,normal,0.0,0.15582959486125741,0.18644073820215903
perpendicular,20.0,25.0,-90.0,-80.0,normal,0.0,0.10910206538598372,0.15511796880872653
height,20.0,25.0,-90.0,-80.0,normal,0.0,0.06113983598997167,0.09803382503358941
yaw,20.0,25.0,-90.0,-80.0,normal,0.0,0.09845617503540918,0.12841993974505905
width,20.0,25.0,-90.0,-80.0,normal,0.0,0.24406738153787064,0.3404396646901181
length,20.0,25.0,-90.0,-80.0,normal,0.0,0.0949590788713887,0.10226127348448101
box_height,20.0,25.0,-90.0,-80.0,normal,0.0,0.09344163146034912,0.11049650844774749
score,20.0,25.0,-90.0,-80.0,normal,0.44521835838493545,0.12458892724296484,55
fp_score,20.0,25.0,-90.0,-80.0,normal,0.06346150749794216,0.060649697253451824,1203
fp_rate,20.0,25.0,-90.0,-80.0,poisson,0.1693173821252639,1203,
miss_detection,20.0,25.0,-80.0,-70.0,constant,0.25806451612903225,,
distal,20.0,25.0,-80.0,-70.0,normal,0.0,0.15333654299874108,0.17587336612149615
perpendicular,20.0,25.0,-80.0,-70.0,normal,0.0,0.12138416384571782,0.14522311944951993
height,20.0,25.0,-80.0,-70.0,normal,0.0,0.09299946154585365,0.10467465675395468
yaw,20.0,25.0,-80.0,-70.0,normal,0.0,0.10446277588595757,0.11558952026989436
width,20.0,25.0,-80.0,-70.0,normal,0.0,0.16425179836927242,0.2533290127049322
length,20.0,25.0,-80.0,-70.0,normal,0.0,0.1372752362568816,0.1318890763365704
box_height,20.0,25.0,-80.0,-70.0,normal,0.0,0.08600666989533579,0.12285189784091452
score,20.0,25.0,-80.0,-70.0,normal,0.47614545018776605,0.15385822800042318,62
fp_score,20.0,25.0,-80.0,-70.0,normal,0.06825163302493506,0.06394798742908452,1450
fp_rate,20.0,25.0,-80.0,-70.0,poisson,0.20408163265306123,1450,
miss_detection,20.0,25.0,-70.0,-60.0,constant,0.2033898305084746,,
distal,20.0,25.0,-70.0,-60.0,normal,0.0,0.13591264785736862,0.17762788188698478
perpendicular,20.0,25.0,-70.0,-60.0,normal,0.0,0.1043543672407377,0.11330297167725523
height,20.0,25.0,-70.0,-60.0,normal,0.0,0.0861167883065333,0.12300122291483778
yaw,20.0,25.0,-70.0,-60.0,normal,0.0,0.0790973711047088,0.1082255823441312
width,20.0,25.0,-70.0,-60.0,normal,0.0,0.16299803549354172,0.28504220475541786
length,20.0,25.0,-70.0,-60.0,normal,0.0,0.08534647589365339,0.12341036187841538
box_height,20.0,25.0,-70.0,-60.0,normal,0.0,0.07564078463009327,0.14183114944620334
score,20.0,25.0,-70.0,-60.0,normal,0.4746736242099011,0.18602607241733046,59
fp_score,20.0,25.0,-70.0,-60.0,normal,0.060743726413569565,0.05509373647323697,1257
fp_rate,20.0,25.0,-70.0,-60.0,poisson,0.176917663617171,1257,
miss_detection,20.0,25.0,-60.0,-50.0,constant,0.3333333333333333,,
distal,20.0,25.0,-60.0,-50.0,normal,0.0,0.1212033235059245,0.18020843471605386
perpendicular,20.0,25.0,-60.0,-50.0,normal,0.0,0.0949190852789198,0.14651502827202295
height,20.0,25.0,-60.0,-50.0,normal,0.0,0.08788246128751111,0.12412790883155096
yaw,20.0,25.0,-60.0,-50.0,normal,0.0,0.05747232499315826,0.07844750974597894
width,20.0,25.0,-60.0,-50.0,normal,0.0,0.17179399424168804,0.29032082784743535
length,20.0,25.0,-60.0,-50.0,normal,0.0,0.08471167676612323,0.15912288427352905
box_height,20.0,25.0,-60.0,-50.0,normal,0.0,0.08022903318641209,0.11240062543324061
score,20.0,25.0,-60.0,-50.0,normal,0.4868408466378848,0.15527677322053424,63
fp_score,20.0,25.0,-60.0,-50.0,normal,0.06148698545921965,0.05771866614626265,1164
fp_rate,20.0,25.0,-60.0,-50.0,poisson,0.16382828993666432,1164,
miss_detection,20.0,25.0,-50.0,-40.0,constant,0.3582089552238806,,
distal,20.0,25.0,-50.0,-40.0,normal,0.0,0.1306463626750543,0.1705766288353235
perpendicular,20.0,25.0,-50.0,-40.0,normal,0.0,0.14681277644939783,0.17079580024090021
height,20.0,25.0,-50.0,-40.0,normal,0.0,0.053550237871080035,0.07440726008526115
yaw,20.0,25.0,-50.0,-40.0,normal,0.0,0.0440779020457615,0.08246023301883132
width,20.0,25.0,-50.0,-40.0,normal,0.0,0.16949173558404007,0.27583573585332827
length,20.0,25.0,-50.0,-40.0,normal,0.0,0.12738661141478239,0.15898275929828024
box_height,20.0,25.0,-50.0,-40.0,normal,0.0,0.0673937839890046,0.0777541066324988
score,20.0,25.0,-50.0,-40.0,normal,0.5570610201982564,0.17579292267655963,67
fp_score,20.0,25.0,-50.0,-40.0,normal,0.06476989422627932,0.06459193097050335,1145
fp_rate,20.0,25.0,-50.0,-40.0,poisson,0.16115411681914146,1145,
miss_detection,20.0,25.0,-40.0,-30.0,constant,0.2413793103448276,,
distal,20.0,25.0,-40.0,-30.0,normal,0.0,0.1795382344924643,0.20480394754231418
perpendicular,20.0,25.0,-40.0,-30.0,normal,0.0,0.09731024400677683,0.16729111748657305
height,20.0,25.0,-40.0,-30.0,normal,0.0,0.09004357801253643,0.09240939942273227
yaw,20.0,25.0,-40.0,-30.0,normal,0.0,0.05943270034183305,0.0726135049858348
width,20.0,25.0,-40.0,-30.0,normal,0.0,0.26417294390715035,0.320632587779652
length,20.0,25.0,-40.0,-30.0,normal,0.0,0.15080498236162207,0.22911344333128494
box_height,20.0,25.0,-40.0,-30.0,normal,0.0,0.07392729623571069,0.10592247681184248
score,20.0,25.0,-40.0,-30.0,normal,0.5384329614991491,0.24650290581653722,58
fp_score,20.0,25.0,-40.0,-30.0,normal,0.08747139770806313,0.07419290251877467,1123
fp_rate,20.0,25.0,-40.0,-30.0,poisson,0.15805770584095707,1123,
miss_detection,20.0,25.0,-30.0,-20.0,constant,0.16071428571428573,,
distal,20.0,25.0,-30.0,-20.0,normal,0.0,0.12724708369000848,0.15313606046049585
perpendicular,20.0,25.0,-30.0,-20.0,normal,0.0,0.13417611704910568,0.17258007260084562
height,20.0,25.0,-30.0,-20.0,normal,0.0,0.07674478931735253,0.08217560927918617
yaw,20.0,25.0,-30.0,-20.0,normal,0.0,0.045135346342306364,0.07704754375156653
width,20.0,25.0,-30.0,-20.0,normal,0.0,0.3070511640955095,0.34058537128123834
length,20.0,25.0,-30.0,-20.0,normal,0.0,0.10741049178543209,0.21716294263271577
box_height,20.0,25.0,-30.0,-20.0,normal,0.0,0.10522746435307305,0.15774417303978128
score,20.0,25.0,-30.0,-20.0,normal,0.5534921089940249,0.2497205296651493,112
fp_score,20.0,25.0,-30.0,-20.0,normal,0.07321299942295827,0.07107452203249086,1002
fp_rate,20.0,25.0,-30.0,-20.0,poisson,0.141027445460943,1002,
miss_detection,20.0,25.0,-20.0,-10.0,constant,0.3076923076923077,,
distal,20.0,25.0,-20.0,-10.0,normal,0.0,0.13347075599764474,0.19322311553240296
perpendicular,20.0,25.0,-20.0,-10.0,normal,0.0,0.10939692585227817,0.14210721774419283
height,20.0,25.0,-20.0,-10.0,normal,0.0,0.056439283538111874,0.07038647977132646
yaw,20.0,25.0,-20.0,-10.0,normal,0.0,0.0440935353115025,0.05270161342881401
width,20.0,25.0,-20.0,-10.0,normal,0.0,0.21446908349068952,0.3634413934889294
length,20.0,25.0,-20.0,-10.0,normal,0.0,0.08037122713332932,0.15781219800313315
box_height,20.0,25.0,-20.0,-10.0,normal,0.0,0.09769339398716514,0.11228752514672657
score,20.0,25.0,-20.0,-10.0,normal,0.5725617802568844,0.13501365196168588,182
fp_score,20.0,25.0,-20.0,-10.0,normal,0.10558578157411193,0.15496801516889377,651
fp_rate,20.0,25.0,-20.0,-10.0,poisson,0.0916256157635468,651,
miss_detection,20.0,25.0,-10.0,0.0,constant,0.22916666666666666,,
distal,20.0,25.0,-10.0,0.0,normal,0.0,0.1858007338659738,0.24401826332813867
perpendicular,20.0,25.0,-10.0,0.0,normal,0.0,0.09646972404372826,0.12220886683873897
height,20.0,25.0,-10.0,0.0,normal,0.0,0.07507586333678813,0.09326460333289327
yaw,20.0,25.0,-10.0,0.0,normal,0.0,0.050847494522685915,0.06597402714142685
width,20.0,25.0,-10.0,0.0,normal,0.0,0.2928460343615691,0.3994345383064167
length,20.0,25.0,-10.0,0.0,normal,0.0,0.10523316036897512,0.15932037097376747
box_height,20.0,25.0,-10.0,0.0,normal,0.0,0.10764440768519339,0.1603191418422235
score,20.0,25.0,-10.0,0.0,normal,0.6001297802840536,0.13747388215652537,384
fp_score,20.0,25.0,-10.0,0.0,normal,0.2034822621466712,0.20749125795515802,466
fp_rate,20.0,25.0,-10.0,0.0,poisson,0.06558761435608726,466,
miss_detection,20.0,25.0,0.0,10.0,constant,0.04054054054054054,,
distal,20.0,25.0,0.0,10.0,normal,0.0,0.14524858803483898,0.20083370662489636
perpendicular,20.0,25.0,0.0,10.0,normal,0.0,0.10235246652625155,0.1027211199363461
height,20.0,25.0,0.0,10.0,normal,0.0,0.08919437408377764,0.09923861983796241
yaw,20.0,25.0,0.0,10.0,normal,0.0,0.04901340652699652,0.05397128469713897
width,20.0,25.0,0.0,10.0,normal,0.0,0.3076050814373469,0.4728818940444731
length,20.0,25.0,0.0,10.0,normal,0.0,0.11136472327804008,0.1870618094860668
box_height,20.0,25.0,0.0,10.0,normal,0.0,0.11850065730111302,0.16777112618298598
score,20.0,25.0,0.0,10.0,normal,0.6088982447352208,0.11408214043638405,370
fp_score,20.0,25.0,0.0,10.0,normal,0.12618664933293106,0.130445318186515,469
fp_rate,20.0,25.0,0.0,10.0,poisson,0.06600985221674877,469,
miss_detection,20.0,25.0,10.0,20.0,constant,0.1731066460587326,,
distal,20.0,25.0,10.0,20.0,normal,0.0,0.14764812790015588,0.19437307821225056
perpendicular,20.0,25.0,10.0,20.0,normal,0.0,0.08012572887686202,0.10178042951512019
height,20.0,25.0,10.0,20.0,normal,0.0,0.061428834511546425,0.07863943833057012
yaw,20.0,25.0,10.0,20.0,normal,0.0,0.044266375792641234,0.05106046157164007
width,20.0,25.0,10.0,20.0,normal,0.0,0.24352469120602777,0.31530474056707364
length,20.0,25.0,10.0,20.0,normal,0.0,0.09212595815799383,0.12072517448496596
box_height,20.0,25.0,10.0,20.0,normal,0.0,0.10247434458902394,0.14958478379472395
score,20.0,25.0,10.0,20.0,normal,0.6131992438407702,0.13678949876421442,647
fp_score,20.0,25.0,10.0,20.0,normal,0.1777125873560656,0.22068540256633407,683
fp_rate,20.0,25.0,10.0,20.0,poisson,0.09612948627726953,683,
miss_detection,20.0,25.0,20.0,30.0,constant,0.12244897959183673,,
distal,20.0,25.0,20.0,30.0,normal,0.0,0.13297048388224808,0.15843515036057643
perpendicular,20.0,25.0,20.0,30.0,normal,0.0,0.08578759700791662,0.11874936580553136
height,20.0,25.0,20.0,30.0,normal,0.0,0.07075691548452251,0.08767194699409396
yaw,20.0,25.0,20.0,30.0,normal,0.0,0.05128091648630442,0.05482319431441771
width,20.0,25.0,20.0,30.0,normal,0.0,0.23168441179485272,0.293670701426129
length,20.0,25.0,20.0,30.0,normal,0.0,0.11953381254349664,0.13477293904437576
box_height,20.0,25.0,20.0,30.0,normal,0.0,0.09051305348340506,0.1021202684834946
score,20.0,25.0,20.0,30.0,normal,0.6331464579805385,0.15531763194044362,196
fp_score,20.0,25.0,20.0,30.0,normal,0.09477932645940489,0.11499969837119517,777
fp_rate,20.0,25.0,20.0,30.0,poisson,0.10935960591133005,777,
miss_detection,20.0,25.0,30.0,40.0,constant,0.06716417910447761,,
distal,20.0,25.0,30.0,40.0,normal,0.0,0.1185583205415478,0.19260005908727743
perpendicular,20.0,25.0,30.0,40.0,normal,0.0,0.11587104155520123,0.14938652313712603
height,20.0,25.0,30.0,40.0,normal,0.0,0.06061708476365806,0.07135541677474976
yaw,20.0,25.0,30.0,40.0,normal,0.0,0.045607341993604764,0.04586202200480454
width,20.0,25.0,30.0,40.0,normal,0.0,0.2104120638206133,0.31847534561157226
length,20.0,25.0,30.0,40.0,normal,0.0,0.07746196561735384,0.16663222217559814
box_height,20.0,25.0,30.0,40.0,normal,0.0,0.14718709734240804,0.13153386783599855
score,20.0,25.0,30.0,40.0,normal,0.6467479945719242,0.17449155360329535,134
fp_score,20.0,25.0,30.0,40.0,normal,0.07890353456426125,0.08296916207844816,650
fp_rate,20.0,25.0,30.0,40.0,poisson,0.09148486980999296,650,
miss_detection,20.0,25.0,40.0,50.0,constant,0.2561576354679803,,
distal,20.0,25.0,40.0,50.0,normal,0.0,0.13290213603914353,0.15115092261341867
perpendicular,20.0,25.0,40.0,50.0,normal,0.0,0.13465144805387685,0.16526893498245712
height,20.0,25.0,40.0,50.0,normal,0.0,0.07858792139431296,0.08505719110665731
yaw,20.0,25.0,40.0,50.0,normal,0.0,0.06611817930883938,0.07285168798712773
width,20.0,25.0,40.0,50.0,normal,0.0,0.202414807369758,0.27534699282109343
length,20.0,25.0,40.0,50.0,normal,0.0,0.09640552994550007,0.14233297464863354
box_height,20.0,25.0,40.0,50.0,normal,0.0,0.11173552645742575,0.11853891729519067
score,20.0,25.0,40.0,50.0,normal,0.5898413372454264,0.18445151791915337,203
fp_score,20.0,25.0,40.0,50.0,normal,0.10774923790198024,0.15482855917918845,618
fp_rate,20.0,25.0,40.0,50.0,poisson,0.08698099929627023,618,
miss_detection,20.0,25.0,50.0,60.0,constant,0.125,,
distal,20.0,25.0,50.0,60.0,normal,0.0,0.11733185634304666,0.1625662751287282
perpendicular,20.0,25.0,50.0,60.0,normal,0.0,0.1378211121411536,0.16791482748330783
height,20.0,25.0,50.0,60.0,normal,0.0,0.06787495324777443,0.08236028892653328
yaw,20.0,25.0,50.0,60.0,normal,0.0,0.0567177198869904,0.06543531127063636
width,20.0,25.0,50.0,60.0,normal,0.0,0.2405318403639542,0.2543496131896973
length,20.0,25.0,50.0,60.0,normal,0.0,0.10442820381215102,0.15083414060728892
box_height,20.0,25.0,50.0,60.0,normal,0.0,0.09513473199498423,0.11718616826193673
score,20.0,25.0,50.0,60.0,normal,0.5367964679641383,0.16759808733561563,160
fp_score,20.0,25.0,50.0,60.0,normal,0.0766143051987534,0.08229189394512197,930
fp_rate,20.0,25.0,50.0,60.0,poisson,0.13089373680506686,930,
miss_detection,20.0,25.0,60.0,70.0,constant,0.25984251968503935,,
distal,20.0,25.0,60.0,70.0,normal,0.0,0.1688232350443204,0.19326557223867402
perpendicular,20.0,25.0,60.0,70.0,normal,0.0,0.18102726644647102,0.16181642510337294
height,20.0,25.0,60.0,70.0,normal,0.0,0.07121317131859285,0.09791474836937925
yaw,20.0,25.0,60.0,70.0,normal,0.0,0.05713507992644777,0.05692168825023129
width,20.0,25.0,60.0,70.0,normal,0.0,0.2984310444596197,0.3145602028420631
length,20.0,25.0,60.0,70.0,normal,0.0,0.12776703880930954,0.16594713165404948
box_height,20.0,25.0,60.0,70.0,normal,0.0,0.09284935460708137,0.12087295537299299
score,20.0,25.0,60.0,70.0,normal,0.5942058182777242,0.18176306177962406,127
fp_score,20.0,25.0,60.0,70.0,normal,0.08721765980451875,0.1073043453914107,842
fp_rate,20.0,25.0,60.0,70.0,poisson,0.11850809289232934,842,
miss_detection,20.0,25.0,70.0,80.0,constant,0.24731182795698925,,
distal,20.0,25.0,70.0,80.0,normal,0.0,0.15828893716992753,0.17438218894372548
perpendicular,20.0,25.0,70.0,80.0,normal,0.0,0.1571992245160099,0.16117826350548203
height,20.0,25.0,70.0,80.0,normal,0.0,0.07697454741713686,0.09105965324810573
yaw,20.0,25.0,70.0,80.0,normal,0.0,0.051870449805550986,0.05855934244148777
width,20.0,25.0,70.0,80.0,normal,0.0,0.2768174728055529,0.3511421169553484
length,20.0,25.0,70.0,80.0,normal,0.0,0.10435822088632783,0.15129538774490356
box_height,20.0,25.0,70.0,80.0,normal,0.0,0.09155712111798682,0.1051418389592852
score,20.0,25.0,70.0,80.0,normal,0.5885737306305341,0.16438602151482248,93
fp_score,20.0,25.0,70.0,80.0,normal,0.08311769765761733,0.10451544774805788,815
fp_rate,20.0,25.0,70.0,80.0,poisson,0.11470795214637579,815,
miss_detection,20.0,25.0,80.0,90.0,constant,0.22764227642276422,,
distal,20.0,25.0,80.0,90.0,normal,0.0,0.16397825696257856,0.15221648403206106
perpendicular,20.0,25.0,80.0,90.0,normal,0.0,0.17660036399722434,0.14781682222190112
height,20.0,25.0,80.0,90.0,normal,0.0,0.07641686827347005,0.0918164516750135
yaw,20.0,25.0,80.0,90.0,normal,0.0,0.04340189154137982,0.06021986093779982
width,20.0,25.0,80.0,90.0,normal,0.0,0.2505280558077648,0.27376053960699787
length,20.0,25.0,80.0,90.0,normal,0.0,0.08051211793336312,0.12661850954356946
box_height,20.0,25.0,80.0,90.0,normal,0.0,0.0831359293050047,0.10678534507751465
score,20.0,25.0,80.0,90.0,normal,0.5691443529568221,0.16136654518486948,123
fp_score,20.0,25.0,80.0,90.0,normal,0.0780702350646682,0.0936536013484066,772
fp_rate,20.0,25.0,80.0,90.0,poisson,0.10865587614356087,772,
miss_detection,20.0,25.0,90.0,100.0,constant,0.2803738317757009,,
distal,20.0,25.0,90.0,100.0,normal,0.0,0.1396581343371904,0.16482406709893618
perpendicular,20.0,25.0,90.0,100.0,normal,0.0,0.17762035112073765,0.17947981428077858
height,20.0,25.0,90.0,100.0,normal,0.0,0.07470070132347396,0.10283450027564903
yaw,20.0,25.0,90.0,100.0,normal,0.0,0.06619987005528795,0.06610772837503229
width,20.0,25.0,90.0,100.0,normal,0.0,0.31447798857430137,0.34056126916563356
length,20.0,25.0,90.0,100.0,normal,0.0,0.10139275872895305,0.13788628268551517
box_height,20.0,25.0,90.0,100.0,normal,0.0,0.07875305870034655,0.09450535960011668
score,20.0,25.0,90.0,100.0,normal,0.5418759661835509,0.18567028135806127,107
fp_score,20.0,25.0,90.0,100.0,normal,0.07434800756188481,0.08765978367186333,947
fp_rate,20.0,25.0,90.0,100.0,poisson,0.13328641801548205,947,
miss_detection,20.0,25.0,100.0,110.0,constant,0.3119266055045872,,
distal,20.0,25.0,100.0,110.0,normal,0.0,0.13408104752397287,0.14889762545092827
perpendicular,20.0,25.0,100.0,110.0,normal,0.0,0.21745455954712278,0.19414559124420908
height,20.0,25.0,100.0,110.0,normal,0.0,0.07045372232866991,0.08436200141906738
yaw,20.0,25.0,100.0,110.0,normal,0.0,0.06316997027911424,0.06956264790414551
width,20.0,25.0,100.0,110.0,normal,0.0,0.3258684065976563,0.3477970314025879
length,20.0,25.0,100.0,110.0,normal,0.0,0.08548972413009531,0.12221821626027425
box_height,20.0,25.0,100.0,110.0,normal,0.0,0.07699532673772458,0.11015208880106608
score,20.0,25.0,100.0,110.0,normal,0.5645745597779751,0.17504946840814076,109
fp_score,20.0,25.0,100.0,110.0,normal,0.07885367175243521,0.09228617459290042,1034
fp_rate,20.0,25.0,100.0,110.0,poisson,0.14553131597466573,1034,
miss_detection,20.0,25.0,110.0,120.0,constant,0.23846153846153847,,
distal,20.0,25.0,110.0,120.0,normal,0.0,0.13766996215901578,0.16559374791401488
perpendicular,20.0,25.0,110.0,120.0,normal,0.0,0.1408582723032545,0.16880176191823218
height,20.0,25.0,110.0,120.0,normal,0.0,0.06341217388338526,0.07489661074647999
yaw,20.0,25.0,110.0,120.0,normal,0.0,0.06492256121603264,0.06321662131497666
width,20.0,25.0,110.0,120.0,normal,0.0,0.2717195815292344,0.338088242694585
length,20.0,25.0,110.0,120.0,normal,0.0,0.09504824262317324,0.1229737780310891
box_height,20.0,25.0,110.0,120.0,normal,0.0,0.07250702338181475,0.11376449917301987
score,20.0,25.0,110.0,120.0,normal,0.5954389262078988,0.1667607529213227,130
fp_score,20.0,25.0,110.0,120.0,normal,0.08433590872763572,0.10894299140133952,704
fp_rate,20.0,25.0,110.0,120.0,poisson,0.09908515130190007,704,
miss_detection,20.0,25.0,120.0,130.0,constant,0.302158273381295,,
distal,20.0,25.0,120.0,130.0,normal,0.0,0.1377317825163567,0.14995011958101984
perpendicular,20.0,25.0,120.0,130.0,normal,0.0,0.14676941323037257,0.18397379382519366
height,20.0,25.0,120.0,130.0,normal,0.0,0.05656034088366358,0.07574505597045741
yaw,20.0,25.0,120.0,130.0,normal,0.0,0.08242828436594699,0.08392905454457604
width,20.0,25.0,120.0,130.0,normal,0.0,0.27020783057944875,0.3080766864658631
length,20.0,25.0,120.0,130.0,normal,0.0,0.10155838000244842,0.15104887411766446
box_height,20.0,25.0,120.0,130.0,normal,0.0,0.07115410112868766,0.11785253421547487
score,20.0,25.0,120.0,130.0,normal,0.5776718458564011,0.14129821201473758,139
fp_score,20.0,25.0,120.0,130.0,normal,0.11122364632603599,0.1294851330341422,779
fp_rate,20.0,25.0,120.0,130.0,poisson,0.10964109781843771,779,
miss_detection,20.0,25.0,130.0,140.0,constant,0.12096774193548387,,
distal,20.0,25.0,130.0,140.0,normal,0.0,0.10982148506942024,0.13952877888863807
perpendicular,20.0,25.0,130.0,140.0,normal,0.0,0.1332130251221922,0.14441765587148772
height,20.0,25.0,130.0,140.0,normal,0.0,0.066075413290453,0.10310475952034696
yaw,20.0,25.0,130.0,140.0,normal,0.0,0.05246381786186604,0.04756247668732579
width,20.0,25.0,130.0,140.0,normal,0.0,0.2285505964826499,0.31368190870372525
length,20.0,25.0,130.0,140.0,normal,0.0,0.1499004152763807,0.24662008744861008
box_height,20.0,25.0,130.0,140.0,normal,0.0,0.07163016106061781,0.07699595514787447
score,20.0,25.0,130.0,140.0,normal,0.4473434383169227,0.2701257848124018,248
fp_score,20.0,25.0,130.0,140.0,normal,0.08558524165754065,0.10218481379322002,660
fp_rate,20.0,25.0,130.0,140.0,poisson,0.09289232934553132,660,
miss_detection,20.0,25.0,140.0,150.0,constant,0.09090909090909091,,
distal,20.0,25.0,140.0,150.0,normal,0.0,0.07908767338850713,0.10888100517892602
perpendicular,20.0,25.0,140.0,150.0,normal,0.0,0.09811264600140582,0.10074617085819496
height,20.0,25.0,140.0,150.0,normal,0.0,0.07361853276988378,0.09434140589502123
yaw,20.0,25.0,140.0,150.0,normal,0.0,0.052218970547557704,0.05404697475642194
width,20.0,25.0,140.0,150.0,normal,0.0,0.17010635413858824,0.18748314645555283
length,20.0,25.0,140.0,150.0,normal,0.0,0.10823441392970409,0.18568909035788642
box_height,20.0,25.0,140.0,150.0,normal,0.0,0.13581602249129152,0.14290479156706068
score,20.0,25.0,140.0,150.0,normal,0.6655531727605396,0.12328017123151323,99
fp_score,20.0,25.0,140.0,150.0,normal,0.07430734306181086,0.07740903419772806,607
fp_rate,20.0,25.0,140.0,150.0,poisson,0.08543279380717804,607,
miss_detection,20.0,25.0,150.0,160.0,constant,0.05045871559633028,,
distal,20.0,25.0,150.0,160.0,normal,0.0,0.11728607274680607,0.12544612448762896
perpendicular,20.0,25.0,150.0,160.0,normal,0.0,0.08030865284900936,0.10271895182392587
height,20.0,25.0,150.0,160.0,normal,0.0,0.08945409562460861,0.0785297273437758
yaw,20.0,25.0,150.0,160.0,normal,0.0,0.029487680271113162,0.039221979540621045
width,20.0,25.0,150.0,160.0,normal,0.0,0.25642874947128524,0.2778459528218145
length,20.0,25.0,150.0,160.0,normal,0.0,0.10313036005506193,0.14187197811937563
box_height,20.0,25.0,150.0,160.0,normal,0.0,0.10989238398380519,0.11101435866332861
score,20.0,25.0,150.0,160.0,normal,0.7275812749701421,0.12389174501421836,218
fp_score,20.0,25.0,150.0,160.0,normal,0.08413752616023834,0.10487170659601719,521
fp_rate,20.0,25.0,150.0,160.0,poisson,0.0733286418015482,521,
miss_detection,20.0,25.0,160.0,170.0,constant,0.05357142857142857,,
distal,20.0,25.0,160.0,170.0,normal,0.0,0.1192164731840068,0.1440063553176255
perpendicular,20.0,25.0,160.0,170.0,normal,0.0,0.07543109633028373,0.09062036497832024
height,20.0,25.0,160.0,170.0,normal,0.0,0.0740687609942803,0.08867098287966266
yaw,20.0,25.0,160.0,170.0,normal,0.0,0.035330192157609894,0.04643134905706612
width,20.0,25.0,160.0,170.0,normal,0.0,0.22158045149496222,0.2579258932757428
length,20.0,25.0,160.0,170.0,normal,0.0,0.10693749039929851,0.13567371338418444
box_height,20.0,25.0,160.0,170.0,normal,0.0,0.10540532425776628,0.1227307182188054
score,20.0,25.0,160.0,170.0,normal,0.7504854640245937,0.11720787355711397,504
fp_score,20.0,25.0,160.0,170.0,normal,0.10358084654669697,0.13435011828941273,517
fp_rate,20.0,25.0,160.0,170.0,poisson,0.07276565798733287,517,
miss_detection,20.0,25.0,170.0,180.0,constant,0.06927175843694494,,
distal,20.0,25.0,170.0,180.0,normal,0.0,0.10107616189569299,0.1385290754155238
perpendicular,20.0,25.0,170.0,180.0,normal,0.0,0.0626036501924723,0.09136755358112333
height,20.0,25.0,170.0,180.0,normal,0.0,0.05913553247960683,0.08042700258830121
yaw,20.0,25.0,170.0,180.0,normal,0.0,0.02742440626333709,0.04192996396708834
width,20.0,25.0,170.0,180.0,normal,0.0,0.16516766704859664,0.2251829855314648
length,20.0,25.0,170.0,180.0,normal,0.0,0.0850873498724501,0.11058110226201646
box_height,20.0,25.0,170.0,180.0,normal,0.0,0.0952024490453306,0.10937375421742447
score,20.0,25.0,170.0,180.0,normal,0.7059041240629349,0.11756121611718838,563
fp_score,20.0,25.0,170.0,180.0,normal,0.08980937866305096,0.1142951654922209,207
fp_rate,20.0,25.0,170.0,180.0,poisson,0.02913441238564391,207,
miss_detection,25.0,30.0,-180.0,-170.0,constant,0.035583941605839414,,
distal,25.0,30.0,-180.0,-170.0,normal,0.0,0.1451066769015266,0.15140251332259583
perpendicular,25.0,30.0,-180.0,-170.0,normal,0.0,0.06672599255602,0.0814053978977284
height,25.0,30.0,-180.0,-170.0,normal,0.0,0.0732505204953384,0.09094479739271252
yaw,25.0,30.0,-180.0,-170.0,normal,0.0,0.03915791135264346,0.05003466803398025
width,25.0,30.0,-180.0,-170.0,normal,0.0,0.27244403717802596,0.2541433817503468
length,25.0,30.0,-180.0,-170.0,normal,0.0,0.10706503421426194,0.10126314912072419
box_height,25.0,30.0,-180.0,-170.0,normal,0.0,0.12075316321280476,0.10429863480881012
score,25.0,30.0,-180.0,-170.0,normal,0.7371169307261226,0.1219545313144989,1096
fp_score,25.0,30.0,-180.0,-170.0,normal,0.17928688474301552,0.2047414126741474,370
fp_rate,25.0,30.0,-180.0,-170.0,poisson,0.05207600281491907,370,
miss_detection,25.0,30.0,-170.0,-160.0,constant,0.33856502242152464,,
distal,25.0,30.0,-170.0,-160.0,normal,0.0,0.14292605941733263,0.1850538538568122
perpendicular,25.0,30.0,-170.0,-160.0,normal,0.0,0.08111198964779566,0.09848489901289921
height,25.0,30.0,-170.0,-160.0,normal,0.0,0.07512796155606849,0.10031514652704789
yaw,25.0,30.0,-170.0,-160.0,normal,0.0,0.05742831651681301,0.05839312279185244
width,25.0,30.0,-170.0,-160.0,normal,0.0,0.1938342050445143,0.21797518730163573
length,25.0,30.0,-170.0,-160.0,normal,0.0,0.08852783250796457,0.10930159091949462
box_height,25.0,30.0,-170.0,-160.0,normal,0.0,0.07880608720946192,0.11121598259877351
score,25.0,30.0,-170.0,-160.0,normal,0.6666855257446483,0.16359292926118077,446
fp_score,25.0,30.0,-170.0,-160.0,normal,0.10734792803486122,0.12160306328973462,906
fp_rate,25.0,30.0,-170.0,-160.0,poisson,0.1275158339197748,906,
miss_detection,25.0,30.0,-160.0,-150.0,constant,0.31313131313131315,,
distal,25.0,30.0,-160.0,-150.0,normal,0.0,0.12711784141607677,0.18569104612327725
perpendicular,25.0,30.0,-160.0,-150.0,normal,0.0,0.1722122150138002,0.19001308828307778
height,25.0,30.0,-160.0,-150.0,normal,0.0,0.07342307585352804,0.10435617934255038
yaw,25.0,30.0,-160.0,-150.0,normal,0.0,0.09814835988699841,0.09342438782073625
width,25.0,30.0,-160.0,-150.0,normal,0.0,0.29033175047078136,0.323985499494216
length,25.0,30.0,-160.0,-150.0,normal,0.0,0.12196651455721386,0.12612722025198095
box_height,25.0,30.0,-160.0,-150.0,normal,0.0,0.09262694745123508,0.15982617525493398
score,25.0,30.0,-160.0,-150.0,normal,0.49228218471740975,0.23506889843138698,99
fp_score,25.0,30.0,-160.0,-150.0,normal,0.07572433482410895,0.08029231389578224,1131
fp_rate,25.0,30.0,-160.0,-150.0,poisson,0.15918367346938775,1131,
miss_detection,25.0,30.0,-150.0,-140.0,constant,0.3191489361702128,,
distal,25.0,30.0,-150.0,-140.0,normal,0.0,0.11051895326059968,0.1293484841788003
perpendicular,25.0,30.0,-150.0,-140.0,normal,0.0,0.11503312761146677,0.13816380019720348
height,25.0,30.0,-150.0,-140.0,normal,0.0,0.08171387935093329,0.13300765305757523
yaw,25.0,30.0,-150.0,-140.0,normal,0.0,0.057889487027557585,0.06916686065580857
width,25.0,30.0,-150.0,-140.0,normal,0.0,0.2008519676433233,0.2755865752696991
length,25.0,30.0,-150.0,-140.0,normal,0.0,0.10008846621671152,0.1278904303908348
box_height,25.0,30.0,-150.0,-140.0,normal,0.0,0.09435305648748914,0.1211315467953682
score,25.0,30.0,-150.0,-140.0,normal,0.541986561845988,0.13763290374370749,47
fp_score,25.0,30.0,-150.0,-140.0,normal,0.09392285766176167,0.08793615207059689,1453
fp_rate,25.0,30.0,-150.0,-140.0,poisson,0.20450387051372274,1453,
miss_detection,25.0,30.0,-140.0,-130.0,constant,0.2978723404255319,,
distal,25.0,30.0,-140.0,-130.0,normal,0.0,0.13785154961400384,0.17163581385592225
perpendicular,25.0,30.0,-140.0,-130.0,normal,0.0,0.14773951329026547,0.16936956143148282
height,25.0,30.0,-140.0,-130.0,normal,0.0,0.11200011609923831,0.1801112691561381
yaw,25.0,30.0,-140.0,-130.0,normal,0.0,0.06380103059621595,0.0639952544763429
width,25.0,30.0,-140.0,-130.0,normal,0.0,0.33672784431657354,0.4740429502544981
length,25.0,30.0,-140.0,-130.0,normal,0.0,0.07981969821918379,0.13779999631823917
box_height,25.0,30.0,-140.0,-130.0,normal,0.0,0.10266581627859919,0.12175875721555768
score,25.0,30.0,-140.0,-130.0,normal,0.48827156695452606,0.18294418208158278,47
fp_score,25.0,30.0,-140.0,-130.0,normal,0.06627420629016896,0.04830916687312975,1731
fp_rate,25.0,30.0,-140.0,-130.0,poisson,0.24363124560168894,1731,
miss_detection,25.0,30.0,-130.0,-120.0,constant,0.18421052631578946,,
distal,25.0,30.0,-130.0,-120.0,normal,0.0,0.1383066507339839,0.19258195722488916
perpendicular,25.0,30.0,-130.0,-120.0,normal,0.0,0.11346304092205525,0.18153841311221117
height,25.0,30.0,-130.0,-120.0,normal,0.0,0.07642381994679741,0.1018780541996802
yaw,25.0,30.0,-130.0,-120.0,normal,0.0,0.06520534601861779,0.08795850782403297
width,25.0,30.0,-130.0,-120.0,normal,0.0,0.1981955003151931,0.32989672114772184
length,25.0,30.0,-130.0,-120.0,normal,0.0,0.07519900668870064,0.17818823552900745
box_height,25.0,30.0,-130.0,-120.0,normal,0.0,0.05664902412464042,0.12019833249430503
score,25.0,30.0,-130.0,-120.0,normal,0.42300508850284163,0.09504236385695136,152
fp_score,25.0,30.0,-130.0,-120.0,normal,0.06623658756714979,0.0584925800340165,1772
fp_rate,25.0,30.0,-130.0,-120.0,poisson,0.2494018296973962,1772,
miss_detection,25.0,30.0,-120.0,-110.0,constant,0.2878787878787879,,
distal,25.0,30.0,-120.0,-110.0,normal,0.0,0.15886547165640166,0.20751097845659305
perpendicular,25.0,30.0,-120.0,-110.0,normal,0.0,0.13734459862421072,0.15837213253178933
height,25.0,30.0,-120.0,-110.0,normal,0.0,0.09355091282597956,0.11226024779867619
yaw,25.0,30.0,-120.0,-110.0,normal,0.0,0.22433358663066266,0.12069416138069097
width,25.0,30.0,-120.0,-110.0,normal,0.0,0.38100188142581526,0.40113246694524235
length,25.0,30.0,-120.0,-110.0,normal,0.0,0.4118124832224243,0.1881591538165478
box_height,25.0,30.0,-120.0,-110.0,normal,0.0,0.09715913086372716,0.1338594213445136
score,25.0,30.0,-120.0,-110.0,normal,0.457913949134502,0.15572328692511206,66
fp_score,25.0,30.0,-120.0,-110.0,normal,0.0678276905608652,0.06134640128584493,1695
fp_rate,25.0,30.0,-120.0,-110.0,poisson,0.23856439127375087,1695,
miss_detection,25.0,30.0,-110.0,-100.0,constant,0.2641509433962264,,
distal,25.0,30.0,-110.0,-100.0,normal,0.0,0.2689746783923713,0.307740627100168
perpendicular,25.0,30.0,-110.0,-100.0,normal,0.0,0.12391210834267828,0.1734028089337345
height,25.0,30.0,-110.0,-100.0,normal,0.0,0.0870326877153345,0.10121749608944623
yaw,25.0,30.0,-110.0,-100.0,normal,0.0,0.04311198232024066,0.055975680575884396
width,25.0,30.0,-110.0,-100.0,normal,0.0,0.367429784906908,0.4438971495017027
length,25.0,30.0,-110.0,-100.0,normal,0.0,0.18254855419815594,0.1622034708658854
box_height,25.0,30.0,-110.0,-100.0,normal,0.0,0.07147527096279654,0.11628665373875545
score,25.0,30.0,-110.0,-100.0,normal,0.5637475049648529,0.15937624151359958,53
fp_score,25.0,30.0,-110.0,-100.0,normal,0.06423048193450086,0.059789747911827174,1600
fp_rate,25.0,30.0,-110.0,-100.0,poisson,0.22519352568613651,1600,
miss_detection,25.0,30.0,-100.0,-90.0,constant,0.3157894736842105,,
distal,25.0,30.0,-100.0,-90.0,normal,0.0,0.227808141563423,0.31447024536390306
perpendicular,25.0,30.0,-100.0,-90.0,normal,0.0,0.10388306127847562,0.15719980907109413
height,25.0,30.0,-100.0,-90.0,normal,0.0,0.06653903989787181,0.09541387741382305
yaw,25.0,30.0,-100.0,-90.0,normal,0.0,0.06763449355904666,0.08215791942217411
width,25.0,30.0,-100.0,-90.0,normal,0.0,0.3370037976420472,0.4107756675818028
length,25.0,30.0,-100.0,-90.0,normal,0.0,0.13703378081958056,0.15153079155163887
box_height,25.0,30.0,-100.0,-90.0,normal,0.0,0.08026520894843514,0.09375692636538775
score,25.0,30.0,-100.0,-90.0,normal,0.4689218038931871,0.15558576245418917,57
fp_score,25.0,30.0,-100.0,-90.0,normal,0.06175749960883192,0.05586506583974165,1763
fp_rate,25.0,30.0,-100.0,-90.0,poisson,0.24813511611541167,1763,
miss_detection,25.0,30.0,-90.0,-80.0,constant,0.25925925925925924,,
distal,25.0,30.0,-90.0,-80.0,normal,0.0,0.17964827114007825,0.25917965264273
perpendicular,25.0,30.0,-90.0,-80.0,normal,0.0,0.06861997890739129,0.1027517220463452
height,25.0,30.0,-90.0,-80.0,normal,0.0,0.06254476577628365,0.1077543780207634
yaw,25.0,30.0,-90.0,-80.0,normal,0.0,0.10405283436979444,0.08216842969212523
width,25.0,30.0,-90.0,-80.0,normal,0.0,0.22793025714386497,0.33023257851600646
length,25.0,30.0,-90.0,-80.0,normal,0.0,0.1444828517930734,0.15546986758708953
box_height,25.0,30.0,-90.0,-80.0,normal,0.0,0.06688252675432868,0.09497089684009552
score,25.0,30.0,-90.0,-80.0,normal,0.466309661231935,0.1476874727922443,54
fp_score,25.0,30.0,-90.0,-80.0,normal,0.0646645731867372,0.059494458723569885,1943
fp_rate,25.0,30.0,-90.0,-80.0,poisson,0.27346938775510204,1943,
miss_detection,25.0,30.0,-80.0,-70.0,constant,0.26785714285714285,,
distal,25.0,30.0,-80.0,-70.0,normal,0.0,0.17900443136341,0.2265462991641742
perpendicular,25.0,30.0,-80.0,-70.0,normal,0.0,0.0839881599528518,0.12922876098303523
height,25.0,30.0,-80.0,-70.0,normal,0.0,0.0721499850099358,0.10275209822305818
yaw,25.0,30.0,-80.0,-70.0,normal,0.0,0.058922239870805186,0.08832646144331452
width,25.0,30.0,-80.0,-70.0,normal,0.0,0.18394180043587147,0.2690993925420249
length,25.0,30.0,-80.0,-70.0,normal,0.0,0.09127194270486699,0.11779651699996577
box_height,25.0,30.0,-80.0,-70.0,normal,0.0,0.0875145926331076,0.09900093369367646
score,25.0,30.0,-80.0,-70.0,normal,0.5423547509239941,0.15898370270802523,56
fp_score,25.0,30.0,-80.0,-70.0,normal,0.06672342330934616,0.058133422853711085,1849
fp_rate,25.0,30.0,-80.0,-70.0,poisson,0.26023926812104153,1849,
miss_detection,25.0,30.0,-70.0,-60.0,constant,0.3333333333333333,,
distal,25.0,30.0,-70.0,-60.0,normal,0.0,0.1516537438635224,0.20233248283898594
perpendicular,25.0,30.0,-70.0,-60.0,normal,0.0,0.12293204836942974,0.1666675307201193
height,25.0,30.0,-70.0,-60.0,normal,0.0,0.1027250353404257,0.1492541233698527
yaw,25.0,30.0,-70.0,-60.0,normal,0.0,0.0557881509178976,0.08405155307672886
width,25.0,30.0,-70.0,-60.0,normal,0.0,0.23885448948105373,0.2727999422285292
length,25.0,30.0,-70.0,-60.0,normal,0.0,0.08715518005061715,0.15086770388815138
box_height,25.0,30.0,-70.0,-60.0,normal,0.0,0.08495964527773238,0.1421598924530877
score,25.0,30.0,-70.0,-60.0,normal,0.5107169068521924,0.1615324033452642,54
fp_score,25.0,30.0,-70.0,-60.0,normal,0.06782327003765061,0.06347323030432725,1868
fp_rate,25.0,30.0,-70.0,-60.0,poisson,0.2629134412385644,1868,
miss_detection,25.0,30.0,-60.0,-50.0,constant,0.3275862068965517,,
distal,25.0,30.0,-60.0,-50.0,normal,0.0,0.15185899283564408,0.17921750828870986
perpendicular,25.0,30.0,-60.0,-50.0,normal,0.0,0.1310217107986618,0.17754671776748682
height,25.0,30.0,-60.0,-50.0,normal,0.0,0.09005362672214076,0.1340636641551287
yaw,25.0,30.0,-60.0,-50.0,normal,0.0,0.05008536797261072,0.08262906958574102
width,25.0,30.0,-60.0,-50.0,normal,0.0,0.23237407319179465,0.36714937748053134
length,25.0,30.0,-60.0,-50.0,normal,0.0,0.09217668371386034,0.12242351128504826
box_height,25.0,30.0,-60.0,-50.0,normal,0.0,0.0705723146418853,0.11778216637097873
score,25.0,30.0,-60.0,-50.0,normal,0.5020225074810859,0.16705700067392926,116
fp_score,25.0,30.0,-60.0,-50.0,normal,0.06854786509965877,0.06188268770968062,1787
fp_rate,25.0,30.0,-60.0,-50.0,poisson,0.2515130190007037,1787,
miss_detection,25.0,30.0,-50.0,-40.0,constant,0.40476190476190477,,
distal,25.0,30.0,-50.0,-40.0,normal,0.0,0.1568758190250705,0.20751915136410623
perpendicular,25.0,30.0,-50.0,-40.0,normal,0.0,0.15334397432149216,0.1985140677305695
height,25.0,30.0,-50.0,-40.0,normal,0.0,0.09499960832726664,0.12323281526565552
yaw,25.0,30.0,-50.0,-40.0,normal,0.0,0.05759193895228238,0.09642174034845084
width,25.0,30.0,-50.0,-40.0,normal,0.0,0.27278243498172944,0.38942259788513184
length,25.0,30.0,-50.0,-40.0,normal,0.0,0.10988574470285659,0.1918349814414978
box_height,25.0,30.0,-50.0,-40.0,normal,0.0,0.09316332022799924,0.11011766433715821
score,25.0,30.0,-50.0,-40.0,normal,0.4805421324074268,0.21638995073063444,84
fp_score,25.0,30.0,-50.0,-40.0,normal,0.06876635548721485,0.07048705093080596,1705
fp_rate,25.0,30.0,-50.0,-40.0,poisson,0.23997185080928923,1705,
miss_detection,25.0,30.0,-40.0,-30.0,constant,0.35353535353535354,,
distal,25.0,30.0,-40.0,-30.0,normal,0.0,0.11565706678492564,0.16752788657063253
perpendicular,25.0,30.0,-40.0,-30.0,normal,0.0,0.15253695244001644,0.17748717357392654
height,25.0,30.0,-40.0,-30.0,normal,0.0,0.08179380069205601,0.09257243201136589
yaw,25.0,30.0,-40.0,-30.0,normal,0.0,0.0558008305118554,0.07291285017551147
width,25.0,30.0,-40.0,-30.0,normal,0.0,0.2942808592235322,0.35811663419008255
length,25.0,30.0,-40.0,-30.0,normal,0.0,0.12304155635967934,0.2313213963061571
box_height,25.0,30.0,-40.0,-30.0,normal,0.0,0.1146075036079561,0.14497898146510124
score,25.0,30.0,-40.0,-30.0,normal,0.5521395603427663,0.14998336017332858,99
fp_score,25.0,30.0,-40.0,-30.0,normal,0.07332940921238713,0.0750377156025101,1452
fp_rate,25.0,30.0,-40.0,-30.0,poisson,0.2043631245601689,1452,
miss_detection,25.0,30.0,-30.0,-20.0,constant,0.6063829787234043,,
distal,25.0,30.0,-30.0,-20.0,normal,0.0,0.11521482396310466,0.17269282346281897
perpendicular,25.0,30.0,-30.0,-20.0,normal,0.0,0.12436171354425739,0.13154428276405625
height,25.0,30.0,-30.0,-20.0,normal,0.0,0.08248038727391206,0.127892204233118
yaw,25.0,30.0,-30.0,-20.0,normal,0.0,0.05483676506072793,0.07514577230043477
width,25.0,30.0,-30.0,-20.0,normal,0.0,0.21386736435506162,0.33273577045749975
length,25.0,30.0,-30.0,-20.0,normal,0.0,0.09548274741941476,0.2002062990858748
box_height,25.0,30.0,-30.0,-20.0,normal,0.0,0.1247660145248515,0.25574989576597473
score,25.0,30.0,-30.0,-20.0,normal,0.4982104873335039,0.1705069745349153,94
fp_score,25.0,30.0,-30.0,-20.0,normal,0.06939143722942788,0.0675465632658412,1555
fp_rate,25.0,30.0,-30.0,-20.0,poisson,0.21885995777621392,1555,
miss_detection,25.0,30.0,-20.0,-10.0,constant,0.2608695652173913,,
distal,25.0,30.0,-20.0,-10.0,normal,0.0,0.13670216163662857,0.20291004100647322
perpendicular,25.0,30.0,-20.0,-10.0,normal,0.0,0.1312233018732381,0.15432032091992554
height,25.0,30.0,-20.0,-10.0,normal,0.0,0.08744020813926426,0.12354792566860423
yaw,25.0,30.0,-20.0,-10.0,normal,0.0,0.06633986898915198,0.0846462191228627
width,25.0,30.0,-20.0,-10.0,normal,0.0,0.22742817614729885,0.24369516559675627
length,25.0,30.0,-20.0,-10.0,normal,0.0,0.1072314590275413,0.15701088017108394
box_height,25.0,30.0,-20.0,-10.0,normal,0.0,0.1360361609409255,0.22944072181103276
score,25.0,30.0,-20.0,-10.0,normal,0.44466952570513185,0.1480007042845171,69
fp_score,25.0,30.0,-20.0,-10.0,normal,0.07023719585221597,0.06536345403408335,1385
fp_rate,25.0,30.0,-20.0,-10.0,poisson,0.19493314567206194,1385,
miss_detection,25.0,30.0,-10.0,0.0,constant,0.3788546255506608,,
distal,25.0,30.0,-10.0,0.0,normal,0.0,0.17558039809689702,0.2451896205153391
perpendicular,25.0,30.0,-10.0,0.0,normal,0.0,0.1076921618196696,0.12705996719024487
height,25.0,30.0,-10.0,0.0,normal,0.0,0.07885374256233726,0.09198041714675037
yaw,25.0,30.0,-10.0,0.0,normal,0.0,0.0490507699312857,0.06660061938265431
width,25.0,30.0,-10.0,0.0,normal,0.0,0.268618185865808,0.3926050510812313
length,25.0,30.0,-10.0,0.0,normal,0.0,0.09156925535851866,0.12161328944754093
box_height,25.0,30.0,-10.0,0.0,normal,0.0,0.10998740318322493,0.15696685787633802
score,25.0,30.0,-10.0,0.0,normal,0.5453041469585811,0.1340143217531108,227
fp_score,25.0,30.0,-10.0,0.0,normal,0.18349363012051823,0.19081301063664693,745
fp_rate,25.0,30.0,-10.0,0.0,poisson,0.10485573539760731,745,
miss_detection,25.0,30.0,0.0,10.0,constant,0.43156199677938806,,
distal,25.0,30.0,0.0,10.0,normal,0.0,0.1531761594453942,0.22842894468777
perpendicular,25.0,30.0,0.0,10.0,normal,0.0,0.10876002963405369,0.15275198078442145
height,25.0,30.0,0.0,10.0,normal,0.0,0.07587070608198317,0.10539631684846311
yaw,25.0,30.0,0.0,10.0,normal,0.0,0.06197091565585844,0.07004905406897216
width,25.0,30.0,0.0,10.0,normal,0.0,0.3230898741903656,0.5335174538933859
length,25.0,30.0,0.0,10.0,normal,0.0,0.10076827526163429,0.133535209863787
box_height,25.0,30.0,0.0,10.0,normal,0.0,0.13644739713521092,0.17991134769180342
score,25.0,30.0,0.0,10.0,normal,0.5648634310906737,0.12531078279885824,621
fp_score,25.0,30.0,0.0,10.0,normal,0.21271289237689203,0.19792743736683432,978
fp_rate,25.0,30.0,0.0,10.0,poisson,0.13764954257565096,978,
miss_detection,25.0,30.0,10.0,20.0,constant,0.13404825737265416,,
distal,25.0,30.0,10.0,20.0,normal,0.0,0.1550744775885164,0.18429289940594093
perpendicular,25.0,30.0,10.0,20.0,normal,0.0,0.0947180046529992,0.13268139113392846
height,25.0,30.0,10.0,20.0,normal,0.0,0.07463361983433348,0.09315265092318271
yaw,25.0,30.0,10.0,20.0,normal,0.0,0.05973176888942569,0.07015144077637069
width,25.0,30.0,10.0,20.0,normal,0.0,0.22135518079436406,0.27784131481182467
length,25.0,30.0,10.0,20.0,normal,0.0,0.09994785801647021,0.12731879598954143
box_height,25.0,30.0,10.0,20.0,normal,0.0,0.11209658027075438,0.1369289528843788
score,25.0,30.0,10.0,20.0,normal,0.5387215528279635,0.16571544562754864,373
fp_score,25.0,30.0,10.0,20.0,normal,0.12516006915317712,0.16232147548659434,1027
fp_rate,25.0,30.0,10.0,20.0,poisson,0.14454609429978887,1027,
miss_detection,25.0,30.0,20.0,30.0,constant,0.21264367816091953,,
distal,25.0,30.0,20.0,30.0,normal,0.0,0.15057305119198808,0.19519917265310122
perpendicular,25.0,30.0,20.0,30.0,normal,0.0,0.10388344249476546,0.13634744663923082
height,25.0,30.0,20.0,30.0,normal,0.0,0.06927295422590486,0.08814183116829308
yaw,25.0,30.0,20.0,30.0,normal,0.0,0.05187972414108623,0.0579989202164005
width,25.0,30.0,20.0,30.0,normal,0.0,0.272769947491495,0.3590702871336554
length,25.0,30.0,20.0,30.0,normal,0.0,0.1178113383182732,0.1563039991977441
box_height,25.0,30.0,20.0,30.0,normal,0.0,0.09459357923497333,0.12716089199929342
score,25.0,30.0,20.0,30.0,normal,0.5747576117461181,0.1821573346041586,174
fp_score,25.0,30.0,20.0,30.0,normal,0.09120402750352409,0.10239640312656574,946
fp_rate,25.0,30.0,20.0,30.0,poisson,0.13314567206192823,946,
miss_detection,25.0,30.0,30.0,40.0,constant,0.3090909090909091,,
distal,25.0,30.0,30.0,40.0,normal,0.0,0.15146732535575944,0.17575453661430762
perpendicular,25.0,30.0,30.0,40.0,normal,0.0,0.12284443714605178,0.17056223798809603
height,25.0,30.0,30.0,40.0,normal,0.0,0.08773340944567072,0.10755850296271474
yaw,25.0,30.0,30.0,40.0,normal,0.0,0.06756901455969305,0.07293686282881015
width,25.0,30.0,30.0,40.0,normal,0.0,0.20843774787578456,0.27480404627950566
length,25.0,30.0,30.0,40.0,normal,0.0,0.08891502683806637,0.1492489586796677
box_height,25.0,30.0,30.0,40.0,normal,0.0,0.10880004487734041,0.13824870189030966
score,25.0,30.0,30.0,40.0,normal,0.5475883446633816,0.18820286318376886,165
fp_score,25.0,30.0,30.0,40.0,normal,0.09032719992840871,0.11076945363823827,1108
fp_rate,25.0,30.0,30.0,40.0,poisson,0.15594651653764954,1108,
miss_detection,25.0,30.0,40.0,50.0,constant,0.5947136563876652,,
distal,25.0,30.0,40.0,50.0,normal,0.0,0.13900423693232933,0.16418264499104734
perpendicular,25.0,30.0,40.0,50.0,normal,0.0,0.12116935576104357,0.13839012557984023
height,25.0,30.0,40.0,50.0,normal,0.0,0.0748438572279619,0.09685673467490984
yaw,25.0,30.0,40.0,50.0,normal,0.0,0.058515532186175105,0.061492013323899954
width,25.0,30.0,40.0,50.0,normal,0.0,0.272423781349942,0.2932711165884267
length,25.0,30.0,40.0,50.0,normal,0.0,0.10230222408857899,0.14234489591225333
box_height,25.0,30.0,40.0,50.0,normal,0.0,0.10380363704274152,0.1106327500032342
score,25.0,30.0,40.0,50.0,normal,0.5635008566567431,0.1885843442760375,227
fp_score,25.0,30.0,40.0,50.0,normal,0.1283028286110527,0.1844632903643098,1303
fp_rate,25.0,30.0,40.0,50.0,poisson,0.18339197748064742,1303,
miss_detection,25.0,30.0,50.0,60.0,constant,0.25,,
distal,25.0,30.0,50.0,60.0,normal,0.0,0.14214262858530644,0.16534891238020122
perpendicular,25.0,30.0,50.0,60.0,normal,0.0,0.13468365695879989,0.14905901270108116
height,25.0,30.0,50.0,60.0,normal,0.0,0.06430344724105104,0.08349656454031018
yaw,25.0,30.0,50.0,60.0,normal,0.0,0.0502889329296674,0.07152031036542714
width,25.0,30.0,50.0,60.0,normal,0.0,0.24310913293238495,0.25920638830765436
length,25.0,30.0,50.0,60.0,normal,0.0,0.0911579365021308,0.11200489514115927
box_height,25.0,30.0,50.0,60.0,normal,0.0,0.08199004408996952,0.09174064967943274
score,25.0,30.0,50.0,60.0,normal,0.6345582392768584,0.1413724889082054,184
fp_score,25.0,30.0,50.0,60.0,normal,0.0915423557664797,0.11460669077173306,1112
fp_rate,25.0,30.0,50.0,60.0,poisson,0.1565095003518649,1112,
miss_detection,25.0,30.0,60.0,70.0,constant,0.373134328358209,,
distal,25.0,30.0,60.0,70.0,normal,0.0,0.16941269539865164,0.1733438425284541
perpendicular,25.0,30.0,60.0,70.0,normal,0.0,0.0996772779017887,0.140404767207121
height,25.0,30.0,60.0,70.0,normal,0.0,0.06505853939637052,0.0981793510062354
yaw,25.0,30.0,60.0,70.0,normal,0.0,0.07204530984285992,0.07288374034961242
width,25.0,30.0,60.0,70.0,normal,0.0,0.16937333179093494,0.21000899019695463
length,25.0,30.0,60.0,70.0,normal,0.0,0.0956430878023555,0.12980011105537415
box_height,25.0,30.0,60.0,70.0,normal,0.0,0.08775306990282186,0.11195712288220723
score,25.0,30.0,60.0,70.0,normal,0.5946833892237573,0.1436412257992174,134
fp_score,25.0,30.0,60.0,70.0,normal,0.08332278628314062,0.10504570980189178,1167
fp_rate,25.0,30.0,60.0,70.0,poisson,0.16425052779732582,1167,
miss_detection,25.0,30.0,70.0,80.0,constant,0.36134453781512604,,
distal,25.0,30.0,70.0,80.0,normal,0.0,0.12790416446219768,0.16363512446197348
perpendicular,25.0,30.0,70.0,80.0,normal,0.0,0.10060716084820515,0.14740442289997047
height,25.0,30.0,70.0,80.0,normal,0.0,0.05473879809795261,0.0823561839367214
yaw,25.0,30.0,70.0,80.0,normal,0.0,0.06451370936311616,0.06887192284828715
width,25.0,30.0,70.0,80.0,normal,0.0,0.16177456740722684,0.20536414573067113
length,25.0,30.0,70.0,80.0,normal,0.0,0.09306975897163744,0.12769919947574013
box_height,25.0,30.0,70.0,80.0,normal,0.0,0.08836007065333115,0.13495869856131704
score,25.0,30.0,70.0,80.0,normal,0.5801368206739426,0.16488392721876266,119
fp_score,25.0,30.0,70.0,80.0,normal,0.07182340309805842,0.08442322981054275,1029
fp_rate,25.0,30.0,70.0,80.0,poisson,0.14482758620689656,1029,
miss_detection,25.0,30.0,80.0,90.0,constant,0.33884297520661155,,
distal,25.0,30.0,80.0,90.0,normal,0.0,0.17279627784293872,0.18548137922014532
perpendicular,25.0,30.0,80.0,90.0,normal,0.0,0.15739651305353078,0.16036803272677114
height,25.0,30.0,80.0,90.0,normal,0.0,0.06476912161488359,0.08646533340215683
yaw,25.0,30.0,80.0,90.0,normal,0.0,0.04878081023981289,0.07161617723029398
width,25.0,30.0,80.0,90.0,normal,0.0,0.21104124463568255,0.3032002478837967
length,25.0,30.0,80.0,90.0,normal,0.0,0.10595502232229478,0.144793339073658
box_height,25.0,30.0,80.0,90.0,normal,0.0,0.08995627504754097,0.13542555868625641
score,25.0,30.0,80.0,90.0,normal,0.5140103967860341,0.15809349294003894,121
fp_score,25.0,30.0,80.0,90.0,normal,0.07033990848754086,0.07452847772563807,1076
fp_rate,25.0,30.0,80.0,90.0,poisson,0.15144264602392682,1076,
miss_detection,25.0,30.0,90.0,100.0,constant,0.4244604316546763,,
distal,25.0,30.0,90.0,100.0,normal,0.0,0.20290703208263705,0.18958361734850696
perpendicular,25.0,30.0,90.0,100.0,normal,0.0,0.11137710734853688,0.14340149012233142
height,25.0,30.0,90.0,100.0,normal,0.0,0.08083278015379394,0.10123008117079735
yaw,25.0,30.0,90.0,100.0,normal,0.0,0.08129540381321824,0.09105556585874308
width,25.0,30.0,90.0,100.0,normal,0.0,0.2258684353389455,0.2933197051286697
length,25.0,30.0,90.0,100.0,normal,0.0,0.08853671781828386,0.1261315867304802
box_height,25.0,30.0,90.0,100.0,normal,0.0,0.09012125254721094,0.12811974436044693
score,25.0,30.0,90.0,100.0,normal,0.48911879351362586,0.197401780351533,139
fp_score,25.0,30.0,90.0,100.0,normal,0.06727860428065169,0.06646607150053935,1114
fp_rate,25.0,30.0,90.0,100.0,poisson,0.15679099225897256,1114,
miss_detection,25.0,30.0,100.0,110.0,constant,0.47580645161290325,,
distal,25.0,30.0,100.0,110.0,normal,0.0,0.14411433534200768,0.14438302410660936
perpendicular,25.0,30.0,100.0,110.0,normal,0.0,0.09262165880542333,0.13923295515547165
height,25.0,30.0,100.0,110.0,normal,0.0,0.07428323593703454,0.09303710093865028
yaw,25.0,30.0,100.0,110.0,normal,0.0,0.06059509254795499,0.07008007823047606
width,25.0,30.0,100.0,110.0,normal,0.0,0.19231720906837327,0.24339920924260067
length,25.0,30.0,100.0,110.0,normal,0.0,0.09175615673935215,0.12246094666994535
box_height,25.0,30.0,100.0,110.0,normal,0.0,0.09238565619864192,0.12560288722698504
score,25.0,30.0,100.0,110.0,normal,0.575113862982163,0.174794426538089,124
fp_score,25.0,30.0,100.0,110.0,normal,0.0788316445583145,0.0990909447919058,896
fp_rate,25.0,30.0,100.0,110.0,poisson,0.12610837438423644,896,
miss_detection,25.0,30.0,110.0,120.0,constant,0.3619047619047619,,
distal,25.0,30.0,110.0,120.0,normal,0.0,0.10815538619707113,0.10353587421738102
perpendicular,25.0,30.0,110.0,120.0,normal,0.0,0.10421088630764708,0.1307080057876854
height,25.0,30.0,110.0,120.0,normal,0.0,0.06475980790669042,0.0909678508986288
yaw,25.0,30.0,110.0,120.0,normal,0.0,0.0574225870516751,0.06420305139966301
width,25.0,30.0,110.0,120.0,normal,0.0,0.1861943307058555,0.19372182817601447
length,25.0,30.0,110.0,120.0,normal,0.0,0.08846895432857542,0.13443226600760844
box_height,25.0,30.0,110.0,120.0,normal,0.0,0.08985484380027636,0.13350750083353982
score,25.0,30.0,110.0,120.0,normal,0.6185353665209529,0.1670193634950199,105
fp_score,25.0,30.0,110.0,120.0,normal,0.08141705925667907,0.08968705959586427,865
fp_rate,25.0,30.0,110.0,120.0,poisson,0.12174524982406756,865,
miss_detection,25.0,30.0,120.0,130.0,constant,0.3,,
distal,25.0,30.0,120.0,130.0,normal,0.0,0.10168129513595424,0.1619219625774612
perpendicular,25.0,30.0,120.0,130.0,normal,0.0,0.1464177406343616,0.14194706692091338
height,25.0,30.0,120.0,130.0,normal,0.0,0.08601843031490147,0.09666629282982794
yaw,25.0,30.0,120.0,130.0,normal,0.0,0.04798986783528741,0.056930252955463584
width,25.0,30.0,120.0,130.0,normal,0.0,0.2540798358369909,0.29467027527945383
length,25.0,30.0,120.0,130.0,normal,0.0,0.08908641997991006,0.12522117777185127
box_height,25.0,30.0,120.0,130.0,normal,0.0,0.09142009469361524,0.11652568670419547
score,25.0,30.0,120.0,130.0,normal,0.6079816381436783,0.16406927740785093,130
fp_score,25.0,30.0,120.0,130.0,normal,0.10053904368421705,0.10697960807329998,928
fp_rate,25.0,30.0,120.0,130.0,poisson,0.1306122448979592,928,
miss_detection,25.0,30.0,130.0,140.0,constant,0.30718954248366015,,
distal,25.0,30.0,130.0,140.0,normal,0.0,0.10637817704698885,0.13146994930840544
perpendicular,25.0,30.0,130.0,140.0,normal,0.0,0.09617396715920233,0.12616980160129854
height,25.0,30.0,130.0,140.0,normal,0.0,0.070747415564584,0.08813655095280341
yaw,25.0,30.0,130.0,140.0,normal,0.0,0.05494500903810645,0.059482859221840996
width,25.0,30.0,130.0,140.0,normal,0.0,0.2021597064141893,0.24833249371006805
length,25.0,30.0,130.0,140.0,normal,0.0,0.07419341519193628,0.12259339611485319
box_height,25.0,30.0,130.0,140.0,normal,0.0,0.06390419410925871,0.08692153107445195
score,25.0,30.0,130.0,140.0,normal,0.5825168373028062,0.1771887490445406,153
fp_score,25.0,30.0,130.0,140.0,normal,0.09110365919463459,0.11068618713478766,854
fp_rate,25.0,30.0,130.0,140.0,poisson,0.12019704433497537,854,
miss_detection,25.0,30.0,140.0,150.0,constant,0.09969788519637462,,
distal,25.0,30.0,140.0,150.0,normal,0.0,0.12557241593278112,0.15335191096223974
perpendicular,25.0,30.0,140.0,150.0,normal,0.0,0.12016670919803561,0.155144901663464
height,25.0,30.0,140.0,150.0,normal,0.0,0.08226061544408628,0.13086185199302314
yaw,25.0,30.0,140.0,150.0,normal,0.0,0.07100776353468084,0.07942121012219813
width,25.0,30.0,140.0,150.0,normal,0.0,0.20120851596700454,0.321628108920667
length,25.0,30.0,140.0,150.0,normal,0.0,0.09628816817559789,0.14256440313070412
box_height,25.0,30.0,140.0,150.0,normal,0.0,0.09622290302786668,0.12595134173463654
score,25.0,30.0,140.0,150.0,normal,0.4503387176000432,0.18362658783337335,331
fp_score,25.0,30.0,140.0,150.0,normal,0.08542106241213553,0.11042541311514192,825
fp_rate,25.0,30.0,140.0,150.0,poisson,0.11611541168191415,825,
miss_detection,25.0,30.0,150.0,160.0,constant,0.3719806763285024,,
distal,25.0,30.0,150.0,160.0,normal,0.0,0.08825497269855077,0.10545534096620277
perpendicular,25.0,30.0,150.0,160.0,normal,0.0,0.11828445226621521,0.13038866879710134
height,25.0,30.0,150.0,160.0,normal,0.0,0.09004982454433601,0.11892458475553072
yaw,25.0,30.0,150.0,160.0,normal,0.0,0.05812362458498184,0.058787934531603296
width,25.0,30.0,150.0,160.0,normal,0.0,0.19891381595290522,0.23757808025066668
length,25.0,30.0,150.0,160.0,normal,0.0,0.12429360611105267,0.15067111803935124
box_height,25.0,30.0,150.0,160.0,normal,0.0,0.1203001376897814,0.11251907348632813
score,25.0,30.0,150.0,160.0,normal,0.6250607003386204,0.1988122995013492,207
fp_score,25.0,30.0,150.0,160.0,normal,0.08633463896974672,0.0976838922462399,956
fp_rate,25.0,30.0,150.0,160.0,poisson,0.13455313159746657,956,
miss_detection,25.0,30.0,160.0,170.0,constant,0.08108108108108109,,
distal,25.0,30.0,160.0,170.0,normal,0.0,0.13683002397106675,0.16758167853387262
perpendicular,25.0,30.0,160.0,170.0,normal,0.0,0.07147964578925844,0.0938499363234973
height,25.0,30.0,160.0,170.0,normal,0.0,0.06494003506023519,0.08534286903733966
yaw,25.0,30.0,160.0,170.0,normal,0.0,0.03668414081404606,0.05371225070259507
width,25.0,30.0,160.0,170.0,normal,0.0,0.26058450421787155,0.29366581480042275
length,25.0,30.0,160.0,170.0,normal,0.0,0.10715075840273808,0.12684305275187774
box_height,25.0,30.0,160.0,170.0,normal,0.0,0.08640359900010806,0.10740932496655889
score,25.0,30.0,160.0,170.0,normal,0.7538638048562682,0.10814976893800061,518
fp_score,25.0,30.0,160.0,170.0,normal,0.09872902190381885,0.14418208357073029,889
fp_rate,25.0,30.0,160.0,170.0,poisson,0.12512315270935961,889,
miss_detection,25.0,30.0,170.0,180.0,constant,0.12558139534883722,,
distal,25.0,30.0,170.0,180.0,normal,0.0,0.11898718196599954,0.1403582671091637
perpendicular,25.0,30.0,170.0,180.0,normal,0.0,0.06509410726761895,0.09221944907270799
height,25.0,30.0,170.0,180.0,normal,0.0,0.07494802128670061,0.09483619488722889
yaw,25.0,30.0,170.0,180.0,normal,0.0,0.03186612791615621,0.04147067523985393
width,25.0,30.0,170.0,180.0,normal,0.0,0.19391961398543506,0.2319986993539418
length,25.0,30.0,170.0,180.0,normal,0.0,0.09922672155463569,0.12854169446525845
box_height,25.0,30.0,170.0,180.0,normal,0.0,0.08029090035538276,0.09152899946726806
score,25.0,30.0,170.0,180.0,normal,0.6915302735271184,0.11972271391617491,645
fp_score,25.0,30.0,170.0,180.0,normal,0.11566824432387782,0.1314510642945199,449
fp_rate,25.0,30.0,170.0,180.0,poisson,0.06319493314567207,449,
miss_detection,30.0,35.0,-180.0,-170.0,constant,0.07990012484394507,,
distal,30.0,35.0,-180.0,-170.0,normal,0.0,0.20259285857076956,0.2159106037731348
perpendicular,30.0,35.0,-180.0,-170.0,normal,0.0,0.07160303892301069,0.09279936216608264
height,30.0,35.0,-180.0,-170.0,normal,0.0,0.0985779124970896,0.11965821184005634
yaw,30.0,35.0,-180.0,-170.0,normal,0.0,0.04661919365077358,0.0588015863408913
width,30.0,35.0,-180.0,-170.0,normal,0.0,0.3573663421590425,0.425449792209765
length,30.0,35.0,-180.0,-170.0,normal,0.0,0.10297384060043764,0.1393565216090333
box_height,30.0,35.0,-180.0,-170.0,normal,0.0,0.13894887510967727,0.15177997546409494
score,30.0,35.0,-180.0,-170.0,normal,0.6668494329200185,0.14399180425374875,801
fp_score,30.0,35.0,-180.0,-170.0,normal,0.14220688280616994,0.16278045450341544,688
fp_rate,30.0,35.0,-180.0,-170.0,poisson,0.09683321604503871,688,
miss_detection,30.0,35.0,-170.0,-160.0,constant,0.05555555555555555,,
distal,30.0,35.0,-170.0,-160.0,normal,0.0,0.1321970695872534,0.1575842173035334
perpendicular,30.0,35.0,-170.0,-160.0,normal,0.0,0.08518003273994898,0.09511895554968411
height,30.0,35.0,-170.0,-160.0,normal,0.0,0.06528058428941934,0.08926824261160458
yaw,30.0,35.0,-170.0,-160.0,normal,0.0,0.04310630178739157,0.054518792699577406
width,30.0,35.0,-170.0,-160.0,normal,0.0,0.19784618024247533,0.23738152489942663
length,30.0,35.0,-170.0,-160.0,normal,0.0,0.08548327359133617,0.1118049507631975
box_height,30.0,35.0,-170.0,-160.0,normal,0.0,0.0991278233271958,0.13803417191785924
score,30.0,35.0,-170.0,-160.0,normal,0.6383057408692205,0.16186750867879132,144
fp_score,30.0,35.0,-170.0,-160.0,normal,0.06482158246748092,0.05143542681679564,1294
fp_rate,30.0,35.0,-170.0,-160.0,poisson,0.1821252638986629,1294,
miss_detection,30.0,35.0,-160.0,-150.0,constant,0.3684210526315789,,
distal,30.0,35.0,-160.0,-150.0,normal,0.0,0.16449877767123863,0.2165611313409803
perpendicular,30.0,35.0,-160.0,-150.0,normal,0.0,0.1728028487630689,0.21031266846646396
height,30.0,35.0,-160.0,-150.0,normal,0.0,0.08854015240268762,0.1368906026085218
yaw,30.0,35.0,-160.0,-150.0,normal,0.0,0.0827333932855586,0.10467946259609567
width,30.0,35.0,-160.0,-150.0,normal,0.0,0.26011811868078205,0.2932034267319573
length,30.0,35.0,-160.0,-150.0,normal,0.0,0.10723094421468138,0.13467194967799717
box_height,30.0,35.0,-160.0,-150.0,normal,0.0,0.11241280453435795,0.14771132833427852
score,30.0,35.0,-160.0,-150.0,normal,0.3876237031072378,0.13828662610561648,114
fp_score,30.0,35.0,-160.0,-150.0,normal,0.07154245133184642,0.06960201169225345,1791
fp_rate,30.0,35.0,-160.0,-150.0,poisson,0.2520760028149191,1791,
miss_detection,30.0,35.0,-150.0,-140.0,constant,0.3,,
distal,30.0,35.0,-150.0,-140.0,normal,0.0,0.1694924346345003,0.1864780674986021
perpendicular,30.0,35.0,-150.0,-140.0,normal,0.0,0.14564666790109865,0.17833435304535045
height,30.0,35.0,-150.0,-140.0,normal,0.0,0.08664082084430882,0.12149431024278913
yaw,30.0,35.0,-150.0,-140.0,normal,0.0,0.03976481945195744,0.055058737332533164
width,30.0,35.0,-150.0,-140.0,normal,0.0,0.3553899316060423,0.40572759083339144
length,30.0,35.0,-150.0,-140.0,normal,0.0,0.1289195583007612,0.1549081851025017
box_height,30.0,35.0,-150.0,-140.0,normal,0.0,0.16690347702512418,0.1568623075679857
score,30.0,35.0,-150.0,-140.0,normal,0.5478043626157605,0.13621362698850492,70
fp_score,30.0,35.0,-150.0,-140.0,normal,0.06420300744840544,0.058703742322281136,1951
fp_rate,30.0,35.0,-150.0,-140.0,poisson,0.27459535538353275,1951,
miss_detection,30.0,35.0,-140.0,-130.0,constant,0.4805194805194805,,
distal,30.0,35.0,-140.0,-130.0,normal,0.0,0.17748859972843867,0.19596672766714834
perpendicular,30.0,35.0,-140.0,-130.0,normal,0.0,0.11022466762220588,0.13939508955151156
height,30.0,35.0,-140.0,-130.0,normal,0.0,0.106872887388925,0.15627265870571136
yaw,30.0,35.0,-140.0,-130.0,normal,0.0,0.052839953585850113,0.05682153973688901
width,30.0,35.0,-140.0,-130.0,normal,0.0,0.296971479402052,0.36615720987319944
length,30.0,35.0,-140.0,-130.0,normal,0.0,0.17469554777222088,0.17680395245552064
box_height,30.0,35.0,-140.0,-130.0,normal,0.0,0.11288578924909541,0.1978753924369812
score,30.0,35.0,-140.0,-130.0,normal,0.5066375223919749,0.1793903039033647,77
fp_score,30.0,35.0,-140.0,-130.0,normal,0.06781595161193936,0.05724214820514998,2010
fp_rate,30.0,35.0,-140.0,-130.0,poisson,0.282899366643209,2010,
miss_detection,30.0,35.0,-130.0,-120.0,constant,0.3617021276595745,,
distal,30.0,35.0,-130.0,-120.0,normal,0.0,0.1687623026636366,0.1899355537146106
perpendicular,30.0,35.0,-130.0,-120.0,normal,0.0,0.14703394794750213,0.18521909302796874
height,30.0,35.0,-130.0,-120.0,normal,0.0,0.09317088487903856,0.11773452162742615
yaw,30.0,35.0,-130.0,-120.0,normal,0.0,0.08778659387837362,0.09707304730579906
width,30.0,35.0,-130.0,-120.0,normal,0.0,0.2460585075505718,0.2924677848815918
length,30.0,35.0,-130.0,-120.0,normal,0.0,0.13396807074651204,0.12778034607569377
box_height,30.0,35.0,-130.0,-120.0,normal,0.0,0.07188434347617847,0.11289307276407877
score,30.0,35.0,-130.0,-120.0,normal,0.5147881137828032,0.13164036276649446,47
fp_score,30.0,35.0,-130.0,-120.0,normal,0.06343347939555763,0.0588852443261423,1708
fp_rate,30.0,35.0,-130.0,-120.0,poisson,0.24039408866995074,1708,
miss_detection,30.0,35.0,-120.0,-110.0,constant,0.25862068965517243,,
distal,30.0,35.0,-120.0,-110.0,normal,0.0,0.2124149798348793,0.2782063697210828
perpendicular,30.0,35.0,-120.0,-110.0,normal,0.0,0.12818763464717414,0.16423853882855183
height,30.0,35.0,-120.0,-110.0,normal,0.0,0.08684898137197516,0.10552668848703074
yaw,30.0,35.0,-120.0,-110.0,normal,0.0,0.07102435255563518,0.07267426422169042
width,30.0,35.0,-120.0,-110.0,normal,0.0,0.22218236756108753,0.32757579448611235
length,30.0,35.0,-120.0,-110.0,normal,0.0,0.12363073563370237,0.1353001123250917
box_height,30.0,35.0,-120.0,-110.0,normal,0.0,0.08356497405304952,0.098624259926552
score,30.0,35.0,-120.0,-110.0,normal,0.5962598760460698,0.12475795343995456,58
fp_score,30.0,35.0,-120.0,-110.0,normal,0.0625653598009558,0.06372330029889173,1821
fp_rate,30.0,35.0,-120.0,-110.0,poisson,0.2562983814215341,1821,
miss_detection,30.0,35.0,-110.0,-100.0,constant,0.30434782608695654,,
distal,30.0,35.0,-110.0,-100.0,normal,0.0,0.17635279236106827,0.26519025615579084
perpendicular,30.0,35.0,-110.0,-100.0,normal,0.0,0.11898205474925276,0.15478512727655658
height,30.0,35.0,-110.0,-100.0,normal,0.0,0.06893146866396713,0.10647185891866684
yaw,30.0,35.0,-110.0,-100.0,normal,0.0,0.09736210066568719,0.0975133526839923
width,30.0,35.0,-110.0,-100.0,normal,0.0,0.20919340197930247,0.2553969547152519
length,30.0,35.0,-110.0,-100.0,normal,0.0,0.06836033314786177,0.12321396172046661
box_height,30.0,35.0,-110.0,-100.0,normal,0.0,0.07659648198578747,0.08458226919174194
score,30.0,35.0,-110.0,-100.0,normal,0.5627516796812415,0.13669158243699403,46
fp_score,30.0,35.0,-110.0,-100.0,normal,0.06870299735887367,0.06646546992629426,2228
fp_rate,30.0,35.0,-110.0,-100.0,poisson,0.3135819845179451,2228,
miss_detection,30.0,35.0,-100.0,-90.0,constant,0.1875,,
distal,30.0,35.0,-100.0,-90.0,normal,0.0,0.08778673695192166,0.11297507598607397
perpendicular,30.0,35.0,-100.0,-90.0,normal,0.0,0.09637097104280701,0.1216074986524265
height,30.0,35.0,-100.0,-90.0,normal,0.0,0.06822937987171314,0.0778273282906948
yaw,30.0,35.0,-100.0,-90.0,normal,0.0,0.07190365962598462,0.11849893019989793
width,30.0,35.0,-100.0,-90.0,normal,0.0,0.16325468724947845,0.2552056434826973
length,30.0,35.0,-100.0,-90.0,normal,0.0,0.08114738473528409,0.1034560081286308
box_height,30.0,35.0,-100.0,-90.0,normal,0.0,0.07648180438225431,0.09883812757638785
score,30.0,35.0,-100.0,-90.0,normal,0.485444432649857,0.1200604055704748,48
fp_score,30.0,35.0,-100.0,-90.0,normal,0.06113893740471322,0.05773595380776383,2164
fp_rate,30.0,35.0,-100.0,-90.0,poisson,0.30457424349049966,2164,
miss_detection,30.0,35.0,-90.0,-80.0,constant,0.11842105263157894,,
distal,30.0,35.0,-90.0,-80.0,normal,0.0,0.09010827820288259,0.11588612949669393
perpendicular,30.0,35.0,-90.0,-80.0,normal,0.0,0.08043500502878524,0.1185229515357357
height,30.0,35.0,-90.0,-80.0,normal,0.0,0.06274357828411838,0.07385762680822344
yaw,30.0,35.0,-90.0,-80.0,normal,0.0,0.056060423587080674,0.12064604580014823
width,30.0,35.0,-90.0,-80.0,normal,0.0,0.17731979325668443,0.21400337076898832
length,30.0,35.0,-90.0,-80.0,normal,0.0,0.07335264934155318,0.12316340474940057
box_height,30.0,35.0,-90.0,-80.0,normal,0.0,0.07185460578602618,0.0824171251325465
score,30.0,35.0,-90.0,-80.0,normal,0.5432057938913801,0.12501033879252113,76
fp_score,30.0,35.0,-90.0,-80.0,normal,0.08861693789044188,0.10311974624086788,2304
fp_rate,30.0,35.0,-90.0,-80.0,poisson,0.3242786769880366,2304,
miss_detection,30.0,35.0,-80.0,-70.0,constant,0.4782608695652174,,
distal,30.0,35.0,-80.0,-70.0,normal,0.0,0.1609737930618664,0.21391109557096702
perpendicular,30.0,35.0,-80.0,-70.0,normal,0.0,0.06672615739104149,0.15892674228564288
height,30.0,35.0,-80.0,-70.0,normal,0.0,0.04337598185623576,0.05615359544754028
yaw,30.0,35.0,-80.0,-70.0,normal,0.0,0.03037418959090612,0.06318107309440772
width,30.0,35.0,-80.0,-70.0,normal,0.0,0.25836115907029994,0.4001563986142476
length,30.0,35.0,-80.0,-70.0,normal,0.0,0.10019286364580894,0.15826026598612467
box_height,30.0,35.0,-80.0,-70.0,normal,0.0,0.07731695846189353,0.10912175973256429
score,30.0,35.0,-80.0,-70.0,normal,0.45958571943144005,0.15855828482128684,23
fp_score,30.0,35.0,-80.0,-70.0,normal,0.06437377421226954,0.0690090810413835,2643
fp_rate,30.0,35.0,-80.0,-70.0,poisson,0.37199155524278676,2643,
miss_detection,30.0,35.0,-70.0,-60.0,constant,0.4166666666666667,,
distal,30.0,35.0,-70.0,-60.0,normal,0.0,0.20513504043822997,0.22200642233500295
perpendicular,30.0,35.0,-70.0,-60.0,normal,0.0,0.1193643738737462,0.15200910504120088
height,30.0,35.0,-70.0,-60.0,normal,0.0,0.09806395271445034,0.1103379556110927
yaw,30.0,35.0,-70.0,-60.0,normal,0.0,0.06921207841067763,0.07595263921760534
width,30.0,35.0,-70.0,-60.0,normal,0.0,0.22431205118273992,0.38385008914130075
length,30.0,35.0,-70.0,-60.0,normal,0.0,0.07659304314716849,0.09500815612929207
box_height,30.0,35.0,-70.0,-60.0,normal,0.0,0.0816393653895648,0.11749008297920227
score,30.0,35.0,-70.0,-60.0,normal,0.502846202946135,0.18568770433394277,48
fp_score,30.0,35.0,-70.0,-60.0,normal,0.07471859590413998,0.09944087711141422,2332
fp_rate,30.0,35.0,-70.0,-60.0,poisson,0.32821956368754396,2332,
miss_detection,30.0,35.0,-60.0,-50.0,constant,0.26229508196721313,,
distal,30.0,35.0,-60.0,-50.0,normal,0.0,0.17888041069874766,0.21878750342376835
perpendicular,30.0,35.0,-60.0,-50.0,normal,0.0,0.13937762627372433,0.1810324425122752
height,30.0,35.0,-60.0,-50.0,normal,0.0,0.0979485063025444,0.16714604563183255
yaw,30.0,35.0,-60.0,-50.0,normal,0.0,0.04535062174290941,0.07169189921038172
width,30.0,35.0,-60.0,-50.0,normal,0.0,0.20675140426162542,0.3382767677307129
length,30.0,35.0,-60.0,-50.0,normal,0.0,0.10181755613935747,0.13552869425879585
box_height,30.0,35.0,-60.0,-50.0,normal,0.0,0.10469403779837332,0.11301387945810953
score,30.0,35.0,-60.0,-50.0,normal,0.5285875774092145,0.1736118817222381,61
fp_score,30.0,35.0,-60.0,-50.0,normal,0.07278864665665394,0.06829458120628272,2311
fp_rate,30.0,35.0,-60.0,-50.0,poisson,0.32526389866291344,2311,
miss_detection,30.0,35.0,-50.0,-40.0,constant,0.6666666666666666,,
distal,30.0,35.0,-50.0,-40.0,normal,0.0,0.1299527093428295,0.16935446498399429
perpendicular,30.0,35.0,-50.0,-40.0,normal,0.0,0.14401582931843973,0.1691963086831034
height,30.0,35.0,-50.0,-40.0,normal,0.0,0.10542870079552666,0.16279922591315377
yaw,30.0,35.0,-50.0,-40.0,normal,0.0,0.0572282255021849,0.07817611090940649
width,30.0,35.0,-50.0,-40.0,normal,0.0,0.36799107642979667,0.4610006809234619
length,30.0,35.0,-50.0,-40.0,normal,0.0,0.10379891817299597,0.1463955420034903
box_height,30.0,35.0,-50.0,-40.0,normal,0.0,0.13583240351043668,0.16498914471379034
score,30.0,35.0,-50.0,-40.0,normal,0.46392004578201856,0.1720245822832716,81
fp_score,30.0,35.0,-50.0,-40.0,normal,0.07240761397343333,0.0819565911056527,2213
fp_rate,30.0,35.0,-50.0,-40.0,poisson,0.31147079521463755,2213,
miss_detection,30.0,35.0,-40.0,-30.0,constant,0.5,,
distal,30.0,35.0,-40.0,-30.0,normal,0.0,0.09432186718992157,0.12876755344085714
perpendicular,30.0,35.0,-40.0,-30.0,normal,0.0,0.1028416393344389,0.17014404013628215
height,30.0,35.0,-40.0,-30.0,normal,0.0,0.07490922186859643,0.14529445924256978
yaw,30.0,35.0,-40.0,-30.0,normal,0.0,0.043625182344309045,0.06142405611707976
width,30.0,35.0,-40.0,-30.0,normal,0.0,0.20414332896493703,0.1987567575354325
length,30.0,35.0,-40.0,-30.0,normal,0.0,0.08791896639953518,0.11966386280561749
box_height,30.0,35.0,-40.0,-30.0,normal,0.0,0.16094016563745184,0.14894188705243563
score,30.0,35.0,-40.0,-30.0,normal,0.47406213710966866,0.1703311064628139,76
fp_score,30.0,35.0,-40.0,-30.0,normal,0.0669504551873069,0.05995810953813732,2115
fp_rate,30.0,35.0,-40.0,-30.0,poisson,0.2976776917663617,2115,
miss_detection,30.0,35.0,-30.0,-20.0,constant,0.5106382978723404,,
distal,30.0,35.0,-30.0,-20.0,normal,0.0,0.12588785873612682,0.1725115250601529
perpendicular,30.0,35.0,-30.0,-20.0,normal,0.0,0.1641330814620636,0.15875127806958014
height,30.0,35.0,-30.0,-20.0,normal,0.0,0.08494780427557469,0.12137545710024626
yaw,30.0,35.0,-30.0,-20.0,normal,0.0,0.04639188427522417,0.07626705100525083
width,30.0,35.0,-30.0,-20.0,normal,0.0,0.17165604516445354,0.259123242419699
length,30.0,35.0,-30.0,-20.0,normal,0.0,0.11048862602815995,0.18316053307574728
box_height,30.0,35.0,-30.0,-20.0,normal,0.0,0.1432707094530938,0.19874480496282163
score,30.0,35.0,-30.0,-20.0,normal,0.4791939433502114,0.17083107461416977,47
fp_score,30.0,35.0,-30.0,-20.0,normal,0.06911660438639207,0.06093355741286384,2015
fp_rate,30.0,35.0,-30.0,-20.0,poisson,0.2836030964109782,2015,
miss_detection,30.0,35.0,-20.0,-10.0,constant,0.5636363636363636,,
distal,30.0,35.0,-20.0,-10.0,normal,0.0,0.1446523411258205,0.24176299895977083
perpendicular,30.0,35.0,-20.0,-10.0,normal,0.0,0.13454122210225342,0.15005455271541254
height,30.0,35.0,-20.0,-10.0,normal,0.0,0.08498680867875308,0.12042855968077977
yaw,30.0,35.0,-20.0,-10.0,normal,0.0,0.04611459750973189,0.07538939229604669
width,30.0,35.0,-20.0,-10.0,normal,0.0,0.20833237799222928,0.4309612810611725
length,30.0,35.0,-20.0,-10.0,normal,0.0,0.10316557574883221,0.1960527499516805
box_height,30.0,35.0,-20.0,-10.0,normal,0.0,0.11525548261251596,0.17507250607013702
score,30.0,35.0,-20.0,-10.0,normal,0.407468275167048,0.1683996031990533,55
fp_score,30.0,35.0,-20.0,-10.0,normal,0.06979146674553895,0.07110031396912934,2274
fp_rate,30.0,35.0,-20.0,-10.0,poisson,0.3200562983814215,2274,
miss_detection,30.0,35.0,-10.0,0.0,constant,0.39664804469273746,,
distal,30.0,35.0,-10.0,0.0,normal,0.0,0.1814107431720848,0.26489792591095473
perpendicular,30.0,35.0,-10.0,0.0,normal,0.0,0.11976342479435294,0.14883140384241894
height,30.0,35.0,-10.0,0.0,normal,0.0,0.06662569812314578,0.1031272013982137
yaw,30.0,35.0,-10.0,0.0,normal,0.0,0.06997771153017122,0.08212676402231872
width,30.0,35.0,-10.0,0.0,normal,0.0,0.3190829139642776,0.47850639511037757
length,30.0,35.0,-10.0,0.0,normal,0.0,0.08692972028188814,0.10747736250912701
box_height,30.0,35.0,-10.0,0.0,normal,0.0,0.11058142678969062,0.16746887233522204
score,30.0,35.0,-10.0,0.0,normal,0.46869416327940094,0.11590063956579262,179
fp_score,30.0,35.0,-10.0,0.0,normal,0.11117205979171439,0.12620981980858614,1222
fp_rate,30.0,35.0,-10.0,0.0,poisson,0.17199155524278678,1222,
miss_detection,30.0,35.0,0.0,10.0,constant,0.522911051212938,,
distal,30.0,35.0,0.0,10.0,normal,0.0,0.20172683317068202,0.30107395635723877
perpendicular,30.0,35.0,0.0,10.0,normal,0.0,0.102836975895637,0.1469138468096357
height,30.0,35.0,0.0,10.0,normal,0.0,0.07645201587764679,0.095777640571702
yaw,30.0,35.0,0.0,10.0,normal,0.0,0.05323123187235245,0.06600384269252361
width,30.0,35.0,0.0,10.0,normal,0.0,0.3680999851121155,0.5815146710239562
length,30.0,35.0,0.0,10.0,normal,0.0,0.08359800794883541,0.10045009817780748
box_height,30.0,35.0,0.0,10.0,normal,0.0,0.16779234561503928,0.2335344660753584
score,30.0,35.0,0.0,10.0,normal,0.5069661015844614,0.13013965265626073,371
fp_score,30.0,35.0,0.0,10.0,normal,0.15031008847559774,0.1870827508126366,1514
fp_rate,30.0,35.0,0.0,10.0,poisson,0.21308937368050668,1514,
miss_detection,30.0,35.0,10.0,20.0,constant,0.16158536585365854,,
distal,30.0,35.0,10.0,20.0,normal,0.0,0.15144127475943103,0.18314065746604793
perpendicular,30.0,35.0,10.0,20.0,normal,0.0,0.09247312685087697,0.12974272655564853
height,30.0,35.0,10.0,20.0,normal,0.0,0.08501520277077469,0.11884230331941084
yaw,30.0,35.0,10.0,20.0,normal,0.0,0.05999050666846478,0.07720805730037741
width,30.0,35.0,10.0,20.0,normal,0.0,0.24997108069957755,0.28084921403364704
length,30.0,35.0,10.0,20.0,normal,0.0,0.10731195074420669,0.1259436442635276
box_height,30.0,35.0,10.0,20.0,normal,0.0,0.11333545927634918,0.14240050359205766
score,30.0,35.0,10.0,20.0,normal,0.4818702091412111,0.1660664400410004,328
fp_score,30.0,35.0,10.0,20.0,normal,0.10599646198125122,0.13485104918168478,1439
fp_rate,30.0,35.0,10.0,20.0,poisson,0.20253342716396905,1439,
miss_detection,30.0,35.0,20.0,30.0,constant,0.37777777777777777,,
distal,30.0,35.0,20.0,30.0,normal,0.0,0.19811571582990142,0.25231822051586367
perpendicular,30.0,35.0,20.0,30.0,normal,0.0,0.10940511772736017,0.17213513969093
height,30.0,35.0,20.0,30.0,normal,0.0,0.09371682715221201,0.1307210549712181
yaw,30.0,35.0,20.0,30.0,normal,0.0,0.07056883637795737,0.08317741944859623
width,30.0,35.0,20.0,30.0,normal,0.0,0.36079503246595257,0.3759120447295053
length,30.0,35.0,20.0,30.0,normal,0.0,0.12027379796979625,0.18732890699590957
box_height,30.0,35.0,20.0,30.0,normal,0.0,0.11139161974993089,0.16647279049668992
score,30.0,35.0,20.0,30.0,normal,0.47897183555843575,0.18796373246876996,90
fp_score,30.0,35.0,20.0,30.0,normal,0.0776542833167167,0.08270226468491894,1252
fp_rate,30.0,35.0,20.0,30.0,poisson,0.17621393384940182,1252,
miss_detection,30.0,35.0,30.0,40.0,constant,0.3931034482758621,,
distal,30.0,35.0,30.0,40.0,normal,0.0,0.15147730075901455,0.2061236105161768
perpendicular,30.0,35.0,30.0,40.0,normal,0.0,0.10897961234985289,0.14292441429581057
height,30.0,35.0,30.0,40.0,normal,0.0,0.09490638528378657,0.11132263324477455
yaw,30.0,35.0,30.0,40.0,normal,0.0,0.05402718779513169,0.06360685959456847
width,30.0,35.0,30.0,40.0,normal,0.0,0.2389192226274442,0.32622376626188104
length,30.0,35.0,30.0,40.0,normal,0.0,0.08675884715091037,0.1303980675610629
box_height,30.0,35.0,30.0,40.0,normal,0.0,0.13819404627633772,0.1541604535146193
score,30.0,35.0,30.0,40.0,normal,0.5693556021644988,0.1920464357049763,145
fp_score,30.0,35.0,30.0,40.0,normal,0.09348709420096946,0.10746956103841156,1506
fp_rate,30.0,35.0,30.0,40.0,poisson,0.211963406052076,1506,
miss_detection,30.0,35.0,40.0,50.0,constant,0.32142857142857145,,
distal,30.0,35.0,40.0,50.0,normal,0.0,0.15286701056431187,0.1949719167476662
perpendicular,30.0,35.0,40.0,50.0,normal,0.0,0.11507567320753578,0.15368015525787912
height,30.0,35.0,40.0,50.0,normal,0.0,0.07275523486731074,0.09353114507700268
yaw,30.0,35.0,40.0,50.0,normal,0.0,0.06860440631280543,0.06821067535542102
width,30.0,35.0,40.0,50.0,normal,0.0,0.17521145982224845,0.2964060933966386
length,30.0,35.0,40.0,50.0,normal,0.0,0.09530985563160418,0.13571953930352865
box_height,30.0,35.0,40.0,50.0,normal,0.0,0.09184281100375574,0.13809476557530856
score,30.0,35.0,40.0,50.0,normal,0.6012341209540242,0.152263455909118,112
fp_score,30.0,35.0,40.0,50.0,normal,0.07916967254463379,0.09246503996699582,1574
fp_rate,30.0,35.0,40.0,50.0,poisson,0.2215341308937368,1574,
miss_detection,30.0,35.0,50.0,60.0,constant,0.28762541806020064,,
distal,30.0,35.0,50.0,60.0,normal,0.0,0.1875797549212064,0.19253253958398814
perpendicular,30.0,35.0,50.0,60.0,normal,0.0,0.14026963478761267,0.23120498819960292
height,30.0,35.0,50.0,60.0,normal,0.0,0.0679124189395847,0.07354899023620176
yaw,30.0,35.0,50.0,60.0,normal,0.0,0.0992459234583941,0.12983081021879705
width,30.0,35.0,50.0,60.0,normal,0.0,0.14541842593857998,0.18107552371674301
length,30.0,35.0,50.0,60.0,normal,0.0,0.09996026622388698,0.18841809621998962
box_height,30.0,35.0,50.0,60.0,normal,0.0,0.08591660036062465,0.1145049081721776
score,30.0,35.0,50.0,60.0,normal,0.5119415075286453,0.19513135235078022,299
fp_score,30.0,35.0,50.0,60.0,normal,0.08145633052413662,0.09794854619896848,1200
fp_rate,30.0,35.0,50.0,60.0,poisson,0.1688951442646024,1200,
miss_detection,30.0,35.0,60.0,70.0,constant,0.26174496644295303,,
distal,30.0,35.0,60.0,70.0,normal,0.0,0.13854968724084912,0.19115439307930993
perpendicular,30.0,35.0,60.0,70.0,normal,0.0,0.11395550109169235,0.14549578069345956
height,30.0,35.0,60.0,70.0,normal,0.0,0.07912978338645317,0.1283988822590221
yaw,30.0,35.0,60.0,70.0,normal,0.0,0.07406946891322837,0.08742859545919976
width,30.0,35.0,60.0,70.0,normal,0.0,0.2139947298463209,0.29681381529027767
length,30.0,35.0,60.0,70.0,normal,0.0,0.08531634033369052,0.12876503467559813
box_height,30.0,35.0,60.0,70.0,normal,0.0,0.09035981866732731,0.11486599011854692
score,30.0,35.0,60.0,70.0,normal,0.557321484386921,0.1487211913744523,149
fp_score,30.0,35.0,60.0,70.0,normal,0.06774850379022407,0.07908075853242764,1152
fp_rate,30.0,35.0,60.0,70.0,poisson,0.1621393384940183,1152,
miss_detection,30.0,35.0,70.0,80.0,constant,0.28846153846153844,,
distal,30.0,35.0,70.0,80.0,normal,0.0,0.13827833593080074,0.18585647231779115
perpendicular,30.0,35.0,70.0,80.0,normal,0.0,0.09839759312113852,0.12121081125761146
height,30.0,35.0,70.0,80.0,normal,0.0,0.07789214989410245,0.12248652206884848
yaw,30.0,35.0,70.0,80.0,normal,0.0,0.07058911354009971,0.07080233268293826
width,30.0,35.0,70.0,80.0,normal,0.0,0.2281374004301867,0.28191891554239634
length,30.0,35.0,70.0,80.0,normal,0.0,0.08825687202012748,0.1329220082308795
box_height,30.0,35.0,70.0,80.0,normal,0.0,0.12237152929483025,0.13775964041013974
score,30.0,35.0,70.0,80.0,normal,0.4772197862936033,0.19641781019681934,104
fp_score,30.0,35.0,70.0,80.0,normal,0.07227060558663598,0.06655345283418734,1340
fp_rate,30.0,35.0,70.0,80.0,poisson,0.18859957776213934,1340,
miss_detection,30.0,35.0,80.0,90.0,constant,0.4050632911392405,,
distal,30.0,35.0,80.0,90.0,normal,0.0,0.13575691921547262,0.1659601869248034
perpendicular,30.0,35.0,80.0,90.0,normal,0.0,0.080333794187043,0.13440350978910962
height,30.0,35.0,80.0,90.0,normal,0.0,0.09061667136616956,0.13068591026549645
yaw,30.0,35.0,80.0,90.0,normal,0.0,0.06541105762046676,0.08833522248796216
width,30.0,35.0,80.0,90.0,normal,0.0,0.171540193647048,0.24121997204232723
length,30.0,35.0,80.0,90.0,normal,0.0,0.11930591390797655,0.16528554419253735
box_height,30.0,35.0,80.0,90.0,normal,0.0,0.10571968759958376,0.11990869298894355
score,30.0,35.0,80.0,90.0,normal,0.46196300076677443,0.18486765791712872,79
fp_score,30.0,35.0,80.0,90.0,normal,0.07000365864088048,0.06269876984940725,1106
fp_rate,30.0,35.0,80.0,90.0,poisson,0.15566502463054188,1106,
miss_detection,30.0,35.0,90.0,100.0,constant,0.43157894736842106,,
distal,30.0,35.0,90.0,100.0,normal,0.0,0.14836930888534633,0.18055793451405114
perpendicular,30.0,35.0,90.0,100.0,normal,0.0,0.1299564059370061,0.15140247905473744
height,30.0,35.0,90.0,100.0,normal,0.0,0.08140055513134246,0.10854994809186017
yaw,30.0,35.0,90.0,100.0,normal,0.0,0.08039750804750861,0.10315440015660392
width,30.0,35.0,90.0,100.0,normal,0.0,0.16479660218612627,0.2349905570348104
length,30.0,35.0,90.0,100.0,normal,0.0,0.1533589736568386,0.15333680753354673
box_height,30.0,35.0,90.0,100.0,normal,0.0,0.09969856959728166,0.11570196681552464
score,30.0,35.0,90.0,100.0,normal,0.47825663909316063,0.16292541069922356,95
fp_score,30.0,35.0,90.0,100.0,normal,0.07390827528210525,0.07577432259991274,1277
fp_rate,30.0,35.0,90.0,100.0,poisson,0.1797325826882477,1277,
miss_detection,30.0,35.0,100.0,110.0,constant,0.3387096774193548,,
distal,30.0,35.0,100.0,110.0,normal,0.0,0.14337835378641178,0.17394417594152597
perpendicular,30.0,35.0,100.0,110.0,normal,0.0,0.1588953555886197,0.19722847813433939
height,30.0,35.0,100.0,110.0,normal,0.0,0.07767398942399772,0.10341800785646206
yaw,30.0,35.0,100.0,110.0,normal,0.0,0.08390839430397486,0.10425199710982651
width,30.0,35.0,100.0,110.0,normal,0.0,0.20077323557540575,0.256607026588626
length,30.0,35.0,100.0,110.0,normal,0.0,0.15409577197174212,0.15906495292012285
box_height,30.0,35.0,100.0,110.0,normal,0.0,0.08254295412092624,0.10447898870561181
score,30.0,35.0,100.0,110.0,normal,0.5203692922141494,0.1523144885371626,124
fp_score,30.0,35.0,100.0,110.0,normal,0.07975785169481535,0.08650182700993005,942
fp_rate,30.0,35.0,100.0,110.0,poisson,0.13258268824771288,942,
miss_detection,30.0,35.0,110.0,120.0,constant,0.155,,
distal,30.0,35.0,110.0,120.0,normal,0.0,0.1324613931350353,0.13504021907900396
perpendicular,30.0,35.0,110.0,120.0,normal,0.0,0.11314438934211374,0.11395478703449242
height,30.0,35.0,110.0,120.0,normal,0.0,0.049503319624797176,0.09248987633801072
yaw,30.0,35.0,110.0,120.0,normal,0.0,0.0531157714818092,0.0544671200144922
width,30.0,35.0,110.0,120.0,normal,0.0,0.15659568852326075,0.22520171537907166
length,30.0,35.0,110.0,120.0,normal,0.0,0.06836363432713,0.13390093019022745
box_height,30.0,35.0,110.0,120.0,normal,0.0,0.08965335914849969,0.12960690506816616
score,30.0,35.0,110.0,120.0,normal,0.531900068182917,0.09980045447475533,200
fp_score,30.0,35.0,110.0,120.0,normal,0.07272262888024975,0.07198859377774093,878
fp_rate,30.0,35.0,110.0,120.0,poisson,0.12357494722026742,878,
miss_detection,30.0,35.0,120.0,130.0,constant,0.12941176470588237,,
distal,30.0,35.0,120.0,130.0,normal,0.0,0.09619635522135472,0.19224603445816485
perpendicular,30.0,35.0,120.0,130.0,normal,0.0,0.10617460461140987,0.13339337716206037
height,30.0,35.0,120.0,130.0,normal,0.0,0.06259943105598793,0.12955128703568433
yaw,30.0,35.0,120.0,130.0,normal,0.0,0.060138594322321055,0.08802828925594111
width,30.0,35.0,120.0,130.0,normal,0.0,0.17337361216124228,0.20166409982217326
length,30.0,35.0,120.0,130.0,normal,0.0,0.08227172152188231,0.08353023915677457
box_height,30.0,35.0,120.0,130.0,normal,0.0,0.08091839953783113,0.06943503988755716
score,30.0,35.0,120.0,130.0,normal,0.4991046965524957,0.1315016172377142,170
fp_score,30.0,35.0,120.0,130.0,normal,0.07680387742430038,0.08407456649348663,904
fp_rate,30.0,35.0,120.0,130.0,poisson,0.12723434201266715,904,
miss_detection,30.0,35.0,130.0,140.0,constant,0.24060150375939848,,
distal,30.0,35.0,130.0,140.0,normal,0.0,0.15990323459148745,0.1804373458811556
perpendicular,30.0,35.0,130.0,140.0,normal,0.0,0.13777830307540084,0.13612740474095003
height,30.0,35.0,130.0,140.0,normal,0.0,0.08457684199687683,0.10534655516690547
yaw,30.0,35.0,130.0,140.0,normal,0.0,0.05444214568481259,0.06264484316039212
width,30.0,35.0,130.0,140.0,normal,0.0,0.2596441800062075,0.26917993904340387
length,30.0,35.0,130.0,140.0,normal,0.0,0.1005019578840221,0.13660818043321665
box_height,30.0,35.0,130.0,140.0,normal,0.0,0.09732162052361149,0.11419455013652839
score,30.0,35.0,130.0,140.0,normal,0.6199379203343155,0.14177512910801787,133
fp_score,30.0,35.0,130.0,140.0,normal,0.08397240879055606,0.10529775061363385,1033
fp_rate,30.0,35.0,130.0,140.0,poisson,0.1453905700211119,1033,
miss_detection,30.0,35.0,140.0,150.0,constant,0.34146341463414637,,
distal,30.0,35.0,140.0,150.0,normal,0.0,0.1474021122918416,0.1550048976037566
perpendicular,30.0,35.0,140.0,150.0,normal,0.0,0.10489399942666117,0.1280192615810886
height,30.0,35.0,140.0,150.0,normal,0.0,0.07706053984216338,0.10291943020290799
yaw,30.0,35.0,140.0,150.0,normal,0.0,0.05362743398156862,0.05989834456054008
width,30.0,35.0,140.0,150.0,normal,0.0,0.2516256942437614,0.291856105239303
length,30.0,35.0,140.0,150.0,normal,0.0,0.1080228273343478,0.1481957965426975
box_height,30.0,35.0,140.0,150.0,normal,0.0,0.07775345252358472,0.09090932563499168
score,30.0,35.0,140.0,150.0,normal,0.6042724505618766,0.1712193965801876,205
fp_score,30.0,35.0,140.0,150.0,normal,0.09154869208976259,0.11504704108324026,1257
fp_rate,30.0,35.0,140.0,150.0,poisson,0.176917663617171,1257,
miss_detection,30.0,35.0,150.0,160.0,constant,0.20634920634920634,,
distal,30.0,35.0,150.0,160.0,normal,0.0,0.10789516222109193,0.12786595056749497
perpendicular,30.0,35.0,150.0,160.0,normal,0.0,0.08882273369836403,0.11072339095798574
height,30.0,35.0,150.0,160.0,normal,0.0,0.09304863809093411,0.10737671971321106
yaw,30.0,35.0,150.0,160.0,normal,0.0,0.04988394244762311,0.053710139659600434
width,30.0,35.0,150.0,160.0,normal,0.0,0.1552968729485878,0.18325191020965576
length,30.0,35.0,150.0,160.0,normal,0.0,0.12776743625085343,0.19235868771870931
box_height,30.0,35.0,150.0,160.0,normal,0.0,0.13267406800534423,0.13721837759017944
score,30.0,35.0,150.0,160.0,normal,0.613224545121193,0.1570562763589382,189
fp_score,30.0,35.0,150.0,160.0,normal,0.08122473366079687,0.09251605673070523,1058
fp_rate,30.0,35.0,150.0,160.0,poisson,0.14890921885995778,1058,
miss_detection,30.0,35.0,160.0,170.0,constant,0.13031914893617022,,
distal,30.0,35.0,160.0,170.0,normal,0.0,0.15694952555423894,0.16935654537113265
perpendicular,30.0,35.0,160.0,170.0,normal,0.0,0.08393405231262997,0.09907024238537529
height,30.0,35.0,160.0,170.0,normal,0.0,0.07285287694611543,0.10906026232133217
yaw,30.0,35.0,160.0,170.0,normal,0.0,0.043153652980904345,0.04745764711954468
width,30.0,35.0,160.0,170.0,normal,0.0,0.2579212613126841,0.28995000769238954
length,30.0,35.0,160.0,170.0,normal,0.0,0.11694793995229148,0.1296421355063762
box_height,30.0,35.0,160.0,170.0,normal,0.0,0.09411899287280691,0.10711542400745076
score,30.0,35.0,160.0,170.0,normal,0.71364777510137,0.13077770582926748,376
fp_score,30.0,35.0,160.0,170.0,normal,0.08580901501147868,0.117893341423061,1197
fp_rate,30.0,35.0,160.0,170.0,poisson,0.1684729064039409,1197,
miss_detection,30.0,35.0,170.0,180.0,constant,0.1034928848641656,,
distal,30.0,35.0,170.0,180.0,normal,0.0,0.13311869146499675,0.19241980302866857
perpendicular,30.0,35.0,170.0,180.0,normal,0.0,0.06606964521616197,0.08537469583561726
height,30.0,35.0,170.0,180.0,normal,0.0,0.06858100778001476,0.10002381624425473
yaw,30.0,35.0,170.0,180.0,normal,0.0,0.034761601746192645,0.04512349182983294
width,30.0,35.0,170.0,180.0,normal,0.0,0.22586485073115753,0.3256297321374626
length,30.0,35.0,170.0,180.0,normal,0.0,0.08528795021360977,0.12184317579861155
box_height,30.0,35.0,170.0,180.0,normal,0.0,0.08149951761338509,0.10466143045934592
score,30.0,35.0,170.0,180.0,normal,0.7012930225156259,0.11543433582925101,773
fp_score,30.0,35.0,170.0,180.0,normal,0.09830365982301839,0.14550822486998266,707
fp_rate,30.0,35.0,170.0,180.0,poisson,0.09950738916256158,707,
miss_detection,35.0,40.0,-180.0,-170.0,constant,0.07412587412587412,,
distal,35.0,40.0,-180.0,-170.0,normal,0.0,0.17508563256493354,0.2158679595548873
perpendicular,35.0,40.0,-180.0,-170.0,normal,0.0,0.08007890986186864,0.10415869751040745
height,35.0,40.0,-180.0,-170.0,normal,0.0,0.10239691005433908,0.13287421223620274
yaw,35.0,40.0,-180.0,-170.0,normal,0.0,0.05496159014696147,0.06871318016308528
width,35.0,40.0,-180.0,-170.0,normal,0.0,0.3320152609022286,0.4039043944407806
length,35.0,40.0,-180.0,-170.0,normal,0.0,0.10033071674447332,0.13480801956891295
box_height,35.0,40.0,-180.0,-170.0,normal,0.0,0.13373552345234627,0.15326186069188882
score,35.0,40.0,-180.0,-170.0,normal,0.6470448020339192,0.12560693062775005,715
fp_score,35.0,40.0,-180.0,-170.0,normal,0.12209937195744246,0.1497324525266826,1116
fp_rate,35.0,40.0,-180.0,-170.0,poisson,0.15707248416608022,1116,
miss_detection,35.0,40.0,-170.0,-160.0,constant,0.22727272727272727,,
distal,35.0,40.0,-170.0,-160.0,normal,0.0,0.1456040738776211,0.22070898179848403
perpendicular,35.0,40.0,-170.0,-160.0,normal,0.0,0.08354318555617009,0.13199870544146763
height,35.0,40.0,-170.0,-160.0,normal,0.0,0.06706033481831888,0.08081876501148823
yaw,35.0,40.0,-170.0,-160.0,normal,0.0,0.04612466441626101,0.05257220552757307
width,35.0,40.0,-170.0,-160.0,normal,0.0,0.18647527747172854,0.2837851701998243
length,35.0,40.0,-170.0,-160.0,normal,0.0,0.06821550663601415,0.10941980165593765
box_height,35.0,40.0,-170.0,-160.0,normal,0.0,0.07686523624759155,0.08187895019849141
score,35.0,40.0,-170.0,-160.0,normal,0.5143143338899986,0.16711260689047044,264
fp_score,35.0,40.0,-170.0,-160.0,normal,0.07073480841019332,0.057405266700883965,2112
fp_rate,35.0,40.0,-170.0,-160.0,poisson,0.2972554539057002,2112,
miss_detection,35.0,40.0,-160.0,-150.0,constant,0.3246753246753247,,
distal,35.0,40.0,-160.0,-150.0,normal,0.0,0.15202291833360254,0.15654865891369119
perpendicular,35.0,40.0,-160.0,-150.0,normal,0.0,0.12358115172411073,0.1708232787719708
height,35.0,40.0,-160.0,-150.0,normal,0.0,0.08522719336726127,0.15809277158517104
yaw,35.0,40.0,-160.0,-150.0,normal,0.0,0.06636306038940959,0.07711224994983987
width,35.0,40.0,-160.0,-150.0,normal,0.0,0.289845178919861,0.3779055934685927
length,35.0,40.0,-160.0,-150.0,normal,0.0,0.0864327857534436,0.12586658505293039
box_height,35.0,40.0,-160.0,-150.0,normal,0.0,0.09244916678634006,0.10860604047775269
score,35.0,40.0,-160.0,-150.0,normal,0.41836434402144873,0.15780193441113646,77
fp_score,35.0,40.0,-160.0,-150.0,normal,0.08988410278470382,0.08575560949181744,2395
fp_rate,35.0,40.0,-160.0,-150.0,poisson,0.3370865587614356,2395,
miss_detection,35.0,40.0,-150.0,-140.0,constant,0.3665158371040724,,
distal,35.0,40.0,-150.0,-140.0,normal,0.0,0.1456876570633301,0.1976399642859405
perpendicular,35.0,40.0,-150.0,-140.0,normal,0.0,0.12242788442470796,0.20235313648228026
height,35.0,40.0,-150.0,-140.0,normal,0.0,0.10914772725767476,0.20011003060000285
yaw,35.0,40.0,-150.0,-140.0,normal,0.0,0.06616647534767152,0.10704005756761621
width,35.0,40.0,-150.0,-140.0,normal,0.0,0.24139135112349636,0.22772192273821149
length,35.0,40.0,-150.0,-140.0,normal,0.0,0.10370042741388322,0.2267156490257808
box_height,35.0,40.0,-150.0,-140.0,normal,0.0,0.13644728185348945,0.2675459538187299
score,35.0,40.0,-150.0,-140.0,normal,0.42302631070571284,0.09933609188261316,221
fp_score,35.0,40.0,-150.0,-140.0,normal,0.07136362273776363,0.07566074263209564,2845
fp_rate,35.0,40.0,-150.0,-140.0,poisson,0.4004222378606615,2845,
miss_detection,35.0,40.0,-140.0,-130.0,constant,0.3101851851851852,,
distal,35.0,40.0,-140.0,-130.0,normal,0.0,0.1722341805337326,0.19302818277283346
perpendicular,35.0,40.0,-140.0,-130.0,normal,0.0,0.1423895130157112,0.19346926759865912
height,35.0,40.0,-140.0,-130.0,normal,0.0,0.07853480871309776,0.11750765294836671
yaw,35.0,40.0,-140.0,-130.0,normal,0.0,0.0743723632878462,0.10107067109205871
width,35.0,40.0,-140.0,-130.0,normal,0.0,0.2128893159536828,0.44011185633256134
length,35.0,40.0,-140.0,-130.0,normal,0.0,0.12574208216079663,0.2089739101845146
box_height,35.0,40.0,-140.0,-130.0,normal,0.0,0.15808177005561172,0.33025863506649966
score,35.0,40.0,-140.0,-130.0,normal,0.4143728043308994,0.09721112567213055,216
fp_score,35.0,40.0,-140.0,-130.0,normal,0.06741905827960776,0.0659803095654331,2461
fp_rate,35.0,40.0,-140.0,-130.0,poisson,0.34637579169598876,2461,
miss_detection,35.0,40.0,-130.0,-120.0,constant,0.359375,,
distal,35.0,40.0,-130.0,-120.0,normal,0.0,0.1595932941812019,0.22968816376513956
perpendicular,35.0,40.0,-130.0,-120.0,normal,0.0,0.12588368451871956,0.14958679856184132
height,35.0,40.0,-130.0,-120.0,normal,0.0,0.1030557546395603,0.1348436605639574
yaw,35.0,40.0,-130.0,-120.0,normal,0.0,0.09066485913738545,0.1015419351926474
width,35.0,40.0,-130.0,-120.0,normal,0.0,0.21851201082169783,0.3719934254157834
length,35.0,40.0,-130.0,-120.0,normal,0.0,0.10423581692477839,0.13798802364163282
box_height,35.0,40.0,-130.0,-120.0,normal,0.0,0.1739122601609552,0.15517469150264088
score,35.0,40.0,-130.0,-120.0,normal,0.5399318192971916,0.1541142820245469,64
fp_score,35.0,40.0,-130.0,-120.0,normal,0.06243188251568284,0.059235872602202456,2014
fp_rate,35.0,40.0,-130.0,-120.0,poisson,0.28346235045742435,2014,
miss_detection,35.0,40.0,-120.0,-110.0,constant,0.375,,
distal,35.0,40.0,-120.0,-110.0,normal,0.0,0.2301009502959144,0.30265472652323183
perpendicular,35.0,40.0,-120.0,-110.0,normal,0.0,0.13919952795996376,0.2105993894911253
height,35.0,40.0,-120.0,-110.0,normal,0.0,0.06019275524459899,0.09776391983032226
yaw,35.0,40.0,-120.0,-110.0,normal,0.0,0.07853123496402649,0.09960123237058383
width,35.0,40.0,-120.0,-110.0,normal,0.0,0.19555146978826543,0.32223771095275877
length,35.0,40.0,-120.0,-110.0,normal,0.0,0.09076470003648017,0.10767616271972656
box_height,35.0,40.0,-120.0,-110.0,normal,0.0,0.08707869138218534,0.12310279846191406
score,35.0,40.0,-120.0,-110.0,normal,0.4957043731212616,0.16142524874330685,40
fp_score,35.0,40.0,-120.0,-110.0,normal,0.06139057052082385,0.06418850503181482,1965
fp_rate,35.0,40.0,-120.0,-110.0,poisson,0.2765657987332864,1965,
miss_detection,35.0,40.0,-110.0,-100.0,constant,0.4339622641509434,,
distal,35.0,40.0,-110.0,-100.0,normal,0.0,0.23550548311998445,0.2318726877243348
perpendicular,35.0,40.0,-110.0,-100.0,normal,0.0,0.11825607175486486,0.17148655835651466
height,35.0,40.0,-110.0,-100.0,normal,0.0,0.0865292509669162,0.10380987922350565
yaw,35.0,40.0,-110.0,-100.0,normal,0.0,0.04544053119533881,0.06577970875642869
width,35.0,40.0,-110.0,-100.0,normal,0.0,0.20194919734145148,0.34176323413848875
length,35.0,40.0,-110.0,-100.0,normal,0.0,0.08109733449546067,0.083702552318573
box_height,35.0,40.0,-110.0,-100.0,normal,0.0,0.08347780097195981,0.11350419918696085
score,35.0,40.0,-110.0,-100.0,normal,0.3792424847682317,0.11163717867482643,53
fp_score,35.0,40.0,-110.0,-100.0,normal,0.06293980039321047,0.07123804986558606,1623
fp_rate,35.0,40.0,-110.0,-100.0,poisson,0.22843068261787475,1623,
miss_detection,35.0,40.0,-100.0,-90.0,constant,0.7666666666666667,,
distal,35.0,40.0,-100.0,-90.0,normal,0.0,0.12007432747235601,0.15084095018769986
perpendicular,35.0,40.0,-100.0,-90.0,normal,0.0,0.0790641004035336,0.16435397203284138
height,35.0,40.0,-100.0,-90.0,normal,0.0,0.07749602367247628,0.16060622249330794
yaw,35.0,40.0,-100.0,-90.0,normal,0.0,0.08195532871055335,0.127747849622045
width,35.0,40.0,-100.0,-90.0,normal,0.0,0.1098962470811775,0.2592108079365322
length,35.0,40.0,-100.0,-90.0,normal,0.0,0.11313993191686732,0.07814639806747437
box_height,35.0,40.0,-100.0,-90.0,normal,0.0,0.08217581284086999,0.09988365854535784
score,35.0,40.0,-100.0,-90.0,normal,0.4137593231030873,0.10062708713822313,60
fp_score,35.0,40.0,-100.0,-90.0,normal,0.06212831877417842,0.06225158364205673,1091
fp_rate,35.0,40.0,-100.0,-90.0,poisson,0.15355383532723435,1091,
miss_detection,35.0,40.0,-90.0,-80.0,constant,0.7777777777777778,,
distal,35.0,40.0,-90.0,-80.0,normal,0.0,0.15776845129671138,0.28061133589683274
perpendicular,35.0,40.0,-90.0,-80.0,normal,0.0,0.058812314023488084,0.10796604793480831
height,35.0,40.0,-90.0,-80.0,normal,0.0,0.09064323867905906,0.1106532911459605
yaw,35.0,40.0,-90.0,-80.0,normal,0.0,0.05297770439607605,0.11974928908702272
width,35.0,40.0,-90.0,-80.0,normal,0.0,0.11994266722915585,0.2943403124809265
length,35.0,40.0,-90.0,-80.0,normal,0.0,0.03515092418084709,0.04877703388532003
box_height,35.0,40.0,-90.0,-80.0,normal,0.0,0.03110646242014983,0.056702891985575356
score,35.0,40.0,-90.0,-80.0,normal,0.46305683131019276,0.21282559347785532,54
fp_score,35.0,40.0,-90.0,-80.0,normal,0.058219508162937035,0.05450453483405884,1224
fp_rate,35.0,40.0,-90.0,-80.0,poisson,0.17227304714989444,1224,
miss_detection,35.0,40.0,-80.0,-70.0,constant,0.38461538461538464,,
distal,35.0,40.0,-80.0,-70.0,normal,0.0,0.14560539774092132,0.20254579930841898
perpendicular,35.0,40.0,-80.0,-70.0,normal,0.0,0.08685817952521438,0.14944889894981397
height,35.0,40.0,-80.0,-70.0,normal,0.0,0.06678003969690222,0.11679042503237724
yaw,35.0,40.0,-80.0,-70.0,normal,0.0,0.06549383773546129,0.08865067983584729
width,35.0,40.0,-80.0,-70.0,normal,0.0,0.2818143534660974,0.41511639952659607
length,35.0,40.0,-80.0,-70.0,normal,0.0,0.10693307398187851,0.13098659738898277
box_height,35.0,40.0,-80.0,-70.0,normal,0.0,0.08081217325330614,0.11501578986644745
score,35.0,40.0,-80.0,-70.0,normal,0.5696544474922121,0.1357878462686399,52
fp_score,35.0,40.0,-80.0,-70.0,normal,0.06117625937268541,0.06407777769336394,1628
fp_rate,35.0,40.0,-80.0,-70.0,poisson,0.22913441238564392,1628,
miss_detection,35.0,40.0,-70.0,-60.0,constant,0.18309859154929578,,
distal,35.0,40.0,-70.0,-60.0,normal,0.0,0.1346862543386801,0.2432528818366326
perpendicular,35.0,40.0,-70.0,-60.0,normal,0.0,0.1060662641967069,0.16477787549752154
height,35.0,40.0,-70.0,-60.0,normal,0.0,0.0968570199606187,0.140188231550414
yaw,35.0,40.0,-70.0,-60.0,normal,0.0,0.05622918489770474,0.07224421384654485
width,35.0,40.0,-70.0,-60.0,normal,0.0,0.33482693189608426,0.5467636091955776
length,35.0,40.0,-70.0,-60.0,normal,0.0,0.06569339573859737,0.12759583366328273
box_height,35.0,40.0,-70.0,-60.0,normal,0.0,0.08228139925371057,0.13751395817460685
score,35.0,40.0,-70.0,-60.0,normal,0.5899756817982115,0.14199816291609754,71
fp_score,35.0,40.0,-70.0,-60.0,normal,0.05683609904100966,0.05106096646616849,2651
fp_rate,35.0,40.0,-70.0,-60.0,poisson,0.37311752287121747,2651,
miss_detection,35.0,40.0,-60.0,-50.0,constant,0.323943661971831,,
distal,35.0,40.0,-60.0,-50.0,normal,0.0,0.16971163159334934,0.28724775630924354
perpendicular,35.0,40.0,-60.0,-50.0,normal,0.0,0.12738641469099024,0.16247573095919382
height,35.0,40.0,-60.0,-50.0,normal,0.0,0.09729653060251514,0.14103753243883452
yaw,35.0,40.0,-60.0,-50.0,normal,0.0,0.06054269637814405,0.08559800129792235
width,35.0,40.0,-60.0,-50.0,normal,0.0,0.2716081352666324,0.45011666417121887
length,35.0,40.0,-60.0,-50.0,normal,0.0,0.0680175172744517,0.12935461848974228
box_height,35.0,40.0,-60.0,-50.0,normal,0.0,0.12256258636190019,0.15895022203524908
score,35.0,40.0,-60.0,-50.0,normal,0.4733705759669344,0.18693426993489068,71
fp_score,35.0,40.0,-60.0,-50.0,normal,0.06538906990663036,0.06814992749585483,2275
fp_rate,35.0,40.0,-60.0,-50.0,poisson,0.32019704433497537,2275,
miss_detection,35.0,40.0,-50.0,-40.0,constant,0.4594594594594595,,
distal,35.0,40.0,-50.0,-40.0,normal,0.0,0.23597626389720003,0.304191185431093
perpendicular,35.0,40.0,-50.0,-40.0,normal,0.0,0.1642840151883126,0.2159117241602612
height,35.0,40.0,-50.0,-40.0,normal,0.0,0.09009407741454871,0.1208646297454834
yaw,35.0,40.0,-50.0,-40.0,normal,0.0,0.07893201003217672,0.07692525684833526
width,35.0,40.0,-50.0,-40.0,normal,0.0,0.34144770944432795,0.3756625771522522
length,35.0,40.0,-50.0,-40.0,normal,0.0,0.092146679397843,0.09160256981849671
box_height,35.0,40.0,-50.0,-40.0,normal,0.0,0.08869219872645774,0.12366419434547424
score,35.0,40.0,-50.0,-40.0,normal,0.37441093698143957,0.18490024704093047,37
fp_score,35.0,40.0,-50.0,-40.0,normal,0.058383839972825216,0.055039616946398376,2200
fp_rate,35.0,40.0,-50.0,-40.0,poisson,0.30964109781843774,2200,
miss_detection,35.0,40.0,-40.0,-30.0,constant,0.6808510638297872,,
distal,35.0,40.0,-40.0,-30.0,normal,0.0,0.11467116984778124,0.17291890516844496
perpendicular,35.0,40.0,-40.0,-30.0,normal,0.0,0.13756080103625468,0.20219932790402728
height,35.0,40.0,-40.0,-30.0,normal,0.0,0.10313130080315747,0.23555920521418253
yaw,35.0,40.0,-40.0,-30.0,normal,0.0,0.05450128522313565,0.07318295016884804
width,35.0,40.0,-40.0,-30.0,normal,0.0,0.39948731612473065,0.5693453788757324
length,35.0,40.0,-40.0,-30.0,normal,0.0,0.1219875105769043,0.1903670072555542
box_height,35.0,40.0,-40.0,-30.0,normal,0.0,0.11732078669483016,0.16627655824025472
score,35.0,40.0,-40.0,-30.0,normal,0.32206017623345057,0.15285172173578265,47
fp_score,35.0,40.0,-40.0,-30.0,normal,0.06717662440987975,0.06709337032039066,2647
fp_rate,35.0,40.0,-40.0,-30.0,poisson,0.3725545390570021,2647,
miss_detection,35.0,40.0,-30.0,-20.0,constant,0.5,,
distal,35.0,40.0,-30.0,-20.0,normal,0.0,0.14493383043680355,0.1878391731266926
perpendicular,35.0,40.0,-30.0,-20.0,normal,0.0,0.08549939375451265,0.09486482765112166
height,35.0,40.0,-30.0,-20.0,normal,0.0,0.06548322429029964,0.09871495621544975
yaw,35.0,40.0,-30.0,-20.0,normal,0.0,0.061239393731085785,0.08469078677377162
width,35.0,40.0,-30.0,-20.0,normal,0.0,0.13485302813113884,0.21478727885654994
length,35.0,40.0,-30.0,-20.0,normal,0.0,0.13288081136444768,0.15368872029440744
box_height,35.0,40.0,-30.0,-20.0,normal,0.0,0.055680441732164146,0.07424085480826241
score,35.0,40.0,-30.0,-20.0,normal,0.5490673567567553,0.10545895439375363,28
fp_score,35.0,40.0,-30.0,-20.0,normal,0.06603137873427513,0.05973422035790696,2536
fp_rate,35.0,40.0,-30.0,-20.0,poisson,0.3569317382125264,2536,
miss_detection,35.0,40.0,-20.0,-10.0,constant,0.875,,
distal,35.0,40.0,-20.0,-10.0,normal,0.0,0.1877455256504721,0.26728390804531815
perpendicular,35.0,40.0,-20.0,-10.0,normal,0.0,0.3082423113110344,0.38224934688325507
height,35.0,40.0,-20.0,-10.0,normal,0.0,0.04864934051500416,0.12357353170712788
yaw,35.0,40.0,-20.0,-10.0,normal,0.0,0.0635369842563483,0.07277505662618348
width,35.0,40.0,-20.0,-10.0,normal,0.0,0.12386218458621073,0.22817269961039224
length,35.0,40.0,-20.0,-10.0,normal,0.0,0.05198726733542515,0.16416617234547934
box_height,35.0,40.0,-20.0,-10.0,normal,0.0,0.045822515996629204,0.06926228602727254
score,35.0,40.0,-20.0,-10.0,normal,0.4329833487669627,0.1501256137428111,48
fp_score,35.0,40.0,-20.0,-10.0,normal,0.06993349004373617,0.06498956549855191,3286
fp_rate,35.0,40.0,-20.0,-10.0,poisson,0.4624912033779029,3286,
miss_detection,35.0,40.0,-10.0,0.0,constant,0.3695652173913043,,
distal,35.0,40.0,-10.0,0.0,normal,0.0,0.16382786195950994,0.20038635910310237
perpendicular,35.0,40.0,-10.0,0.0,normal,0.0,0.11423182257255703,0.14394120778084485
height,35.0,40.0,-10.0,0.0,normal,0.0,0.09437005161661234,0.12535676051830424
yaw,35.0,40.0,-10.0,0.0,normal,0.0,0.061866981764418016,0.08711881098610445
width,35.0,40.0,-10.0,0.0,normal,0.0,0.2987565963831144,0.35556655916674385
length,35.0,40.0,-10.0,0.0,normal,0.0,0.07740357197237004,0.10135805298542154
box_height,35.0,40.0,-10.0,0.0,normal,0.0,0.09213540208009433,0.15238650297296458
score,35.0,40.0,-10.0,0.0,normal,0.4804483596877805,0.12190240221378769,184
fp_score,35.0,40.0,-10.0,0.0,normal,0.10018634465732949,0.10983054421582232,2618
fp_rate,35.0,40.0,-10.0,0.0,poisson,0.36847290640394087,2618,
miss_detection,35.0,40.0,0.0,10.0,constant,0.6213235294117647,,
distal,35.0,40.0,0.0,10.0,normal,0.0,0.18497512162271543,0.2842450161676079
perpendicular,35.0,40.0,0.0,10.0,normal,0.0,0.08905932488774917,0.1383642543264047
height,35.0,40.0,0.0,10.0,normal,0.0,0.09681545486751095,0.10825216538697771
yaw,35.0,40.0,0.0,10.0,normal,0.0,0.0639457634920442,0.07299438750186889
width,35.0,40.0,0.0,10.0,normal,0.0,0.37613639631412815,0.5388329098525556
length,35.0,40.0,0.0,10.0,normal,0.0,0.07258116310262504,0.10323373090873644
box_height,35.0,40.0,0.0,10.0,normal,0.0,0.19560209561134054,0.2759170115572735
score,35.0,40.0,0.0,10.0,normal,0.4852840570570196,0.12278150486622473,272
fp_score,35.0,40.0,0.0,10.0,normal,0.13520130554542822,0.17459574965809155,2550
fp_rate,35.0,40.0,0.0,10.0,poisson,0.3589021815622801,2550,
miss_detection,35.0,40.0,10.0,20.0,constant,0.23481781376518218,,
distal,35.0,40.0,10.0,20.0,normal,0.0,0.16990557357096886,0.1956314029506889
perpendicular,35.0,40.0,10.0,20.0,normal,0.0,0.12220148614101621,0.14671981515955368
height,35.0,40.0,10.0,20.0,normal,0.0,0.09691451811649131,0.13624264071227382
yaw,35.0,40.0,10.0,20.0,normal,0.0,0.07148210731826302,0.08217958601148434
width,35.0,40.0,10.0,20.0,normal,0.0,0.24615587086753743,0.2670867392625758
length,35.0,40.0,10.0,20.0,normal,0.0,0.11072295913887314,0.12978912661315273
box_height,35.0,40.0,10.0,20.0,normal,0.0,0.10298804028095881,0.162139546934259
score,35.0,40.0,10.0,20.0,normal,0.40992729896038926,0.16961728029575965,247
fp_score,35.0,40.0,10.0,20.0,normal,0.09080747581970673,0.10625345911244094,2499
fp_rate,35.0,40.0,10.0,20.0,poisson,0.35172413793103446,2499,
miss_detection,35.0,40.0,20.0,30.0,constant,0.4,,
distal,35.0,40.0,20.0,30.0,normal,0.0,0.11167231238299993,0.1770917215961858
perpendicular,35.0,40.0,20.0,30.0,normal,0.0,0.09115370488365399,0.10859174014618715
height,35.0,40.0,20.0,30.0,normal,0.0,0.08282654701873815,0.1233502780949628
yaw,35.0,40.0,20.0,30.0,normal,0.0,0.03387626128120737,0.041523833925631054
width,35.0,40.0,20.0,30.0,normal,0.0,0.18545441262079979,0.24123649243955259
length,35.0,40.0,20.0,30.0,normal,0.0,0.2051507876947628,0.3469387263427546
box_height,35.0,40.0,20.0,30.0,normal,0.0,0.13985823573366096,0.27440071547472916
score,35.0,40.0,20.0,30.0,normal,0.5097264147099153,0.13511404596885646,135
fp_score,35.0,40.0,20.0,30.0,normal,0.08676101988955122,0.10066217448972158,1772
fp_rate,35.0,40.0,20.0,30.0,poisson,0.2494018296973962,1772,
miss_detection,35.0,40.0,30.0,40.0,constant,0.36,,
distal,35.0,40.0,30.0,40.0,normal,0.0,0.1685186238292132,0.23237009819063556
perpendicular,35.0,40.0,30.0,40.0,normal,0.0,0.0797877464040376,0.10753147059919799
height,35.0,40.0,30.0,40.0,normal,0.0,0.07434526099855608,0.10750602682431538
yaw,35.0,40.0,30.0,40.0,normal,0.0,0.04587911797105564,0.06894664199260421
width,35.0,40.0,30.0,40.0,normal,0.0,0.2853484286894372,0.3878980080286662
length,35.0,40.0,30.0,40.0,normal,0.0,0.1325084518464958,0.16239790370066962
box_height,35.0,40.0,30.0,40.0,normal,0.0,0.1528088040433882,0.20095628996690115
score,35.0,40.0,30.0,40.0,normal,0.5779100203265747,0.14713063384748148,75
fp_score,35.0,40.0,30.0,40.0,normal,0.07756619802535182,0.08314315501381356,1883
fp_rate,35.0,40.0,30.0,40.0,poisson,0.2650246305418719,1883,
miss_detection,35.0,40.0,40.0,50.0,constant,0.4954954954954955,,
distal,35.0,40.0,40.0,50.0,normal,0.0,0.18673122970031011,0.23041717068438677
perpendicular,35.0,40.0,40.0,50.0,normal,0.0,0.13650123975366826,0.18547969079959328
height,35.0,40.0,40.0,50.0,normal,0.0,0.08880096811624798,0.10717760877949851
yaw,35.0,40.0,40.0,50.0,normal,0.0,0.07399219202128031,0.09031408163195927
width,35.0,40.0,40.0,50.0,normal,0.0,0.18308839123728565,0.24791595765522548
length,35.0,40.0,40.0,50.0,normal,0.0,0.09965809030309576,0.19875567725726537
box_height,35.0,40.0,40.0,50.0,normal,0.0,0.12749187833306697,0.1637535265513829
score,35.0,40.0,40.0,50.0,normal,0.5587181935885123,0.1532981649378545,111
fp_score,35.0,40.0,40.0,50.0,normal,0.08163798124797504,0.08594509772083074,1671
fp_rate,35.0,40.0,40.0,50.0,poisson,0.23518648838845882,1671,
miss_detection,35.0,40.0,50.0,60.0,constant,0.391304347826087,,
distal,35.0,40.0,50.0,60.0,normal,0.0,0.19166572856854378,0.22375134293767948
perpendicular,35.0,40.0,50.0,60.0,normal,0.0,0.13867162671388097,0.17447094216021364
height,35.0,40.0,50.0,60.0,normal,0.0,0.05889421460954768,0.07653624585696629
yaw,35.0,40.0,50.0,60.0,normal,0.0,0.04653079294017431,0.059353509412426626
width,35.0,40.0,50.0,60.0,normal,0.0,0.3006360176235801,0.2586021423339844
length,35.0,40.0,50.0,60.0,normal,0.0,0.06081026148635392,0.11876618691853115
box_height,35.0,40.0,50.0,60.0,normal,0.0,0.09465145935030828,0.09912451165063041
score,35.0,40.0,50.0,60.0,normal,0.504537553872381,0.16970166862900782,115
fp_score,35.0,40.0,50.0,60.0,normal,0.07417881357594856,0.082252139244522,1272
fp_rate,35.0,40.0,50.0,60.0,poisson,0.17902885292047854,1272,
miss_detection,35.0,40.0,60.0,70.0,constant,0.2764227642276423,,
distal,35.0,40.0,60.0,70.0,normal,0.0,0.1499999962888127,0.2047135322149552
perpendicular,35.0,40.0,60.0,70.0,normal,0.0,0.10980266933126756,0.14023526947685686
height,35.0,40.0,60.0,70.0,normal,0.0,0.09265103122305303,0.12029173601879163
yaw,35.0,40.0,60.0,70.0,normal,0.0,0.05110265015153258,0.0637461032857648
width,35.0,40.0,60.0,70.0,normal,0.0,0.18504580996050257,0.21761105033788788
length,35.0,40.0,60.0,70.0,normal,0.0,0.10440721263614022,0.1473409366071894
box_height,35.0,40.0,60.0,70.0,normal,0.0,0.09371921415338773,0.10680711537264706
score,35.0,40.0,60.0,70.0,normal,0.5412911618693491,0.1428823024603968,123
fp_score,35.0,40.0,60.0,70.0,normal,0.07389089076011152,0.07719031668947814,1122
fp_rate,35.0,40.0,60.0,70.0,poisson,0.15791695988740323,1122,
miss_detection,35.0,40.0,70.0,80.0,constant,0.4350282485875706,,
distal,35.0,40.0,70.0,80.0,normal,0.0,0.11269335803257749,0.15191153653494124
perpendicular,35.0,40.0,70.0,80.0,normal,0.0,0.08578559943258601,0.14347652009032758
height,35.0,40.0,70.0,80.0,normal,0.0,0.06882024263818186,0.14796485424041747
yaw,35.0,40.0,70.0,80.0,normal,0.0,0.04491998035561912,0.06622428130982186
width,35.0,40.0,70.0,80.0,normal,0.0,0.17342889158395125,0.2104102873802185
length,35.0,40.0,70.0,80.0,normal,0.0,0.05713579735315662,0.108864905834198
box_height,35.0,40.0,70.0,80.0,normal,0.0,0.1146947164073514,0.31114938735961917
score,35.0,40.0,70.0,80.0,normal,0.3651621828973293,0.12110341068169045,177
fp_score,35.0,40.0,70.0,80.0,normal,0.06964567600128552,0.07556812463286125,840
fp_rate,35.0,40.0,70.0,80.0,poisson,0.11822660098522167,840,
miss_detection,35.0,40.0,80.0,90.0,constant,0.5909090909090909,,
distal,35.0,40.0,80.0,90.0,normal,0.0,0.14158853400859447,0.25956908449019966
perpendicular,35.0,40.0,80.0,90.0,normal,0.0,0.10391867033648183,0.12270226868412484
height,35.0,40.0,80.0,90.0,normal,0.0,0.09321306226642245,0.14098530124734948
yaw,35.0,40.0,80.0,90.0,normal,0.0,0.05500373855426389,0.08688383956024132
width,35.0,40.0,80.0,90.0,normal,0.0,0.2114682117611419,0.28513362672593856
length,35.0,40.0,80.0,90.0,normal,0.0,0.08887239709735126,0.12189914562084057
box_height,35.0,40.0,80.0,90.0,normal,0.0,0.1612886324975656,0.23691263463762072
score,35.0,40.0,80.0,90.0,normal,0.3595267354890152,0.16252769445481635,66
fp_score,35.0,40.0,80.0,90.0,normal,0.0693043985558178,0.0745236789164903,556
fp_rate,35.0,40.0,80.0,90.0,poisson,0.07825475017593245,556,
miss_detection,35.0,40.0,90.0,100.0,constant,0.6440677966101694,,
distal,35.0,40.0,90.0,100.0,normal,0.0,0.15200030077161691,0.21559727995401817
perpendicular,35.0,40.0,90.0,100.0,normal,0.0,0.09062967357520058,0.1443878767969751
height,35.0,40.0,90.0,100.0,normal,0.0,0.08123887370519917,0.1390847052846636
yaw,35.0,40.0,90.0,100.0,normal,0.0,0.09713964068778261,0.11170628695223275
width,35.0,40.0,90.0,100.0,normal,0.0,0.1854167975129734,0.30242823419116793
length,35.0,40.0,90.0,100.0,normal,0.0,0.1367124208496005,0.1378417866570609
box_height,35.0,40.0,90.0,100.0,normal,0.0,0.1534242508562361,0.21016647134508407
score,35.0,40.0,90.0,100.0,normal,0.3188201387723287,0.1320728721885525,59
fp_score,35.0,40.0,90.0,100.0,normal,0.06726939364373684,0.06163219005203912,625
fp_rate,35.0,40.0,90.0,100.0,poisson,0.08796622097114708,625,
miss_detection,35.0,40.0,100.0,110.0,constant,0.4090909090909091,,
distal,35.0,40.0,100.0,110.0,normal,0.0,0.10644271032899275,0.1708915159194248
perpendicular,35.0,40.0,100.0,110.0,normal,0.0,0.12873338890292413,0.16602258940135498
height,35.0,40.0,100.0,110.0,normal,0.0,0.07463484698037554,0.08884581694236168
yaw,35.0,40.0,100.0,110.0,normal,0.0,0.0545676517712216,0.06818938767278408
width,35.0,40.0,100.0,110.0,normal,0.0,0.22052716771902198,0.32465317310431063
length,35.0,40.0,100.0,110.0,normal,0.0,0.12750960099972894,0.14033325818868783
box_height,35.0,40.0,100.0,110.0,normal,0.0,0.08981490677172317,0.18047561706640783
score,35.0,40.0,100.0,110.0,normal,0.5089491636325152,0.14286869346965406,66
fp_score,35.0,40.0,100.0,110.0,normal,0.07023151266068377,0.06389740605706867,762
fp_rate,35.0,40.0,100.0,110.0,poisson,0.10724841660802252,762,
miss_detection,35.0,40.0,110.0,120.0,constant,0.30851063829787234,,
distal,35.0,40.0,110.0,120.0,normal,0.0,0.16977117442327794,0.17994526494659885
perpendicular,35.0,40.0,110.0,120.0,normal,0.0,0.10989402471172223,0.1608404828773572
height,35.0,40.0,110.0,120.0,normal,0.0,0.07886403758938575,0.11681369176277748
yaw,35.0,40.0,110.0,120.0,normal,0.0,0.06333230641996371,0.07331899901958815
width,35.0,40.0,110.0,120.0,normal,0.0,0.20683625337683043,0.2858728995689979
length,35.0,40.0,110.0,120.0,normal,0.0,0.14826072152230652,0.1474529559795673
box_height,35.0,40.0,110.0,120.0,normal,0.0,0.1593480869627915,0.16676433453193076
score,35.0,40.0,110.0,120.0,normal,0.5409899113269953,0.15496361644540943,94
fp_score,35.0,40.0,110.0,120.0,normal,0.07594882089948617,0.07690128994996435,956
fp_rate,35.0,40.0,110.0,120.0,poisson,0.13455313159746657,956,
miss_detection,35.0,40.0,120.0,130.0,constant,0.4092526690391459,,
distal,35.0,40.0,120.0,130.0,normal,0.0,0.12107233110226932,0.2562927161105781
perpendicular,35.0,40.0,120.0,130.0,normal,0.0,0.10545763195247988,0.18476501830932532
height,35.0,40.0,120.0,130.0,normal,0.0,0.09183953654439618,0.12308437781161573
yaw,35.0,40.0,120.0,130.0,normal,0.0,0.06920964687303753,0.11378019505060079
width,35.0,40.0,120.0,130.0,normal,0.0,0.13590827316530543,0.13282064644687147
length,35.0,40.0,120.0,130.0,normal,0.0,0.08844611294544527,0.12996117178216038
box_height,35.0,40.0,120.0,130.0,normal,0.0,0.11661732767991208,0.18298043974910874
score,35.0,40.0,120.0,130.0,normal,0.4304653986929411,0.14800924516611083,281
fp_score,35.0,40.0,120.0,130.0,normal,0.0830237156878836,0.08341207509309807,1219
fp_rate,35.0,40.0,120.0,130.0,poisson,0.17156931738212527,1219,
miss_detection,35.0,40.0,130.0,140.0,constant,0.6479591836734694,,
distal,35.0,40.0,130.0,140.0,normal,0.0,0.10689200547239097,0.1414193618026128
perpendicular,35.0,40.0,130.0,140.0,normal,0.0,0.11182501073662204,0.1322607181846472
height,35.0,40.0,130.0,140.0,normal,0.0,0.08572833301957619,0.12407811137213223
yaw,35.0,40.0,130.0,140.0,normal,0.0,0.0609242270307424,0.07412797142178493
width,35.0,40.0,130.0,140.0,normal,0.0,0.16544080194001623,0.20342843428902005
length,35.0,40.0,130.0,140.0,normal,0.0,0.08223226064220558,0.15580885824949844
box_height,35.0,40.0,130.0,140.0,normal,0.0,0.10157909144780507,0.1495514710744222
score,35.0,40.0,130.0,140.0,normal,0.5576190365397412,0.14551814904183857,196
fp_score,35.0,40.0,130.0,140.0,normal,0.0741517351049444,0.07498430098720005,1564
fp_rate,35.0,40.0,130.0,140.0,poisson,0.22012667135819844,1564,
miss_detection,35.0,40.0,140.0,150.0,constant,0.30569948186528495,,
distal,35.0,40.0,140.0,150.0,normal,0.0,0.16031670194871647,0.1905478903758232
perpendicular,35.0,40.0,140.0,150.0,normal,0.0,0.11952788141981673,0.14197617517338226
height,35.0,40.0,140.0,150.0,normal,0.0,0.10445550624454432,0.11538294313558892
yaw,35.0,40.0,140.0,150.0,normal,0.0,0.07488041657283598,0.07485323078796571
width,35.0,40.0,140.0,150.0,normal,0.0,0.22118940151281305,0.2731433501884119
length,35.0,40.0,140.0,150.0,normal,0.0,0.07714862793218762,0.1086031242982665
box_height,35.0,40.0,140.0,150.0,normal,0.0,0.07965128058703677,0.09484576734144297
score,35.0,40.0,140.0,150.0,normal,0.5914460202651237,0.15101086174716444,193
fp_score,35.0,40.0,140.0,150.0,normal,0.08336474027204821,0.10360003406879739,1278
fp_rate,35.0,40.0,140.0,150.0,poisson,0.17987332864180156,1278,
miss_detection,35.0,40.0,150.0,160.0,constant,0.32547169811320753,,
distal,35.0,40.0,150.0,160.0,normal,0.0,0.12283575741090724,0.14374272674010602
perpendicular,35.0,40.0,150.0,160.0,normal,0.0,0.09617546967267715,0.11206740841816094
height,35.0,40.0,150.0,160.0,normal,0.0,0.0865345117164564,0.11664841933683916
yaw,35.0,40.0,150.0,160.0,normal,0.0,0.0561346266192712,0.05950174938357977
width,35.0,40.0,150.0,160.0,normal,0.0,0.22743575824447382,0.23162643059150323
length,35.0,40.0,150.0,160.0,normal,0.0,0.10331529470604872,0.16746866786396586
box_height,35.0,40.0,150.0,160.0,normal,0.0,0.10543692624466623,0.1201022579953387
score,35.0,40.0,150.0,160.0,normal,0.5929797640838823,0.15484783971123395,212
fp_score,35.0,40.0,150.0,160.0,normal,0.08566670080416092,0.10994664404379301,1477
fp_rate,35.0,40.0,150.0,160.0,poisson,0.20788177339901479,1477,
miss_detection,35.0,40.0,160.0,170.0,constant,0.10819672131147541,,
distal,35.0,40.0,160.0,170.0,normal,0.0,0.12989057197786985,0.13532571733961593
perpendicular,35.0,40.0,160.0,170.0,normal,0.0,0.0737430100182074,0.09820273451860509
height,35.0,40.0,160.0,170.0,normal,0.0,0.09357292641543809,0.12504717904855223
yaw,35.0,40.0,160.0,170.0,normal,0.0,0.0381918058959568,0.04679453194686939
width,35.0,40.0,160.0,170.0,normal,0.0,0.22608873817468933,0.24891490182455847
length,35.0,40.0,160.0,170.0,normal,0.0,0.11317138556706921,0.1260541541611447
box_height,35.0,40.0,160.0,170.0,normal,0.0,0.10805332982262142,0.1107600467169986
score,35.0,40.0,160.0,170.0,normal,0.6802504426964066,0.12133343816346212,305
fp_score,35.0,40.0,160.0,170.0,normal,0.0725428898629077,0.0954224152829902,1728
fp_rate,35.0,40.0,160.0,170.0,poisson,0.24320900774102744,1728,
miss_detection,35.0,40.0,170.0,180.0,constant,0.0658682634730539,,
distal,35.0,40.0,170.0,180.0,normal,0.0,0.14439836042336698,0.1765518974155976
perpendicular,35.0,40.0,170.0,180.0,normal,0.0,0.07099383450186413,0.09267813539273671
height,35.0,40.0,170.0,180.0,normal,0.0,0.07862159581296574,0.11375412373588635
yaw,35.0,40.0,170.0,180.0,normal,0.0,0.047708179595310346,0.053027641179070654
width,35.0,40.0,170.0,180.0,normal,0.0,0.24629255329921715,0.2807417916945922
length,35.0,40.0,170.0,180.0,normal,0.0,0.09857594898824042,0.1081449146836232
box_height,35.0,40.0,170.0,180.0,normal,0.0,0.09221293393242416,0.11263464028254533
score,35.0,40.0,170.0,180.0,normal,0.6678825998917605,0.13305767991667888,668
fp_score,35.0,40.0,170.0,180.0,normal,0.12099834437533853,0.18241849379368014,953
fp_rate,35.0,40.0,170.0,180.0,poisson,0.13413089373680506,953,
miss_detection,40.0,45.0,-180.0,-170.0,constant,0.128992628992629,,
distal,40.0,45.0,-180.0,-170.0,normal,0.0,0.18215740181315812,0.23907007946141504
perpendicular,40.0,45.0,-180.0,-170.0,normal,0.0,0.09310840629943813,0.11810492222155003
height,40.0,45.0,-180.0,-170.0,normal,0.0,0.09773106609744031,0.13856482488984617
yaw,40.0,45.0,-180.0,-170.0,normal,0.0,0.07391724123158412,0.08636231198381675
width,40.0,45.0,-180.0,-170.0,normal,0.0,0.3056722863502044,0.3881613626466652
length,40.0,45.0,-180.0,-170.0,normal,0.0,0.09372360805950589,0.12235792769363468
box_height,40.0,45.0,-180.0,-170.0,normal,0.0,0.1265571059296331,0.15409449764300132
score,40.0,45.0,-180.0,-170.0,normal,0.576233128041071,0.13822934529471653,814
fp_score,40.0,45.0,-180.0,-170.0,normal,0.11317020424810159,0.13898762910722468,2012
fp_rate,40.0,45.0,-180.0,-170.0,poisson,0.28318085855031666,2012,
miss_detection,40.0,45.0,-170.0,-160.0,constant,0.38190954773869346,,
distal,40.0,45.0,-170.0,-160.0,normal,0.0,0.14851006643819706,0.18069036861668689
perpendicular,40.0,45.0,-170.0,-160.0,normal,0.0,0.09246636532413396,0.11863005916470847
height,40.0,45.0,-170.0,-160.0,normal,0.0,0.08848633028488959,0.12239765054811307
yaw,40.0,45.0,-170.0,-160.0,normal,0.0,0.05532109043207635,0.06533621348755986
width,40.0,45.0,-170.0,-160.0,normal,0.0,0.22585464496970978,0.28311816851298016
length,40.0,45.0,-170.0,-160.0,normal,0.0,0.08356198804040145,0.1231950870374354
box_height,40.0,45.0,-170.0,-160.0,normal,0.0,0.10421605856514027,0.1453191826983196
score,40.0,45.0,-170.0,-160.0,normal,0.5271057243027338,0.20173077956840466,199
fp_score,40.0,45.0,-170.0,-160.0,normal,0.07164238448048839,0.06230513339569655,2899
fp_rate,40.0,45.0,-170.0,-160.0,poisson,0.4080225193525686,2899,
miss_detection,40.0,45.0,-160.0,-150.0,constant,0.36538461538461536,,
distal,40.0,45.0,-160.0,-150.0,normal,0.0,0.09863106753276765,0.1338689617489688
perpendicular,40.0,45.0,-160.0,-150.0,normal,0.0,0.11771099454272332,0.18362569733238474
height,40.0,45.0,-160.0,-150.0,normal,0.0,0.07153037970265434,0.18584744316158872
yaw,40.0,45.0,-160.0,-150.0,normal,0.0,0.06365235156854121,0.07360023181095268
width,40.0,45.0,-160.0,-150.0,normal,0.0,0.28790815280466103,0.42910691463586054
length,40.0,45.0,-160.0,-150.0,normal,0.0,0.08122923424107169,0.16471303954268945
box_height,40.0,45.0,-160.0,-150.0,normal,0.0,0.12067609965755972,0.12477621526429147
score,40.0,45.0,-160.0,-150.0,normal,0.4508232907815413,0.15507068475594135,52
fp_score,40.0,45.0,-160.0,-150.0,normal,0.06970637831934141,0.05908230385870206,3066
fp_rate,40.0,45.0,-160.0,-150.0,poisson,0.4315270935960591,3066,
miss_detection,40.0,45.0,-150.0,-140.0,constant,0.5,,
distal,40.0,45.0,-150.0,-140.0,normal,0.0,0.11717818544058682,0.13093750446226676
perpendicular,40.0,45.0,-150.0,-140.0,normal,0.0,0.1083160183293002,0.13877832138958512
height,40.0,45.0,-150.0,-140.0,normal,0.0,0.10334078153345588,0.14179607954892245
yaw,40.0,45.0,-150.0,-140.0,normal,0.0,0.05913299143803292,0.09345395483717973
width,40.0,45.0,-150.0,-140.0,normal,0.0,0.3008670701310695,0.3443413430994207
length,40.0,45.0,-150.0,-140.0,normal,0.0,0.08818110803928382,0.1346637118946422
box_height,40.0,45.0,-150.0,-140.0,normal,0.0,0.077080150186273,0.17929768562316895
score,40.0,45.0,-150.0,-140.0,normal,0.4847774546254765,0.12150684583826761,44
fp_score,40.0,45.0,-150.0,-140.0,normal,0.06594554707907153,0.06079986030360367,2985
fp_rate,40.0,45.0,-150.0,-140.0,poisson,0.4201266713581985,2985,
miss_detection,40.0,45.0,-140.0,-130.0,constant,0.4878048780487805,,
distal,40.0,45.0,-140.0,-130.0,normal,0.0,0.14336036675465888,0.25176440768592423
perpendicular,40.0,45.0,-140.0,-130.0,normal,0.0,0.11499227168010641,0.20004273575634152
height,40.0,45.0,-140.0,-130.0,normal,0.0,0.09496839297678995,0.152373282682328
yaw,40.0,45.0,-140.0,-130.0,normal,0.0,0.0781659335591188,0.07502950524514385
width,40.0,45.0,-140.0,-130.0,normal,0.0,0.23282459839484496,0.357533750079927
length,40.0,45.0,-140.0,-130.0,normal,0.0,0.04853527209751163,0.10577565147763207
box_height,40.0,45.0,-140.0,-130.0,normal,0.0,0.06832973304415348,0.10176516146886916
score,40.0,45.0,-140.0,-130.0,normal,0.5127820727371034,0.14350794740435055,41
fp_score,40.0,45.0,-140.0,-130.0,normal,0.06444075113290204,0.054860340115626176,3148
fp_rate,40.0,45.0,-140.0,-130.0,poisson,0.4430682617874736,3148,
miss_detection,40.0,45.0,-130.0,-120.0,constant,0.75,,
distal,40.0,45.0,-130.0,-120.0,normal,0.0,0.15396388024178348,0.22435166637757414
perpendicular,40.0,45.0,-130.0,-120.0,normal,0.0,0.14144216653579947,0.27349535748639
height,40.0,45.0,-130.0,-120.0,normal,0.0,0.09576084909956044,0.17064055587564195
yaw,40.0,45.0,-130.0,-120.0,normal,0.0,0.07970734565582374,0.1122134910456697
width,40.0,45.0,-130.0,-120.0,normal,0.0,0.24148154465643423,0.38090806347983225
length,40.0,45.0,-130.0,-120.0,normal,0.0,0.08135418103646412,0.1243355827672141
box_height,40.0,45.0,-130.0,-120.0,normal,0.0,0.1023944174362638,0.19984849435942514
score,40.0,45.0,-130.0,-120.0,normal,0.4720795841089317,0.1846402621636564,112
fp_score,40.0,45.0,-130.0,-120.0,normal,0.0704219367258689,0.08274833770585732,2125
fp_rate,40.0,45.0,-130.0,-120.0,poisson,0.29908515130190005,2125,
miss_detection,40.0,45.0,-120.0,-110.0,constant,0.8113207547169812,,
distal,40.0,45.0,-120.0,-110.0,normal,0.0,0.16505559435314987,0.2464496045203136
perpendicular,40.0,45.0,-120.0,-110.0,normal,0.0,0.1389637355899222,0.22830193464803808
height,40.0,45.0,-120.0,-110.0,normal,0.0,0.09754155009231627,0.12797077298164367
yaw,40.0,45.0,-120.0,-110.0,normal,0.0,0.04749489808198956,0.06551224231799005
width,40.0,45.0,-120.0,-110.0,normal,0.0,0.2942908189926235,0.47362704277038575
length,40.0,45.0,-120.0,-110.0,normal,0.0,0.15234421179105406,0.11197199821472167
box_height,40.0,45.0,-120.0,-110.0,normal,0.0,0.15459711342768542,0.1549493908882141
score,40.0,45.0,-120.0,-110.0,normal,0.4904028192162514,0.1634332011529332,53
fp_score,40.0,45.0,-120.0,-110.0,normal,0.06585394731152427,0.06993627712464094,645
fp_rate,40.0,45.0,-120.0,-110.0,poisson,0.09078114004222379,645,
miss_detection,40.0,45.0,-110.0,-100.0,constant,1.0,,
fp_score,40.0,45.0,-110.0,-100.0,normal,0.04052874760236591,0.008801051514239856,16
fp_rate,40.0,45.0,-110.0,-100.0,poisson,0.002251935256861365,16,
miss_detection,40.0,45.0,-100.0,-90.0,constant,1.0,,
fp_rate,40.0,45.0,-100.0,-90.0,poisson,0.0,0,
miss_detection,40.0,45.0,-90.0,-80.0,constant,1.0,,
fp_rate,40.0,45.0,-90.0,-80.0,poisson,0.0,0,
miss_detection,40.0,45.0,-80.0,-70.0,constant,1.0,,
fp_score,40.0,45.0,-80.0,-70.0,normal,0.05220658122561872,0.03311244645663047,16
fp_rate,40.0,45.0,-80.0,-70.0,poisson,0.002251935256861365,16,
miss_detection,40.0,45.0,-70.0,-60.0,constant,0.9482758620689655,,
distal,40.0,45.0,-70.0,-60.0,normal,0.0,0.15006500341957293,0.3008261802293452
perpendicular,40.0,45.0,-70.0,-60.0,normal,0.0,0.10360303422948922,0.15713130380892507
height,40.0,45.0,-70.0,-60.0,normal,0.0,0.0486697897752433,0.2616166869799296
yaw,40.0,45.0,-70.0,-60.0,normal,0.0,0.04566376939946621,0.04986647764841715
width,40.0,45.0,-70.0,-60.0,normal,0.0,0.22447303800515558,0.5546944936116537
length,40.0,45.0,-70.0,-60.0,normal,0.0,0.070690469323406,0.07103192806243896
box_height,40.0,45.0,-70.0,-60.0,normal,0.0,0.025609338912990387,0.02877541383107503
score,40.0,45.0,-70.0,-60.0,normal,0.39823855956395465,0.05083364453192338,58
fp_score,40.0,45.0,-70.0,-60.0,normal,0.056981231192089726,0.051859721918610525,702
fp_rate,40.0,45.0,-70.0,-60.0,poisson,0.0988036593947924,702,
miss_detection,40.0,45.0,-60.0,-50.0,constant,0.43434343434343436,,
distal,40.0,45.0,-60.0,-50.0,normal,0.0,0.15567871525548013,0.20860389604202814
perpendicular,40.0,45.0,-60.0,-50.0,normal,0.0,0.09501711280014902,0.13210305527270635
height,40.0,45.0,-60.0,-50.0,normal,0.0,0.0905431312805385,0.18202490572418487
yaw,40.0,45.0,-60.0,-50.0,normal,0.0,0.07930809489829244,0.09225908066839532
width,40.0,45.0,-60.0,-50.0,normal,0.0,0.1994539326782663,0.39254254528454374
length,40.0,45.0,-60.0,-50.0,normal,0.0,0.10653504755492381,0.19632369918482645
box_height,40.0,45.0,-60.0,-50.0,normal,0.0,0.12349138990045311,0.22481943028313772
score,40.0,45.0,-60.0,-50.0,normal,0.5121722874630775,0.16456064112080288,99
fp_score,40.0,45.0,-60.0,-50.0,normal,0.06311613244078616,0.06420490684624841,2301
fp_rate,40.0,45.0,-60.0,-50.0,poisson,0.3238564391273751,2301,
miss_detection,40.0,45.0,-50.0,-40.0,constant,0.6818181818181818,,
distal,40.0,45.0,-50.0,-40.0,normal,0.0,0.19052445946219013,0.2432893484474107
perpendicular,40.0,45.0,-50.0,-40.0,normal,0.0,0.13531660207457075,0.16649898417459394
height,40.0,45.0,-50.0,-40.0,normal,0.0,0.11114197005517236,0.13375712292534964
yaw,40.0,45.0,-50.0,-40.0,normal,0.0,0.0921708635368517,0.1295329630201277
width,40.0,45.0,-50.0,-40.0,normal,0.0,0.19263864505032335,0.4511549472808838
length,40.0,45.0,-50.0,-40.0,normal,0.0,0.07206093293301352,0.10291985954557147
box_height,40.0,45.0,-50.0,-40.0,normal,0.0,0.09779256244677997,0.13142250265393937
score,40.0,45.0,-50.0,-40.0,normal,0.4300155522567885,0.1505126231473268,44
fp_score,40.0,45.0,-50.0,-40.0,normal,0.06086561380667852,0.06307941356886437,2691
fp_rate,40.0,45.0,-50.0,-40.0,poisson,0.37874736101337086,2691,
miss_detection,40.0,45.0,-40.0,-30.0,constant,0.775,,
distal,40.0,45.0,-40.0,-30.0,normal,0.0,0.14936065649486893,0.3633499172183338
perpendicular,40.0,45.0,-40.0,-30.0,normal,0.0,0.2403243785853025,0.4059753796492225
height,40.0,45.0,-40.0,-30.0,normal,0.0,0.05466813567333344,0.07819636662801106
yaw,40.0,45.0,-40.0,-30.0,normal,0.0,0.0844465017419436,0.12571877197041598
width,40.0,45.0,-40.0,-30.0,normal,0.0,0.25582957878135476,0.43023766411675346
length,40.0,45.0,-40.0,-30.0,normal,0.0,0.07365900462645941,0.062255806393093534
box_height,40.0,45.0,-40.0,-30.0,normal,0.0,0.0341960336573038,0.04897538820902506
score,40.0,45.0,-40.0,-30.0,normal,0.33446353011661106,0.10830367284842274,40
fp_score,40.0,45.0,-40.0,-30.0,normal,0.06561946358142275,0.06123891923600344,2908
fp_rate,40.0,45.0,-40.0,-30.0,poisson,0.4092892329345531,2908,
miss_detection,40.0,45.0,-30.0,-20.0,constant,0.7428571428571429,,
distal,40.0,45.0,-30.0,-20.0,normal,0.0,0.15509880052645308,0.1967737245078946
perpendicular,40.0,45.0,-30.0,-20.0,normal,0.0,0.19608173271924945,0.2725676263789768
height,40.0,45.0,-30.0,-20.0,normal,0.0,0.03755583415694013,0.10330971082051595
yaw,40.0,45.0,-30.0,-20.0,normal,0.0,0.028896047854276304,0.05621327647427145
width,40.0,45.0,-30.0,-20.0,normal,0.0,0.15794340064559287,0.13332594765557182
length,40.0,45.0,-30.0,-20.0,normal,0.0,0.11038657058307333,0.12588789727952746
box_height,40.0,45.0,-30.0,-20.0,normal,0.0,0.1084593134287837,0.1050557295481364
score,40.0,45.0,-30.0,-20.0,normal,0.44624314374393886,0.20617233536817514,35
fp_score,40.0,45.0,-30.0,-20.0,normal,0.06511153206364022,0.056859886675659686,3316
fp_rate,40.0,45.0,-30.0,-20.0,poisson,0.46671358198451796,3316,
miss_detection,40.0,45.0,-20.0,-10.0,constant,0.7428571428571429,,
distal,40.0,45.0,-20.0,-10.0,normal,0.0,0.20653355989256156,0.2575799720801223
perpendicular,40.0,45.0,-20.0,-10.0,normal,0.0,0.2399655274303448,0.2382275588597723
height,40.0,45.0,-20.0,-10.0,normal,0.0,0.07612164300715901,0.11025037368138631
yaw,40.0,45.0,-20.0,-10.0,normal,0.0,0.04055628336253168,0.06091953564326542
width,40.0,45.0,-20.0,-10.0,normal,0.0,0.16111544087548813,0.2807438638475206
length,40.0,45.0,-20.0,-10.0,normal,0.0,0.11903019973568715,0.12617254257202148
box_height,40.0,45.0,-20.0,-10.0,normal,0.0,0.05707329682946571,0.06594630082448323
score,40.0,45.0,-20.0,-10.0,normal,0.45145079493522644,0.05781797476612562,35
fp_score,40.0,45.0,-20.0,-10.0,normal,0.07190895833010902,0.06338750665333273,3833
fp_rate,40.0,45.0,-20.0,-10.0,poisson,0.5394792399718508,3833,
miss_detection,40.0,45.0,-10.0,0.0,constant,0.4928571428571429,,
distal,40.0,45.0,-10.0,0.0,normal,0.0,0.18706551612058517,0.2496013253371261
perpendicular,40.0,45.0,-10.0,0.0,normal,0.0,0.08460708908262689,0.1322219148635264
height,40.0,45.0,-10.0,0.0,normal,0.0,0.1032211442674606,0.12971589514906978
yaw,40.0,45.0,-10.0,0.0,normal,0.0,0.047191917518003015,0.06749474455792667
width,40.0,45.0,-10.0,0.0,normal,0.0,0.3669273568667414,0.48818439161273797
length,40.0,45.0,-10.0,0.0,normal,0.0,0.08444304532863094,0.08842090653701568
box_height,40.0,45.0,-10.0,0.0,normal,0.0,0.1384751110979098,0.19517145190440433
score,40.0,45.0,-10.0,0.0,normal,0.46796611140311606,0.11805185130445515,140
fp_score,40.0,45.0,-10.0,0.0,normal,0.08519542173749951,0.10274586674643038,4046
fp_rate,40.0,45.0,-10.0,0.0,poisson,0.5694581280788177,4046,
miss_detection,40.0,45.0,0.0,10.0,constant,0.56,,
distal,40.0,45.0,0.0,10.0,normal,0.0,0.16623584373205158,0.244255384052949
perpendicular,40.0,45.0,0.0,10.0,normal,0.0,0.09398374446424933,0.13720727784606898
height,40.0,45.0,0.0,10.0,normal,0.0,0.07198021031077091,0.0999522718516263
yaw,40.0,45.0,0.0,10.0,normal,0.0,0.06575050537314513,0.09382922271271871
width,40.0,45.0,0.0,10.0,normal,0.0,0.3513687329365662,0.5302514292977073
length,40.0,45.0,0.0,10.0,normal,0.0,0.08326632429488803,0.09722910035740245
box_height,40.0,45.0,0.0,10.0,normal,0.0,0.1624698156145358,0.19652499068867077
score,40.0,45.0,0.0,10.0,normal,0.4443704955957153,0.12124487631900777,250
fp_score,40.0,45.0,0.0,10.0,normal,0.12481244334842201,0.15582947143523165,3628
fp_rate,40.0,45.0,0.0,10.0,poisson,0.5106263194933146,3628,
miss_detection,40.0,45.0,10.0,20.0,constant,0.28735632183908044,,
distal,40.0,45.0,10.0,20.0,normal,0.0,0.17729374049042576,0.19104837479997147
perpendicular,40.0,45.0,10.0,20.0,normal,0.0,0.1213593041195716,0.15131465745364825
height,40.0,45.0,10.0,20.0,normal,0.0,0.1259088767422245,0.17364204410583742
yaw,40.0,45.0,10.0,20.0,normal,0.0,0.0839473771680189,0.08354561622441413
width,40.0,45.0,10.0,20.0,normal,0.0,0.3250192773399401,0.31878100864348874
length,40.0,45.0,10.0,20.0,normal,0.0,0.10518614184147042,0.15129552445104044
box_height,40.0,45.0,10.0,20.0,normal,0.0,0.13219792485363516,0.17870863022342806
score,40.0,45.0,10.0,20.0,normal,0.41766963466521234,0.12932620299644373,174
fp_score,40.0,45.0,10.0,20.0,normal,0.08200502230732068,0.08637972899038712,3086
fp_rate,40.0,45.0,10.0,20.0,poisson,0.43434201266713585,3086,
miss_detection,40.0,45.0,20.0,30.0,constant,0.2653061224489796,,
distal,40.0,45.0,20.0,30.0,normal,0.0,0.1294114785988824,0.17910977921112964
perpendicular,40.0,45.0,20.0,30.0,normal,0.0,0.12888432171324496,0.1414570879781251
height,40.0,45.0,20.0,30.0,normal,0.0,0.1150671390809539,0.17149504688051012
yaw,40.0,45.0,20.0,30.0,normal,0.0,0.04472360479048334,0.06400200679331197
width,40.0,45.0,20.0,30.0,normal,0.0,0.22843964371502223,0.26402175426483154
length,40.0,45.0,20.0,30.0,normal,0.0,0.15676830185524224,0.19321980575720468
box_height,40.0,45.0,20.0,30.0,normal,0.0,0.13128114260593954,0.18591191040145028
score,40.0,45.0,20.0,30.0,normal,0.5285167896913158,0.14044581686939725,98
fp_score,40.0,45.0,20.0,30.0,normal,0.07898985179058653,0.08447843680578289,2122
fp_rate,40.0,45.0,20.0,30.0,poisson,0.2986629134412386,2122,
miss_detection,40.0,45.0,30.0,40.0,constant,0.45098039215686275,,
distal,40.0,45.0,30.0,40.0,normal,0.0,0.133654908697752,0.17873948146542595
perpendicular,40.0,45.0,30.0,40.0,normal,0.0,0.1435000707505356,0.17122565768734838
height,40.0,45.0,30.0,40.0,normal,0.0,0.10473313047249684,0.14975526396717345
yaw,40.0,45.0,30.0,40.0,normal,0.0,0.04681476728152791,0.07895007233902403
width,40.0,45.0,30.0,40.0,normal,0.0,0.18819056659459624,0.22342420901571
length,40.0,45.0,30.0,40.0,normal,0.0,0.1651171920321999,0.1993850086416517
box_height,40.0,45.0,30.0,40.0,normal,0.0,0.11494204789627031,0.18604698990072524
score,40.0,45.0,30.0,40.0,normal,0.5719411013914006,0.11981618857161508,102
fp_score,40.0,45.0,30.0,40.0,normal,0.07920215509556952,0.09157166325023808,2222
fp_rate,40.0,45.0,30.0,40.0,poisson,0.3127375087966221,2222,
miss_detection,40.0,45.0,40.0,50.0,constant,0.4666666666666667,,
distal,40.0,45.0,40.0,50.0,normal,0.0,0.15211767522507644,0.22101385091435896
perpendicular,40.0,45.0,40.0,50.0,normal,0.0,0.13582714265323168,0.1907667819332597
height,40.0,45.0,40.0,50.0,normal,0.0,0.06214347483236075,0.08743942230939865
yaw,40.0,45.0,40.0,50.0,normal,0.0,0.10590913887448826,0.09973372013572446
width,40.0,45.0,40.0,50.0,normal,0.0,0.2469978331798393,0.33367501497268676
length,40.0,45.0,40.0,50.0,normal,0.0,0.1405128429380147,0.14431840777397156
box_height,40.0,45.0,40.0,50.0,normal,0.0,0.09048086037255304,0.116547492146492
score,40.0,45.0,40.0,50.0,normal,0.47057827208191155,0.1784729697989587,75
fp_score,40.0,45.0,40.0,50.0,normal,0.07279115987666519,0.06492298759968941,2126
fp_rate,40.0,45.0,40.0,50.0,poisson,0.2992258972554539,2126,
miss_detection,40.0,45.0,50.0,60.0,constant,0.46534653465346537,,
distal,40.0,45.0,50.0,60.0,normal,0.0,0.17498430600057419,0.26432428206602804
perpendicular,40.0,45.0,50.0,60.0,normal,0.0,0.1330068288636113,0.16491055435474067
height,40.0,45.0,50.0,60.0,normal,0.0,0.09304371713834056,0.13365998091521086
yaw,40.0,45.0,50.0,60.0,normal,0.0,0.054905946976457475,0.0798417031682548
width,40.0,45.0,50.0,60.0,normal,0.0,0.20673646980665983,0.318755308787028
length,40.0,45.0,50.0,60.0,normal,0.0,0.09785058311970082,0.15684923198488024
box_height,40.0,45.0,50.0,60.0,normal,0.0,0.12135781283202855,0.15553004211849636
score,40.0,45.0,50.0,60.0,normal,0.4297385402023792,0.13659502423842354,101
fp_score,40.0,45.0,50.0,60.0,normal,0.08909607549898163,0.10063674967161415,1370
fp_rate,40.0,45.0,50.0,60.0,poisson,0.1928219563687544,1370,
miss_detection,40.0,45.0,60.0,70.0,constant,0.5222929936305732,,
distal,40.0,45.0,60.0,70.0,normal,0.0,0.10941773170645865,0.24524955726721076
perpendicular,40.0,45.0,60.0,70.0,normal,0.0,0.0951116287825724,0.11205107750660727
height,40.0,45.0,60.0,70.0,normal,0.0,0.06284169844813955,0.07048545042673747
yaw,40.0,45.0,60.0,70.0,normal,0.0,0.08035241003814768,0.13597486101252965
width,40.0,45.0,60.0,70.0,normal,0.0,0.17098820038042953,0.29891953150431316
length,40.0,45.0,60.0,70.0,normal,0.0,0.08265546870853874,0.304887425104777
box_height,40.0,45.0,60.0,70.0,normal,0.0,0.05589708878801248,0.2045928955078125
score,40.0,45.0,60.0,70.0,normal,0.4241257372001807,0.1463437871273962,157
fp_score,40.0,45.0,60.0,70.0,normal,0.07329435794785315,0.07978579952056827,343
fp_rate,40.0,45.0,60.0,70.0,poisson,0.04827586206896552,343,
miss_detection,40.0,45.0,70.0,80.0,constant,1.0,,
fp_score,40.0,45.0,70.0,80.0,normal,0.04993512574583292,0.00895597968198757,4
fp_rate,40.0,45.0,70.0,80.0,poisson,0.0005629838142153413,4,
miss_detection,40.0,45.0,80.0,90.0,constant,1.0,,
fp_rate,40.0,45.0,80.0,90.0,poisson,0.0,0,
miss_detection,40.0,45.0,90.0,100.0,constant,1.0,,
fp_rate,40.0,45.0,90.0,100.0,poisson,0.0,0,
miss_detection,40.0,45.0,100.0,110.0,constant,0.9555555555555556,,
distal,40.0,45.0,100.0,110.0,normal,0.0,0.046959165629567604,0.07620591383537936
perpendicular,40.0,45.0,100.0,110.0,normal,0.0,0.10165858255102779,0.5816321992937395
height,40.0,45.0,100.0,110.0,normal,0.0,0.019927889108657837,0.03338596224784851
yaw,40.0,45.0,100.0,110.0,normal,0.0,0.0005018303636463117,0.040006216504149705
width,40.0,45.0,100.0,110.0,normal,0.0,0.0640556812286377,0.49240899085998535
length,40.0,45.0,100.0,110.0,normal,0.0,0.009143590927124023,0.054177045822143555
box_height,40.0,45.0,100.0,110.0,normal,0.0,0.0005303025245666504,0.11833459138870239
score,40.0,45.0,100.0,110.0,normal,0.514354020357132,0.024182230234146118,45
fp_score,40.0,45.0,100.0,110.0,normal,0.12328861188143492,0.10239148377285001,4
fp_rate,40.0,45.0,100.0,110.0,poisson,0.0005629838142153413,4,
miss_detection,40.0,45.0,110.0,120.0,constant,0.8,,
distal,40.0,45.0,110.0,120.0,normal,0.0,0.09819586254045655,0.09538855886936401
perpendicular,40.0,45.0,110.0,120.0,normal,0.0,0.12239099657544114,0.21248213228476012
height,40.0,45.0,110.0,120.0,normal,0.0,0.10626832106151149,0.14843873066060684
yaw,40.0,45.0,110.0,120.0,normal,0.0,0.05539805196463432,0.06413137616203415
width,40.0,45.0,110.0,120.0,normal,0.0,0.12565868722200535,0.22594000311458812
length,40.0,45.0,110.0,120.0,normal,0.0,0.09929053302111468,0.09894171181847067
box_height,40.0,45.0,110.0,120.0,normal,0.0,0.11442375446714369,0.16026799117817597
score,40.0,45.0,110.0,120.0,normal,0.5781950319514555,0.18767953105976834,85
fp_score,40.0,45.0,110.0,120.0,normal,0.10330063133923342,0.11563369028495525,337
fp_rate,40.0,45.0,110.0,120.0,poisson,0.047431386347642504,337,
miss_detection,40.0,45.0,120.0,130.0,constant,0.43478260869565216,,
distal,40.0,45.0,120.0,130.0,normal,0.0,0.09826442184903528,0.10349584710073308
perpendicular,40.0,45.0,120.0,130.0,normal,0.0,0.10895453753260002,0.15155357530809893
height,40.0,45.0,120.0,130.0,normal,0.0,0.11282380998955421,0.12298991129948543
yaw,40.0,45.0,120.0,130.0,normal,0.0,0.07935822101703609,0.0830114788927063
width,40.0,45.0,120.0,130.0,normal,0.0,0.20254926140562904,0.2936565203544421
length,40.0,45.0,120.0,130.0,normal,0.0,0.14684123564399604,0.19511032715821877
box_height,40.0,45.0,120.0,130.0,normal,0.0,0.12616657148614838,0.157591611911089
score,40.0,45.0,120.0,130.0,normal,0.4680063751263496,0.16619771173056702,69
fp_score,40.0,45.0,120.0,130.0,normal,0.09070345431047883,0.09496479729691623,1193
fp_rate,40.0,45.0,120.0,130.0,poisson,0.16790992258972554,1193,
miss_detection,40.0,45.0,130.0,140.0,constant,0.5542168674698795,,
distal,40.0,45.0,130.0,140.0,normal,0.0,0.112559680540414,0.14633610395159938
perpendicular,40.0,45.0,130.0,140.0,normal,0.0,0.16132731403258505,0.18923427387391875
height,40.0,45.0,130.0,140.0,normal,0.0,0.07614217894457168,0.1216839439160115
yaw,40.0,45.0,130.0,140.0,normal,0.0,0.08323486960330992,0.08047426590031373
width,40.0,45.0,130.0,140.0,normal,0.0,0.1206872167420633,0.21457821614033468
length,40.0,45.0,130.0,140.0,normal,0.0,0.13557917182918525,0.17290094092085556
box_height,40.0,45.0,130.0,140.0,normal,0.0,0.15458396168412733,0.15274905191885457
score,40.0,45.0,130.0,140.0,normal,0.49809487949352005,0.16571759217124296,83
fp_score,40.0,45.0,130.0,140.0,normal,0.07553546967487015,0.07874675136046264,1506
fp_rate,40.0,45.0,130.0,140.0,poisson,0.211963406052076,1506,
miss_detection,40.0,45.0,140.0,150.0,constant,0.41304347826086957,,
distal,40.0,45.0,140.0,150.0,normal,0.0,0.13387579319249376,0.15424286332788278
perpendicular,40.0,45.0,140.0,150.0,normal,0.0,0.12931353669951165,0.15080812415858147
height,40.0,45.0,140.0,150.0,normal,0.0,0.09393085335975257,0.1307945744490918
yaw,40.0,45.0,140.0,150.0,normal,0.0,0.06911389631458884,0.070741212236471
width,40.0,45.0,140.0,150.0,normal,0.0,0.18577172356590324,0.24981125490165051
length,40.0,45.0,140.0,150.0,normal,0.0,0.07524644358285257,0.15223245120342868
box_height,40.0,45.0,140.0,150.0,normal,0.0,0.1329202165136272,0.15616374692799131
score,40.0,45.0,140.0,150.0,normal,0.5547206745839414,0.17143342271824524,138
fp_score,40.0,45.0,140.0,150.0,normal,0.08042345832653093,0.0914152085680578,1548
fp_rate,40.0,45.0,140.0,150.0,poisson,0.2178747361013371,1548,
miss_detection,40.0,45.0,150.0,160.0,constant,0.435,,
distal,40.0,45.0,150.0,160.0,normal,0.0,0.1573965681476494,0.1626790996709188
perpendicular,40.0,45.0,150.0,160.0,normal,0.0,0.10420054835841994,0.11997503496496842
height,40.0,45.0,150.0,160.0,normal,0.0,0.10311447473688026,0.14155798464749766
yaw,40.0,45.0,150.0,160.0,normal,0.0,0.0806960145347168,0.08309145993634764
width,40.0,45.0,150.0,160.0,normal,0.0,0.2409496823294285,0.2614190430767768
length,40.0,45.0,150.0,160.0,normal,0.0,0.10706046464875142,0.14408608664453557
box_height,40.0,45.0,150.0,160.0,normal,0.0,0.10487623728263595,0.1303541322725009
score,40.0,45.0,150.0,160.0,normal,0.5755207521132136,0.15344713264075985,200
fp_score,40.0,45.0,150.0,160.0,normal,0.09683279736037649,0.13165272890900037,1567
fp_rate,40.0,45.0,150.0,160.0,poisson,0.22054890921885995,1567,
miss_detection,40.0,45.0,160.0,170.0,constant,0.0893854748603352,,
distal,40.0,45.0,160.0,170.0,normal,0.0,0.10492664687154409,0.15818593499060454
perpendicular,40.0,45.0,160.0,170.0,normal,0.0,0.0804006532870021,0.11514481458369791
height,40.0,45.0,160.0,170.0,normal,0.0,0.09029210954660491,0.12728405199899265
yaw,40.0,45.0,160.0,170.0,normal,0.0,0.053371778357873614,0.0495866304759576
width,40.0,45.0,160.0,170.0,normal,0.0,0.21332630350069037,0.21691345364038198
length,40.0,45.0,160.0,170.0,normal,0.0,0.11897346747504474,0.14264623080294556
box_height,40.0,45.0,160.0,170.0,normal,0.0,0.11193348330512574,0.14211263649302758
score,40.0,45.0,160.0,170.0,normal,0.5946720417566095,0.1274595699846427,358
fp_score,40.0,45.0,160.0,170.0,normal,0.06901280600611367,0.0871109586745778,2206
fp_rate,40.0,45.0,160.0,170.0,poisson,0.31048557353976075,2206,
miss_detection,40.0,45.0,170.0,180.0,constant,0.10017574692442882,,
distal,40.0,45.0,170.0,180.0,normal,0.0,0.14724574555044706,0.18530045801394196
perpendicular,40.0,45.0,170.0,180.0,normal,0.0,0.07317006405329847,0.09859015804672626
height,40.0,45.0,170.0,180.0,normal,0.0,0.09671400625297305,0.13595394312869757
yaw,40.0,45.0,170.0,180.0,normal,0.0,0.053413896201776556,0.06278788022761782
width,40.0,45.0,170.0,180.0,normal,0.0,0.25900636001919014,0.2957166866399348
length,40.0,45.0,170.0,180.0,normal,0.0,0.10376456906708935,0.11825360497459769
box_height,40.0,45.0,170.0,180.0,normal,0.0,0.1178889077267073,0.13860331033356488
score,40.0,45.0,170.0,180.0,normal,0.6175759429024765,0.13849717764360348,569
fp_score,40.0,45.0,170.0,180.0,normal,0.1324464300086514,0.1874791301147186,2069
fp_rate,40.0,45.0,170.0,180.0,poisson,0.2912033779028853,2069,
miss_detection,45.0,50.0,-180.0,-170.0,constant,0.09481915933528837,,
distal,45.0,50.0,-180.0,-170.0,normal,0.0,0.14714022030787136,0.20783096294448872
perpendicular,45.0,50.0,-180.0,-170.0,normal,0.0,0.08168838700980728,0.10164814783265094
height,45.0,50.0,-180.0,-170.0,normal,0.0,0.10199493784774269,0.14798995279596383
yaw,45.0,50.0,-180.0,-170.0,normal,0.0,0.06338608978208417,0.07322592386132697
width,45.0,50.0,-180.0,-170.0,normal,0.0,0.25896894287746397,0.33575809439624105
length,45.0,50.0,-180.0,-170.0,normal,0.0,0.08227210733663551,0.09619187446186403
box_height,45.0,50.0,-180.0,-170.0,normal,0.0,0.12384150192108913,0.17487728364009322
score,45.0,50.0,-180.0,-170.0,normal,0.5667737721431333,0.11786656639876975,1023
fp_score,45.0,50.0,-180.0,-170.0,normal,0.08318125160661546,0.1103565297835758,2944
fp_rate,45.0,50.0,-180.0,-170.0,poisson,0.4143560872624912,2944,
miss_detection,45.0,50.0,-170.0,-160.0,constant,0.49693251533742333,,
distal,45.0,50.0,-170.0,-160.0,normal,0.0,0.11511484188061555,0.18161376214601266
perpendicular,45.0,50.0,-170.0,-160.0,normal,0.0,0.08281109877486585,0.14263060769674316
height,45.0,50.0,-170.0,-160.0,normal,0.0,0.07478985754694266,0.11271682817761491
yaw,45.0,50.0,-170.0,-160.0,normal,0.0,0.04882719601880426,0.054926812416297474
width,45.0,50.0,-170.0,-160.0,normal,0.0,0.23515536570663179,0.24888717546695616
length,45.0,50.0,-170.0,-160.0,normal,0.0,0.06858343347321383,0.07515088814060862
box_height,45.0,50.0,-170.0,-160.0,normal,0.0,0.09237029518047501,0.15847879648208618
score,45.0,50.0,-170.0,-160.0,normal,0.5090152636715551,0.14571039271946995,163
fp_score,45.0,50.0,-170.0,-160.0,normal,0.0654090705995861,0.05459713065088505,4162
fp_rate,45.0,50.0,-170.0,-160.0,poisson,0.5857846586910627,4162,
miss_detection,45.0,50.0,-160.0,-150.0,constant,0.5581395348837209,,
distal,45.0,50.0,-160.0,-150.0,normal,0.0,0.1296216363808153,0.18410170073510476
perpendicular,45.0,50.0,-160.0,-150.0,normal,0.0,0.14388573013506667,0.1829034036341117
height,45.0,50.0,-160.0,-150.0,normal,0.0,0.11166084765862087,0.17603150166963277
yaw,45.0,50.0,-160.0,-150.0,normal,0.0,0.050916449466735285,0.06546994346434107
width,45.0,50.0,-160.0,-150.0,normal,0.0,0.15011206043080771,0.2295793232164885
length,45.0,50.0,-160.0,-150.0,normal,0.0,0.17490225652162042,0.18712879482068515
box_height,45.0,50.0,-160.0,-150.0,normal,0.0,0.09057740480203547,0.10947899441970022
score,45.0,50.0,-160.0,-150.0,normal,0.5647308340198115,0.12691164485841114,43
fp_score,45.0,50.0,-160.0,-150.0,normal,0.0640265338698988,0.05815397790207105,3414
fp_rate,45.0,50.0,-160.0,-150.0,poisson,0.4805066854327938,3414,
miss_detection,45.0,50.0,-150.0,-140.0,constant,0.5135135135135135,,
distal,45.0,50.0,-150.0,-140.0,normal,0.0,0.13070137996556325,0.2605086170165078
perpendicular,45.0,50.0,-150.0,-140.0,normal,0.0,0.13301211294288853,0.2238797370081181
height,45.0,50.0,-150.0,-140.0,normal,0.0,0.08928694587740492,0.20528029733233982
yaw,45.0,50.0,-150.0,-140.0,normal,0.0,0.05571341570969921,0.07472482014556153
width,45.0,50.0,-150.0,-140.0,normal,0.0,0.1723078131439817,0.35351399580637616
length,45.0,50.0,-150.0,-140.0,normal,0.0,0.19069390867764544,0.21784321467081705
box_height,45.0,50.0,-150.0,-140.0,normal,0.0,0.07687642103845767,0.10680932468838161
score,45.0,50.0,-150.0,-140.0,normal,0.482262071635988,0.10631608091965654,37
fp_score,45.0,50.0,-150.0,-140.0,normal,0.06403327488434256,0.05809963582757169,2849
fp_rate,45.0,50.0,-150.0,-140.0,poisson,0.4009852216748768,2849,
miss_detection,45.0,50.0,-140.0,-130.0,constant,0.3333333333333333,,
distal,45.0,50.0,-140.0,-130.0,normal,0.0,0.24733608595172643,0.2935276962566684
perpendicular,45.0,50.0,-140.0,-130.0,normal,0.0,0.15035953335846738,0.2875461311382073
height,45.0,50.0,-140.0,-130.0,normal,0.0,0.08507694377694079,0.11630676190058391
yaw,45.0,50.0,-140.0,-130.0,normal,0.0,0.0743781813366149,0.09685018592498433
width,45.0,50.0,-140.0,-130.0,normal,0.0,0.2335470312903065,0.3187303278181288
length,45.0,50.0,-140.0,-130.0,normal,0.0,0.04516471620070236,0.07828644911448161
box_height,45.0,50.0,-140.0,-130.0,normal,0.0,0.06628923666698155,0.09490348233116998
score,45.0,50.0,-140.0,-130.0,normal,0.45190364453527665,0.14348749304482933,27
fp_score,45.0,50.0,-140.0,-130.0,normal,0.05952754756805058,0.05249506800523057,2774
fp_rate,45.0,50.0,-140.0,-130.0,poisson,0.3904292751583392,2774,
miss_detection,45.0,50.0,-130.0,-120.0,constant,0.7,,
distal,45.0,50.0,-130.0,-120.0,normal,0.0,0.20178671591709088,0.3060411055337
perpendicular,45.0,50.0,-130.0,-120.0,normal,0.0,0.12510721916648107,0.3390770605511035
height,45.0,50.0,-130.0,-120.0,normal,0.0,0.08128924198862311,0.14124043782552084
yaw,45.0,50.0,-130.0,-120.0,normal,0.0,0.033404364146790634,0.060677642292885636
width,45.0,50.0,-130.0,-120.0,normal,0.0,0.25281080568309056,0.3001895348230998
length,45.0,50.0,-130.0,-120.0,normal,0.0,0.03208676299476959,0.04297796885172526
box_height,45.0,50.0,-130.0,-120.0,normal,0.0,0.03986784906923243,0.11941091219584148
score,45.0,50.0,-130.0,-120.0,normal,0.5509056349595388,0.12825749415511958,20
fp_score,45.0,50.0,-130.0,-120.0,normal,0.054898912572335076,0.0543088337887781,618
fp_rate,45.0,50.0,-130.0,-120.0,poisson,0.08698099929627023,618,
miss_detection,45.0,50.0,-120.0,-110.0,constant,1.0,,
fp_rate,45.0,50.0,-120.0,-110.0,poisson,0.0,0,
miss_detection,45.0,50.0,-110.0,-100.0,constant,1.0,,
fp_rate,45.0,50.0,-110.0,-100.0,poisson,0.0,0,
miss_detection,45.0,50.0,-100.0,-90.0,constant,1.0,,
fp_rate,45.0,50.0,-100.0,-90.0,poisson,0.0,0,
miss_detection,45.0,50.0,-90.0,-80.0,constant,1.0,,
fp_rate,45.0,50.0,-90.0,-80.0,poisson,0.0,0,
miss_detection,45.0,50.0,-80.0,-70.0,constant,1.0,,
fp_rate,45.0,50.0,-80.0,-70.0,poisson,0.0,0,
miss_detection,45.0,50.0,-70.0,-60.0,constant,1.0,,
fp_rate,45.0,50.0,-70.0,-60.0,poisson,0.0,0,
miss_detection,45.0,50.0,-60.0,-50.0,constant,0.9636363636363636,,
distal,45.0,50.0,-60.0,-50.0,normal,0.0,0.004931711714898694,0.03531854648448684
perpendicular,45.0,50.0,-60.0,-50.0,normal,0.0,0.0054381542822555294,0.04756441033444282
height,45.0,50.0,-60.0,-50.0,normal,0.0,0.06510716676712036,0.20806902647018433
yaw,45.0,50.0,-60.0,-50.0,normal,0.0,0.04177391529083252,0.1903003454208374
width,45.0,50.0,-60.0,-50.0,normal,0.0,0.07875204086303711,0.30172157287597656
length,45.0,50.0,-60.0,-50.0,normal,0.0,0.011041879653930664,0.02843475341796875
box_height,45.0,50.0,-60.0,-50.0,normal,0.0,0.021586060523986816,0.035130858421325684
score,45.0,50.0,-60.0,-50.0,normal,0.4382753074169159,0.06263843178749084,55
fp_score,45.0,50.0,-60.0,-50.0,normal,0.05250784723709027,0.04770596759005296,792
fp_rate,45.0,50.0,-60.0,-50.0,poisson,0.11147079521463758,792,
miss_detection,45.0,50.0,-50.0,-40.0,constant,0.625,,
distal,45.0,50.0,-50.0,-40.0,normal,0.0,0.20425159189816106,0.3716940804535621
perpendicular,45.0,50.0,-50.0,-40.0,normal,0.0,0.13745467912303105,0.2152661088154158
height,45.0,50.0,-50.0,-40.0,normal,0.0,0.08177885413818443,0.12898285521401298
yaw,45.0,50.0,-50.0,-40.0,normal,0.0,0.039964130540939606,0.04699385166168213
width,45.0,50.0,-50.0,-40.0,normal,0.0,0.18649462939795,0.21589300367567274
length,45.0,50.0,-50.0,-40.0,normal,0.0,0.0368912578502019,0.03520149654812283
box_height,45.0,50.0,-50.0,-40.0,normal,0.0,0.04910312774671392,0.14110900296105278
score,45.0,50.0,-50.0,-40.0,normal,0.47071727613608044,0.14318290186859253,24
fp_score,45.0,50.0,-50.0,-40.0,normal,0.05653857764793556,0.052730453297224256,3169
fp_rate,45.0,50.0,-50.0,-40.0,poisson,0.4460239268121042,3169,
miss_detection,45.0,50.0,-40.0,-30.0,constant,0.625,,
distal,45.0,50.0,-40.0,-30.0,normal,0.0,0.08399685652156444,0.18176971406359357
perpendicular,45.0,50.0,-40.0,-30.0,normal,0.0,0.09702494393528167,0.12231485226213568
height,45.0,50.0,-40.0,-30.0,normal,0.0,0.051120090672615186,0.09060811996459961
yaw,45.0,50.0,-40.0,-30.0,normal,0.0,0.104361470674324,0.09892912639599771
width,45.0,50.0,-40.0,-30.0,normal,0.0,0.12605145680305152,0.2806919415791829
length,45.0,50.0,-40.0,-30.0,normal,0.0,0.01221252472951614,0.05899496873219808
box_height,45.0,50.0,-40.0,-30.0,normal,0.0,0.003930808350464737,0.12573393185933432
score,45.0,50.0,-40.0,-30.0,normal,0.30590319136778515,0.12122752367663378,8
fp_score,45.0,50.0,-40.0,-30.0,normal,0.05870648250007884,0.05491655421592218,3092
fp_rate,45.0,50.0,-40.0,-30.0,poisson,0.43518648838845886,3092,
miss_detection,45.0,50.0,-30.0,-20.0,constant,0.8,,
distal,45.0,50.0,-30.0,-20.0,normal,0.0,0.10534460917195171,0.1325358322758631
perpendicular,45.0,50.0,-30.0,-20.0,normal,0.0,0.06937685068467118,0.27455495106497246
height,45.0,50.0,-30.0,-20.0,normal,0.0,0.11440745813252919,0.1335842524256025
yaw,45.0,50.0,-30.0,-20.0,normal,0.0,0.07129183782536629,0.1260204315185547
width,45.0,50.0,-30.0,-20.0,normal,0.0,0.206973847125132,0.21360397338867188
length,45.0,50.0,-30.0,-20.0,normal,0.0,0.11290721188525782,0.12493877751486641
box_height,45.0,50.0,-30.0,-20.0,normal,0.0,0.0569001815769777,0.13570170743124826
score,45.0,50.0,-30.0,-20.0,normal,0.3716511811528887,0.09533557870788872,35
fp_score,45.0,50.0,-30.0,-20.0,normal,0.06710298397244126,0.05923268185400259,4055
fp_rate,45.0,50.0,-30.0,-20.0,poisson,0.5707248416608023,4055,
miss_detection,45.0,50.0,-20.0,-10.0,constant,0.6923076923076923,,
distal,45.0,50.0,-20.0,-10.0,normal,0.0,0.04545947129658711,0.08995530728380562
perpendicular,45.0,50.0,-20.0,-10.0,normal,0.0,0.07537022271482968,0.16507871718927092
height,45.0,50.0,-20.0,-10.0,normal,0.0,0.08032678212318596,0.11018376052379608
yaw,45.0,50.0,-20.0,-10.0,normal,0.0,0.04531794701318332,0.06024462886938586
width,45.0,50.0,-20.0,-10.0,normal,0.0,0.13393078049317272,0.2836938699086507
length,45.0,50.0,-20.0,-10.0,normal,0.0,0.12492380644829751,0.1468931237856547
box_height,45.0,50.0,-20.0,-10.0,normal,0.0,0.08547381083184181,0.11058544119199117
score,45.0,50.0,-20.0,-10.0,normal,0.45920203626155853,0.1057193513012474,39
fp_score,45.0,50.0,-20.0,-10.0,normal,0.07026834860382362,0.06420430704344499,4226
fp_rate,45.0,50.0,-20.0,-10.0,poisson,0.5947923997185081,4226,
miss_detection,45.0,50.0,-10.0,0.0,constant,0.5543478260869565,,
distal,45.0,50.0,-10.0,0.0,normal,0.0,0.24169827440485098,0.3258754286703603
perpendicular,45.0,50.0,-10.0,0.0,normal,0.0,0.09955763757705746,0.14767228042225025
height,45.0,50.0,-10.0,0.0,normal,0.0,0.0929751412883042,0.13326774864661983
yaw,45.0,50.0,-10.0,0.0,normal,0.0,0.07909311593854135,0.11584075447171926
width,45.0,50.0,-10.0,0.0,normal,0.0,0.39358588195939426,0.7013551316610197
length,45.0,50.0,-10.0,0.0,normal,0.0,0.04687544126229579,0.07327251608778791
box_height,45.0,50.0,-10.0,0.0,normal,0.0,0.1522494496259934,0.2627240332161508
score,45.0,50.0,-10.0,0.0,normal,0.3848112429060587,0.14017924117732802,92
fp_score,45.0,50.0,-10.0,0.0,normal,0.07379003950900857,0.07999689903648728,4587
fp_rate,45.0,50.0,-10.0,0.0,poisson,0.6456016889514427,4587,
miss_detection,45.0,50.0,0.0,10.0,constant,0.42528735632183906,,
distal,45.0,50.0,0.0,10.0,normal,0.0,0.1675608127109522,0.23472151845908928
perpendicular,45.0,50.0,0.0,10.0,normal,0.0,0.09941267025195391,0.1169260441370962
height,45.0,50.0,0.0,10.0,normal,0.0,0.10817812714668974,0.18477887868881226
yaw,45.0,50.0,0.0,10.0,normal,0.0,0.06613722891459228,0.09204842294169133
width,45.0,50.0,0.0,10.0,normal,0.0,0.33075598333608236,0.5212184643745422
length,45.0,50.0,0.0,10.0,normal,0.0,0.08479258105909865,0.09508422732353211
box_height,45.0,50.0,0.0,10.0,normal,0.0,0.16979581522798073,0.17024410963058473
score,45.0,50.0,0.0,10.0,normal,0.44005706325173377,0.1161264633738479,174
fp_score,45.0,50.0,0.0,10.0,normal,0.10665408684223675,0.1370147204779954,4273
fp_rate,45.0,50.0,0.0,10.0,poisson,0.6014074595355383,4273,
miss_detection,45.0,50.0,10.0,20.0,constant,0.3466666666666667,,
distal,45.0,50.0,10.0,20.0,normal,0.0,0.20425720454222426,0.2295165898120108
perpendicular,45.0,50.0,10.0,20.0,normal,0.0,0.08763875002845954,0.1267487343380402
height,45.0,50.0,10.0,20.0,normal,0.0,0.12256354972977813,0.19848282969727807
yaw,45.0,50.0,10.0,20.0,normal,0.0,0.05729506626320366,0.07450457819665304
width,45.0,50.0,10.0,20.0,normal,0.0,0.43112276766808916,0.38337872952831037
length,45.0,50.0,10.0,20.0,normal,0.0,0.10613929361516296,0.1645030196832151
box_height,45.0,50.0,10.0,20.0,normal,0.0,0.16018361723593963,0.2511522526643714
score,45.0,50.0,10.0,20.0,normal,0.4577826483517277,0.09785563902765143,75
fp_score,45.0,50.0,10.0,20.0,normal,0.07718901149094183,0.07799194198654537,3795
fp_rate,45.0,50.0,10.0,20.0,poisson,0.5341308937368051,3795,
miss_detection,45.0,50.0,20.0,30.0,constant,0.5,,
distal,45.0,50.0,20.0,30.0,normal,0.0,0.16463849385907778,0.23908656890824115
perpendicular,45.0,50.0,20.0,30.0,normal,0.0,0.12471971354495999,0.16343848090697508
height,45.0,50.0,20.0,30.0,normal,0.0,0.07472528877430565,0.10619271099567414
yaw,45.0,50.0,20.0,30.0,normal,0.0,0.0513247111619447,0.0587954574203815
width,45.0,50.0,20.0,30.0,normal,0.0,0.31330202592915163,0.3887860059738159
length,45.0,50.0,20.0,30.0,normal,0.0,0.09873201336687051,0.13784937262535096
box_height,45.0,50.0,20.0,30.0,normal,0.0,0.11452095114358958,0.16661614775657654
score,45.0,50.0,20.0,30.0,normal,0.4959176376461983,0.10387012814767822,40
fp_score,45.0,50.0,20.0,30.0,normal,0.07673716594599068,0.08590418514479393,2815
fp_rate,45.0,50.0,20.0,30.0,poisson,0.39619985925404644,2815,
miss_detection,45.0,50.0,30.0,40.0,constant,0.6739130434782609,,
distal,45.0,50.0,30.0,40.0,normal,0.0,0.1280699988489385,0.1938201038558125
perpendicular,45.0,50.0,30.0,40.0,normal,0.0,0.15190985291037487,0.18084533824335944
height,45.0,50.0,30.0,40.0,normal,0.0,0.07658922125426738,0.1704656521479289
yaw,45.0,50.0,30.0,40.0,normal,0.0,0.06993757778009907,0.06891019030247705
width,45.0,50.0,30.0,40.0,normal,0.0,0.21132413233473477,0.3439473152160645
length,45.0,50.0,30.0,40.0,normal,0.0,0.10391508577149516,0.1587776819864909
box_height,45.0,50.0,30.0,40.0,normal,0.0,0.12252604046647646,0.20137550036112467
score,45.0,50.0,30.0,40.0,normal,0.5169465293486913,0.12016757345383883,46
fp_score,45.0,50.0,30.0,40.0,normal,0.07191624457646759,0.07488107416737093,2406
fp_rate,45.0,50.0,30.0,40.0,poisson,0.3386347642505278,2406,
miss_detection,45.0,50.0,40.0,50.0,constant,0.3387096774193548,,
distal,45.0,50.0,40.0,50.0,normal,0.0,0.1076430041801936,0.1925350316806283
perpendicular,45.0,50.0,40.0,50.0,normal,0.0,0.14012389624534105,0.178962444286961
height,45.0,50.0,40.0,50.0,normal,0.0,0.08939479358403583,0.13071752030675005
yaw,45.0,50.0,40.0,50.0,normal,0.0,0.06098174335924452,0.10405938440992071
width,45.0,50.0,40.0,50.0,normal,0.0,0.27218613200243463,0.4203468648398795
length,45.0,50.0,40.0,50.0,normal,0.0,0.18396266962176164,0.2615975839335744
box_height,45.0,50.0,40.0,50.0,normal,0.0,0.10131374545588179,0.17322631289319293
score,45.0,50.0,40.0,50.0,normal,0.5293922606037884,0.15042514732867163,62
fp_score,45.0,50.0,40.0,50.0,normal,0.06675012141047636,0.0680413134404221,2528
fp_rate,45.0,50.0,40.0,50.0,poisson,0.3558057705840957,2528,
miss_detection,45.0,50.0,50.0,60.0,constant,0.9369369369369369,,
distal,45.0,50.0,50.0,60.0,normal,0.0,0.2064370735465211,0.22587374664697654
perpendicular,45.0,50.0,50.0,60.0,normal,0.0,0.10658877936386524,0.19346080562231557
height,45.0,50.0,50.0,60.0,normal,0.0,0.055842083142462265,0.09824957166399274
yaw,45.0,50.0,50.0,60.0,normal,0.0,0.04751532333630163,0.07834887589614224
width,45.0,50.0,50.0,60.0,normal,0.0,0.15406337215990254,0.24258804321289062
length,45.0,50.0,50.0,60.0,normal,0.0,0.10905108109117885,0.18145879677363805
box_height,45.0,50.0,50.0,60.0,normal,0.0,0.045599887886209785,0.1651442732129778
score,45.0,50.0,50.0,60.0,normal,0.4277852943965367,0.0960706404339705,111
fp_score,45.0,50.0,50.0,60.0,normal,0.0733325143370882,0.06416606724492196,498
fp_rate,45.0,50.0,50.0,60.0,poisson,0.07009148486981,498,
miss_detection,45.0,50.0,60.0,70.0,constant,1.0,,
fp_rate,45.0,50.0,60.0,70.0,poisson,0.0,0,
miss_detection,45.0,50.0,70.0,80.0,constant,1.0,,
fp_rate,45.0,50.0,70.0,80.0,poisson,0.0,0,
miss_detection,45.0,50.0,80.0,90.0,constant,1.0,,
fp_rate,45.0,50.0,80.0,90.0,poisson,0.0,0,
miss_detection,45.0,50.0,90.0,100.0,constant,1.0,,
fp_rate,45.0,50.0,90.0,100.0,poisson,0.0,0,
miss_detection,45.0,50.0,100.0,110.0,constant,1.0,,
fp_rate,45.0,50.0,100.0,110.0,poisson,0.0,0,
miss_detection,45.0,50.0,110.0,120.0,constant,1.0,,
fp_rate,45.0,50.0,110.0,120.0,poisson,0.0,0,
miss_detection,45.0,50.0,120.0,130.0,constant,0.72,,
distal,45.0,50.0,120.0,130.0,normal,0.0,0.11071279570246247,0.11204094803035029
perpendicular,45.0,50.0,120.0,130.0,normal,0.0,0.12216979908050726,0.16846758591430658
height,45.0,50.0,120.0,130.0,normal,0.0,0.0693558593078005,0.08660484637532916
yaw,45.0,50.0,120.0,130.0,normal,0.0,0.0360934332376775,0.06919514368035554
width,45.0,50.0,120.0,130.0,normal,0.0,0.1860308979825629,0.23195975167410715
length,45.0,50.0,120.0,130.0,normal,0.0,0.15318613401888126,0.1590932011604309
box_height,45.0,50.0,120.0,130.0,normal,0.0,0.1145352292593279,0.14217546156474523
score,45.0,50.0,120.0,130.0,normal,0.6087787715452058,0.1685225809235251,50
fp_score,45.0,50.0,120.0,130.0,normal,0.08014682234904494,0.0836510754344474,332
fp_rate,45.0,50.0,120.0,130.0,poisson,0.04672765657987333,332,
miss_detection,45.0,50.0,130.0,140.0,constant,0.32608695652173914,,
distal,45.0,50.0,130.0,140.0,normal,0.0,0.12469239146053043,0.15461588666031556
perpendicular,45.0,50.0,130.0,140.0,normal,0.0,0.10900621213452982,0.16344668216600114
height,45.0,50.0,130.0,140.0,normal,0.0,0.09461709409681397,0.11474725123374693
yaw,45.0,50.0,130.0,140.0,normal,0.0,0.061019373837667715,0.06679522224176056
width,45.0,50.0,130.0,140.0,normal,0.0,0.1589799241376521,0.228984494363108
length,45.0,50.0,130.0,140.0,normal,0.0,0.1254167453146398,0.24644422915674025
box_height,45.0,50.0,130.0,140.0,normal,0.0,0.10259364286927868,0.19490296609940067
score,45.0,50.0,130.0,140.0,normal,0.5648287294372436,0.1104072008796936,46
fp_score,45.0,50.0,130.0,140.0,normal,0.0758577683659351,0.07269620651022965,1411
fp_rate,45.0,50.0,130.0,140.0,poisson,0.19859254046446165,1411,
miss_detection,45.0,50.0,140.0,150.0,constant,0.45,,
distal,45.0,50.0,140.0,150.0,normal,0.0,0.14294550803060077,0.1647054352442985
perpendicular,45.0,50.0,140.0,150.0,normal,0.0,0.11435942502274829,0.14586284827491278
height,45.0,50.0,140.0,150.0,normal,0.0,0.09906330754022391,0.13998001272028143
yaw,45.0,50.0,140.0,150.0,normal,0.0,0.060342895756184574,0.0722663816345391
width,45.0,50.0,140.0,150.0,normal,0.0,0.15737808502236794,0.24459705930767636
length,45.0,50.0,140.0,150.0,normal,0.0,0.08519624668277807,0.1397230372284398
box_height,45.0,50.0,140.0,150.0,normal,0.0,0.10139422414149907,0.13222183603228946
score,45.0,50.0,140.0,150.0,normal,0.48984155826496356,0.17608327997978648,60
fp_score,45.0,50.0,140.0,150.0,normal,0.06882919449214654,0.07037194132687122,1727
fp_rate,45.0,50.0,140.0,150.0,poisson,0.24306826178747362,1727,
miss_detection,45.0,50.0,150.0,160.0,constant,0.5722222222222222,,
distal,45.0,50.0,150.0,160.0,normal,0.0,0.1289974681819126,0.15312117396648486
perpendicular,45.0,50.0,150.0,160.0,normal,0.0,0.16961021444233626,0.16972451685498435
height,45.0,50.0,150.0,160.0,normal,0.0,0.11986142145456428,0.15750075392908863
yaw,45.0,50.0,150.0,160.0,normal,0.0,0.08914986436768574,0.09984023188216748
width,45.0,50.0,150.0,160.0,normal,0.0,0.15681688974392688,0.21057181544118114
length,45.0,50.0,150.0,160.0,normal,0.0,0.08194847418156416,0.11006973470960345
box_height,45.0,50.0,150.0,160.0,normal,0.0,0.09234135386694249,0.12890654879731017
score,45.0,50.0,150.0,160.0,normal,0.5142632925084659,0.17760034231685173,180
fp_score,45.0,50.0,150.0,160.0,normal,0.08427646793425084,0.10724825268771081,2135
fp_rate,45.0,50.0,150.0,160.0,poisson,0.30049261083743845,2135,
miss_detection,45.0,50.0,160.0,170.0,constant,0.18815331010452963,,
distal,45.0,50.0,160.0,170.0,normal,0.0,0.11888537340650503,0.13136786395610603
perpendicular,45.0,50.0,160.0,170.0,normal,0.0,0.09696689865245728,0.12562777259835575
height,45.0,50.0,160.0,170.0,normal,0.0,0.09001851169266582,0.11348876574520389
yaw,45.0,50.0,160.0,170.0,normal,0.0,0.06259035783688767,0.0579599142429618
width,45.0,50.0,160.0,170.0,normal,0.0,0.22664978237665453,0.2291425195374714
length,45.0,50.0,160.0,170.0,normal,0.0,0.12559023335853367,0.18187624753288956
box_height,45.0,50.0,160.0,170.0,normal,0.0,0.11431628798657828,0.16136638903310882
score,45.0,50.0,160.0,170.0,normal,0.6135041304412318,0.13630119791794765,287
fp_score,45.0,50.0,160.0,170.0,normal,0.07459428298269982,0.08590094727202725,2667
fp_rate,45.0,50.0,160.0,170.0,poisson,0.3753694581280788,2667,
miss_detection,45.0,50.0,170.0,180.0,constant,0.18935837245696402,,
distal,45.0,50.0,170.0,180.0,normal,0.0,0.16962675574479238,0.20677527968219978
perpendicular,45.0,50.0,170.0,180.0,normal,0.0,0.08264309493189578,0.09968515078465959
height,45.0,50.0,170.0,180.0,normal,0.0,0.09654799110389345,0.13749285542826856
yaw,45.0,50.0,170.0,180.0,normal,0.0,0.05949451654853779,0.06836319194330505
width,45.0,50.0,170.0,180.0,normal,0.0,0.2911011085172676,0.30680423077469166
length,45.0,50.0,170.0,180.0,normal,0.0,0.09164319278331061,0.11773321228137808
box_height,45.0,50.0,170.0,180.0,normal,0.0,0.10981220455041088,0.14592738570393743
score,45.0,50.0,170.0,180.0,normal,0.5520798501821098,0.16018926648919604,639
fp_score,45.0,50.0,170.0,180.0,normal,0.09706495840912907,0.1342830500523978,3098
fp_rate,45.0,50.0,170.0,180.0,poisson,0.43603096410978187,3098,
miss_detection,50.0,55.0,-180.0,-170.0,constant,0.18866171003717472,,
distal,50.0,55.0,-180.0,-170.0,normal,0.0,0.15434030838054874,0.20219627178863522
perpendicular,50.0,55.0,-180.0,-170.0,normal,0.0,0.08930693075063709,0.10697532140721046
height,50.0,55.0,-180.0,-170.0,normal,0.0,0.11620030335410617,0.16727222350318272
yaw,50.0,55.0,-180.0,-170.0,normal,0.0,0.07118038663182037,0.08336641572912529
width,50.0,55.0,-180.0,-170.0,normal,0.0,0.27361449545883126,0.320772134424758
length,50.0,55.0,-180.0,-170.0,normal,0.0,0.07300601862895896,0.09325602783779918
box_height,50.0,55.0,-180.0,-170.0,normal,0.0,0.12626951009615478,0.17252645323230092
score,50.0,55.0,-180.0,-170.0,normal,0.5376925648265825,0.11714912576634297,1076
fp_score,50.0,55.0,-180.0,-170.0,normal,0.09085285336164779,0.12023970259456915,4792
fp_rate,50.0,55.0,-180.0,-170.0,poisson,0.6744546094299789,4792,
miss_detection,50.0,55.0,-170.0,-160.0,constant,0.6923076923076923,,
distal,50.0,55.0,-170.0,-160.0,normal,0.0,0.09557814047834784,0.1443195301564407
perpendicular,50.0,55.0,-170.0,-160.0,normal,0.0,0.1357431159453579,0.15888811239628045
height,50.0,55.0,-170.0,-160.0,normal,0.0,0.10369241532016754,0.1855487059801817
yaw,50.0,55.0,-170.0,-160.0,normal,0.0,0.05345349439371221,0.054643323555250256
width,50.0,55.0,-170.0,-160.0,normal,0.0,0.22988078160429593,0.3033176437020302
length,50.0,55.0,-170.0,-160.0,normal,0.0,0.057770187227971816,0.08828938379883766
box_height,50.0,55.0,-170.0,-160.0,normal,0.0,0.237707293147865,0.2142076976597309
score,50.0,55.0,-170.0,-160.0,normal,0.4639279299881309,0.12863448510978504,104
fp_score,50.0,55.0,-170.0,-160.0,normal,0.06438388616912055,0.055860281159032736,5056
fp_rate,50.0,55.0,-170.0,-160.0,poisson,0.7116115411681914,5056,
miss_detection,50.0,55.0,-160.0,-150.0,constant,0.9483870967741935,,
distal,50.0,55.0,-160.0,-150.0,normal,0.0,0.11644855728622754,0.1754523274273196
perpendicular,50.0,55.0,-160.0,-150.0,normal,0.0,0.14805201596157347,0.15714010592987912
height,50.0,55.0,-160.0,-150.0,normal,0.0,0.11443522106841472,0.11430162191390991
yaw,50.0,55.0,-160.0,-150.0,normal,0.0,0.038780622698503436,0.049734093218458675
width,50.0,55.0,-160.0,-150.0,normal,0.0,0.15225571810642927,0.4523024559020996
length,50.0,55.0,-160.0,-150.0,normal,0.0,0.10555251860940294,0.4709332436323166
box_height,50.0,55.0,-160.0,-150.0,normal,0.0,0.08140889311916688,0.12448304891586304
score,50.0,55.0,-160.0,-150.0,normal,0.5343647226691246,0.10883770405448963,155
fp_score,50.0,55.0,-160.0,-150.0,normal,0.07156096684978581,0.07400283237533022,4028
fp_rate,50.0,55.0,-160.0,-150.0,poisson,0.5669247009148487,4028,
miss_detection,50.0,55.0,-150.0,-140.0,constant,0.7419354838709677,,
distal,50.0,55.0,-150.0,-140.0,normal,0.0,0.12894917669358755,0.21967927108908875
perpendicular,50.0,55.0,-150.0,-140.0,normal,0.0,0.10525829442044571,0.1584596430360829
height,50.0,55.0,-150.0,-140.0,normal,0.0,0.11016135588863352,0.13779180496931076
yaw,50.0,55.0,-150.0,-140.0,normal,0.0,0.09509844210418134,0.12700483202934265
width,50.0,55.0,-150.0,-140.0,normal,0.0,0.1044278195486533,0.4179494380950928
length,50.0,55.0,-150.0,-140.0,normal,0.0,0.06485412830530207,0.13212908804416656
box_height,50.0,55.0,-150.0,-140.0,normal,0.0,0.04579282156019496,0.06925077736377716
score,50.0,55.0,-150.0,-140.0,normal,0.425115754827857,0.16481628021290412,31
fp_score,50.0,55.0,-150.0,-140.0,normal,0.06279057403288263,0.05700192842751931,2902
fp_rate,50.0,55.0,-150.0,-140.0,poisson,0.40844475721323015,2902,
miss_detection,50.0,55.0,-140.0,-130.0,constant,0.6,,
distal,50.0,55.0,-140.0,-130.0,normal,0.0,0.22477512716401796,0.22780595949151658
perpendicular,50.0,55.0,-140.0,-130.0,normal,0.0,0.09906215617235578,0.24331321208410284
height,50.0,55.0,-140.0,-130.0,normal,0.0,0.11394368213291152,0.18002718091011047
yaw,50.0,55.0,-140.0,-130.0,normal,0.0,0.04990940319555452,0.0693807220451081
width,50.0,55.0,-140.0,-130.0,normal,0.0,0.19714347188069328,0.2946638822555542
length,50.0,55.0,-140.0,-130.0,normal,0.0,0.05102770311114946,0.08563793897628784
box_height,50.0,55.0,-140.0,-130.0,normal,0.0,0.10650757435750328,0.1631203293800354
score,50.0,55.0,-140.0,-130.0,normal,0.5566363364458085,0.13508133940064643,25
fp_score,50.0,55.0,-140.0,-130.0,normal,0.0618252461205711,0.0643279231566902,1329
fp_rate,50.0,55.0,-140.0,-130.0,poisson,0.18705137227304716,1329,
miss_detection,50.0,55.0,-130.0,-120.0,constant,1.0,,
fp_rate,50.0,55.0,-130.0,-120.0,poisson,0.0,0,
miss_detection,50.0,55.0,-120.0,-110.0,constant,1.0,,
fp_rate,50.0,55.0,-120.0,-110.0,poisson,0.0,0,
miss_detection,50.0,55.0,-110.0,-100.0,constant,1.0,,
fp_rate,50.0,55.0,-110.0,-100.0,poisson,0.0,0,
miss_detection,50.0,55.0,-100.0,-90.0,constant,1.0,,
fp_rate,50.0,55.0,-100.0,-90.0,poisson,0.0,0,
miss_detection,50.0,55.0,-90.0,-80.0,constant,1.0,,
fp_rate,50.0,55.0,-90.0,-80.0,poisson,0.0,0,
miss_detection,50.0,55.0,-80.0,-70.0,constant,1.0,,
fp_rate,50.0,55.0,-80.0,-70.0,poisson,0.0,0,
miss_detection,50.0,55.0,-70.0,-60.0,constant,1.0,,
fp_rate,50.0,55.0,-70.0,-60.0,poisson,0.0,0,
miss_detection,50.0,55.0,-60.0,-50.0,constant,1.0,,
fp_rate,50.0,55.0,-60.0,-50.0,poisson,0.0,0,
miss_detection,50.0,55.0,-50.0,-40.0,constant,0.8235294117647058,,
distal,50.0,55.0,-50.0,-40.0,normal,0.0,0.1111459854198536,0.33525936250734406
perpendicular,50.0,55.0,-50.0,-40.0,normal,0.0,0.21796384763235288,0.3742888139772273
height,50.0,55.0,-50.0,-40.0,normal,0.0,0.069704481635315,0.1342575748761495
yaw,50.0,55.0,-50.0,-40.0,normal,0.0,0.013260368345266017,0.05638345082600912
width,50.0,55.0,-50.0,-40.0,normal,0.0,0.013785830772777322,0.20006926854451498
length,50.0,55.0,-50.0,-40.0,normal,0.0,0.01952589544525663,0.04496626059214274
box_height,50.0,55.0,-50.0,-40.0,normal,0.0,0.04816063399988047,0.18377570311228433
score,50.0,55.0,-50.0,-40.0,normal,0.43618044257164,0.04055189071931339,17
fp_score,50.0,55.0,-50.0,-40.0,normal,0.05694137569578956,0.05175568390208729,2101
fp_rate,50.0,55.0,-50.0,-40.0,poisson,0.295707248416608,2101,
miss_detection,50.0,55.0,-40.0,-30.0,constant,0.0,,
distal,50.0,55.0,-40.0,-30.0,normal,0.0,0.12093077956667571,0.2973722736391907
perpendicular,50.0,55.0,-40.0,-30.0,normal,0.0,0.17870516036350642,0.18756418280780907
height,50.0,55.0,-40.0,-30.0,normal,0.0,0.08926591554660238,0.14094777405261993
yaw,50.0,55.0,-40.0,-30.0,normal,0.0,0.04727358003715745,0.09778255224227905
width,50.0,55.0,-40.0,-30.0,normal,0.0,0.0746362178951015,0.20000505447387695
length,50.0,55.0,-40.0,-30.0,normal,0.0,0.031550525077226534,0.0563073456287384
box_height,50.0,55.0,-40.0,-30.0,normal,0.0,0.057212720837640695,0.20090922713279724
score,50.0,55.0,-40.0,-30.0,normal,0.4098504036664963,0.0815758788512293,4
fp_score,50.0,55.0,-40.0,-30.0,normal,0.06639227302921034,0.06356863786912101,3428
fp_rate,50.0,55.0,-40.0,-30.0,poisson,0.4824771287825475,3428,
miss_detection,50.0,55.0,-30.0,-20.0,constant,0.9565217391304348,,
fp_score,50.0,55.0,-30.0,-20.0,normal,0.0658575637579157,0.0556709823520857,5104
fp_rate,50.0,55.0,-30.0,-20.0,poisson,0.7183673469387755,5104,
miss_detection,50.0,55.0,-20.0,-10.0,constant,0.8387096774193549,,
distal,50.0,55.0,-20.0,-10.0,normal,0.0,0.08169519063759091,0.09709129452519531
perpendicular,50.0,55.0,-20.0,-10.0,normal,0.0,0.2358576231651622,0.40699262561700794
height,50.0,55.0,-20.0,-10.0,normal,0.0,0.09762751562139348,0.10610400438308716
yaw,50.0,55.0,-20.0,-10.0,normal,0.0,0.07176740139084657,0.1119476318359375
width,50.0,55.0,-20.0,-10.0,normal,0.0,0.05012647813801794,0.25742406845092775
length,50.0,55.0,-20.0,-10.0,normal,0.0,0.0739461446206558,0.16262388229370117
box_height,50.0,55.0,-20.0,-10.0,normal,0.0,0.09869550510316318,0.16141655445098876
score,50.0,55.0,-20.0,-10.0,normal,0.43475472927093506,0.1395993942463405,31
fp_score,50.0,55.0,-20.0,-10.0,normal,0.0718521296639557,0.065066678572155,4557
fp_rate,50.0,55.0,-20.0,-10.0,poisson,0.6413793103448275,4557,
miss_detection,50.0,55.0,-10.0,0.0,constant,0.9759036144578314,,
distal,50.0,55.0,-10.0,0.0,normal,0.0,0.001606580650855584,0.09163020697284817
perpendicular,50.0,55.0,-10.0,0.0,normal,0.0,0.03778202110914038,0.1956470070308699
height,50.0,55.0,-10.0,0.0,normal,0.0,0.003634214401245117,0.16504627466201782
yaw,50.0,55.0,-10.0,0.0,normal,0.0,0.04594348184764385,0.1178782545030117
width,50.0,55.0,-10.0,0.0,normal,0.0,0.09843134880065918,0.70802903175354
length,50.0,55.0,-10.0,0.0,normal,0.0,0.01976323127746582,0.04112541675567627
box_height,50.0,55.0,-10.0,0.0,normal,0.0,0.01943230628967285,0.2715495824813843
score,50.0,55.0,-10.0,0.0,normal,0.23368492722511292,0.004821479320526123,83
fp_score,50.0,55.0,-10.0,0.0,normal,0.07650084787897105,0.08067835271020728,4960
fp_rate,50.0,55.0,-10.0,0.0,poisson,0.6980999296270233,4960,
miss_detection,50.0,55.0,0.0,10.0,constant,0.5125,,
distal,50.0,55.0,0.0,10.0,normal,0.0,0.1697515594377312,0.21157396704513495
perpendicular,50.0,55.0,0.0,10.0,normal,0.0,0.09076525425587623,0.12162805526914919
height,50.0,55.0,0.0,10.0,normal,0.0,0.10845004503187637,0.19511461181518358
yaw,50.0,55.0,0.0,10.0,normal,0.0,0.08850922320218399,0.09460417391384869
width,50.0,55.0,0.0,10.0,normal,0.0,0.3564663767222458,0.3476438216674022
length,50.0,55.0,0.0,10.0,normal,0.0,0.09198341524174417,0.15374655448473418
box_height,50.0,55.0,0.0,10.0,normal,0.0,0.18730032712688305,0.3044408483382983
score,50.0,55.0,0.0,10.0,normal,0.4664296049338121,0.11665454380438753,160
fp_score,50.0,55.0,0.0,10.0,normal,0.09438719666690266,0.11590688759002346,5041
fp_rate,50.0,55.0,0.0,10.0,poisson,0.7095003518648839,5041,
miss_detection,50.0,55.0,10.0,20.0,constant,0.5135135135135135,,
distal,50.0,55.0,10.0,20.0,normal,0.0,0.2186584656438638,0.3335724166040952
perpendicular,50.0,55.0,10.0,20.0,normal,0.0,0.10614160436112073,0.12090935038276712
height,50.0,55.0,10.0,20.0,normal,0.0,0.10580977483552466,0.15780388315518698
yaw,50.0,55.0,10.0,20.0,normal,0.0,0.051995019150847414,0.06554141862470529
width,50.0,55.0,10.0,20.0,normal,0.0,0.5209082875821684,0.6676526069641113
length,50.0,55.0,10.0,20.0,normal,0.0,0.07496659053591907,0.1401717331674364
box_height,50.0,55.0,10.0,20.0,normal,0.0,0.1603733039567211,0.2212092015478346
score,50.0,55.0,10.0,20.0,normal,0.4605845097038481,0.12894129886576236,37
fp_score,50.0,55.0,10.0,20.0,normal,0.07590427254816212,0.07655339484286536,4090
fp_rate,50.0,55.0,10.0,20.0,poisson,0.5756509500351865,4090,
miss_detection,50.0,55.0,20.0,30.0,constant,0.78125,,
distal,50.0,55.0,20.0,30.0,normal,0.0,0.13543106763086246,0.26889159400915397
perpendicular,50.0,55.0,20.0,30.0,normal,0.0,0.03816422164264222,0.07593063898822937
height,50.0,55.0,20.0,30.0,normal,0.0,0.07908655407560126,0.1374839288847787
yaw,50.0,55.0,20.0,30.0,normal,0.0,0.028978614781555112,0.04832719840249108
width,50.0,55.0,20.0,30.0,normal,0.0,0.12889465910213294,0.2721202714102609
length,50.0,55.0,20.0,30.0,normal,0.0,0.08706204488308979,0.1689694438661848
box_height,50.0,55.0,20.0,30.0,normal,0.0,0.1457728455711252,0.1512968029294695
score,50.0,55.0,20.0,30.0,normal,0.4776899346283504,0.09543158314846235,32
fp_score,50.0,55.0,20.0,30.0,normal,0.0793674104027899,0.08467962510791287,3320
fp_rate,50.0,55.0,20.0,30.0,poisson,0.4672765657987333,3320,
miss_detection,50.0,55.0,30.0,40.0,constant,0.9615384615384616,,
fp_score,50.0,55.0,30.0,40.0,normal,0.07742182152003016,0.07391334792998257,2603
fp_rate,50.0,55.0,30.0,40.0,poisson,0.36636171710063337,2603,
miss_detection,50.0,55.0,40.0,50.0,constant,0.8787878787878788,,
distal,50.0,55.0,40.0,50.0,normal,0.0,0.10324450401259566,0.1614493808183717
perpendicular,50.0,55.0,40.0,50.0,normal,0.0,0.0445033773163234,0.1260831820025274
height,50.0,55.0,40.0,50.0,normal,0.0,0.09382543716108628,0.14606797695159912
yaw,50.0,55.0,40.0,50.0,normal,0.0,0.03347012897413408,0.05739200313622561
width,50.0,55.0,40.0,50.0,normal,0.0,0.1758792293646935,0.33802616596221924
length,50.0,55.0,40.0,50.0,normal,0.0,0.09554035030562065,0.10167580842971802
box_height,50.0,55.0,40.0,50.0,normal,0.0,0.04926958004571851,0.20557278394699097
score,50.0,55.0,40.0,50.0,normal,0.5241549387574196,0.039816871997793046,33
fp_score,50.0,55.0,40.0,50.0,normal,0.07340426534178596,0.07306511701423889,1138
fp_rate,50.0,55.0,40.0,50.0,poisson,0.1601688951442646,1138,
miss_detection,50.0,55.0,50.0,60.0,constant,1.0,,
fp_rate,50.0,55.0,50.0,60.0,poisson,0.0,0,
miss_detection,50.0,55.0,60.0,70.0,constant,1.0,,
fp_rate,50.0,55.0,60.0,70.0,poisson,0.0,0,
miss_detection,50.0,55.0,70.0,80.0,constant,1.0,,
fp_rate,50.0,55.0,70.0,80.0,poisson,0.0,0,
miss_detection,50.0,55.0,80.0,90.0,constant,1.0,,
fp_rate,50.0,55.0,80.0,90.0,poisson,0.0,0,
miss_detection,50.0,55.0,90.0,100.0,constant,1.0,,
fp_rate,50.0,55.0,90.0,100.0,poisson,0.0,0,
miss_detection,50.0,55.0,100.0,110.0,constant,1.0,,
fp_rate,50.0,55.0,100.0,110.0,poisson,0.0,0,
miss_detection,50.0,55.0,110.0,120.0,constant,1.0,,
fp_rate,50.0,55.0,110.0,120.0,poisson,0.0,0,
miss_detection,50.0,55.0,120.0,130.0,constant,1.0,,
fp_rate,50.0,55.0,120.0,130.0,poisson,0.00014074595355383532,1,
miss_detection,50.0,55.0,130.0,140.0,constant,0.48148148148148145,,
distal,50.0,55.0,130.0,140.0,normal,0.0,0.1050120560759193,0.18909660888100358
perpendicular,50.0,55.0,130.0,140.0,normal,0.0,0.09854861827538805,0.16507586571687358
height,50.0,55.0,130.0,140.0,normal,0.0,0.08660492254790808,0.1294242399079459
yaw,50.0,55.0,130.0,140.0,normal,0.0,0.11086541121824636,0.1060664165238508
width,50.0,55.0,130.0,140.0,normal,0.0,0.2205015214488941,0.35988194601876394
length,50.0,55.0,130.0,140.0,normal,0.0,0.1576096744180268,0.28145366055624826
box_height,50.0,55.0,130.0,140.0,normal,0.0,0.1381783046558652,0.22890005792890275
score,50.0,55.0,130.0,140.0,normal,0.5257572856332574,0.1643190279917536,27
fp_score,50.0,55.0,130.0,140.0,normal,0.08191405032352005,0.08084049164841557,1142
fp_rate,50.0,55.0,130.0,140.0,poisson,0.16073187895847996,1142,
miss_detection,50.0,55.0,140.0,150.0,constant,0.6428571428571429,,
distal,50.0,55.0,140.0,150.0,normal,0.0,0.0857466622244416,0.1248366538432138
perpendicular,50.0,55.0,140.0,150.0,normal,0.0,0.12561338639963915,0.16661052022649098
height,50.0,55.0,140.0,150.0,normal,0.0,0.10588550593123844,0.15755634705225627
yaw,50.0,55.0,140.0,150.0,normal,0.0,0.08905735194606607,0.10884758910511702
width,50.0,55.0,140.0,150.0,normal,0.0,0.1598059392463995,0.35857054392496746
length,50.0,55.0,140.0,150.0,normal,0.0,0.14426334516059786,0.20258851051330568
box_height,50.0,55.0,140.0,150.0,normal,0.0,0.16147959470766501,0.22146174907684327
score,50.0,55.0,140.0,150.0,normal,0.43452245195706685,0.18642427548529109,42
fp_score,50.0,55.0,140.0,150.0,normal,0.06457277748488198,0.06117482865578666,1957
fp_rate,50.0,55.0,140.0,150.0,poisson,0.27543983110485576,1957,
miss_detection,50.0,55.0,150.0,160.0,constant,0.5571428571428572,,
distal,50.0,55.0,150.0,160.0,normal,0.0,0.1321937190750012,0.17953504394919373
perpendicular,50.0,55.0,150.0,160.0,normal,0.0,0.16043559853093645,0.14868631038891927
height,50.0,55.0,150.0,160.0,normal,0.0,0.10132914928453833,0.14758987003757107
yaw,50.0,55.0,150.0,160.0,normal,0.0,0.08008653835852549,0.08400974283857689
width,50.0,55.0,150.0,160.0,normal,0.0,0.1985532518067881,0.2626562810713245
length,50.0,55.0,150.0,160.0,normal,0.0,0.08987491158899874,0.11210614635098365
box_height,50.0,55.0,150.0,160.0,normal,0.0,0.09330630885744762,0.13338815396831882
score,50.0,55.0,150.0,160.0,normal,0.5165006323687492,0.14523326765867098,140
fp_score,50.0,55.0,150.0,160.0,normal,0.06921164671890799,0.07734811098581315,2581
fp_rate,50.0,55.0,150.0,160.0,poisson,0.363265306122449,2581,
miss_detection,50.0,55.0,160.0,170.0,constant,0.3487179487179487,,
distal,50.0,55.0,160.0,170.0,normal,0.0,0.12318363682873285,0.1625382607821574
perpendicular,50.0,55.0,160.0,170.0,normal,0.0,0.12045673828299404,0.1419664162585082
height,50.0,55.0,160.0,170.0,normal,0.0,0.0962102221748324,0.15345047543368
yaw,50.0,55.0,160.0,170.0,normal,0.0,0.07505238024486927,0.0841465999514688
width,50.0,55.0,160.0,170.0,normal,0.0,0.22756857878610925,0.299183582696389
length,50.0,55.0,160.0,170.0,normal,0.0,0.1369858768062253,0.18644422715104472
box_height,50.0,55.0,160.0,170.0,normal,0.0,0.1448332575059043,0.16695227116111697
score,50.0,55.0,160.0,170.0,normal,0.5492018914128852,0.1437501339856786,195
fp_score,50.0,55.0,160.0,170.0,normal,0.07158124632798403,0.08615058591541952,3336
fp_rate,50.0,55.0,160.0,170.0,poisson,0.4695285010555946,3336,
miss_detection,50.0,55.0,170.0,180.0,constant,0.16856060606060605,,
distal,50.0,55.0,170.0,180.0,normal,0.0,0.16288961209754424,0.209863284729776
perpendicular,50.0,55.0,170.0,180.0,normal,0.0,0.09491696186960849,0.1127517633417995
height,50.0,55.0,170.0,180.0,normal,0.0,0.09238165779375272,0.1474008072753159
yaw,50.0,55.0,170.0,180.0,normal,0.0,0.07009981041583867,0.07948834483407076
width,50.0,55.0,170.0,180.0,normal,0.0,0.27989772823776643,0.33068336169649093
length,50.0,55.0,170.0,180.0,normal,0.0,0.07845818675007965,0.0929149112288664
box_height,50.0,55.0,170.0,180.0,normal,0.0,0.12046469660215259,0.15607150459072314
score,50.0,55.0,170.0,180.0,normal,0.5739502483524874,0.13672453156583184,528
fp_score,50.0,55.0,170.0,180.0,normal,0.0943669251299683,0.13682688016662337,4524
fp_rate,50.0,55.0,170.0,180.0,poisson,0.636734693877551,4524,
miss_detection,55.0,60.0,-180.0,-170.0,constant,0.2267080745341615,,
distal,55.0,60.0,-180.0,-170.0,normal,0.0,0.1701378910980095,0.2512717769295747
perpendicular,55.0,60.0,-180.0,-170.0,normal,0.0,0.08910246621860471,0.10745457457650619
height,55.0,60.0,-180.0,-170.0,normal,0.0,0.09618941400680112,0.12415620110121119
yaw,55.0,60.0,-180.0,-170.0,normal,0.0,0.06890062476908103,0.08163026584303905
width,55.0,60.0,-180.0,-170.0,normal,0.0,0.28500101970492914,0.46293630226548893
length,55.0,60.0,-180.0,-170.0,normal,0.0,0.08659167158929526,0.1045587096348345
box_height,55.0,60.0,-180.0,-170.0,normal,0.0,0.11604420809021167,0.14258202467577524
score,55.0,60.0,-180.0,-170.0,normal,0.5259219688105295,0.12548822091870002,644
fp_score,55.0,60.0,-180.0,-170.0,normal,0.07940418159064001,0.09497423174315905,5008
fp_rate,55.0,60.0,-180.0,-170.0,poisson,0.7048557353976073,5008,
miss_detection,55.0,60.0,-170.0,-160.0,constant,0.8208955223880597,,
distal,55.0,60.0,-170.0,-160.0,normal,0.0,0.06609588184843562,0.157454117407876
perpendicular,55.0,60.0,-170.0,-160.0,normal,0.0,0.18000606767258198,0.23072875814615781
height,55.0,60.0,-170.0,-160.0,normal,0.0,0.07677894982175225,0.2411294231812159
yaw,55.0,60.0,-170.0,-160.0,normal,0.0,0.12153799096420782,0.13586239233457795
width,55.0,60.0,-170.0,-160.0,normal,0.0,0.22039029758986958,0.30240174134572345
length,55.0,60.0,-170.0,-160.0,normal,0.0,0.053354354235304276,0.08653503656387329
box_height,55.0,60.0,-170.0,-160.0,normal,0.0,0.14483010644722075,0.12551169594128928
score,55.0,60.0,-170.0,-160.0,normal,0.3497275138894717,0.09716708677311879,67
fp_score,55.0,60.0,-170.0,-160.0,normal,0.06690899978361159,0.05718811826299745,5770
fp_rate,55.0,60.0,-170.0,-160.0,poisson,0.8121041520056298,5770,
miss_detection,55.0,60.0,-160.0,-150.0,constant,0.8372093023255814,,
distal,55.0,60.0,-160.0,-150.0,normal,0.0,0.12124341603595457,0.2017712808069895
perpendicular,55.0,60.0,-160.0,-150.0,normal,0.0,0.1198813301873481,0.23934872917963482
height,55.0,60.0,-160.0,-150.0,normal,0.0,0.17067302111818633,0.2064196297100612
yaw,55.0,60.0,-160.0,-150.0,normal,0.0,0.07016478914903745,0.10100029252749058
width,55.0,60.0,-160.0,-150.0,normal,0.0,0.2030769179795939,0.2777923856462751
length,55.0,60.0,-160.0,-150.0,normal,0.0,0.18330701511634187,0.4020970719201224
box_height,55.0,60.0,-160.0,-150.0,normal,0.0,0.3555002836812435,0.4392599378313337
score,55.0,60.0,-160.0,-150.0,normal,0.34364646886076244,0.07962507358139008,43
fp_score,55.0,60.0,-160.0,-150.0,normal,0.06247087131688297,0.05341718072238289,4284
fp_rate,55.0,60.0,-160.0,-150.0,poisson,0.6029556650246305,4284,
miss_detection,55.0,60.0,-150.0,-140.0,constant,0.5238095238095238,,
distal,55.0,60.0,-150.0,-140.0,normal,0.0,0.18119496835651075,0.27246409342890987
perpendicular,55.0,60.0,-150.0,-140.0,normal,0.0,0.07672156596830602,0.19437321783530517
height,55.0,60.0,-150.0,-140.0,normal,0.0,0.07591691623735256,0.1589267909526825
yaw,55.0,60.0,-150.0,-140.0,normal,0.0,0.0951300575849838,0.10715109507111116
width,55.0,60.0,-150.0,-140.0,normal,0.0,0.2562455073484139,0.34864368438720705
length,55.0,60.0,-150.0,-140.0,normal,0.0,0.20721423798093924,0.2850941181182861
box_height,55.0,60.0,-150.0,-140.0,normal,0.0,0.22794435940003857,0.22399402856826783
score,55.0,60.0,-150.0,-140.0,normal,0.41784571558237077,0.15263898306886892,21
fp_score,55.0,60.0,-150.0,-140.0,normal,0.06222036307735304,0.05862398149447226,2745
fp_rate,55.0,60.0,-150.0,-140.0,poisson,0.386347642505278,2745,
miss_detection,55.0,60.0,-140.0,-130.0,constant,0.9230769230769231,,
distal,55.0,60.0,-140.0,-130.0,normal,0.0,0.03433022198670551,0.19395508844373388
perpendicular,55.0,60.0,-140.0,-130.0,normal,0.0,0.07225767068961862,0.31350724548265324
height,55.0,60.0,-140.0,-130.0,normal,0.0,0.12276768684387207,0.15176129341125488
yaw,55.0,60.0,-140.0,-130.0,normal,0.0,0.023254692554473877,0.2154319008165082
width,55.0,60.0,-140.0,-130.0,normal,0.0,0.03344917297363281,0.3577864170074463
length,55.0,60.0,-140.0,-130.0,normal,0.0,0.010427772998809814,0.12088233232498169
box_height,55.0,60.0,-140.0,-130.0,normal,0.0,0.02352595329284668,0.26305603981018066
score,55.0,60.0,-140.0,-130.0,normal,0.4456743150949478,0.028987541794776917,26
fp_score,55.0,60.0,-140.0,-130.0,normal,0.06733751340179502,0.06166416147230554,289
fp_rate,55.0,60.0,-140.0,-130.0,poisson,0.04067558057705841,289,
miss_detection,55.0,60.0,-130.0,-120.0,constant,1.0,,
fp_rate,55.0,60.0,-130.0,-120.0,poisson,0.0,0,
miss_detection,55.0,60.0,-120.0,-110.0,constant,1.0,,
fp_rate,55.0,60.0,-120.0,-110.0,poisson,0.0,0,
miss_detection,55.0,60.0,-110.0,-100.0,constant,1.0,,
fp_rate,55.0,60.0,-110.0,-100.0,poisson,0.0,0,
miss_detection,55.0,60.0,-100.0,-90.0,constant,1.0,,
fp_rate,55.0,60.0,-100.0,-90.0,poisson,0.0,0,
miss_detection,55.0,60.0,-90.0,-80.0,constant,1.0,,
fp_rate,55.0,60.0,-90.0,-80.0,poisson,0.0,0,
miss_detection,55.0,60.0,-80.0,-70.0,constant,1.0,,
fp_rate,55.0,60.0,-80.0,-70.0,poisson,0.0,0,
miss_detection,55.0,60.0,-70.0,-60.0,constant,1.0,,
fp_rate,55.0,60.0,-70.0,-60.0,poisson,0.0,0,
miss_detection,55.0,60.0,-60.0,-50.0,constant,1.0,,
fp_rate,55.0,60.0,-60.0,-50.0,poisson,0.0,0,
miss_detection,55.0,60.0,-50.0,-40.0,constant,1.0,,
fp_score,55.0,60.0,-50.0,-40.0,normal,0.050904798263772616,0.04096222672702101,420
fp_rate,55.0,60.0,-50.0,-40.0,poisson,0.059113300492610835,420,
miss_detection,55.0,60.0,-40.0,-30.0,constant,0.8888888888888888,,
fp_score,55.0,60.0,-40.0,-30.0,normal,0.06565670379074416,0.06421035554517032,3986
fp_rate,55.0,60.0,-40.0,-30.0,poisson,0.5610133708655877,3986,
miss_detection,55.0,60.0,-30.0,-20.0,constant,1.0,,
fp_score,55.0,60.0,-30.0,-20.0,normal,0.07667079237255682,0.06943085806790993,4924
fp_rate,55.0,60.0,-30.0,-20.0,poisson,0.6930330752990852,4924,
miss_detection,55.0,60.0,-20.0,-10.0,constant,0.9090909090909091,,
distal,55.0,60.0,-20.0,-10.0,normal,0.0,0.12588249965306308,0.20569961097922795
perpendicular,55.0,60.0,-20.0,-10.0,normal,0.0,0.17247552808711988,0.3544685587746534
height,55.0,60.0,-20.0,-10.0,normal,0.0,0.018861548653976656,0.21763980388641357
yaw,55.0,60.0,-20.0,-10.0,normal,0.0,0.016489631718011898,0.01706230640411377
width,55.0,60.0,-20.0,-10.0,normal,0.0,0.03222098084581156,0.4529584248860677
length,55.0,60.0,-20.0,-10.0,normal,0.0,0.024241321524729558,0.2139955759048462
box_height,55.0,60.0,-20.0,-10.0,normal,0.0,0.01067407231332509,0.12803912162780762
score,55.0,60.0,-20.0,-10.0,normal,0.497607300678889,0.02372728902857339,33
fp_score,55.0,60.0,-20.0,-10.0,normal,0.07350722965318551,0.06441393773758736,5858
fp_rate,55.0,60.0,-20.0,-10.0,poisson,0.8244897959183674,5858,
miss_detection,55.0,60.0,-10.0,0.0,constant,1.0,,
fp_score,55.0,60.0,-10.0,0.0,normal,0.08212543197343088,0.07738041693167698,4833
fp_rate,55.0,60.0,-10.0,0.0,poisson,0.6802251935256861,4833,
miss_detection,55.0,60.0,0.0,10.0,constant,0.6190476190476191,,
distal,55.0,60.0,0.0,10.0,normal,0.0,0.20744950785517577,0.2906614394670644
perpendicular,55.0,60.0,0.0,10.0,normal,0.0,0.0798189873770773,0.09799633477324005
height,55.0,60.0,0.0,10.0,normal,0.0,0.09755849054979596,0.23764816050728163
yaw,55.0,60.0,0.0,10.0,normal,0.0,0.05942439552600591,0.057866859620737676
width,55.0,60.0,0.0,10.0,normal,0.0,0.46902084629789376,0.5398269494374593
length,55.0,60.0,0.0,10.0,normal,0.0,0.057794063548332913,0.1031880999604861
box_height,55.0,60.0,0.0,10.0,normal,0.0,0.2272251047939699,0.3757038041949272
score,55.0,60.0,0.0,10.0,normal,0.453378376395752,0.12437841874987052,126
fp_score,55.0,60.0,0.0,10.0,normal,0.09189459094950718,0.10031356520866427,4414
fp_rate,55.0,60.0,0.0,10.0,poisson,0.6212526389866291,4414,
miss_detection,55.0,60.0,10.0,20.0,constant,0.7551020408163265,,
distal,55.0,60.0,10.0,20.0,normal,0.0,0.26599392932822624,0.3500197447834514
perpendicular,55.0,60.0,10.0,20.0,normal,0.0,0.07119122550370004,0.14704492613225867
height,55.0,60.0,10.0,20.0,normal,0.0,0.08801354724854657,0.1974280426899592
yaw,55.0,60.0,10.0,20.0,normal,0.0,0.02772355711190032,0.0553344119428294
width,55.0,60.0,10.0,20.0,normal,0.0,0.5116340143164851,0.6156718333562216
length,55.0,60.0,10.0,20.0,normal,0.0,0.051972799486419405,0.14510933558146158
box_height,55.0,60.0,10.0,20.0,normal,0.0,0.09077465263955226,0.16995981335639954
score,55.0,60.0,10.0,20.0,normal,0.41474222640196484,0.14590818464662542,49
fp_score,55.0,60.0,10.0,20.0,normal,0.09224787997135585,0.09230502526236113,4335
fp_rate,55.0,60.0,10.0,20.0,poisson,0.6101337086558761,4335,
miss_detection,55.0,60.0,20.0,30.0,constant,0.8461538461538461,,
distal,55.0,60.0,20.0,30.0,normal,0.0,0.07501791248935993,0.310997620995913
perpendicular,55.0,60.0,20.0,30.0,normal,0.0,0.03255568463240297,0.0395008141970511
height,55.0,60.0,20.0,30.0,normal,0.0,0.06494708170955955,0.07541780173778534
yaw,55.0,60.0,20.0,30.0,normal,0.0,0.04912013463129416,0.07212457602401479
width,55.0,60.0,20.0,30.0,normal,0.0,0.359097479118217,0.5715864896774292
length,55.0,60.0,20.0,30.0,normal,0.0,0.1967981837730853,0.3206867277622223
box_height,55.0,60.0,20.0,30.0,normal,0.0,0.12031904399969537,0.27423444390296936
score,55.0,60.0,20.0,30.0,normal,0.4401063621044159,0.07326874995789615,26
fp_score,55.0,60.0,20.0,30.0,normal,0.07996830209830802,0.0815685586040568,3137
fp_rate,55.0,60.0,20.0,30.0,poisson,0.4415200562983814,3137,
miss_detection,55.0,60.0,30.0,40.0,constant,1.0,,
fp_score,55.0,60.0,30.0,40.0,normal,0.07567488067652525,0.05934614938000223,2839
fp_rate,55.0,60.0,30.0,40.0,poisson,0.3995777621393385,2839,
miss_detection,55.0,60.0,40.0,50.0,constant,1.0,,
fp_score,55.0,60.0,40.0,50.0,normal,0.07025300882073987,0.05663492028949239,251
fp_rate,55.0,60.0,40.0,50.0,poisson,0.03532723434201267,251,
miss_detection,55.0,60.0,50.0,60.0,constant,1.0,,
fp_rate,55.0,60.0,50.0,60.0,poisson,0.0,0,
miss_detection,55.0,60.0,60.0,70.0,constant,1.0,,
fp_rate,55.0,60.0,60.0,70.0,poisson,0.0,0,
miss_detection,55.0,60.0,70.0,80.0,constant,1.0,,
fp_rate,55.0,60.0,70.0,80.0,poisson,0.0,0,
miss_detection,55.0,60.0,80.0,90.0,constant,1.0,,
fp_rate,55.0,60.0,80.0,90.0,poisson,0.0,0,
miss_detection,55.0,60.0,90.0,100.0,constant,1.0,,
fp_rate,55.0,60.0,90.0,100.0,poisson,0.0,0,
miss_detection,55.0,60.0,100.0,110.0,constant,1.0,,
fp_rate,55.0,60.0,100.0,110.0,poisson,0.0,0,
miss_detection,55.0,60.0,110.0,120.0,constant,1.0,,
fp_rate,55.0,60.0,110.0,120.0,poisson,0.0,0,
miss_detection,55.0,60.0,120.0,130.0,constant,1.0,,
fp_rate,55.0,60.0,120.0,130.0,poisson,0.0,0,
miss_detection,55.0,60.0,130.0,140.0,constant,0.8181818181818182,,
distal,55.0,60.0,130.0,140.0,normal,0.0,0.14159737526133007,0.15990448206845753
perpendicular,55.0,60.0,130.0,140.0,normal,0.0,0.1767676515337382,0.20181128599202522
height,55.0,60.0,130.0,140.0,normal,0.0,0.07268287533484577,0.10381962358951569
yaw,55.0,60.0,130.0,140.0,normal,0.0,0.0663423697820704,0.1291962916678706
width,55.0,60.0,130.0,140.0,normal,0.0,0.11869884142415033,0.13353657722473145
length,55.0,60.0,130.0,140.0,normal,0.0,0.053468239767321714,0.10665389895439148
box_height,55.0,60.0,130.0,140.0,normal,0.0,0.03620683721179348,0.09609505534172058
score,55.0,60.0,130.0,140.0,normal,0.3954951912164688,0.08485775277004991,22
fp_score,55.0,60.0,130.0,140.0,normal,0.09724499116846397,0.11083558442614382,177
fp_rate,55.0,60.0,130.0,140.0,poisson,0.024912033779028852,177,
miss_detection,55.0,60.0,140.0,150.0,constant,0.55,,
distal,55.0,60.0,140.0,150.0,normal,0.0,0.07446497018176242,0.15386352106885295
perpendicular,55.0,60.0,140.0,150.0,normal,0.0,0.08306540273274649,0.09221401804569485
height,55.0,60.0,140.0,150.0,normal,0.0,0.08848781513063889,0.19436777962578666
yaw,55.0,60.0,140.0,150.0,normal,0.0,0.036409457119803715,0.07964703357881969
width,55.0,60.0,140.0,150.0,normal,0.0,0.17802159392665126,0.2953902880350749
length,55.0,60.0,140.0,150.0,normal,0.0,0.1188504925911155,0.1833106279373169
box_height,55.0,60.0,140.0,150.0,normal,0.0,0.14788387077367052,0.27706074714660645
score,55.0,60.0,140.0,150.0,normal,0.4456770386960771,0.11811536903959227,20
fp_score,55.0,60.0,140.0,150.0,normal,0.06396231061611436,0.061275700223839845,2346
fp_rate,55.0,60.0,140.0,150.0,poisson,0.3301900070372977,2346,
miss_detection,55.0,60.0,150.0,160.0,constant,0.5252525252525253,,
distal,55.0,60.0,150.0,160.0,normal,0.0,0.12590561469141184,0.18900508847006878
perpendicular,55.0,60.0,150.0,160.0,normal,0.0,0.16624919846352373,0.22156457812827374
height,55.0,60.0,150.0,160.0,normal,0.0,0.11886647162632623,0.1642318938640838
yaw,55.0,60.0,150.0,160.0,normal,0.0,0.10017252330583057,0.13072514174303915
width,55.0,60.0,150.0,160.0,normal,0.0,0.27122040594672836,0.2990326678499262
length,55.0,60.0,150.0,160.0,normal,0.0,0.06916692143968282,0.11569161871646313
box_height,55.0,60.0,150.0,160.0,normal,0.0,0.09292221779163758,0.18573161388965362
score,55.0,60.0,150.0,160.0,normal,0.43604310142233016,0.15840176758594912,99
fp_score,55.0,60.0,150.0,160.0,normal,0.06224185688101971,0.057032044958753345,3169
fp_rate,55.0,60.0,150.0,160.0,poisson,0.4460239268121042,3169,
miss_detection,55.0,60.0,160.0,170.0,constant,0.3358208955223881,,
distal,55.0,60.0,160.0,170.0,normal,0.0,0.10621655632813551,0.11542663287567614
perpendicular,55.0,60.0,160.0,170.0,normal,0.0,0.16704123090281792,0.24360944475325796
height,55.0,60.0,160.0,170.0,normal,0.0,0.08578680991509706,0.12209955427084077
yaw,55.0,60.0,160.0,170.0,normal,0.0,0.08332810234528772,0.10806804693598443
width,55.0,60.0,160.0,170.0,normal,0.0,0.1348739697989726,0.2751818774791246
length,55.0,60.0,160.0,170.0,normal,0.0,0.12838639167155833,0.2432064755579059
box_height,55.0,60.0,160.0,170.0,normal,0.0,0.10573303668506395,0.11618713314613599
score,55.0,60.0,160.0,170.0,normal,0.4199360078305341,0.14729025035361767,268
fp_score,55.0,60.0,160.0,170.0,normal,0.08118282790350462,0.09653023217959762,4326
fp_rate,55.0,60.0,160.0,170.0,poisson,0.6088669950738916,4326,
miss_detection,55.0,60.0,170.0,180.0,constant,0.31072210065645517,,
distal,55.0,60.0,170.0,180.0,normal,0.0,0.1656543842514223,0.23714174454642287
perpendicular,55.0,60.0,170.0,180.0,normal,0.0,0.10446825071792717,0.1271382277302188
height,55.0,60.0,170.0,180.0,normal,0.0,0.10450573918000887,0.13519340848165845
yaw,55.0,60.0,170.0,180.0,normal,0.0,0.07751441825383873,0.08468785875073181
width,55.0,60.0,170.0,180.0,normal,0.0,0.28100100157140706,0.38064103353591194
length,55.0,60.0,170.0,180.0,normal,0.0,0.08506078993158227,0.11846600600651332
box_height,55.0,60.0,170.0,180.0,normal,0.0,0.1222422391003176,0.1837697384849427
score,55.0,60.0,170.0,180.0,normal,0.5224915042992622,0.13619162332824092,457
fp_score,55.0,60.0,170.0,180.0,normal,0.09056584557659499,0.1151056445559249,5345
fp_rate,55.0,60.0,170.0,180.0,poisson,0.7522871217452498,5345,
miss_detection,60.0,65.0,-180.0,-170.0,constant,0.22932330827067668,,
distal,60.0,65.0,-180.0,-170.0,normal,0.0,0.15563320770613215,0.17666012540787612
perpendicular,60.0,65.0,-180.0,-170.0,normal,0.0,0.10685282727567229,0.12754562522898508
height,60.0,65.0,-180.0,-170.0,normal,0.0,0.10679521048230158,0.14516176247015233
yaw,60.0,65.0,-180.0,-170.0,normal,0.0,0.06663438696801668,0.09280364774046802
width,60.0,65.0,-180.0,-170.0,normal,0.0,0.24980609689781205,0.32052956208950134
length,60.0,65.0,-180.0,-170.0,normal,0.0,0.06060393836251789,0.11981185529290175
box_height,60.0,65.0,-180.0,-170.0,normal,0.0,0.10964017025966057,0.14338001507084544
score,60.0,65.0,-180.0,-170.0,normal,0.4659296920386756,0.13048304006171954,266
fp_score,60.0,65.0,-180.0,-170.0,normal,0.07336725750869805,0.07294199865275051,6959
fp_rate,60.0,65.0,-180.0,-170.0,poisson,0.97945109078114,6959,
miss_detection,60.0,65.0,-170.0,-160.0,constant,0.7872340425531915,,
distal,60.0,65.0,-170.0,-160.0,normal,0.0,0.09794903333927504,0.12734774835137588
perpendicular,60.0,65.0,-170.0,-160.0,normal,0.0,0.15593736906552397,0.2209754473736632
height,60.0,65.0,-170.0,-160.0,normal,0.0,0.09685715395884444,0.24719734787940978
yaw,60.0,65.0,-170.0,-160.0,normal,0.0,0.08134572678173083,0.10575953404135027
width,60.0,65.0,-170.0,-160.0,normal,0.0,0.20816799974728029,0.24051518440246583
length,60.0,65.0,-170.0,-160.0,normal,0.0,0.05073476877552129,0.09613364934921265
box_height,60.0,65.0,-170.0,-160.0,normal,0.0,0.06816294092388556,0.10190590620040893
score,60.0,65.0,-170.0,-160.0,normal,0.3285176299512386,0.13035929116681447,47
fp_score,60.0,65.0,-170.0,-160.0,normal,0.06592390130043929,0.05396935752943578,6829
fp_rate,60.0,65.0,-170.0,-160.0,poisson,0.9611541168191414,6829,
miss_detection,60.0,65.0,-160.0,-150.0,constant,0.9565217391304348,,
fp_score,60.0,65.0,-160.0,-150.0,normal,0.06488800125682789,0.05640621073718832,3965
fp_rate,60.0,65.0,-160.0,-150.0,poisson,0.558057705840957,3965,
miss_detection,60.0,65.0,-150.0,-140.0,constant,0.875,,
distal,60.0,65.0,-150.0,-140.0,normal,0.0,0.0077939002099608,0.11525323588414113
perpendicular,60.0,65.0,-150.0,-140.0,normal,0.0,0.08291255579430624,0.1857852366656237
height,60.0,65.0,-150.0,-140.0,normal,0.0,0.0011408329010009766,0.42414283752441406
yaw,60.0,65.0,-150.0,-140.0,normal,0.0,0.006671130657196045,0.08698564767837524
width,60.0,65.0,-150.0,-140.0,normal,0.0,0.1361083984375,0.14992380142211914
length,60.0,65.0,-150.0,-140.0,normal,0.0,0.005956292152404785,0.12078559398651123
box_height,60.0,65.0,-150.0,-140.0,normal,0.0,0.0041882991790771484,0.04326891899108887
score,60.0,65.0,-150.0,-140.0,normal,0.4926217496395111,0.09090057015419006,16
fp_score,60.0,65.0,-150.0,-140.0,normal,0.06016978674230322,0.05232528075851584,2147
fp_rate,60.0,65.0,-150.0,-140.0,poisson,0.30218156228008447,2147,
miss_detection,60.0,65.0,-140.0,-130.0,constant,1.0,,
fp_rate,60.0,65.0,-140.0,-130.0,poisson,0.0,0,
miss_detection,60.0,65.0,-130.0,-120.0,constant,1.0,,
fp_rate,60.0,65.0,-130.0,-120.0,poisson,0.0,0,
miss_detection,60.0,65.0,-120.0,-110.0,constant,1.0,,
fp_rate,60.0,65.0,-120.0,-110.0,poisson,0.0,0,
miss_detection,60.0,65.0,-110.0,-100.0,constant,1.0,,
fp_rate,60.0,65.0,-110.0,-100.0,poisson,0.0,0,
miss_detection,60.0,65.0,-100.0,-90.0,constant,1.0,,
fp_rate,60.0,65.0,-100.0,-90.0,poisson,0.0,0,
miss_detection,60.0,65.0,-90.0,-80.0,constant,1.0,,
fp_rate,60.0,65.0,-90.0,-80.0,poisson,0.0,0,
miss_detection,60.0,65.0,-80.0,-70.0,constant,1.0,,
fp_rate,60.0,65.0,-80.0,-70.0,poisson,0.0,0,
miss_detection,60.0,65.0,-70.0,-60.0,constant,1.0,,
fp_rate,60.0,65.0,-70.0,-60.0,poisson,0.0,0,
miss_detection,60.0,65.0,-60.0,-50.0,constant,1.0,,
fp_rate,60.0,65.0,-60.0,-50.0,poisson,0.0,0,
miss_detection,60.0,65.0,-50.0,-40.0,constant,1.0,,
fp_rate,60.0,65.0,-50.0,-40.0,poisson,0.0,0,
miss_detection,60.0,65.0,-40.0,-30.0,constant,1.0,,
fp_score,60.0,65.0,-40.0,-30.0,normal,0.062497634891252304,0.05816894323215773,3121
fp_rate,60.0,65.0,-40.0,-30.0,poisson,0.4392681210415201,3121,
miss_detection,60.0,65.0,-30.0,-20.0,constant,1.0,,
fp_score,60.0,65.0,-30.0,-20.0,normal,0.05950052295746996,0.0548440719380076,5922
fp_rate,60.0,65.0,-30.0,-20.0,poisson,0.8334975369458129,5922,
miss_detection,60.0,65.0,-20.0,-10.0,constant,0.8787878787878788,,
distal,60.0,65.0,-20.0,-10.0,normal,0.0,0.1346446514727605,0.19683285777279846
perpendicular,60.0,65.0,-20.0,-10.0,normal,0.0,0.12661982901982016,0.2217991805128326
height,60.0,65.0,-20.0,-10.0,normal,0.0,0.05559049936053892,0.11891505122184753
yaw,60.0,65.0,-20.0,-10.0,normal,0.0,0.03825514159574366,0.14053302875254303
width,60.0,65.0,-20.0,-10.0,normal,0.0,0.5632256154340537,0.4622619152069092
length,60.0,65.0,-20.0,-10.0,normal,0.0,0.02863163391366899,0.18311786651611328
box_height,60.0,65.0,-20.0,-10.0,normal,0.0,0.07028943205550359,0.19314169883728027
score,60.0,65.0,-20.0,-10.0,normal,0.13744859769940376,0.09723702000015813,33
fp_score,60.0,65.0,-20.0,-10.0,normal,0.05155372430596539,0.03588272465761967,20256
fp_rate,60.0,65.0,-20.0,-10.0,poisson,2.8509500351864885,20256,
miss_detection,60.0,65.0,-10.0,0.0,constant,1.0,,
fp_score,60.0,65.0,-10.0,0.0,normal,0.04911082886540441,0.029177689828646464,19828
fp_rate,60.0,65.0,-10.0,0.0,poisson,2.790710767065447,19828,
miss_detection,60.0,65.0,0.0,10.0,constant,0.7926829268292683,,
distal,60.0,65.0,0.0,10.0,normal,0.0,0.15328574626611452,0.2029980808705702
perpendicular,60.0,65.0,0.0,10.0,normal,0.0,0.06809215832147637,0.11162744233307387
height,60.0,65.0,0.0,10.0,normal,0.0,0.11625897123953,0.27512864856158986
yaw,60.0,65.0,0.0,10.0,normal,0.0,0.03231697708178525,0.060537789674366224
width,60.0,65.0,0.0,10.0,normal,0.0,0.2729375955586894,0.37062790814568014
length,60.0,65.0,0.0,10.0,normal,0.0,0.07637986692855418,0.13168845457189224
box_height,60.0,65.0,0.0,10.0,normal,0.0,0.26117512087615474,0.2792440232108621
score,60.0,65.0,0.0,10.0,normal,0.36766208971247955,0.08368111330075734,82
fp_score,60.0,65.0,0.0,10.0,normal,0.049877951712238536,0.03543041924765363,22380
fp_rate,60.0,65.0,0.0,10.0,poisson,3.1498944405348346,22380,
miss_detection,60.0,65.0,10.0,20.0,constant,0.9090909090909091,,
distal,60.0,65.0,10.0,20.0,normal,0.0,0.18506439344698467,0.3212688505035129
perpendicular,60.0,65.0,10.0,20.0,normal,0.0,0.0629395951802019,0.08671956828617951
height,60.0,65.0,10.0,20.0,normal,0.0,0.08211416745347484,0.18438084423542023
yaw,60.0,65.0,10.0,20.0,normal,0.0,0.08826857681812603,0.0846753205961992
width,60.0,65.0,10.0,20.0,normal,0.0,0.35423822429663054,0.41392290592193604
length,60.0,65.0,10.0,20.0,normal,0.0,0.06460548481168298,0.12737149000167847
box_height,60.0,65.0,10.0,20.0,normal,0.0,0.13937656468880122,0.17023774981498718
score,60.0,65.0,10.0,20.0,normal,0.20948780700564384,0.10869971107954488,44
fp_score,60.0,65.0,10.0,20.0,normal,0.05060808909496674,0.03493212206863534,19997
fp_rate,60.0,65.0,10.0,20.0,poisson,2.814496833216045,19997,
miss_detection,60.0,65.0,20.0,30.0,constant,0.9473684210526315,,
fp_score,60.0,65.0,20.0,30.0,normal,0.0756176714194201,0.0727485326523515,3702
fp_rate,60.0,65.0,20.0,30.0,poisson,0.5210415200562983,3702,
miss_detection,60.0,65.0,30.0,40.0,constant,1.0,,
fp_score,60.0,65.0,30.0,40.0,normal,0.06718162256974736,0.058493243774514855,2015
fp_rate,60.0,65.0,30.0,40.0,poisson,0.2836030964109782,2015,
miss_detection,60.0,65.0,40.0,50.0,constant,1.0,,
fp_rate,60.0,65.0,40.0,50.0,poisson,0.0,0,
miss_detection,60.0,65.0,50.0,60.0,constant,1.0,,
fp_rate,60.0,65.0,50.0,60.0,poisson,0.0,0,
miss_detection,60.0,65.0,60.0,70.0,constant,1.0,,
fp_rate,60.0,65.0,60.0,70.0,poisson,0.0,0,
miss_detection,60.0,65.0,70.0,80.0,constant,1.0,,
fp_rate,60.0,65.0,70.0,80.0,poisson,0.0,0,
miss_detection,60.0,65.0,80.0,90.0,constant,1.0,,
fp_rate,60.0,65.0,80.0,90.0,poisson,0.0,0,
miss_detection,60.0,65.0,90.0,100.0,constant,1.0,,
fp_rate,60.0,65.0,90.0,100.0,poisson,0.0,0,
miss_detection,60.0,65.0,100.0,110.0,constant,1.0,,
fp_rate,60.0,65.0,100.0,110.0,poisson,0.0,0,
miss_detection,60.0,65.0,110.0,120.0,constant,1.0,,
fp_rate,60.0,65.0,110.0,120.0,poisson,0.0,0,
miss_detection,60.0,65.0,120.0,130.0,constant,1.0,,
fp_rate,60.0,65.0,120.0,130.0,poisson,0.0,0,
miss_detection,60.0,65.0,130.0,140.0,constant,1.0,,
fp_rate,60.0,65.0,130.0,140.0,poisson,0.0,0,
miss_detection,60.0,65.0,140.0,150.0,constant,0.64,,
distal,60.0,65.0,140.0,150.0,normal,0.0,0.15802395397829466,0.16667309242126638
perpendicular,60.0,65.0,140.0,150.0,normal,0.0,0.09403646160655826,0.16463042539278236
height,60.0,65.0,140.0,150.0,normal,0.0,0.1019495981569393,0.1643561455938551
yaw,60.0,65.0,140.0,150.0,normal,0.0,0.05579691954144182,0.062126675735381554
width,60.0,65.0,140.0,150.0,normal,0.0,0.208270878896378,0.3179134792751736
length,60.0,65.0,140.0,150.0,normal,0.0,0.13799188583261782,0.1690276993645562
box_height,60.0,65.0,140.0,150.0,normal,0.0,0.11430626468643394,0.19120650821261936
score,60.0,65.0,140.0,150.0,normal,0.5111453566286299,0.12650048509800607,25
fp_score,60.0,65.0,140.0,150.0,normal,0.06625517563611324,0.061061629639412224,1599
fp_rate,60.0,65.0,140.0,150.0,poisson,0.2250527797325827,1599,
miss_detection,60.0,65.0,150.0,160.0,constant,0.5238095238095238,,
distal,60.0,65.0,150.0,160.0,normal,0.0,0.14352333043602197,0.19294242835395994
perpendicular,60.0,65.0,150.0,160.0,normal,0.0,0.1434935462371447,0.18240186522945914
height,60.0,65.0,150.0,160.0,normal,0.0,0.09490699928839125,0.12737454374631246
yaw,60.0,65.0,150.0,160.0,normal,0.0,0.08716803696893032,0.11142646151802728
width,60.0,65.0,150.0,160.0,normal,0.0,0.26266279009400695,0.2773705164591471
length,60.0,65.0,150.0,160.0,normal,0.0,0.08385011914976814,0.12585659821828207
box_height,60.0,65.0,150.0,160.0,normal,0.0,0.09451965864033818,0.2129739244778951
score,60.0,65.0,150.0,160.0,normal,0.45656849816441536,0.14701531674064625,63
fp_score,60.0,65.0,150.0,160.0,normal,0.06299111949386896,0.05875849379790387,2977
fp_rate,60.0,65.0,150.0,160.0,poisson,0.4190007037297678,2977,
miss_detection,60.0,65.0,160.0,170.0,constant,0.5952380952380952,,
distal,60.0,65.0,160.0,170.0,normal,0.0,0.168351944928438,0.22597467130164947
perpendicular,60.0,65.0,160.0,170.0,normal,0.0,0.0891511196740068,0.11986084010077613
height,60.0,65.0,160.0,170.0,normal,0.0,0.12069016911416576,0.17540857458815856
yaw,60.0,65.0,160.0,170.0,normal,0.0,0.10523784893965506,0.10662310632706606
width,60.0,65.0,160.0,170.0,normal,0.0,0.21371000420285205,0.2880779364529778
length,60.0,65.0,160.0,170.0,normal,0.0,0.14695969052471416,0.13945359166930704
box_height,60.0,65.0,160.0,170.0,normal,0.0,0.12309644070347862,0.16073857160175548
score,60.0,65.0,160.0,170.0,normal,0.4769190010779044,0.13373894347152207,168
fp_score,60.0,65.0,160.0,170.0,normal,0.07083768462473282,0.07355379291012715,5447
fp_rate,60.0,65.0,160.0,170.0,poisson,0.7666432090077411,5447,
miss_detection,60.0,65.0,170.0,180.0,constant,0.3944954128440367,,
distal,60.0,65.0,170.0,180.0,normal,0.0,0.15903448988431743,0.2127617531036343
perpendicular,60.0,65.0,170.0,180.0,normal,0.0,0.10691489673303714,0.14588964904823762
height,60.0,65.0,170.0,180.0,normal,0.0,0.15058987068208785,0.1927777278904963
yaw,60.0,65.0,170.0,180.0,normal,0.0,0.07615266510584442,0.10484183197361298
width,60.0,65.0,170.0,180.0,normal,0.0,0.2814556604235279,0.377585490544637
length,60.0,65.0,170.0,180.0,normal,0.0,0.0931006353573485,0.11558251188258932
box_height,60.0,65.0,170.0,180.0,normal,0.0,0.15630201270791308,0.2130746582541803
score,60.0,65.0,170.0,180.0,normal,0.4913494551384991,0.1311096403857048,327
fp_score,60.0,65.0,170.0,180.0,normal,0.08431408361549977,0.09493920629061417,7478
fp_rate,60.0,65.0,170.0,180.0,poisson,1.0524982406755805,7478,
miss_detection,65.0,70.0,-180.0,-170.0,constant,0.3601694915254237,,
distal,65.0,70.0,-180.0,-170.0,normal,0.0,0.20437546869204065,0.23049442122846156
perpendicular,65.0,70.0,-180.0,-170.0,normal,0.0,0.1029808366315189,0.12822414989382178
height,65.0,70.0,-180.0,-170.0,normal,0.0,0.12281813604691756,0.17171412745848397
yaw,65.0,70.0,-180.0,-170.0,normal,0.0,0.07682374819320861,0.1024467693371945
width,65.0,70.0,-180.0,-170.0,normal,0.0,0.24195064665554927,0.3593144401019772
length,65.0,70.0,-180.0,-170.0,normal,0.0,0.06996359306841228,0.10930321390265661
box_height,65.0,70.0,-180.0,-170.0,normal,0.0,0.13481863073225073,0.1550496540322209
score,65.0,70.0,-180.0,-170.0,normal,0.35914829511516144,0.12082537745313059,236
fp_score,65.0,70.0,-180.0,-170.0,normal,0.07184203390242004,0.07962004591327214,6920
fp_rate,65.0,70.0,-180.0,-170.0,poisson,0.9739619985925405,6920,
miss_detection,65.0,70.0,-170.0,-160.0,constant,0.4918032786885246,,
distal,65.0,70.0,-170.0,-160.0,normal,0.0,0.11159414134588441,0.1506500715448198
perpendicular,65.0,70.0,-170.0,-160.0,normal,0.0,0.09984115453432509,0.11400148182774997
height,65.0,70.0,-170.0,-160.0,normal,0.0,0.08388984430623088,0.1890884022558889
yaw,65.0,70.0,-170.0,-160.0,normal,0.0,0.057333041112272935,0.07149088664729915
width,65.0,70.0,-170.0,-160.0,normal,0.0,0.10276488360974304,0.21866644582440775
length,65.0,70.0,-170.0,-160.0,normal,0.0,0.06043853292961333,0.10267989481649091
box_height,65.0,70.0,-170.0,-160.0,normal,0.0,0.059499889622744356,0.0909708930600074
score,65.0,70.0,-170.0,-160.0,normal,0.35928905899486235,0.11236882462584916,61
fp_score,65.0,70.0,-170.0,-160.0,normal,0.06227388275873799,0.04586430096387787,6821
fp_rate,65.0,70.0,-170.0,-160.0,poisson,0.9600281491907108,6821,
miss_detection,65.0,70.0,-160.0,-150.0,constant,1.0,,
fp_score,65.0,70.0,-160.0,-150.0,normal,0.06207615572786897,0.05023924321805046,4238
fp_rate,65.0,70.0,-160.0,-150.0,poisson,0.5964813511611541,4238,
miss_detection,65.0,70.0,-150.0,-140.0,constant,0.875,,
distal,65.0,70.0,-150.0,-140.0,normal,0.0,0.08619648157151676,0.2532882454482447
perpendicular,65.0,70.0,-150.0,-140.0,normal,0.0,0.019009372499454183,0.2805481035494296
height,65.0,70.0,-150.0,-140.0,normal,0.0,0.037363201379776,0.39067819714546204
yaw,65.0,70.0,-150.0,-140.0,normal,0.0,0.03354519605636597,0.041992247104644775
width,65.0,70.0,-150.0,-140.0,normal,0.0,0.025515317916870117,0.11340689659118652
length,65.0,70.0,-150.0,-140.0,normal,0.0,0.03549456596374512,0.13601016998291016
box_height,65.0,70.0,-150.0,-140.0,normal,0.0,0.02844899892807007,0.08108073472976685
score,65.0,70.0,-150.0,-140.0,normal,0.5053912848234177,0.07561029493808746,16
fp_score,65.0,70.0,-150.0,-140.0,normal,0.0575179957484534,0.05124707149266175,1210
fp_rate,65.0,70.0,-150.0,-140.0,poisson,0.17030260380014076,1210,
miss_detection,65.0,70.0,-140.0,-130.0,constant,1.0,,
fp_rate,65.0,70.0,-140.0,-130.0,poisson,0.0,0,
miss_detection,65.0,70.0,-130.0,-120.0,constant,1.0,,
fp_rate,65.0,70.0,-130.0,-120.0,poisson,0.0,0,
miss_detection,65.0,70.0,-120.0,-110.0,constant,1.0,,
fp_rate,65.0,70.0,-120.0,-110.0,poisson,0.0,0,
miss_detection,65.0,70.0,-110.0,-100.0,constant,1.0,,
fp_rate,65.0,70.0,-110.0,-100.0,poisson,0.0,0,
miss_detection,65.0,70.0,-100.0,-90.0,constant,1.0,,
fp_rate,65.0,70.0,-100.0,-90.0,poisson,0.0,0,
miss_detection,65.0,70.0,-80.0,-70.0,constant,1.0,,
fp_rate,65.0,70.0,-80.0,-70.0,poisson,0.0,0,
miss_detection,65.0,70.0,-70.0,-60.0,constant,1.0,,
fp_rate,65.0,70.0,-70.0,-60.0,poisson,0.0,0,
miss_detection,65.0,70.0,-60.0,-50.0,constant,1.0,,
fp_rate,65.0,70.0,-60.0,-50.0,poisson,0.0,0,
miss_detection,65.0,70.0,-50.0,-40.0,constant,1.0,,
fp_rate,65.0,70.0,-50.0,-40.0,poisson,0.0,0,
miss_detection,65.0,70.0,-40.0,-30.0,constant,1.0,,
fp_score,65.0,70.0,-40.0,-30.0,normal,0.06311616022799364,0.05616497620640301,1412
fp_rate,65.0,70.0,-40.0,-30.0,poisson,0.1987332864180155,1412,
miss_detection,65.0,70.0,-30.0,-20.0,constant,1.0,,
fp_score,65.0,70.0,-30.0,-20.0,normal,0.04676079561970843,0.020608037432598824,20507
fp_rate,65.0,70.0,-30.0,-20.0,poisson,2.886277269528501,20507,
miss_detection,65.0,70.0,-20.0,-10.0,constant,0.8461538461538461,,
distal,65.0,70.0,-20.0,-10.0,normal,0.0,0.43028275882632466,0.6225738403084543
perpendicular,65.0,70.0,-20.0,-10.0,normal,0.0,0.26388765144154736,0.288342689452205
height,65.0,70.0,-20.0,-10.0,normal,0.0,0.011002689599990845,0.012939244508743286
yaw,65.0,70.0,-20.0,-10.0,normal,0.0,0.03785144165158272,0.13635503128170967
width,65.0,70.0,-20.0,-10.0,normal,0.0,1.0261075496673584,1.12833571434021
length,65.0,70.0,-20.0,-10.0,normal,0.0,0.11399185657501221,0.20644962787628174
box_height,65.0,70.0,-20.0,-10.0,normal,0.0,0.02561718225479126,0.06781834363937378
score,65.0,70.0,-20.0,-10.0,normal,0.3196465075016022,0.14250671863555908,13
fp_score,65.0,70.0,-20.0,-10.0,normal,0.04993805831326438,0.04569071726261007,8915
fp_rate,65.0,70.0,-20.0,-10.0,poisson,1.254750175932442,8915,
miss_detection,65.0,70.0,-10.0,0.0,constant,1.0,,
fp_score,65.0,70.0,-10.0,0.0,normal,0.05167555539074369,0.05341155574217881,6938
fp_rate,65.0,70.0,-10.0,0.0,poisson,0.9764954257565095,6938,
miss_detection,65.0,70.0,0.0,10.0,constant,0.86,,
distal,65.0,70.0,0.0,10.0,normal,0.0,0.13003560153569746,0.17992911445000287
perpendicular,65.0,70.0,0.0,10.0,normal,0.0,0.12949098769119163,0.137981550096141
height,65.0,70.0,0.0,10.0,normal,0.0,0.14066675216354177,0.29767876863479614
yaw,65.0,70.0,0.0,10.0,normal,0.0,0.030478947615448202,0.03514336788794026
width,65.0,70.0,0.0,10.0,normal,0.0,0.13348261836826755,0.1690699713570731
length,65.0,70.0,0.0,10.0,normal,0.0,0.05076524939432447,0.1246779475893293
box_height,65.0,70.0,0.0,10.0,normal,0.0,0.2297103596535029,0.27377586705344065
score,65.0,70.0,0.0,10.0,normal,0.3205385421003614,0.10763757778348494,100
fp_score,65.0,70.0,0.0,10.0,normal,0.05684053763326747,0.07066033475041972,7903
fp_rate,65.0,70.0,0.0,10.0,poisson,1.1123152709359605,7903,
miss_detection,65.0,70.0,10.0,20.0,constant,0.9743589743589743,,
fp_score,65.0,70.0,10.0,20.0,normal,0.04943384876576386,0.047822276999303755,8301
fp_rate,65.0,70.0,10.0,20.0,poisson,1.1683321604503871,8301,
miss_detection,65.0,70.0,20.0,30.0,constant,1.0,,
fp_score,65.0,70.0,20.0,30.0,normal,0.04688739252407878,0.024165267059251164,23979
fp_rate,65.0,70.0,20.0,30.0,poisson,3.3749472202674173,23979,
miss_detection,65.0,70.0,30.0,40.0,constant,1.0,,
fp_score,65.0,70.0,30.0,40.0,normal,0.06749246771539036,0.05501101402414041,1087
fp_rate,65.0,70.0,30.0,40.0,poisson,0.152990851513019,1087,
miss_detection,65.0,70.0,40.0,50.0,constant,1.0,,
fp_rate,65.0,70.0,40.0,50.0,poisson,0.0,0,
miss_detection,65.0,70.0,50.0,60.0,constant,1.0,,
fp_rate,65.0,70.0,50.0,60.0,poisson,0.0,0,
miss_detection,65.0,70.0,60.0,70.0,constant,1.0,,
fp_rate,65.0,70.0,60.0,70.0,poisson,0.0,0,
miss_detection,65.0,70.0,70.0,80.0,constant,1.0,,
fp_rate,65.0,70.0,70.0,80.0,poisson,0.0,0,
miss_detection,65.0,70.0,100.0,110.0,constant,1.0,,
fp_rate,65.0,70.0,100.0,110.0,poisson,0.0,0,
miss_detection,65.0,70.0,110.0,120.0,constant,1.0,,
fp_rate,65.0,70.0,110.0,120.0,poisson,0.0,0,
miss_detection,65.0,70.0,120.0,130.0,constant,1.0,,
fp_rate,65.0,70.0,120.0,130.0,poisson,0.0,0,
miss_detection,65.0,70.0,130.0,140.0,constant,1.0,,
fp_rate,65.0,70.0,130.0,140.0,poisson,0.0,0,
miss_detection,65.0,70.0,140.0,150.0,constant,0.9,,
distal,65.0,70.0,140.0,150.0,normal,0.0,0.15596218222879485,0.32426364970249666
perpendicular,65.0,70.0,140.0,150.0,normal,0.0,0.06419069291401178,0.07598328724636266
height,65.0,70.0,140.0,150.0,normal,0.0,0.04675060510635376,0.17410790920257568
yaw,65.0,70.0,140.0,150.0,normal,0.0,0.016771256923675537,0.1142124215788165
width,65.0,70.0,140.0,150.0,normal,0.0,0.10569643974304199,0.13918757438659668
length,65.0,70.0,140.0,150.0,normal,0.0,0.12260764837265015,0.13751918077468872
box_height,65.0,70.0,140.0,150.0,normal,0.0,0.11892783641815186,0.12409377098083496
score,65.0,70.0,140.0,150.0,normal,0.369581937789917,0.030680298805236816,20
fp_score,65.0,70.0,140.0,150.0,normal,0.06878510480316088,0.059932989599373425,822
fp_rate,65.0,70.0,140.0,150.0,poisson,0.11569317382125265,822,
miss_detection,65.0,70.0,150.0,160.0,constant,0.8235294117647058,,
distal,65.0,70.0,150.0,160.0,normal,0.0,0.09548440348267233,0.10721137378854728
perpendicular,65.0,70.0,150.0,160.0,normal,0.0,0.11990380213287359,0.13188807664126692
height,65.0,70.0,150.0,160.0,normal,0.0,0.10795032116850009,0.1059960921605428
yaw,65.0,70.0,150.0,160.0,normal,0.0,0.027427124245310592,0.040323244039978924
width,65.0,70.0,150.0,160.0,normal,0.0,0.22126368846160369,0.2300115426381429
length,65.0,70.0,150.0,160.0,normal,0.0,0.12390375547017915,0.22393502791722616
box_height,65.0,70.0,150.0,160.0,normal,0.0,0.043526091206046225,0.21914235750834146
score,65.0,70.0,150.0,160.0,normal,0.516838495930036,0.0911132147759311,34
fp_score,65.0,70.0,150.0,160.0,normal,0.05860931733176842,0.04810292636860584,3777
fp_rate,65.0,70.0,150.0,160.0,poisson,0.531597466572836,3777,
miss_detection,65.0,70.0,160.0,170.0,constant,0.6285714285714286,,
distal,65.0,70.0,160.0,170.0,normal,0.0,0.18028347194564417,0.18244584654445958
perpendicular,65.0,70.0,160.0,170.0,normal,0.0,0.1084933155963998,0.14848084528370667
height,65.0,70.0,160.0,170.0,normal,0.0,0.09151319312158876,0.12117053300906451
yaw,65.0,70.0,160.0,170.0,normal,0.0,0.09463704198239697,0.12445213624568807
width,65.0,70.0,160.0,170.0,normal,0.0,0.23539265324674916,0.30759497177906525
length,65.0,70.0,160.0,170.0,normal,0.0,0.1425666412798322,0.14873981475830078
box_height,65.0,70.0,160.0,170.0,normal,0.0,0.12080555326862848,0.15538787841796875
score,65.0,70.0,160.0,170.0,normal,0.4292114896652026,0.13014269870715875,105
fp_score,65.0,70.0,160.0,170.0,normal,0.06625011404725605,0.06329972711221112,7097
fp_rate,65.0,70.0,160.0,170.0,poisson,0.9988740323715694,7097,
miss_detection,65.0,70.0,170.0,180.0,constant,0.551219512195122,,
distal,65.0,70.0,170.0,180.0,normal,0.0,0.12901299623350446,0.18369175692733997
perpendicular,65.0,70.0,170.0,180.0,normal,0.0,0.11732859746241708,0.16172106762557725
height,65.0,70.0,170.0,180.0,normal,0.0,0.11640783645292165,0.15583685882713483
yaw,65.0,70.0,170.0,180.0,normal,0.0,0.09109087516295676,0.1300873746761056
width,65.0,70.0,170.0,180.0,normal,0.0,0.25328145077611147,0.3315110569414885
length,65.0,70.0,170.0,180.0,normal,0.0,0.09183076054529732,0.12386627300925877
box_height,65.0,70.0,170.0,180.0,normal,0.0,0.16430529988562875,0.1999102040477421
score,65.0,70.0,170.0,180.0,normal,0.3845608736104939,0.13211300478733995,205
fp_score,65.0,70.0,170.0,180.0,normal,0.0679820399924748,0.06931833061378304,6782
fp_rate,65.0,70.0,170.0,180.0,poisson,0.9545390570021112,6782,
miss_detection,70.0,75.0,-180.0,-170.0,constant,0.7755102040816326,,
distal,70.0,75.0,-180.0,-170.0,normal,0.0,0.15740039420890425,0.2678749037513612
perpendicular,70.0,75.0,-180.0,-170.0,normal,0.0,0.11304048553569482,0.1552383002771467
height,70.0,75.0,-180.0,-170.0,normal,0.0,0.09872023746774322,0.16942283059611465
yaw,70.0,75.0,-180.0,-170.0,normal,0.0,0.07899067368677498,0.11024311192291365
width,70.0,75.0,-180.0,-170.0,normal,0.0,0.32722735925755586,0.3737061240456321
length,70.0,75.0,-180.0,-170.0,normal,0.0,0.04951254501100798,0.09651964361017401
box_height,70.0,75.0,-180.0,-170.0,normal,0.0,0.09116957491745464,0.08828663464748499
score,70.0,75.0,-180.0,-170.0,normal,0.3095194340655298,0.1307825559202341,147
fp_score,70.0,75.0,-180.0,-170.0,normal,0.044038814889526774,0.026602316221411113,16949
fp_rate,70.0,75.0,-180.0,-170.0,poisson,2.385503166783955,16949,
miss_detection,70.0,75.0,-170.0,-160.0,constant,0.6633663366336634,,
distal,70.0,75.0,-170.0,-160.0,normal,0.0,0.08577086008952917,0.1255468337714833
perpendicular,70.0,75.0,-170.0,-160.0,normal,0.0,0.08137408147320904,0.2277372291061035
height,70.0,75.0,-170.0,-160.0,normal,0.0,0.07570013711020858,0.13176807235268986
yaw,70.0,75.0,-170.0,-160.0,normal,0.0,0.07138159324659799,0.148724494392381
width,70.0,75.0,-170.0,-160.0,normal,0.0,0.18114648853997978,0.17131466024062214
length,70.0,75.0,-170.0,-160.0,normal,0.0,0.07933002306930946,0.14278464457568
box_height,70.0,75.0,-170.0,-160.0,normal,0.0,0.1459191332363145,0.10092646234175738
score,70.0,75.0,-170.0,-160.0,normal,0.36729323688675375,0.06738461168268613,101
fp_score,70.0,75.0,-170.0,-160.0,normal,0.0451859271263178,0.02447093534041466,14459
fp_rate,70.0,75.0,-170.0,-160.0,poisson,2.035045742434905,14459,
miss_detection,70.0,75.0,-160.0,-150.0,constant,1.0,,
fp_score,70.0,75.0,-160.0,-150.0,normal,0.05941680277090156,0.04422456236334874,3619
fp_rate,70.0,75.0,-160.0,-150.0,poisson,0.50935960591133,3619,
miss_detection,70.0,75.0,-150.0,-140.0,constant,1.0,,
fp_score,70.0,75.0,-150.0,-140.0,normal,0.05633186949072061,0.06158959215155414,324
fp_rate,70.0,75.0,-150.0,-140.0,poisson,0.04560168895144265,324,
miss_detection,70.0,75.0,-140.0,-130.0,constant,1.0,,
fp_rate,70.0,75.0,-140.0,-130.0,poisson,0.0,0,
miss_detection,70.0,75.0,-130.0,-120.0,constant,1.0,,
fp_rate,70.0,75.0,-130.0,-120.0,poisson,0.0,0,
miss_detection,70.0,75.0,-120.0,-110.0,constant,1.0,,
fp_rate,70.0,75.0,-120.0,-110.0,poisson,0.0,0,
miss_detection,70.0,75.0,-110.0,-100.0,constant,1.0,,
fp_rate,70.0,75.0,-110.0,-100.0,poisson,0.0,0,
miss_detection,70.0,75.0,-100.0,-90.0,constant,1.0,,
fp_rate,70.0,75.0,-100.0,-90.0,poisson,0.0,0,
miss_detection,70.0,75.0,-90.0,-80.0,constant,1.0,,
fp_rate,70.0,75.0,-90.0,-80.0,poisson,0.0,0,
miss_detection,70.0,75.0,-80.0,-70.0,constant,1.0,,
fp_rate,70.0,75.0,-80.0,-70.0,poisson,0.0,0,
miss_detection,70.0,75.0,-70.0,-60.0,constant,1.0,,
fp_rate,70.0,75.0,-70.0,-60.0,poisson,0.0,0,
miss_detection,70.0,75.0,-60.0,-50.0,constant,1.0,,
fp_rate,70.0,75.0,-60.0,-50.0,poisson,0.0,0,
distal,70.0,75.0,-40.0,-30.0,normal,0.0,0.16821833850663015,0.21578201309312786
perpendicular,70.0,75.0,-40.0,-30.0,normal,0.0,0.11942034594567687,0.17124075748411344
height,70.0,75.0,-40.0,-30.0,normal,0.0,0.09391997129064608,0.15003470595066365
yaw,70.0,75.0,-40.0,-30.0,normal,0.0,0.0834567951551774,0.11961387724824146
width,70.0,75.0,-40.0,-30.0,normal,0.0,0.2953221780967544,0.32211133516751805
length,70.0,75.0,-40.0,-30.0,normal,0.0,0.09412816817400874,0.13336304517892691
box_height,70.0,75.0,-40.0,-30.0,normal,0.0,0.14622716819658327,0.14088152463619524
fp_score,70.0,75.0,-40.0,-30.0,normal,0.054500001114832254,0.03575022913595563,595
fp_rate,70.0,75.0,-40.0,-30.0,poisson,0.08374384236453201,595,
miss_detection,70.0,75.0,-30.0,-20.0,constant,1.0,,
fp_score,70.0,75.0,-30.0,-20.0,normal,0.039356705578494695,0.02423052680068801,12458
fp_rate,70.0,75.0,-30.0,-20.0,poisson,1.7534130893736806,12458,
miss_detection,70.0,75.0,-20.0,-10.0,constant,0.9230769230769231,,
fp_score,70.0,75.0,-20.0,-10.0,normal,0.045112588390376664,0.019582780693308495,34992
fp_rate,70.0,75.0,-20.0,-10.0,poisson,4.924982406755806,34992,
miss_detection,70.0,75.0,-10.0,0.0,constant,1.0,,
fp_score,70.0,75.0,-10.0,0.0,normal,0.04526626204807364,0.015392141654505554,45185
fp_rate,70.0,75.0,-10.0,0.0,poisson,6.359605911330049,45185,
miss_detection,70.0,75.0,0.0,10.0,constant,1.0,,
fp_score,70.0,75.0,0.0,10.0,normal,0.04515077837610975,0.017507096554034887,46040
fp_rate,70.0,75.0,0.0,10.0,poisson,6.479943701618579,46040,
miss_detection,70.0,75.0,10.0,20.0,constant,1.0,,
fp_score,70.0,75.0,10.0,20.0,normal,0.04558975375826696,0.020249339998328824,34798
fp_rate,70.0,75.0,10.0,20.0,poisson,4.897677691766361,34798,
miss_detection,70.0,75.0,20.0,30.0,constant,0.8333333333333334,,
distal,70.0,75.0,20.0,30.0,normal,0.0,0.14706863875006893,0.1268818380941042
perpendicular,70.0,75.0,20.0,30.0,normal,0.0,0.05745213171285255,0.09872468830653075
height,70.0,75.0,20.0,30.0,normal,0.0,0.09778035545901484,0.17040743430455527
yaw,70.0,75.0,20.0,30.0,normal,0.0,0.03319433695522765,0.04133232434590658
width,70.0,75.0,20.0,30.0,normal,0.0,0.007300031743665164,0.27006737391153973
length,70.0,75.0,20.0,30.0,normal,0.0,0.06977686608746447,0.25645577907562256
box_height,70.0,75.0,20.0,30.0,normal,0.0,0.04615319351586056,0.6038904587427775
score,70.0,75.0,20.0,30.0,normal,0.48476289709409076,0.06249205912434606,18
fp_score,70.0,75.0,20.0,30.0,normal,0.044669878582089755,0.04343469787546275,6038
fp_rate,70.0,75.0,20.0,30.0,poisson,0.8498240675580577,6038,
miss_detection,70.0,75.0,30.0,40.0,constant,1.0,,
fp_score,70.0,75.0,30.0,40.0,normal,0.041762429153765504,0.012446273666739652,5797
fp_rate,70.0,75.0,30.0,40.0,poisson,0.8159042927515834,5797,
miss_detection,70.0,75.0,40.0,50.0,constant,1.0,,
fp_rate,70.0,75.0,40.0,50.0,poisson,0.0,0,
miss_detection,70.0,75.0,50.0,60.0,constant,1.0,,
fp_rate,70.0,75.0,50.0,60.0,poisson,0.0,0,
miss_detection,70.0,75.0,70.0,80.0,constant,1.0,,
fp_rate,70.0,75.0,70.0,80.0,poisson,0.0,0,
miss_detection,70.0,75.0,80.0,90.0,constant,1.0,,
fp_rate,70.0,75.0,80.0,90.0,poisson,0.0,0,
miss_detection,70.0,75.0,100.0,110.0,constant,1.0,,
fp_rate,70.0,75.0,100.0,110.0,poisson,0.0,0,
miss_detection,70.0,75.0,110.0,120.0,constant,1.0,,
fp_rate,70.0,75.0,110.0,120.0,poisson,0.0,0,
miss_detection,70.0,75.0,120.0,130.0,constant,1.0,,
fp_rate,70.0,75.0,120.0,130.0,poisson,0.0,0,
miss_detection,70.0,75.0,130.0,140.0,constant,1.0,,
fp_rate,70.0,75.0,130.0,140.0,poisson,0.0,0,
miss_detection,70.0,75.0,140.0,150.0,constant,0.8333333333333334,,
distal,70.0,75.0,140.0,150.0,normal,0.0,0.04354880116845838,0.1856614229781701
perpendicular,70.0,75.0,140.0,150.0,normal,0.0,0.02374452435174179,0.05991043173815882
height,70.0,75.0,140.0,150.0,normal,0.0,0.02036024464739319,0.0719692309697469
yaw,70.0,75.0,140.0,150.0,normal,0.0,0.022065047371147468,0.02333119461670326
width,70.0,75.0,140.0,150.0,normal,0.0,0.1037936945069588,0.08749755223592122
length,70.0,75.0,140.0,150.0,normal,0.0,0.0328121407106935,0.07364002863566081
box_height,70.0,75.0,140.0,150.0,normal,0.0,0.04431202490893024,0.10453120867411296
score,70.0,75.0,140.0,150.0,normal,0.3803057273228963,0.07935343318893838,18
fp_score,70.0,75.0,140.0,150.0,normal,0.07460915599231678,0.06820541013460166,227
fp_rate,70.0,75.0,140.0,150.0,poisson,0.03194933145672062,227,
miss_detection,70.0,75.0,150.0,160.0,constant,0.9565217391304348,,
distal,70.0,75.0,150.0,160.0,normal,0.0,0.012189251979182664,0.16170108983340709
perpendicular,70.0,75.0,150.0,160.0,normal,0.0,0.016112786857196887,0.40570259608188397
height,70.0,75.0,150.0,160.0,normal,0.0,0.060733139514923096,0.11679279804229736
yaw,70.0,75.0,150.0,160.0,normal,0.0,0.004447822519812957,0.09082036738726096
width,70.0,75.0,150.0,160.0,normal,0.0,0.10606932640075684,0.20326447486877441
length,70.0,75.0,150.0,160.0,normal,0.0,0.06553196907043457,0.13141238689422607
box_height,70.0,75.0,150.0,160.0,normal,0.0,0.05340015888214111,0.1504967212677002
score,70.0,75.0,150.0,160.0,normal,0.16817420721054077,0.04510883986949921,46
fp_score,70.0,75.0,150.0,160.0,normal,0.05217070920112245,0.0393694186443513,4394
fp_rate,70.0,75.0,150.0,160.0,poisson,0.6184377199155524,4394,
miss_detection,70.0,75.0,160.0,170.0,constant,0.8091603053435115,,
distal,70.0,75.0,160.0,170.0,normal,0.0,0.2319976557168376,0.2706870651276676
perpendicular,70.0,75.0,160.0,170.0,normal,0.0,0.13294184161294695,0.15862375864642475
height,70.0,75.0,160.0,170.0,normal,0.0,0.09023488799753764,0.11114925384521485
yaw,70.0,75.0,160.0,170.0,normal,0.0,0.08279511884544828,0.11829307012828152
width,70.0,75.0,160.0,170.0,normal,0.0,0.24657863213114262,0.3419153594970703
length,70.0,75.0,160.0,170.0,normal,0.0,0.11812299206081531,0.14298466682434083
box_height,70.0,75.0,160.0,170.0,normal,0.0,0.10477527834098241,0.14334444999694823
score,70.0,75.0,160.0,170.0,normal,0.3477150094509125,0.11785360818364086,131
fp_score,70.0,75.0,160.0,170.0,normal,0.04428884161334221,0.024961596303601404,15764
fp_rate,70.0,75.0,160.0,170.0,poisson,2.21871921182266,15764,
miss_detection,70.0,75.0,170.0,180.0,constant,0.7943262411347518,,
distal,70.0,75.0,170.0,180.0,normal,0.0,0.15642435253865344,0.228252052011204
perpendicular,70.0,75.0,170.0,180.0,normal,0.0,0.12258156955138462,0.13726128029933501
height,70.0,75.0,170.0,180.0,normal,0.0,0.09433016098901142,0.18893996394913773
yaw,70.0,75.0,170.0,180.0,normal,0.0,0.09639196198427691,0.11843653942209517
width,70.0,75.0,170.0,180.0,normal,0.0,0.3372264477476818,0.4716180110799855
length,70.0,75.0,170.0,180.0,normal,0.0,0.11078634124841036,0.1527240070803412
box_height,70.0,75.0,170.0,180.0,normal,0.0,0.1431175004850686,0.20013950199916444
score,70.0,75.0,170.0,180.0,normal,0.2445118984785573,0.10445564605267046,141
fp_score,70.0,75.0,170.0,180.0,normal,0.04326229608710219,0.022865307531586603,20349
fp_rate,70.0,75.0,170.0,180.0,poisson,2.864039408866995,20349,
miss_detection,75.0,80.0,-180.0,-170.0,constant,1.0,,
fp_score,75.0,80.0,-180.0,-170.0,normal,0.03268267136327056,0.022843146538711275,43
fp_rate,75.0,80.0,-180.0,-170.0,poisson,0.006052076002814919,43,
miss_detection,75.0,80.0,-170.0,-160.0,constant,1.0,,
fp_score,75.0,80.0,-170.0,-160.0,normal,0.03733247936095963,0.007376224728471255,11773
fp_rate,75.0,80.0,-170.0,-160.0,poisson,1.6570021111893034,11773,
miss_detection,75.0,80.0,-160.0,-150.0,constant,1.0,,
fp_score,75.0,80.0,-160.0,-150.0,normal,0.04186812135239542,0.019007358102652375,20128
fp_rate,75.0,80.0,-160.0,-150.0,poisson,2.8329345531315973,20128,
miss_detection,75.0,80.0,-150.0,-140.0,constant,1.0,,
fp_score,75.0,80.0,-150.0,-140.0,normal,0.05108855612989929,0.032054655851954786,18
fp_rate,75.0,80.0,-150.0,-140.0,poisson,0.002533427163969036,18,
miss_detection,75.0,80.0,-140.0,-130.0,constant,1.0,,
fp_rate,75.0,80.0,-140.0,-130.0,poisson,0.0,0,
miss_detection,75.0,80.0,-130.0,-120.0,constant,1.0,,
fp_rate,75.0,80.0,-130.0,-120.0,poisson,0.0,0,
miss_detection,75.0,80.0,-120.0,-110.0,constant,1.0,,
fp_rate,75.0,80.0,-120.0,-110.0,poisson,0.0,0,
miss_detection,75.0,80.0,-110.0,-100.0,constant,1.0,,
fp_rate,75.0,80.0,-110.0,-100.0,poisson,0.0,0,
miss_detection,75.0,80.0,-100.0,-90.0,constant,1.0,,
fp_rate,75.0,80.0,-100.0,-90.0,poisson,0.0,0,
miss_detection,75.0,80.0,-70.0,-60.0,constant,1.0,,
fp_rate,75.0,80.0,-70.0,-60.0,poisson,0.0,0,
distal,75.0,80.0,-40.0,-30.0,normal,0.0,0.1336042392286366,0.1616177454399824
perpendicular,75.0,80.0,-40.0,-30.0,normal,0.0,0.11544891571877021,0.22412257590015996
height,75.0,80.0,-40.0,-30.0,normal,0.0,0.09067082629525337,0.150887131690979
yaw,75.0,80.0,-40.0,-30.0,normal,0.0,0.08261676703934437,0.14920921181670366
width,75.0,80.0,-40.0,-30.0,normal,0.0,0.24530828843816113,0.23024137814839682
length,75.0,80.0,-40.0,-30.0,normal,0.0,0.14482522365809383,0.16827932993570963
box_height,75.0,80.0,-40.0,-30.0,normal,0.0,0.1435465278843184,0.17347160975138345
fp_score,75.0,80.0,-40.0,-30.0,normal,0.05008484050631523,0.018568670935288786,11
fp_rate,75.0,80.0,-40.0,-30.0,poisson,0.0015482054890921886,11,
miss_detection,75.0,80.0,-30.0,-20.0,constant,1.0,,
fp_score,75.0,80.0,-30.0,-20.0,normal,0.04361782251234914,0.009774508293518804,38336
fp_rate,75.0,80.0,-30.0,-20.0,poisson,5.395636875439831,38336,
miss_detection,75.0,80.0,-20.0,-10.0,constant,1.0,,
fp_score,75.0,80.0,-20.0,-10.0,normal,0.04304957022038528,0.007106268920504958,13254
fp_rate,75.0,80.0,-20.0,-10.0,poisson,1.8654468684025334,13254,
miss_detection,75.0,80.0,-10.0,0.0,constant,1.0,,
fp_rate,75.0,80.0,-10.0,0.0,poisson,0.0,0,
miss_detection,75.0,80.0,0.0,10.0,constant,1.0,,
fp_rate,75.0,80.0,0.0,10.0,poisson,0.0,0,
miss_detection,75.0,80.0,10.0,20.0,constant,1.0,,
fp_score,75.0,80.0,10.0,20.0,normal,0.043050213535157304,0.006556794783530959,12507
fp_rate,75.0,80.0,10.0,20.0,poisson,1.7603096410978185,12507,
miss_detection,75.0,80.0,20.0,30.0,constant,1.0,,
fp_score,75.0,80.0,20.0,30.0,normal,0.043951002145524054,0.011520873156725956,38329
fp_rate,75.0,80.0,20.0,30.0,poisson,5.394651653764954,38329,
distal,75.0,80.0,30.0,40.0,normal,0.0,0.1336042392286366,0.1616177454399824
perpendicular,75.0,80.0,30.0,40.0,normal,0.0,0.11544891571877021,0.22412257590015996
height,75.0,80.0,30.0,40.0,normal,0.0,0.09067082629525337,0.150887131690979
yaw,75.0,80.0,30.0,40.0,normal,0.0,0.08261676703934437,0.14920921181670366
width,75.0,80.0,30.0,40.0,normal,0.0,0.24530828843816113,0.23024137814839682
length,75.0,80.0,30.0,40.0,normal,0.0,0.14482522365809383,0.16827932993570963
box_height,75.0,80.0,30.0,40.0,normal,0.0,0.1435465278843184,0.17347160975138345
fp_score,75.0,80.0,30.0,40.0,normal,0.058982057816215926,0.05387141783685344,35
fp_rate,75.0,80.0,30.0,40.0,poisson,0.0049261083743842365,35,
miss_detection,75.0,80.0,40.0,50.0,constant,1.0,,
fp_rate,75.0,80.0,40.0,50.0,poisson,0.0,0,
miss_detection,75.0,80.0,70.0,80.0,constant,1.0,,
fp_rate,75.0,80.0,70.0,80.0,poisson,0.0,0,
miss_detection,75.0,80.0,80.0,90.0,constant,1.0,,
fp_rate,75.0,80.0,80.0,90.0,poisson,0.0,0,
miss_detection,75.0,80.0,100.0,110.0,constant,1.0,,
fp_rate,75.0,80.0,100.0,110.0,poisson,0.0,0,
miss_detection,75.0,80.0,110.0,120.0,constant,1.0,,
fp_rate,75.0,80.0,110.0,120.0,poisson,0.0,0,
miss_detection,75.0,80.0,130.0,140.0,constant,1.0,,
fp_rate,75.0,80.0,130.0,140.0,poisson,0.0,0,
miss_detection,75.0,80.0,140.0,150.0,constant,1.0,,
fp_score,75.0,80.0,140.0,150.0,normal,0.08604487574969728,0.043950013097024204,12
fp_rate,75.0,80.0,140.0,150.0,poisson,0.001688951442646024,12,
miss_detection,75.0,80.0,150.0,160.0,constant,0.7391304347826086,,
distal,75.0,80.0,150.0,160.0,normal,0.0,0.1336042392286366,0.1616177454399824
perpendicular,75.0,80.0,150.0,160.0,normal,0.0,0.11544891571877021,0.22412257590015996
height,75.0,80.0,150.0,160.0,normal,0.0,0.09067082629525337,0.150887131690979
yaw,75.0,80.0,150.0,160.0,normal,0.0,0.08261676703934437,0.14920921181670366
width,75.0,80.0,150.0,160.0,normal,0.0,0.24530828843816113,0.23024137814839682
length,75.0,80.0,150.0,160.0,normal,0.0,0.14482522365809383,0.16827932993570963
box_height,75.0,80.0,150.0,160.0,normal,0.0,0.1435465278843184,0.17347160975138345
score,75.0,80.0,150.0,160.0,normal,0.2791144475340843,0.11904359914476206,23
fp_score,75.0,80.0,150.0,160.0,normal,0.04162476374784815,0.017943804185668134,20431
fp_rate,75.0,80.0,150.0,160.0,poisson,2.8755805770584097,20431,
miss_detection,75.0,80.0,160.0,170.0,constant,1.0,,
fp_score,75.0,80.0,160.0,170.0,normal,0.037659660040294224,0.007587690993318711,11513
fp_rate,75.0,80.0,160.0,170.0,poisson,1.620408163265306,11513,
miss_detection,75.0,80.0,170.0,180.0,constant,1.0,,
fp_score,75.0,80.0,170.0,180.0,normal,0.02608340626789464,0.003058022935434929,63
fp_rate,75.0,80.0,170.0,180.0,poisson,0.008866995073891626,63,
miss_detection,80.0,85.0,-180.0,-170.0,constant,1.0,,
fp_rate,80.0,85.0,-180.0,-170.0,poisson,0.0,0,
miss_detection,80.0,85.0,-170.0,-160.0,constant,1.0,,
fp_rate,80.0,85.0,-170.0,-160.0,poisson,0.0,0,
fp_score,80.0,85.0,-160.0,-150.0,normal,0.037688482347290095,0.03284713528999789,7950
fp_rate,80.0,85.0,-160.0,-150.0,poisson,1.1189303307529908,7950,
miss_detection,80.0,85.0,-150.0,-140.0,constant,1.0,,
fp_rate,80.0,85.0,-150.0,-140.0,poisson,0.0,0,
miss_detection,80.0,85.0,-130.0,-120.0,constant,1.0,,
fp_rate,80.0,85.0,-130.0,-120.0,poisson,0.0,0,
miss_detection,80.0,85.0,-120.0,-110.0,constant,1.0,,
fp_rate,80.0,85.0,-120.0,-110.0,poisson,0.0,0,
miss_detection,80.0,85.0,-110.0,-100.0,constant,1.0,,
fp_rate,80.0,85.0,-110.0,-100.0,poisson,0.0,0,
miss_detection,80.0,85.0,-100.0,-90.0,constant,1.0,,
fp_rate,80.0,85.0,-100.0,-90.0,poisson,0.0,0,
miss_detection,80.0,85.0,-30.0,-20.0,constant,1.0,,
fp_score,80.0,85.0,-30.0,-20.0,normal,0.04077097989194495,0.0049906795507691885,12503
fp_rate,80.0,85.0,-30.0,-20.0,poisson,1.7597466572836031,12503,
miss_detection,80.0,85.0,-20.0,-10.0,constant,1.0,,
fp_rate,80.0,85.0,-20.0,-10.0,poisson,0.0,0,
miss_detection,80.0,85.0,-10.0,0.0,constant,1.0,,
fp_rate,80.0,85.0,-10.0,0.0,poisson,0.0,0,
miss_detection,80.0,85.0,0.0,10.0,constant,1.0,,
fp_rate,80.0,85.0,0.0,10.0,poisson,0.0,0,
miss_detection,80.0,85.0,10.0,20.0,constant,1.0,,
fp_rate,80.0,85.0,10.0,20.0,poisson,0.0,0,
miss_detection,80.0,85.0,20.0,30.0,constant,1.0,,
fp_score,80.0,85.0,20.0,30.0,normal,0.03749819543208434,0.0058095743726214,10598
fp_rate,80.0,85.0,20.0,30.0,poisson,1.4916256157635468,10598,
miss_detection,80.0,85.0,40.0,50.0,constant,1.0,,
fp_rate,80.0,85.0,40.0,50.0,poisson,0.0,0,
miss_detection,80.0,85.0,90.0,100.0,constant,1.0,,
fp_rate,80.0,85.0,90.0,100.0,poisson,0.0,0,
miss_detection,80.0,85.0,100.0,110.0,constant,1.0,,
fp_rate,80.0,85.0,100.0,110.0,poisson,0.0,0,
miss_detection,80.0,85.0,110.0,120.0,constant,1.0,,
fp_rate,80.0,85.0,110.0,120.0,poisson,0.0,0,
miss_detection,80.0,85.0,150.0,160.0,constant,1.0,,
fp_score,80.0,85.0,150.0,160.0,normal,0.03559423560012686,0.0058188775176828,7424
fp_rate,80.0,85.0,150.0,160.0,poisson,1.0448979591836736,7424,
miss_detection,80.0,85.0,160.0,170.0,constant,1.0,,
fp_rate,80.0,85.0,160.0,170.0,poisson,0.0,0,
miss_detection,80.0,85.0,170.0,180.0,constant,1.0,,
fp_rate,80.0,85.0,170.0,180.0,poisson,0.0,0,
miss_detection,85.0,90.0,-180.0,-170.0,constant,1.0,,
fp_rate,85.0,90.0,-180.0,-170.0,poisson,0.0,0,
miss_detection,85.0,90.0,-170.0,-160.0,constant,1.0,,
fp_rate,85.0,90.0,-170.0,-160.0,poisson,0.0,0,
miss_detection,85.0,90.0,-150.0,-140.0,constant,1.0,,
fp_rate,85.0,90.0,-150.0,-140.0,poisson,0.0,0,
miss_detection,85.0,90.0,-130.0,-120.0,constant,1.0,,
fp_rate,85.0,90.0,-130.0,-120.0,poisson,0.0,0,
miss_detection,85.0,90.0,-110.0,-100.0,constant,1.0,,
fp_rate,85.0,90.0,-110.0,-100.0,poisson,0.0,0,
miss_detection,85.0,90.0,-100.0,-90.0,constant,1.0,,
fp_rate,85.0,90.0,-100.0,-90.0,poisson,0.0,0,
miss_detection,85.0,90.0,-90.0,-80.0,constant,1.0,,
fp_rate,85.0,90.0,-90.0,-80.0,poisson,0.0,0,
miss_detection,85.0,90.0,-80.0,-70.0,constant,1.0,,
fp_rate,85.0,90.0,-80.0,-70.0,poisson,0.0,0,
miss_detection,85.0,90.0,-30.0,-20.0,constant,1.0,,
fp_rate,85.0,90.0,-30.0,-20.0,poisson,0.0,0,
miss_detection,85.0,90.0,-20.0,-10.0,constant,1.0,,
fp_rate,85.0,90.0,-20.0,-10.0,poisson,0.0,0,
miss_detection,85.0,90.0,-10.0,0.0,constant,1.0,,
fp_rate,85.0,90.0,-10.0,0.0,poisson,0.0,0,
miss_detection,85.0,90.0,0.0,10.0,constant,1.0,,
fp_rate,85.0,90.0,0.0,10.0,poisson,0.0,0,
miss_detection,85.0,90.0,10.0,20.0,constant,1.0,,
fp_rate,85.0,90.0,10.0,20.0,poisson,0.0,0,
miss_detection,85.0,90.0,20.0,30.0,constant,1.0,,
fp_rate,85.0,90.0,20.0,30.0,poisson,0.0,0,
miss_detection,85.0,90.0,30.0,40.0,constant,1.0,,
fp_rate,85.0,90.0,30.0,40.0,poisson,0.0,0,
miss_detection,85.0,90.0,40.0,50.0,constant,1.0,,
fp_rate,85.0,90.0,40.0,50.0,poisson,0.0,0,
miss_detection,85.0,90.0,90.0,100.0,constant,1.0,,
fp_rate,85.0,90.0,90.0,100.0,poisson,0.0,0,
miss_detection,85.0,90.0,100.0,110.0,constant,1.0,,
fp_rate,85.0,90.0,100.0,110.0,poisson,0.0,0,
miss_detection,85.0,90.0,150.0,160.0,constant,1.0,,
fp_rate,85.0,90.0,150.0,160.0,poisson,0.0,0,
miss_detection,85.0,90.0,160.0,170.0,constant,1.0,,
fp_rate,85.0,90.0,160.0,170.0,poisson,0.0,0,
miss_detection,85.0,90.0,170.0,180.0,constant,1.0,,
fp_rate,85.0,90.0,170.0,180.0,poisson,0.0,0,
miss_detection,90.0,95.0,-180.0,-170.0,constant,1.0,,
fp_rate,90.0,95.0,-180.0,-170.0,poisson,0.0,0,
miss_detection,90.0,95.0,-170.0,-160.0,constant,1.0,,
fp_rate,90.0,95.0,-170.0,-160.0,poisson,0.0,0,
miss_detection,90.0,95.0,-150.0,-140.0,constant,1.0,,
fp_rate,90.0,95.0,-150.0,-140.0,poisson,0.0,0,
miss_detection,90.0,95.0,-140.0,-130.0,constant,1.0,,
fp_rate,90.0,95.0,-140.0,-130.0,poisson,0.0,0,
miss_detection,90.0,95.0,-130.0,-120.0,constant,1.0,,
fp_rate,90.0,95.0,-130.0,-120.0,poisson,0.0,0,
miss_detection,90.0,95.0,-120.0,-110.0,constant,1.0,,
fp_rate,90.0,95.0,-120.0,-110.0,poisson,0.0,0,
miss_detection,90.0,95.0,-110.0,-100.0,constant,1.0,,
fp_rate,90.0,95.0,-110.0,-100.0,poisson,0.0,0,
miss_detection,90.0,95.0,-80.0,-70.0,constant,1.0,,
fp_rate,90.0,95.0,-80.0,-70.0,poisson,0.0,0,
miss_detection,90.0,95.0,-70.0,-60.0,constant,1.0,,
fp_rate,90.0,95.0,-70.0,-60.0,poisson,0.0,0,
miss_detection,90.0,95.0,-30.0,-20.0,constant,1.0,,
fp_rate,90.0,95.0,-30.0,-20.0,poisson,0.0,0,
miss_detection,90.0,95.0,-10.0,0.0,constant,1.0,,
fp_rate,90.0,95.0,-10.0,0.0,poisson,0.0,0,
miss_detection,90.0,95.0,0.0,10.0,constant,1.0,,
fp_rate,90.0,95.0,0.0,10.0,poisson,0.0,0,
miss_detection,90.0,95.0,10.0,20.0,constant,1.0,,
fp_rate,90.0,95.0,10.0,20.0,poisson,0.0,0,
miss_detection,90.0,95.0,30.0,40.0,constant,1.0,,
fp_rate,90.0,95.0,30.0,40.0,poisson,0.0,0,
miss_detection,90.0,95.0,90.0,100.0,constant,1.0,,
fp_rate,90.0,95.0,90.0,100.0,poisson,0.0,0,
miss_detection,90.0,95.0,100.0,110.0,constant,1.0,,
fp_rate,90.0,95.0,100.0,110.0,poisson,0.0,0,
miss_detection,90.0,95.0,150.0,160.0,constant,1.0,,
fp_rate,90.0,95.0,150.0,160.0,poisson,0.0,0,
miss_detection,90.0,95.0,160.0,170.0,constant,1.0,,
fp_rate,90.0,95.0,160.0,170.0,poisson,0.0,0,
miss_detection,90.0,95.0,170.0,180.0,constant,1.0,,
fp_rate,90.0,95.0,170.0,180.0,poisson,0.0,0,
miss_detection,95.0,100.0,-180.0,-170.0,constant,1.0,,
fp_rate,95.0,100.0,-180.0,-170.0,poisson,0.0,0,
miss_detection,95.0,100.0,-170.0,-160.0,constant,1.0,,
fp_rate,95.0,100.0,-170.0,-160.0,poisson,0.0,0,
miss_detection,95.0,100.0,-160.0,-150.0,constant,1.0,,
fp_rate,95.0,100.0,-160.0,-150.0,poisson,0.0,0,
miss_detection,95.0,100.0,-150.0,-140.0,constant,1.0,,
fp_rate,95.0,100.0,-150.0,-140.0,poisson,0.0,0,
miss_detection,95.0,100.0,-140.0,-130.0,constant,1.0,,
fp_rate,95.0,100.0,-140.0,-130.0,poisson,0.0,0,
miss_detection,95.0,100.0,-120.0,-110.0,constant,1.0,,
fp_rate,95.0,100.0,-120.0,-110.0,poisson,0.0,0,
miss_detection,95.0,100.0,-110.0,-100.0,constant,1.0,,
fp_rate,95.0,100.0,-110.0,-100.0,poisson,0.0,0,
miss_detection,95.0,100.0,-70.0,-60.0,constant,1.0,,
fp_rate,95.0,100.0,-70.0,-60.0,poisson,0.0,0,
miss_detection,95.0,100.0,-30.0,-20.0,constant,1.0,,
fp_rate,95.0,100.0,-30.0,-20.0,poisson,0.0,0,
miss_detection,95.0,100.0,-10.0,0.0,constant,1.0,,
fp_rate,95.0,100.0,-10.0,0.0,poisson,0.0,0,
miss_detection,95.0,100.0,0.0,10.0,constant,1.0,,
fp_rate,95.0,100.0,0.0,10.0,poisson,0.0,0,
miss_detection,95.0,100.0,10.0,20.0,constant,1.0,,
fp_rate,95.0,100.0,10.0,20.0,poisson,0.0,0,
miss_detection,95.0,100.0,30.0,40.0,constant,1.0,,
fp_rate,95.0,100.0,30.0,40.0,poisson,0.0,0,
miss_detection,95.0,100.0,100.0,110.0,constant,1.0,,
fp_rate,95.0,100.0,100.0,110.0,poisson,0.0,0,
miss_detection,95.0,100.0,150.0,160.0,constant,1.0,,
fp_rate,95.0,100.0,150.0,160.0,poisson,0.0,0,
miss_detection,95.0,100.0,160.0,170.0,constant,1.0,,
fp_rate,95.0,100.0,160.0,170.0,poisson,0.0,0,
miss_detection,95.0,100.0,170.0,180.0,constant,1.0,,
fp_rate,95.0,100.0,170.0,180.0,poisson,0.0,0,
miss_detection,100.0,105.0,-180.0,-170.0,constant,1.0,,
fp_rate,100.0,105.0,-180.0,-170.0,poisson,0.0,0,
miss_detection,100.0,105.0,-160.0,-150.0,constant,1.0,,
fp_rate,100.0,105.0,-160.0,-150.0,poisson,0.0,0,
miss_detection,100.0,105.0,-120.0,-110.0,constant,1.0,,
fp_rate,100.0,105.0,-120.0,-110.0,poisson,0.0,0,
miss_detection,100.0,105.0,0.0,10.0,constant,1.0,,
fp_rate,100.0,105.0,0.0,10.0,poisson,0.0,0,
miss_detection,100.0,105.0,10.0,20.0,constant,1.0,,
fp_rate,100.0,105.0,10.0,20.0,poisson,0.0,0,
miss_detection,100.0,105.0,150.0,160.0,constant,1.0,,
fp_rate,100.0,105.0,150.0,160.0,poisson,0.0,0,
miss_detection,100.0,105.0,160.0,170.0,constant,1.0,,
fp_rate,100.0,105.0,160.0,170.0,poisson,0.0,0,
miss_detection,100.0,105.0,170.0,180.0,constant,1.0,,
fp_rate,100.0,105.0,170.0,180.0,poisson,0.0,0,
